<?xml version="1.0" encoding="UTF-8" standalone="no" ?>
<gpx xmlns="http://www.topografix.com/GPX/1/1" creator="CompeGPS" version="1.1" xmlns:xsi="http://www.w3.org/2001/XMLSchema-instance" xsi:schemaLocation="http://www.topografix.com/GPX/1/1 http://www.topografix.com/GPX/1/1/gpx.xsd http://www.garmin.com/xmlschemas/GpxExtensions/v3 http://www.garmin.com/xmlschemas/GpxExtensionsv3.xsd http://www.garmin.com/xmlschemas/TrackPointExtension/v1 http://www.garmin.com/xmlschemas/TrackPointExtensionv1.xsd" xmlns:gpxtpx="http://www.garmin.com/xmlschemas/TrackPointExtension/v1">
  <metadata>
    <link href="http://www.compegps.com">
      <text>CompeGPS TEAM, SL</text>
    </link>
    <time>2018-09-03T08:05:39Z</time>
    <bounds maxlat="40.629383" maxlon="0.076048" minlat="40.568673" minlon="-0.104146"/>
  </metadata>
  <trk>
    <name>CoronelPerdidoV4-2018</name>
    <userMyTwoNav></userMyTwoNav>
    <serialNumber>106F44001236</serialNumber>
    <trkseg>
      <trkpt lat="40.621842" lon="-0.099491">
        <ele>965.8</ele>
        <time>2018-09-03T07:34:07Z</time>
      </trkpt>
      <trkpt lat="40.621762" lon="-0.099814">
        <ele>969.9</ele>
        <time>2018-09-03T07:34:25Z</time>
      </trkpt>
      <trkpt lat="40.621834" lon="-0.100300">
        <ele>976.2</ele>
        <time>2018-09-03T07:34:53Z</time>
      </trkpt>
      <trkpt lat="40.621952" lon="-0.100558">
        <ele>979.4</ele>
        <time>2018-09-03T07:35:10Z</time>
      </trkpt>
      <trkpt lat="40.622017" lon="-0.100815">
        <ele>980.6</ele>
        <time>2018-09-03T07:35:24Z</time>
      </trkpt>
      <trkpt lat="40.621942" lon="-0.101078">
        <ele>981.9</ele>
        <time>2018-09-03T07:35:40Z</time>
      </trkpt>
      <trkpt lat="40.621996" lon="-0.101395">
        <ele>983.0</ele>
        <time>2018-09-03T07:35:58Z</time>
      </trkpt>
      <trkpt lat="40.622207" lon="-0.101920">
        <ele>984.8</ele>
        <time>2018-09-03T07:36:30Z</time>
      </trkpt>
      <trkpt lat="40.622255" lon="-0.102436">
        <ele>985.8</ele>
        <time>2018-09-03T07:36:59Z</time>
      </trkpt>
      <trkpt lat="40.622089" lon="-0.102763">
        <ele>986.0</ele>
        <time>2018-09-03T07:37:21Z</time>
      </trkpt>
      <trkpt lat="40.621602" lon="-0.103272">
        <ele>985.3</ele>
        <time>2018-09-03T07:38:06Z</time>
      </trkpt>
      <trkpt lat="40.621105" lon="-0.103796">
        <ele>984.1</ele>
        <time>2018-09-03T07:38:52Z</time>
      </trkpt>
      <trkpt lat="40.620715" lon="-0.104011">
        <ele>983.4</ele>
        <time>2018-09-03T07:39:22Z</time>
      </trkpt>
      <trkpt lat="40.620055" lon="-0.104071">
        <ele>982.6</ele>
        <time>2018-09-03T07:40:10Z</time>
      </trkpt>
      <trkpt lat="40.619464" lon="-0.104135">
        <ele>982.0</ele>
        <time>2018-09-03T07:40:53Z</time>
      </trkpt>
      <trkpt lat="40.618882" lon="-0.103985">
        <ele>982.7</ele>
        <time>2018-09-03T07:41:36Z</time>
      </trkpt>
      <trkpt lat="40.618763" lon="-0.103954">
        <ele>982.7</ele>
        <time>2018-09-03T07:41:45Z</time>
      </trkpt>
      <trkpt lat="40.618698" lon="-0.104146">
        <ele>980.7</ele>
        <time>2018-09-03T07:41:56Z</time>
      </trkpt>
      <trkpt lat="40.618514" lon="-0.104103">
        <ele>976.5</ele>
        <time>2018-09-03T07:42:10Z</time>
      </trkpt>
      <trkpt lat="40.618343" lon="-0.104038">
        <ele>973.7</ele>
        <time>2018-09-03T07:42:23Z</time>
      </trkpt>
      <trkpt lat="40.618203" lon="-0.103924">
        <ele>972.1</ele>
        <time>2018-09-03T07:42:35Z</time>
      </trkpt>
      <trkpt lat="40.618056" lon="-0.103719">
        <ele>971.6</ele>
        <time>2018-09-03T07:42:51Z</time>
      </trkpt>
      <trkpt lat="40.617961" lon="-0.103502">
        <ele>971.6</ele>
        <time>2018-09-03T07:43:04Z</time>
      </trkpt>
      <trkpt lat="40.617883" lon="-0.103252">
        <ele>972.7</ele>
        <time>2018-09-03T07:43:19Z</time>
      </trkpt>
      <trkpt lat="40.617781" lon="-0.103160">
        <ele>970.1</ele>
        <time>2018-09-03T07:43:28Z</time>
      </trkpt>
      <trkpt lat="40.617677" lon="-0.103063">
        <ele>968.5</ele>
        <time>2018-09-03T07:43:38Z</time>
      </trkpt>
      <trkpt lat="40.617572" lon="-0.102955">
        <ele>966.0</ele>
        <time>2018-09-03T07:43:47Z</time>
      </trkpt>
      <trkpt lat="40.617467" lon="-0.102830">
        <ele>963.0</ele>
        <time>2018-09-03T07:43:58Z</time>
      </trkpt>
      <trkpt lat="40.617402" lon="-0.102693">
        <ele>961.9</ele>
        <time>2018-09-03T07:44:07Z</time>
      </trkpt>
      <trkpt lat="40.617373" lon="-0.102525">
        <ele>960.8</ele>
        <time>2018-09-03T07:44:16Z</time>
      </trkpt>
      <trkpt lat="40.617366" lon="-0.102326">
        <ele>959.2</ele>
        <time>2018-09-03T07:44:27Z</time>
      </trkpt>
      <trkpt lat="40.617387" lon="-0.102132">
        <ele>957.6</ele>
        <time>2018-09-03T07:44:38Z</time>
      </trkpt>
      <trkpt lat="40.617436" lon="-0.101951">
        <ele>955.8</ele>
        <time>2018-09-03T07:44:49Z</time>
      </trkpt>
      <trkpt lat="40.617488" lon="-0.101768">
        <ele>953.7</ele>
        <time>2018-09-03T07:45:00Z</time>
      </trkpt>
      <trkpt lat="40.617518" lon="-0.101683">
        <ele>952.7</ele>
        <time>2018-09-03T07:45:05Z</time>
      </trkpt>
      <trkpt lat="40.617550" lon="-0.101649">
        <ele>952.7</ele>
        <time>2018-09-03T07:45:08Z</time>
      </trkpt>
      <trkpt lat="40.617528" lon="-0.101600">
        <ele>952.3</ele>
        <time>2018-09-03T07:45:11Z</time>
      </trkpt>
      <trkpt lat="40.617453" lon="-0.101641">
        <ele>950.9</ele>
        <time>2018-09-03T07:45:17Z</time>
      </trkpt>
      <trkpt lat="40.617348" lon="-0.101633">
        <ele>949.4</ele>
        <time>2018-09-03T07:45:25Z</time>
      </trkpt>
      <trkpt lat="40.617302" lon="-0.101714">
        <ele>948.8</ele>
        <time>2018-09-03T07:45:30Z</time>
      </trkpt>
      <trkpt lat="40.617262" lon="-0.101820">
        <ele>947.8</ele>
        <time>2018-09-03T07:45:37Z</time>
      </trkpt>
      <trkpt lat="40.617262" lon="-0.101820">
        <ele>947.8</ele>
        <time>2018-09-03T07:45:37Z</time>
      </trkpt>
      <trkpt lat="40.617206" lon="-0.101894">
        <ele>946.7</ele>
        <time>2018-09-03T07:45:42Z</time>
      </trkpt>
      <trkpt lat="40.617206" lon="-0.101894">
        <ele>946.7</ele>
        <time>2018-09-03T07:45:42Z</time>
      </trkpt>
      <trkpt lat="40.617156" lon="-0.101873">
        <ele>945.9</ele>
        <time>2018-09-03T07:45:46Z</time>
      </trkpt>
      <trkpt lat="40.617140" lon="-0.101854">
        <ele>945.6</ele>
        <time>2018-09-03T07:45:48Z</time>
      </trkpt>
      <trkpt lat="40.617169" lon="-0.101647">
        <ele>942.3</ele>
        <time>2018-09-03T07:46:00Z</time>
      </trkpt>
      <trkpt lat="40.617231" lon="-0.101613">
        <ele>943.3</ele>
        <time>2018-09-03T07:46:04Z</time>
      </trkpt>
      <trkpt lat="40.617247" lon="-0.101615">
        <ele>943.8</ele>
        <time>2018-09-03T07:46:06Z</time>
      </trkpt>
      <trkpt lat="40.617301" lon="-0.101524">
        <ele>943.4</ele>
        <time>2018-09-03T07:46:12Z</time>
      </trkpt>
      <trkpt lat="40.617346" lon="-0.101438">
        <ele>941.8</ele>
        <time>2018-09-03T07:46:18Z</time>
      </trkpt>
      <trkpt lat="40.617351" lon="-0.101345">
        <ele>939.4</ele>
        <time>2018-09-03T07:46:23Z</time>
      </trkpt>
      <trkpt lat="40.617323" lon="-0.101264">
        <ele>937.0</ele>
        <time>2018-09-03T07:46:28Z</time>
      </trkpt>
      <trkpt lat="40.617326" lon="-0.101173">
        <ele>935.7</ele>
        <time>2018-09-03T07:46:33Z</time>
      </trkpt>
      <trkpt lat="40.617336" lon="-0.101075">
        <ele>935.2</ele>
        <time>2018-09-03T07:46:39Z</time>
      </trkpt>
      <trkpt lat="40.617311" lon="-0.100932">
        <ele>934.4</ele>
        <time>2018-09-03T07:46:47Z</time>
      </trkpt>
      <trkpt lat="40.617248" lon="-0.100747">
        <ele>936.1</ele>
        <time>2018-09-03T07:46:58Z</time>
      </trkpt>
      <trkpt lat="40.617197" lon="-0.100635">
        <ele>934.0</ele>
        <time>2018-09-03T07:47:06Z</time>
      </trkpt>
      <trkpt lat="40.617189" lon="-0.100570">
        <ele>934.0</ele>
        <time>2018-09-03T07:47:09Z</time>
      </trkpt>
      <trkpt lat="40.617202" lon="-0.100546">
        <ele>934.6</ele>
        <time>2018-09-03T07:47:11Z</time>
      </trkpt>
      <trkpt lat="40.617228" lon="-0.100525">
        <ele>934.5</ele>
        <time>2018-09-03T07:47:13Z</time>
      </trkpt>
      <trkpt lat="40.617261" lon="-0.100484">
        <ele>934.0</ele>
        <time>2018-09-03T07:47:16Z</time>
      </trkpt>
      <trkpt lat="40.617270" lon="-0.100439">
        <ele>932.9</ele>
        <time>2018-09-03T07:47:19Z</time>
      </trkpt>
      <trkpt lat="40.617273" lon="-0.100390">
        <ele>931.9</ele>
        <time>2018-09-03T07:47:22Z</time>
      </trkpt>
      <trkpt lat="40.617309" lon="-0.100329">
        <ele>931.7</ele>
        <time>2018-09-03T07:47:26Z</time>
      </trkpt>
      <trkpt lat="40.617334" lon="-0.100247">
        <ele>930.7</ele>
        <time>2018-09-03T07:47:31Z</time>
      </trkpt>
      <trkpt lat="40.617344" lon="-0.100154">
        <ele>930.7</ele>
        <time>2018-09-03T07:47:36Z</time>
      </trkpt>
      <trkpt lat="40.617333" lon="-0.100016">
        <ele>930.4</ele>
        <time>2018-09-03T07:47:44Z</time>
      </trkpt>
      <trkpt lat="40.617317" lon="-0.099857">
        <ele>930.2</ele>
        <time>2018-09-03T07:47:52Z</time>
      </trkpt>
      <trkpt lat="40.617308" lon="-0.099670">
        <ele>928.5</ele>
        <time>2018-09-03T07:48:03Z</time>
      </trkpt>
      <trkpt lat="40.617313" lon="-0.099463">
        <ele>927.3</ele>
        <time>2018-09-03T07:48:14Z</time>
      </trkpt>
      <trkpt lat="40.617307" lon="-0.099344">
        <ele>926.0</ele>
        <time>2018-09-03T07:48:21Z</time>
      </trkpt>
      <trkpt lat="40.617304" lon="-0.099265">
        <ele>925.3</ele>
        <time>2018-09-03T07:48:25Z</time>
      </trkpt>
      <trkpt lat="40.617303" lon="-0.099204">
        <ele>924.9</ele>
        <time>2018-09-03T07:48:29Z</time>
      </trkpt>
      <trkpt lat="40.617278" lon="-0.099166">
        <ele>924.0</ele>
        <time>2018-09-03T07:48:31Z</time>
      </trkpt>
      <trkpt lat="40.617266" lon="-0.099170">
        <ele>923.9</ele>
        <time>2018-09-03T07:48:31Z</time>
        <sat>8</sat>
        <extensions>
          <gpxtpx:TrackPointExtension>
            <gpxtpx:hr>137</gpxtpx:hr>
          </gpxtpx:TrackPointExtension>
        </extensions>
      </trkpt>
      <trkpt lat="40.617251" lon="-0.099158">
        <ele>923.9</ele>
        <time>2018-09-03T07:48:33Z</time>
        <sat>9</sat>
        <extensions>
          <gpxtpx:TrackPointExtension>
            <gpxtpx:hr>143</gpxtpx:hr>
          </gpxtpx:TrackPointExtension>
        </extensions>
      </trkpt>
      <trkpt lat="40.617198" lon="-0.099206">
        <ele>922.7</ele>
        <time>2018-09-03T07:48:37Z</time>
        <sat>10</sat>
        <extensions>
          <gpxtpx:TrackPointExtension>
            <gpxtpx:hr>155</gpxtpx:hr>
          </gpxtpx:TrackPointExtension>
        </extensions>
      </trkpt>
      <trkpt lat="40.617196" lon="-0.099206">
        <ele>922.5</ele>
        <time>2018-09-03T07:48:37Z</time>
        <sat>10</sat>
        <extensions>
          <gpxtpx:TrackPointExtension>
            <gpxtpx:hr>155</gpxtpx:hr>
          </gpxtpx:TrackPointExtension>
        </extensions>
      </trkpt>
      <trkpt lat="40.617141" lon="-0.099289">
        <ele>920.2</ele>
        <time>2018-09-03T07:48:44Z</time>
        <sat>10</sat>
        <extensions>
          <gpxtpx:TrackPointExtension>
            <gpxtpx:hr>155</gpxtpx:hr>
          </gpxtpx:TrackPointExtension>
        </extensions>
      </trkpt>
      <trkpt lat="40.617089" lon="-0.099544">
        <ele>918.0</ele>
        <time>2018-09-03T07:48:58Z</time>
        <sat>10</sat>
        <extensions>
          <gpxtpx:TrackPointExtension>
            <gpxtpx:hr>156</gpxtpx:hr>
          </gpxtpx:TrackPointExtension>
        </extensions>
      </trkpt>
      <trkpt lat="40.616995" lon="-0.099886">
        <ele>912.9</ele>
        <time>2018-09-03T07:49:18Z</time>
        <sat>9</sat>
        <extensions>
          <gpxtpx:TrackPointExtension>
            <gpxtpx:hr>154</gpxtpx:hr>
          </gpxtpx:TrackPointExtension>
        </extensions>
      </trkpt>
      <trkpt lat="40.616966" lon="-0.099987">
        <ele>912.2</ele>
        <time>2018-09-03T07:49:24Z</time>
        <sat>10</sat>
        <extensions>
          <gpxtpx:TrackPointExtension>
            <gpxtpx:hr>133</gpxtpx:hr>
          </gpxtpx:TrackPointExtension>
        </extensions>
      </trkpt>
      <trkpt lat="40.616952" lon="-0.100044">
        <ele>912.2</ele>
        <time>2018-09-03T07:49:28Z</time>
      </trkpt>
      <trkpt lat="40.616949" lon="-0.100051">
        <ele>912.2</ele>
        <time>2018-09-03T07:49:28Z</time>
        <sat>10</sat>
        <extensions>
          <gpxtpx:TrackPointExtension>
            <gpxtpx:hr>133</gpxtpx:hr>
          </gpxtpx:TrackPointExtension>
        </extensions>
      </trkpt>
      <trkpt lat="40.616949" lon="-0.100051">
        <ele>912.2</ele>
        <time>2018-09-03T07:49:28Z</time>
        <sat>10</sat>
        <extensions>
          <gpxtpx:TrackPointExtension>
            <gpxtpx:hr>133</gpxtpx:hr>
          </gpxtpx:TrackPointExtension>
        </extensions>
      </trkpt>
      <trkpt lat="40.616894" lon="-0.100133">
        <ele>909.5</ele>
        <time>2018-09-03T07:49:34Z</time>
        <sat>10</sat>
        <extensions>
          <gpxtpx:TrackPointExtension>
            <gpxtpx:hr>132</gpxtpx:hr>
          </gpxtpx:TrackPointExtension>
        </extensions>
      </trkpt>
      <trkpt lat="40.616746" lon="-0.100246">
        <ele>904.8</ele>
        <time>2018-09-03T07:49:47Z</time>
        <sat>10</sat>
        <extensions>
          <gpxtpx:TrackPointExtension>
            <gpxtpx:hr>128</gpxtpx:hr>
          </gpxtpx:TrackPointExtension>
        </extensions>
      </trkpt>
      <trkpt lat="40.616577" lon="-0.100308">
        <ele>902.3</ele>
        <time>2018-09-03T07:50:00Z</time>
        <sat>10</sat>
        <extensions>
          <gpxtpx:TrackPointExtension>
            <gpxtpx:hr>128</gpxtpx:hr>
          </gpxtpx:TrackPointExtension>
        </extensions>
      </trkpt>
      <trkpt lat="40.616414" lon="-0.100277">
        <ele>900.1</ele>
        <time>2018-09-03T07:50:12Z</time>
        <sat>10</sat>
        <extensions>
          <gpxtpx:TrackPointExtension>
            <gpxtpx:hr>126</gpxtpx:hr>
          </gpxtpx:TrackPointExtension>
        </extensions>
      </trkpt>
      <trkpt lat="40.616263" lon="-0.100177">
        <ele>898.0</ele>
        <time>2018-09-03T07:50:24Z</time>
        <sat>10</sat>
        <extensions>
          <gpxtpx:TrackPointExtension>
            <gpxtpx:hr>124</gpxtpx:hr>
          </gpxtpx:TrackPointExtension>
        </extensions>
      </trkpt>
      <trkpt lat="40.616187" lon="-0.100134">
        <ele>897.0</ele>
        <time>2018-09-03T07:50:30Z</time>
        <sat>10</sat>
        <extensions>
          <gpxtpx:TrackPointExtension>
            <gpxtpx:hr>124</gpxtpx:hr>
          </gpxtpx:TrackPointExtension>
        </extensions>
      </trkpt>
      <trkpt lat="40.615746" lon="-0.099815">
        <ele>891.1</ele>
        <time>2018-09-03T07:51:07Z</time>
        <sat>10</sat>
        <extensions>
          <gpxtpx:TrackPointExtension>
            <gpxtpx:hr>124</gpxtpx:hr>
          </gpxtpx:TrackPointExtension>
        </extensions>
      </trkpt>
      <trkpt lat="40.615670" lon="-0.099769">
        <ele>890.2</ele>
        <time>2018-09-03T07:51:13Z</time>
        <sat>10</sat>
        <extensions>
          <gpxtpx:TrackPointExtension>
            <gpxtpx:hr>129</gpxtpx:hr>
          </gpxtpx:TrackPointExtension>
        </extensions>
      </trkpt>
      <trkpt lat="40.615351" lon="-0.099425">
        <ele>884.8</ele>
        <time>2018-09-03T07:51:43Z</time>
        <sat>10</sat>
        <extensions>
          <gpxtpx:TrackPointExtension>
            <gpxtpx:hr>129</gpxtpx:hr>
          </gpxtpx:TrackPointExtension>
        </extensions>
      </trkpt>
      <trkpt lat="40.615277" lon="-0.099378">
        <ele>883.3</ele>
        <time>2018-09-03T07:51:49Z</time>
        <sat>10</sat>
        <extensions>
          <gpxtpx:TrackPointExtension>
            <gpxtpx:hr>131</gpxtpx:hr>
          </gpxtpx:TrackPointExtension>
        </extensions>
      </trkpt>
      <trkpt lat="40.615217" lon="-0.099293">
        <ele>881.6</ele>
        <time>2018-09-03T07:51:55Z</time>
        <sat>10</sat>
        <extensions>
          <gpxtpx:TrackPointExtension>
            <gpxtpx:hr>134</gpxtpx:hr>
          </gpxtpx:TrackPointExtension>
        </extensions>
      </trkpt>
      <trkpt lat="40.615028" lon="-0.099100">
        <ele>877.2</ele>
        <time>2018-09-03T07:52:13Z</time>
      </trkpt>
      <trkpt lat="40.614947" lon="-0.099016">
        <ele>876.1</ele>
        <time>2018-09-03T07:52:21Z</time>
        <sat>9</sat>
        <extensions>
          <gpxtpx:TrackPointExtension>
            <gpxtpx:hr>142</gpxtpx:hr>
          </gpxtpx:TrackPointExtension>
        </extensions>
      </trkpt>
      <trkpt lat="40.614947" lon="-0.099016">
        <ele>876.1</ele>
        <time>2018-09-03T07:52:21Z</time>
        <sat>9</sat>
        <extensions>
          <gpxtpx:TrackPointExtension>
            <gpxtpx:hr>142</gpxtpx:hr>
          </gpxtpx:TrackPointExtension>
        </extensions>
      </trkpt>
      <trkpt lat="40.614907" lon="-0.098914">
        <ele>875.4</ele>
        <time>2018-09-03T07:52:27Z</time>
        <sat>9</sat>
        <extensions>
          <gpxtpx:TrackPointExtension>
            <gpxtpx:hr>141</gpxtpx:hr>
          </gpxtpx:TrackPointExtension>
        </extensions>
      </trkpt>
      <trkpt lat="40.614766" lon="-0.098803">
        <ele>872.3</ele>
        <time>2018-09-03T07:52:39Z</time>
        <sat>9</sat>
        <extensions>
          <gpxtpx:TrackPointExtension>
            <gpxtpx:hr>138</gpxtpx:hr>
          </gpxtpx:TrackPointExtension>
        </extensions>
      </trkpt>
      <trkpt lat="40.614535" lon="-0.098505">
        <ele>866.6</ele>
        <time>2018-09-03T07:53:03Z</time>
        <sat>9</sat>
        <extensions>
          <gpxtpx:TrackPointExtension>
            <gpxtpx:hr>130</gpxtpx:hr>
          </gpxtpx:TrackPointExtension>
        </extensions>
      </trkpt>
      <trkpt lat="40.614388" lon="-0.098395">
        <ele>863.7</ele>
        <time>2018-09-03T07:53:15Z</time>
        <sat>9</sat>
        <extensions>
          <gpxtpx:TrackPointExtension>
            <gpxtpx:hr>130</gpxtpx:hr>
          </gpxtpx:TrackPointExtension>
        </extensions>
      </trkpt>
      <trkpt lat="40.614389" lon="-0.098393">
        <ele>863.7</ele>
        <time>2018-09-03T07:53:15Z</time>
        <sat>9</sat>
        <extensions>
          <gpxtpx:TrackPointExtension>
            <gpxtpx:hr>130</gpxtpx:hr>
          </gpxtpx:TrackPointExtension>
        </extensions>
      </trkpt>
      <trkpt lat="40.614348" lon="-0.098356">
        <ele>862.8</ele>
        <time>2018-09-03T07:53:19Z</time>
        <sat>8</sat>
        <extensions>
          <gpxtpx:TrackPointExtension>
            <gpxtpx:hr>130</gpxtpx:hr>
          </gpxtpx:TrackPointExtension>
        </extensions>
      </trkpt>
      <trkpt lat="40.614319" lon="-0.098321">
        <ele>862.1</ele>
        <time>2018-09-03T07:53:22Z</time>
        <sat>8</sat>
        <extensions>
          <gpxtpx:TrackPointExtension>
            <gpxtpx:hr>131</gpxtpx:hr>
          </gpxtpx:TrackPointExtension>
        </extensions>
      </trkpt>
      <trkpt lat="40.614073" lon="-0.098269">
        <ele>857.8</ele>
        <time>2018-09-03T07:53:40Z</time>
        <sat>8</sat>
        <extensions>
          <gpxtpx:TrackPointExtension>
            <gpxtpx:hr>131</gpxtpx:hr>
          </gpxtpx:TrackPointExtension>
        </extensions>
      </trkpt>
      <trkpt lat="40.613933" lon="-0.098159">
        <ele>856.0</ele>
        <time>2018-09-03T07:53:52Z</time>
        <sat>9</sat>
        <extensions>
          <gpxtpx:TrackPointExtension>
            <gpxtpx:hr>131</gpxtpx:hr>
          </gpxtpx:TrackPointExtension>
        </extensions>
      </trkpt>
      <trkpt lat="40.613606" lon="-0.097819">
        <ele>849.6</ele>
        <time>2018-09-03T07:54:22Z</time>
        <sat>8</sat>
        <extensions>
          <gpxtpx:TrackPointExtension>
            <gpxtpx:hr>129</gpxtpx:hr>
          </gpxtpx:TrackPointExtension>
        </extensions>
      </trkpt>
      <trkpt lat="40.613318" lon="-0.097641">
        <ele>843.2</ele>
        <time>2018-09-03T07:54:46Z</time>
        <sat>8</sat>
        <extensions>
          <gpxtpx:TrackPointExtension>
            <gpxtpx:hr>123</gpxtpx:hr>
          </gpxtpx:TrackPointExtension>
        </extensions>
      </trkpt>
      <trkpt lat="40.613305" lon="-0.097637">
        <ele>843.1</ele>
        <time>2018-09-03T07:54:47Z</time>
        <sat>8</sat>
        <extensions>
          <gpxtpx:TrackPointExtension>
            <gpxtpx:hr>123</gpxtpx:hr>
          </gpxtpx:TrackPointExtension>
        </extensions>
      </trkpt>
      <trkpt lat="40.612704" lon="-0.097288">
        <ele>835.6</ele>
        <time>2018-09-03T07:55:34Z</time>
        <sat>9</sat>
        <extensions>
          <gpxtpx:TrackPointExtension>
            <gpxtpx:hr>127</gpxtpx:hr>
          </gpxtpx:TrackPointExtension>
        </extensions>
      </trkpt>
      <trkpt lat="40.612513" lon="-0.097143">
        <ele>832.5</ele>
        <time>2018-09-03T07:55:50Z</time>
        <sat>9</sat>
        <extensions>
          <gpxtpx:TrackPointExtension>
            <gpxtpx:hr>115</gpxtpx:hr>
          </gpxtpx:TrackPointExtension>
        </extensions>
      </trkpt>
      <trkpt lat="40.612496" lon="-0.097139">
        <ele>832.3</ele>
        <time>2018-09-03T07:55:52Z</time>
        <sat>9</sat>
        <extensions>
          <gpxtpx:TrackPointExtension>
            <gpxtpx:hr>114</gpxtpx:hr>
          </gpxtpx:TrackPointExtension>
        </extensions>
      </trkpt>
      <trkpt lat="40.612426" lon="-0.097076">
        <ele>831.4</ele>
        <time>2018-09-03T07:55:58Z</time>
        <sat>9</sat>
        <extensions>
          <gpxtpx:TrackPointExtension>
            <gpxtpx:hr>111</gpxtpx:hr>
          </gpxtpx:TrackPointExtension>
        </extensions>
      </trkpt>
      <trkpt lat="40.612191" lon="-0.096760">
        <ele>830.3</ele>
        <time>2018-09-03T07:56:22Z</time>
        <sat>10</sat>
        <extensions>
          <gpxtpx:TrackPointExtension>
            <gpxtpx:hr>118</gpxtpx:hr>
          </gpxtpx:TrackPointExtension>
        </extensions>
      </trkpt>
      <trkpt lat="40.611225" lon="-0.095978">
        <ele>826.6</ele>
        <time>2018-09-03T07:57:44Z</time>
        <sat>9</sat>
        <extensions>
          <gpxtpx:TrackPointExtension>
            <gpxtpx:hr>117</gpxtpx:hr>
          </gpxtpx:TrackPointExtension>
        </extensions>
      </trkpt>
      <trkpt lat="40.609934" lon="-0.095046">
        <ele>823.5</ele>
        <time>2018-09-03T07:59:31Z</time>
        <sat>10</sat>
        <extensions>
          <gpxtpx:TrackPointExtension>
            <gpxtpx:hr>115</gpxtpx:hr>
          </gpxtpx:TrackPointExtension>
        </extensions>
      </trkpt>
      <trkpt lat="40.609859" lon="-0.094982">
        <ele>823.6</ele>
        <time>2018-09-03T07:59:37Z</time>
        <sat>10</sat>
        <extensions>
          <gpxtpx:TrackPointExtension>
            <gpxtpx:hr>116</gpxtpx:hr>
          </gpxtpx:TrackPointExtension>
        </extensions>
      </trkpt>
      <trkpt lat="40.609410" lon="-0.094661">
        <ele>823.6</ele>
        <time>2018-09-03T08:00:14Z</time>
        <sat>10</sat>
        <extensions>
          <gpxtpx:TrackPointExtension>
            <gpxtpx:hr>127</gpxtpx:hr>
          </gpxtpx:TrackPointExtension>
        </extensions>
      </trkpt>
      <trkpt lat="40.609009" lon="-0.094375">
        <ele>823.0</ele>
        <time>2018-09-03T08:00:47Z</time>
        <sat>10</sat>
        <extensions>
          <gpxtpx:TrackPointExtension>
            <gpxtpx:hr>129</gpxtpx:hr>
          </gpxtpx:TrackPointExtension>
        </extensions>
      </trkpt>
      <trkpt lat="40.608919" lon="-0.094305">
        <ele>822.8</ele>
        <time>2018-09-03T08:00:55Z</time>
        <sat>10</sat>
        <extensions>
          <gpxtpx:TrackPointExtension>
            <gpxtpx:hr>132</gpxtpx:hr>
          </gpxtpx:TrackPointExtension>
        </extensions>
      </trkpt>
      <trkpt lat="40.608645" lon="-0.094117">
        <ele>822.0</ele>
        <time>2018-09-03T08:01:17Z</time>
        <sat>8</sat>
        <extensions>
          <gpxtpx:TrackPointExtension>
            <gpxtpx:hr>130</gpxtpx:hr>
          </gpxtpx:TrackPointExtension>
        </extensions>
      </trkpt>
      <trkpt lat="40.608291" lon="-0.093834">
        <ele>820.6</ele>
        <time>2018-09-03T08:01:47Z</time>
        <sat>8</sat>
        <extensions>
          <gpxtpx:TrackPointExtension>
            <gpxtpx:hr>127</gpxtpx:hr>
          </gpxtpx:TrackPointExtension>
        </extensions>
      </trkpt>
      <trkpt lat="40.608181" lon="-0.093705">
        <ele>819.9</ele>
        <time>2018-09-03T08:01:58Z</time>
        <sat>9</sat>
        <extensions>
          <gpxtpx:TrackPointExtension>
            <gpxtpx:hr>126</gpxtpx:hr>
          </gpxtpx:TrackPointExtension>
        </extensions>
      </trkpt>
      <trkpt lat="40.607910" lon="-0.093254">
        <ele>818.6</ele>
        <time>2018-09-03T08:02:30Z</time>
        <sat>9</sat>
        <extensions>
          <gpxtpx:TrackPointExtension>
            <gpxtpx:hr>120</gpxtpx:hr>
          </gpxtpx:TrackPointExtension>
        </extensions>
      </trkpt>
      <trkpt lat="40.607850" lon="-0.093093">
        <ele>817.9</ele>
        <time>2018-09-03T08:02:39Z</time>
        <sat>8</sat>
        <extensions>
          <gpxtpx:TrackPointExtension>
            <gpxtpx:hr>115</gpxtpx:hr>
          </gpxtpx:TrackPointExtension>
        </extensions>
      </trkpt>
      <trkpt lat="40.607784" lon="-0.092864">
        <ele>817.7</ele>
        <time>2018-09-03T08:02:53Z</time>
        <sat>8</sat>
        <extensions>
          <gpxtpx:TrackPointExtension>
            <gpxtpx:hr>119</gpxtpx:hr>
          </gpxtpx:TrackPointExtension>
        </extensions>
      </trkpt>
      <trkpt lat="40.607698" lon="-0.092564">
        <ele>817.6</ele>
        <time>2018-09-03T08:03:11Z</time>
        <sat>9</sat>
        <extensions>
          <gpxtpx:TrackPointExtension>
            <gpxtpx:hr>120</gpxtpx:hr>
          </gpxtpx:TrackPointExtension>
        </extensions>
      </trkpt>
      <trkpt lat="40.607620" lon="-0.092245">
        <ele>817.3</ele>
        <time>2018-09-03T08:03:29Z</time>
        <sat>8</sat>
        <extensions>
          <gpxtpx:TrackPointExtension>
            <gpxtpx:hr>120</gpxtpx:hr>
          </gpxtpx:TrackPointExtension>
        </extensions>
      </trkpt>
      <trkpt lat="40.607600" lon="-0.092185">
        <ele>817.3</ele>
        <time>2018-09-03T08:03:33Z</time>
        <sat>8</sat>
        <extensions>
          <gpxtpx:TrackPointExtension>
            <gpxtpx:hr>120</gpxtpx:hr>
          </gpxtpx:TrackPointExtension>
        </extensions>
      </trkpt>
      <trkpt lat="40.607565" lon="-0.092059">
        <ele>817.5</ele>
        <time>2018-09-03T08:03:40Z</time>
        <sat>8</sat>
        <extensions>
          <gpxtpx:TrackPointExtension>
            <gpxtpx:hr>119</gpxtpx:hr>
          </gpxtpx:TrackPointExtension>
        </extensions>
      </trkpt>
      <trkpt lat="40.607473" lon="-0.091735">
        <ele>817.3</ele>
        <time>2018-09-03T08:03:59Z</time>
        <sat>8</sat>
        <extensions>
          <gpxtpx:TrackPointExtension>
            <gpxtpx:hr>114</gpxtpx:hr>
          </gpxtpx:TrackPointExtension>
        </extensions>
      </trkpt>
      <trkpt lat="40.607366" lon="-0.091326">
        <ele>817.2</ele>
        <time>2018-09-03T08:04:23Z</time>
        <sat>10</sat>
        <extensions>
          <gpxtpx:TrackPointExtension>
            <gpxtpx:hr>117</gpxtpx:hr>
          </gpxtpx:TrackPointExtension>
        </extensions>
      </trkpt>
      <trkpt lat="40.607284" lon="-0.091049">
        <ele>816.9</ele>
        <time>2018-09-03T08:04:39Z</time>
        <sat>10</sat>
        <extensions>
          <gpxtpx:TrackPointExtension>
            <gpxtpx:hr>115</gpxtpx:hr>
          </gpxtpx:TrackPointExtension>
        </extensions>
      </trkpt>
      <trkpt lat="40.607166" lon="-0.090604">
        <ele>817.6</ele>
        <time>2018-09-03T08:05:05Z</time>
        <sat>8</sat>
        <extensions>
          <gpxtpx:TrackPointExtension>
            <gpxtpx:hr>110</gpxtpx:hr>
          </gpxtpx:TrackPointExtension>
        </extensions>
      </trkpt>
      <trkpt lat="40.607023" lon="-0.090069">
        <ele>818.4</ele>
        <time>2018-09-03T08:05:36Z</time>
        <sat>9</sat>
        <extensions>
          <gpxtpx:TrackPointExtension>
            <gpxtpx:hr>108</gpxtpx:hr>
          </gpxtpx:TrackPointExtension>
        </extensions>
      </trkpt>
      <trkpt lat="40.606932" lon="-0.089775">
        <ele>818.9</ele>
        <time>2018-09-03T08:05:54Z</time>
        <sat>9</sat>
        <extensions>
          <gpxtpx:TrackPointExtension>
            <gpxtpx:hr>106</gpxtpx:hr>
          </gpxtpx:TrackPointExtension>
        </extensions>
      </trkpt>
      <trkpt lat="40.606821" lon="-0.089409">
        <ele>818.8</ele>
        <time>2018-09-03T08:06:15Z</time>
        <sat>9</sat>
        <extensions>
          <gpxtpx:TrackPointExtension>
            <gpxtpx:hr>107</gpxtpx:hr>
          </gpxtpx:TrackPointExtension>
        </extensions>
      </trkpt>
      <trkpt lat="40.606771" lon="-0.089271">
        <ele>818.8</ele>
        <time>2018-09-03T08:06:24Z</time>
        <sat>9</sat>
        <extensions>
          <gpxtpx:TrackPointExtension>
            <gpxtpx:hr>105</gpxtpx:hr>
          </gpxtpx:TrackPointExtension>
        </extensions>
      </trkpt>
      <trkpt lat="40.606596" lon="-0.088761">
        <ele>819.9</ele>
        <time>2018-09-03T08:06:54Z</time>
        <sat>8</sat>
        <extensions>
          <gpxtpx:TrackPointExtension>
            <gpxtpx:hr>103</gpxtpx:hr>
          </gpxtpx:TrackPointExtension>
        </extensions>
      </trkpt>
      <trkpt lat="40.606466" lon="-0.088402">
        <ele>821.0</ele>
        <time>2018-09-03T08:07:16Z</time>
        <sat>9</sat>
        <extensions>
          <gpxtpx:TrackPointExtension>
            <gpxtpx:hr>101</gpxtpx:hr>
          </gpxtpx:TrackPointExtension>
        </extensions>
      </trkpt>
      <trkpt lat="40.606357" lon="-0.088115">
        <ele>821.9</ele>
        <time>2018-09-03T08:07:34Z</time>
        <sat>8</sat>
        <extensions>
          <gpxtpx:TrackPointExtension>
            <gpxtpx:hr>99</gpxtpx:hr>
          </gpxtpx:TrackPointExtension>
        </extensions>
      </trkpt>
      <trkpt lat="40.606173" lon="-0.087606">
        <ele>823.1</ele>
        <time>2018-09-03T08:08:05Z</time>
        <sat>8</sat>
        <extensions>
          <gpxtpx:TrackPointExtension>
            <gpxtpx:hr>101</gpxtpx:hr>
          </gpxtpx:TrackPointExtension>
        </extensions>
      </trkpt>
      <trkpt lat="40.605969" lon="-0.087061">
        <ele>824.1</ele>
        <time>2018-09-03T08:08:38Z</time>
        <sat>9</sat>
        <extensions>
          <gpxtpx:TrackPointExtension>
            <gpxtpx:hr>101</gpxtpx:hr>
          </gpxtpx:TrackPointExtension>
        </extensions>
      </trkpt>
      <trkpt lat="40.605815" lon="-0.086655">
        <ele>825.0</ele>
        <time>2018-09-03T08:09:03Z</time>
        <sat>8</sat>
        <extensions>
          <gpxtpx:TrackPointExtension>
            <gpxtpx:hr>103</gpxtpx:hr>
          </gpxtpx:TrackPointExtension>
        </extensions>
      </trkpt>
      <trkpt lat="40.605786" lon="-0.086589">
        <ele>825.2</ele>
        <time>2018-09-03T08:09:07Z</time>
        <sat>8</sat>
        <extensions>
          <gpxtpx:TrackPointExtension>
            <gpxtpx:hr>100</gpxtpx:hr>
          </gpxtpx:TrackPointExtension>
        </extensions>
      </trkpt>
      <trkpt lat="40.605641" lon="-0.086176">
        <ele>826.2</ele>
        <time>2018-09-03T08:09:32Z</time>
        <sat>8</sat>
        <extensions>
          <gpxtpx:TrackPointExtension>
            <gpxtpx:hr>109</gpxtpx:hr>
          </gpxtpx:TrackPointExtension>
        </extensions>
      </trkpt>
      <trkpt lat="40.605521" lon="-0.085828">
        <ele>827.1</ele>
        <time>2018-09-03T08:09:53Z</time>
        <sat>9</sat>
        <extensions>
          <gpxtpx:TrackPointExtension>
            <gpxtpx:hr>111</gpxtpx:hr>
          </gpxtpx:TrackPointExtension>
        </extensions>
      </trkpt>
      <trkpt lat="40.605403" lon="-0.085251">
        <ele>828.9</ele>
        <time>2018-09-03T08:10:26Z</time>
        <sat>10</sat>
        <extensions>
          <gpxtpx:TrackPointExtension>
            <gpxtpx:hr>114</gpxtpx:hr>
          </gpxtpx:TrackPointExtension>
        </extensions>
      </trkpt>
      <trkpt lat="40.605398" lon="-0.084797">
        <ele>829.2</ele>
        <time>2018-09-03T08:10:51Z</time>
        <sat>10</sat>
        <extensions>
          <gpxtpx:TrackPointExtension>
            <gpxtpx:hr>115</gpxtpx:hr>
          </gpxtpx:TrackPointExtension>
        </extensions>
      </trkpt>
      <trkpt lat="40.605499" lon="-0.084397">
        <ele>830.6</ele>
        <time>2018-09-03T08:11:14Z</time>
        <sat>8</sat>
        <extensions>
          <gpxtpx:TrackPointExtension>
            <gpxtpx:hr>121</gpxtpx:hr>
          </gpxtpx:TrackPointExtension>
        </extensions>
      </trkpt>
      <trkpt lat="40.605673" lon="-0.084042">
        <ele>830.7</ele>
        <time>2018-09-03T08:11:38Z</time>
        <sat>10</sat>
        <extensions>
          <gpxtpx:TrackPointExtension>
            <gpxtpx:hr>120</gpxtpx:hr>
          </gpxtpx:TrackPointExtension>
        </extensions>
      </trkpt>
      <trkpt lat="40.605882" lon="-0.083736">
        <ele>831.3</ele>
        <time>2018-09-03T08:12:00Z</time>
        <sat>10</sat>
        <extensions>
          <gpxtpx:TrackPointExtension>
            <gpxtpx:hr>122</gpxtpx:hr>
          </gpxtpx:TrackPointExtension>
        </extensions>
      </trkpt>
      <trkpt lat="40.606095" lon="-0.083417">
        <ele>831.5</ele>
        <time>2018-09-03T08:12:24Z</time>
        <sat>10</sat>
        <extensions>
          <gpxtpx:TrackPointExtension>
            <gpxtpx:hr>120</gpxtpx:hr>
          </gpxtpx:TrackPointExtension>
        </extensions>
      </trkpt>
      <trkpt lat="40.606360" lon="-0.082938">
        <ele>831.7</ele>
        <time>2018-09-03T08:12:56Z</time>
        <sat>10</sat>
        <extensions>
          <gpxtpx:TrackPointExtension>
            <gpxtpx:hr>116</gpxtpx:hr>
          </gpxtpx:TrackPointExtension>
        </extensions>
      </trkpt>
      <trkpt lat="40.606459" lon="-0.082662">
        <ele>831.3</ele>
        <time>2018-09-03T08:13:13Z</time>
        <sat>10</sat>
        <extensions>
          <gpxtpx:TrackPointExtension>
            <gpxtpx:hr>115</gpxtpx:hr>
          </gpxtpx:TrackPointExtension>
        </extensions>
      </trkpt>
      <trkpt lat="40.606585" lon="-0.082212">
        <ele>831.1</ele>
        <time>2018-09-03T08:13:39Z</time>
        <sat>10</sat>
        <extensions>
          <gpxtpx:TrackPointExtension>
            <gpxtpx:hr>113</gpxtpx:hr>
          </gpxtpx:TrackPointExtension>
        </extensions>
      </trkpt>
      <trkpt lat="40.606622" lon="-0.082052">
        <ele>831.2</ele>
        <time>2018-09-03T08:13:49Z</time>
        <sat>10</sat>
        <extensions>
          <gpxtpx:TrackPointExtension>
            <gpxtpx:hr>110</gpxtpx:hr>
          </gpxtpx:TrackPointExtension>
        </extensions>
      </trkpt>
      <trkpt lat="40.606790" lon="-0.081391">
        <ele>832.1</ele>
        <time>2018-09-03T08:14:27Z</time>
        <sat>10</sat>
        <extensions>
          <gpxtpx:TrackPointExtension>
            <gpxtpx:hr>110</gpxtpx:hr>
          </gpxtpx:TrackPointExtension>
        </extensions>
      </trkpt>
      <trkpt lat="40.606900" lon="-0.080960">
        <ele>832.8</ele>
        <time>2018-09-03T08:14:52Z</time>
        <sat>9</sat>
        <extensions>
          <gpxtpx:TrackPointExtension>
            <gpxtpx:hr>111</gpxtpx:hr>
          </gpxtpx:TrackPointExtension>
        </extensions>
      </trkpt>
      <trkpt lat="40.606999" lon="-0.080520">
        <ele>833.4</ele>
        <time>2018-09-03T08:15:17Z</time>
        <sat>9</sat>
        <extensions>
          <gpxtpx:TrackPointExtension>
            <gpxtpx:hr>111</gpxtpx:hr>
          </gpxtpx:TrackPointExtension>
        </extensions>
      </trkpt>
      <trkpt lat="40.607114" lon="-0.080000">
        <ele>834.4</ele>
        <time>2018-09-03T08:15:47Z</time>
        <sat>10</sat>
        <extensions>
          <gpxtpx:TrackPointExtension>
            <gpxtpx:hr>113</gpxtpx:hr>
          </gpxtpx:TrackPointExtension>
        </extensions>
      </trkpt>
      <trkpt lat="40.607180" lon="-0.079665">
        <ele>835.2</ele>
        <time>2018-09-03T08:16:06Z</time>
        <sat>10</sat>
        <extensions>
          <gpxtpx:TrackPointExtension>
            <gpxtpx:hr>113</gpxtpx:hr>
          </gpxtpx:TrackPointExtension>
        </extensions>
      </trkpt>
      <trkpt lat="40.607246" lon="-0.079346">
        <ele>835.8</ele>
        <time>2018-09-03T08:16:24Z</time>
        <sat>10</sat>
        <extensions>
          <gpxtpx:TrackPointExtension>
            <gpxtpx:hr>113</gpxtpx:hr>
          </gpxtpx:TrackPointExtension>
        </extensions>
      </trkpt>
      <trkpt lat="40.607320" lon="-0.078951">
        <ele>836.1</ele>
        <time>2018-09-03T08:16:46Z</time>
        <sat>10</sat>
        <extensions>
          <gpxtpx:TrackPointExtension>
            <gpxtpx:hr>112</gpxtpx:hr>
          </gpxtpx:TrackPointExtension>
        </extensions>
      </trkpt>
      <trkpt lat="40.607351" lon="-0.078799">
        <ele>836.6</ele>
        <time>2018-09-03T08:16:55Z</time>
        <sat>10</sat>
        <extensions>
          <gpxtpx:TrackPointExtension>
            <gpxtpx:hr>111</gpxtpx:hr>
          </gpxtpx:TrackPointExtension>
        </extensions>
      </trkpt>
      <trkpt lat="40.607450" lon="-0.078159">
        <ele>837.5</ele>
        <time>2018-09-03T08:17:31Z</time>
        <sat>9</sat>
        <extensions>
          <gpxtpx:TrackPointExtension>
            <gpxtpx:hr>118</gpxtpx:hr>
          </gpxtpx:TrackPointExtension>
        </extensions>
      </trkpt>
      <trkpt lat="40.607491" lon="-0.077911">
        <ele>837.7</ele>
        <time>2018-09-03T08:17:45Z</time>
        <sat>9</sat>
        <extensions>
          <gpxtpx:TrackPointExtension>
            <gpxtpx:hr>117</gpxtpx:hr>
          </gpxtpx:TrackPointExtension>
        </extensions>
      </trkpt>
      <trkpt lat="40.607584" lon="-0.077253">
        <ele>837.9</ele>
        <time>2018-09-03T08:18:22Z</time>
        <sat>9</sat>
        <extensions>
          <gpxtpx:TrackPointExtension>
            <gpxtpx:hr>113</gpxtpx:hr>
          </gpxtpx:TrackPointExtension>
        </extensions>
      </trkpt>
      <trkpt lat="40.607638" lon="-0.076834">
        <ele>838.6</ele>
        <time>2018-09-03T08:18:45Z</time>
        <sat>9</sat>
        <extensions>
          <gpxtpx:TrackPointExtension>
            <gpxtpx:hr>118</gpxtpx:hr>
          </gpxtpx:TrackPointExtension>
        </extensions>
      </trkpt>
      <trkpt lat="40.607677" lon="-0.076497">
        <ele>838.9</ele>
        <time>2018-09-03T08:19:04Z</time>
        <sat>9</sat>
        <extensions>
          <gpxtpx:TrackPointExtension>
            <gpxtpx:hr>113</gpxtpx:hr>
          </gpxtpx:TrackPointExtension>
        </extensions>
      </trkpt>
      <trkpt lat="40.607739" lon="-0.075894">
        <ele>840.1</ele>
        <time>2018-09-03T08:19:37Z</time>
        <sat>8</sat>
        <extensions>
          <gpxtpx:TrackPointExtension>
            <gpxtpx:hr>111</gpxtpx:hr>
          </gpxtpx:TrackPointExtension>
        </extensions>
      </trkpt>
      <trkpt lat="40.607812" lon="-0.075174">
        <ele>841.6</ele>
        <time>2018-09-03T08:20:17Z</time>
        <sat>8</sat>
        <extensions>
          <gpxtpx:TrackPointExtension>
            <gpxtpx:hr>110</gpxtpx:hr>
          </gpxtpx:TrackPointExtension>
        </extensions>
      </trkpt>
      <trkpt lat="40.607862" lon="-0.074648">
        <ele>842.7</ele>
        <time>2018-09-03T08:20:46Z</time>
        <sat>8</sat>
        <extensions>
          <gpxtpx:TrackPointExtension>
            <gpxtpx:hr>117</gpxtpx:hr>
          </gpxtpx:TrackPointExtension>
        </extensions>
      </trkpt>
      <trkpt lat="40.607877" lon="-0.074309">
        <ele>842.9</ele>
        <time>2018-09-03T08:21:05Z</time>
        <sat>8</sat>
        <extensions>
          <gpxtpx:TrackPointExtension>
            <gpxtpx:hr>114</gpxtpx:hr>
          </gpxtpx:TrackPointExtension>
        </extensions>
      </trkpt>
      <trkpt lat="40.607923" lon="-0.074236">
        <ele>842.9</ele>
        <time>2018-09-03T08:21:10Z</time>
        <sat>8</sat>
        <extensions>
          <gpxtpx:TrackPointExtension>
            <gpxtpx:hr>113</gpxtpx:hr>
          </gpxtpx:TrackPointExtension>
        </extensions>
      </trkpt>
      <trkpt lat="40.607864" lon="-0.074194">
        <ele>842.9</ele>
        <time>2018-09-03T08:21:15Z</time>
        <sat>8</sat>
        <extensions>
          <gpxtpx:TrackPointExtension>
            <gpxtpx:hr>113</gpxtpx:hr>
          </gpxtpx:TrackPointExtension>
        </extensions>
      </trkpt>
      <trkpt lat="40.607853" lon="-0.073876">
        <ele>843.0</ele>
        <time>2018-09-03T08:21:32Z</time>
        <sat>8</sat>
        <extensions>
          <gpxtpx:TrackPointExtension>
            <gpxtpx:hr>116</gpxtpx:hr>
          </gpxtpx:TrackPointExtension>
        </extensions>
      </trkpt>
      <trkpt lat="40.607781" lon="-0.073363">
        <ele>844.0</ele>
        <time>2018-09-03T08:22:01Z</time>
        <sat>9</sat>
        <extensions>
          <gpxtpx:TrackPointExtension>
            <gpxtpx:hr>112</gpxtpx:hr>
          </gpxtpx:TrackPointExtension>
        </extensions>
      </trkpt>
      <trkpt lat="40.607686" lon="-0.072958">
        <ele>845.1</ele>
        <time>2018-09-03T08:22:24Z</time>
        <sat>9</sat>
        <extensions>
          <gpxtpx:TrackPointExtension>
            <gpxtpx:hr>108</gpxtpx:hr>
          </gpxtpx:TrackPointExtension>
        </extensions>
      </trkpt>
      <trkpt lat="40.607523" lon="-0.072439">
        <ele>845.9</ele>
        <time>2018-09-03T08:22:55Z</time>
        <sat>8</sat>
        <extensions>
          <gpxtpx:TrackPointExtension>
            <gpxtpx:hr>107</gpxtpx:hr>
          </gpxtpx:TrackPointExtension>
        </extensions>
      </trkpt>
      <trkpt lat="40.607351" lon="-0.071885">
        <ele>846.8</ele>
        <time>2018-09-03T08:23:28Z</time>
        <sat>9</sat>
        <extensions>
          <gpxtpx:TrackPointExtension>
            <gpxtpx:hr>106</gpxtpx:hr>
          </gpxtpx:TrackPointExtension>
        </extensions>
      </trkpt>
      <trkpt lat="40.607249" lon="-0.071521">
        <ele>847.3</ele>
        <time>2018-09-03T08:23:50Z</time>
        <sat>9</sat>
        <extensions>
          <gpxtpx:TrackPointExtension>
            <gpxtpx:hr>116</gpxtpx:hr>
          </gpxtpx:TrackPointExtension>
        </extensions>
      </trkpt>
      <trkpt lat="40.607147" lon="-0.071140">
        <ele>847.8</ele>
        <time>2018-09-03T08:24:12Z</time>
        <sat>9</sat>
        <extensions>
          <gpxtpx:TrackPointExtension>
            <gpxtpx:hr>111</gpxtpx:hr>
          </gpxtpx:TrackPointExtension>
        </extensions>
      </trkpt>
      <trkpt lat="40.607039" lon="-0.070701">
        <ele>848.1</ele>
        <time>2018-09-03T08:24:37Z</time>
        <sat>9</sat>
        <extensions>
          <gpxtpx:TrackPointExtension>
            <gpxtpx:hr>114</gpxtpx:hr>
          </gpxtpx:TrackPointExtension>
        </extensions>
      </trkpt>
      <trkpt lat="40.606965" lon="-0.070355">
        <ele>848.9</ele>
        <time>2018-09-03T08:24:57Z</time>
        <sat>9</sat>
        <extensions>
          <gpxtpx:TrackPointExtension>
            <gpxtpx:hr>115</gpxtpx:hr>
          </gpxtpx:TrackPointExtension>
        </extensions>
      </trkpt>
      <trkpt lat="40.606873" lon="-0.069903">
        <ele>849.5</ele>
        <time>2018-09-03T08:25:23Z</time>
        <sat>9</sat>
        <extensions>
          <gpxtpx:TrackPointExtension>
            <gpxtpx:hr>112</gpxtpx:hr>
          </gpxtpx:TrackPointExtension>
        </extensions>
      </trkpt>
      <trkpt lat="40.606838" lon="-0.069718">
        <ele>849.7</ele>
        <time>2018-09-03T08:25:33Z</time>
        <sat>9</sat>
        <extensions>
          <gpxtpx:TrackPointExtension>
            <gpxtpx:hr>112</gpxtpx:hr>
          </gpxtpx:TrackPointExtension>
        </extensions>
      </trkpt>
      <trkpt lat="40.606695" lon="-0.068966">
        <ele>850.7</ele>
        <time>2018-09-03T08:26:16Z</time>
        <sat>10</sat>
        <extensions>
          <gpxtpx:TrackPointExtension>
            <gpxtpx:hr>116</gpxtpx:hr>
          </gpxtpx:TrackPointExtension>
        </extensions>
      </trkpt>
      <trkpt lat="40.606615" lon="-0.068570">
        <ele>851.1</ele>
        <time>2018-09-03T08:26:38Z</time>
        <sat>10</sat>
        <extensions>
          <gpxtpx:TrackPointExtension>
            <gpxtpx:hr>124</gpxtpx:hr>
          </gpxtpx:TrackPointExtension>
        </extensions>
      </trkpt>
      <trkpt lat="40.606459" lon="-0.067889">
        <ele>851.1</ele>
        <time>2018-09-03T08:27:17Z</time>
        <sat>10</sat>
        <extensions>
          <gpxtpx:TrackPointExtension>
            <gpxtpx:hr>126</gpxtpx:hr>
          </gpxtpx:TrackPointExtension>
        </extensions>
      </trkpt>
      <trkpt lat="40.606420" lon="-0.067693">
        <ele>850.8</ele>
        <time>2018-09-03T08:27:28Z</time>
        <sat>10</sat>
        <extensions>
          <gpxtpx:TrackPointExtension>
            <gpxtpx:hr>128</gpxtpx:hr>
          </gpxtpx:TrackPointExtension>
        </extensions>
      </trkpt>
      <trkpt lat="40.606420" lon="-0.067693">
        <ele>850.8</ele>
        <time>2018-09-03T08:27:28Z</time>
        <sat>10</sat>
        <extensions>
          <gpxtpx:TrackPointExtension>
            <gpxtpx:hr>128</gpxtpx:hr>
          </gpxtpx:TrackPointExtension>
        </extensions>
      </trkpt>
      <trkpt lat="40.606417" lon="-0.067671">
        <ele>850.7</ele>
        <time>2018-09-03T08:27:30Z</time>
      </trkpt>
      <trkpt lat="40.606301" lon="-0.066945">
        <ele>847.1</ele>
        <time>2018-09-03T08:28:10Z</time>
        <sat>8</sat>
        <extensions>
          <gpxtpx:TrackPointExtension>
            <gpxtpx:hr>108</gpxtpx:hr>
          </gpxtpx:TrackPointExtension>
        </extensions>
      </trkpt>
      <trkpt lat="40.606278" lon="-0.066667">
        <ele>845.4</ele>
        <time>2018-09-03T08:28:26Z</time>
        <sat>9</sat>
        <extensions>
          <gpxtpx:TrackPointExtension>
            <gpxtpx:hr>104</gpxtpx:hr>
          </gpxtpx:TrackPointExtension>
        </extensions>
      </trkpt>
      <trkpt lat="40.606298" lon="-0.066563">
        <ele>845.2</ele>
        <time>2018-09-03T08:28:32Z</time>
        <sat>9</sat>
        <extensions>
          <gpxtpx:TrackPointExtension>
            <gpxtpx:hr>100</gpxtpx:hr>
          </gpxtpx:TrackPointExtension>
        </extensions>
      </trkpt>
      <trkpt lat="40.606468" lon="-0.066295">
        <ele>846.6</ele>
        <time>2018-09-03T08:28:51Z</time>
        <sat>10</sat>
        <extensions>
          <gpxtpx:TrackPointExtension>
            <gpxtpx:hr>97</gpxtpx:hr>
          </gpxtpx:TrackPointExtension>
        </extensions>
      </trkpt>
      <trkpt lat="40.606655" lon="-0.066073">
        <ele>847.1</ele>
        <time>2018-09-03T08:29:09Z</time>
        <sat>9</sat>
        <extensions>
          <gpxtpx:TrackPointExtension>
            <gpxtpx:hr>90</gpxtpx:hr>
          </gpxtpx:TrackPointExtension>
        </extensions>
      </trkpt>
      <trkpt lat="40.606833" lon="-0.065798">
        <ele>847.4</ele>
        <time>2018-09-03T08:29:29Z</time>
        <sat>9</sat>
        <extensions>
          <gpxtpx:TrackPointExtension>
            <gpxtpx:hr>103</gpxtpx:hr>
          </gpxtpx:TrackPointExtension>
        </extensions>
      </trkpt>
      <trkpt lat="40.606881" lon="-0.065673">
        <ele>847.0</ele>
        <time>2018-09-03T08:29:37Z</time>
        <sat>9</sat>
        <extensions>
          <gpxtpx:TrackPointExtension>
            <gpxtpx:hr>93</gpxtpx:hr>
          </gpxtpx:TrackPointExtension>
        </extensions>
      </trkpt>
      <trkpt lat="40.606995" lon="-0.065175">
        <ele>849.2</ele>
        <time>2018-09-03T08:30:05Z</time>
        <sat>8</sat>
        <extensions>
          <gpxtpx:TrackPointExtension>
            <gpxtpx:hr>99</gpxtpx:hr>
          </gpxtpx:TrackPointExtension>
        </extensions>
      </trkpt>
      <trkpt lat="40.607004" lon="-0.065098">
        <ele>849.7</ele>
        <time>2018-09-03T08:30:10Z</time>
        <sat>8</sat>
        <extensions>
          <gpxtpx:TrackPointExtension>
            <gpxtpx:hr>99</gpxtpx:hr>
          </gpxtpx:TrackPointExtension>
        </extensions>
      </trkpt>
      <trkpt lat="40.607000" lon="-0.065029">
        <ele>849.9</ele>
        <time>2018-09-03T08:30:14Z</time>
        <sat>8</sat>
        <extensions>
          <gpxtpx:TrackPointExtension>
            <gpxtpx:hr>99</gpxtpx:hr>
          </gpxtpx:TrackPointExtension>
        </extensions>
      </trkpt>
      <trkpt lat="40.606967" lon="-0.064902">
        <ele>850.0</ele>
        <time>2018-09-03T08:30:21Z</time>
        <sat>8</sat>
        <extensions>
          <gpxtpx:TrackPointExtension>
            <gpxtpx:hr>92</gpxtpx:hr>
          </gpxtpx:TrackPointExtension>
        </extensions>
      </trkpt>
      <trkpt lat="40.606836" lon="-0.064642">
        <ele>851.2</ele>
        <time>2018-09-03T08:30:38Z</time>
        <sat>9</sat>
        <extensions>
          <gpxtpx:TrackPointExtension>
            <gpxtpx:hr>112</gpxtpx:hr>
          </gpxtpx:TrackPointExtension>
        </extensions>
      </trkpt>
      <trkpt lat="40.606804" lon="-0.064528">
        <ele>851.8</ele>
        <time>2018-09-03T08:30:45Z</time>
        <sat>7</sat>
        <extensions>
          <gpxtpx:TrackPointExtension>
            <gpxtpx:hr>124</gpxtpx:hr>
          </gpxtpx:TrackPointExtension>
        </extensions>
      </trkpt>
      <trkpt lat="40.606792" lon="-0.064416">
        <ele>852.6</ele>
        <time>2018-09-03T08:30:51Z</time>
        <sat>7</sat>
        <extensions>
          <gpxtpx:TrackPointExtension>
            <gpxtpx:hr>124</gpxtpx:hr>
          </gpxtpx:TrackPointExtension>
        </extensions>
      </trkpt>
      <trkpt lat="40.606800" lon="-0.064316">
        <ele>853.1</ele>
        <time>2018-09-03T08:30:57Z</time>
        <sat>6</sat>
        <extensions>
          <gpxtpx:TrackPointExtension>
            <gpxtpx:hr>126</gpxtpx:hr>
          </gpxtpx:TrackPointExtension>
        </extensions>
      </trkpt>
      <trkpt lat="40.606914" lon="-0.063912">
        <ele>854.4</ele>
        <time>2018-09-03T08:31:20Z</time>
        <sat>11</sat>
        <extensions>
          <gpxtpx:TrackPointExtension>
            <gpxtpx:hr>130</gpxtpx:hr>
          </gpxtpx:TrackPointExtension>
        </extensions>
      </trkpt>
      <trkpt lat="40.606999" lon="-0.063733">
        <ele>854.5</ele>
        <time>2018-09-03T08:31:32Z</time>
        <sat>10</sat>
        <extensions>
          <gpxtpx:TrackPointExtension>
            <gpxtpx:hr>133</gpxtpx:hr>
          </gpxtpx:TrackPointExtension>
        </extensions>
      </trkpt>
      <trkpt lat="40.607107" lon="-0.063622">
        <ele>854.2</ele>
        <time>2018-09-03T08:31:42Z</time>
        <sat>10</sat>
        <extensions>
          <gpxtpx:TrackPointExtension>
            <gpxtpx:hr>135</gpxtpx:hr>
          </gpxtpx:TrackPointExtension>
        </extensions>
      </trkpt>
      <trkpt lat="40.607124" lon="-0.063611">
        <ele>854.2</ele>
        <time>2018-09-03T08:31:43Z</time>
        <sat>10</sat>
        <extensions>
          <gpxtpx:TrackPointExtension>
            <gpxtpx:hr>135</gpxtpx:hr>
          </gpxtpx:TrackPointExtension>
        </extensions>
      </trkpt>
      <trkpt lat="40.607476" lon="-0.063345">
        <ele>849.9</ele>
        <time>2018-09-03T08:32:13Z</time>
        <sat>10</sat>
        <extensions>
          <gpxtpx:TrackPointExtension>
            <gpxtpx:hr>116</gpxtpx:hr>
          </gpxtpx:TrackPointExtension>
        </extensions>
      </trkpt>
      <trkpt lat="40.607774" lon="-0.063034">
        <ele>847.5</ele>
        <time>2018-09-03T08:32:40Z</time>
        <sat>8</sat>
        <extensions>
          <gpxtpx:TrackPointExtension>
            <gpxtpx:hr>106</gpxtpx:hr>
          </gpxtpx:TrackPointExtension>
        </extensions>
      </trkpt>
      <trkpt lat="40.607870" lon="-0.062863">
        <ele>847.7</ele>
        <time>2018-09-03T08:32:52Z</time>
        <sat>10</sat>
        <extensions>
          <gpxtpx:TrackPointExtension>
            <gpxtpx:hr>104</gpxtpx:hr>
          </gpxtpx:TrackPointExtension>
        </extensions>
      </trkpt>
      <trkpt lat="40.608063" lon="-0.062287">
        <ele>848.1</ele>
        <time>2018-09-03T08:33:26Z</time>
        <sat>10</sat>
        <extensions>
          <gpxtpx:TrackPointExtension>
            <gpxtpx:hr>106</gpxtpx:hr>
          </gpxtpx:TrackPointExtension>
        </extensions>
      </trkpt>
      <trkpt lat="40.608070" lon="-0.062274">
        <ele>848.2</ele>
        <time>2018-09-03T08:33:27Z</time>
        <sat>10</sat>
        <extensions>
          <gpxtpx:TrackPointExtension>
            <gpxtpx:hr>104</gpxtpx:hr>
          </gpxtpx:TrackPointExtension>
        </extensions>
      </trkpt>
      <trkpt lat="40.608038" lon="-0.062158">
        <ele>848.7</ele>
        <time>2018-09-03T08:33:34Z</time>
        <sat>9</sat>
        <extensions>
          <gpxtpx:TrackPointExtension>
            <gpxtpx:hr>90</gpxtpx:hr>
          </gpxtpx:TrackPointExtension>
        </extensions>
      </trkpt>
      <trkpt lat="40.608046" lon="-0.062044">
        <ele>847.9</ele>
        <time>2018-09-03T08:33:40Z</time>
        <sat>10</sat>
        <extensions>
          <gpxtpx:TrackPointExtension>
            <gpxtpx:hr>85</gpxtpx:hr>
          </gpxtpx:TrackPointExtension>
        </extensions>
      </trkpt>
      <trkpt lat="40.608144" lon="-0.061686">
        <ele>850.0</ele>
        <time>2018-09-03T08:34:01Z</time>
        <sat>10</sat>
        <extensions>
          <gpxtpx:TrackPointExtension>
            <gpxtpx:hr>83</gpxtpx:hr>
          </gpxtpx:TrackPointExtension>
        </extensions>
      </trkpt>
      <trkpt lat="40.608293" lon="-0.061088">
        <ele>851.2</ele>
        <time>2018-09-03T08:34:36Z</time>
        <sat>9</sat>
        <extensions>
          <gpxtpx:TrackPointExtension>
            <gpxtpx:hr>93</gpxtpx:hr>
          </gpxtpx:TrackPointExtension>
        </extensions>
      </trkpt>
      <trkpt lat="40.608302" lon="-0.061061">
        <ele>851.2</ele>
        <time>2018-09-03T08:34:38Z</time>
        <sat>10</sat>
        <extensions>
          <gpxtpx:TrackPointExtension>
            <gpxtpx:hr>93</gpxtpx:hr>
          </gpxtpx:TrackPointExtension>
        </extensions>
      </trkpt>
      <trkpt lat="40.608351" lon="-0.060980">
        <ele>850.9</ele>
        <time>2018-09-03T08:34:43Z</time>
        <sat>10</sat>
        <extensions>
          <gpxtpx:TrackPointExtension>
            <gpxtpx:hr>110</gpxtpx:hr>
          </gpxtpx:TrackPointExtension>
        </extensions>
      </trkpt>
      <trkpt lat="40.608488" lon="-0.060607">
        <ele>854.9</ele>
        <time>2018-09-03T08:35:06Z</time>
        <sat>9</sat>
        <extensions>
          <gpxtpx:TrackPointExtension>
            <gpxtpx:hr>106</gpxtpx:hr>
          </gpxtpx:TrackPointExtension>
        </extensions>
      </trkpt>
      <trkpt lat="40.608641" lon="-0.060234">
        <ele>861.0</ele>
        <time>2018-09-03T08:35:30Z</time>
        <sat>10</sat>
        <extensions>
          <gpxtpx:TrackPointExtension>
            <gpxtpx:hr>107</gpxtpx:hr>
          </gpxtpx:TrackPointExtension>
        </extensions>
      </trkpt>
      <trkpt lat="40.608664" lon="-0.060139">
        <ele>861.8</ele>
        <time>2018-09-03T08:35:35Z</time>
        <sat>10</sat>
        <extensions>
          <gpxtpx:TrackPointExtension>
            <gpxtpx:hr>107</gpxtpx:hr>
          </gpxtpx:TrackPointExtension>
        </extensions>
      </trkpt>
      <trkpt lat="40.608674" lon="-0.059746">
        <ele>862.8</ele>
        <time>2018-09-03T08:35:57Z</time>
        <sat>10</sat>
        <extensions>
          <gpxtpx:TrackPointExtension>
            <gpxtpx:hr>116</gpxtpx:hr>
          </gpxtpx:TrackPointExtension>
        </extensions>
      </trkpt>
      <trkpt lat="40.608728" lon="-0.059057">
        <ele>863.4</ele>
        <time>2018-09-03T08:36:35Z</time>
        <sat>10</sat>
        <extensions>
          <gpxtpx:TrackPointExtension>
            <gpxtpx:hr>114</gpxtpx:hr>
          </gpxtpx:TrackPointExtension>
        </extensions>
      </trkpt>
      <trkpt lat="40.608774" lon="-0.058449">
        <ele>864.2</ele>
        <time>2018-09-03T08:37:09Z</time>
        <sat>10</sat>
        <extensions>
          <gpxtpx:TrackPointExtension>
            <gpxtpx:hr>110</gpxtpx:hr>
          </gpxtpx:TrackPointExtension>
        </extensions>
      </trkpt>
      <trkpt lat="40.608787" lon="-0.057782">
        <ele>864.3</ele>
        <time>2018-09-03T08:37:45Z</time>
        <sat>10</sat>
        <extensions>
          <gpxtpx:TrackPointExtension>
            <gpxtpx:hr>102</gpxtpx:hr>
          </gpxtpx:TrackPointExtension>
        </extensions>
      </trkpt>
      <trkpt lat="40.608774" lon="-0.057670">
        <ele>863.9</ele>
        <time>2018-09-03T08:37:52Z</time>
        <sat>10</sat>
        <extensions>
          <gpxtpx:TrackPointExtension>
            <gpxtpx:hr>99</gpxtpx:hr>
          </gpxtpx:TrackPointExtension>
        </extensions>
      </trkpt>
      <trkpt lat="40.608796" lon="-0.057500">
        <ele>864.4</ele>
        <time>2018-09-03T08:38:01Z</time>
        <sat>10</sat>
        <extensions>
          <gpxtpx:TrackPointExtension>
            <gpxtpx:hr>108</gpxtpx:hr>
          </gpxtpx:TrackPointExtension>
        </extensions>
      </trkpt>
      <trkpt lat="40.608765" lon="-0.057423">
        <ele>865.3</ele>
        <time>2018-09-03T08:38:06Z</time>
        <sat>10</sat>
        <extensions>
          <gpxtpx:TrackPointExtension>
            <gpxtpx:hr>107</gpxtpx:hr>
          </gpxtpx:TrackPointExtension>
        </extensions>
      </trkpt>
      <trkpt lat="40.608810" lon="-0.057000">
        <ele>866.1</ele>
        <time>2018-09-03T08:38:29Z</time>
        <sat>10</sat>
        <extensions>
          <gpxtpx:TrackPointExtension>
            <gpxtpx:hr>101</gpxtpx:hr>
          </gpxtpx:TrackPointExtension>
        </extensions>
      </trkpt>
      <trkpt lat="40.608915" lon="-0.056346">
        <ele>867.0</ele>
        <time>2018-09-03T08:39:06Z</time>
        <sat>9</sat>
        <extensions>
          <gpxtpx:TrackPointExtension>
            <gpxtpx:hr>105</gpxtpx:hr>
          </gpxtpx:TrackPointExtension>
        </extensions>
      </trkpt>
      <trkpt lat="40.608866" lon="-0.055840">
        <ele>867.2</ele>
        <time>2018-09-03T08:39:34Z</time>
        <sat>9</sat>
        <extensions>
          <gpxtpx:TrackPointExtension>
            <gpxtpx:hr>114</gpxtpx:hr>
          </gpxtpx:TrackPointExtension>
        </extensions>
      </trkpt>
      <trkpt lat="40.608927" lon="-0.055287">
        <ele>868.3</ele>
        <time>2018-09-03T08:40:05Z</time>
        <sat>9</sat>
        <extensions>
          <gpxtpx:TrackPointExtension>
            <gpxtpx:hr>134</gpxtpx:hr>
          </gpxtpx:TrackPointExtension>
        </extensions>
      </trkpt>
      <trkpt lat="40.609052" lon="-0.055032">
        <ele>867.7</ele>
        <time>2018-09-03T08:40:22Z</time>
        <sat>9</sat>
        <extensions>
          <gpxtpx:TrackPointExtension>
            <gpxtpx:hr>130</gpxtpx:hr>
          </gpxtpx:TrackPointExtension>
        </extensions>
      </trkpt>
      <trkpt lat="40.609115" lon="-0.054818">
        <ele>867.0</ele>
        <time>2018-09-03T08:40:34Z</time>
        <sat>9</sat>
        <extensions>
          <gpxtpx:TrackPointExtension>
            <gpxtpx:hr>124</gpxtpx:hr>
          </gpxtpx:TrackPointExtension>
        </extensions>
      </trkpt>
      <trkpt lat="40.609144" lon="-0.054695">
        <ele>867.4</ele>
        <time>2018-09-03T08:40:41Z</time>
        <sat>9</sat>
        <extensions>
          <gpxtpx:TrackPointExtension>
            <gpxtpx:hr>119</gpxtpx:hr>
          </gpxtpx:TrackPointExtension>
        </extensions>
      </trkpt>
      <trkpt lat="40.609377" lon="-0.054379">
        <ele>866.4</ele>
        <time>2018-09-03T08:41:05Z</time>
        <sat>9</sat>
        <extensions>
          <gpxtpx:TrackPointExtension>
            <gpxtpx:hr>104</gpxtpx:hr>
          </gpxtpx:TrackPointExtension>
        </extensions>
      </trkpt>
      <trkpt lat="40.609377" lon="-0.054379">
        <ele>866.4</ele>
        <time>2018-09-03T08:41:05Z</time>
        <sat>9</sat>
        <extensions>
          <gpxtpx:TrackPointExtension>
            <gpxtpx:hr>104</gpxtpx:hr>
          </gpxtpx:TrackPointExtension>
        </extensions>
      </trkpt>
      <trkpt lat="40.609553" lon="-0.053891">
        <ele>868.8</ele>
        <time>2018-09-03T08:41:35Z</time>
        <sat>9</sat>
        <extensions>
          <gpxtpx:TrackPointExtension>
            <gpxtpx:hr>110</gpxtpx:hr>
          </gpxtpx:TrackPointExtension>
        </extensions>
      </trkpt>
      <trkpt lat="40.609596" lon="-0.053612">
        <ele>869.9</ele>
        <time>2018-09-03T08:41:51Z</time>
        <sat>8</sat>
        <extensions>
          <gpxtpx:TrackPointExtension>
            <gpxtpx:hr>112</gpxtpx:hr>
          </gpxtpx:TrackPointExtension>
        </extensions>
      </trkpt>
      <trkpt lat="40.609623" lon="-0.053218">
        <ele>870.2</ele>
        <time>2018-09-03T08:42:13Z</time>
        <sat>8</sat>
        <extensions>
          <gpxtpx:TrackPointExtension>
            <gpxtpx:hr>120</gpxtpx:hr>
          </gpxtpx:TrackPointExtension>
        </extensions>
      </trkpt>
      <trkpt lat="40.609589" lon="-0.052608">
        <ele>870.5</ele>
        <time>2018-09-03T08:42:46Z</time>
        <sat>8</sat>
        <extensions>
          <gpxtpx:TrackPointExtension>
            <gpxtpx:hr>123</gpxtpx:hr>
          </gpxtpx:TrackPointExtension>
        </extensions>
      </trkpt>
      <trkpt lat="40.609559" lon="-0.052515">
        <ele>871.5</ele>
        <time>2018-09-03T08:42:52Z</time>
        <sat>8</sat>
        <extensions>
          <gpxtpx:TrackPointExtension>
            <gpxtpx:hr>123</gpxtpx:hr>
          </gpxtpx:TrackPointExtension>
        </extensions>
      </trkpt>
      <trkpt lat="40.609562" lon="-0.052429">
        <ele>871.6</ele>
        <time>2018-09-03T08:42:56Z</time>
        <sat>8</sat>
        <extensions>
          <gpxtpx:TrackPointExtension>
            <gpxtpx:hr>122</gpxtpx:hr>
          </gpxtpx:TrackPointExtension>
        </extensions>
      </trkpt>
      <trkpt lat="40.609516" lon="-0.052055">
        <ele>871.3</ele>
        <time>2018-09-03T08:43:17Z</time>
        <sat>9</sat>
        <extensions>
          <gpxtpx:TrackPointExtension>
            <gpxtpx:hr>129</gpxtpx:hr>
          </gpxtpx:TrackPointExtension>
        </extensions>
      </trkpt>
      <trkpt lat="40.609256" lon="-0.051343">
        <ele>866.0</ele>
        <time>2018-09-03T08:44:01Z</time>
        <sat>9</sat>
        <extensions>
          <gpxtpx:TrackPointExtension>
            <gpxtpx:hr>133</gpxtpx:hr>
          </gpxtpx:TrackPointExtension>
        </extensions>
      </trkpt>
      <trkpt lat="40.609237" lon="-0.051233">
        <ele>865.1</ele>
        <time>2018-09-03T08:44:07Z</time>
        <sat>9</sat>
        <extensions>
          <gpxtpx:TrackPointExtension>
            <gpxtpx:hr>133</gpxtpx:hr>
          </gpxtpx:TrackPointExtension>
        </extensions>
      </trkpt>
      <trkpt lat="40.609141" lon="-0.050723">
        <ele>864.1</ele>
        <time>2018-09-03T08:44:36Z</time>
        <sat>7</sat>
        <extensions>
          <gpxtpx:TrackPointExtension>
            <gpxtpx:hr>129</gpxtpx:hr>
          </gpxtpx:TrackPointExtension>
        </extensions>
      </trkpt>
      <trkpt lat="40.609141" lon="-0.050711">
        <ele>864.1</ele>
        <time>2018-09-03T08:44:37Z</time>
        <sat>7</sat>
        <extensions>
          <gpxtpx:TrackPointExtension>
            <gpxtpx:hr>128</gpxtpx:hr>
          </gpxtpx:TrackPointExtension>
        </extensions>
      </trkpt>
      <trkpt lat="40.609168" lon="-0.050490">
        <ele>863.3</ele>
        <time>2018-09-03T08:44:49Z</time>
        <sat>8</sat>
        <extensions>
          <gpxtpx:TrackPointExtension>
            <gpxtpx:hr>106</gpxtpx:hr>
          </gpxtpx:TrackPointExtension>
        </extensions>
      </trkpt>
      <trkpt lat="40.609153" lon="-0.050383">
        <ele>863.4</ele>
        <time>2018-09-03T08:44:55Z</time>
        <sat>8</sat>
        <extensions>
          <gpxtpx:TrackPointExtension>
            <gpxtpx:hr>107</gpxtpx:hr>
          </gpxtpx:TrackPointExtension>
        </extensions>
      </trkpt>
      <trkpt lat="40.609121" lon="-0.050283">
        <ele>863.2</ele>
        <time>2018-09-03T08:45:01Z</time>
        <sat>8</sat>
        <extensions>
          <gpxtpx:TrackPointExtension>
            <gpxtpx:hr>108</gpxtpx:hr>
          </gpxtpx:TrackPointExtension>
        </extensions>
      </trkpt>
      <trkpt lat="40.609194" lon="-0.050173">
        <ele>864.9</ele>
        <time>2018-09-03T08:45:09Z</time>
        <sat>8</sat>
        <extensions>
          <gpxtpx:TrackPointExtension>
            <gpxtpx:hr>118</gpxtpx:hr>
          </gpxtpx:TrackPointExtension>
        </extensions>
      </trkpt>
      <trkpt lat="40.609194" lon="-0.050170">
        <ele>865.0</ele>
        <time>2018-09-03T08:45:09Z</time>
        <sat>8</sat>
        <extensions>
          <gpxtpx:TrackPointExtension>
            <gpxtpx:hr>119</gpxtpx:hr>
          </gpxtpx:TrackPointExtension>
        </extensions>
      </trkpt>
      <trkpt lat="40.609122" lon="-0.050098">
        <ele>866.3</ele>
        <time>2018-09-03T08:45:16Z</time>
        <sat>8</sat>
        <extensions>
          <gpxtpx:TrackPointExtension>
            <gpxtpx:hr>104</gpxtpx:hr>
          </gpxtpx:TrackPointExtension>
        </extensions>
      </trkpt>
      <trkpt lat="40.608791" lon="-0.049855">
        <ele>869.6</ele>
        <time>2018-09-03T08:45:43Z</time>
        <sat>8</sat>
        <extensions>
          <gpxtpx:TrackPointExtension>
            <gpxtpx:hr>98</gpxtpx:hr>
          </gpxtpx:TrackPointExtension>
        </extensions>
      </trkpt>
      <trkpt lat="40.608741" lon="-0.049810">
        <ele>870.3</ele>
        <time>2018-09-03T08:45:48Z</time>
        <sat>8</sat>
        <extensions>
          <gpxtpx:TrackPointExtension>
            <gpxtpx:hr>103</gpxtpx:hr>
          </gpxtpx:TrackPointExtension>
        </extensions>
      </trkpt>
      <trkpt lat="40.608463" lon="-0.049514">
        <ele>872.9</ele>
        <time>2018-09-03T08:46:14Z</time>
        <sat>8</sat>
        <extensions>
          <gpxtpx:TrackPointExtension>
            <gpxtpx:hr>98</gpxtpx:hr>
          </gpxtpx:TrackPointExtension>
        </extensions>
      </trkpt>
      <trkpt lat="40.608418" lon="-0.049457">
        <ele>873.1</ele>
        <time>2018-09-03T08:46:18Z</time>
        <sat>8</sat>
        <extensions>
          <gpxtpx:TrackPointExtension>
            <gpxtpx:hr>98</gpxtpx:hr>
          </gpxtpx:TrackPointExtension>
        </extensions>
      </trkpt>
      <trkpt lat="40.608383" lon="-0.049391">
        <ele>874.2</ele>
        <time>2018-09-03T08:46:23Z</time>
        <sat>8</sat>
        <extensions>
          <gpxtpx:TrackPointExtension>
            <gpxtpx:hr>98</gpxtpx:hr>
          </gpxtpx:TrackPointExtension>
        </extensions>
      </trkpt>
      <trkpt lat="40.608327" lon="-0.049320">
        <ele>875.3</ele>
        <time>2018-09-03T08:46:28Z</time>
        <sat>8</sat>
        <extensions>
          <gpxtpx:TrackPointExtension>
            <gpxtpx:hr>101</gpxtpx:hr>
          </gpxtpx:TrackPointExtension>
        </extensions>
      </trkpt>
      <trkpt lat="40.608178" lon="-0.049220">
        <ele>876.5</ele>
        <time>2018-09-03T08:46:40Z</time>
        <sat>8</sat>
        <extensions>
          <gpxtpx:TrackPointExtension>
            <gpxtpx:hr>104</gpxtpx:hr>
          </gpxtpx:TrackPointExtension>
        </extensions>
      </trkpt>
      <trkpt lat="40.607711" lon="-0.049058">
        <ele>877.0</ele>
        <time>2018-09-03T08:47:15Z</time>
        <sat>8</sat>
        <extensions>
          <gpxtpx:TrackPointExtension>
            <gpxtpx:hr>109</gpxtpx:hr>
          </gpxtpx:TrackPointExtension>
        </extensions>
      </trkpt>
      <trkpt lat="40.607549" lon="-0.049064">
        <ele>875.8</ele>
        <time>2018-09-03T08:47:27Z</time>
        <sat>8</sat>
        <extensions>
          <gpxtpx:TrackPointExtension>
            <gpxtpx:hr>105</gpxtpx:hr>
          </gpxtpx:TrackPointExtension>
        </extensions>
      </trkpt>
      <trkpt lat="40.607463" lon="-0.049036">
        <ele>875.7</ele>
        <time>2018-09-03T08:47:33Z</time>
        <sat>8</sat>
        <extensions>
          <gpxtpx:TrackPointExtension>
            <gpxtpx:hr>101</gpxtpx:hr>
          </gpxtpx:TrackPointExtension>
        </extensions>
      </trkpt>
      <trkpt lat="40.607089" lon="-0.048882">
        <ele>876.1</ele>
        <time>2018-09-03T08:48:02Z</time>
        <sat>8</sat>
        <extensions>
          <gpxtpx:TrackPointExtension>
            <gpxtpx:hr>109</gpxtpx:hr>
          </gpxtpx:TrackPointExtension>
        </extensions>
      </trkpt>
      <trkpt lat="40.606948" lon="-0.048776">
        <ele>877.4</ele>
        <time>2018-09-03T08:48:14Z</time>
        <sat>7</sat>
        <extensions>
          <gpxtpx:TrackPointExtension>
            <gpxtpx:hr>101</gpxtpx:hr>
          </gpxtpx:TrackPointExtension>
        </extensions>
      </trkpt>
      <trkpt lat="40.606843" lon="-0.048629">
        <ele>875.4</ele>
        <time>2018-09-03T08:48:25Z</time>
        <sat>7</sat>
        <extensions>
          <gpxtpx:TrackPointExtension>
            <gpxtpx:hr>104</gpxtpx:hr>
          </gpxtpx:TrackPointExtension>
        </extensions>
      </trkpt>
      <trkpt lat="40.606696" lon="-0.048281">
        <ele>876.0</ele>
        <time>2018-09-03T08:48:47Z</time>
        <sat>8</sat>
        <extensions>
          <gpxtpx:TrackPointExtension>
            <gpxtpx:hr>93</gpxtpx:hr>
          </gpxtpx:TrackPointExtension>
        </extensions>
      </trkpt>
      <trkpt lat="40.606585" lon="-0.048117">
        <ele>875.9</ele>
        <time>2018-09-03T08:48:59Z</time>
        <sat>8</sat>
        <extensions>
          <gpxtpx:TrackPointExtension>
            <gpxtpx:hr>99</gpxtpx:hr>
          </gpxtpx:TrackPointExtension>
        </extensions>
      </trkpt>
      <trkpt lat="40.606511" lon="-0.047941">
        <ele>880.1</ele>
        <time>2018-09-03T08:49:10Z</time>
        <sat>8</sat>
        <extensions>
          <gpxtpx:TrackPointExtension>
            <gpxtpx:hr>95</gpxtpx:hr>
          </gpxtpx:TrackPointExtension>
        </extensions>
      </trkpt>
      <trkpt lat="40.606498" lon="-0.047923">
        <ele>880.3</ele>
        <time>2018-09-03T08:49:12Z</time>
        <sat>8</sat>
        <extensions>
          <gpxtpx:TrackPointExtension>
            <gpxtpx:hr>91</gpxtpx:hr>
          </gpxtpx:TrackPointExtension>
        </extensions>
      </trkpt>
      <trkpt lat="40.606400" lon="-0.047848">
        <ele>880.4</ele>
        <time>2018-09-03T08:49:20Z</time>
        <sat>8</sat>
        <extensions>
          <gpxtpx:TrackPointExtension>
            <gpxtpx:hr>81</gpxtpx:hr>
          </gpxtpx:TrackPointExtension>
        </extensions>
      </trkpt>
      <trkpt lat="40.606400" lon="-0.047848">
        <ele>880.4</ele>
        <time>2018-09-03T08:49:20Z</time>
        <sat>8</sat>
        <extensions>
          <gpxtpx:TrackPointExtension>
            <gpxtpx:hr>81</gpxtpx:hr>
          </gpxtpx:TrackPointExtension>
        </extensions>
      </trkpt>
      <trkpt lat="40.606278" lon="-0.047751">
        <ele>881.0</ele>
        <time>2018-09-03T08:49:30Z</time>
        <sat>8</sat>
        <extensions>
          <gpxtpx:TrackPointExtension>
            <gpxtpx:hr>74</gpxtpx:hr>
          </gpxtpx:TrackPointExtension>
        </extensions>
      </trkpt>
      <trkpt lat="40.606058" lon="-0.047350">
        <ele>882.3</ele>
        <time>2018-09-03T08:49:57Z</time>
        <sat>8</sat>
        <extensions>
          <gpxtpx:TrackPointExtension>
            <gpxtpx:hr>95</gpxtpx:hr>
          </gpxtpx:TrackPointExtension>
        </extensions>
      </trkpt>
      <trkpt lat="40.606029" lon="-0.047240">
        <ele>882.0</ele>
        <time>2018-09-03T08:50:04Z</time>
        <sat>8</sat>
        <extensions>
          <gpxtpx:TrackPointExtension>
            <gpxtpx:hr>97</gpxtpx:hr>
          </gpxtpx:TrackPointExtension>
        </extensions>
      </trkpt>
      <trkpt lat="40.606028" lon="-0.047179">
        <ele>882.6</ele>
        <time>2018-09-03T08:50:07Z</time>
        <sat>8</sat>
        <extensions>
          <gpxtpx:TrackPointExtension>
            <gpxtpx:hr>98</gpxtpx:hr>
          </gpxtpx:TrackPointExtension>
        </extensions>
      </trkpt>
      <trkpt lat="40.606055" lon="-0.047083">
        <ele>883.9</ele>
        <time>2018-09-03T08:50:13Z</time>
        <sat>8</sat>
        <extensions>
          <gpxtpx:TrackPointExtension>
            <gpxtpx:hr>91</gpxtpx:hr>
          </gpxtpx:TrackPointExtension>
        </extensions>
      </trkpt>
      <trkpt lat="40.606108" lon="-0.046996">
        <ele>885.2</ele>
        <time>2018-09-03T08:50:19Z</time>
        <sat>8</sat>
        <extensions>
          <gpxtpx:TrackPointExtension>
            <gpxtpx:hr>89</gpxtpx:hr>
          </gpxtpx:TrackPointExtension>
        </extensions>
      </trkpt>
      <trkpt lat="40.606136" lon="-0.046900">
        <ele>886.8</ele>
        <time>2018-09-03T08:50:25Z</time>
        <sat>8</sat>
        <extensions>
          <gpxtpx:TrackPointExtension>
            <gpxtpx:hr>87</gpxtpx:hr>
          </gpxtpx:TrackPointExtension>
        </extensions>
      </trkpt>
      <trkpt lat="40.606131" lon="-0.046799">
        <ele>887.9</ele>
        <time>2018-09-03T08:50:30Z</time>
        <sat>8</sat>
        <extensions>
          <gpxtpx:TrackPointExtension>
            <gpxtpx:hr>91</gpxtpx:hr>
          </gpxtpx:TrackPointExtension>
        </extensions>
      </trkpt>
      <trkpt lat="40.606064" lon="-0.046614">
        <ele>889.3</ele>
        <time>2018-09-03T08:50:41Z</time>
        <sat>8</sat>
        <extensions>
          <gpxtpx:TrackPointExtension>
            <gpxtpx:hr>95</gpxtpx:hr>
          </gpxtpx:TrackPointExtension>
        </extensions>
      </trkpt>
      <trkpt lat="40.605825" lon="-0.046104">
        <ele>892.1</ele>
        <time>2018-09-03T08:51:14Z</time>
        <sat>8</sat>
        <extensions>
          <gpxtpx:TrackPointExtension>
            <gpxtpx:hr>90</gpxtpx:hr>
          </gpxtpx:TrackPointExtension>
        </extensions>
      </trkpt>
      <trkpt lat="40.605664" lon="-0.045799">
        <ele>892.1</ele>
        <time>2018-09-03T08:51:35Z</time>
        <sat>9</sat>
        <extensions>
          <gpxtpx:TrackPointExtension>
            <gpxtpx:hr>94</gpxtpx:hr>
          </gpxtpx:TrackPointExtension>
        </extensions>
      </trkpt>
      <trkpt lat="40.605596" lon="-0.045439">
        <ele>893.7</ele>
        <time>2018-09-03T08:51:55Z</time>
        <sat>9</sat>
        <extensions>
          <gpxtpx:TrackPointExtension>
            <gpxtpx:hr>93</gpxtpx:hr>
          </gpxtpx:TrackPointExtension>
        </extensions>
      </trkpt>
      <trkpt lat="40.605583" lon="-0.045411">
        <ele>893.9</ele>
        <time>2018-09-03T08:51:57Z</time>
        <sat>9</sat>
        <extensions>
          <gpxtpx:TrackPointExtension>
            <gpxtpx:hr>95</gpxtpx:hr>
          </gpxtpx:TrackPointExtension>
        </extensions>
      </trkpt>
      <trkpt lat="40.605584" lon="-0.045292">
        <ele>894.5</ele>
        <time>2018-09-03T08:52:04Z</time>
        <sat>9</sat>
        <extensions>
          <gpxtpx:TrackPointExtension>
            <gpxtpx:hr>85</gpxtpx:hr>
          </gpxtpx:TrackPointExtension>
        </extensions>
      </trkpt>
      <trkpt lat="40.605705" lon="-0.045109">
        <ele>895.6</ele>
        <time>2018-09-03T08:52:17Z</time>
        <sat>9</sat>
        <extensions>
          <gpxtpx:TrackPointExtension>
            <gpxtpx:hr>85</gpxtpx:hr>
          </gpxtpx:TrackPointExtension>
        </extensions>
      </trkpt>
      <trkpt lat="40.605815" lon="-0.044843">
        <ele>896.9</ele>
        <time>2018-09-03T08:52:34Z</time>
        <sat>9</sat>
        <extensions>
          <gpxtpx:TrackPointExtension>
            <gpxtpx:hr>96</gpxtpx:hr>
          </gpxtpx:TrackPointExtension>
        </extensions>
      </trkpt>
      <trkpt lat="40.605984" lon="-0.044362">
        <ele>899.1</ele>
        <time>2018-09-03T08:53:03Z</time>
        <sat>9</sat>
        <extensions>
          <gpxtpx:TrackPointExtension>
            <gpxtpx:hr>88</gpxtpx:hr>
          </gpxtpx:TrackPointExtension>
        </extensions>
      </trkpt>
      <trkpt lat="40.606200" lon="-0.043770">
        <ele>902.8</ele>
        <time>2018-09-03T08:53:39Z</time>
        <sat>5</sat>
        <extensions>
          <gpxtpx:TrackPointExtension>
            <gpxtpx:hr>103</gpxtpx:hr>
          </gpxtpx:TrackPointExtension>
        </extensions>
      </trkpt>
      <trkpt lat="40.606281" lon="-0.043510">
        <ele>904.8</ele>
        <time>2018-09-03T08:53:54Z</time>
        <sat>5</sat>
        <extensions>
          <gpxtpx:TrackPointExtension>
            <gpxtpx:hr>91</gpxtpx:hr>
          </gpxtpx:TrackPointExtension>
        </extensions>
      </trkpt>
      <trkpt lat="40.606256" lon="-0.043424">
        <ele>905.8</ele>
        <time>2018-09-03T08:54:00Z</time>
        <sat>5</sat>
        <extensions>
          <gpxtpx:TrackPointExtension>
            <gpxtpx:hr>92</gpxtpx:hr>
          </gpxtpx:TrackPointExtension>
        </extensions>
      </trkpt>
      <trkpt lat="40.606219" lon="-0.043131">
        <ele>910.4</ele>
        <time>2018-09-03T08:54:16Z</time>
        <sat>5</sat>
        <extensions>
          <gpxtpx:TrackPointExtension>
            <gpxtpx:hr>94</gpxtpx:hr>
          </gpxtpx:TrackPointExtension>
        </extensions>
      </trkpt>
      <trkpt lat="40.606200" lon="-0.043059">
        <ele>912.1</ele>
        <time>2018-09-03T08:54:21Z</time>
        <sat>5</sat>
        <extensions>
          <gpxtpx:TrackPointExtension>
            <gpxtpx:hr>95</gpxtpx:hr>
          </gpxtpx:TrackPointExtension>
        </extensions>
      </trkpt>
      <trkpt lat="40.606041" lon="-0.042934">
        <ele>916.4</ele>
        <time>2018-09-03T08:54:34Z</time>
        <sat>5</sat>
        <extensions>
          <gpxtpx:TrackPointExtension>
            <gpxtpx:hr>97</gpxtpx:hr>
          </gpxtpx:TrackPointExtension>
        </extensions>
      </trkpt>
      <trkpt lat="40.605950" lon="-0.042826">
        <ele>918.2</ele>
        <time>2018-09-03T08:54:43Z</time>
        <sat>5</sat>
        <extensions>
          <gpxtpx:TrackPointExtension>
            <gpxtpx:hr>102</gpxtpx:hr>
          </gpxtpx:TrackPointExtension>
        </extensions>
      </trkpt>
      <trkpt lat="40.605860" lon="-0.042654">
        <ele>921.3</ele>
        <time>2018-09-03T08:54:55Z</time>
        <sat>8</sat>
        <extensions>
          <gpxtpx:TrackPointExtension>
            <gpxtpx:hr>99</gpxtpx:hr>
          </gpxtpx:TrackPointExtension>
        </extensions>
      </trkpt>
      <trkpt lat="40.605663" lon="-0.042176">
        <ele>928.2</ele>
        <time>2018-09-03T08:55:25Z</time>
        <sat>8</sat>
        <extensions>
          <gpxtpx:TrackPointExtension>
            <gpxtpx:hr>108</gpxtpx:hr>
          </gpxtpx:TrackPointExtension>
        </extensions>
      </trkpt>
      <trkpt lat="40.605491" lon="-0.041643">
        <ele>935.0</ele>
        <time>2018-09-03T08:55:57Z</time>
        <sat>8</sat>
        <extensions>
          <gpxtpx:TrackPointExtension>
            <gpxtpx:hr>90</gpxtpx:hr>
          </gpxtpx:TrackPointExtension>
        </extensions>
      </trkpt>
      <trkpt lat="40.605194" lon="-0.040939">
        <ele>942.7</ele>
        <time>2018-09-03T08:56:42Z</time>
        <sat>8</sat>
        <extensions>
          <gpxtpx:TrackPointExtension>
            <gpxtpx:hr>89</gpxtpx:hr>
          </gpxtpx:TrackPointExtension>
        </extensions>
      </trkpt>
      <trkpt lat="40.604970" lon="-0.040100">
        <ele>952.8</ele>
        <time>2018-09-03T08:57:31Z</time>
        <sat>8</sat>
        <extensions>
          <gpxtpx:TrackPointExtension>
            <gpxtpx:hr>92</gpxtpx:hr>
          </gpxtpx:TrackPointExtension>
        </extensions>
      </trkpt>
      <trkpt lat="40.604956" lon="-0.039736">
        <ele>956.0</ele>
        <time>2018-09-03T08:57:51Z</time>
        <sat>8</sat>
        <extensions>
          <gpxtpx:TrackPointExtension>
            <gpxtpx:hr>94</gpxtpx:hr>
          </gpxtpx:TrackPointExtension>
        </extensions>
      </trkpt>
      <trkpt lat="40.604927" lon="-0.039474">
        <ele>957.7</ele>
        <time>2018-09-03T08:58:06Z</time>
        <sat>8</sat>
        <extensions>
          <gpxtpx:TrackPointExtension>
            <gpxtpx:hr>93</gpxtpx:hr>
          </gpxtpx:TrackPointExtension>
        </extensions>
      </trkpt>
      <trkpt lat="40.604944" lon="-0.039099">
        <ele>959.4</ele>
        <time>2018-09-03T08:58:26Z</time>
        <sat>8</sat>
        <extensions>
          <gpxtpx:TrackPointExtension>
            <gpxtpx:hr>92</gpxtpx:hr>
          </gpxtpx:TrackPointExtension>
        </extensions>
      </trkpt>
      <trkpt lat="40.604964" lon="-0.039014">
        <ele>960.0</ele>
        <time>2018-09-03T08:58:31Z</time>
        <sat>9</sat>
        <extensions>
          <gpxtpx:TrackPointExtension>
            <gpxtpx:hr>94</gpxtpx:hr>
          </gpxtpx:TrackPointExtension>
        </extensions>
      </trkpt>
      <trkpt lat="40.605009" lon="-0.038942">
        <ele>960.2</ele>
        <time>2018-09-03T08:58:36Z</time>
        <sat>9</sat>
        <extensions>
          <gpxtpx:TrackPointExtension>
            <gpxtpx:hr>94</gpxtpx:hr>
          </gpxtpx:TrackPointExtension>
        </extensions>
      </trkpt>
      <trkpt lat="40.605276" lon="-0.038613">
        <ele>961.5</ele>
        <time>2018-09-03T08:59:03Z</time>
        <sat>8</sat>
        <extensions>
          <gpxtpx:TrackPointExtension>
            <gpxtpx:hr>94</gpxtpx:hr>
          </gpxtpx:TrackPointExtension>
        </extensions>
      </trkpt>
      <trkpt lat="40.605318" lon="-0.038522">
        <ele>961.0</ele>
        <time>2018-09-03T08:59:09Z</time>
        <sat>8</sat>
        <extensions>
          <gpxtpx:TrackPointExtension>
            <gpxtpx:hr>107</gpxtpx:hr>
          </gpxtpx:TrackPointExtension>
        </extensions>
      </trkpt>
      <trkpt lat="40.605322" lon="-0.038422">
        <ele>960.5</ele>
        <time>2018-09-03T08:59:14Z</time>
        <sat>8</sat>
        <extensions>
          <gpxtpx:TrackPointExtension>
            <gpxtpx:hr>107</gpxtpx:hr>
          </gpxtpx:TrackPointExtension>
        </extensions>
      </trkpt>
      <trkpt lat="40.605278" lon="-0.038322">
        <ele>961.8</ele>
        <time>2018-09-03T08:59:21Z</time>
        <sat>8</sat>
        <extensions>
          <gpxtpx:TrackPointExtension>
            <gpxtpx:hr>107</gpxtpx:hr>
          </gpxtpx:TrackPointExtension>
        </extensions>
      </trkpt>
      <trkpt lat="40.605013" lon="-0.037969">
        <ele>963.4</ele>
        <time>2018-09-03T08:59:48Z</time>
        <sat>8</sat>
        <extensions>
          <gpxtpx:TrackPointExtension>
            <gpxtpx:hr>123</gpxtpx:hr>
          </gpxtpx:TrackPointExtension>
        </extensions>
      </trkpt>
      <trkpt lat="40.605005" lon="-0.037953">
        <ele>963.5</ele>
        <time>2018-09-03T08:59:49Z</time>
        <sat>8</sat>
        <extensions>
          <gpxtpx:TrackPointExtension>
            <gpxtpx:hr>125</gpxtpx:hr>
          </gpxtpx:TrackPointExtension>
        </extensions>
      </trkpt>
      <trkpt lat="40.605017" lon="-0.037850">
        <ele>965.1</ele>
        <time>2018-09-03T08:59:55Z</time>
        <sat>8</sat>
        <extensions>
          <gpxtpx:TrackPointExtension>
            <gpxtpx:hr>117</gpxtpx:hr>
          </gpxtpx:TrackPointExtension>
        </extensions>
      </trkpt>
      <trkpt lat="40.605056" lon="-0.037623">
        <ele>970.0</ele>
        <time>2018-09-03T09:00:08Z</time>
        <sat>8</sat>
        <extensions>
          <gpxtpx:TrackPointExtension>
            <gpxtpx:hr>125</gpxtpx:hr>
          </gpxtpx:TrackPointExtension>
        </extensions>
      </trkpt>
      <trkpt lat="40.605044" lon="-0.037508">
        <ele>969.6</ele>
        <time>2018-09-03T09:00:14Z</time>
        <sat>6</sat>
        <extensions>
          <gpxtpx:TrackPointExtension>
            <gpxtpx:hr>125</gpxtpx:hr>
          </gpxtpx:TrackPointExtension>
        </extensions>
      </trkpt>
      <trkpt lat="40.605061" lon="-0.037308">
        <ele>970.0</ele>
        <time>2018-09-03T09:00:25Z</time>
        <sat>6</sat>
        <extensions>
          <gpxtpx:TrackPointExtension>
            <gpxtpx:hr>126</gpxtpx:hr>
          </gpxtpx:TrackPointExtension>
        </extensions>
      </trkpt>
      <trkpt lat="40.605058" lon="-0.037300">
        <ele>969.8</ele>
        <time>2018-09-03T09:00:26Z</time>
        <sat>6</sat>
        <extensions>
          <gpxtpx:TrackPointExtension>
            <gpxtpx:hr>127</gpxtpx:hr>
          </gpxtpx:TrackPointExtension>
        </extensions>
      </trkpt>
      <trkpt lat="40.605048" lon="-0.037190">
        <ele>968.7</ele>
        <time>2018-09-03T09:00:32Z</time>
        <sat>8</sat>
        <extensions>
          <gpxtpx:TrackPointExtension>
            <gpxtpx:hr>117</gpxtpx:hr>
          </gpxtpx:TrackPointExtension>
        </extensions>
      </trkpt>
      <trkpt lat="40.605056" lon="-0.037082">
        <ele>967.8</ele>
        <time>2018-09-03T09:00:38Z</time>
        <sat>8</sat>
        <extensions>
          <gpxtpx:TrackPointExtension>
            <gpxtpx:hr>115</gpxtpx:hr>
          </gpxtpx:TrackPointExtension>
        </extensions>
      </trkpt>
      <trkpt lat="40.605033" lon="-0.037011">
        <ele>965.8</ele>
        <time>2018-09-03T09:00:42Z</time>
        <sat>8</sat>
        <extensions>
          <gpxtpx:TrackPointExtension>
            <gpxtpx:hr>101</gpxtpx:hr>
          </gpxtpx:TrackPointExtension>
        </extensions>
      </trkpt>
      <trkpt lat="40.605040" lon="-0.036909">
        <ele>963.3</ele>
        <time>2018-09-03T09:00:48Z</time>
        <sat>8</sat>
        <extensions>
          <gpxtpx:TrackPointExtension>
            <gpxtpx:hr>89</gpxtpx:hr>
          </gpxtpx:TrackPointExtension>
        </extensions>
      </trkpt>
      <trkpt lat="40.605033" lon="-0.036813">
        <ele>962.0</ele>
        <time>2018-09-03T09:00:54Z</time>
        <sat>8</sat>
        <extensions>
          <gpxtpx:TrackPointExtension>
            <gpxtpx:hr>89</gpxtpx:hr>
          </gpxtpx:TrackPointExtension>
        </extensions>
      </trkpt>
      <trkpt lat="40.604990" lon="-0.036718">
        <ele>963.2</ele>
        <time>2018-09-03T09:01:00Z</time>
        <sat>8</sat>
        <extensions>
          <gpxtpx:TrackPointExtension>
            <gpxtpx:hr>98</gpxtpx:hr>
          </gpxtpx:TrackPointExtension>
        </extensions>
      </trkpt>
      <trkpt lat="40.604937" lon="-0.036677">
        <ele>963.4</ele>
        <time>2018-09-03T09:01:04Z</time>
        <sat>8</sat>
        <extensions>
          <gpxtpx:TrackPointExtension>
            <gpxtpx:hr>96</gpxtpx:hr>
          </gpxtpx:TrackPointExtension>
        </extensions>
      </trkpt>
      <trkpt lat="40.604834" lon="-0.036535">
        <ele>964.1</ele>
        <time>2018-09-03T09:01:15Z</time>
        <sat>8</sat>
        <extensions>
          <gpxtpx:TrackPointExtension>
            <gpxtpx:hr>76</gpxtpx:hr>
          </gpxtpx:TrackPointExtension>
        </extensions>
      </trkpt>
      <trkpt lat="40.604740" lon="-0.036281">
        <ele>966.0</ele>
        <time>2018-09-03T09:01:31Z</time>
        <sat>8</sat>
        <extensions>
          <gpxtpx:TrackPointExtension>
            <gpxtpx:hr>127</gpxtpx:hr>
          </gpxtpx:TrackPointExtension>
        </extensions>
      </trkpt>
      <trkpt lat="40.604752" lon="-0.036184">
        <ele>968.2</ele>
        <time>2018-09-03T09:01:36Z</time>
        <sat>8</sat>
        <extensions>
          <gpxtpx:TrackPointExtension>
            <gpxtpx:hr>128</gpxtpx:hr>
          </gpxtpx:TrackPointExtension>
        </extensions>
      </trkpt>
      <trkpt lat="40.604752" lon="-0.036184">
        <ele>968.2</ele>
        <time>2018-09-03T09:01:36Z</time>
        <sat>8</sat>
        <extensions>
          <gpxtpx:TrackPointExtension>
            <gpxtpx:hr>128</gpxtpx:hr>
          </gpxtpx:TrackPointExtension>
        </extensions>
      </trkpt>
      <trkpt lat="40.604711" lon="-0.035981">
        <ele>970.6</ele>
        <time>2018-09-03T09:01:48Z</time>
        <sat>8</sat>
        <extensions>
          <gpxtpx:TrackPointExtension>
            <gpxtpx:hr>118</gpxtpx:hr>
          </gpxtpx:TrackPointExtension>
        </extensions>
      </trkpt>
      <trkpt lat="40.604705" lon="-0.035769">
        <ele>974.6</ele>
        <time>2018-09-03T09:02:00Z</time>
        <sat>8</sat>
        <extensions>
          <gpxtpx:TrackPointExtension>
            <gpxtpx:hr>119</gpxtpx:hr>
          </gpxtpx:TrackPointExtension>
        </extensions>
      </trkpt>
      <trkpt lat="40.604612" lon="-0.035375">
        <ele>978.3</ele>
        <time>2018-09-03T09:02:23Z</time>
        <sat>7</sat>
        <extensions>
          <gpxtpx:TrackPointExtension>
            <gpxtpx:hr>117</gpxtpx:hr>
          </gpxtpx:TrackPointExtension>
        </extensions>
      </trkpt>
      <trkpt lat="40.604645" lon="-0.035330">
        <ele>980.1</ele>
        <time>2018-09-03T09:02:26Z</time>
        <sat>7</sat>
        <extensions>
          <gpxtpx:TrackPointExtension>
            <gpxtpx:hr>116</gpxtpx:hr>
          </gpxtpx:TrackPointExtension>
        </extensions>
      </trkpt>
      <trkpt lat="40.604718" lon="-0.035390">
        <ele>981.5</ele>
        <time>2018-09-03T09:02:33Z</time>
        <sat>7</sat>
        <extensions>
          <gpxtpx:TrackPointExtension>
            <gpxtpx:hr>111</gpxtpx:hr>
          </gpxtpx:TrackPointExtension>
        </extensions>
      </trkpt>
      <trkpt lat="40.604802" lon="-0.035380">
        <ele>984.8</ele>
        <time>2018-09-03T09:02:39Z</time>
        <sat>8</sat>
        <extensions>
          <gpxtpx:TrackPointExtension>
            <gpxtpx:hr>120</gpxtpx:hr>
          </gpxtpx:TrackPointExtension>
        </extensions>
      </trkpt>
      <trkpt lat="40.604794" lon="-0.035268">
        <ele>986.2</ele>
        <time>2018-09-03T09:02:45Z</time>
        <sat>8</sat>
        <extensions>
          <gpxtpx:TrackPointExtension>
            <gpxtpx:hr>116</gpxtpx:hr>
          </gpxtpx:TrackPointExtension>
        </extensions>
      </trkpt>
      <trkpt lat="40.604804" lon="-0.035165">
        <ele>988.1</ele>
        <time>2018-09-03T09:02:51Z</time>
        <sat>8</sat>
        <extensions>
          <gpxtpx:TrackPointExtension>
            <gpxtpx:hr>116</gpxtpx:hr>
          </gpxtpx:TrackPointExtension>
        </extensions>
      </trkpt>
      <trkpt lat="40.604871" lon="-0.034969">
        <ele>993.5</ele>
        <time>2018-09-03T09:03:04Z</time>
        <sat>8</sat>
        <extensions>
          <gpxtpx:TrackPointExtension>
            <gpxtpx:hr>107</gpxtpx:hr>
          </gpxtpx:TrackPointExtension>
        </extensions>
      </trkpt>
      <trkpt lat="40.604871" lon="-0.034756">
        <ele>996.6</ele>
        <time>2018-09-03T09:03:15Z</time>
        <sat>8</sat>
        <extensions>
          <gpxtpx:TrackPointExtension>
            <gpxtpx:hr>95</gpxtpx:hr>
          </gpxtpx:TrackPointExtension>
        </extensions>
      </trkpt>
      <trkpt lat="40.604855" lon="-0.034665">
        <ele>997.3</ele>
        <time>2018-09-03T09:03:21Z</time>
        <sat>8</sat>
        <extensions>
          <gpxtpx:TrackPointExtension>
            <gpxtpx:hr>94</gpxtpx:hr>
          </gpxtpx:TrackPointExtension>
        </extensions>
      </trkpt>
      <trkpt lat="40.604876" lon="-0.034440">
        <ele>1001.4</ele>
        <time>2018-09-03T09:03:33Z</time>
        <sat>8</sat>
        <extensions>
          <gpxtpx:TrackPointExtension>
            <gpxtpx:hr>99</gpxtpx:hr>
          </gpxtpx:TrackPointExtension>
        </extensions>
      </trkpt>
      <trkpt lat="40.604883" lon="-0.034268">
        <ele>1002.8</ele>
        <time>2018-09-03T09:03:43Z</time>
        <sat>8</sat>
        <extensions>
          <gpxtpx:TrackPointExtension>
            <gpxtpx:hr>100</gpxtpx:hr>
          </gpxtpx:TrackPointExtension>
        </extensions>
      </trkpt>
      <trkpt lat="40.604875" lon="-0.034058">
        <ele>1004.4</ele>
        <time>2018-09-03T09:03:54Z</time>
        <sat>8</sat>
        <extensions>
          <gpxtpx:TrackPointExtension>
            <gpxtpx:hr>96</gpxtpx:hr>
          </gpxtpx:TrackPointExtension>
        </extensions>
      </trkpt>
      <trkpt lat="40.604888" lon="-0.033943">
        <ele>1006.7</ele>
        <time>2018-09-03T09:04:01Z</time>
        <sat>8</sat>
        <extensions>
          <gpxtpx:TrackPointExtension>
            <gpxtpx:hr>98</gpxtpx:hr>
          </gpxtpx:TrackPointExtension>
        </extensions>
      </trkpt>
      <trkpt lat="40.604829" lon="-0.033730">
        <ele>1005.6</ele>
        <time>2018-09-03T09:04:13Z</time>
        <sat>8</sat>
        <extensions>
          <gpxtpx:TrackPointExtension>
            <gpxtpx:hr>101</gpxtpx:hr>
          </gpxtpx:TrackPointExtension>
        </extensions>
      </trkpt>
      <trkpt lat="40.604825" lon="-0.033537">
        <ele>1008.2</ele>
        <time>2018-09-03T09:04:24Z</time>
        <sat>8</sat>
        <extensions>
          <gpxtpx:TrackPointExtension>
            <gpxtpx:hr>87</gpxtpx:hr>
          </gpxtpx:TrackPointExtension>
        </extensions>
      </trkpt>
      <trkpt lat="40.604788" lon="-0.033337">
        <ele>1007.5</ele>
        <time>2018-09-03T09:04:36Z</time>
        <sat>8</sat>
        <extensions>
          <gpxtpx:TrackPointExtension>
            <gpxtpx:hr>91</gpxtpx:hr>
          </gpxtpx:TrackPointExtension>
        </extensions>
      </trkpt>
      <trkpt lat="40.604538" lon="-0.032550">
        <ele>1007.1</ele>
        <time>2018-09-03T09:05:22Z</time>
        <sat>8</sat>
        <extensions>
          <gpxtpx:TrackPointExtension>
            <gpxtpx:hr>108</gpxtpx:hr>
          </gpxtpx:TrackPointExtension>
        </extensions>
      </trkpt>
      <trkpt lat="40.604531" lon="-0.032538">
        <ele>1007.0</ele>
        <time>2018-09-03T09:05:23Z</time>
        <sat>8</sat>
        <extensions>
          <gpxtpx:TrackPointExtension>
            <gpxtpx:hr>108</gpxtpx:hr>
          </gpxtpx:TrackPointExtension>
        </extensions>
      </trkpt>
      <trkpt lat="40.604475" lon="-0.032332">
        <ele>1007.3</ele>
        <time>2018-09-03T09:05:35Z</time>
        <sat>8</sat>
        <extensions>
          <gpxtpx:TrackPointExtension>
            <gpxtpx:hr>119</gpxtpx:hr>
          </gpxtpx:TrackPointExtension>
        </extensions>
      </trkpt>
      <trkpt lat="40.604423" lon="-0.031992">
        <ele>1009.1</ele>
        <time>2018-09-03T09:05:54Z</time>
        <sat>8</sat>
        <extensions>
          <gpxtpx:TrackPointExtension>
            <gpxtpx:hr>121</gpxtpx:hr>
          </gpxtpx:TrackPointExtension>
        </extensions>
      </trkpt>
      <trkpt lat="40.604403" lon="-0.031549">
        <ele>1012.0</ele>
        <time>2018-09-03T09:06:19Z</time>
        <sat>8</sat>
        <extensions>
          <gpxtpx:TrackPointExtension>
            <gpxtpx:hr>124</gpxtpx:hr>
          </gpxtpx:TrackPointExtension>
        </extensions>
      </trkpt>
      <trkpt lat="40.604349" lon="-0.031243">
        <ele>1012.7</ele>
        <time>2018-09-03T09:06:36Z</time>
        <sat>8</sat>
        <extensions>
          <gpxtpx:TrackPointExtension>
            <gpxtpx:hr>111</gpxtpx:hr>
          </gpxtpx:TrackPointExtension>
        </extensions>
      </trkpt>
      <trkpt lat="40.604299" lon="-0.031030">
        <ele>1014.4</ele>
        <time>2018-09-03T09:06:48Z</time>
        <sat>8</sat>
        <extensions>
          <gpxtpx:TrackPointExtension>
            <gpxtpx:hr>101</gpxtpx:hr>
          </gpxtpx:TrackPointExtension>
        </extensions>
      </trkpt>
      <trkpt lat="40.604168" lon="-0.030670">
        <ele>1015.7</ele>
        <time>2018-09-03T09:07:10Z</time>
        <sat>8</sat>
        <extensions>
          <gpxtpx:TrackPointExtension>
            <gpxtpx:hr>100</gpxtpx:hr>
          </gpxtpx:TrackPointExtension>
        </extensions>
      </trkpt>
      <trkpt lat="40.604119" lon="-0.030481">
        <ele>1017.4</ele>
        <time>2018-09-03T09:07:21Z</time>
        <sat>8</sat>
        <extensions>
          <gpxtpx:TrackPointExtension>
            <gpxtpx:hr>100</gpxtpx:hr>
          </gpxtpx:TrackPointExtension>
        </extensions>
      </trkpt>
      <trkpt lat="40.604054" lon="-0.030323">
        <ele>1017.4</ele>
        <time>2018-09-03T09:07:31Z</time>
        <sat>8</sat>
        <extensions>
          <gpxtpx:TrackPointExtension>
            <gpxtpx:hr>109</gpxtpx:hr>
          </gpxtpx:TrackPointExtension>
        </extensions>
      </trkpt>
      <trkpt lat="40.603920" lon="-0.029886">
        <ele>1018.8</ele>
        <time>2018-09-03T09:07:57Z</time>
        <sat>8</sat>
        <extensions>
          <gpxtpx:TrackPointExtension>
            <gpxtpx:hr>104</gpxtpx:hr>
          </gpxtpx:TrackPointExtension>
        </extensions>
      </trkpt>
      <trkpt lat="40.603848" lon="-0.029728">
        <ele>1019.6</ele>
        <time>2018-09-03T09:08:07Z</time>
        <sat>8</sat>
        <extensions>
          <gpxtpx:TrackPointExtension>
            <gpxtpx:hr>103</gpxtpx:hr>
          </gpxtpx:TrackPointExtension>
        </extensions>
      </trkpt>
      <trkpt lat="40.603730" lon="-0.029358">
        <ele>1022.0</ele>
        <time>2018-09-03T09:08:29Z</time>
        <sat>8</sat>
      </trkpt>
      <trkpt lat="40.603710" lon="-0.029278">
        <ele>1022.4</ele>
        <time>2018-09-03T09:08:34Z</time>
        <sat>8</sat>
      </trkpt>
      <trkpt lat="40.603744" lon="-0.028708">
        <ele>1031.2</ele>
        <time>2018-09-03T09:09:06Z</time>
        <sat>9</sat>
        <extensions>
          <gpxtpx:TrackPointExtension>
            <gpxtpx:hr>98</gpxtpx:hr>
          </gpxtpx:TrackPointExtension>
        </extensions>
      </trkpt>
      <trkpt lat="40.603728" lon="-0.028456">
        <ele>1033.2</ele>
        <time>2018-09-03T09:09:20Z</time>
        <sat>9</sat>
        <extensions>
          <gpxtpx:TrackPointExtension>
            <gpxtpx:hr>101</gpxtpx:hr>
          </gpxtpx:TrackPointExtension>
        </extensions>
      </trkpt>
      <trkpt lat="40.603675" lon="-0.027973">
        <ele>1035.5</ele>
        <time>2018-09-03T09:09:47Z</time>
        <sat>9</sat>
        <extensions>
          <gpxtpx:TrackPointExtension>
            <gpxtpx:hr>117</gpxtpx:hr>
          </gpxtpx:TrackPointExtension>
        </extensions>
      </trkpt>
      <trkpt lat="40.603608" lon="-0.027581">
        <ele>1037.8</ele>
        <time>2018-09-03T09:10:09Z</time>
        <sat>9</sat>
        <extensions>
          <gpxtpx:TrackPointExtension>
            <gpxtpx:hr>123</gpxtpx:hr>
          </gpxtpx:TrackPointExtension>
        </extensions>
      </trkpt>
      <trkpt lat="40.603505" lon="-0.027208">
        <ele>1036.7</ele>
        <time>2018-09-03T09:10:31Z</time>
        <sat>9</sat>
        <extensions>
          <gpxtpx:TrackPointExtension>
            <gpxtpx:hr>125</gpxtpx:hr>
          </gpxtpx:TrackPointExtension>
        </extensions>
      </trkpt>
      <trkpt lat="40.603501" lon="-0.026908">
        <ele>1035.9</ele>
        <time>2018-09-03T09:10:47Z</time>
        <sat>9</sat>
        <extensions>
          <gpxtpx:TrackPointExtension>
            <gpxtpx:hr>116</gpxtpx:hr>
          </gpxtpx:TrackPointExtension>
        </extensions>
      </trkpt>
      <trkpt lat="40.603471" lon="-0.026771">
        <ele>1034.4</ele>
        <time>2018-09-03T09:10:55Z</time>
        <sat>9</sat>
        <extensions>
          <gpxtpx:TrackPointExtension>
            <gpxtpx:hr>111</gpxtpx:hr>
          </gpxtpx:TrackPointExtension>
        </extensions>
      </trkpt>
      <trkpt lat="40.603216" lon="-0.026227">
        <ele>1034.2</ele>
        <time>2018-09-03T09:11:30Z</time>
        <sat>9</sat>
        <extensions>
          <gpxtpx:TrackPointExtension>
            <gpxtpx:hr>116</gpxtpx:hr>
          </gpxtpx:TrackPointExtension>
        </extensions>
      </trkpt>
      <trkpt lat="40.603215" lon="-0.026220">
        <ele>1034.2</ele>
        <time>2018-09-03T09:11:31Z</time>
        <sat>9</sat>
        <extensions>
          <gpxtpx:TrackPointExtension>
            <gpxtpx:hr>114</gpxtpx:hr>
          </gpxtpx:TrackPointExtension>
        </extensions>
      </trkpt>
      <trkpt lat="40.603091" lon="-0.025915">
        <ele>1032.7</ele>
        <time>2018-09-03T09:11:50Z</time>
        <sat>8</sat>
        <extensions>
          <gpxtpx:TrackPointExtension>
            <gpxtpx:hr>119</gpxtpx:hr>
          </gpxtpx:TrackPointExtension>
        </extensions>
      </trkpt>
      <trkpt lat="40.602950" lon="-0.025683">
        <ele>1029.8</ele>
        <time>2018-09-03T09:12:06Z</time>
        <sat>9</sat>
        <extensions>
          <gpxtpx:TrackPointExtension>
            <gpxtpx:hr>121</gpxtpx:hr>
          </gpxtpx:TrackPointExtension>
        </extensions>
      </trkpt>
      <trkpt lat="40.602896" lon="-0.025583">
        <ele>1029.3</ele>
        <time>2018-09-03T09:12:13Z</time>
        <sat>9</sat>
        <extensions>
          <gpxtpx:TrackPointExtension>
            <gpxtpx:hr>128</gpxtpx:hr>
          </gpxtpx:TrackPointExtension>
        </extensions>
      </trkpt>
      <trkpt lat="40.602862" lon="-0.025483">
        <ele>1029.4</ele>
        <time>2018-09-03T09:12:19Z</time>
        <sat>9</sat>
        <extensions>
          <gpxtpx:TrackPointExtension>
            <gpxtpx:hr>125</gpxtpx:hr>
          </gpxtpx:TrackPointExtension>
        </extensions>
      </trkpt>
      <trkpt lat="40.602796" lon="-0.025413">
        <ele>1028.0</ele>
        <time>2018-09-03T09:12:25Z</time>
        <sat>9</sat>
        <extensions>
          <gpxtpx:TrackPointExtension>
            <gpxtpx:hr>126</gpxtpx:hr>
          </gpxtpx:TrackPointExtension>
        </extensions>
      </trkpt>
      <trkpt lat="40.602801" lon="-0.025303">
        <ele>1028.8</ele>
        <time>2018-09-03T09:12:31Z</time>
        <sat>9</sat>
        <extensions>
          <gpxtpx:TrackPointExtension>
            <gpxtpx:hr>120</gpxtpx:hr>
          </gpxtpx:TrackPointExtension>
        </extensions>
      </trkpt>
      <trkpt lat="40.602821" lon="-0.025195">
        <ele>1029.9</ele>
        <time>2018-09-03T09:12:37Z</time>
        <sat>9</sat>
        <extensions>
          <gpxtpx:TrackPointExtension>
            <gpxtpx:hr>122</gpxtpx:hr>
          </gpxtpx:TrackPointExtension>
        </extensions>
      </trkpt>
      <trkpt lat="40.602826" lon="-0.025006">
        <ele>1031.6</ele>
        <time>2018-09-03T09:12:48Z</time>
        <sat>8</sat>
        <extensions>
          <gpxtpx:TrackPointExtension>
            <gpxtpx:hr>110</gpxtpx:hr>
          </gpxtpx:TrackPointExtension>
        </extensions>
      </trkpt>
      <trkpt lat="40.602821" lon="-0.024993">
        <ele>1031.5</ele>
        <time>2018-09-03T09:12:49Z</time>
        <sat>8</sat>
        <extensions>
          <gpxtpx:TrackPointExtension>
            <gpxtpx:hr>109</gpxtpx:hr>
          </gpxtpx:TrackPointExtension>
        </extensions>
      </trkpt>
      <trkpt lat="40.602796" lon="-0.024881">
        <ele>1031.9</ele>
        <time>2018-09-03T09:12:55Z</time>
        <sat>8</sat>
        <extensions>
          <gpxtpx:TrackPointExtension>
            <gpxtpx:hr>109</gpxtpx:hr>
          </gpxtpx:TrackPointExtension>
        </extensions>
      </trkpt>
      <trkpt lat="40.602821" lon="-0.024370">
        <ele>1039.0</ele>
        <time>2018-09-03T09:13:24Z</time>
        <sat>9</sat>
        <extensions>
          <gpxtpx:TrackPointExtension>
            <gpxtpx:hr>107</gpxtpx:hr>
          </gpxtpx:TrackPointExtension>
        </extensions>
      </trkpt>
      <trkpt lat="40.602800" lon="-0.024263">
        <ele>1039.8</ele>
        <time>2018-09-03T09:13:30Z</time>
        <sat>9</sat>
        <extensions>
          <gpxtpx:TrackPointExtension>
            <gpxtpx:hr>104</gpxtpx:hr>
          </gpxtpx:TrackPointExtension>
        </extensions>
      </trkpt>
      <trkpt lat="40.602788" lon="-0.024071">
        <ele>1041.9</ele>
        <time>2018-09-03T09:13:40Z</time>
        <sat>9</sat>
        <extensions>
          <gpxtpx:TrackPointExtension>
            <gpxtpx:hr>108</gpxtpx:hr>
          </gpxtpx:TrackPointExtension>
        </extensions>
      </trkpt>
      <trkpt lat="40.602765" lon="-0.023965">
        <ele>1043.1</ele>
        <time>2018-09-03T09:13:46Z</time>
        <sat>8</sat>
        <extensions>
          <gpxtpx:TrackPointExtension>
            <gpxtpx:hr>109</gpxtpx:hr>
          </gpxtpx:TrackPointExtension>
        </extensions>
      </trkpt>
      <trkpt lat="40.602715" lon="-0.023556">
        <ele>1049.7</ele>
        <time>2018-09-03T09:14:10Z</time>
        <sat>8</sat>
        <extensions>
          <gpxtpx:TrackPointExtension>
            <gpxtpx:hr>118</gpxtpx:hr>
          </gpxtpx:TrackPointExtension>
        </extensions>
      </trkpt>
      <trkpt lat="40.602712" lon="-0.023548">
        <ele>1049.8</ele>
        <time>2018-09-03T09:14:10Z</time>
        <sat>8</sat>
        <extensions>
          <gpxtpx:TrackPointExtension>
            <gpxtpx:hr>116</gpxtpx:hr>
          </gpxtpx:TrackPointExtension>
        </extensions>
      </trkpt>
      <trkpt lat="40.602701" lon="-0.023438">
        <ele>1051.9</ele>
        <time>2018-09-03T09:14:16Z</time>
        <sat>8</sat>
        <extensions>
          <gpxtpx:TrackPointExtension>
            <gpxtpx:hr>119</gpxtpx:hr>
          </gpxtpx:TrackPointExtension>
        </extensions>
      </trkpt>
      <trkpt lat="40.602706" lon="-0.023331">
        <ele>1055.6</ele>
        <time>2018-09-03T09:14:23Z</time>
        <sat>9</sat>
        <extensions>
          <gpxtpx:TrackPointExtension>
            <gpxtpx:hr>115</gpxtpx:hr>
          </gpxtpx:TrackPointExtension>
        </extensions>
      </trkpt>
      <trkpt lat="40.602681" lon="-0.023116">
        <ele>1058.8</ele>
        <time>2018-09-03T09:14:35Z</time>
        <sat>8</sat>
        <extensions>
          <gpxtpx:TrackPointExtension>
            <gpxtpx:hr>114</gpxtpx:hr>
          </gpxtpx:TrackPointExtension>
        </extensions>
      </trkpt>
      <trkpt lat="40.602679" lon="-0.023005">
        <ele>1058.2</ele>
        <time>2018-09-03T09:14:41Z</time>
        <sat>8</sat>
        <extensions>
          <gpxtpx:TrackPointExtension>
            <gpxtpx:hr>119</gpxtpx:hr>
          </gpxtpx:TrackPointExtension>
        </extensions>
      </trkpt>
      <trkpt lat="40.602627" lon="-0.022689">
        <ele>1061.5</ele>
        <time>2018-09-03T09:14:59Z</time>
        <sat>8</sat>
        <extensions>
          <gpxtpx:TrackPointExtension>
            <gpxtpx:hr>106</gpxtpx:hr>
          </gpxtpx:TrackPointExtension>
        </extensions>
      </trkpt>
      <trkpt lat="40.602588" lon="-0.022484">
        <ele>1064.2</ele>
        <time>2018-09-03T09:15:11Z</time>
        <sat>9</sat>
        <extensions>
          <gpxtpx:TrackPointExtension>
            <gpxtpx:hr>106</gpxtpx:hr>
          </gpxtpx:TrackPointExtension>
        </extensions>
      </trkpt>
      <trkpt lat="40.602555" lon="-0.022403">
        <ele>1064.8</ele>
        <time>2018-09-03T09:15:16Z</time>
        <sat>9</sat>
        <extensions>
          <gpxtpx:TrackPointExtension>
            <gpxtpx:hr>105</gpxtpx:hr>
          </gpxtpx:TrackPointExtension>
        </extensions>
      </trkpt>
      <trkpt lat="40.602527" lon="-0.022236">
        <ele>1067.6</ele>
        <time>2018-09-03T09:15:25Z</time>
        <sat>9</sat>
        <extensions>
          <gpxtpx:TrackPointExtension>
            <gpxtpx:hr>110</gpxtpx:hr>
          </gpxtpx:TrackPointExtension>
        </extensions>
      </trkpt>
      <trkpt lat="40.602510" lon="-0.022215">
        <ele>1067.5</ele>
        <time>2018-09-03T09:15:27Z</time>
        <sat>9</sat>
        <extensions>
          <gpxtpx:TrackPointExtension>
            <gpxtpx:hr>109</gpxtpx:hr>
          </gpxtpx:TrackPointExtension>
        </extensions>
      </trkpt>
      <trkpt lat="40.602468" lon="-0.022133">
        <ele>1068.4</ele>
        <time>2018-09-03T09:15:32Z</time>
        <sat>9</sat>
        <extensions>
          <gpxtpx:TrackPointExtension>
            <gpxtpx:hr>108</gpxtpx:hr>
          </gpxtpx:TrackPointExtension>
        </extensions>
      </trkpt>
      <trkpt lat="40.602446" lon="-0.022033">
        <ele>1070.5</ele>
        <time>2018-09-03T09:15:38Z</time>
        <sat>9</sat>
        <extensions>
          <gpxtpx:TrackPointExtension>
            <gpxtpx:hr>103</gpxtpx:hr>
          </gpxtpx:TrackPointExtension>
        </extensions>
      </trkpt>
      <trkpt lat="40.602445" lon="-0.021914">
        <ele>1073.5</ele>
        <time>2018-09-03T09:15:45Z</time>
        <sat>9</sat>
        <extensions>
          <gpxtpx:TrackPointExtension>
            <gpxtpx:hr>101</gpxtpx:hr>
          </gpxtpx:TrackPointExtension>
        </extensions>
      </trkpt>
      <trkpt lat="40.602417" lon="-0.021813">
        <ele>1075.0</ele>
        <time>2018-09-03T09:15:51Z</time>
        <sat>9</sat>
        <extensions>
          <gpxtpx:TrackPointExtension>
            <gpxtpx:hr>103</gpxtpx:hr>
          </gpxtpx:TrackPointExtension>
        </extensions>
      </trkpt>
      <trkpt lat="40.602404" lon="-0.021721">
        <ele>1076.6</ele>
        <time>2018-09-03T09:15:56Z</time>
        <sat>9</sat>
        <extensions>
          <gpxtpx:TrackPointExtension>
            <gpxtpx:hr>103</gpxtpx:hr>
          </gpxtpx:TrackPointExtension>
        </extensions>
      </trkpt>
      <trkpt lat="40.602375" lon="-0.021635">
        <ele>1077.4</ele>
        <time>2018-09-03T09:16:02Z</time>
        <sat>9</sat>
        <extensions>
          <gpxtpx:TrackPointExtension>
            <gpxtpx:hr>104</gpxtpx:hr>
          </gpxtpx:TrackPointExtension>
        </extensions>
      </trkpt>
      <trkpt lat="40.602231" lon="-0.021369">
        <ele>1077.7</ele>
        <time>2018-09-03T09:16:19Z</time>
        <sat>9</sat>
        <extensions>
          <gpxtpx:TrackPointExtension>
            <gpxtpx:hr>102</gpxtpx:hr>
          </gpxtpx:TrackPointExtension>
        </extensions>
      </trkpt>
      <trkpt lat="40.602133" lon="-0.021020">
        <ele>1081.8</ele>
        <time>2018-09-03T09:16:40Z</time>
        <sat>9</sat>
        <extensions>
          <gpxtpx:TrackPointExtension>
            <gpxtpx:hr>110</gpxtpx:hr>
          </gpxtpx:TrackPointExtension>
        </extensions>
      </trkpt>
      <trkpt lat="40.602030" lon="-0.020743">
        <ele>1082.9</ele>
        <time>2018-09-03T09:16:57Z</time>
        <sat>9</sat>
        <extensions>
          <gpxtpx:TrackPointExtension>
            <gpxtpx:hr>111</gpxtpx:hr>
          </gpxtpx:TrackPointExtension>
        </extensions>
      </trkpt>
      <trkpt lat="40.601986" lon="-0.020426">
        <ele>1084.5</ele>
        <time>2018-09-03T09:17:15Z</time>
        <sat>9</sat>
        <extensions>
          <gpxtpx:TrackPointExtension>
            <gpxtpx:hr>111</gpxtpx:hr>
          </gpxtpx:TrackPointExtension>
        </extensions>
      </trkpt>
      <trkpt lat="40.601991" lon="-0.020009">
        <ele>1086.9</ele>
        <time>2018-09-03T09:17:38Z</time>
        <sat>9</sat>
        <extensions>
          <gpxtpx:TrackPointExtension>
            <gpxtpx:hr>118</gpxtpx:hr>
          </gpxtpx:TrackPointExtension>
        </extensions>
      </trkpt>
      <trkpt lat="40.601924" lon="-0.019551">
        <ele>1088.6</ele>
        <time>2018-09-03T09:18:03Z</time>
        <sat>9</sat>
        <extensions>
          <gpxtpx:TrackPointExtension>
            <gpxtpx:hr>116</gpxtpx:hr>
          </gpxtpx:TrackPointExtension>
        </extensions>
      </trkpt>
      <trkpt lat="40.601894" lon="-0.019454">
        <ele>1089.3</ele>
        <time>2018-09-03T09:18:09Z</time>
        <sat>9</sat>
        <extensions>
          <gpxtpx:TrackPointExtension>
            <gpxtpx:hr>114</gpxtpx:hr>
          </gpxtpx:TrackPointExtension>
        </extensions>
      </trkpt>
      <trkpt lat="40.601768" lon="-0.019226">
        <ele>1089.4</ele>
        <time>2018-09-03T09:18:25Z</time>
        <sat>9</sat>
        <extensions>
          <gpxtpx:TrackPointExtension>
            <gpxtpx:hr>108</gpxtpx:hr>
          </gpxtpx:TrackPointExtension>
        </extensions>
      </trkpt>
      <trkpt lat="40.601741" lon="-0.019141">
        <ele>1089.9</ele>
        <time>2018-09-03T09:18:30Z</time>
        <sat>9</sat>
        <extensions>
          <gpxtpx:TrackPointExtension>
            <gpxtpx:hr>110</gpxtpx:hr>
          </gpxtpx:TrackPointExtension>
        </extensions>
      </trkpt>
      <trkpt lat="40.601695" lon="-0.019056">
        <ele>1089.6</ele>
        <time>2018-09-03T09:18:36Z</time>
        <sat>9</sat>
        <extensions>
          <gpxtpx:TrackPointExtension>
            <gpxtpx:hr>112</gpxtpx:hr>
          </gpxtpx:TrackPointExtension>
        </extensions>
      </trkpt>
      <trkpt lat="40.601599" lon="-0.018797">
        <ele>1091.0</ele>
        <time>2018-09-03T09:18:51Z</time>
        <sat>9</sat>
        <extensions>
          <gpxtpx:TrackPointExtension>
            <gpxtpx:hr>95</gpxtpx:hr>
          </gpxtpx:TrackPointExtension>
        </extensions>
      </trkpt>
      <trkpt lat="40.601509" lon="-0.018678">
        <ele>1091.3</ele>
        <time>2018-09-03T09:19:01Z</time>
        <sat>9</sat>
        <extensions>
          <gpxtpx:TrackPointExtension>
            <gpxtpx:hr>95</gpxtpx:hr>
          </gpxtpx:TrackPointExtension>
        </extensions>
      </trkpt>
      <trkpt lat="40.601288" lon="-0.018483">
        <ele>1090.3</ele>
        <time>2018-09-03T09:19:20Z</time>
        <sat>9</sat>
        <extensions>
          <gpxtpx:TrackPointExtension>
            <gpxtpx:hr>105</gpxtpx:hr>
          </gpxtpx:TrackPointExtension>
        </extensions>
      </trkpt>
      <trkpt lat="40.601231" lon="-0.018448">
        <ele>1090.8</ele>
        <time>2018-09-03T09:19:24Z</time>
        <sat>9</sat>
        <extensions>
          <gpxtpx:TrackPointExtension>
            <gpxtpx:hr>97</gpxtpx:hr>
          </gpxtpx:TrackPointExtension>
        </extensions>
      </trkpt>
      <trkpt lat="40.601083" lon="-0.018303">
        <ele>1094.1</ele>
        <time>2018-09-03T09:19:38Z</time>
        <sat>9</sat>
        <extensions>
          <gpxtpx:TrackPointExtension>
            <gpxtpx:hr>101</gpxtpx:hr>
          </gpxtpx:TrackPointExtension>
        </extensions>
      </trkpt>
      <trkpt lat="40.600991" lon="-0.018111">
        <ele>1096.1</ele>
        <time>2018-09-03T09:19:51Z</time>
        <sat>9</sat>
        <extensions>
          <gpxtpx:TrackPointExtension>
            <gpxtpx:hr>101</gpxtpx:hr>
          </gpxtpx:TrackPointExtension>
        </extensions>
      </trkpt>
      <trkpt lat="40.600988" lon="-0.018097">
        <ele>1096.3</ele>
        <time>2018-09-03T09:19:51Z</time>
        <sat>9</sat>
        <extensions>
          <gpxtpx:TrackPointExtension>
            <gpxtpx:hr>88</gpxtpx:hr>
          </gpxtpx:TrackPointExtension>
        </extensions>
      </trkpt>
      <trkpt lat="40.600989" lon="-0.018100">
        <ele>1096.3</ele>
        <time>2018-09-03T09:19:52Z</time>
        <sat>10</sat>
      </trkpt>
      <trkpt lat="40.600907" lon="-0.018041">
        <ele>1096.2</ele>
        <time>2018-09-03T09:19:58Z</time>
        <sat>10</sat>
      </trkpt>
      <trkpt lat="40.600824" lon="-0.017985">
        <ele>1096.4</ele>
        <time>2018-09-03T09:20:05Z</time>
        <sat>10</sat>
      </trkpt>
      <trkpt lat="40.600713" lon="-0.017891">
        <ele>1096.9</ele>
        <time>2018-09-03T09:20:15Z</time>
        <sat>10</sat>
      </trkpt>
      <trkpt lat="40.600627" lon="-0.017809">
        <ele>1097.4</ele>
        <time>2018-09-03T09:20:22Z</time>
        <sat>10</sat>
      </trkpt>
      <trkpt lat="40.600507" lon="-0.017750">
        <ele>1097.9</ele>
        <time>2018-09-03T09:20:32Z</time>
        <sat>10</sat>
      </trkpt>
      <trkpt lat="40.600422" lon="-0.017698">
        <ele>1098.6</ele>
        <time>2018-09-03T09:20:38Z</time>
        <sat>10</sat>
      </trkpt>
      <trkpt lat="40.600353" lon="-0.017618">
        <ele>1099.3</ele>
        <time>2018-09-03T09:20:45Z</time>
        <sat>10</sat>
      </trkpt>
      <trkpt lat="40.600300" lon="-0.017515">
        <ele>1100.1</ele>
        <time>2018-09-03T09:20:52Z</time>
        <sat>10</sat>
      </trkpt>
      <trkpt lat="40.600269" lon="-0.017401">
        <ele>1101.0</ele>
        <time>2018-09-03T09:20:59Z</time>
        <sat>10</sat>
      </trkpt>
      <trkpt lat="40.600228" lon="-0.017273">
        <ele>1103.0</ele>
        <time>2018-09-03T09:21:06Z</time>
        <sat>10</sat>
      </trkpt>
      <trkpt lat="40.600165" lon="-0.017160">
        <ele>1104.9</ele>
        <time>2018-09-03T09:21:14Z</time>
        <sat>10</sat>
      </trkpt>
      <trkpt lat="40.600084" lon="-0.017071">
        <ele>1106.3</ele>
        <time>2018-09-03T09:21:22Z</time>
        <sat>10</sat>
      </trkpt>
      <trkpt lat="40.600007" lon="-0.016981">
        <ele>1107.3</ele>
        <time>2018-09-03T09:21:29Z</time>
        <sat>10</sat>
      </trkpt>
      <trkpt lat="40.599944" lon="-0.016868">
        <ele>1109.1</ele>
        <time>2018-09-03T09:21:37Z</time>
        <sat>10</sat>
      </trkpt>
      <trkpt lat="40.599888" lon="-0.016696">
        <ele>1112.1</ele>
        <time>2018-09-03T09:21:47Z</time>
        <sat>10</sat>
      </trkpt>
      <trkpt lat="40.599872" lon="-0.016569">
        <ele>1114.0</ele>
        <time>2018-09-03T09:21:55Z</time>
        <sat>10</sat>
      </trkpt>
      <trkpt lat="40.599782" lon="-0.016498">
        <ele>1115.2</ele>
        <time>2018-09-03T09:22:02Z</time>
        <sat>10</sat>
      </trkpt>
      <trkpt lat="40.599687" lon="-0.016511">
        <ele>1115.5</ele>
        <time>2018-09-03T09:22:09Z</time>
        <sat>10</sat>
      </trkpt>
      <trkpt lat="40.599598" lon="-0.016485">
        <ele>1116.2</ele>
        <time>2018-09-03T09:22:16Z</time>
        <sat>10</sat>
      </trkpt>
      <trkpt lat="40.599515" lon="-0.016428">
        <ele>1117.4</ele>
        <time>2018-09-03T09:22:23Z</time>
        <sat>10</sat>
      </trkpt>
      <trkpt lat="40.599427" lon="-0.016383">
        <ele>1118.4</ele>
        <time>2018-09-03T09:22:30Z</time>
        <sat>10</sat>
      </trkpt>
      <trkpt lat="40.599302" lon="-0.016360">
        <ele>1119.8</ele>
        <time>2018-09-03T09:22:39Z</time>
        <sat>10</sat>
      </trkpt>
      <trkpt lat="40.599192" lon="-0.016341">
        <ele>1120.8</ele>
        <time>2018-09-03T09:22:47Z</time>
        <sat>10</sat>
      </trkpt>
      <trkpt lat="40.599113" lon="-0.016281">
        <ele>1121.1</ele>
        <time>2018-09-03T09:22:53Z</time>
        <sat>10</sat>
      </trkpt>
      <trkpt lat="40.599043" lon="-0.016145">
        <ele>1120.9</ele>
        <time>2018-09-03T09:23:02Z</time>
        <sat>10</sat>
      </trkpt>
      <trkpt lat="40.598969" lon="-0.016055">
        <ele>1119.7</ele>
        <time>2018-09-03T09:23:10Z</time>
        <sat>10</sat>
      </trkpt>
      <trkpt lat="40.598875" lon="-0.015961">
        <ele>1120.2</ele>
        <time>2018-09-03T09:23:18Z</time>
        <sat>10</sat>
      </trkpt>
      <trkpt lat="40.598783" lon="-0.015851">
        <ele>1121.0</ele>
        <time>2018-09-03T09:23:27Z</time>
        <sat>10</sat>
      </trkpt>
      <trkpt lat="40.598703" lon="-0.015743">
        <ele>1121.9</ele>
        <time>2018-09-03T09:23:36Z</time>
        <sat>10</sat>
      </trkpt>
      <trkpt lat="40.598644" lon="-0.015640">
        <ele>1123.6</ele>
        <time>2018-09-03T09:23:43Z</time>
        <sat>10</sat>
      </trkpt>
      <trkpt lat="40.598572" lon="-0.015543">
        <ele>1125.7</ele>
        <time>2018-09-03T09:23:50Z</time>
        <sat>10</sat>
      </trkpt>
      <trkpt lat="40.598500" lon="-0.015451">
        <ele>1126.7</ele>
        <time>2018-09-03T09:23:58Z</time>
        <sat>10</sat>
      </trkpt>
      <trkpt lat="40.598414" lon="-0.015339">
        <ele>1127.7</ele>
        <time>2018-09-03T09:24:06Z</time>
        <sat>10</sat>
      </trkpt>
      <trkpt lat="40.598342" lon="-0.015258">
        <ele>1128.9</ele>
        <time>2018-09-03T09:24:13Z</time>
        <sat>10</sat>
      </trkpt>
      <trkpt lat="40.598259" lon="-0.015181">
        <ele>1129.3</ele>
        <time>2018-09-03T09:24:21Z</time>
        <sat>10</sat>
      </trkpt>
      <trkpt lat="40.598180" lon="-0.015048">
        <ele>1129.6</ele>
        <time>2018-09-03T09:24:30Z</time>
        <sat>10</sat>
      </trkpt>
      <trkpt lat="40.598132" lon="-0.014938">
        <ele>1130.2</ele>
        <time>2018-09-03T09:24:37Z</time>
        <sat>10</sat>
      </trkpt>
      <trkpt lat="40.598079" lon="-0.014831">
        <ele>1130.7</ele>
        <time>2018-09-03T09:24:44Z</time>
        <sat>10</sat>
      </trkpt>
      <trkpt lat="40.598010" lon="-0.014750">
        <ele>1131.2</ele>
        <time>2018-09-03T09:24:51Z</time>
        <sat>10</sat>
      </trkpt>
      <trkpt lat="40.597907" lon="-0.014651">
        <ele>1131.6</ele>
        <time>2018-09-03T09:25:00Z</time>
        <sat>10</sat>
      </trkpt>
      <trkpt lat="40.597810" lon="-0.014546">
        <ele>1132.6</ele>
        <time>2018-09-03T09:25:09Z</time>
        <sat>10</sat>
      </trkpt>
      <trkpt lat="40.597745" lon="-0.014453">
        <ele>1133.2</ele>
        <time>2018-09-03T09:25:16Z</time>
        <sat>10</sat>
      </trkpt>
      <trkpt lat="40.597665" lon="-0.014356">
        <ele>1133.6</ele>
        <time>2018-09-03T09:25:24Z</time>
        <sat>10</sat>
      </trkpt>
      <trkpt lat="40.597577" lon="-0.014268">
        <ele>1134.1</ele>
        <time>2018-09-03T09:25:32Z</time>
        <sat>10</sat>
      </trkpt>
      <trkpt lat="40.597487" lon="-0.014183">
        <ele>1134.4</ele>
        <time>2018-09-03T09:25:40Z</time>
        <sat>10</sat>
      </trkpt>
      <trkpt lat="40.597400" lon="-0.014106">
        <ele>1134.6</ele>
        <time>2018-09-03T09:25:47Z</time>
        <sat>10</sat>
      </trkpt>
      <trkpt lat="40.597330" lon="-0.014026">
        <ele>1135.1</ele>
        <time>2018-09-03T09:25:54Z</time>
        <sat>10</sat>
      </trkpt>
      <trkpt lat="40.597269" lon="-0.013940">
        <ele>1135.3</ele>
        <time>2018-09-03T09:26:01Z</time>
        <sat>10</sat>
      </trkpt>
      <trkpt lat="40.597198" lon="-0.013840">
        <ele>1134.9</ele>
        <time>2018-09-03T09:26:08Z</time>
        <sat>10</sat>
      </trkpt>
      <trkpt lat="40.597132" lon="-0.013751">
        <ele>1134.4</ele>
        <time>2018-09-03T09:26:15Z</time>
        <sat>10</sat>
      </trkpt>
      <trkpt lat="40.597059" lon="-0.013673">
        <ele>1133.7</ele>
        <time>2018-09-03T09:26:22Z</time>
        <sat>10</sat>
      </trkpt>
      <trkpt lat="40.596964" lon="-0.013630">
        <ele>1132.5</ele>
        <time>2018-09-03T09:26:29Z</time>
        <sat>10</sat>
      </trkpt>
      <trkpt lat="40.596873" lon="-0.013654">
        <ele>1131.0</ele>
        <time>2018-09-03T09:26:36Z</time>
        <sat>10</sat>
      </trkpt>
      <trkpt lat="40.596792" lon="-0.013706">
        <ele>1129.6</ele>
        <time>2018-09-03T09:26:43Z</time>
        <sat>10</sat>
      </trkpt>
      <trkpt lat="40.596704" lon="-0.013640">
        <ele>1128.7</ele>
        <time>2018-09-03T09:26:50Z</time>
        <sat>10</sat>
      </trkpt>
      <trkpt lat="40.596630" lon="-0.013561">
        <ele>1128.1</ele>
        <time>2018-09-03T09:26:57Z</time>
        <sat>10</sat>
      </trkpt>
      <trkpt lat="40.596558" lon="-0.013485">
        <ele>1127.5</ele>
        <time>2018-09-03T09:27:03Z</time>
        <sat>10</sat>
      </trkpt>
      <trkpt lat="40.596474" lon="-0.013419">
        <ele>1127.2</ele>
        <time>2018-09-03T09:27:11Z</time>
        <sat>10</sat>
      </trkpt>
      <trkpt lat="40.596375" lon="-0.013353">
        <ele>1127.5</ele>
        <time>2018-09-03T09:27:19Z</time>
        <sat>10</sat>
      </trkpt>
      <trkpt lat="40.596292" lon="-0.013306">
        <ele>1127.2</ele>
        <time>2018-09-03T09:27:25Z</time>
        <sat>10</sat>
      </trkpt>
      <trkpt lat="40.596188" lon="-0.013255">
        <ele>1127.1</ele>
        <time>2018-09-03T09:27:33Z</time>
        <sat>10</sat>
      </trkpt>
      <trkpt lat="40.596073" lon="-0.013203">
        <ele>1126.7</ele>
        <time>2018-09-03T09:27:42Z</time>
        <sat>10</sat>
      </trkpt>
      <trkpt lat="40.595952" lon="-0.013148">
        <ele>1126.8</ele>
        <time>2018-09-03T09:27:51Z</time>
        <sat>10</sat>
      </trkpt>
      <trkpt lat="40.595820" lon="-0.013088">
        <ele>1127.9</ele>
        <time>2018-09-03T09:28:01Z</time>
        <sat>10</sat>
      </trkpt>
      <trkpt lat="40.595682" lon="-0.013048">
        <ele>1129.2</ele>
        <time>2018-09-03T09:28:12Z</time>
        <sat>10</sat>
      </trkpt>
      <trkpt lat="40.595547" lon="-0.013008">
        <ele>1130.4</ele>
        <time>2018-09-03T09:28:22Z</time>
        <sat>10</sat>
      </trkpt>
      <trkpt lat="40.595410" lon="-0.012961">
        <ele>1132.0</ele>
        <time>2018-09-03T09:28:32Z</time>
        <sat>10</sat>
      </trkpt>
      <trkpt lat="40.595270" lon="-0.012938">
        <ele>1133.9</ele>
        <time>2018-09-03T09:28:42Z</time>
        <sat>10</sat>
      </trkpt>
      <trkpt lat="40.595133" lon="-0.012885">
        <ele>1135.7</ele>
        <time>2018-09-03T09:28:53Z</time>
        <sat>10</sat>
      </trkpt>
      <trkpt lat="40.595003" lon="-0.012805">
        <ele>1137.0</ele>
        <time>2018-09-03T09:29:03Z</time>
        <sat>10</sat>
      </trkpt>
      <trkpt lat="40.594873" lon="-0.012726">
        <ele>1138.5</ele>
        <time>2018-09-03T09:29:14Z</time>
        <sat>10</sat>
      </trkpt>
      <trkpt lat="40.594743" lon="-0.012668">
        <ele>1140.2</ele>
        <time>2018-09-03T09:29:24Z</time>
        <sat>10</sat>
      </trkpt>
      <trkpt lat="40.594617" lon="-0.012613">
        <ele>1141.7</ele>
        <time>2018-09-03T09:29:33Z</time>
        <sat>10</sat>
      </trkpt>
      <trkpt lat="40.594497" lon="-0.012568">
        <ele>1143.4</ele>
        <time>2018-09-03T09:29:42Z</time>
        <sat>10</sat>
      </trkpt>
      <trkpt lat="40.594377" lon="-0.012515">
        <ele>1144.9</ele>
        <time>2018-09-03T09:29:51Z</time>
        <sat>10</sat>
      </trkpt>
      <trkpt lat="40.594265" lon="-0.012451">
        <ele>1146.3</ele>
        <time>2018-09-03T09:30:00Z</time>
        <sat>10</sat>
      </trkpt>
      <trkpt lat="40.594150" lon="-0.012400">
        <ele>1147.7</ele>
        <time>2018-09-03T09:30:09Z</time>
        <sat>10</sat>
      </trkpt>
      <trkpt lat="40.594045" lon="-0.012358">
        <ele>1148.7</ele>
        <time>2018-09-03T09:30:17Z</time>
        <sat>10</sat>
      </trkpt>
      <trkpt lat="40.593954" lon="-0.012314">
        <ele>1149.2</ele>
        <time>2018-09-03T09:30:24Z</time>
        <sat>10</sat>
      </trkpt>
      <trkpt lat="40.593835" lon="-0.012265">
        <ele>1150.2</ele>
        <time>2018-09-03T09:30:33Z</time>
        <sat>10</sat>
      </trkpt>
      <trkpt lat="40.593742" lon="-0.012220">
        <ele>1151.2</ele>
        <time>2018-09-03T09:30:40Z</time>
        <sat>10</sat>
      </trkpt>
      <trkpt lat="40.593742" lon="-0.012220">
        <ele>1151.2</ele>
        <time>2018-09-03T09:30:40Z</time>
        <sat>10</sat>
      </trkpt>
      <trkpt lat="40.593635" lon="-0.012170">
        <ele>1152.0</ele>
        <time>2018-09-03T09:30:49Z</time>
        <sat>10</sat>
      </trkpt>
      <trkpt lat="40.593550" lon="-0.012074">
        <ele>1152.5</ele>
        <time>2018-09-03T09:30:57Z</time>
        <sat>10</sat>
      </trkpt>
      <trkpt lat="40.593500" lon="-0.011955">
        <ele>1152.4</ele>
        <time>2018-09-03T09:31:04Z</time>
        <sat>10</sat>
      </trkpt>
      <trkpt lat="40.593413" lon="-0.011900">
        <ele>1152.9</ele>
        <time>2018-09-03T09:31:11Z</time>
        <sat>10</sat>
      </trkpt>
      <trkpt lat="40.593322" lon="-0.011840">
        <ele>1153.1</ele>
        <time>2018-09-03T09:31:19Z</time>
        <sat>10</sat>
      </trkpt>
      <trkpt lat="40.593235" lon="-0.011746">
        <ele>1153.0</ele>
        <time>2018-09-03T09:31:27Z</time>
        <sat>10</sat>
      </trkpt>
      <trkpt lat="40.593144" lon="-0.011668">
        <ele>1153.1</ele>
        <time>2018-09-03T09:31:35Z</time>
        <sat>10</sat>
      </trkpt>
      <trkpt lat="40.593055" lon="-0.011590">
        <ele>1153.2</ele>
        <time>2018-09-03T09:31:42Z</time>
        <sat>10</sat>
      </trkpt>
      <trkpt lat="40.593067" lon="-0.011466">
        <ele>1152.2</ele>
        <time>2018-09-03T09:31:49Z</time>
        <sat>10</sat>
      </trkpt>
      <trkpt lat="40.593082" lon="-0.011341">
        <ele>1151.3</ele>
        <time>2018-09-03T09:31:56Z</time>
        <sat>10</sat>
      </trkpt>
      <trkpt lat="40.593154" lon="-0.011256">
        <ele>1150.1</ele>
        <time>2018-09-03T09:32:03Z</time>
        <sat>10</sat>
      </trkpt>
      <trkpt lat="40.593192" lon="-0.011145">
        <ele>1148.6</ele>
        <time>2018-09-03T09:32:10Z</time>
        <sat>10</sat>
      </trkpt>
      <trkpt lat="40.593197" lon="-0.011021">
        <ele>1147.1</ele>
        <time>2018-09-03T09:32:17Z</time>
        <sat>10</sat>
      </trkpt>
      <trkpt lat="40.593144" lon="-0.010921">
        <ele>1146.3</ele>
        <time>2018-09-03T09:32:24Z</time>
        <sat>10</sat>
      </trkpt>
      <trkpt lat="40.593073" lon="-0.010828">
        <ele>1145.7</ele>
        <time>2018-09-03T09:32:31Z</time>
        <sat>10</sat>
      </trkpt>
      <trkpt lat="40.593044" lon="-0.010706">
        <ele>1145.2</ele>
        <time>2018-09-03T09:32:38Z</time>
        <sat>10</sat>
      </trkpt>
      <trkpt lat="40.593007" lon="-0.010591">
        <ele>1145.0</ele>
        <time>2018-09-03T09:32:45Z</time>
        <sat>10</sat>
      </trkpt>
      <trkpt lat="40.592972" lon="-0.010471">
        <ele>1143.9</ele>
        <time>2018-09-03T09:32:52Z</time>
        <sat>10</sat>
      </trkpt>
      <trkpt lat="40.592927" lon="-0.010348">
        <ele>1142.9</ele>
        <time>2018-09-03T09:32:59Z</time>
        <sat>10</sat>
      </trkpt>
      <trkpt lat="40.592887" lon="-0.010225">
        <ele>1142.0</ele>
        <time>2018-09-03T09:33:07Z</time>
        <sat>10</sat>
      </trkpt>
      <trkpt lat="40.592847" lon="-0.010106">
        <ele>1141.4</ele>
        <time>2018-09-03T09:33:14Z</time>
        <sat>10</sat>
      </trkpt>
      <trkpt lat="40.592807" lon="-0.009978">
        <ele>1140.5</ele>
        <time>2018-09-03T09:33:22Z</time>
        <sat>10</sat>
      </trkpt>
      <trkpt lat="40.592737" lon="-0.009891">
        <ele>1140.7</ele>
        <time>2018-09-03T09:33:29Z</time>
        <sat>10</sat>
      </trkpt>
      <trkpt lat="40.592653" lon="-0.009846">
        <ele>1141.0</ele>
        <time>2018-09-03T09:33:35Z</time>
        <sat>10</sat>
      </trkpt>
      <trkpt lat="40.592560" lon="-0.009828">
        <ele>1140.6</ele>
        <time>2018-09-03T09:33:42Z</time>
        <sat>10</sat>
      </trkpt>
      <trkpt lat="40.592460" lon="-0.009795">
        <ele>1140.3</ele>
        <time>2018-09-03T09:33:49Z</time>
        <sat>10</sat>
      </trkpt>
      <trkpt lat="40.592360" lon="-0.009756">
        <ele>1140.3</ele>
        <time>2018-09-03T09:33:57Z</time>
        <sat>10</sat>
      </trkpt>
      <trkpt lat="40.592255" lon="-0.009716">
        <ele>1140.3</ele>
        <time>2018-09-03T09:34:05Z</time>
        <sat>10</sat>
      </trkpt>
      <trkpt lat="40.592145" lon="-0.009718">
        <ele>1139.9</ele>
        <time>2018-09-03T09:34:13Z</time>
        <sat>10</sat>
      </trkpt>
      <trkpt lat="40.592045" lon="-0.009693">
        <ele>1139.5</ele>
        <time>2018-09-03T09:34:20Z</time>
        <sat>10</sat>
      </trkpt>
      <trkpt lat="40.591953" lon="-0.009624">
        <ele>1139.5</ele>
        <time>2018-09-03T09:34:28Z</time>
        <sat>10</sat>
      </trkpt>
      <trkpt lat="40.591837" lon="-0.009575">
        <ele>1140.2</ele>
        <time>2018-09-03T09:34:37Z</time>
        <sat>10</sat>
      </trkpt>
      <trkpt lat="40.591738" lon="-0.009526">
        <ele>1142.6</ele>
        <time>2018-09-03T09:34:44Z</time>
        <sat>10</sat>
      </trkpt>
      <trkpt lat="40.591622" lon="-0.009450">
        <ele>1144.9</ele>
        <time>2018-09-03T09:34:54Z</time>
        <sat>10</sat>
      </trkpt>
      <trkpt lat="40.591560" lon="-0.009363">
        <ele>1146.0</ele>
        <time>2018-09-03T09:35:01Z</time>
        <sat>10</sat>
      </trkpt>
      <trkpt lat="40.591474" lon="-0.009250">
        <ele>1147.9</ele>
        <time>2018-09-03T09:35:09Z</time>
        <sat>10</sat>
      </trkpt>
      <trkpt lat="40.591407" lon="-0.009133">
        <ele>1149.1</ele>
        <time>2018-09-03T09:35:18Z</time>
        <sat>10</sat>
      </trkpt>
      <trkpt lat="40.591362" lon="-0.009010">
        <ele>1149.4</ele>
        <time>2018-09-03T09:35:25Z</time>
        <sat>10</sat>
      </trkpt>
      <trkpt lat="40.591313" lon="-0.008895">
        <ele>1149.6</ele>
        <time>2018-09-03T09:35:32Z</time>
        <sat>10</sat>
      </trkpt>
      <trkpt lat="40.591252" lon="-0.008801">
        <ele>1149.7</ele>
        <time>2018-09-03T09:35:39Z</time>
        <sat>10</sat>
      </trkpt>
      <trkpt lat="40.591190" lon="-0.008703">
        <ele>1149.1</ele>
        <time>2018-09-03T09:35:46Z</time>
        <sat>10</sat>
      </trkpt>
      <trkpt lat="40.591137" lon="-0.008593">
        <ele>1148.5</ele>
        <time>2018-09-03T09:35:53Z</time>
        <sat>10</sat>
      </trkpt>
      <trkpt lat="40.591093" lon="-0.008488">
        <ele>1148.0</ele>
        <time>2018-09-03T09:36:00Z</time>
        <sat>10</sat>
      </trkpt>
      <trkpt lat="40.591063" lon="-0.008361">
        <ele>1147.3</ele>
        <time>2018-09-03T09:36:07Z</time>
        <sat>10</sat>
      </trkpt>
      <trkpt lat="40.590980" lon="-0.008301">
        <ele>1146.1</ele>
        <time>2018-09-03T09:36:14Z</time>
        <sat>10</sat>
      </trkpt>
      <trkpt lat="40.590912" lon="-0.008211">
        <ele>1145.4</ele>
        <time>2018-09-03T09:36:21Z</time>
        <sat>10</sat>
      </trkpt>
      <trkpt lat="40.590842" lon="-0.008135">
        <ele>1145.2</ele>
        <time>2018-09-03T09:36:28Z</time>
        <sat>10</sat>
      </trkpt>
      <trkpt lat="40.590770" lon="-0.008061">
        <ele>1145.2</ele>
        <time>2018-09-03T09:36:34Z</time>
        <sat>10</sat>
      </trkpt>
      <trkpt lat="40.590685" lon="-0.007981">
        <ele>1144.9</ele>
        <time>2018-09-03T09:36:42Z</time>
        <sat>10</sat>
      </trkpt>
      <trkpt lat="40.590608" lon="-0.007888">
        <ele>1146.2</ele>
        <time>2018-09-03T09:36:49Z</time>
        <sat>10</sat>
      </trkpt>
      <trkpt lat="40.590535" lon="-0.007798">
        <ele>1147.5</ele>
        <time>2018-09-03T09:36:57Z</time>
        <sat>10</sat>
      </trkpt>
      <trkpt lat="40.590470" lon="-0.007715">
        <ele>1148.7</ele>
        <time>2018-09-03T09:37:03Z</time>
        <sat>10</sat>
      </trkpt>
      <trkpt lat="40.590392" lon="-0.007595">
        <ele>1151.0</ele>
        <time>2018-09-03T09:37:12Z</time>
        <sat>10</sat>
      </trkpt>
      <trkpt lat="40.590318" lon="-0.007470">
        <ele>1152.9</ele>
        <time>2018-09-03T09:37:21Z</time>
        <sat>10</sat>
      </trkpt>
      <trkpt lat="40.590260" lon="-0.007343">
        <ele>1154.3</ele>
        <time>2018-09-03T09:37:29Z</time>
        <sat>10</sat>
      </trkpt>
      <trkpt lat="40.590209" lon="-0.007236">
        <ele>1154.8</ele>
        <time>2018-09-03T09:37:36Z</time>
        <sat>10</sat>
      </trkpt>
      <trkpt lat="40.590109" lon="-0.007158">
        <ele>1156.3</ele>
        <time>2018-09-03T09:37:45Z</time>
        <sat>7</sat>
      </trkpt>
      <trkpt lat="40.590039" lon="-0.007041">
        <ele>1157.5</ele>
        <time>2018-09-03T09:37:53Z</time>
        <sat>7</sat>
      </trkpt>
      <trkpt lat="40.590017" lon="-0.006895">
        <ele>1159.3</ele>
        <time>2018-09-03T09:38:01Z</time>
        <sat>7</sat>
      </trkpt>
      <trkpt lat="40.590007" lon="-0.006766">
        <ele>1160.0</ele>
        <time>2018-09-03T09:38:08Z</time>
        <sat>7</sat>
      </trkpt>
      <trkpt lat="40.589987" lon="-0.006635">
        <ele>1161.0</ele>
        <time>2018-09-03T09:38:16Z</time>
        <sat>7</sat>
      </trkpt>
      <trkpt lat="40.589943" lon="-0.006516">
        <ele>1162.1</ele>
        <time>2018-09-03T09:38:23Z</time>
        <sat>7</sat>
      </trkpt>
      <trkpt lat="40.589884" lon="-0.006394">
        <ele>1163.2</ele>
        <time>2018-09-03T09:38:31Z</time>
        <sat>7</sat>
      </trkpt>
      <trkpt lat="40.589785" lon="-0.006299">
        <ele>1164.9</ele>
        <time>2018-09-03T09:38:40Z</time>
        <sat>7</sat>
      </trkpt>
      <trkpt lat="40.589690" lon="-0.006253">
        <ele>1166.7</ele>
        <time>2018-09-03T09:38:47Z</time>
        <sat>7</sat>
      </trkpt>
      <trkpt lat="40.589597" lon="-0.006188">
        <ele>1167.1</ele>
        <time>2018-09-03T09:38:55Z</time>
        <sat>10</sat>
      </trkpt>
      <trkpt lat="40.589503" lon="-0.006108">
        <ele>1167.2</ele>
        <time>2018-09-03T09:39:03Z</time>
        <sat>10</sat>
      </trkpt>
      <trkpt lat="40.589412" lon="-0.006030">
        <ele>1167.2</ele>
        <time>2018-09-03T09:39:11Z</time>
        <sat>10</sat>
      </trkpt>
      <trkpt lat="40.589339" lon="-0.005949">
        <ele>1167.2</ele>
        <time>2018-09-03T09:39:18Z</time>
        <sat>10</sat>
      </trkpt>
      <trkpt lat="40.589249" lon="-0.005863">
        <ele>1167.2</ele>
        <time>2018-09-03T09:39:26Z</time>
        <sat>10</sat>
      </trkpt>
      <trkpt lat="40.589158" lon="-0.005766">
        <ele>1169.2</ele>
        <time>2018-09-03T09:39:34Z</time>
        <sat>10</sat>
      </trkpt>
      <trkpt lat="40.589077" lon="-0.005705">
        <ele>1170.2</ele>
        <time>2018-09-03T09:39:41Z</time>
        <sat>10</sat>
      </trkpt>
      <trkpt lat="40.588992" lon="-0.005638">
        <ele>1170.2</ele>
        <time>2018-09-03T09:39:48Z</time>
        <sat>10</sat>
      </trkpt>
      <trkpt lat="40.588899" lon="-0.005556">
        <ele>1170.1</ele>
        <time>2018-09-03T09:39:56Z</time>
        <sat>10</sat>
      </trkpt>
      <trkpt lat="40.588797" lon="-0.005463">
        <ele>1170.1</ele>
        <time>2018-09-03T09:40:05Z</time>
        <sat>10</sat>
      </trkpt>
      <trkpt lat="40.588715" lon="-0.005388">
        <ele>1170.0</ele>
        <time>2018-09-03T09:40:13Z</time>
        <sat>10</sat>
      </trkpt>
      <trkpt lat="40.588630" lon="-0.005303">
        <ele>1170.1</ele>
        <time>2018-09-03T09:40:20Z</time>
        <sat>10</sat>
      </trkpt>
      <trkpt lat="40.588537" lon="-0.005218">
        <ele>1171.1</ele>
        <time>2018-09-03T09:40:29Z</time>
        <sat>10</sat>
      </trkpt>
      <trkpt lat="40.588434" lon="-0.005135">
        <ele>1171.3</ele>
        <time>2018-09-03T09:40:37Z</time>
        <sat>10</sat>
      </trkpt>
      <trkpt lat="40.588330" lon="-0.005036">
        <ele>1171.5</ele>
        <time>2018-09-03T09:40:47Z</time>
        <sat>10</sat>
      </trkpt>
      <trkpt lat="40.588235" lon="-0.004943">
        <ele>1172.5</ele>
        <time>2018-09-03T09:40:55Z</time>
        <sat>10</sat>
      </trkpt>
      <trkpt lat="40.588149" lon="-0.004858">
        <ele>1174.3</ele>
        <time>2018-09-03T09:41:03Z</time>
        <sat>10</sat>
      </trkpt>
      <trkpt lat="40.588075" lon="-0.004773">
        <ele>1175.7</ele>
        <time>2018-09-03T09:41:10Z</time>
        <sat>10</sat>
      </trkpt>
      <trkpt lat="40.587987" lon="-0.004643">
        <ele>1176.9</ele>
        <time>2018-09-03T09:41:20Z</time>
        <sat>10</sat>
      </trkpt>
      <trkpt lat="40.587895" lon="-0.004548">
        <ele>1178.1</ele>
        <time>2018-09-03T09:41:28Z</time>
        <sat>10</sat>
      </trkpt>
      <trkpt lat="40.587827" lon="-0.004441">
        <ele>1180.4</ele>
        <time>2018-09-03T09:41:36Z</time>
        <sat>10</sat>
      </trkpt>
      <trkpt lat="40.587770" lon="-0.004340">
        <ele>1182.9</ele>
        <time>2018-09-03T09:41:43Z</time>
        <sat>10</sat>
      </trkpt>
      <trkpt lat="40.587703" lon="-0.004238">
        <ele>1185.5</ele>
        <time>2018-09-03T09:41:51Z</time>
        <sat>10</sat>
      </trkpt>
      <trkpt lat="40.587649" lon="-0.004133">
        <ele>1187.1</ele>
        <time>2018-09-03T09:41:58Z</time>
        <sat>10</sat>
      </trkpt>
      <trkpt lat="40.587598" lon="-0.003991">
        <ele>1189.5</ele>
        <time>2018-09-03T09:42:07Z</time>
        <sat>10</sat>
      </trkpt>
      <trkpt lat="40.587545" lon="-0.003850">
        <ele>1192.7</ele>
        <time>2018-09-03T09:42:16Z</time>
        <sat>10</sat>
      </trkpt>
      <trkpt lat="40.587503" lon="-0.003698">
        <ele>1195.1</ele>
        <time>2018-09-03T09:42:25Z</time>
        <sat>10</sat>
      </trkpt>
      <trkpt lat="40.587465" lon="-0.003556">
        <ele>1196.3</ele>
        <time>2018-09-03T09:42:33Z</time>
        <sat>10</sat>
      </trkpt>
      <trkpt lat="40.587403" lon="-0.003450">
        <ele>1198.3</ele>
        <time>2018-09-03T09:42:40Z</time>
        <sat>10</sat>
      </trkpt>
      <trkpt lat="40.587315" lon="-0.003381">
        <ele>1200.5</ele>
        <time>2018-09-03T09:42:48Z</time>
        <sat>10</sat>
      </trkpt>
      <trkpt lat="40.587224" lon="-0.003308">
        <ele>1203.1</ele>
        <time>2018-09-03T09:42:56Z</time>
        <sat>10</sat>
      </trkpt>
      <trkpt lat="40.587137" lon="-0.003213">
        <ele>1205.5</ele>
        <time>2018-09-03T09:43:04Z</time>
        <sat>10</sat>
      </trkpt>
      <trkpt lat="40.587062" lon="-0.003105">
        <ele>1207.8</ele>
        <time>2018-09-03T09:43:12Z</time>
        <sat>10</sat>
      </trkpt>
      <trkpt lat="40.586992" lon="-0.003003">
        <ele>1209.7</ele>
        <time>2018-09-03T09:43:20Z</time>
        <sat>10</sat>
      </trkpt>
      <trkpt lat="40.586912" lon="-0.002938">
        <ele>1210.8</ele>
        <time>2018-09-03T09:43:27Z</time>
        <sat>10</sat>
      </trkpt>
      <trkpt lat="40.586853" lon="-0.002801">
        <ele>1211.7</ele>
        <time>2018-09-03T09:43:35Z</time>
        <sat>10</sat>
      </trkpt>
      <trkpt lat="40.586800" lon="-0.002678">
        <ele>1213.0</ele>
        <time>2018-09-03T09:43:43Z</time>
        <sat>10</sat>
      </trkpt>
      <trkpt lat="40.586727" lon="-0.002590">
        <ele>1213.7</ele>
        <time>2018-09-03T09:43:51Z</time>
        <sat>10</sat>
      </trkpt>
      <trkpt lat="40.586642" lon="-0.002531">
        <ele>1213.8</ele>
        <time>2018-09-03T09:43:57Z</time>
        <sat>10</sat>
      </trkpt>
      <trkpt lat="40.586610" lon="-0.002416">
        <ele>1214.0</ele>
        <time>2018-09-03T09:44:04Z</time>
        <sat>10</sat>
      </trkpt>
      <trkpt lat="40.586580" lon="-0.002301">
        <ele>1214.1</ele>
        <time>2018-09-03T09:44:11Z</time>
        <sat>10</sat>
      </trkpt>
      <trkpt lat="40.586550" lon="-0.002178">
        <ele>1213.9</ele>
        <time>2018-09-03T09:44:18Z</time>
        <sat>10</sat>
      </trkpt>
      <trkpt lat="40.586524" lon="-0.002053">
        <ele>1213.8</ele>
        <time>2018-09-03T09:44:25Z</time>
        <sat>10</sat>
      </trkpt>
      <trkpt lat="40.586508" lon="-0.001923">
        <ele>1213.9</ele>
        <time>2018-09-03T09:44:32Z</time>
        <sat>10</sat>
      </trkpt>
      <trkpt lat="40.586485" lon="-0.001796">
        <ele>1214.0</ele>
        <time>2018-09-03T09:44:40Z</time>
        <sat>10</sat>
      </trkpt>
      <trkpt lat="40.586445" lon="-0.001671">
        <ele>1214.1</ele>
        <time>2018-09-03T09:44:47Z</time>
        <sat>10</sat>
      </trkpt>
      <trkpt lat="40.586377" lon="-0.001574">
        <ele>1214.2</ele>
        <time>2018-09-03T09:44:54Z</time>
        <sat>10</sat>
      </trkpt>
      <trkpt lat="40.586319" lon="-0.001461">
        <ele>1214.5</ele>
        <time>2018-09-03T09:45:02Z</time>
        <sat>10</sat>
      </trkpt>
      <trkpt lat="40.586262" lon="-0.001355">
        <ele>1214.5</ele>
        <time>2018-09-03T09:45:09Z</time>
        <sat>10</sat>
      </trkpt>
      <trkpt lat="40.586227" lon="-0.001186">
        <ele>1214.9</ele>
        <time>2018-09-03T09:45:19Z</time>
        <sat>10</sat>
      </trkpt>
      <trkpt lat="40.586215" lon="-0.001066">
        <ele>1215.4</ele>
        <time>2018-09-03T09:45:25Z</time>
        <sat>10</sat>
      </trkpt>
      <trkpt lat="40.586195" lon="-0.000908">
        <ele>1216.7</ele>
        <time>2018-09-03T09:45:34Z</time>
        <sat>10</sat>
      </trkpt>
      <trkpt lat="40.586170" lon="-0.000766">
        <ele>1218.0</ele>
        <time>2018-09-03T09:45:42Z</time>
        <sat>10</sat>
      </trkpt>
      <trkpt lat="40.586119" lon="-0.000633">
        <ele>1219.0</ele>
        <time>2018-09-03T09:45:50Z</time>
        <sat>10</sat>
      </trkpt>
      <trkpt lat="40.586075" lon="-0.000489">
        <ele>1220.2</ele>
        <time>2018-09-03T09:45:59Z</time>
        <sat>10</sat>
      </trkpt>
      <trkpt lat="40.586030" lon="-0.000379">
        <ele>1221.0</ele>
        <time>2018-09-03T09:46:06Z</time>
        <sat>10</sat>
      </trkpt>
      <trkpt lat="40.585958" lon="-0.000280">
        <ele>1222.0</ele>
        <time>2018-09-03T09:46:13Z</time>
        <sat>10</sat>
      </trkpt>
      <trkpt lat="40.585879" lon="-0.000168">
        <ele>1224.1</ele>
        <time>2018-09-03T09:46:22Z</time>
        <sat>10</sat>
      </trkpt>
      <trkpt lat="40.585813" lon="-0.000043">
        <ele>1226.2</ele>
        <time>2018-09-03T09:46:30Z</time>
        <sat>10</sat>
      </trkpt>
      <trkpt lat="40.585750" lon="0.000067">
        <ele>1227.1</ele>
        <time>2018-09-03T09:46:38Z</time>
        <sat>10</sat>
      </trkpt>
      <trkpt lat="40.585680" lon="0.000185">
        <ele>1229.4</ele>
        <time>2018-09-03T09:46:46Z</time>
        <sat>10</sat>
      </trkpt>
      <trkpt lat="40.585620" lon="0.000307">
        <ele>1230.4</ele>
        <time>2018-09-03T09:46:54Z</time>
        <sat>10</sat>
      </trkpt>
      <trkpt lat="40.585527" lon="0.000385">
        <ele>1232.1</ele>
        <time>2018-09-03T09:47:02Z</time>
        <sat>10</sat>
      </trkpt>
      <trkpt lat="40.585452" lon="0.000467">
        <ele>1234.4</ele>
        <time>2018-09-03T09:47:10Z</time>
        <sat>10</sat>
      </trkpt>
      <trkpt lat="40.585383" lon="0.000580">
        <ele>1237.2</ele>
        <time>2018-09-03T09:47:18Z</time>
        <sat>10</sat>
      </trkpt>
      <trkpt lat="40.585297" lon="0.000667">
        <ele>1239.8</ele>
        <time>2018-09-03T09:47:26Z</time>
        <sat>10</sat>
      </trkpt>
      <trkpt lat="40.585214" lon="0.000745">
        <ele>1242.1</ele>
        <time>2018-09-03T09:47:33Z</time>
        <sat>10</sat>
      </trkpt>
      <trkpt lat="40.585147" lon="0.000873">
        <ele>1244.7</ele>
        <time>2018-09-03T09:47:42Z</time>
        <sat>10</sat>
      </trkpt>
      <trkpt lat="40.585095" lon="0.000995">
        <ele>1246.9</ele>
        <time>2018-09-03T09:47:50Z</time>
        <sat>10</sat>
      </trkpt>
      <trkpt lat="40.585030" lon="0.001140">
        <ele>1249.1</ele>
        <time>2018-09-03T09:47:59Z</time>
        <sat>10</sat>
      </trkpt>
      <trkpt lat="40.584997" lon="0.001279">
        <ele>1250.9</ele>
        <time>2018-09-03T09:48:07Z</time>
        <sat>10</sat>
      </trkpt>
      <trkpt lat="40.584950" lon="0.001397">
        <ele>1252.1</ele>
        <time>2018-09-03T09:48:15Z</time>
        <sat>10</sat>
      </trkpt>
      <trkpt lat="40.584928" lon="0.001525">
        <ele>1251.6</ele>
        <time>2018-09-03T09:48:22Z</time>
        <sat>10</sat>
      </trkpt>
      <trkpt lat="40.584917" lon="0.001652">
        <ele>1250.2</ele>
        <time>2018-09-03T09:48:29Z</time>
        <sat>10</sat>
      </trkpt>
      <trkpt lat="40.584932" lon="0.001772">
        <ele>1249.0</ele>
        <time>2018-09-03T09:48:36Z</time>
        <sat>10</sat>
      </trkpt>
      <trkpt lat="40.584964" lon="0.001897">
        <ele>1248.3</ele>
        <time>2018-09-03T09:48:43Z</time>
        <sat>10</sat>
      </trkpt>
      <trkpt lat="40.584992" lon="0.002022">
        <ele>1247.5</ele>
        <time>2018-09-03T09:48:50Z</time>
        <sat>9</sat>
      </trkpt>
      <trkpt lat="40.585009" lon="0.002154">
        <ele>1246.1</ele>
        <time>2018-09-03T09:48:58Z</time>
        <sat>10</sat>
      </trkpt>
      <trkpt lat="40.585020" lon="0.002279">
        <ele>1245.1</ele>
        <time>2018-09-03T09:49:05Z</time>
        <sat>10</sat>
      </trkpt>
      <trkpt lat="40.585037" lon="0.002412">
        <ele>1243.8</ele>
        <time>2018-09-03T09:49:12Z</time>
        <sat>10</sat>
      </trkpt>
      <trkpt lat="40.585045" lon="0.002537">
        <ele>1242.7</ele>
        <time>2018-09-03T09:49:19Z</time>
        <sat>10</sat>
      </trkpt>
      <trkpt lat="40.585050" lon="0.002657">
        <ele>1242.1</ele>
        <time>2018-09-03T09:49:26Z</time>
        <sat>10</sat>
      </trkpt>
      <trkpt lat="40.585047" lon="0.002782">
        <ele>1241.5</ele>
        <time>2018-09-03T09:49:32Z</time>
        <sat>10</sat>
      </trkpt>
      <trkpt lat="40.585033" lon="0.002903">
        <ele>1240.6</ele>
        <time>2018-09-03T09:49:39Z</time>
        <sat>10</sat>
      </trkpt>
      <trkpt lat="40.585014" lon="0.003022">
        <ele>1239.7</ele>
        <time>2018-09-03T09:49:46Z</time>
        <sat>10</sat>
      </trkpt>
      <trkpt lat="40.584995" lon="0.003145">
        <ele>1238.9</ele>
        <time>2018-09-03T09:49:53Z</time>
        <sat>10</sat>
      </trkpt>
      <trkpt lat="40.584992" lon="0.003265">
        <ele>1238.2</ele>
        <time>2018-09-03T09:49:59Z</time>
        <sat>10</sat>
      </trkpt>
      <trkpt lat="40.585000" lon="0.003390">
        <ele>1237.7</ele>
        <time>2018-09-03T09:50:06Z</time>
        <sat>10</sat>
      </trkpt>
      <trkpt lat="40.585028" lon="0.003515">
        <ele>1237.5</ele>
        <time>2018-09-03T09:50:14Z</time>
        <sat>10</sat>
      </trkpt>
      <trkpt lat="40.585095" lon="0.003624">
        <ele>1237.3</ele>
        <time>2018-09-03T09:50:21Z</time>
        <sat>10</sat>
      </trkpt>
      <trkpt lat="40.585099" lon="0.003752">
        <ele>1236.5</ele>
        <time>2018-09-03T09:50:28Z</time>
        <sat>10</sat>
      </trkpt>
      <trkpt lat="40.585105" lon="0.003877">
        <ele>1235.9</ele>
        <time>2018-09-03T09:50:35Z</time>
        <sat>10</sat>
      </trkpt>
      <trkpt lat="40.585109" lon="0.004008">
        <ele>1235.5</ele>
        <time>2018-09-03T09:50:42Z</time>
        <sat>10</sat>
      </trkpt>
      <trkpt lat="40.585097" lon="0.004130">
        <ele>1234.6</ele>
        <time>2018-09-03T09:50:49Z</time>
        <sat>10</sat>
      </trkpt>
      <trkpt lat="40.585073" lon="0.004262">
        <ele>1234.0</ele>
        <time>2018-09-03T09:50:57Z</time>
        <sat>10</sat>
      </trkpt>
      <trkpt lat="40.585070" lon="0.004389">
        <ele>1233.9</ele>
        <time>2018-09-03T09:51:04Z</time>
        <sat>8</sat>
      </trkpt>
      <trkpt lat="40.585038" lon="0.004514">
        <ele>1233.3</ele>
        <time>2018-09-03T09:51:11Z</time>
        <sat>8</sat>
      </trkpt>
      <trkpt lat="40.585019" lon="0.004635">
        <ele>1233.1</ele>
        <time>2018-09-03T09:51:18Z</time>
        <sat>8</sat>
      </trkpt>
      <trkpt lat="40.584985" lon="0.004775">
        <ele>1232.8</ele>
        <time>2018-09-03T09:51:26Z</time>
        <sat>8</sat>
      </trkpt>
      <trkpt lat="40.584974" lon="0.004917">
        <ele>1232.9</ele>
        <time>2018-09-03T09:51:34Z</time>
        <sat>8</sat>
      </trkpt>
      <trkpt lat="40.584965" lon="0.005048">
        <ele>1233.1</ele>
        <time>2018-09-03T09:51:41Z</time>
        <sat>8</sat>
      </trkpt>
      <trkpt lat="40.584967" lon="0.005189">
        <ele>1233.9</ele>
        <time>2018-09-03T09:51:49Z</time>
        <sat>8</sat>
      </trkpt>
      <trkpt lat="40.584945" lon="0.005330">
        <ele>1234.3</ele>
        <time>2018-09-03T09:51:57Z</time>
        <sat>8</sat>
      </trkpt>
      <trkpt lat="40.584902" lon="0.005445">
        <ele>1234.0</ele>
        <time>2018-09-03T09:52:04Z</time>
        <sat>7</sat>
      </trkpt>
      <trkpt lat="40.584874" lon="0.005559">
        <ele>1234.0</ele>
        <time>2018-09-03T09:52:10Z</time>
        <sat>5</sat>
      </trkpt>
      <trkpt lat="40.584854" lon="0.005698">
        <ele>1234.2</ele>
        <time>2018-09-03T09:52:18Z</time>
        <sat>5</sat>
      </trkpt>
      <trkpt lat="40.584845" lon="0.005842">
        <ele>1234.7</ele>
        <time>2018-09-03T09:52:26Z</time>
        <sat>5</sat>
      </trkpt>
      <trkpt lat="40.584835" lon="0.005979">
        <ele>1235.1</ele>
        <time>2018-09-03T09:52:33Z</time>
        <sat>5</sat>
      </trkpt>
      <trkpt lat="40.584832" lon="0.006138">
        <ele>1235.4</ele>
        <time>2018-09-03T09:52:42Z</time>
        <sat>5</sat>
      </trkpt>
      <trkpt lat="40.584835" lon="0.006287">
        <ele>1235.5</ele>
        <time>2018-09-03T09:52:50Z</time>
        <sat>5</sat>
      </trkpt>
      <trkpt lat="40.584800" lon="0.006409">
        <ele>1234.7</ele>
        <time>2018-09-03T09:52:58Z</time>
        <sat>10</sat>
      </trkpt>
      <trkpt lat="40.584775" lon="0.006540">
        <ele>1234.2</ele>
        <time>2018-09-03T09:53:05Z</time>
        <sat>10</sat>
      </trkpt>
      <trkpt lat="40.584762" lon="0.006667">
        <ele>1233.8</ele>
        <time>2018-09-03T09:53:12Z</time>
        <sat>10</sat>
      </trkpt>
      <trkpt lat="40.584755" lon="0.006789">
        <ele>1233.6</ele>
        <time>2018-09-03T09:53:19Z</time>
        <sat>10</sat>
      </trkpt>
      <trkpt lat="40.584752" lon="0.006912">
        <ele>1233.7</ele>
        <time>2018-09-03T09:53:26Z</time>
        <sat>10</sat>
      </trkpt>
      <trkpt lat="40.584740" lon="0.007047">
        <ele>1233.6</ele>
        <time>2018-09-03T09:53:33Z</time>
        <sat>10</sat>
      </trkpt>
      <trkpt lat="40.584708" lon="0.007182">
        <ele>1233.5</ele>
        <time>2018-09-03T09:53:41Z</time>
        <sat>10</sat>
      </trkpt>
      <trkpt lat="40.584674" lon="0.007304">
        <ele>1233.4</ele>
        <time>2018-09-03T09:53:48Z</time>
        <sat>10</sat>
      </trkpt>
      <trkpt lat="40.584633" lon="0.007429">
        <ele>1233.4</ele>
        <time>2018-09-03T09:53:55Z</time>
        <sat>10</sat>
      </trkpt>
      <trkpt lat="40.584580" lon="0.007552">
        <ele>1234.2</ele>
        <time>2018-09-03T09:54:03Z</time>
        <sat>9</sat>
      </trkpt>
      <trkpt lat="40.584530" lon="0.007675">
        <ele>1235.4</ele>
        <time>2018-09-03T09:54:11Z</time>
        <sat>10</sat>
      </trkpt>
      <trkpt lat="40.584515" lon="0.007828">
        <ele>1237.6</ele>
        <time>2018-09-03T09:54:20Z</time>
        <sat>10</sat>
      </trkpt>
      <trkpt lat="40.584495" lon="0.007974">
        <ele>1239.3</ele>
        <time>2018-09-03T09:54:28Z</time>
        <sat>10</sat>
      </trkpt>
      <trkpt lat="40.584485" lon="0.008100">
        <ele>1241.1</ele>
        <time>2018-09-03T09:54:35Z</time>
        <sat>10</sat>
      </trkpt>
      <trkpt lat="40.584459" lon="0.008234">
        <ele>1243.4</ele>
        <time>2018-09-03T09:54:43Z</time>
        <sat>10</sat>
      </trkpt>
      <trkpt lat="40.584399" lon="0.008377">
        <ele>1246.0</ele>
        <time>2018-09-03T09:54:52Z</time>
        <sat>10</sat>
      </trkpt>
      <trkpt lat="40.584300" lon="0.008468">
        <ele>1247.6</ele>
        <time>2018-09-03T09:55:01Z</time>
        <sat>10</sat>
      </trkpt>
      <trkpt lat="40.584248" lon="0.008575">
        <ele>1249.3</ele>
        <time>2018-09-03T09:55:08Z</time>
        <sat>10</sat>
      </trkpt>
      <trkpt lat="40.584248" lon="0.008575">
        <ele>1249.3</ele>
        <time>2018-09-03T09:55:08Z</time>
        <sat>10</sat>
      </trkpt>
      <trkpt lat="40.584207" lon="0.008685">
        <ele>1249.4</ele>
        <time>2018-09-03T09:55:14Z</time>
        <sat>10</sat>
      </trkpt>
      <trkpt lat="40.584189" lon="0.008805">
        <ele>1248.5</ele>
        <time>2018-09-03T09:55:21Z</time>
        <sat>10</sat>
      </trkpt>
      <trkpt lat="40.584217" lon="0.008935">
        <ele>1247.7</ele>
        <time>2018-09-03T09:55:29Z</time>
        <sat>10</sat>
      </trkpt>
      <trkpt lat="40.584162" lon="0.009030">
        <ele>1246.0</ele>
        <time>2018-09-03T09:55:35Z</time>
        <sat>10</sat>
      </trkpt>
      <trkpt lat="40.584117" lon="0.008923">
        <ele>1246.0</ele>
        <time>2018-09-03T09:55:42Z</time>
        <sat>10</sat>
      </trkpt>
      <trkpt lat="40.584087" lon="0.008812">
        <ele>1245.4</ele>
        <time>2018-09-03T09:55:48Z</time>
        <sat>10</sat>
      </trkpt>
      <trkpt lat="40.584047" lon="0.008695">
        <ele>1244.4</ele>
        <time>2018-09-03T09:55:56Z</time>
        <sat>10</sat>
      </trkpt>
      <trkpt lat="40.583952" lon="0.008717">
        <ele>1242.2</ele>
        <time>2018-09-03T09:56:03Z</time>
        <sat>10</sat>
      </trkpt>
      <trkpt lat="40.583923" lon="0.008833">
        <ele>1241.2</ele>
        <time>2018-09-03T09:56:09Z</time>
        <sat>10</sat>
      </trkpt>
      <trkpt lat="40.583879" lon="0.008952">
        <ele>1240.1</ele>
        <time>2018-09-03T09:56:17Z</time>
        <sat>10</sat>
      </trkpt>
      <trkpt lat="40.583838" lon="0.009062">
        <ele>1238.9</ele>
        <time>2018-09-03T09:56:24Z</time>
        <sat>10</sat>
      </trkpt>
      <trkpt lat="40.583808" lon="0.009185">
        <ele>1237.5</ele>
        <time>2018-09-03T09:56:31Z</time>
        <sat>10</sat>
      </trkpt>
      <trkpt lat="40.583805" lon="0.009307">
        <ele>1236.3</ele>
        <time>2018-09-03T09:56:37Z</time>
        <sat>10</sat>
      </trkpt>
      <trkpt lat="40.583815" lon="0.009435">
        <ele>1234.8</ele>
        <time>2018-09-03T09:56:45Z</time>
        <sat>10</sat>
      </trkpt>
      <trkpt lat="40.583844" lon="0.009557">
        <ele>1233.3</ele>
        <time>2018-09-03T09:56:52Z</time>
        <sat>10</sat>
      </trkpt>
      <trkpt lat="40.583889" lon="0.009669">
        <ele>1232.3</ele>
        <time>2018-09-03T09:56:59Z</time>
        <sat>10</sat>
      </trkpt>
      <trkpt lat="40.583943" lon="0.009765">
        <ele>1231.6</ele>
        <time>2018-09-03T09:57:05Z</time>
        <sat>10</sat>
      </trkpt>
      <trkpt lat="40.584002" lon="0.009874">
        <ele>1230.6</ele>
        <time>2018-09-03T09:57:13Z</time>
        <sat>10</sat>
      </trkpt>
      <trkpt lat="40.584057" lon="0.009974">
        <ele>1229.5</ele>
        <time>2018-09-03T09:57:19Z</time>
        <sat>10</sat>
      </trkpt>
      <trkpt lat="40.584105" lon="0.010078">
        <ele>1228.2</ele>
        <time>2018-09-03T09:57:26Z</time>
        <sat>10</sat>
      </trkpt>
      <trkpt lat="40.584142" lon="0.010199">
        <ele>1226.5</ele>
        <time>2018-09-03T09:57:33Z</time>
        <sat>10</sat>
      </trkpt>
      <trkpt lat="40.584124" lon="0.010325">
        <ele>1224.8</ele>
        <time>2018-09-03T09:57:41Z</time>
        <sat>10</sat>
      </trkpt>
      <trkpt lat="40.584048" lon="0.010405">
        <ele>1223.5</ele>
        <time>2018-09-03T09:57:48Z</time>
        <sat>10</sat>
      </trkpt>
      <trkpt lat="40.583957" lon="0.010412">
        <ele>1222.6</ele>
        <time>2018-09-03T09:57:54Z</time>
        <sat>10</sat>
      </trkpt>
      <trkpt lat="40.583872" lon="0.010367">
        <ele>1221.3</ele>
        <time>2018-09-03T09:58:01Z</time>
        <sat>10</sat>
      </trkpt>
      <trkpt lat="40.583777" lon="0.010324">
        <ele>1220.5</ele>
        <time>2018-09-03T09:58:08Z</time>
        <sat>10</sat>
      </trkpt>
      <trkpt lat="40.583698" lon="0.010393">
        <ele>1218.6</ele>
        <time>2018-09-03T09:58:15Z</time>
        <sat>10</sat>
      </trkpt>
      <trkpt lat="40.583735" lon="0.010517">
        <ele>1217.1</ele>
        <time>2018-09-03T09:58:23Z</time>
        <sat>10</sat>
      </trkpt>
      <trkpt lat="40.583792" lon="0.010618">
        <ele>1215.9</ele>
        <time>2018-09-03T09:58:30Z</time>
        <sat>10</sat>
      </trkpt>
      <trkpt lat="40.583852" lon="0.010712">
        <ele>1214.8</ele>
        <time>2018-09-03T09:58:36Z</time>
        <sat>10</sat>
      </trkpt>
      <trkpt lat="40.583915" lon="0.010822">
        <ele>1213.9</ele>
        <time>2018-09-03T09:58:44Z</time>
        <sat>10</sat>
      </trkpt>
      <trkpt lat="40.583970" lon="0.010920">
        <ele>1213.0</ele>
        <time>2018-09-03T09:58:51Z</time>
        <sat>10</sat>
      </trkpt>
      <trkpt lat="40.584022" lon="0.011027">
        <ele>1212.1</ele>
        <time>2018-09-03T09:58:58Z</time>
        <sat>10</sat>
      </trkpt>
      <trkpt lat="40.584074" lon="0.011135">
        <ele>1211.2</ele>
        <time>2018-09-03T09:59:05Z</time>
        <sat>10</sat>
      </trkpt>
      <trkpt lat="40.584124" lon="0.011243">
        <ele>1210.3</ele>
        <time>2018-09-03T09:59:12Z</time>
        <sat>10</sat>
      </trkpt>
      <trkpt lat="40.584177" lon="0.011352">
        <ele>1209.5</ele>
        <time>2018-09-03T09:59:19Z</time>
        <sat>10</sat>
      </trkpt>
      <trkpt lat="40.584222" lon="0.011465">
        <ele>1208.7</ele>
        <time>2018-09-03T09:59:26Z</time>
        <sat>10</sat>
      </trkpt>
      <trkpt lat="40.584260" lon="0.011588">
        <ele>1207.3</ele>
        <time>2018-09-03T09:59:33Z</time>
        <sat>10</sat>
      </trkpt>
      <trkpt lat="40.584278" lon="0.011717">
        <ele>1206.0</ele>
        <time>2018-09-03T09:59:40Z</time>
        <sat>10</sat>
      </trkpt>
      <trkpt lat="40.584280" lon="0.011845">
        <ele>1205.0</ele>
        <time>2018-09-03T09:59:48Z</time>
        <sat>10</sat>
      </trkpt>
      <trkpt lat="40.584268" lon="0.011965">
        <ele>1204.1</ele>
        <time>2018-09-03T09:59:54Z</time>
        <sat>10</sat>
      </trkpt>
      <trkpt lat="40.584248" lon="0.012087">
        <ele>1203.1</ele>
        <time>2018-09-03T10:00:01Z</time>
        <sat>10</sat>
      </trkpt>
      <trkpt lat="40.584225" lon="0.012207">
        <ele>1201.7</ele>
        <time>2018-09-03T10:00:08Z</time>
        <sat>10</sat>
      </trkpt>
      <trkpt lat="40.584200" lon="0.012322">
        <ele>1200.6</ele>
        <time>2018-09-03T10:00:15Z</time>
        <sat>10</sat>
      </trkpt>
      <trkpt lat="40.584173" lon="0.012449">
        <ele>1199.6</ele>
        <time>2018-09-03T10:00:22Z</time>
        <sat>10</sat>
      </trkpt>
      <trkpt lat="40.584172" lon="0.012595">
        <ele>1199.0</ele>
        <time>2018-09-03T10:00:30Z</time>
        <sat>10</sat>
      </trkpt>
      <trkpt lat="40.584239" lon="0.012699">
        <ele>1199.1</ele>
        <time>2018-09-03T10:00:37Z</time>
        <sat>10</sat>
      </trkpt>
      <trkpt lat="40.584212" lon="0.012825">
        <ele>1199.3</ele>
        <time>2018-09-03T10:00:45Z</time>
        <sat>10</sat>
      </trkpt>
      <trkpt lat="40.584153" lon="0.012978">
        <ele>1201.3</ele>
        <time>2018-09-03T10:00:54Z</time>
        <sat>10</sat>
      </trkpt>
      <trkpt lat="40.584080" lon="0.013090">
        <ele>1201.9</ele>
        <time>2018-09-03T10:01:02Z</time>
        <sat>10</sat>
      </trkpt>
      <trkpt lat="40.583985" lon="0.013170">
        <ele>1202.1</ele>
        <time>2018-09-03T10:01:10Z</time>
        <sat>10</sat>
      </trkpt>
      <trkpt lat="40.583902" lon="0.013273">
        <ele>1202.9</ele>
        <time>2018-09-03T10:01:19Z</time>
        <sat>10</sat>
      </trkpt>
      <trkpt lat="40.583845" lon="0.013392">
        <ele>1204.2</ele>
        <time>2018-09-03T10:01:26Z</time>
        <sat>10</sat>
      </trkpt>
      <trkpt lat="40.583790" lon="0.013505">
        <ele>1205.5</ele>
        <time>2018-09-03T10:01:34Z</time>
        <sat>10</sat>
      </trkpt>
      <trkpt lat="40.583720" lon="0.013589">
        <ele>1206.0</ele>
        <time>2018-09-03T10:01:41Z</time>
        <sat>10</sat>
      </trkpt>
      <trkpt lat="40.583647" lon="0.013660">
        <ele>1206.4</ele>
        <time>2018-09-03T10:01:47Z</time>
        <sat>10</sat>
      </trkpt>
      <trkpt lat="40.583563" lon="0.013727">
        <ele>1206.5</ele>
        <time>2018-09-03T10:01:54Z</time>
        <sat>10</sat>
      </trkpt>
      <trkpt lat="40.583480" lon="0.013810">
        <ele>1206.9</ele>
        <time>2018-09-03T10:02:02Z</time>
        <sat>10</sat>
      </trkpt>
      <trkpt lat="40.583404" lon="0.013905">
        <ele>1207.5</ele>
        <time>2018-09-03T10:02:10Z</time>
        <sat>10</sat>
      </trkpt>
      <trkpt lat="40.583339" lon="0.014000">
        <ele>1208.2</ele>
        <time>2018-09-03T10:02:17Z</time>
        <sat>10</sat>
      </trkpt>
      <trkpt lat="40.583255" lon="0.014132">
        <ele>1208.4</ele>
        <time>2018-09-03T10:02:26Z</time>
        <sat>10</sat>
      </trkpt>
      <trkpt lat="40.583187" lon="0.014272">
        <ele>1208.7</ele>
        <time>2018-09-03T10:02:35Z</time>
        <sat>10</sat>
      </trkpt>
      <trkpt lat="40.583168" lon="0.014398">
        <ele>1209.5</ele>
        <time>2018-09-03T10:02:42Z</time>
        <sat>10</sat>
      </trkpt>
      <trkpt lat="40.583180" lon="0.014527">
        <ele>1210.2</ele>
        <time>2018-09-03T10:02:49Z</time>
        <sat>10</sat>
      </trkpt>
      <trkpt lat="40.583214" lon="0.014643">
        <ele>1210.6</ele>
        <time>2018-09-03T10:02:56Z</time>
        <sat>10</sat>
      </trkpt>
      <trkpt lat="40.583287" lon="0.014787">
        <ele>1211.5</ele>
        <time>2018-09-03T10:03:06Z</time>
        <sat>10</sat>
      </trkpt>
      <trkpt lat="40.583362" lon="0.014900">
        <ele>1212.4</ele>
        <time>2018-09-03T10:03:14Z</time>
        <sat>10</sat>
      </trkpt>
      <trkpt lat="40.583435" lon="0.014995">
        <ele>1212.9</ele>
        <time>2018-09-03T10:03:22Z</time>
        <sat>10</sat>
      </trkpt>
      <trkpt lat="40.583515" lon="0.015088">
        <ele>1213.6</ele>
        <time>2018-09-03T10:03:29Z</time>
        <sat>10</sat>
      </trkpt>
      <trkpt lat="40.583515" lon="0.015088">
        <ele>1213.6</ele>
        <time>2018-09-03T10:03:29Z</time>
        <sat>10</sat>
      </trkpt>
      <trkpt lat="40.583560" lon="0.015217">
        <ele>1213.7</ele>
        <time>2018-09-03T10:03:37Z</time>
        <sat>10</sat>
      </trkpt>
      <trkpt lat="40.583565" lon="0.015340">
        <ele>1213.4</ele>
        <time>2018-09-03T10:03:44Z</time>
        <sat>10</sat>
      </trkpt>
      <trkpt lat="40.583539" lon="0.015460">
        <ele>1212.6</ele>
        <time>2018-09-03T10:03:51Z</time>
        <sat>10</sat>
      </trkpt>
      <trkpt lat="40.583502" lon="0.015582">
        <ele>1211.6</ele>
        <time>2018-09-03T10:03:58Z</time>
        <sat>10</sat>
      </trkpt>
      <trkpt lat="40.583450" lon="0.015695">
        <ele>1210.5</ele>
        <time>2018-09-03T10:04:05Z</time>
        <sat>10</sat>
      </trkpt>
      <trkpt lat="40.583398" lon="0.015797">
        <ele>1209.4</ele>
        <time>2018-09-03T10:04:12Z</time>
        <sat>10</sat>
      </trkpt>
      <trkpt lat="40.583352" lon="0.015904">
        <ele>1208.3</ele>
        <time>2018-09-03T10:04:19Z</time>
        <sat>10</sat>
      </trkpt>
      <trkpt lat="40.583317" lon="0.016030">
        <ele>1207.2</ele>
        <time>2018-09-03T10:04:26Z</time>
        <sat>10</sat>
      </trkpt>
      <trkpt lat="40.583294" lon="0.016154">
        <ele>1206.3</ele>
        <time>2018-09-03T10:04:33Z</time>
        <sat>10</sat>
      </trkpt>
      <trkpt lat="40.583275" lon="0.016282">
        <ele>1205.5</ele>
        <time>2018-09-03T10:04:41Z</time>
        <sat>10</sat>
      </trkpt>
      <trkpt lat="40.583255" lon="0.016405">
        <ele>1204.6</ele>
        <time>2018-09-03T10:04:47Z</time>
        <sat>10</sat>
      </trkpt>
      <trkpt lat="40.583237" lon="0.016535">
        <ele>1203.5</ele>
        <time>2018-09-03T10:04:55Z</time>
        <sat>10</sat>
      </trkpt>
      <trkpt lat="40.583253" lon="0.016652">
        <ele>1202.9</ele>
        <time>2018-09-03T10:05:01Z</time>
        <sat>10</sat>
      </trkpt>
      <trkpt lat="40.583265" lon="0.016770">
        <ele>1202.1</ele>
        <time>2018-09-03T10:05:08Z</time>
        <sat>10</sat>
      </trkpt>
      <trkpt lat="40.583275" lon="0.016897">
        <ele>1201.4</ele>
        <time>2018-09-03T10:05:15Z</time>
        <sat>10</sat>
      </trkpt>
      <trkpt lat="40.583288" lon="0.017029">
        <ele>1200.7</ele>
        <time>2018-09-03T10:05:22Z</time>
        <sat>10</sat>
      </trkpt>
      <trkpt lat="40.583280" lon="0.017154">
        <ele>1199.9</ele>
        <time>2018-09-03T10:05:29Z</time>
        <sat>10</sat>
      </trkpt>
      <trkpt lat="40.583265" lon="0.017285">
        <ele>1199.0</ele>
        <time>2018-09-03T10:05:36Z</time>
        <sat>10</sat>
      </trkpt>
      <trkpt lat="40.583267" lon="0.017415">
        <ele>1198.4</ele>
        <time>2018-09-03T10:05:44Z</time>
        <sat>8</sat>
      </trkpt>
      <trkpt lat="40.583247" lon="0.017545">
        <ele>1197.7</ele>
        <time>2018-09-03T10:05:51Z</time>
        <sat>9</sat>
      </trkpt>
      <trkpt lat="40.583237" lon="0.017699">
        <ele>1198.9</ele>
        <time>2018-09-03T10:05:59Z</time>
        <sat>10</sat>
      </trkpt>
      <trkpt lat="40.583258" lon="0.017817">
        <ele>1199.5</ele>
        <time>2018-09-03T10:06:06Z</time>
        <sat>10</sat>
      </trkpt>
      <trkpt lat="40.583248" lon="0.017945">
        <ele>1200.1</ele>
        <time>2018-09-03T10:06:13Z</time>
        <sat>10</sat>
      </trkpt>
      <trkpt lat="40.583267" lon="0.018073">
        <ele>1200.5</ele>
        <time>2018-09-03T10:06:20Z</time>
        <sat>10</sat>
      </trkpt>
      <trkpt lat="40.583262" lon="0.018200">
        <ele>1200.7</ele>
        <time>2018-09-03T10:06:27Z</time>
        <sat>10</sat>
      </trkpt>
      <trkpt lat="40.583250" lon="0.018335">
        <ele>1200.5</ele>
        <time>2018-09-03T10:06:35Z</time>
        <sat>10</sat>
      </trkpt>
      <trkpt lat="40.583250" lon="0.018460">
        <ele>1200.0</ele>
        <time>2018-09-03T10:06:42Z</time>
        <sat>10</sat>
      </trkpt>
      <trkpt lat="40.583233" lon="0.018577">
        <ele>1199.4</ele>
        <time>2018-09-03T10:06:48Z</time>
        <sat>10</sat>
      </trkpt>
      <trkpt lat="40.583217" lon="0.018702">
        <ele>1198.7</ele>
        <time>2018-09-03T10:06:55Z</time>
        <sat>10</sat>
      </trkpt>
      <trkpt lat="40.583184" lon="0.018824">
        <ele>1197.4</ele>
        <time>2018-09-03T10:07:02Z</time>
        <sat>10</sat>
      </trkpt>
      <trkpt lat="40.583142" lon="0.018929">
        <ele>1196.2</ele>
        <time>2018-09-03T10:07:09Z</time>
        <sat>10</sat>
      </trkpt>
      <trkpt lat="40.583094" lon="0.019045">
        <ele>1195.0</ele>
        <time>2018-09-03T10:07:16Z</time>
        <sat>10</sat>
      </trkpt>
      <trkpt lat="40.583049" lon="0.019149">
        <ele>1193.7</ele>
        <time>2018-09-03T10:07:23Z</time>
        <sat>10</sat>
      </trkpt>
      <trkpt lat="40.582990" lon="0.019255">
        <ele>1192.2</ele>
        <time>2018-09-03T10:07:30Z</time>
        <sat>10</sat>
      </trkpt>
      <trkpt lat="40.582938" lon="0.019354">
        <ele>1190.8</ele>
        <time>2018-09-03T10:07:37Z</time>
        <sat>10</sat>
      </trkpt>
      <trkpt lat="40.582875" lon="0.019438">
        <ele>1190.2</ele>
        <time>2018-09-03T10:07:43Z</time>
        <sat>10</sat>
      </trkpt>
      <trkpt lat="40.582793" lon="0.019505">
        <ele>1189.9</ele>
        <time>2018-09-03T10:07:50Z</time>
        <sat>10</sat>
      </trkpt>
      <trkpt lat="40.582697" lon="0.019537">
        <ele>1189.6</ele>
        <time>2018-09-03T10:07:58Z</time>
        <sat>10</sat>
      </trkpt>
      <trkpt lat="40.582620" lon="0.019604">
        <ele>1188.5</ele>
        <time>2018-09-03T10:08:04Z</time>
        <sat>10</sat>
      </trkpt>
      <trkpt lat="40.582564" lon="0.019700">
        <ele>1187.6</ele>
        <time>2018-09-03T10:08:11Z</time>
        <sat>10</sat>
      </trkpt>
      <trkpt lat="40.582525" lon="0.019809">
        <ele>1186.5</ele>
        <time>2018-09-03T10:08:18Z</time>
        <sat>10</sat>
      </trkpt>
      <trkpt lat="40.582508" lon="0.019937">
        <ele>1185.0</ele>
        <time>2018-09-03T10:08:25Z</time>
        <sat>9</sat>
      </trkpt>
      <trkpt lat="40.582457" lon="0.020045">
        <ele>1183.5</ele>
        <time>2018-09-03T10:08:32Z</time>
        <sat>9</sat>
      </trkpt>
      <trkpt lat="40.582400" lon="0.020145">
        <ele>1182.2</ele>
        <time>2018-09-03T10:08:39Z</time>
        <sat>9</sat>
      </trkpt>
      <trkpt lat="40.582345" lon="0.020247">
        <ele>1181.6</ele>
        <time>2018-09-03T10:08:46Z</time>
        <sat>9</sat>
      </trkpt>
      <trkpt lat="40.582284" lon="0.020348">
        <ele>1181.2</ele>
        <time>2018-09-03T10:08:53Z</time>
        <sat>9</sat>
      </trkpt>
      <trkpt lat="40.582228" lon="0.020455">
        <ele>1180.8</ele>
        <time>2018-09-03T10:09:00Z</time>
        <sat>9</sat>
      </trkpt>
      <trkpt lat="40.582174" lon="0.020572">
        <ele>1180.3</ele>
        <time>2018-09-03T10:09:08Z</time>
        <sat>9</sat>
      </trkpt>
      <trkpt lat="40.582130" lon="0.020690">
        <ele>1179.7</ele>
        <time>2018-09-03T10:09:15Z</time>
        <sat>9</sat>
      </trkpt>
      <trkpt lat="40.582089" lon="0.020815">
        <ele>1179.2</ele>
        <time>2018-09-03T10:09:22Z</time>
        <sat>9</sat>
      </trkpt>
      <trkpt lat="40.582062" lon="0.020932">
        <ele>1178.9</ele>
        <time>2018-09-03T10:09:29Z</time>
        <sat>9</sat>
      </trkpt>
      <trkpt lat="40.582018" lon="0.021059">
        <ele>1178.9</ele>
        <time>2018-09-03T10:09:37Z</time>
        <sat>9</sat>
      </trkpt>
      <trkpt lat="40.581960" lon="0.021170">
        <ele>1179.1</ele>
        <time>2018-09-03T10:09:44Z</time>
        <sat>9</sat>
      </trkpt>
      <trkpt lat="40.581865" lon="0.021245">
        <ele>1179.1</ele>
        <time>2018-09-03T10:09:52Z</time>
        <sat>9</sat>
      </trkpt>
      <trkpt lat="40.581820" lon="0.021367">
        <ele>1179.4</ele>
        <time>2018-09-03T10:10:00Z</time>
        <sat>9</sat>
      </trkpt>
      <trkpt lat="40.581812" lon="0.021497">
        <ele>1179.4</ele>
        <time>2018-09-03T10:10:07Z</time>
        <sat>9</sat>
      </trkpt>
      <trkpt lat="40.581825" lon="0.021629">
        <ele>1179.1</ele>
        <time>2018-09-03T10:10:14Z</time>
        <sat>9</sat>
      </trkpt>
      <trkpt lat="40.581828" lon="0.021773">
        <ele>1178.9</ele>
        <time>2018-09-03T10:10:22Z</time>
        <sat>9</sat>
      </trkpt>
      <trkpt lat="40.581820" lon="0.021892">
        <ele>1179.0</ele>
        <time>2018-09-03T10:10:29Z</time>
        <sat>9</sat>
      </trkpt>
      <trkpt lat="40.581755" lon="0.022007">
        <ele>1179.9</ele>
        <time>2018-09-03T10:10:36Z</time>
        <sat>9</sat>
      </trkpt>
      <trkpt lat="40.581703" lon="0.022115">
        <ele>1180.5</ele>
        <time>2018-09-03T10:10:43Z</time>
        <sat>9</sat>
      </trkpt>
      <trkpt lat="40.581698" lon="0.022247">
        <ele>1180.5</ele>
        <time>2018-09-03T10:10:51Z</time>
        <sat>9</sat>
      </trkpt>
      <trkpt lat="40.581687" lon="0.022378">
        <ele>1180.8</ele>
        <time>2018-09-03T10:10:58Z</time>
        <sat>9</sat>
      </trkpt>
      <trkpt lat="40.581682" lon="0.022515">
        <ele>1180.9</ele>
        <time>2018-09-03T10:11:06Z</time>
        <sat>9</sat>
      </trkpt>
      <trkpt lat="40.581688" lon="0.022635">
        <ele>1180.4</ele>
        <time>2018-09-03T10:11:12Z</time>
        <sat>9</sat>
      </trkpt>
      <trkpt lat="40.581686" lon="0.022755">
        <ele>1180.2</ele>
        <time>2018-09-03T10:11:19Z</time>
        <sat>9</sat>
      </trkpt>
      <trkpt lat="40.581663" lon="0.022878">
        <ele>1180.4</ele>
        <time>2018-09-03T10:11:26Z</time>
        <sat>9</sat>
      </trkpt>
      <trkpt lat="40.581613" lon="0.023007">
        <ele>1180.8</ele>
        <time>2018-09-03T10:11:34Z</time>
        <sat>9</sat>
      </trkpt>
      <trkpt lat="40.581573" lon="0.023117">
        <ele>1181.0</ele>
        <time>2018-09-03T10:11:40Z</time>
        <sat>9</sat>
      </trkpt>
      <trkpt lat="40.581555" lon="0.023240">
        <ele>1180.9</ele>
        <time>2018-09-03T10:11:47Z</time>
        <sat>9</sat>
      </trkpt>
      <trkpt lat="40.581488" lon="0.023325">
        <ele>1181.3</ele>
        <time>2018-09-03T10:11:54Z</time>
        <sat>9</sat>
      </trkpt>
      <trkpt lat="40.581435" lon="0.023427">
        <ele>1181.4</ele>
        <time>2018-09-03T10:12:01Z</time>
        <sat>9</sat>
      </trkpt>
      <trkpt lat="40.581397" lon="0.023535">
        <ele>1181.0</ele>
        <time>2018-09-03T10:12:07Z</time>
        <sat>9</sat>
      </trkpt>
      <trkpt lat="40.581370" lon="0.023660">
        <ele>1180.4</ele>
        <time>2018-09-03T10:12:14Z</time>
        <sat>9</sat>
      </trkpt>
      <trkpt lat="40.581337" lon="0.023777">
        <ele>1180.2</ele>
        <time>2018-09-03T10:12:21Z</time>
        <sat>9</sat>
      </trkpt>
      <trkpt lat="40.581363" lon="0.023895">
        <ele>1179.7</ele>
        <time>2018-09-03T10:12:28Z</time>
        <sat>9</sat>
      </trkpt>
      <trkpt lat="40.581352" lon="0.024021">
        <ele>1179.1</ele>
        <time>2018-09-03T10:12:35Z</time>
        <sat>9</sat>
      </trkpt>
      <trkpt lat="40.581322" lon="0.024133">
        <ele>1178.3</ele>
        <time>2018-09-03T10:12:42Z</time>
        <sat>9</sat>
      </trkpt>
      <trkpt lat="40.581290" lon="0.024247">
        <ele>1177.5</ele>
        <time>2018-09-03T10:12:48Z</time>
        <sat>9</sat>
      </trkpt>
      <trkpt lat="40.581300" lon="0.024372">
        <ele>1176.6</ele>
        <time>2018-09-03T10:12:55Z</time>
        <sat>9</sat>
      </trkpt>
      <trkpt lat="40.581309" lon="0.024504">
        <ele>1175.8</ele>
        <time>2018-09-03T10:13:03Z</time>
        <sat>9</sat>
      </trkpt>
      <trkpt lat="40.581270" lon="0.024625">
        <ele>1175.3</ele>
        <time>2018-09-03T10:13:10Z</time>
        <sat>9</sat>
      </trkpt>
      <trkpt lat="40.581248" lon="0.024935">
        <ele>1172.6</ele>
        <time>2018-09-03T10:13:27Z</time>
        <sat>10</sat>
      </trkpt>
      <trkpt lat="40.581182" lon="0.025020">
        <ele>1171.5</ele>
        <time>2018-09-03T10:13:34Z</time>
        <sat>11</sat>
      </trkpt>
      <trkpt lat="40.581133" lon="0.025122">
        <ele>1169.9</ele>
        <time>2018-09-03T10:13:40Z</time>
        <sat>10</sat>
      </trkpt>
      <trkpt lat="40.581133" lon="0.025122">
        <ele>1169.9</ele>
        <time>2018-09-03T10:13:40Z</time>
        <sat>10</sat>
      </trkpt>
      <trkpt lat="40.581097" lon="0.025232">
        <ele>1168.3</ele>
        <time>2018-09-03T10:13:47Z</time>
        <sat>11</sat>
      </trkpt>
      <trkpt lat="40.581059" lon="0.025350">
        <ele>1166.6</ele>
        <time>2018-09-03T10:13:54Z</time>
        <sat>11</sat>
      </trkpt>
      <trkpt lat="40.581015" lon="0.025460">
        <ele>1164.9</ele>
        <time>2018-09-03T10:14:01Z</time>
        <sat>11</sat>
      </trkpt>
      <trkpt lat="40.580964" lon="0.025560">
        <ele>1163.3</ele>
        <time>2018-09-03T10:14:08Z</time>
        <sat>11</sat>
      </trkpt>
      <trkpt lat="40.580940" lon="0.025683">
        <ele>1161.7</ele>
        <time>2018-09-03T10:14:15Z</time>
        <sat>11</sat>
      </trkpt>
      <trkpt lat="40.580915" lon="0.025798">
        <ele>1160.0</ele>
        <time>2018-09-03T10:14:22Z</time>
        <sat>11</sat>
      </trkpt>
      <trkpt lat="40.580918" lon="0.025923">
        <ele>1158.5</ele>
        <time>2018-09-03T10:14:29Z</time>
        <sat>11</sat>
      </trkpt>
      <trkpt lat="40.580928" lon="0.026047">
        <ele>1157.1</ele>
        <time>2018-09-03T10:14:35Z</time>
        <sat>11</sat>
      </trkpt>
      <trkpt lat="40.580942" lon="0.026172">
        <ele>1155.5</ele>
        <time>2018-09-03T10:14:42Z</time>
        <sat>11</sat>
      </trkpt>
      <trkpt lat="40.580947" lon="0.026302">
        <ele>1153.8</ele>
        <time>2018-09-03T10:14:50Z</time>
        <sat>11</sat>
      </trkpt>
      <trkpt lat="40.580954" lon="0.026429">
        <ele>1152.1</ele>
        <time>2018-09-03T10:14:57Z</time>
        <sat>11</sat>
      </trkpt>
      <trkpt lat="40.580955" lon="0.026549">
        <ele>1150.6</ele>
        <time>2018-09-03T10:15:03Z</time>
        <sat>11</sat>
      </trkpt>
      <trkpt lat="40.580939" lon="0.026667">
        <ele>1149.4</ele>
        <time>2018-09-03T10:15:10Z</time>
        <sat>11</sat>
      </trkpt>
      <trkpt lat="40.580854" lon="0.026730">
        <ele>1149.2</ele>
        <time>2018-09-03T10:15:17Z</time>
        <sat>11</sat>
      </trkpt>
      <trkpt lat="40.580760" lon="0.026665">
        <ele>1149.1</ele>
        <time>2018-09-03T10:15:25Z</time>
        <sat>11</sat>
      </trkpt>
      <trkpt lat="40.580702" lon="0.026562">
        <ele>1149.3</ele>
        <time>2018-09-03T10:15:32Z</time>
        <sat>11</sat>
      </trkpt>
      <trkpt lat="40.580622" lon="0.026473">
        <ele>1149.1</ele>
        <time>2018-09-03T10:15:40Z</time>
        <sat>11</sat>
      </trkpt>
      <trkpt lat="40.580535" lon="0.026435">
        <ele>1148.4</ele>
        <time>2018-09-03T10:15:46Z</time>
        <sat>11</sat>
      </trkpt>
      <trkpt lat="40.580445" lon="0.026432">
        <ele>1147.6</ele>
        <time>2018-09-03T10:15:53Z</time>
        <sat>11</sat>
      </trkpt>
      <trkpt lat="40.580358" lon="0.026465">
        <ele>1146.9</ele>
        <time>2018-09-03T10:15:59Z</time>
        <sat>11</sat>
      </trkpt>
      <trkpt lat="40.580270" lon="0.026515">
        <ele>1146.3</ele>
        <time>2018-09-03T10:16:06Z</time>
        <sat>11</sat>
      </trkpt>
      <trkpt lat="40.580195" lon="0.026582">
        <ele>1146.1</ele>
        <time>2018-09-03T10:16:13Z</time>
        <sat>11</sat>
      </trkpt>
      <trkpt lat="40.580195" lon="0.026582">
        <ele>1146.1</ele>
        <time>2018-09-03T10:16:13Z</time>
        <sat>11</sat>
      </trkpt>
      <trkpt lat="40.580212" lon="0.026700">
        <ele>1146.2</ele>
        <time>2018-09-03T10:16:19Z</time>
        <sat>11</sat>
      </trkpt>
      <trkpt lat="40.580257" lon="0.026830">
        <ele>1146.5</ele>
        <time>2018-09-03T10:16:27Z</time>
        <sat>11</sat>
      </trkpt>
      <trkpt lat="40.580292" lon="0.026945">
        <ele>1146.7</ele>
        <time>2018-09-03T10:16:34Z</time>
        <sat>11</sat>
      </trkpt>
      <trkpt lat="40.580328" lon="0.027080">
        <ele>1147.0</ele>
        <time>2018-09-03T10:16:42Z</time>
        <sat>11</sat>
      </trkpt>
      <trkpt lat="40.580358" lon="0.027232">
        <ele>1147.6</ele>
        <time>2018-09-03T10:16:51Z</time>
        <sat>11</sat>
      </trkpt>
      <trkpt lat="40.580363" lon="0.027383">
        <ele>1148.1</ele>
        <time>2018-09-03T10:16:59Z</time>
        <sat>10</sat>
      </trkpt>
      <trkpt lat="40.580290" lon="0.027508">
        <ele>1149.6</ele>
        <time>2018-09-03T10:17:08Z</time>
        <sat>11</sat>
      </trkpt>
      <trkpt lat="40.580290" lon="0.027647">
        <ele>1150.9</ele>
        <time>2018-09-03T10:17:15Z</time>
        <sat>11</sat>
      </trkpt>
      <trkpt lat="40.580290" lon="0.027647">
        <ele>1150.9</ele>
        <time>2018-09-03T10:17:15Z</time>
        <sat>11</sat>
      </trkpt>
      <trkpt lat="40.580255" lon="0.027769">
        <ele>1152.1</ele>
        <time>2018-09-03T10:17:22Z</time>
        <sat>11</sat>
      </trkpt>
      <trkpt lat="40.580199" lon="0.027870">
        <ele>1153.4</ele>
        <time>2018-09-03T10:17:29Z</time>
        <sat>11</sat>
      </trkpt>
      <trkpt lat="40.580135" lon="0.027989">
        <ele>1155.3</ele>
        <time>2018-09-03T10:17:37Z</time>
        <sat>11</sat>
      </trkpt>
      <trkpt lat="40.580085" lon="0.028115">
        <ele>1157.7</ele>
        <time>2018-09-03T10:17:45Z</time>
        <sat>11</sat>
      </trkpt>
      <trkpt lat="40.580054" lon="0.028250">
        <ele>1160.1</ele>
        <time>2018-09-03T10:17:53Z</time>
        <sat>11</sat>
      </trkpt>
      <trkpt lat="40.580049" lon="0.028385">
        <ele>1162.2</ele>
        <time>2018-09-03T10:18:01Z</time>
        <sat>11</sat>
      </trkpt>
      <trkpt lat="40.580047" lon="0.028524">
        <ele>1164.1</ele>
        <time>2018-09-03T10:18:09Z</time>
        <sat>11</sat>
      </trkpt>
      <trkpt lat="40.580030" lon="0.028679">
        <ele>1166.2</ele>
        <time>2018-09-03T10:18:17Z</time>
        <sat>11</sat>
      </trkpt>
      <trkpt lat="40.580013" lon="0.028797">
        <ele>1167.8</ele>
        <time>2018-09-03T10:18:24Z</time>
        <sat>11</sat>
      </trkpt>
      <trkpt lat="40.579992" lon="0.028967">
        <ele>1170.1</ele>
        <time>2018-09-03T10:18:34Z</time>
        <sat>11</sat>
      </trkpt>
      <trkpt lat="40.579980" lon="0.029185">
        <ele>1174.1</ele>
        <time>2018-09-03T10:18:46Z</time>
        <sat>11</sat>
      </trkpt>
      <trkpt lat="40.580002" lon="0.029388">
        <ele>1177.9</ele>
        <time>2018-09-03T10:18:58Z</time>
        <sat>11</sat>
      </trkpt>
      <trkpt lat="40.580029" lon="0.029547">
        <ele>1180.4</ele>
        <time>2018-09-03T10:19:07Z</time>
        <sat>11</sat>
      </trkpt>
      <trkpt lat="40.580052" lon="0.029693">
        <ele>1182.2</ele>
        <time>2018-09-03T10:19:15Z</time>
        <sat>11</sat>
      </trkpt>
      <trkpt lat="40.580045" lon="0.029854">
        <ele>1184.6</ele>
        <time>2018-09-03T10:19:24Z</time>
        <sat>11</sat>
      </trkpt>
      <trkpt lat="40.580017" lon="0.030023">
        <ele>1187.9</ele>
        <time>2018-09-03T10:19:34Z</time>
        <sat>11</sat>
      </trkpt>
      <trkpt lat="40.579979" lon="0.030183">
        <ele>1189.8</ele>
        <time>2018-09-03T10:19:43Z</time>
        <sat>11</sat>
      </trkpt>
      <trkpt lat="40.579932" lon="0.030330">
        <ele>1191.7</ele>
        <time>2018-09-03T10:19:52Z</time>
        <sat>11</sat>
      </trkpt>
      <trkpt lat="40.579867" lon="0.030424">
        <ele>1194.1</ele>
        <time>2018-09-03T10:19:59Z</time>
        <sat>11</sat>
      </trkpt>
      <trkpt lat="40.579772" lon="0.030334">
        <ele>1196.8</ele>
        <time>2018-09-03T10:20:08Z</time>
        <sat>11</sat>
      </trkpt>
      <trkpt lat="40.579700" lon="0.030209">
        <ele>1198.1</ele>
        <time>2018-09-03T10:20:16Z</time>
        <sat>11</sat>
      </trkpt>
      <trkpt lat="40.579585" lon="0.030109">
        <ele>1200.3</ele>
        <time>2018-09-03T10:20:26Z</time>
        <sat>11</sat>
      </trkpt>
      <trkpt lat="40.579438" lon="0.030035">
        <ele>1202.7</ele>
        <time>2018-09-03T10:20:38Z</time>
        <sat>11</sat>
      </trkpt>
      <trkpt lat="40.579287" lon="0.030012">
        <ele>1205.4</ele>
        <time>2018-09-03T10:20:49Z</time>
        <sat>11</sat>
      </trkpt>
      <trkpt lat="40.579130" lon="0.030007">
        <ele>1207.6</ele>
        <time>2018-09-03T10:21:00Z</time>
        <sat>11</sat>
      </trkpt>
      <trkpt lat="40.578995" lon="0.029980">
        <ele>1209.8</ele>
        <time>2018-09-03T10:21:10Z</time>
        <sat>11</sat>
      </trkpt>
      <trkpt lat="40.578857" lon="0.029964">
        <ele>1212.9</ele>
        <time>2018-09-03T10:21:21Z</time>
        <sat>11</sat>
      </trkpt>
      <trkpt lat="40.578830" lon="0.030088">
        <ele>1215.2</ele>
        <time>2018-09-03T10:21:28Z</time>
        <sat>10</sat>
      </trkpt>
      <trkpt lat="40.578902" lon="0.030195">
        <ele>1216.6</ele>
        <time>2018-09-03T10:21:36Z</time>
        <sat>10</sat>
      </trkpt>
      <trkpt lat="40.578962" lon="0.030357">
        <ele>1218.2</ele>
        <time>2018-09-03T10:21:46Z</time>
        <sat>10</sat>
      </trkpt>
      <trkpt lat="40.578974" lon="0.030542">
        <ele>1220.1</ele>
        <time>2018-09-03T10:21:56Z</time>
        <sat>11</sat>
      </trkpt>
      <trkpt lat="40.578979" lon="0.030718">
        <ele>1221.9</ele>
        <time>2018-09-03T10:22:06Z</time>
        <sat>11</sat>
      </trkpt>
      <trkpt lat="40.578983" lon="0.030857">
        <ele>1222.9</ele>
        <time>2018-09-03T10:22:14Z</time>
        <sat>11</sat>
      </trkpt>
      <trkpt lat="40.578957" lon="0.030985">
        <ele>1224.6</ele>
        <time>2018-09-03T10:22:21Z</time>
        <sat>11</sat>
      </trkpt>
      <trkpt lat="40.578954" lon="0.030991">
        <ele>1224.7</ele>
        <time>2018-09-03T10:22:21Z</time>
        <sat>11</sat>
      </trkpt>
      <trkpt lat="40.578962" lon="0.031157">
        <ele>1224.9</ele>
        <time>2018-09-03T10:22:30Z</time>
        <sat>11</sat>
      </trkpt>
      <trkpt lat="40.578985" lon="0.031258">
        <ele>1222.0</ele>
        <time>2018-09-03T10:22:36Z</time>
        <sat>11</sat>
      </trkpt>
      <trkpt lat="40.578827" lon="0.031344">
        <ele>1224.9</ele>
        <time>2018-09-03T10:22:49Z</time>
        <sat>11</sat>
      </trkpt>
      <trkpt lat="40.578848" lon="0.031461">
        <ele>1224.7</ele>
        <time>2018-09-03T10:22:55Z</time>
        <sat>11</sat>
      </trkpt>
      <trkpt lat="40.578857" lon="0.031588">
        <ele>1224.2</ele>
        <time>2018-09-03T10:23:02Z</time>
        <sat>11</sat>
      </trkpt>
      <trkpt lat="40.578845" lon="0.031730">
        <ele>1223.8</ele>
        <time>2018-09-03T10:23:10Z</time>
        <sat>11</sat>
      </trkpt>
      <trkpt lat="40.578829" lon="0.031872">
        <ele>1223.3</ele>
        <time>2018-09-03T10:23:18Z</time>
        <sat>11</sat>
      </trkpt>
      <trkpt lat="40.578822" lon="0.031993">
        <ele>1223.0</ele>
        <time>2018-09-03T10:23:25Z</time>
        <sat>11</sat>
      </trkpt>
      <trkpt lat="40.578830" lon="0.032146">
        <ele>1222.3</ele>
        <time>2018-09-03T10:23:33Z</time>
        <sat>11</sat>
      </trkpt>
      <trkpt lat="40.578826" lon="0.032288">
        <ele>1221.8</ele>
        <time>2018-09-03T10:23:41Z</time>
        <sat>11</sat>
      </trkpt>
      <trkpt lat="40.578831" lon="0.032414">
        <ele>1221.7</ele>
        <time>2018-09-03T10:23:48Z</time>
        <sat>11</sat>
      </trkpt>
      <trkpt lat="40.578820" lon="0.032546">
        <ele>1221.6</ele>
        <time>2018-09-03T10:23:55Z</time>
        <sat>11</sat>
      </trkpt>
      <trkpt lat="40.578816" lon="0.032683">
        <ele>1221.5</ele>
        <time>2018-09-03T10:24:03Z</time>
        <sat>11</sat>
      </trkpt>
      <trkpt lat="40.578825" lon="0.032815">
        <ele>1221.8</ele>
        <time>2018-09-03T10:24:10Z</time>
        <sat>11</sat>
      </trkpt>
      <trkpt lat="40.578837" lon="0.032947">
        <ele>1221.9</ele>
        <time>2018-09-03T10:24:17Z</time>
        <sat>11</sat>
      </trkpt>
      <trkpt lat="40.578838" lon="0.033063">
        <ele>1222.0</ele>
        <time>2018-09-03T10:24:24Z</time>
        <sat>11</sat>
      </trkpt>
      <trkpt lat="40.578846" lon="0.033211">
        <ele>1222.0</ele>
        <time>2018-09-03T10:24:32Z</time>
        <sat>11</sat>
      </trkpt>
      <trkpt lat="40.578823" lon="0.033331">
        <ele>1221.9</ele>
        <time>2018-09-03T10:24:39Z</time>
        <sat>11</sat>
      </trkpt>
      <trkpt lat="40.578795" lon="0.033483">
        <ele>1221.8</ele>
        <time>2018-09-03T10:24:47Z</time>
        <sat>11</sat>
      </trkpt>
      <trkpt lat="40.578780" lon="0.033603">
        <ele>1221.7</ele>
        <time>2018-09-03T10:24:54Z</time>
        <sat>11</sat>
      </trkpt>
      <trkpt lat="40.578752" lon="0.033729">
        <ele>1221.6</ele>
        <time>2018-09-03T10:25:01Z</time>
        <sat>11</sat>
      </trkpt>
      <trkpt lat="40.578728" lon="0.033875">
        <ele>1221.8</ele>
        <time>2018-09-03T10:25:09Z</time>
        <sat>11</sat>
      </trkpt>
      <trkpt lat="40.578721" lon="0.034017">
        <ele>1222.5</ele>
        <time>2018-09-03T10:25:17Z</time>
        <sat>11</sat>
      </trkpt>
      <trkpt lat="40.578702" lon="0.034132">
        <ele>1222.7</ele>
        <time>2018-09-03T10:25:24Z</time>
        <sat>11</sat>
      </trkpt>
      <trkpt lat="40.578647" lon="0.034235">
        <ele>1222.4</ele>
        <time>2018-09-03T10:25:31Z</time>
        <sat>11</sat>
      </trkpt>
      <trkpt lat="40.578587" lon="0.034348">
        <ele>1222.7</ele>
        <time>2018-09-03T10:25:38Z</time>
        <sat>11</sat>
      </trkpt>
      <trkpt lat="40.578552" lon="0.034473">
        <ele>1223.0</ele>
        <time>2018-09-03T10:25:46Z</time>
        <sat>11</sat>
      </trkpt>
      <trkpt lat="40.578556" lon="0.034611">
        <ele>1223.4</ele>
        <time>2018-09-03T10:25:53Z</time>
        <sat>11</sat>
      </trkpt>
      <trkpt lat="40.578537" lon="0.034741">
        <ele>1223.2</ele>
        <time>2018-09-03T10:26:00Z</time>
        <sat>11</sat>
      </trkpt>
      <trkpt lat="40.578462" lon="0.034833">
        <ele>1223.3</ele>
        <time>2018-09-03T10:26:08Z</time>
        <sat>11</sat>
      </trkpt>
      <trkpt lat="40.578376" lon="0.034903">
        <ele>1223.4</ele>
        <time>2018-09-03T10:26:15Z</time>
        <sat>11</sat>
      </trkpt>
      <trkpt lat="40.578298" lon="0.034968">
        <ele>1223.4</ele>
        <time>2018-09-03T10:26:22Z</time>
        <sat>11</sat>
      </trkpt>
      <trkpt lat="40.578231" lon="0.035049">
        <ele>1223.4</ele>
        <time>2018-09-03T10:26:28Z</time>
        <sat>11</sat>
      </trkpt>
      <trkpt lat="40.578215" lon="0.035156">
        <ele>1223.0</ele>
        <time>2018-09-03T10:26:34Z</time>
        <sat>11</sat>
      </trkpt>
      <trkpt lat="40.578160" lon="0.035259">
        <ele>1222.8</ele>
        <time>2018-09-03T10:26:41Z</time>
        <sat>11</sat>
      </trkpt>
      <trkpt lat="40.578083" lon="0.035347">
        <ele>1222.8</ele>
        <time>2018-09-03T10:26:49Z</time>
        <sat>11</sat>
      </trkpt>
      <trkpt lat="40.578010" lon="0.035440">
        <ele>1222.6</ele>
        <time>2018-09-03T10:26:56Z</time>
        <sat>11</sat>
      </trkpt>
      <trkpt lat="40.577959" lon="0.035564">
        <ele>1221.7</ele>
        <time>2018-09-03T10:27:04Z</time>
        <sat>11</sat>
      </trkpt>
      <trkpt lat="40.577928" lon="0.035693">
        <ele>1220.7</ele>
        <time>2018-09-03T10:27:11Z</time>
        <sat>11</sat>
      </trkpt>
      <trkpt lat="40.577900" lon="0.035822">
        <ele>1219.6</ele>
        <time>2018-09-03T10:27:19Z</time>
        <sat>11</sat>
      </trkpt>
      <trkpt lat="40.577865" lon="0.035939">
        <ele>1218.5</ele>
        <time>2018-09-03T10:27:26Z</time>
        <sat>11</sat>
      </trkpt>
      <trkpt lat="40.577812" lon="0.036040">
        <ele>1217.7</ele>
        <time>2018-09-03T10:27:33Z</time>
        <sat>11</sat>
      </trkpt>
      <trkpt lat="40.577771" lon="0.036157">
        <ele>1216.7</ele>
        <time>2018-09-03T10:27:40Z</time>
        <sat>11</sat>
      </trkpt>
      <trkpt lat="40.577746" lon="0.036276">
        <ele>1215.5</ele>
        <time>2018-09-03T10:27:46Z</time>
        <sat>11</sat>
      </trkpt>
      <trkpt lat="40.577717" lon="0.036402">
        <ele>1214.5</ele>
        <time>2018-09-03T10:27:54Z</time>
        <sat>11</sat>
      </trkpt>
      <trkpt lat="40.577684" lon="0.036516">
        <ele>1213.6</ele>
        <time>2018-09-03T10:28:00Z</time>
        <sat>11</sat>
      </trkpt>
      <trkpt lat="40.577644" lon="0.036631">
        <ele>1212.7</ele>
        <time>2018-09-03T10:28:07Z</time>
        <sat>11</sat>
      </trkpt>
      <trkpt lat="40.577596" lon="0.036754">
        <ele>1211.9</ele>
        <time>2018-09-03T10:28:15Z</time>
        <sat>11</sat>
      </trkpt>
      <trkpt lat="40.577561" lon="0.036863">
        <ele>1211.3</ele>
        <time>2018-09-03T10:28:22Z</time>
        <sat>11</sat>
      </trkpt>
      <trkpt lat="40.577538" lon="0.036980">
        <ele>1210.7</ele>
        <time>2018-09-03T10:28:28Z</time>
        <sat>11</sat>
      </trkpt>
      <trkpt lat="40.577513" lon="0.037096">
        <ele>1210.3</ele>
        <time>2018-09-03T10:28:35Z</time>
        <sat>11</sat>
      </trkpt>
      <trkpt lat="40.577486" lon="0.037213">
        <ele>1209.8</ele>
        <time>2018-09-03T10:28:42Z</time>
        <sat>11</sat>
      </trkpt>
      <trkpt lat="40.577453" lon="0.037332">
        <ele>1209.4</ele>
        <time>2018-09-03T10:28:49Z</time>
        <sat>11</sat>
      </trkpt>
      <trkpt lat="40.577409" lon="0.037437">
        <ele>1208.9</ele>
        <time>2018-09-03T10:28:55Z</time>
        <sat>11</sat>
      </trkpt>
      <trkpt lat="40.577354" lon="0.037539">
        <ele>1208.1</ele>
        <time>2018-09-03T10:29:02Z</time>
        <sat>11</sat>
      </trkpt>
      <trkpt lat="40.577299" lon="0.037635">
        <ele>1207.5</ele>
        <time>2018-09-03T10:29:09Z</time>
        <sat>11</sat>
      </trkpt>
      <trkpt lat="40.577263" lon="0.037763">
        <ele>1207.0</ele>
        <time>2018-09-03T10:29:16Z</time>
        <sat>11</sat>
      </trkpt>
      <trkpt lat="40.577233" lon="0.037897">
        <ele>1206.2</ele>
        <time>2018-09-03T10:29:24Z</time>
        <sat>11</sat>
      </trkpt>
      <trkpt lat="40.577200" lon="0.038009">
        <ele>1205.8</ele>
        <time>2018-09-03T10:29:30Z</time>
        <sat>11</sat>
      </trkpt>
      <trkpt lat="40.577150" lon="0.038117">
        <ele>1205.4</ele>
        <time>2018-09-03T10:29:37Z</time>
        <sat>11</sat>
      </trkpt>
      <trkpt lat="40.577087" lon="0.038204">
        <ele>1205.0</ele>
        <time>2018-09-03T10:29:44Z</time>
        <sat>11</sat>
      </trkpt>
      <trkpt lat="40.577035" lon="0.038307">
        <ele>1204.8</ele>
        <time>2018-09-03T10:29:51Z</time>
        <sat>11</sat>
      </trkpt>
      <trkpt lat="40.577002" lon="0.038416">
        <ele>1204.5</ele>
        <time>2018-09-03T10:29:57Z</time>
        <sat>11</sat>
      </trkpt>
      <trkpt lat="40.576966" lon="0.038552">
        <ele>1204.0</ele>
        <time>2018-09-03T10:30:05Z</time>
        <sat>11</sat>
      </trkpt>
      <trkpt lat="40.576938" lon="0.038668">
        <ele>1203.4</ele>
        <time>2018-09-03T10:30:12Z</time>
        <sat>11</sat>
      </trkpt>
      <trkpt lat="40.576911" lon="0.038800">
        <ele>1202.5</ele>
        <time>2018-09-03T10:30:19Z</time>
        <sat>11</sat>
      </trkpt>
      <trkpt lat="40.576880" lon="0.038918">
        <ele>1201.6</ele>
        <time>2018-09-03T10:30:26Z</time>
        <sat>11</sat>
      </trkpt>
      <trkpt lat="40.576833" lon="0.039036">
        <ele>1200.3</ele>
        <time>2018-09-03T10:30:34Z</time>
        <sat>11</sat>
      </trkpt>
      <trkpt lat="40.576842" lon="0.039164">
        <ele>1199.1</ele>
        <time>2018-09-03T10:30:41Z</time>
        <sat>11</sat>
      </trkpt>
      <trkpt lat="40.576830" lon="0.039293">
        <ele>1197.8</ele>
        <time>2018-09-03T10:30:48Z</time>
        <sat>11</sat>
      </trkpt>
      <trkpt lat="40.576773" lon="0.039397">
        <ele>1196.0</ele>
        <time>2018-09-03T10:30:55Z</time>
        <sat>11</sat>
      </trkpt>
      <trkpt lat="40.576710" lon="0.039494">
        <ele>1194.2</ele>
        <time>2018-09-03T10:31:02Z</time>
        <sat>11</sat>
      </trkpt>
      <trkpt lat="40.576676" lon="0.039604">
        <ele>1192.7</ele>
        <time>2018-09-03T10:31:09Z</time>
        <sat>11</sat>
      </trkpt>
      <trkpt lat="40.576618" lon="0.039707">
        <ele>1191.0</ele>
        <time>2018-09-03T10:31:16Z</time>
        <sat>11</sat>
      </trkpt>
      <trkpt lat="40.576571" lon="0.039819">
        <ele>1189.4</ele>
        <time>2018-09-03T10:31:23Z</time>
        <sat>11</sat>
      </trkpt>
      <trkpt lat="40.576528" lon="0.039937">
        <ele>1188.0</ele>
        <time>2018-09-03T10:31:30Z</time>
        <sat>11</sat>
      </trkpt>
      <trkpt lat="40.576486" lon="0.040049">
        <ele>1187.1</ele>
        <time>2018-09-03T10:31:37Z</time>
        <sat>11</sat>
      </trkpt>
      <trkpt lat="40.576450" lon="0.040159">
        <ele>1186.2</ele>
        <time>2018-09-03T10:31:44Z</time>
        <sat>11</sat>
      </trkpt>
      <trkpt lat="40.576394" lon="0.040264">
        <ele>1183.7</ele>
        <time>2018-09-03T10:31:51Z</time>
        <sat>11</sat>
      </trkpt>
      <trkpt lat="40.576345" lon="0.040366">
        <ele>1181.3</ele>
        <time>2018-09-03T10:31:58Z</time>
        <sat>11</sat>
      </trkpt>
      <trkpt lat="40.576268" lon="0.040474">
        <ele>1180.1</ele>
        <time>2018-09-03T10:32:06Z</time>
        <sat>11</sat>
      </trkpt>
      <trkpt lat="40.576194" lon="0.040549">
        <ele>1179.0</ele>
        <time>2018-09-03T10:32:13Z</time>
        <sat>11</sat>
      </trkpt>
      <trkpt lat="40.576104" lon="0.040649">
        <ele>1178.0</ele>
        <time>2018-09-03T10:32:21Z</time>
        <sat>11</sat>
      </trkpt>
      <trkpt lat="40.576027" lon="0.040719">
        <ele>1176.6</ele>
        <time>2018-09-03T10:32:28Z</time>
        <sat>11</sat>
      </trkpt>
      <trkpt lat="40.575959" lon="0.040798">
        <ele>1175.7</ele>
        <time>2018-09-03T10:32:35Z</time>
        <sat>11</sat>
      </trkpt>
      <trkpt lat="40.575885" lon="0.040875">
        <ele>1175.2</ele>
        <time>2018-09-03T10:32:42Z</time>
        <sat>11</sat>
      </trkpt>
      <trkpt lat="40.575835" lon="0.040986">
        <ele>1175.0</ele>
        <time>2018-09-03T10:32:49Z</time>
        <sat>11</sat>
      </trkpt>
      <trkpt lat="40.575750" lon="0.041060">
        <ele>1174.0</ele>
        <time>2018-09-03T10:32:56Z</time>
        <sat>11</sat>
      </trkpt>
      <trkpt lat="40.575677" lon="0.041133">
        <ele>1173.3</ele>
        <time>2018-09-03T10:33:03Z</time>
        <sat>11</sat>
      </trkpt>
      <trkpt lat="40.575609" lon="0.041212">
        <ele>1173.0</ele>
        <time>2018-09-03T10:33:09Z</time>
        <sat>11</sat>
      </trkpt>
      <trkpt lat="40.575547" lon="0.041317">
        <ele>1172.5</ele>
        <time>2018-09-03T10:33:17Z</time>
        <sat>11</sat>
      </trkpt>
      <trkpt lat="40.575517" lon="0.041443">
        <ele>1171.8</ele>
        <time>2018-09-03T10:33:24Z</time>
        <sat>11</sat>
      </trkpt>
      <trkpt lat="40.575501" lon="0.041567">
        <ele>1171.3</ele>
        <time>2018-09-03T10:33:31Z</time>
        <sat>11</sat>
      </trkpt>
      <trkpt lat="40.575429" lon="0.041652">
        <ele>1169.9</ele>
        <time>2018-09-03T10:33:38Z</time>
        <sat>11</sat>
      </trkpt>
      <trkpt lat="40.575383" lon="0.041755">
        <ele>1167.6</ele>
        <time>2018-09-03T10:33:45Z</time>
        <sat>11</sat>
      </trkpt>
      <trkpt lat="40.575379" lon="0.041873">
        <ele>1166.2</ele>
        <time>2018-09-03T10:33:51Z</time>
        <sat>11</sat>
      </trkpt>
      <trkpt lat="40.575320" lon="0.041965">
        <ele>1164.7</ele>
        <time>2018-09-03T10:33:58Z</time>
        <sat>11</sat>
      </trkpt>
      <trkpt lat="40.575253" lon="0.042046">
        <ele>1163.5</ele>
        <time>2018-09-03T10:34:05Z</time>
        <sat>11</sat>
      </trkpt>
      <trkpt lat="40.575161" lon="0.042087">
        <ele>1160.6</ele>
        <time>2018-09-03T10:34:12Z</time>
        <sat>11</sat>
      </trkpt>
      <trkpt lat="40.575126" lon="0.042199">
        <ele>1157.9</ele>
        <time>2018-09-03T10:34:19Z</time>
        <sat>11</sat>
      </trkpt>
      <trkpt lat="40.575091" lon="0.042308">
        <ele>1155.7</ele>
        <time>2018-09-03T10:34:25Z</time>
        <sat>11</sat>
      </trkpt>
      <trkpt lat="40.575045" lon="0.042418">
        <ele>1153.5</ele>
        <time>2018-09-03T10:34:33Z</time>
        <sat>11</sat>
      </trkpt>
      <trkpt lat="40.575028" lon="0.042546">
        <ele>1152.3</ele>
        <time>2018-09-03T10:34:40Z</time>
        <sat>11</sat>
      </trkpt>
      <trkpt lat="40.575028" lon="0.042676">
        <ele>1151.8</ele>
        <time>2018-09-03T10:34:47Z</time>
        <sat>11</sat>
      </trkpt>
      <trkpt lat="40.575035" lon="0.042803">
        <ele>1152.1</ele>
        <time>2018-09-03T10:34:54Z</time>
        <sat>11</sat>
      </trkpt>
      <trkpt lat="40.575044" lon="0.042936">
        <ele>1152.1</ele>
        <time>2018-09-03T10:35:01Z</time>
        <sat>11</sat>
      </trkpt>
      <trkpt lat="40.575047" lon="0.043058">
        <ele>1152.0</ele>
        <time>2018-09-03T10:35:08Z</time>
        <sat>11</sat>
      </trkpt>
      <trkpt lat="40.575110" lon="0.043184">
        <ele>1152.1</ele>
        <time>2018-09-03T10:35:16Z</time>
        <sat>11</sat>
      </trkpt>
      <trkpt lat="40.575103" lon="0.043312">
        <ele>1151.3</ele>
        <time>2018-09-03T10:35:23Z</time>
        <sat>11</sat>
      </trkpt>
      <trkpt lat="40.575152" lon="0.043434">
        <ele>1152.0</ele>
        <time>2018-09-03T10:35:31Z</time>
        <sat>11</sat>
      </trkpt>
      <trkpt lat="40.575160" lon="0.043560">
        <ele>1151.7</ele>
        <time>2018-09-03T10:35:38Z</time>
        <sat>11</sat>
      </trkpt>
      <trkpt lat="40.575174" lon="0.043688">
        <ele>1151.2</ele>
        <time>2018-09-03T10:35:45Z</time>
        <sat>11</sat>
      </trkpt>
      <trkpt lat="40.575174" lon="0.043817">
        <ele>1150.3</ele>
        <time>2018-09-03T10:35:52Z</time>
        <sat>11</sat>
      </trkpt>
      <trkpt lat="40.575185" lon="0.043949">
        <ele>1149.6</ele>
        <time>2018-09-03T10:35:59Z</time>
        <sat>11</sat>
      </trkpt>
      <trkpt lat="40.575215" lon="0.044060">
        <ele>1148.6</ele>
        <time>2018-09-03T10:36:06Z</time>
        <sat>11</sat>
      </trkpt>
      <trkpt lat="40.575179" lon="0.044170">
        <ele>1147.6</ele>
        <time>2018-09-03T10:36:13Z</time>
        <sat>11</sat>
      </trkpt>
      <trkpt lat="40.575179" lon="0.044292">
        <ele>1145.3</ele>
        <time>2018-09-03T10:36:19Z</time>
        <sat>11</sat>
      </trkpt>
      <trkpt lat="40.575129" lon="0.044397">
        <ele>1144.1</ele>
        <time>2018-09-03T10:36:26Z</time>
        <sat>11</sat>
      </trkpt>
      <trkpt lat="40.575049" lon="0.044456">
        <ele>1143.0</ele>
        <time>2018-09-03T10:36:33Z</time>
        <sat>11</sat>
      </trkpt>
      <trkpt lat="40.574987" lon="0.044544">
        <ele>1141.1</ele>
        <time>2018-09-03T10:36:40Z</time>
        <sat>11</sat>
      </trkpt>
      <trkpt lat="40.574942" lon="0.044654">
        <ele>1139.9</ele>
        <time>2018-09-03T10:36:47Z</time>
        <sat>11</sat>
      </trkpt>
      <trkpt lat="40.574893" lon="0.044754">
        <ele>1139.2</ele>
        <time>2018-09-03T10:36:53Z</time>
        <sat>11</sat>
      </trkpt>
      <trkpt lat="40.574850" lon="0.044864">
        <ele>1139.0</ele>
        <time>2018-09-03T10:37:00Z</time>
        <sat>11</sat>
      </trkpt>
      <trkpt lat="40.574800" lon="0.044982">
        <ele>1138.3</ele>
        <time>2018-09-03T10:37:07Z</time>
        <sat>11</sat>
      </trkpt>
      <trkpt lat="40.574722" lon="0.045042">
        <ele>1138.0</ele>
        <time>2018-09-03T10:37:14Z</time>
        <sat>11</sat>
      </trkpt>
      <trkpt lat="40.574585" lon="0.045059">
        <ele>1138.3</ele>
        <time>2018-09-03T10:37:24Z</time>
        <sat>11</sat>
      </trkpt>
      <trkpt lat="40.574492" lon="0.045067">
        <ele>1138.5</ele>
        <time>2018-09-03T10:37:31Z</time>
        <sat>11</sat>
      </trkpt>
      <trkpt lat="40.574440" lon="0.045167">
        <ele>1140.0</ele>
        <time>2018-09-03T10:37:37Z</time>
        <sat>11</sat>
      </trkpt>
      <trkpt lat="40.574362" lon="0.045227">
        <ele>1140.9</ele>
        <time>2018-09-03T10:37:44Z</time>
        <sat>11</sat>
      </trkpt>
      <trkpt lat="40.574272" lon="0.045262">
        <ele>1142.7</ele>
        <time>2018-09-03T10:37:51Z</time>
        <sat>11</sat>
      </trkpt>
      <trkpt lat="40.574193" lon="0.045332">
        <ele>1145.1</ele>
        <time>2018-09-03T10:37:58Z</time>
        <sat>11</sat>
      </trkpt>
      <trkpt lat="40.574105" lon="0.045407">
        <ele>1147.1</ele>
        <time>2018-09-03T10:38:06Z</time>
        <sat>11</sat>
      </trkpt>
      <trkpt lat="40.574022" lon="0.045458">
        <ele>1148.5</ele>
        <time>2018-09-03T10:38:12Z</time>
        <sat>11</sat>
      </trkpt>
      <trkpt lat="40.573987" lon="0.045587">
        <ele>1150.4</ele>
        <time>2018-09-03T10:38:20Z</time>
        <sat>11</sat>
      </trkpt>
      <trkpt lat="40.573945" lon="0.045717">
        <ele>1151.3</ele>
        <time>2018-09-03T10:38:28Z</time>
        <sat>11</sat>
      </trkpt>
      <trkpt lat="40.573907" lon="0.045835">
        <ele>1152.8</ele>
        <time>2018-09-03T10:38:35Z</time>
        <sat>11</sat>
      </trkpt>
      <trkpt lat="40.573872" lon="0.045945">
        <ele>1153.6</ele>
        <time>2018-09-03T10:38:41Z</time>
        <sat>11</sat>
      </trkpt>
      <trkpt lat="40.573843" lon="0.046074">
        <ele>1154.3</ele>
        <time>2018-09-03T10:38:49Z</time>
        <sat>11</sat>
      </trkpt>
      <trkpt lat="40.573827" lon="0.046204">
        <ele>1155.1</ele>
        <time>2018-09-03T10:38:56Z</time>
        <sat>11</sat>
      </trkpt>
      <trkpt lat="40.573792" lon="0.046314">
        <ele>1155.8</ele>
        <time>2018-09-03T10:39:03Z</time>
        <sat>11</sat>
      </trkpt>
      <trkpt lat="40.573770" lon="0.046434">
        <ele>1156.7</ele>
        <time>2018-09-03T10:39:09Z</time>
        <sat>10</sat>
      </trkpt>
      <trkpt lat="40.573743" lon="0.046562">
        <ele>1157.2</ele>
        <time>2018-09-03T10:39:17Z</time>
        <sat>10</sat>
      </trkpt>
      <trkpt lat="40.573748" lon="0.046681">
        <ele>1158.0</ele>
        <time>2018-09-03T10:39:23Z</time>
        <sat>11</sat>
      </trkpt>
      <trkpt lat="40.573730" lon="0.046815">
        <ele>1158.8</ele>
        <time>2018-09-03T10:39:31Z</time>
        <sat>11</sat>
      </trkpt>
      <trkpt lat="40.573710" lon="0.046932">
        <ele>1159.3</ele>
        <time>2018-09-03T10:39:37Z</time>
        <sat>11</sat>
      </trkpt>
      <trkpt lat="40.573704" lon="0.047052">
        <ele>1159.8</ele>
        <time>2018-09-03T10:39:44Z</time>
        <sat>10</sat>
      </trkpt>
      <trkpt lat="40.573675" lon="0.047182">
        <ele>1159.2</ele>
        <time>2018-09-03T10:39:51Z</time>
        <sat>11</sat>
      </trkpt>
      <trkpt lat="40.573648" lon="0.047312">
        <ele>1158.3</ele>
        <time>2018-09-03T10:39:59Z</time>
        <sat>11</sat>
      </trkpt>
      <trkpt lat="40.573647" lon="0.047440">
        <ele>1158.3</ele>
        <time>2018-09-03T10:40:06Z</time>
        <sat>11</sat>
      </trkpt>
      <trkpt lat="40.573632" lon="0.047563">
        <ele>1157.8</ele>
        <time>2018-09-03T10:40:13Z</time>
        <sat>11</sat>
      </trkpt>
      <trkpt lat="40.573612" lon="0.047683">
        <ele>1156.7</ele>
        <time>2018-09-03T10:40:20Z</time>
        <sat>11</sat>
      </trkpt>
      <trkpt lat="40.573575" lon="0.047802">
        <ele>1154.9</ele>
        <time>2018-09-03T10:40:27Z</time>
        <sat>11</sat>
      </trkpt>
      <trkpt lat="40.573537" lon="0.047930">
        <ele>1152.9</ele>
        <time>2018-09-03T10:40:34Z</time>
        <sat>11</sat>
      </trkpt>
      <trkpt lat="40.573540" lon="0.048055">
        <ele>1152.1</ele>
        <time>2018-09-03T10:40:41Z</time>
        <sat>11</sat>
      </trkpt>
      <trkpt lat="40.573538" lon="0.048177">
        <ele>1151.7</ele>
        <time>2018-09-03T10:40:48Z</time>
        <sat>11</sat>
      </trkpt>
      <trkpt lat="40.573530" lon="0.048307">
        <ele>1151.4</ele>
        <time>2018-09-03T10:40:55Z</time>
        <sat>11</sat>
      </trkpt>
      <trkpt lat="40.573527" lon="0.048425">
        <ele>1151.5</ele>
        <time>2018-09-03T10:41:02Z</time>
        <sat>11</sat>
      </trkpt>
      <trkpt lat="40.573518" lon="0.048554">
        <ele>1151.7</ele>
        <time>2018-09-03T10:41:09Z</time>
        <sat>10</sat>
      </trkpt>
      <trkpt lat="40.573495" lon="0.048687">
        <ele>1152.2</ele>
        <time>2018-09-03T10:41:16Z</time>
        <sat>11</sat>
      </trkpt>
      <trkpt lat="40.573480" lon="0.048808">
        <ele>1152.8</ele>
        <time>2018-09-03T10:41:23Z</time>
        <sat>11</sat>
      </trkpt>
      <trkpt lat="40.573474" lon="0.048948">
        <ele>1153.7</ele>
        <time>2018-09-03T10:41:31Z</time>
        <sat>11</sat>
      </trkpt>
      <trkpt lat="40.573457" lon="0.049085">
        <ele>1154.5</ele>
        <time>2018-09-03T10:41:39Z</time>
        <sat>11</sat>
      </trkpt>
      <trkpt lat="40.573465" lon="0.049219">
        <ele>1155.3</ele>
        <time>2018-09-03T10:41:46Z</time>
        <sat>11</sat>
      </trkpt>
      <trkpt lat="40.573433" lon="0.049335">
        <ele>1155.1</ele>
        <time>2018-09-03T10:41:53Z</time>
        <sat>11</sat>
      </trkpt>
      <trkpt lat="40.573413" lon="0.049463">
        <ele>1155.0</ele>
        <time>2018-09-03T10:42:00Z</time>
        <sat>11</sat>
      </trkpt>
      <trkpt lat="40.573418" lon="0.049598">
        <ele>1153.3</ele>
        <time>2018-09-03T10:42:07Z</time>
        <sat>11</sat>
      </trkpt>
      <trkpt lat="40.573450" lon="0.049712">
        <ele>1153.0</ele>
        <time>2018-09-03T10:42:14Z</time>
        <sat>11</sat>
      </trkpt>
      <trkpt lat="40.573464" lon="0.049830">
        <ele>1152.5</ele>
        <time>2018-09-03T10:42:21Z</time>
        <sat>10</sat>
      </trkpt>
      <trkpt lat="40.573472" lon="0.049952">
        <ele>1151.6</ele>
        <time>2018-09-03T10:42:27Z</time>
        <sat>10</sat>
      </trkpt>
      <trkpt lat="40.573465" lon="0.050070">
        <ele>1150.9</ele>
        <time>2018-09-03T10:42:34Z</time>
        <sat>9</sat>
      </trkpt>
      <trkpt lat="40.573460" lon="0.050202">
        <ele>1150.5</ele>
        <time>2018-09-03T10:42:41Z</time>
        <sat>9</sat>
      </trkpt>
      <trkpt lat="40.573450" lon="0.050324">
        <ele>1149.7</ele>
        <time>2018-09-03T10:42:48Z</time>
        <sat>9</sat>
      </trkpt>
      <trkpt lat="40.573459" lon="0.050457">
        <ele>1149.8</ele>
        <time>2018-09-03T10:42:55Z</time>
        <sat>9</sat>
      </trkpt>
      <trkpt lat="40.573435" lon="0.050583">
        <ele>1147.9</ele>
        <time>2018-09-03T10:43:03Z</time>
        <sat>9</sat>
      </trkpt>
      <trkpt lat="40.573450" lon="0.050707">
        <ele>1148.0</ele>
        <time>2018-09-03T10:43:09Z</time>
        <sat>9</sat>
      </trkpt>
      <trkpt lat="40.573475" lon="0.050827">
        <ele>1148.9</ele>
        <time>2018-09-03T10:43:16Z</time>
        <sat>9</sat>
      </trkpt>
      <trkpt lat="40.573537" lon="0.050942">
        <ele>1151.8</ele>
        <time>2018-09-03T10:43:24Z</time>
        <sat>9</sat>
      </trkpt>
      <trkpt lat="40.573570" lon="0.051055">
        <ele>1153.5</ele>
        <time>2018-09-03T10:43:31Z</time>
        <sat>9</sat>
      </trkpt>
      <trkpt lat="40.573572" lon="0.051192">
        <ele>1153.4</ele>
        <time>2018-09-03T10:43:39Z</time>
        <sat>9</sat>
      </trkpt>
      <trkpt lat="40.573590" lon="0.051310">
        <ele>1154.2</ele>
        <time>2018-09-03T10:43:45Z</time>
        <sat>9</sat>
      </trkpt>
      <trkpt lat="40.573653" lon="0.051413">
        <ele>1157.8</ele>
        <time>2018-09-03T10:43:53Z</time>
        <sat>9</sat>
      </trkpt>
      <trkpt lat="40.573665" lon="0.051550">
        <ele>1159.6</ele>
        <time>2018-09-03T10:44:01Z</time>
        <sat>9</sat>
      </trkpt>
      <trkpt lat="40.573678" lon="0.051677">
        <ele>1161.3</ele>
        <time>2018-09-03T10:44:08Z</time>
        <sat>9</sat>
      </trkpt>
      <trkpt lat="40.573724" lon="0.051787">
        <ele>1164.2</ele>
        <time>2018-09-03T10:44:15Z</time>
        <sat>9</sat>
      </trkpt>
      <trkpt lat="40.573743" lon="0.051909">
        <ele>1165.8</ele>
        <time>2018-09-03T10:44:22Z</time>
        <sat>9</sat>
      </trkpt>
      <trkpt lat="40.573777" lon="0.052020">
        <ele>1167.7</ele>
        <time>2018-09-03T10:44:28Z</time>
        <sat>9</sat>
      </trkpt>
      <trkpt lat="40.573809" lon="0.052145">
        <ele>1169.9</ele>
        <time>2018-09-03T10:44:36Z</time>
        <sat>9</sat>
      </trkpt>
      <trkpt lat="40.573805" lon="0.052267">
        <ele>1171.0</ele>
        <time>2018-09-03T10:44:43Z</time>
        <sat>9</sat>
      </trkpt>
      <trkpt lat="40.573792" lon="0.052400">
        <ele>1171.6</ele>
        <time>2018-09-03T10:44:50Z</time>
        <sat>9</sat>
      </trkpt>
      <trkpt lat="40.573760" lon="0.052527">
        <ele>1171.4</ele>
        <time>2018-09-03T10:44:57Z</time>
        <sat>9</sat>
      </trkpt>
      <trkpt lat="40.573724" lon="0.052655">
        <ele>1171.0</ele>
        <time>2018-09-03T10:45:05Z</time>
        <sat>9</sat>
      </trkpt>
      <trkpt lat="40.573694" lon="0.052777">
        <ele>1170.8</ele>
        <time>2018-09-03T10:45:12Z</time>
        <sat>9</sat>
      </trkpt>
      <trkpt lat="40.573652" lon="0.052905">
        <ele>1171.1</ele>
        <time>2018-09-03T10:45:20Z</time>
        <sat>9</sat>
      </trkpt>
      <trkpt lat="40.573617" lon="0.053024">
        <ele>1172.1</ele>
        <time>2018-09-03T10:45:27Z</time>
        <sat>9</sat>
      </trkpt>
      <trkpt lat="40.573620" lon="0.053159">
        <ele>1175.2</ele>
        <time>2018-09-03T10:45:34Z</time>
        <sat>9</sat>
      </trkpt>
      <trkpt lat="40.573567" lon="0.053257">
        <ele>1175.9</ele>
        <time>2018-09-03T10:45:41Z</time>
        <sat>9</sat>
      </trkpt>
      <trkpt lat="40.573492" lon="0.053344">
        <ele>1175.4</ele>
        <time>2018-09-03T10:45:48Z</time>
        <sat>9</sat>
      </trkpt>
      <trkpt lat="40.573412" lon="0.053415">
        <ele>1174.5</ele>
        <time>2018-09-03T10:45:55Z</time>
        <sat>9</sat>
      </trkpt>
      <trkpt lat="40.573347" lon="0.053518">
        <ele>1176.1</ele>
        <time>2018-09-03T10:46:03Z</time>
        <sat>9</sat>
      </trkpt>
      <trkpt lat="40.573270" lon="0.053623">
        <ele>1178.0</ele>
        <time>2018-09-03T10:46:11Z</time>
        <sat>9</sat>
      </trkpt>
      <trkpt lat="40.573223" lon="0.053743">
        <ele>1180.7</ele>
        <time>2018-09-03T10:46:18Z</time>
        <sat>10</sat>
      </trkpt>
      <trkpt lat="40.573184" lon="0.053855">
        <ele>1181.8</ele>
        <time>2018-09-03T10:46:25Z</time>
        <sat>10</sat>
      </trkpt>
      <trkpt lat="40.573173" lon="0.053985">
        <ele>1181.8</ele>
        <time>2018-09-03T10:46:32Z</time>
        <sat>10</sat>
      </trkpt>
      <trkpt lat="40.573107" lon="0.054070">
        <ele>1180.7</ele>
        <time>2018-09-03T10:46:39Z</time>
        <sat>10</sat>
      </trkpt>
      <trkpt lat="40.573019" lon="0.054100">
        <ele>1180.7</ele>
        <time>2018-09-03T10:46:46Z</time>
        <sat>10</sat>
      </trkpt>
      <trkpt lat="40.572927" lon="0.054145">
        <ele>1180.3</ele>
        <time>2018-09-03T10:46:53Z</time>
        <sat>10</sat>
      </trkpt>
      <trkpt lat="40.572862" lon="0.054240">
        <ele>1177.6</ele>
        <time>2018-09-03T10:47:00Z</time>
        <sat>10</sat>
      </trkpt>
      <trkpt lat="40.572782" lon="0.054297">
        <ele>1176.3</ele>
        <time>2018-09-03T10:47:07Z</time>
        <sat>10</sat>
      </trkpt>
      <trkpt lat="40.572707" lon="0.054369">
        <ele>1174.4</ele>
        <time>2018-09-03T10:47:14Z</time>
        <sat>10</sat>
      </trkpt>
      <trkpt lat="40.572623" lon="0.054417">
        <ele>1173.8</ele>
        <time>2018-09-03T10:47:20Z</time>
        <sat>10</sat>
      </trkpt>
      <trkpt lat="40.572570" lon="0.054518">
        <ele>1170.1</ele>
        <time>2018-09-03T10:47:27Z</time>
        <sat>10</sat>
      </trkpt>
      <trkpt lat="40.572507" lon="0.054613">
        <ele>1167.2</ele>
        <time>2018-09-03T10:47:35Z</time>
        <sat>10</sat>
      </trkpt>
      <trkpt lat="40.572442" lon="0.054710">
        <ele>1165.0</ele>
        <time>2018-09-03T10:47:42Z</time>
        <sat>10</sat>
      </trkpt>
      <trkpt lat="40.572375" lon="0.054814">
        <ele>1162.9</ele>
        <time>2018-09-03T10:47:49Z</time>
        <sat>10</sat>
      </trkpt>
      <trkpt lat="40.572310" lon="0.054920">
        <ele>1162.3</ele>
        <time>2018-09-03T10:47:57Z</time>
        <sat>10</sat>
      </trkpt>
      <trkpt lat="40.572254" lon="0.055037">
        <ele>1162.2</ele>
        <time>2018-09-03T10:48:04Z</time>
        <sat>10</sat>
      </trkpt>
      <trkpt lat="40.572202" lon="0.055149">
        <ele>1162.4</ele>
        <time>2018-09-03T10:48:12Z</time>
        <sat>9</sat>
      </trkpt>
      <trkpt lat="40.572167" lon="0.055260">
        <ele>1163.5</ele>
        <time>2018-09-03T10:48:18Z</time>
        <sat>10</sat>
      </trkpt>
      <trkpt lat="40.572140" lon="0.055374">
        <ele>1164.5</ele>
        <time>2018-09-03T10:48:25Z</time>
        <sat>10</sat>
      </trkpt>
      <trkpt lat="40.572107" lon="0.055497">
        <ele>1165.4</ele>
        <time>2018-09-03T10:48:32Z</time>
        <sat>10</sat>
      </trkpt>
      <trkpt lat="40.572073" lon="0.055625">
        <ele>1163.7</ele>
        <time>2018-09-03T10:48:40Z</time>
        <sat>10</sat>
      </trkpt>
      <trkpt lat="40.572030" lon="0.055736">
        <ele>1162.8</ele>
        <time>2018-09-03T10:48:47Z</time>
        <sat>10</sat>
      </trkpt>
      <trkpt lat="40.571982" lon="0.055868">
        <ele>1164.0</ele>
        <time>2018-09-03T10:48:55Z</time>
        <sat>10</sat>
      </trkpt>
      <trkpt lat="40.571965" lon="0.055988">
        <ele>1164.4</ele>
        <time>2018-09-03T10:49:01Z</time>
        <sat>10</sat>
      </trkpt>
      <trkpt lat="40.571960" lon="0.056107">
        <ele>1164.2</ele>
        <time>2018-09-03T10:49:08Z</time>
        <sat>10</sat>
      </trkpt>
      <trkpt lat="40.571930" lon="0.056240">
        <ele>1165.9</ele>
        <time>2018-09-03T10:49:16Z</time>
        <sat>10</sat>
      </trkpt>
      <trkpt lat="40.571915" lon="0.056380">
        <ele>1168.0</ele>
        <time>2018-09-03T10:49:23Z</time>
        <sat>10</sat>
      </trkpt>
      <trkpt lat="40.571907" lon="0.056512">
        <ele>1169.6</ele>
        <time>2018-09-03T10:49:31Z</time>
        <sat>10</sat>
      </trkpt>
      <trkpt lat="40.571905" lon="0.056652">
        <ele>1171.2</ele>
        <time>2018-09-03T10:49:39Z</time>
        <sat>10</sat>
      </trkpt>
      <trkpt lat="40.571904" lon="0.056800">
        <ele>1172.0</ele>
        <time>2018-09-03T10:49:47Z</time>
        <sat>10</sat>
      </trkpt>
      <trkpt lat="40.571895" lon="0.056939">
        <ele>1172.7</ele>
        <time>2018-09-03T10:49:54Z</time>
        <sat>10</sat>
      </trkpt>
      <trkpt lat="40.571884" lon="0.057070">
        <ele>1173.7</ele>
        <time>2018-09-03T10:50:02Z</time>
        <sat>10</sat>
      </trkpt>
      <trkpt lat="40.571858" lon="0.057209">
        <ele>1174.5</ele>
        <time>2018-09-03T10:50:10Z</time>
        <sat>10</sat>
      </trkpt>
      <trkpt lat="40.571787" lon="0.057290">
        <ele>1176.2</ele>
        <time>2018-09-03T10:50:17Z</time>
        <sat>10</sat>
      </trkpt>
      <trkpt lat="40.571697" lon="0.057344">
        <ele>1177.4</ele>
        <time>2018-09-03T10:50:24Z</time>
        <sat>10</sat>
      </trkpt>
      <trkpt lat="40.571610" lon="0.057397">
        <ele>1175.8</ele>
        <time>2018-09-03T10:50:31Z</time>
        <sat>10</sat>
      </trkpt>
      <trkpt lat="40.571513" lon="0.057412">
        <ele>1174.2</ele>
        <time>2018-09-03T10:50:38Z</time>
        <sat>10</sat>
      </trkpt>
      <trkpt lat="40.571415" lon="0.057442">
        <ele>1171.9</ele>
        <time>2018-09-03T10:50:45Z</time>
        <sat>10</sat>
      </trkpt>
      <trkpt lat="40.571322" lon="0.057479">
        <ele>1169.8</ele>
        <time>2018-09-03T10:50:53Z</time>
        <sat>11</sat>
      </trkpt>
      <trkpt lat="40.571232" lon="0.057515">
        <ele>1168.2</ele>
        <time>2018-09-03T10:50:59Z</time>
        <sat>11</sat>
      </trkpt>
      <trkpt lat="40.571147" lon="0.057570">
        <ele>1165.9</ele>
        <time>2018-09-03T10:51:06Z</time>
        <sat>10</sat>
      </trkpt>
      <trkpt lat="40.571057" lon="0.057597">
        <ele>1165.4</ele>
        <time>2018-09-03T10:51:13Z</time>
        <sat>10</sat>
      </trkpt>
      <trkpt lat="40.570963" lon="0.057624">
        <ele>1165.3</ele>
        <time>2018-09-03T10:51:20Z</time>
        <sat>10</sat>
      </trkpt>
      <trkpt lat="40.570872" lon="0.057678">
        <ele>1164.6</ele>
        <time>2018-09-03T10:51:27Z</time>
        <sat>10</sat>
      </trkpt>
      <trkpt lat="40.570787" lon="0.057725">
        <ele>1163.9</ele>
        <time>2018-09-03T10:51:34Z</time>
        <sat>10</sat>
      </trkpt>
      <trkpt lat="40.570720" lon="0.057830">
        <ele>1160.6</ele>
        <time>2018-09-03T10:51:42Z</time>
        <sat>10</sat>
      </trkpt>
      <trkpt lat="40.570650" lon="0.057922">
        <ele>1157.9</ele>
        <time>2018-09-03T10:51:49Z</time>
        <sat>9</sat>
      </trkpt>
      <trkpt lat="40.570579" lon="0.058024">
        <ele>1156.2</ele>
        <time>2018-09-03T10:51:57Z</time>
        <sat>10</sat>
      </trkpt>
      <trkpt lat="40.570513" lon="0.058107">
        <ele>1155.1</ele>
        <time>2018-09-03T10:52:03Z</time>
        <sat>11</sat>
      </trkpt>
      <trkpt lat="40.570423" lon="0.058182">
        <ele>1155.7</ele>
        <time>2018-09-03T10:52:11Z</time>
        <sat>11</sat>
      </trkpt>
      <trkpt lat="40.570350" lon="0.058265">
        <ele>1155.7</ele>
        <time>2018-09-03T10:52:18Z</time>
        <sat>11</sat>
      </trkpt>
      <trkpt lat="40.570267" lon="0.058327">
        <ele>1156.4</ele>
        <time>2018-09-03T10:52:25Z</time>
        <sat>11</sat>
      </trkpt>
      <trkpt lat="40.570180" lon="0.058377">
        <ele>1155.6</ele>
        <time>2018-09-03T10:52:32Z</time>
        <sat>10</sat>
      </trkpt>
      <trkpt lat="40.570080" lon="0.058402">
        <ele>1154.8</ele>
        <time>2018-09-03T10:52:39Z</time>
        <sat>10</sat>
      </trkpt>
      <trkpt lat="40.569987" lon="0.058415">
        <ele>1153.9</ele>
        <time>2018-09-03T10:52:46Z</time>
        <sat>10</sat>
      </trkpt>
      <trkpt lat="40.569883" lon="0.058442">
        <ele>1151.7</ele>
        <time>2018-09-03T10:52:54Z</time>
        <sat>9</sat>
      </trkpt>
      <trkpt lat="40.569772" lon="0.058467">
        <ele>1152.5</ele>
        <time>2018-09-03T10:53:02Z</time>
        <sat>9</sat>
      </trkpt>
      <trkpt lat="40.569689" lon="0.058514">
        <ele>1153.4</ele>
        <time>2018-09-03T10:53:09Z</time>
        <sat>9</sat>
      </trkpt>
      <trkpt lat="40.569608" lon="0.058568">
        <ele>1156.8</ele>
        <time>2018-09-03T10:53:16Z</time>
        <sat>9</sat>
      </trkpt>
      <trkpt lat="40.569554" lon="0.058687">
        <ele>1157.6</ele>
        <time>2018-09-03T10:53:23Z</time>
        <sat>10</sat>
      </trkpt>
      <trkpt lat="40.569484" lon="0.058763">
        <ele>1158.8</ele>
        <time>2018-09-03T10:53:30Z</time>
        <sat>10</sat>
      </trkpt>
      <trkpt lat="40.569405" lon="0.058849">
        <ele>1159.7</ele>
        <time>2018-09-03T10:53:37Z</time>
        <sat>10</sat>
      </trkpt>
      <trkpt lat="40.569308" lon="0.058907">
        <ele>1161.5</ele>
        <time>2018-09-03T10:53:45Z</time>
        <sat>10</sat>
      </trkpt>
      <trkpt lat="40.569254" lon="0.059005">
        <ele>1162.7</ele>
        <time>2018-09-03T10:53:52Z</time>
        <sat>10</sat>
      </trkpt>
      <trkpt lat="40.569216" lon="0.059114">
        <ele>1165.2</ele>
        <time>2018-09-03T10:53:59Z</time>
        <sat>10</sat>
      </trkpt>
      <trkpt lat="40.569273" lon="0.059140">
        <ele>1164.6</ele>
        <time>2018-09-03T10:54:03Z</time>
        <sat>10</sat>
      </trkpt>
      <trkpt lat="40.569283" lon="0.059235">
        <ele>1161.5</ele>
        <time>2018-09-03T10:54:09Z</time>
        <sat>10</sat>
      </trkpt>
      <trkpt lat="40.569293" lon="0.059367">
        <ele>1161.9</ele>
        <time>2018-09-03T10:54:16Z</time>
        <sat>10</sat>
      </trkpt>
      <trkpt lat="40.569345" lon="0.059477">
        <ele>1161.1</ele>
        <time>2018-09-03T10:54:23Z</time>
        <sat>10</sat>
      </trkpt>
      <trkpt lat="40.569370" lon="0.059595">
        <ele>1161.8</ele>
        <time>2018-09-03T10:54:30Z</time>
        <sat>10</sat>
      </trkpt>
      <trkpt lat="40.569402" lon="0.059724">
        <ele>1161.9</ele>
        <time>2018-09-03T10:54:37Z</time>
        <sat>10</sat>
      </trkpt>
      <trkpt lat="40.569437" lon="0.059850">
        <ele>1160.8</ele>
        <time>2018-09-03T10:54:45Z</time>
        <sat>10</sat>
      </trkpt>
      <trkpt lat="40.569467" lon="0.059967">
        <ele>1159.7</ele>
        <time>2018-09-03T10:54:52Z</time>
        <sat>10</sat>
      </trkpt>
      <trkpt lat="40.569487" lon="0.060087">
        <ele>1158.9</ele>
        <time>2018-09-03T10:54:58Z</time>
        <sat>11</sat>
      </trkpt>
      <trkpt lat="40.569485" lon="0.060208">
        <ele>1158.9</ele>
        <time>2018-09-03T10:55:05Z</time>
        <sat>11</sat>
      </trkpt>
      <trkpt lat="40.569485" lon="0.060337">
        <ele>1156.9</ele>
        <time>2018-09-03T10:55:12Z</time>
        <sat>11</sat>
      </trkpt>
      <trkpt lat="40.569465" lon="0.060463">
        <ele>1156.0</ele>
        <time>2018-09-03T10:55:19Z</time>
        <sat>9</sat>
      </trkpt>
      <trkpt lat="40.569475" lon="0.060590">
        <ele>1153.3</ele>
        <time>2018-09-03T10:55:27Z</time>
        <sat>11</sat>
      </trkpt>
      <trkpt lat="40.569440" lon="0.060700">
        <ele>1153.9</ele>
        <time>2018-09-03T10:55:33Z</time>
        <sat>10</sat>
      </trkpt>
      <trkpt lat="40.569388" lon="0.060822">
        <ele>1155.5</ele>
        <time>2018-09-03T10:55:41Z</time>
        <sat>9</sat>
      </trkpt>
      <trkpt lat="40.569364" lon="0.060954">
        <ele>1155.7</ele>
        <time>2018-09-03T10:55:48Z</time>
        <sat>9</sat>
      </trkpt>
      <trkpt lat="40.569350" lon="0.061088">
        <ele>1155.0</ele>
        <time>2018-09-03T10:55:56Z</time>
        <sat>9</sat>
      </trkpt>
      <trkpt lat="40.569307" lon="0.061208">
        <ele>1153.3</ele>
        <time>2018-09-03T10:56:03Z</time>
        <sat>9</sat>
      </trkpt>
      <trkpt lat="40.569272" lon="0.061325">
        <ele>1151.4</ele>
        <time>2018-09-03T10:56:10Z</time>
        <sat>9</sat>
      </trkpt>
      <trkpt lat="40.569230" lon="0.061440">
        <ele>1152.8</ele>
        <time>2018-09-03T10:56:17Z</time>
        <sat>9</sat>
      </trkpt>
      <trkpt lat="40.569203" lon="0.061555">
        <ele>1153.3</ele>
        <time>2018-09-03T10:56:24Z</time>
        <sat>9</sat>
      </trkpt>
      <trkpt lat="40.569153" lon="0.061657">
        <ele>1155.6</ele>
        <time>2018-09-03T10:56:31Z</time>
        <sat>10</sat>
      </trkpt>
      <trkpt lat="40.569105" lon="0.061783">
        <ele>1156.6</ele>
        <time>2018-09-03T10:56:39Z</time>
        <sat>10</sat>
      </trkpt>
      <trkpt lat="40.569073" lon="0.061913">
        <ele>1156.3</ele>
        <time>2018-09-03T10:56:46Z</time>
        <sat>10</sat>
      </trkpt>
      <trkpt lat="40.569038" lon="0.062037">
        <ele>1156.7</ele>
        <time>2018-09-03T10:56:53Z</time>
        <sat>10</sat>
      </trkpt>
      <trkpt lat="40.569037" lon="0.062162">
        <ele>1156.1</ele>
        <time>2018-09-03T10:57:00Z</time>
        <sat>10</sat>
      </trkpt>
      <trkpt lat="40.569029" lon="0.062289">
        <ele>1154.2</ele>
        <time>2018-09-03T10:57:07Z</time>
        <sat>10</sat>
      </trkpt>
      <trkpt lat="40.568962" lon="0.062384">
        <ele>1156.2</ele>
        <time>2018-09-03T10:57:15Z</time>
        <sat>10</sat>
      </trkpt>
      <trkpt lat="40.568955" lon="0.062525">
        <ele>1158.1</ele>
        <time>2018-09-03T10:57:22Z</time>
        <sat>11</sat>
      </trkpt>
      <trkpt lat="40.568922" lon="0.062655">
        <ele>1159.5</ele>
        <time>2018-09-03T10:57:30Z</time>
        <sat>11</sat>
      </trkpt>
      <trkpt lat="40.568877" lon="0.062770">
        <ele>1160.2</ele>
        <time>2018-09-03T10:57:37Z</time>
        <sat>11</sat>
      </trkpt>
      <trkpt lat="40.568822" lon="0.062870">
        <ele>1160.5</ele>
        <time>2018-09-03T10:57:44Z</time>
        <sat>11</sat>
      </trkpt>
      <trkpt lat="40.568787" lon="0.062987">
        <ele>1161.3</ele>
        <time>2018-09-03T10:57:51Z</time>
        <sat>11</sat>
      </trkpt>
      <trkpt lat="40.568735" lon="0.063107">
        <ele>1162.4</ele>
        <time>2018-09-03T10:57:59Z</time>
        <sat>11</sat>
      </trkpt>
      <trkpt lat="40.568716" lon="0.063184">
        <ele>1162.7</ele>
        <time>2018-09-03T10:58:03Z</time>
        <sat>11</sat>
      </trkpt>
      <trkpt lat="40.568705" lon="0.063245">
        <ele>1162.9</ele>
        <time>2018-09-03T10:58:06Z</time>
        <sat>11</sat>
      </trkpt>
      <trkpt lat="40.568687" lon="0.063404">
        <ele>1163.0</ele>
        <time>2018-09-03T10:58:15Z</time>
      </trkpt>
      <trkpt lat="40.568675" lon="0.063577">
        <ele>1161.4</ele>
        <time>2018-09-03T10:58:25Z</time>
      </trkpt>
      <trkpt lat="40.568673" lon="0.063624">
        <ele>1160.9</ele>
        <time>2018-09-03T10:58:27Z</time>
        <sat>11</sat>
      </trkpt>
      <trkpt lat="40.568673" lon="0.063624">
        <ele>1160.9</ele>
        <time>2018-09-03T10:58:27Z</time>
      </trkpt>
      <trkpt lat="40.568673" lon="0.063624">
        <ele>1160.9</ele>
        <time>2018-09-03T10:58:27Z</time>
      </trkpt>
      <trkpt lat="40.568706" lon="0.063740">
        <ele>1160.2</ele>
        <time>2018-09-03T10:58:34Z</time>
      </trkpt>
      <trkpt lat="40.568739" lon="0.063807">
        <ele>1159.7</ele>
        <time>2018-09-03T10:58:39Z</time>
      </trkpt>
      <trkpt lat="40.568823" lon="0.064090">
        <ele>1153.4</ele>
        <time>2018-09-03T10:58:56Z</time>
      </trkpt>
      <trkpt lat="40.568823" lon="0.064140">
        <ele>1152.4</ele>
        <time>2018-09-03T10:58:59Z</time>
      </trkpt>
      <trkpt lat="40.568856" lon="0.064290">
        <ele>1149.3</ele>
        <time>2018-09-03T10:59:08Z</time>
      </trkpt>
      <trkpt lat="40.568856" lon="0.064507">
        <ele>1147.2</ele>
        <time>2018-09-03T10:59:20Z</time>
      </trkpt>
      <trkpt lat="40.568873" lon="0.064573">
        <ele>1146.7</ele>
        <time>2018-09-03T10:59:23Z</time>
      </trkpt>
      <trkpt lat="40.568873" lon="0.064640">
        <ele>1146.4</ele>
        <time>2018-09-03T10:59:27Z</time>
      </trkpt>
      <trkpt lat="40.568889" lon="0.064707">
        <ele>1145.8</ele>
        <time>2018-09-03T10:59:31Z</time>
      </trkpt>
      <trkpt lat="40.568889" lon="0.064791">
        <ele>1145.3</ele>
        <time>2018-09-03T10:59:36Z</time>
      </trkpt>
      <trkpt lat="40.568956" lon="0.065040">
        <ele>1145.2</ele>
        <time>2018-09-03T10:59:50Z</time>
      </trkpt>
      <trkpt lat="40.568973" lon="0.065157">
        <ele>1145.5</ele>
        <time>2018-09-03T10:59:57Z</time>
      </trkpt>
      <trkpt lat="40.569007" lon="0.065241">
        <ele>1146.0</ele>
        <time>2018-09-03T11:00:02Z</time>
      </trkpt>
      <trkpt lat="40.569123" lon="0.065707">
        <ele>1147.6</ele>
        <time>2018-09-03T11:00:29Z</time>
      </trkpt>
      <trkpt lat="40.569123" lon="0.065807">
        <ele>1147.4</ele>
        <time>2018-09-03T11:00:34Z</time>
      </trkpt>
      <trkpt lat="40.569106" lon="0.065890">
        <ele>1146.9</ele>
        <time>2018-09-03T11:00:39Z</time>
      </trkpt>
      <trkpt lat="40.569106" lon="0.065990">
        <ele>1147.1</ele>
        <time>2018-09-03T11:00:45Z</time>
      </trkpt>
      <trkpt lat="40.569090" lon="0.066107">
        <ele>1146.7</ele>
        <time>2018-09-03T11:00:51Z</time>
      </trkpt>
      <trkpt lat="40.569090" lon="0.066207">
        <ele>1146.9</ele>
        <time>2018-09-03T11:00:57Z</time>
      </trkpt>
      <trkpt lat="40.569073" lon="0.066290">
        <ele>1146.6</ele>
        <time>2018-09-03T11:01:01Z</time>
      </trkpt>
      <trkpt lat="40.569073" lon="0.066390">
        <ele>1146.8</ele>
        <time>2018-09-03T11:01:07Z</time>
      </trkpt>
      <trkpt lat="40.569056" lon="0.066490">
        <ele>1146.5</ele>
        <time>2018-09-03T11:01:13Z</time>
      </trkpt>
      <trkpt lat="40.569073" lon="0.067007">
        <ele>1146.3</ele>
        <time>2018-09-03T11:01:41Z</time>
      </trkpt>
      <trkpt lat="40.569106" lon="0.067107">
        <ele>1146.1</ele>
        <time>2018-09-03T11:01:47Z</time>
      </trkpt>
      <trkpt lat="40.569156" lon="0.067390">
        <ele>1146.2</ele>
        <time>2018-09-03T11:02:03Z</time>
      </trkpt>
      <trkpt lat="40.569139" lon="0.067473">
        <ele>1146.6</ele>
        <time>2018-09-03T11:02:08Z</time>
      </trkpt>
      <trkpt lat="40.569139" lon="0.067557">
        <ele>1146.8</ele>
        <time>2018-09-03T11:02:12Z</time>
      </trkpt>
      <trkpt lat="40.569123" lon="0.067640">
        <ele>1146.5</ele>
        <time>2018-09-03T11:02:17Z</time>
      </trkpt>
      <trkpt lat="40.569123" lon="0.067807">
        <ele>1146.8</ele>
        <time>2018-09-03T11:02:26Z</time>
      </trkpt>
      <trkpt lat="40.569139" lon="0.067890">
        <ele>1147.5</ele>
        <time>2018-09-03T11:02:31Z</time>
      </trkpt>
      <trkpt lat="40.569139" lon="0.068007">
        <ele>1147.7</ele>
        <time>2018-09-03T11:02:37Z</time>
      </trkpt>
      <trkpt lat="40.569223" lon="0.068373">
        <ele>1145.5</ele>
        <time>2018-09-03T11:02:59Z</time>
      </trkpt>
      <trkpt lat="40.569390" lon="0.068574">
        <ele>1142.7</ele>
        <time>2018-09-03T11:03:15Z</time>
      </trkpt>
      <trkpt lat="40.569439" lon="0.068607">
        <ele>1142.4</ele>
        <time>2018-09-03T11:03:19Z</time>
      </trkpt>
      <trkpt lat="40.569473" lon="0.068640">
        <ele>1142.0</ele>
        <time>2018-09-03T11:03:22Z</time>
      </trkpt>
      <trkpt lat="40.569523" lon="0.068674">
        <ele>1141.8</ele>
        <time>2018-09-03T11:03:26Z</time>
      </trkpt>
      <trkpt lat="40.569556" lon="0.068723">
        <ele>1141.0</ele>
        <time>2018-09-03T11:03:30Z</time>
      </trkpt>
      <trkpt lat="40.569656" lon="0.068790">
        <ele>1140.6</ele>
        <time>2018-09-03T11:03:38Z</time>
      </trkpt>
      <trkpt lat="40.569940" lon="0.069074">
        <ele>1140.9</ele>
        <time>2018-09-03T11:04:04Z</time>
      </trkpt>
      <trkpt lat="40.569989" lon="0.069140">
        <ele>1141.8</ele>
        <time>2018-09-03T11:04:09Z</time>
      </trkpt>
      <trkpt lat="40.570123" lon="0.069290">
        <ele>1144.0</ele>
        <time>2018-09-03T11:04:22Z</time>
      </trkpt>
      <trkpt lat="40.570173" lon="0.069373">
        <ele>1144.6</ele>
        <time>2018-09-03T11:04:27Z</time>
      </trkpt>
      <trkpt lat="40.570206" lon="0.069457">
        <ele>1145.1</ele>
        <time>2018-09-03T11:04:33Z</time>
      </trkpt>
      <trkpt lat="40.570340" lon="0.069607">
        <ele>1148.0</ele>
        <time>2018-09-03T11:04:46Z</time>
      </trkpt>
      <trkpt lat="40.570489" lon="0.069890">
        <ele>1149.0</ele>
        <time>2018-09-03T11:05:05Z</time>
      </trkpt>
      <trkpt lat="40.570606" lon="0.070023">
        <ele>1150.7</ele>
        <time>2018-09-03T11:05:16Z</time>
      </trkpt>
      <trkpt lat="40.570673" lon="0.070074">
        <ele>1151.8</ele>
        <time>2018-09-03T11:05:21Z</time>
      </trkpt>
      <trkpt lat="40.570723" lon="0.070141">
        <ele>1152.4</ele>
        <time>2018-09-03T11:05:27Z</time>
      </trkpt>
      <trkpt lat="40.570923" lon="0.070307">
        <ele>1154.8</ele>
        <time>2018-09-03T11:05:44Z</time>
      </trkpt>
      <trkpt lat="40.571023" lon="0.070340">
        <ele>1156.2</ele>
        <time>2018-09-03T11:05:51Z</time>
      </trkpt>
      <trkpt lat="40.571106" lon="0.070540">
        <ele>1155.7</ele>
        <time>2018-09-03T11:06:04Z</time>
      </trkpt>
      <trkpt lat="40.571156" lon="0.070840">
        <ele>1155.3</ele>
        <time>2018-09-03T11:06:21Z</time>
      </trkpt>
      <trkpt lat="40.571156" lon="0.071040">
        <ele>1155.2</ele>
        <time>2018-09-03T11:06:32Z</time>
      </trkpt>
      <trkpt lat="40.571139" lon="0.071157">
        <ele>1154.9</ele>
        <time>2018-09-03T11:06:38Z</time>
      </trkpt>
      <trkpt lat="40.571106" lon="0.071240">
        <ele>1154.3</ele>
        <time>2018-09-03T11:06:43Z</time>
      </trkpt>
      <trkpt lat="40.571056" lon="0.071324">
        <ele>1153.9</ele>
        <time>2018-09-03T11:06:49Z</time>
      </trkpt>
      <trkpt lat="40.570990" lon="0.071373">
        <ele>1153.5</ele>
        <time>2018-09-03T11:06:55Z</time>
      </trkpt>
      <trkpt lat="40.570856" lon="0.071590">
        <ele>1152.2</ele>
        <time>2018-09-03T11:07:10Z</time>
      </trkpt>
      <trkpt lat="40.570789" lon="0.071941">
        <ele>1151.2</ele>
        <time>2018-09-03T11:07:30Z</time>
      </trkpt>
      <trkpt lat="40.570673" lon="0.072173">
        <ele>1151.6</ele>
        <time>2018-09-03T11:07:45Z</time>
      </trkpt>
      <trkpt lat="40.570673" lon="0.072457">
        <ele>1151.7</ele>
        <time>2018-09-03T11:08:01Z</time>
      </trkpt>
      <trkpt lat="40.570689" lon="0.072507">
        <ele>1151.2</ele>
        <time>2018-09-03T11:08:04Z</time>
      </trkpt>
      <trkpt lat="40.570689" lon="0.072623">
        <ele>1150.5</ele>
        <time>2018-09-03T11:08:10Z</time>
      </trkpt>
      <trkpt lat="40.570673" lon="0.072823">
        <ele>1149.7</ele>
        <time>2018-09-03T11:08:21Z</time>
      </trkpt>
      <trkpt lat="40.570740" lon="0.073007">
        <ele>1146.0</ele>
        <time>2018-09-03T11:08:33Z</time>
      </trkpt>
      <trkpt lat="40.570756" lon="0.073090">
        <ele>1143.7</ele>
        <time>2018-09-03T11:08:38Z</time>
      </trkpt>
      <trkpt lat="40.570756" lon="0.073190">
        <ele>1141.0</ele>
        <time>2018-09-03T11:08:44Z</time>
      </trkpt>
      <trkpt lat="40.570807" lon="0.073291">
        <ele>1140.3</ele>
        <time>2018-09-03T11:08:50Z</time>
      </trkpt>
      <trkpt lat="40.570890" lon="0.073357">
        <ele>1141.7</ele>
        <time>2018-09-03T11:08:57Z</time>
      </trkpt>
      <trkpt lat="40.570956" lon="0.073474">
        <ele>1141.0</ele>
        <time>2018-09-03T11:09:05Z</time>
      </trkpt>
      <trkpt lat="40.570990" lon="0.073574">
        <ele>1140.4</ele>
        <time>2018-09-03T11:09:11Z</time>
      </trkpt>
      <trkpt lat="40.571073" lon="0.073623">
        <ele>1140.1</ele>
        <time>2018-09-03T11:09:18Z</time>
      </trkpt>
      <trkpt lat="40.571156" lon="0.073740">
        <ele>1139.1</ele>
        <time>2018-09-03T11:09:27Z</time>
      </trkpt>
      <trkpt lat="40.571323" lon="0.073957">
        <ele>1136.4</ele>
        <time>2018-09-03T11:09:44Z</time>
      </trkpt>
      <trkpt lat="40.571390" lon="0.074024">
        <ele>1135.5</ele>
        <time>2018-09-03T11:09:50Z</time>
      </trkpt>
      <trkpt lat="40.571673" lon="0.074540">
        <ele>1139.1</ele>
        <time>2018-09-03T11:10:25Z</time>
      </trkpt>
      <trkpt lat="40.571840" lon="0.074790">
        <ele>1142.2</ele>
        <time>2018-09-03T11:10:44Z</time>
      </trkpt>
      <trkpt lat="40.571890" lon="0.074873">
        <ele>1143.5</ele>
        <time>2018-09-03T11:10:49Z</time>
      </trkpt>
      <trkpt lat="40.571923" lon="0.074974">
        <ele>1144.9</ele>
        <time>2018-09-03T11:10:56Z</time>
      </trkpt>
      <trkpt lat="40.571940" lon="0.074990">
        <ele>1145.2</ele>
        <time>2018-09-03T11:10:57Z</time>
      </trkpt>
      <trkpt lat="40.572039" lon="0.075140">
        <ele>1146.6</ele>
        <time>2018-09-03T11:11:08Z</time>
      </trkpt>
      <trkpt lat="40.572090" lon="0.075457">
        <ele>1148.8</ele>
        <time>2018-09-03T11:11:26Z</time>
      </trkpt>
      <trkpt lat="40.572090" lon="0.075457">
        <ele>1148.8</ele>
        <time>2018-09-03T11:11:26Z</time>
      </trkpt>
      <trkpt lat="40.572073" lon="0.075574">
        <ele>1150.0</ele>
        <time>2018-09-03T11:11:32Z</time>
      </trkpt>
      <trkpt lat="40.572080" lon="0.075609">
        <ele>1150.4</ele>
        <time>2018-09-03T11:11:35Z</time>
      </trkpt>
      <trkpt lat="40.572098" lon="0.075665">
        <ele>1151.0</ele>
        <time>2018-09-03T11:11:38Z</time>
      </trkpt>
      <trkpt lat="40.572158" lon="0.075778">
        <ele>1151.7</ele>
        <time>2018-09-03T11:11:45Z</time>
      </trkpt>
      <trkpt lat="40.572298" lon="0.075951">
        <ele>1152.1</ele>
        <time>2018-09-03T11:11:59Z</time>
      </trkpt>
      <trkpt lat="40.572352" lon="0.076031">
        <ele>1152.4</ele>
        <time>2018-09-03T11:12:05Z</time>
      </trkpt>
      <trkpt lat="40.572383" lon="0.076048">
        <ele>1151.9</ele>
        <time>2018-09-03T11:12:08Z</time>
      </trkpt>
      <trkpt lat="40.572389" lon="0.076044">
        <ele>1151.7</ele>
        <time>2018-09-03T11:12:08Z</time>
      </trkpt>
      <trkpt lat="40.572389" lon="0.076040">
        <ele>1151.6</ele>
        <time>2018-09-03T11:12:08Z</time>
      </trkpt>
      <trkpt lat="40.572389" lon="0.075940">
        <ele>1149.9</ele>
        <time>2018-09-03T11:12:14Z</time>
      </trkpt>
      <trkpt lat="40.572356" lon="0.075723">
        <ele>1148.0</ele>
        <time>2018-09-03T11:12:26Z</time>
      </trkpt>
      <trkpt lat="40.572356" lon="0.075540">
        <ele>1146.0</ele>
        <time>2018-09-03T11:12:36Z</time>
      </trkpt>
      <trkpt lat="40.572373" lon="0.075474">
        <ele>1145.0</ele>
        <time>2018-09-03T11:12:40Z</time>
      </trkpt>
      <trkpt lat="40.572373" lon="0.075390">
        <ele>1144.2</ele>
        <time>2018-09-03T11:12:45Z</time>
      </trkpt>
      <trkpt lat="40.572406" lon="0.075257">
        <ele>1142.5</ele>
        <time>2018-09-03T11:12:53Z</time>
      </trkpt>
      <trkpt lat="40.572406" lon="0.075207">
        <ele>1142.4</ele>
        <time>2018-09-03T11:12:55Z</time>
      </trkpt>
      <trkpt lat="40.572489" lon="0.075057">
        <ele>1140.8</ele>
        <time>2018-09-03T11:13:06Z</time>
      </trkpt>
      <trkpt lat="40.572556" lon="0.075007">
        <ele>1139.9</ele>
        <time>2018-09-03T11:13:11Z</time>
      </trkpt>
      <trkpt lat="40.572589" lon="0.074941">
        <ele>1139.1</ele>
        <time>2018-09-03T11:13:16Z</time>
      </trkpt>
      <trkpt lat="40.572756" lon="0.074840">
        <ele>1135.9</ele>
        <time>2018-09-03T11:13:29Z</time>
      </trkpt>
      <trkpt lat="40.572901" lon="0.074870">
        <ele>1134.6</ele>
        <time>2018-09-03T11:13:40Z</time>
      </trkpt>
      <trkpt lat="40.572920" lon="0.074871">
        <ele>1134.1</ele>
        <time>2018-09-03T11:13:41Z</time>
      </trkpt>
      <trkpt lat="40.573002" lon="0.074750">
        <ele>1130.5</ele>
        <time>2018-09-03T11:13:50Z</time>
      </trkpt>
      <trkpt lat="40.573035" lon="0.074668">
        <ele>1128.6</ele>
        <time>2018-09-03T11:13:55Z</time>
      </trkpt>
      <trkpt lat="40.573101" lon="0.074586">
        <ele>1125.7</ele>
        <time>2018-09-03T11:14:02Z</time>
      </trkpt>
      <trkpt lat="40.573137" lon="0.074385">
        <ele>1122.0</ele>
        <time>2018-09-03T11:14:14Z</time>
      </trkpt>
      <trkpt lat="40.573123" lon="0.074324">
        <ele>1120.7</ele>
        <time>2018-09-03T11:14:18Z</time>
      </trkpt>
      <trkpt lat="40.573157" lon="0.074240">
        <ele>1119.1</ele>
        <time>2018-09-03T11:14:23Z</time>
      </trkpt>
      <trkpt lat="40.573356" lon="0.073907">
        <ele>1113.4</ele>
        <time>2018-09-03T11:14:46Z</time>
      </trkpt>
      <trkpt lat="40.573473" lon="0.073774">
        <ele>1111.3</ele>
        <time>2018-09-03T11:14:58Z</time>
      </trkpt>
      <trkpt lat="40.573723" lon="0.073557">
        <ele>1107.5</ele>
        <time>2018-09-03T11:15:20Z</time>
      </trkpt>
      <trkpt lat="40.573790" lon="0.073523">
        <ele>1106.3</ele>
        <time>2018-09-03T11:15:25Z</time>
      </trkpt>
      <trkpt lat="40.573956" lon="0.073324">
        <ele>1104.3</ele>
        <time>2018-09-03T11:15:41Z</time>
      </trkpt>
      <trkpt lat="40.574006" lon="0.073257">
        <ele>1104.0</ele>
        <time>2018-09-03T11:15:46Z</time>
      </trkpt>
      <trkpt lat="40.574140" lon="0.073157">
        <ele>1102.2</ele>
        <time>2018-09-03T11:15:57Z</time>
      </trkpt>
      <trkpt lat="40.574189" lon="0.073090">
        <ele>1102.1</ele>
        <time>2018-09-03T11:16:03Z</time>
      </trkpt>
      <trkpt lat="40.574323" lon="0.072990">
        <ele>1099.3</ele>
        <time>2018-09-03T11:16:14Z</time>
      </trkpt>
      <trkpt lat="40.574640" lon="0.072674">
        <ele>1093.8</ele>
        <time>2018-09-03T11:16:43Z</time>
      </trkpt>
      <trkpt lat="40.574806" lon="0.072540">
        <ele>1089.2</ele>
        <time>2018-09-03T11:16:57Z</time>
      </trkpt>
      <trkpt lat="40.574956" lon="0.072474">
        <ele>1085.5</ele>
        <time>2018-09-03T11:17:09Z</time>
      </trkpt>
      <trkpt lat="40.575039" lon="0.072457">
        <ele>1083.1</ele>
        <time>2018-09-03T11:17:15Z</time>
      </trkpt>
      <trkpt lat="40.575273" lon="0.072474">
        <ele>1077.3</ele>
        <time>2018-09-03T11:17:33Z</time>
      </trkpt>
      <trkpt lat="40.575489" lon="0.072457">
        <ele>1072.6</ele>
        <time>2018-09-03T11:17:49Z</time>
      </trkpt>
      <trkpt lat="40.575556" lon="0.072474">
        <ele>1071.2</ele>
        <time>2018-09-03T11:17:54Z</time>
      </trkpt>
      <trkpt lat="40.575756" lon="0.072507">
        <ele>1067.9</ele>
        <time>2018-09-03T11:18:08Z</time>
      </trkpt>
      <trkpt lat="40.575990" lon="0.072524">
        <ele>1064.2</ele>
        <time>2018-09-03T11:18:25Z</time>
      </trkpt>
      <trkpt lat="40.576106" lon="0.072524">
        <ele>1062.6</ele>
        <time>2018-09-03T11:18:34Z</time>
      </trkpt>
      <trkpt lat="40.576345" lon="0.072435">
        <ele>1063.4</ele>
        <time>2018-09-03T11:18:52Z</time>
      </trkpt>
      <trkpt lat="40.576396" lon="0.072368">
        <ele>1061.9</ele>
        <time>2018-09-03T11:18:57Z</time>
      </trkpt>
      <trkpt lat="40.576531" lon="0.072136">
        <ele>1057.6</ele>
        <time>2018-09-03T11:19:14Z</time>
      </trkpt>
      <trkpt lat="40.576578" lon="0.072083">
        <ele>1055.6</ele>
        <time>2018-09-03T11:19:18Z</time>
      </trkpt>
      <trkpt lat="40.576613" lon="0.072035">
        <ele>1054.5</ele>
        <time>2018-09-03T11:19:22Z</time>
      </trkpt>
      <trkpt lat="40.576714" lon="0.071916">
        <ele>1051.1</ele>
        <time>2018-09-03T11:19:32Z</time>
      </trkpt>
      <trkpt lat="40.576814" lon="0.071732">
        <ele>1048.7</ele>
        <time>2018-09-03T11:19:45Z</time>
      </trkpt>
      <trkpt lat="40.576880" lon="0.071517">
        <ele>1047.7</ele>
        <time>2018-09-03T11:19:57Z</time>
      </trkpt>
      <trkpt lat="40.576912" lon="0.071469">
        <ele>1046.5</ele>
        <time>2018-09-03T11:20:01Z</time>
      </trkpt>
      <trkpt lat="40.576962" lon="0.071417">
        <ele>1044.5</ele>
        <time>2018-09-03T11:20:06Z</time>
      </trkpt>
      <trkpt lat="40.577080" lon="0.071249">
        <ele>1041.1</ele>
        <time>2018-09-03T11:20:18Z</time>
      </trkpt>
      <trkpt lat="40.577247" lon="0.071068">
        <ele>1036.1</ele>
        <time>2018-09-03T11:20:35Z</time>
      </trkpt>
      <trkpt lat="40.577313" lon="0.071016">
        <ele>1034.2</ele>
        <time>2018-09-03T11:20:40Z</time>
      </trkpt>
      <trkpt lat="40.577448" lon="0.070933">
        <ele>1030.2</ele>
        <time>2018-09-03T11:20:51Z</time>
      </trkpt>
      <trkpt lat="40.577489" lon="0.070890">
        <ele>1028.6</ele>
        <time>2018-09-03T11:20:55Z</time>
      </trkpt>
      <trkpt lat="40.577656" lon="0.070857">
        <ele>1022.8</ele>
        <time>2018-09-03T11:21:08Z</time>
      </trkpt>
      <trkpt lat="40.577790" lon="0.070807">
        <ele>1019.1</ele>
        <time>2018-09-03T11:21:18Z</time>
      </trkpt>
      <trkpt lat="40.577873" lon="0.070807">
        <ele>1016.7</ele>
        <time>2018-09-03T11:21:25Z</time>
      </trkpt>
      <trkpt lat="40.577906" lon="0.070790">
        <ele>1016.3</ele>
        <time>2018-09-03T11:21:27Z</time>
      </trkpt>
      <trkpt lat="40.577956" lon="0.070790">
        <ele>1014.6</ele>
        <time>2018-09-03T11:21:31Z</time>
      </trkpt>
      <trkpt lat="40.578173" lon="0.070723">
        <ele>1010.3</ele>
        <time>2018-09-03T11:21:47Z</time>
      </trkpt>
      <trkpt lat="40.578240" lon="0.070674">
        <ele>1010.5</ele>
        <time>2018-09-03T11:21:53Z</time>
      </trkpt>
      <trkpt lat="40.578456" lon="0.070557">
        <ele>1008.4</ele>
        <time>2018-09-03T11:22:10Z</time>
      </trkpt>
      <trkpt lat="40.578690" lon="0.070290">
        <ele>1006.8</ele>
        <time>2018-09-03T11:22:32Z</time>
      </trkpt>
      <trkpt lat="40.578940" lon="0.070107">
        <ele>999.5</ele>
        <time>2018-09-03T11:22:53Z</time>
      </trkpt>
      <trkpt lat="40.579106" lon="0.070007">
        <ele>994.7</ele>
        <time>2018-09-03T11:23:07Z</time>
      </trkpt>
      <trkpt lat="40.579256" lon="0.069957">
        <ele>989.6</ele>
        <time>2018-09-03T11:23:19Z</time>
      </trkpt>
      <trkpt lat="40.579356" lon="0.069840">
        <ele>989.0</ele>
        <time>2018-09-03T11:23:28Z</time>
      </trkpt>
      <trkpt lat="40.579523" lon="0.069640">
        <ele>988.3</ele>
        <time>2018-09-03T11:23:45Z</time>
      </trkpt>
      <trkpt lat="40.579673" lon="0.069491">
        <ele>983.8</ele>
        <time>2018-09-03T11:23:59Z</time>
      </trkpt>
      <trkpt lat="40.579706" lon="0.069473">
        <ele>982.3</ele>
        <time>2018-09-03T11:24:01Z</time>
      </trkpt>
      <trkpt lat="40.579873" lon="0.069307">
        <ele>974.5</ele>
        <time>2018-09-03T11:24:17Z</time>
      </trkpt>
      <trkpt lat="40.579906" lon="0.069257">
        <ele>973.1</ele>
        <time>2018-09-03T11:24:21Z</time>
      </trkpt>
      <trkpt lat="40.580073" lon="0.069124">
        <ele>966.1</ele>
        <time>2018-09-03T11:24:36Z</time>
      </trkpt>
      <trkpt lat="40.580306" lon="0.068974">
        <ele>958.8</ele>
        <time>2018-09-03T11:24:55Z</time>
      </trkpt>
      <trkpt lat="40.580390" lon="0.068957">
        <ele>956.0</ele>
        <time>2018-09-03T11:25:02Z</time>
      </trkpt>
      <trkpt lat="40.580473" lon="0.068907">
        <ele>953.5</ele>
        <time>2018-09-03T11:25:09Z</time>
      </trkpt>
      <trkpt lat="40.580556" lon="0.068890">
        <ele>950.6</ele>
        <time>2018-09-03T11:25:15Z</time>
      </trkpt>
      <trkpt lat="40.580556" lon="0.068874">
        <ele>950.8</ele>
        <time>2018-09-03T11:25:16Z</time>
      </trkpt>
      <trkpt lat="40.580790" lon="0.068740">
        <ele>944.8</ele>
        <time>2018-09-03T11:25:35Z</time>
      </trkpt>
      <trkpt lat="40.580889" lon="0.068640">
        <ele>942.7</ele>
        <time>2018-09-03T11:25:44Z</time>
      </trkpt>
      <trkpt lat="40.580973" lon="0.068590">
        <ele>940.6</ele>
        <time>2018-09-03T11:25:51Z</time>
      </trkpt>
      <trkpt lat="40.581056" lon="0.068607">
        <ele>938.9</ele>
        <time>2018-09-03T11:25:57Z</time>
      </trkpt>
      <trkpt lat="40.581123" lon="0.068590">
        <ele>937.6</ele>
        <time>2018-09-03T11:26:02Z</time>
      </trkpt>
      <trkpt lat="40.581173" lon="0.068540">
        <ele>936.7</ele>
        <time>2018-09-03T11:26:06Z</time>
      </trkpt>
      <trkpt lat="40.581340" lon="0.068307">
        <ele>933.9</ele>
        <time>2018-09-03T11:26:24Z</time>
      </trkpt>
      <trkpt lat="40.581406" lon="0.068124">
        <ele>932.7</ele>
        <time>2018-09-03T11:26:35Z</time>
      </trkpt>
      <trkpt lat="40.581406" lon="0.067923">
        <ele>931.8</ele>
        <time>2018-09-03T11:26:46Z</time>
      </trkpt>
      <trkpt lat="40.581373" lon="0.067823">
        <ele>930.2</ele>
        <time>2018-09-03T11:26:52Z</time>
      </trkpt>
      <trkpt lat="40.581289" lon="0.067774">
        <ele>928.4</ele>
        <time>2018-09-03T11:26:59Z</time>
      </trkpt>
      <trkpt lat="40.581223" lon="0.067757">
        <ele>927.3</ele>
        <time>2018-09-03T11:27:04Z</time>
      </trkpt>
      <trkpt lat="40.581206" lon="0.067640">
        <ele>925.5</ele>
        <time>2018-09-03T11:27:11Z</time>
      </trkpt>
      <trkpt lat="40.581206" lon="0.067540">
        <ele>924.2</ele>
        <time>2018-09-03T11:27:16Z</time>
      </trkpt>
      <trkpt lat="40.581240" lon="0.067440">
        <ele>923.5</ele>
        <time>2018-09-03T11:27:22Z</time>
      </trkpt>
      <trkpt lat="40.581206" lon="0.067357">
        <ele>921.8</ele>
        <time>2018-09-03T11:27:28Z</time>
      </trkpt>
      <trkpt lat="40.581206" lon="0.067240">
        <ele>919.4</ele>
        <time>2018-09-03T11:27:34Z</time>
      </trkpt>
      <trkpt lat="40.581223" lon="0.067141">
        <ele>917.3</ele>
        <time>2018-09-03T11:27:40Z</time>
      </trkpt>
      <trkpt lat="40.581256" lon="0.067057">
        <ele>915.7</ele>
        <time>2018-09-03T11:27:45Z</time>
      </trkpt>
      <trkpt lat="40.581473" lon="0.066890">
        <ele>909.6</ele>
        <time>2018-09-03T11:28:04Z</time>
      </trkpt>
      <trkpt lat="40.581556" lon="0.066890">
        <ele>908.7</ele>
        <time>2018-09-03T11:28:10Z</time>
      </trkpt>
      <trkpt lat="40.581773" lon="0.067123">
        <ele>904.5</ele>
        <time>2018-09-03T11:28:30Z</time>
      </trkpt>
      <trkpt lat="40.581890" lon="0.067257">
        <ele>902.0</ele>
        <time>2018-09-03T11:28:42Z</time>
      </trkpt>
      <trkpt lat="40.581989" lon="0.067424">
        <ele>899.3</ele>
        <time>2018-09-03T11:28:54Z</time>
      </trkpt>
      <trkpt lat="40.582073" lon="0.067691">
        <ele>896.3</ele>
        <time>2018-09-03T11:29:10Z</time>
      </trkpt>
      <trkpt lat="40.582123" lon="0.067740">
        <ele>894.5</ele>
        <time>2018-09-03T11:29:14Z</time>
      </trkpt>
      <trkpt lat="40.582223" lon="0.068007">
        <ele>888.3</ele>
        <time>2018-09-03T11:29:31Z</time>
      </trkpt>
      <trkpt lat="40.582223" lon="0.068024">
        <ele>888.0</ele>
        <time>2018-09-03T11:29:32Z</time>
      </trkpt>
      <trkpt lat="40.582273" lon="0.068207">
        <ele>883.2</ele>
        <time>2018-09-03T11:29:43Z</time>
      </trkpt>
      <trkpt lat="40.582256" lon="0.068307">
        <ele>882.1</ele>
        <time>2018-09-03T11:29:49Z</time>
      </trkpt>
      <trkpt lat="40.582323" lon="0.068273">
        <ele>880.2</ele>
        <time>2018-09-03T11:29:54Z</time>
      </trkpt>
      <trkpt lat="40.582340" lon="0.068257">
        <ele>879.8</ele>
        <time>2018-09-03T11:29:56Z</time>
      </trkpt>
      <trkpt lat="40.582456" lon="0.068307">
        <ele>874.4</ele>
        <time>2018-09-03T11:30:05Z</time>
      </trkpt>
      <trkpt lat="40.582456" lon="0.068307">
        <ele>874.4</ele>
        <time>2018-09-03T11:30:05Z</time>
      </trkpt>
      <trkpt lat="40.582423" lon="0.068473">
        <ele>872.8</ele>
        <time>2018-09-03T11:30:15Z</time>
      </trkpt>
      <trkpt lat="40.582423" lon="0.068540">
        <ele>871.6</ele>
        <time>2018-09-03T11:30:18Z</time>
      </trkpt>
      <trkpt lat="40.582390" lon="0.068607">
        <ele>871.8</ele>
        <time>2018-09-03T11:30:23Z</time>
      </trkpt>
      <trkpt lat="40.582340" lon="0.068790">
        <ele>870.9</ele>
        <time>2018-09-03T11:30:34Z</time>
      </trkpt>
      <trkpt lat="40.582490" lon="0.069324">
        <ele>862.6</ele>
        <time>2018-09-03T11:31:05Z</time>
      </trkpt>
      <trkpt lat="40.582539" lon="0.069407">
        <ele>861.5</ele>
        <time>2018-09-03T11:31:11Z</time>
      </trkpt>
      <trkpt lat="40.582623" lon="0.069373">
        <ele>863.1</ele>
        <time>2018-09-03T11:31:18Z</time>
      </trkpt>
      <trkpt lat="40.582690" lon="0.069324">
        <ele>865.3</ele>
        <time>2018-09-03T11:31:23Z</time>
      </trkpt>
      <trkpt lat="40.582723" lon="0.069224">
        <ele>863.9</ele>
        <time>2018-09-03T11:31:29Z</time>
      </trkpt>
      <trkpt lat="40.582723" lon="0.069173">
        <ele>861.5</ele>
        <time>2018-09-03T11:31:33Z</time>
      </trkpt>
      <trkpt lat="40.582823" lon="0.068974">
        <ele>855.8</ele>
        <time>2018-09-03T11:31:46Z</time>
      </trkpt>
      <trkpt lat="40.582973" lon="0.068790">
        <ele>853.4</ele>
        <time>2018-09-03T11:32:01Z</time>
      </trkpt>
      <trkpt lat="40.583223" lon="0.068640">
        <ele>848.7</ele>
        <time>2018-09-03T11:32:21Z</time>
      </trkpt>
      <trkpt lat="40.583272" lon="0.068623">
        <ele>847.9</ele>
        <time>2018-09-03T11:32:25Z</time>
      </trkpt>
      <trkpt lat="40.583323" lon="0.068590">
        <ele>846.6</ele>
        <time>2018-09-03T11:32:29Z</time>
      </trkpt>
      <trkpt lat="40.583523" lon="0.068540">
        <ele>849.4</ele>
        <time>2018-09-03T11:32:44Z</time>
      </trkpt>
      <trkpt lat="40.583573" lon="0.068507">
        <ele>848.3</ele>
        <time>2018-09-03T11:32:48Z</time>
      </trkpt>
      <trkpt lat="40.583690" lon="0.068473">
        <ele>847.9</ele>
        <time>2018-09-03T11:32:57Z</time>
      </trkpt>
      <trkpt lat="40.583757" lon="0.068473">
        <ele>848.7</ele>
        <time>2018-09-03T11:33:02Z</time>
      </trkpt>
      <trkpt lat="40.583806" lon="0.068457">
        <ele>848.1</ele>
        <time>2018-09-03T11:33:05Z</time>
      </trkpt>
      <trkpt lat="40.583956" lon="0.068457">
        <ele>847.8</ele>
        <time>2018-09-03T11:33:16Z</time>
      </trkpt>
      <trkpt lat="40.584123" lon="0.068406">
        <ele>846.0</ele>
        <time>2018-09-03T11:33:29Z</time>
      </trkpt>
      <trkpt lat="40.584123" lon="0.068406">
        <ele>846.0</ele>
        <time>2018-09-03T11:33:29Z</time>
      </trkpt>
      <trkpt lat="40.584189" lon="0.068340">
        <ele>843.1</ele>
        <time>2018-09-03T11:33:35Z</time>
      </trkpt>
      <trkpt lat="40.584339" lon="0.068257">
        <ele>839.3</ele>
        <time>2018-09-03T11:33:47Z</time>
      </trkpt>
      <trkpt lat="40.584456" lon="0.068107">
        <ele>835.0</ele>
        <time>2018-09-03T11:33:59Z</time>
      </trkpt>
      <trkpt lat="40.584606" lon="0.068007">
        <ele>833.7</ele>
        <time>2018-09-03T11:34:11Z</time>
      </trkpt>
      <trkpt lat="40.584672" lon="0.067940">
        <ele>830.1</ele>
        <time>2018-09-03T11:34:18Z</time>
      </trkpt>
      <trkpt lat="40.584739" lon="0.067906">
        <ele>827.7</ele>
        <time>2018-09-03T11:34:23Z</time>
      </trkpt>
      <trkpt lat="40.584956" lon="0.067873">
        <ele>824.1</ele>
        <time>2018-09-03T11:34:39Z</time>
      </trkpt>
      <trkpt lat="40.585023" lon="0.067873">
        <ele>823.7</ele>
        <time>2018-09-03T11:34:44Z</time>
      </trkpt>
      <trkpt lat="40.585089" lon="0.067856">
        <ele>824.0</ele>
        <time>2018-09-03T11:34:49Z</time>
      </trkpt>
      <trkpt lat="40.585139" lon="0.067823">
        <ele>825.9</ele>
        <time>2018-09-03T11:34:53Z</time>
      </trkpt>
      <trkpt lat="40.585206" lon="0.067806">
        <ele>825.7</ele>
        <time>2018-09-03T11:34:58Z</time>
      </trkpt>
      <trkpt lat="40.585273" lon="0.067773">
        <ele>821.0</ele>
        <time>2018-09-03T11:35:04Z</time>
      </trkpt>
      <trkpt lat="40.585406" lon="0.067740">
        <ele>815.7</ele>
        <time>2018-09-03T11:35:15Z</time>
      </trkpt>
      <trkpt lat="40.585556" lon="0.067789">
        <ele>818.0</ele>
        <time>2018-09-03T11:35:26Z</time>
      </trkpt>
      <trkpt lat="40.585723" lon="0.067789">
        <ele>814.7</ele>
        <time>2018-09-03T11:35:38Z</time>
      </trkpt>
      <trkpt lat="40.585856" lon="0.067940">
        <ele>818.4</ele>
        <time>2018-09-03T11:35:51Z</time>
      </trkpt>
      <trkpt lat="40.586023" lon="0.067990">
        <ele>819.2</ele>
        <time>2018-09-03T11:36:03Z</time>
      </trkpt>
      <trkpt lat="40.586156" lon="0.067906">
        <ele>814.0</ele>
        <time>2018-09-03T11:36:15Z</time>
      </trkpt>
      <trkpt lat="40.586323" lon="0.067890">
        <ele>812.6</ele>
        <time>2018-09-03T11:36:27Z</time>
      </trkpt>
      <trkpt lat="40.586423" lon="0.067890">
        <ele>813.0</ele>
        <time>2018-09-03T11:36:34Z</time>
      </trkpt>
      <trkpt lat="40.586640" lon="0.067823">
        <ele>809.3</ele>
        <time>2018-09-03T11:36:50Z</time>
      </trkpt>
      <trkpt lat="40.586773" lon="0.067756">
        <ele>805.7</ele>
        <time>2018-09-03T11:37:01Z</time>
      </trkpt>
      <trkpt lat="40.586940" lon="0.067740">
        <ele>803.5</ele>
        <time>2018-09-03T11:37:13Z</time>
      </trkpt>
      <trkpt lat="40.587089" lon="0.067789">
        <ele>803.7</ele>
        <time>2018-09-03T11:37:24Z</time>
      </trkpt>
      <trkpt lat="40.587173" lon="0.067789">
        <ele>802.9</ele>
        <time>2018-09-03T11:37:30Z</time>
      </trkpt>
      <trkpt lat="40.587139" lon="0.067690">
        <ele>799.3</ele>
        <time>2018-09-03T11:37:37Z</time>
      </trkpt>
      <trkpt lat="40.587073" lon="0.067640">
        <ele>798.0</ele>
        <time>2018-09-03T11:37:42Z</time>
      </trkpt>
      <trkpt lat="40.587122" lon="0.067557">
        <ele>793.6</ele>
        <time>2018-09-03T11:37:49Z</time>
      </trkpt>
      <trkpt lat="40.587289" lon="0.067540">
        <ele>790.9</ele>
        <time>2018-09-03T11:38:01Z</time>
      </trkpt>
      <trkpt lat="40.587506" lon="0.067573">
        <ele>785.7</ele>
        <time>2018-09-03T11:38:17Z</time>
      </trkpt>
      <trkpt lat="40.587589" lon="0.067606">
        <ele>784.3</ele>
        <time>2018-09-03T11:38:24Z</time>
      </trkpt>
      <trkpt lat="40.587739" lon="0.067606">
        <ele>780.5</ele>
        <time>2018-09-03T11:38:35Z</time>
      </trkpt>
      <trkpt lat="40.587906" lon="0.067556">
        <ele>776.4</ele>
        <time>2018-09-03T11:38:47Z</time>
      </trkpt>
      <trkpt lat="40.587906" lon="0.067539">
        <ele>775.9</ele>
        <time>2018-09-03T11:38:48Z</time>
      </trkpt>
      <trkpt lat="40.588056" lon="0.067590">
        <ele>775.4</ele>
        <time>2018-09-03T11:39:00Z</time>
      </trkpt>
      <trkpt lat="40.588290" lon="0.067606">
        <ele>773.8</ele>
        <time>2018-09-03T11:39:17Z</time>
      </trkpt>
      <trkpt lat="40.588373" lon="0.067590">
        <ele>772.5</ele>
        <time>2018-09-03T11:39:23Z</time>
      </trkpt>
      <trkpt lat="40.588457" lon="0.067539">
        <ele>771.7</ele>
        <time>2018-09-03T11:39:29Z</time>
      </trkpt>
      <trkpt lat="40.588523" lon="0.067523">
        <ele>772.4</ele>
        <time>2018-09-03T11:39:34Z</time>
      </trkpt>
      <trkpt lat="40.588673" lon="0.067406">
        <ele>769.6</ele>
        <time>2018-09-03T11:39:47Z</time>
      </trkpt>
      <trkpt lat="40.588723" lon="0.067339">
        <ele>767.0</ele>
        <time>2018-09-03T11:39:52Z</time>
      </trkpt>
      <trkpt lat="40.589056" lon="0.067190">
        <ele>762.0</ele>
        <time>2018-09-03T11:40:18Z</time>
      </trkpt>
      <trkpt lat="40.589189" lon="0.067073">
        <ele>758.1</ele>
        <time>2018-09-03T11:40:30Z</time>
      </trkpt>
      <trkpt lat="40.589339" lon="0.067006">
        <ele>753.3</ele>
        <time>2018-09-03T11:40:42Z</time>
      </trkpt>
      <trkpt lat="40.589506" lon="0.067023">
        <ele>753.7</ele>
        <time>2018-09-03T11:40:54Z</time>
      </trkpt>
      <trkpt lat="40.589589" lon="0.066989">
        <ele>751.9</ele>
        <time>2018-09-03T11:41:00Z</time>
      </trkpt>
      <trkpt lat="40.589739" lon="0.066973">
        <ele>749.5</ele>
        <time>2018-09-03T11:41:11Z</time>
      </trkpt>
      <trkpt lat="40.589973" lon="0.066973">
        <ele>744.2</ele>
        <time>2018-09-03T11:41:29Z</time>
      </trkpt>
      <trkpt lat="40.590056" lon="0.066923">
        <ele>741.7</ele>
        <time>2018-09-03T11:41:36Z</time>
      </trkpt>
      <trkpt lat="40.590223" lon="0.066889">
        <ele>739.4</ele>
        <time>2018-09-03T11:41:48Z</time>
      </trkpt>
      <trkpt lat="40.590357" lon="0.066856">
        <ele>738.3</ele>
        <time>2018-09-03T11:41:58Z</time>
      </trkpt>
      <trkpt lat="40.590423" lon="0.066806">
        <ele>736.5</ele>
        <time>2018-09-03T11:42:03Z</time>
      </trkpt>
      <trkpt lat="40.590489" lon="0.066789">
        <ele>736.1</ele>
        <time>2018-09-03T11:42:08Z</time>
      </trkpt>
      <trkpt lat="40.590623" lon="0.066706">
        <ele>734.0</ele>
        <time>2018-09-03T11:42:19Z</time>
      </trkpt>
      <trkpt lat="40.590689" lon="0.066706">
        <ele>737.3</ele>
        <time>2018-09-03T11:42:24Z</time>
      </trkpt>
      <trkpt lat="40.590923" lon="0.066591">
        <ele>738.3</ele>
        <time>2018-09-03T11:42:42Z</time>
      </trkpt>
      <trkpt lat="40.590990" lon="0.066524">
        <ele>733.1</ele>
        <time>2018-09-03T11:42:49Z</time>
      </trkpt>
      <trkpt lat="40.591106" lon="0.066357">
        <ele>728.1</ele>
        <time>2018-09-03T11:43:02Z</time>
      </trkpt>
      <trkpt lat="40.591206" lon="0.066357">
        <ele>729.3</ele>
        <time>2018-09-03T11:43:09Z</time>
      </trkpt>
      <trkpt lat="40.591323" lon="0.066307">
        <ele>727.0</ele>
        <time>2018-09-03T11:43:18Z</time>
      </trkpt>
      <trkpt lat="40.591389" lon="0.066240">
        <ele>724.8</ele>
        <time>2018-09-03T11:43:25Z</time>
      </trkpt>
      <trkpt lat="40.591556" lon="0.066173">
        <ele>722.8</ele>
        <time>2018-09-03T11:43:37Z</time>
      </trkpt>
      <trkpt lat="40.591639" lon="0.066190">
        <ele>721.8</ele>
        <time>2018-09-03T11:43:43Z</time>
      </trkpt>
      <trkpt lat="40.591690" lon="0.066273">
        <ele>721.9</ele>
        <time>2018-09-03T11:43:49Z</time>
      </trkpt>
      <trkpt lat="40.591756" lon="0.066340">
        <ele>723.0</ele>
        <time>2018-09-03T11:43:55Z</time>
      </trkpt>
      <trkpt lat="40.591773" lon="0.066340">
        <ele>723.0</ele>
        <time>2018-09-03T11:43:57Z</time>
      </trkpt>
      <trkpt lat="40.591989" lon="0.066406">
        <ele>721.7</ele>
        <time>2018-09-03T11:44:13Z</time>
      </trkpt>
      <trkpt lat="40.592323" lon="0.066340">
        <ele>718.7</ele>
        <time>2018-09-03T11:44:37Z</time>
      </trkpt>
      <trkpt lat="40.592472" lon="0.066273">
        <ele>715.0</ele>
        <time>2018-09-03T11:44:49Z</time>
      </trkpt>
      <trkpt lat="40.592622" lon="0.066307">
        <ele>714.2</ele>
        <time>2018-09-03T11:45:00Z</time>
      </trkpt>
      <trkpt lat="40.592773" lon="0.066290">
        <ele>713.0</ele>
        <time>2018-09-03T11:45:11Z</time>
      </trkpt>
      <trkpt lat="40.592873" lon="0.066290">
        <ele>713.6</ele>
        <time>2018-09-03T11:45:18Z</time>
      </trkpt>
      <trkpt lat="40.593006" lon="0.066206">
        <ele>712.3</ele>
        <time>2018-09-03T11:45:29Z</time>
      </trkpt>
      <trkpt lat="40.593106" lon="0.065940">
        <ele>711.4</ele>
        <time>2018-09-03T11:45:45Z</time>
      </trkpt>
      <trkpt lat="40.593239" lon="0.065790">
        <ele>712.0</ele>
        <time>2018-09-03T11:45:58Z</time>
      </trkpt>
      <trkpt lat="40.593306" lon="0.065690">
        <ele>712.3</ele>
        <time>2018-09-03T11:46:05Z</time>
      </trkpt>
      <trkpt lat="40.593339" lon="0.065590">
        <ele>712.3</ele>
        <time>2018-09-03T11:46:11Z</time>
      </trkpt>
      <trkpt lat="40.593356" lon="0.065490">
        <ele>712.8</ele>
        <time>2018-09-03T11:46:17Z</time>
      </trkpt>
      <trkpt lat="40.593522" lon="0.065173">
        <ele>712.2</ele>
        <time>2018-09-03T11:46:38Z</time>
      </trkpt>
      <trkpt lat="40.593589" lon="0.065123">
        <ele>711.6</ele>
        <time>2018-09-03T11:46:44Z</time>
      </trkpt>
      <trkpt lat="40.593656" lon="0.065106">
        <ele>710.8</ele>
        <time>2018-09-03T11:46:49Z</time>
      </trkpt>
      <trkpt lat="40.593922" lon="0.064940">
        <ele>709.5</ele>
        <time>2018-09-03T11:47:10Z</time>
      </trkpt>
      <trkpt lat="40.594039" lon="0.064806">
        <ele>709.7</ele>
        <time>2018-09-03T11:47:21Z</time>
      </trkpt>
      <trkpt lat="40.594189" lon="0.064573">
        <ele>707.4</ele>
        <time>2018-09-03T11:47:38Z</time>
      </trkpt>
      <trkpt lat="40.594223" lon="0.064473">
        <ele>706.6</ele>
        <time>2018-09-03T11:47:44Z</time>
      </trkpt>
      <trkpt lat="40.594239" lon="0.064373">
        <ele>706.2</ele>
        <time>2018-09-03T11:47:50Z</time>
      </trkpt>
      <trkpt lat="40.594506" lon="0.063806">
        <ele>701.6</ele>
        <time>2018-09-03T11:48:26Z</time>
      </trkpt>
      <trkpt lat="40.594556" lon="0.063723">
        <ele>701.7</ele>
        <time>2018-09-03T11:48:32Z</time>
      </trkpt>
      <trkpt lat="40.594573" lon="0.063606">
        <ele>702.2</ele>
        <time>2018-09-03T11:48:39Z</time>
      </trkpt>
      <trkpt lat="40.594606" lon="0.063506">
        <ele>701.7</ele>
        <time>2018-09-03T11:48:45Z</time>
      </trkpt>
      <trkpt lat="40.594656" lon="0.063423">
        <ele>700.8</ele>
        <time>2018-09-03T11:48:51Z</time>
      </trkpt>
      <trkpt lat="40.594756" lon="0.063273">
        <ele>698.5</ele>
        <time>2018-09-03T11:49:02Z</time>
      </trkpt>
      <trkpt lat="40.594906" lon="0.062923">
        <ele>696.6</ele>
        <time>2018-09-03T11:49:24Z</time>
      </trkpt>
      <trkpt lat="40.594922" lon="0.062806">
        <ele>697.1</ele>
        <time>2018-09-03T11:49:30Z</time>
      </trkpt>
      <trkpt lat="40.594922" lon="0.062723">
        <ele>697.8</ele>
        <time>2018-09-03T11:49:35Z</time>
      </trkpt>
      <trkpt lat="40.594956" lon="0.062639">
        <ele>697.7</ele>
        <time>2018-09-03T11:49:40Z</time>
      </trkpt>
      <trkpt lat="40.595256" lon="0.062256">
        <ele>694.2</ele>
        <time>2018-09-03T11:50:10Z</time>
      </trkpt>
      <trkpt lat="40.595289" lon="0.062140">
        <ele>693.2</ele>
        <time>2018-09-03T11:50:17Z</time>
      </trkpt>
      <trkpt lat="40.595372" lon="0.062040">
        <ele>691.0</ele>
        <time>2018-09-03T11:50:26Z</time>
      </trkpt>
      <trkpt lat="40.595456" lon="0.061890">
        <ele>688.4</ele>
        <time>2018-09-03T11:50:36Z</time>
      </trkpt>
      <trkpt lat="40.595472" lon="0.061790">
        <ele>688.2</ele>
        <time>2018-09-03T11:50:42Z</time>
      </trkpt>
      <trkpt lat="40.595472" lon="0.061673">
        <ele>688.0</ele>
        <time>2018-09-03T11:50:48Z</time>
      </trkpt>
      <trkpt lat="40.595489" lon="0.061590">
        <ele>686.6</ele>
        <time>2018-09-03T11:50:53Z</time>
      </trkpt>
      <trkpt lat="40.595555" lon="0.061507">
        <ele>682.8</ele>
        <time>2018-09-03T11:51:00Z</time>
      </trkpt>
      <trkpt lat="40.595589" lon="0.061423">
        <ele>680.8</ele>
        <time>2018-09-03T11:51:05Z</time>
      </trkpt>
      <trkpt lat="40.595589" lon="0.061306">
        <ele>679.2</ele>
        <time>2018-09-03T11:51:12Z</time>
      </trkpt>
      <trkpt lat="40.595555" lon="0.061206">
        <ele>679.2</ele>
        <time>2018-09-03T11:51:18Z</time>
      </trkpt>
      <trkpt lat="40.595555" lon="0.060990">
        <ele>674.7</ele>
        <time>2018-09-03T11:51:30Z</time>
      </trkpt>
      <trkpt lat="40.595573" lon="0.060890">
        <ele>671.4</ele>
        <time>2018-09-03T11:51:36Z</time>
      </trkpt>
      <trkpt lat="40.595555" lon="0.060790">
        <ele>669.5</ele>
        <time>2018-09-03T11:51:42Z</time>
      </trkpt>
      <trkpt lat="40.595539" lon="0.060756">
        <ele>669.4</ele>
        <time>2018-09-03T11:51:44Z</time>
      </trkpt>
      <trkpt lat="40.595606" lon="0.060690">
        <ele>663.0</ele>
        <time>2018-09-03T11:51:51Z</time>
      </trkpt>
      <trkpt lat="40.595506" lon="0.060540">
        <ele>664.5</ele>
        <time>2018-09-03T11:52:02Z</time>
      </trkpt>
      <trkpt lat="40.595439" lon="0.060473">
        <ele>666.2</ele>
        <time>2018-09-03T11:52:09Z</time>
      </trkpt>
      <trkpt lat="40.595506" lon="0.060423">
        <ele>662.5</ele>
        <time>2018-09-03T11:52:15Z</time>
      </trkpt>
      <trkpt lat="40.595589" lon="0.060389">
        <ele>660.0</ele>
        <time>2018-09-03T11:52:21Z</time>
      </trkpt>
      <trkpt lat="40.595672" lon="0.060389">
        <ele>658.1</ele>
        <time>2018-09-03T11:52:27Z</time>
      </trkpt>
      <trkpt lat="40.595756" lon="0.060423">
        <ele>657.1</ele>
        <time>2018-09-03T11:52:34Z</time>
      </trkpt>
      <trkpt lat="40.595972" lon="0.060456">
        <ele>651.8</ele>
        <time>2018-09-03T11:52:50Z</time>
      </trkpt>
      <trkpt lat="40.595989" lon="0.060356">
        <ele>648.6</ele>
        <time>2018-09-03T11:52:56Z</time>
      </trkpt>
      <trkpt lat="40.595856" lon="0.060223">
        <ele>647.2</ele>
        <time>2018-09-03T11:53:08Z</time>
      </trkpt>
      <trkpt lat="40.595856" lon="0.060123">
        <ele>643.3</ele>
        <time>2018-09-03T11:53:14Z</time>
      </trkpt>
      <trkpt lat="40.595706" lon="0.059756">
        <ele>634.7</ele>
        <time>2018-09-03T11:53:38Z</time>
      </trkpt>
      <trkpt lat="40.595573" lon="0.059640">
        <ele>634.6</ele>
        <time>2018-09-03T11:53:49Z</time>
      </trkpt>
      <trkpt lat="40.595656" lon="0.059607">
        <ele>630.6</ele>
        <time>2018-09-03T11:53:56Z</time>
      </trkpt>
      <trkpt lat="40.595672" lon="0.059607">
        <ele>630.2</ele>
        <time>2018-09-03T11:53:57Z</time>
      </trkpt>
      <trkpt lat="40.595672" lon="0.059440">
        <ele>625.5</ele>
        <time>2018-09-03T11:54:07Z</time>
      </trkpt>
      <trkpt lat="40.595756" lon="0.059423">
        <ele>625.1</ele>
        <time>2018-09-03T11:54:13Z</time>
      </trkpt>
      <trkpt lat="40.595822" lon="0.059489">
        <ele>624.2</ele>
        <time>2018-09-03T11:54:19Z</time>
      </trkpt>
      <trkpt lat="40.595989" lon="0.059473">
        <ele>624.0</ele>
        <time>2018-09-03T11:54:31Z</time>
      </trkpt>
      <trkpt lat="40.596239" lon="0.059406">
        <ele>626.6</ele>
        <time>2018-09-03T11:54:50Z</time>
      </trkpt>
      <trkpt lat="40.596373" lon="0.059273">
        <ele>629.8</ele>
        <time>2018-09-03T11:55:02Z</time>
      </trkpt>
      <trkpt lat="40.596422" lon="0.059173">
        <ele>631.5</ele>
        <time>2018-09-03T11:55:09Z</time>
      </trkpt>
      <trkpt lat="40.596389" lon="0.059073">
        <ele>634.8</ele>
        <time>2018-09-03T11:55:15Z</time>
      </trkpt>
      <trkpt lat="40.596289" lon="0.058906">
        <ele>638.5</ele>
        <time>2018-09-03T11:55:27Z</time>
      </trkpt>
      <trkpt lat="40.596256" lon="0.058690">
        <ele>639.6</ele>
        <time>2018-09-03T11:55:39Z</time>
      </trkpt>
      <trkpt lat="40.596239" lon="0.058673">
        <ele>640.0</ele>
        <time>2018-09-03T11:55:41Z</time>
      </trkpt>
      <trkpt lat="40.596223" lon="0.058473">
        <ele>641.4</ele>
        <time>2018-09-03T11:55:52Z</time>
      </trkpt>
      <trkpt lat="40.596272" lon="0.058373">
        <ele>640.9</ele>
        <time>2018-09-03T11:55:58Z</time>
      </trkpt>
      <trkpt lat="40.596522" lon="0.058257">
        <ele>637.4</ele>
        <time>2018-09-03T11:56:18Z</time>
      </trkpt>
      <trkpt lat="40.596556" lon="0.058173">
        <ele>638.1</ele>
        <time>2018-09-03T11:56:23Z</time>
      </trkpt>
      <trkpt lat="40.596573" lon="0.058056">
        <ele>639.4</ele>
        <time>2018-09-03T11:56:29Z</time>
      </trkpt>
      <trkpt lat="40.596573" lon="0.057839">
        <ele>642.1</ele>
        <time>2018-09-03T11:56:41Z</time>
      </trkpt>
      <trkpt lat="40.596606" lon="0.057740">
        <ele>642.7</ele>
        <time>2018-09-03T11:56:47Z</time>
      </trkpt>
      <trkpt lat="40.596622" lon="0.057640">
        <ele>643.6</ele>
        <time>2018-09-03T11:56:53Z</time>
      </trkpt>
      <trkpt lat="40.596656" lon="0.057540">
        <ele>643.5</ele>
        <time>2018-09-03T11:56:59Z</time>
      </trkpt>
      <trkpt lat="40.596839" lon="0.057223">
        <ele>640.0</ele>
        <time>2018-09-03T11:57:21Z</time>
      </trkpt>
      <trkpt lat="40.596905" lon="0.057056">
        <ele>639.0</ele>
        <time>2018-09-03T11:57:31Z</time>
      </trkpt>
      <trkpt lat="40.596956" lon="0.056790">
        <ele>638.7</ele>
        <time>2018-09-03T11:57:47Z</time>
      </trkpt>
      <trkpt lat="40.596989" lon="0.056689">
        <ele>638.2</ele>
        <time>2018-09-03T11:57:53Z</time>
      </trkpt>
      <trkpt lat="40.597139" lon="0.056440">
        <ele>635.1</ele>
        <time>2018-09-03T11:58:10Z</time>
      </trkpt>
      <trkpt lat="40.597139" lon="0.056357">
        <ele>635.5</ele>
        <time>2018-09-03T11:58:15Z</time>
      </trkpt>
      <trkpt lat="40.597123" lon="0.056256">
        <ele>636.4</ele>
        <time>2018-09-03T11:58:20Z</time>
      </trkpt>
      <trkpt lat="40.597123" lon="0.056206">
        <ele>636.5</ele>
        <time>2018-09-03T11:58:23Z</time>
      </trkpt>
      <trkpt lat="40.597072" lon="0.056073">
        <ele>636.6</ele>
        <time>2018-09-03T11:58:31Z</time>
      </trkpt>
      <trkpt lat="40.597056" lon="0.055990">
        <ele>636.3</ele>
        <time>2018-09-03T11:58:36Z</time>
      </trkpt>
      <trkpt lat="40.597006" lon="0.055906">
        <ele>636.6</ele>
        <time>2018-09-03T11:58:42Z</time>
      </trkpt>
      <trkpt lat="40.596939" lon="0.055507">
        <ele>634.9</ele>
        <time>2018-09-03T11:59:04Z</time>
      </trkpt>
      <trkpt lat="40.596939" lon="0.055306">
        <ele>633.4</ele>
        <time>2018-09-03T11:59:16Z</time>
      </trkpt>
      <trkpt lat="40.596923" lon="0.055240">
        <ele>633.2</ele>
        <time>2018-09-03T11:59:19Z</time>
      </trkpt>
      <trkpt lat="40.596923" lon="0.055140">
        <ele>632.5</ele>
        <time>2018-09-03T11:59:25Z</time>
      </trkpt>
      <trkpt lat="40.596939" lon="0.055040">
        <ele>631.4</ele>
        <time>2018-09-03T11:59:31Z</time>
      </trkpt>
      <trkpt lat="40.596939" lon="0.054807">
        <ele>629.3</ele>
        <time>2018-09-03T11:59:43Z</time>
      </trkpt>
      <trkpt lat="40.596873" lon="0.054740">
        <ele>628.8</ele>
        <time>2018-09-03T11:59:50Z</time>
      </trkpt>
      <trkpt lat="40.596806" lon="0.054723">
        <ele>628.1</ele>
        <time>2018-09-03T11:59:54Z</time>
      </trkpt>
      <trkpt lat="40.596739" lon="0.054673">
        <ele>624.0</ele>
        <time>2018-09-03T12:00:01Z</time>
      </trkpt>
      <trkpt lat="40.596756" lon="0.054557">
        <ele>622.4</ele>
        <time>2018-09-03T12:00:07Z</time>
      </trkpt>
      <trkpt lat="40.596790" lon="0.054473">
        <ele>622.0</ele>
        <time>2018-09-03T12:00:12Z</time>
      </trkpt>
      <trkpt lat="40.596790" lon="0.054457">
        <ele>622.2</ele>
        <time>2018-09-03T12:00:13Z</time>
      </trkpt>
      <trkpt lat="40.596856" lon="0.054273">
        <ele>621.9</ele>
        <time>2018-09-03T12:00:25Z</time>
      </trkpt>
      <trkpt lat="40.596939" lon="0.054290">
        <ele>618.7</ele>
        <time>2018-09-03T12:00:31Z</time>
      </trkpt>
      <trkpt lat="40.597006" lon="0.054257">
        <ele>616.6</ele>
        <time>2018-09-03T12:00:36Z</time>
      </trkpt>
      <trkpt lat="40.597089" lon="0.054273">
        <ele>613.9</ele>
        <time>2018-09-03T12:00:43Z</time>
      </trkpt>
      <trkpt lat="40.597140" lon="0.054173">
        <ele>612.8</ele>
        <time>2018-09-03T12:00:49Z</time>
      </trkpt>
      <trkpt lat="40.597106" lon="0.053956">
        <ele>613.8</ele>
        <time>2018-09-03T12:01:01Z</time>
      </trkpt>
      <trkpt lat="40.597106" lon="0.053823">
        <ele>613.9</ele>
        <time>2018-09-03T12:01:09Z</time>
      </trkpt>
      <trkpt lat="40.597123" lon="0.053573">
        <ele>614.2</ele>
        <time>2018-09-03T12:01:23Z</time>
      </trkpt>
      <trkpt lat="40.597189" lon="0.053273">
        <ele>614.5</ele>
        <time>2018-09-03T12:01:40Z</time>
      </trkpt>
      <trkpt lat="40.597206" lon="0.053156">
        <ele>615.2</ele>
        <time>2018-09-03T12:01:46Z</time>
      </trkpt>
      <trkpt lat="40.597189" lon="0.053056">
        <ele>616.9</ele>
        <time>2018-09-03T12:01:52Z</time>
      </trkpt>
      <trkpt lat="40.597223" lon="0.052973">
        <ele>616.8</ele>
        <time>2018-09-03T12:01:57Z</time>
      </trkpt>
      <trkpt lat="40.597340" lon="0.052806">
        <ele>616.0</ele>
        <time>2018-09-03T12:02:10Z</time>
      </trkpt>
      <trkpt lat="40.597340" lon="0.052606">
        <ele>619.0</ele>
        <time>2018-09-03T12:02:21Z</time>
      </trkpt>
      <trkpt lat="40.597406" lon="0.052406">
        <ele>618.4</ele>
        <time>2018-09-03T12:02:33Z</time>
      </trkpt>
      <trkpt lat="40.597406" lon="0.052290">
        <ele>618.8</ele>
        <time>2018-09-03T12:02:39Z</time>
      </trkpt>
      <trkpt lat="40.597489" lon="0.052273">
        <ele>618.4</ele>
        <time>2018-09-03T12:02:45Z</time>
      </trkpt>
      <trkpt lat="40.597556" lon="0.052307">
        <ele>618.1</ele>
        <time>2018-09-03T12:02:50Z</time>
      </trkpt>
      <trkpt lat="40.597656" lon="0.052273">
        <ele>618.3</ele>
        <time>2018-09-03T12:02:58Z</time>
      </trkpt>
      <trkpt lat="40.597706" lon="0.052041">
        <ele>621.7</ele>
        <time>2018-09-03T12:03:11Z</time>
      </trkpt>
      <trkpt lat="40.597906" lon="0.051906">
        <ele>624.1</ele>
        <time>2018-09-03T12:03:28Z</time>
      </trkpt>
      <trkpt lat="40.598073" lon="0.051856">
        <ele>626.2</ele>
        <time>2018-09-03T12:03:40Z</time>
      </trkpt>
      <trkpt lat="40.598156" lon="0.051856">
        <ele>626.0</ele>
        <time>2018-09-03T12:03:46Z</time>
      </trkpt>
      <trkpt lat="40.598223" lon="0.051873">
        <ele>625.3</ele>
        <time>2018-09-03T12:03:51Z</time>
      </trkpt>
      <trkpt lat="40.598289" lon="0.051923">
        <ele>623.5</ele>
        <time>2018-09-03T12:03:57Z</time>
      </trkpt>
      <trkpt lat="40.598373" lon="0.051923">
        <ele>622.8</ele>
        <time>2018-09-03T12:04:03Z</time>
      </trkpt>
      <trkpt lat="40.598589" lon="0.051790">
        <ele>624.4</ele>
        <time>2018-09-03T12:04:20Z</time>
      </trkpt>
      <trkpt lat="40.598789" lon="0.051690">
        <ele>624.7</ele>
        <time>2018-09-03T12:04:36Z</time>
      </trkpt>
      <trkpt lat="40.598856" lon="0.051623">
        <ele>626.3</ele>
        <time>2018-09-03T12:04:42Z</time>
      </trkpt>
      <trkpt lat="40.598939" lon="0.051590">
        <ele>626.2</ele>
        <time>2018-09-03T12:04:48Z</time>
      </trkpt>
      <trkpt lat="40.598956" lon="0.051590">
        <ele>626.0</ele>
        <time>2018-09-03T12:04:49Z</time>
      </trkpt>
      <trkpt lat="40.599081" lon="0.051474">
        <ele>628.5</ele>
        <time>2018-09-03T12:05:01Z</time>
      </trkpt>
      <trkpt lat="40.598968" lon="0.051447">
        <ele>629.9</ele>
        <time>2018-09-03T12:05:09Z</time>
      </trkpt>
      <trkpt lat="40.598930" lon="0.051412">
        <ele>631.1</ele>
        <time>2018-09-03T12:05:12Z</time>
      </trkpt>
      <trkpt lat="40.598948" lon="0.051355">
        <ele>632.2</ele>
        <time>2018-09-03T12:05:16Z</time>
      </trkpt>
      <trkpt lat="40.598997" lon="0.051198">
        <ele>631.5</ele>
        <time>2018-09-03T12:05:25Z</time>
      </trkpt>
      <trkpt lat="40.598996" lon="0.051121">
        <ele>632.4</ele>
        <time>2018-09-03T12:05:30Z</time>
      </trkpt>
      <trkpt lat="40.599010" lon="0.050997">
        <ele>633.2</ele>
        <time>2018-09-03T12:05:36Z</time>
      </trkpt>
      <trkpt lat="40.599068" lon="0.050745">
        <ele>635.8</ele>
        <time>2018-09-03T12:05:51Z</time>
      </trkpt>
      <trkpt lat="40.599086" lon="0.050743">
        <ele>634.7</ele>
        <time>2018-09-03T12:05:52Z</time>
      </trkpt>
      <trkpt lat="40.599136" lon="0.050645">
        <ele>634.1</ele>
        <time>2018-09-03T12:05:59Z</time>
      </trkpt>
      <trkpt lat="40.599175" lon="0.050546">
        <ele>635.6</ele>
        <time>2018-09-03T12:06:05Z</time>
      </trkpt>
      <trkpt lat="40.599269" lon="0.050440">
        <ele>635.0</ele>
        <time>2018-09-03T12:06:14Z</time>
      </trkpt>
      <trkpt lat="40.599384" lon="0.050359">
        <ele>631.9</ele>
        <time>2018-09-03T12:06:24Z</time>
      </trkpt>
      <trkpt lat="40.599469" lon="0.050325">
        <ele>629.7</ele>
        <time>2018-09-03T12:06:30Z</time>
      </trkpt>
      <trkpt lat="40.599484" lon="0.050311">
        <ele>630.1</ele>
        <time>2018-09-03T12:06:32Z</time>
      </trkpt>
      <trkpt lat="40.599746" lon="0.050138">
        <ele>630.9</ele>
        <time>2018-09-03T12:06:53Z</time>
      </trkpt>
      <trkpt lat="40.599816" lon="0.050235">
        <ele>625.3</ele>
        <time>2018-09-03T12:07:01Z</time>
      </trkpt>
      <trkpt lat="40.600048" lon="0.050149">
        <ele>624.1</ele>
        <time>2018-09-03T12:07:19Z</time>
      </trkpt>
      <trkpt lat="40.600335" lon="0.050012">
        <ele>623.2</ele>
        <time>2018-09-03T12:07:41Z</time>
      </trkpt>
      <trkpt lat="40.600400" lon="0.049946">
        <ele>624.8</ele>
        <time>2018-09-03T12:07:47Z</time>
      </trkpt>
      <trkpt lat="40.600551" lon="0.049845">
        <ele>624.5</ele>
        <time>2018-09-03T12:07:59Z</time>
      </trkpt>
      <trkpt lat="40.600691" lon="0.049871">
        <ele>624.0</ele>
        <time>2018-09-03T12:08:09Z</time>
      </trkpt>
      <trkpt lat="40.600692" lon="0.049875">
        <ele>623.9</ele>
        <time>2018-09-03T12:08:10Z</time>
      </trkpt>
      <trkpt lat="40.600924" lon="0.049905">
        <ele>624.5</ele>
        <time>2018-09-03T12:08:26Z</time>
      </trkpt>
      <trkpt lat="40.601191" lon="0.049922">
        <ele>625.7</ele>
        <time>2018-09-03T12:08:46Z</time>
      </trkpt>
      <trkpt lat="40.601258" lon="0.049955">
        <ele>625.3</ele>
        <time>2018-09-03T12:08:51Z</time>
      </trkpt>
      <trkpt lat="40.601639" lon="0.050040">
        <ele>623.6</ele>
        <time>2018-09-03T12:09:19Z</time>
      </trkpt>
      <trkpt lat="40.601706" lon="0.050023">
        <ele>623.8</ele>
        <time>2018-09-03T12:09:24Z</time>
      </trkpt>
      <trkpt lat="40.601757" lon="0.049956">
        <ele>624.5</ele>
        <time>2018-09-03T12:09:29Z</time>
      </trkpt>
      <trkpt lat="40.601823" lon="0.049923">
        <ele>623.8</ele>
        <time>2018-09-03T12:09:34Z</time>
      </trkpt>
      <trkpt lat="40.601889" lon="0.049823">
        <ele>623.7</ele>
        <time>2018-09-03T12:09:42Z</time>
      </trkpt>
      <trkpt lat="40.601889" lon="0.049806">
        <ele>623.9</ele>
        <time>2018-09-03T12:09:42Z</time>
      </trkpt>
      <trkpt lat="40.601939" lon="0.049623">
        <ele>624.3</ele>
        <time>2018-09-03T12:09:53Z</time>
      </trkpt>
      <trkpt lat="40.601989" lon="0.049523">
        <ele>624.0</ele>
        <time>2018-09-03T12:10:00Z</time>
      </trkpt>
      <trkpt lat="40.602006" lon="0.049424">
        <ele>624.2</ele>
        <time>2018-09-03T12:10:05Z</time>
      </trkpt>
      <trkpt lat="40.602006" lon="0.049240">
        <ele>624.3</ele>
        <time>2018-09-03T12:10:15Z</time>
      </trkpt>
      <trkpt lat="40.601989" lon="0.049157">
        <ele>624.6</ele>
        <time>2018-09-03T12:10:20Z</time>
      </trkpt>
      <trkpt lat="40.601989" lon="0.049057">
        <ele>624.5</ele>
        <time>2018-09-03T12:10:26Z</time>
      </trkpt>
      <trkpt lat="40.601972" lon="0.048974">
        <ele>624.8</ele>
        <time>2018-09-03T12:10:30Z</time>
      </trkpt>
      <trkpt lat="40.601972" lon="0.048874">
        <ele>624.8</ele>
        <time>2018-09-03T12:10:36Z</time>
      </trkpt>
      <trkpt lat="40.601939" lon="0.048674">
        <ele>625.6</ele>
        <time>2018-09-03T12:10:47Z</time>
      </trkpt>
      <trkpt lat="40.601906" lon="0.048573">
        <ele>625.9</ele>
        <time>2018-09-03T12:10:53Z</time>
      </trkpt>
      <trkpt lat="40.601856" lon="0.048390">
        <ele>626.6</ele>
        <time>2018-09-03T12:11:04Z</time>
      </trkpt>
      <trkpt lat="40.601889" lon="0.048290">
        <ele>626.1</ele>
        <time>2018-09-03T12:11:10Z</time>
      </trkpt>
      <trkpt lat="40.601889" lon="0.048290">
        <ele>626.1</ele>
        <time>2018-09-03T12:11:10Z</time>
      </trkpt>
      <trkpt lat="40.601956" lon="0.048223">
        <ele>625.7</ele>
        <time>2018-09-03T12:11:16Z</time>
      </trkpt>
      <trkpt lat="40.602023" lon="0.048140">
        <ele>625.9</ele>
        <time>2018-09-03T12:11:23Z</time>
      </trkpt>
      <trkpt lat="40.602222" lon="0.048007">
        <ele>628.5</ele>
        <time>2018-09-03T12:11:39Z</time>
      </trkpt>
      <trkpt lat="40.602273" lon="0.047907">
        <ele>631.2</ele>
        <time>2018-09-03T12:11:46Z</time>
      </trkpt>
      <trkpt lat="40.602239" lon="0.047691">
        <ele>635.3</ele>
        <time>2018-09-03T12:11:58Z</time>
      </trkpt>
      <trkpt lat="40.602222" lon="0.047673">
        <ele>635.4</ele>
        <time>2018-09-03T12:12:00Z</time>
      </trkpt>
      <trkpt lat="40.602372" lon="0.047590">
        <ele>638.2</ele>
        <time>2018-09-03T12:12:12Z</time>
      </trkpt>
      <trkpt lat="40.602439" lon="0.047506">
        <ele>641.3</ele>
        <time>2018-09-03T12:12:19Z</time>
      </trkpt>
      <trkpt lat="40.602523" lon="0.047473">
        <ele>644.2</ele>
        <time>2018-09-03T12:12:25Z</time>
      </trkpt>
      <trkpt lat="40.602663" lon="0.047481">
        <ele>645.6</ele>
        <time>2018-09-03T12:12:35Z</time>
      </trkpt>
      <trkpt lat="40.602643" lon="0.047331">
        <ele>647.8</ele>
        <time>2018-09-03T12:12:44Z</time>
      </trkpt>
      <trkpt lat="40.602762" lon="0.047257">
        <ele>650.1</ele>
        <time>2018-09-03T12:12:54Z</time>
      </trkpt>
      <trkpt lat="40.602942" lon="0.047075">
        <ele>656.9</ele>
        <time>2018-09-03T12:13:11Z</time>
      </trkpt>
      <trkpt lat="40.602918" lon="0.046947">
        <ele>660.5</ele>
        <time>2018-09-03T12:13:18Z</time>
      </trkpt>
      <trkpt lat="40.602940" lon="0.046959">
        <ele>660.9</ele>
        <time>2018-09-03T12:13:20Z</time>
      </trkpt>
      <trkpt lat="40.602961" lon="0.046964">
        <ele>661.3</ele>
        <time>2018-09-03T12:13:21Z</time>
      </trkpt>
      <trkpt lat="40.603306" lon="0.046973">
        <ele>663.1</ele>
        <time>2018-09-03T12:13:46Z</time>
      </trkpt>
      <trkpt lat="40.603306" lon="0.046957">
        <ele>663.8</ele>
        <time>2018-09-03T12:13:47Z</time>
      </trkpt>
      <trkpt lat="40.603472" lon="0.046940">
        <ele>663.2</ele>
        <time>2018-09-03T12:14:00Z</time>
      </trkpt>
      <trkpt lat="40.603522" lon="0.046923">
        <ele>663.4</ele>
        <time>2018-09-03T12:14:03Z</time>
      </trkpt>
      <trkpt lat="40.603472" lon="0.046306">
        <ele>670.8</ele>
        <time>2018-09-03T12:14:38Z</time>
      </trkpt>
      <trkpt lat="40.603422" lon="0.046207">
        <ele>671.5</ele>
        <time>2018-09-03T12:14:44Z</time>
      </trkpt>
      <trkpt lat="40.603339" lon="0.046207">
        <ele>671.5</ele>
        <time>2018-09-03T12:14:50Z</time>
      </trkpt>
      <trkpt lat="40.603339" lon="0.046156">
        <ele>671.7</ele>
        <time>2018-09-03T12:14:53Z</time>
      </trkpt>
      <trkpt lat="40.603256" lon="0.045806">
        <ele>672.0</ele>
        <time>2018-09-03T12:15:13Z</time>
      </trkpt>
      <trkpt lat="40.603273" lon="0.045706">
        <ele>672.6</ele>
        <time>2018-09-03T12:15:19Z</time>
      </trkpt>
      <trkpt lat="40.603273" lon="0.045606">
        <ele>672.8</ele>
        <time>2018-09-03T12:15:24Z</time>
      </trkpt>
      <trkpt lat="40.603306" lon="0.045373">
        <ele>674.2</ele>
        <time>2018-09-03T12:15:37Z</time>
      </trkpt>
      <trkpt lat="40.603289" lon="0.045090">
        <ele>673.6</ele>
        <time>2018-09-03T12:15:53Z</time>
      </trkpt>
      <trkpt lat="40.603289" lon="0.045090">
        <ele>673.6</ele>
        <time>2018-09-03T12:15:53Z</time>
      </trkpt>
      <trkpt lat="40.603173" lon="0.044874">
        <ele>671.8</ele>
        <time>2018-09-03T12:16:08Z</time>
      </trkpt>
      <trkpt lat="40.603173" lon="0.044840">
        <ele>672.1</ele>
        <time>2018-09-03T12:16:10Z</time>
      </trkpt>
      <trkpt lat="40.603106" lon="0.044707">
        <ele>671.8</ele>
        <time>2018-09-03T12:16:18Z</time>
      </trkpt>
      <trkpt lat="40.603056" lon="0.044640">
        <ele>671.5</ele>
        <time>2018-09-03T12:16:23Z</time>
      </trkpt>
      <trkpt lat="40.603056" lon="0.044590">
        <ele>672.8</ele>
        <time>2018-09-03T12:16:26Z</time>
      </trkpt>
      <trkpt lat="40.602306" lon="0.043140">
        <ele>684.5</ele>
        <time>2018-09-03T12:18:03Z</time>
      </trkpt>
      <trkpt lat="40.602223" lon="0.042640">
        <ele>687.4</ele>
        <time>2018-09-03T12:18:31Z</time>
      </trkpt>
      <trkpt lat="40.602139" lon="0.042390">
        <ele>688.0</ele>
        <time>2018-09-03T12:18:46Z</time>
      </trkpt>
      <trkpt lat="40.602139" lon="0.042106">
        <ele>689.6</ele>
        <time>2018-09-03T12:19:02Z</time>
      </trkpt>
      <trkpt lat="40.602056" lon="0.041639">
        <ele>689.2</ele>
        <time>2018-09-03T12:19:28Z</time>
      </trkpt>
      <trkpt lat="40.602039" lon="0.041256">
        <ele>687.9</ele>
        <time>2018-09-03T12:19:49Z</time>
      </trkpt>
      <trkpt lat="40.602089" lon="0.041074">
        <ele>688.3</ele>
        <time>2018-09-03T12:20:00Z</time>
      </trkpt>
      <trkpt lat="40.602073" lon="0.040840">
        <ele>685.1</ele>
        <time>2018-09-03T12:20:13Z</time>
      </trkpt>
      <trkpt lat="40.602089" lon="0.040640">
        <ele>684.7</ele>
        <time>2018-09-03T12:20:24Z</time>
      </trkpt>
      <trkpt lat="40.602173" lon="0.040323">
        <ele>687.1</ele>
        <time>2018-09-03T12:20:43Z</time>
      </trkpt>
      <trkpt lat="40.602156" lon="0.040173">
        <ele>686.4</ele>
        <time>2018-09-03T12:20:51Z</time>
      </trkpt>
      <trkpt lat="40.602356" lon="0.039240">
        <ele>685.4</ele>
        <time>2018-09-03T12:21:44Z</time>
      </trkpt>
      <trkpt lat="40.602390" lon="0.038556">
        <ele>682.7</ele>
        <time>2018-09-03T12:22:22Z</time>
      </trkpt>
      <trkpt lat="40.602439" lon="0.038440">
        <ele>683.4</ele>
        <time>2018-09-03T12:22:29Z</time>
      </trkpt>
      <trkpt lat="40.602523" lon="0.038023">
        <ele>680.7</ele>
        <time>2018-09-03T12:22:53Z</time>
      </trkpt>
      <trkpt lat="40.602606" lon="0.037923">
        <ele>681.2</ele>
        <time>2018-09-03T12:23:01Z</time>
      </trkpt>
      <trkpt lat="40.602656" lon="0.037690">
        <ele>680.1</ele>
        <time>2018-09-03T12:23:15Z</time>
      </trkpt>
      <trkpt lat="40.602673" lon="0.036890">
        <ele>679.1</ele>
        <time>2018-09-03T12:23:59Z</time>
      </trkpt>
      <trkpt lat="40.602623" lon="0.035956">
        <ele>684.5</ele>
        <time>2018-09-03T12:24:50Z</time>
      </trkpt>
      <trkpt lat="40.602523" lon="0.035090">
        <ele>691.5</ele>
        <time>2018-09-03T12:25:39Z</time>
      </trkpt>
      <trkpt lat="40.602423" lon="0.034873">
        <ele>690.1</ele>
        <time>2018-09-03T12:25:52Z</time>
      </trkpt>
      <trkpt lat="40.602406" lon="0.034723">
        <ele>690.6</ele>
        <time>2018-09-03T12:26:01Z</time>
      </trkpt>
      <trkpt lat="40.602439" lon="0.034490">
        <ele>690.8</ele>
        <time>2018-09-03T12:26:14Z</time>
      </trkpt>
      <trkpt lat="40.602490" lon="0.034390">
        <ele>691.7</ele>
        <time>2018-09-03T12:26:20Z</time>
      </trkpt>
      <trkpt lat="40.602506" lon="0.034073">
        <ele>690.0</ele>
        <time>2018-09-03T12:26:38Z</time>
      </trkpt>
      <trkpt lat="40.602539" lon="0.033906">
        <ele>690.1</ele>
        <time>2018-09-03T12:26:47Z</time>
      </trkpt>
      <trkpt lat="40.602739" lon="0.033356">
        <ele>683.4</ele>
        <time>2018-09-03T12:27:21Z</time>
      </trkpt>
      <trkpt lat="40.602906" lon="0.033056">
        <ele>679.0</ele>
        <time>2018-09-03T12:27:42Z</time>
      </trkpt>
      <trkpt lat="40.603089" lon="0.032907">
        <ele>675.9</ele>
        <time>2018-09-03T12:27:58Z</time>
      </trkpt>
      <trkpt lat="40.603306" lon="0.032256">
        <ele>672.2</ele>
        <time>2018-09-03T12:28:37Z</time>
      </trkpt>
      <trkpt lat="40.603306" lon="0.032090">
        <ele>669.6</ele>
        <time>2018-09-03T12:28:46Z</time>
      </trkpt>
      <trkpt lat="40.603289" lon="0.031990">
        <ele>667.5</ele>
        <time>2018-09-03T12:28:52Z</time>
      </trkpt>
      <trkpt lat="40.603256" lon="0.031940">
        <ele>665.7</ele>
        <time>2018-09-03T12:28:56Z</time>
      </trkpt>
      <trkpt lat="40.603173" lon="0.031907">
        <ele>662.6</ele>
        <time>2018-09-03T12:29:02Z</time>
      </trkpt>
      <trkpt lat="40.603189" lon="0.031856">
        <ele>662.8</ele>
        <time>2018-09-03T12:29:05Z</time>
      </trkpt>
      <trkpt lat="40.603139" lon="0.031673">
        <ele>660.8</ele>
        <time>2018-09-03T12:29:16Z</time>
      </trkpt>
      <trkpt lat="40.602939" lon="0.031640">
        <ele>666.7</ele>
        <time>2018-09-03T12:29:31Z</time>
      </trkpt>
      <trkpt lat="40.602956" lon="0.031223">
        <ele>667.4</ele>
        <time>2018-09-03T12:29:54Z</time>
      </trkpt>
      <trkpt lat="40.603173" lon="0.030473">
        <ele>669.7</ele>
        <time>2018-09-03T12:30:38Z</time>
      </trkpt>
      <trkpt lat="40.603222" lon="0.029456">
        <ele>676.7</ele>
        <time>2018-09-03T12:31:34Z</time>
      </trkpt>
      <trkpt lat="40.603339" lon="0.029256">
        <ele>677.0</ele>
        <time>2018-09-03T12:31:48Z</time>
      </trkpt>
      <trkpt lat="40.603322" lon="0.028989">
        <ele>680.7</ele>
        <time>2018-09-03T12:32:03Z</time>
      </trkpt>
      <trkpt lat="40.602989" lon="0.028073">
        <ele>687.1</ele>
        <time>2018-09-03T12:32:59Z</time>
      </trkpt>
      <trkpt lat="40.603006" lon="0.028023">
        <ele>687.9</ele>
        <time>2018-09-03T12:33:02Z</time>
      </trkpt>
      <trkpt lat="40.603040" lon="0.027940">
        <ele>689.2</ele>
        <time>2018-09-03T12:33:07Z</time>
      </trkpt>
      <trkpt lat="40.603123" lon="0.027856">
        <ele>689.7</ele>
        <time>2018-09-03T12:33:15Z</time>
      </trkpt>
      <trkpt lat="40.603140" lon="0.027823">
        <ele>690.1</ele>
        <time>2018-09-03T12:33:17Z</time>
      </trkpt>
      <trkpt lat="40.603190" lon="0.027806">
        <ele>689.4</ele>
        <time>2018-09-03T12:33:21Z</time>
      </trkpt>
      <trkpt lat="40.603190" lon="0.027789">
        <ele>689.8</ele>
        <time>2018-09-03T12:33:22Z</time>
      </trkpt>
      <trkpt lat="40.603306" lon="0.027789">
        <ele>687.1</ele>
        <time>2018-09-03T12:33:31Z</time>
      </trkpt>
      <trkpt lat="40.603339" lon="0.027740">
        <ele>687.5</ele>
        <time>2018-09-03T12:33:34Z</time>
      </trkpt>
      <trkpt lat="40.603339" lon="0.027623">
        <ele>689.0</ele>
        <time>2018-09-03T12:33:34Z</time>
      </trkpt>
      <trkpt lat="40.603056" lon="0.026990">
        <ele>700.5</ele>
        <time>2018-09-03T12:34:15Z</time>
      </trkpt>
      <trkpt lat="40.602940" lon="0.026539">
        <ele>705.2</ele>
        <time>2018-09-03T12:34:42Z</time>
      </trkpt>
      <trkpt lat="40.602723" lon="0.025340">
        <ele>719.4</ele>
        <time>2018-09-03T12:35:50Z</time>
      </trkpt>
      <trkpt lat="40.602673" lon="0.025256">
        <ele>720.9</ele>
        <time>2018-09-03T12:35:56Z</time>
      </trkpt>
      <trkpt lat="40.602490" lon="0.024906">
        <ele>725.5</ele>
        <time>2018-09-03T12:36:20Z</time>
      </trkpt>
      <trkpt lat="40.602390" lon="0.024456">
        <ele>734.9</ele>
        <time>2018-09-03T12:36:46Z</time>
      </trkpt>
      <trkpt lat="40.602406" lon="0.024340">
        <ele>735.7</ele>
        <time>2018-09-03T12:36:53Z</time>
      </trkpt>
      <trkpt lat="40.602390" lon="0.024206">
        <ele>738.5</ele>
        <time>2018-09-03T12:37:00Z</time>
      </trkpt>
      <trkpt lat="40.602490" lon="0.024073">
        <ele>739.1</ele>
        <time>2018-09-03T12:37:10Z</time>
      </trkpt>
      <trkpt lat="40.602556" lon="0.024023">
        <ele>739.0</ele>
        <time>2018-09-03T12:37:16Z</time>
      </trkpt>
      <trkpt lat="40.602590" lon="0.023906">
        <ele>740.8</ele>
        <time>2018-09-03T12:37:23Z</time>
      </trkpt>
      <trkpt lat="40.602590" lon="0.023790">
        <ele>742.8</ele>
        <time>2018-09-03T12:37:30Z</time>
      </trkpt>
      <trkpt lat="40.602523" lon="0.023706">
        <ele>744.1</ele>
        <time>2018-09-03T12:37:36Z</time>
      </trkpt>
      <trkpt lat="40.602439" lon="0.023690">
        <ele>745.5</ele>
        <time>2018-09-03T12:37:42Z</time>
      </trkpt>
      <trkpt lat="40.602439" lon="0.023673">
        <ele>745.7</ele>
        <time>2018-09-03T12:37:43Z</time>
      </trkpt>
      <trkpt lat="40.602289" lon="0.023590">
        <ele>749.5</ele>
        <time>2018-09-03T12:37:55Z</time>
      </trkpt>
      <trkpt lat="40.602240" lon="0.023523">
        <ele>751.3</ele>
        <time>2018-09-03T12:38:01Z</time>
      </trkpt>
      <trkpt lat="40.602156" lon="0.023473">
        <ele>753.5</ele>
        <time>2018-09-03T12:38:07Z</time>
      </trkpt>
      <trkpt lat="40.602073" lon="0.023456">
        <ele>754.9</ele>
        <time>2018-09-03T12:38:14Z</time>
      </trkpt>
      <trkpt lat="40.601923" lon="0.023373">
        <ele>757.6</ele>
        <time>2018-09-03T12:38:26Z</time>
      </trkpt>
      <trkpt lat="40.601856" lon="0.023307">
        <ele>758.6</ele>
        <time>2018-09-03T12:38:32Z</time>
      </trkpt>
      <trkpt lat="40.601856" lon="0.023289">
        <ele>758.6</ele>
        <time>2018-09-03T12:38:33Z</time>
      </trkpt>
      <trkpt lat="40.601739" lon="0.023123">
        <ele>761.4</ele>
        <time>2018-09-03T12:38:45Z</time>
      </trkpt>
      <trkpt lat="40.601656" lon="0.022923">
        <ele>764.5</ele>
        <time>2018-09-03T12:38:58Z</time>
      </trkpt>
      <trkpt lat="40.601623" lon="0.022823">
        <ele>766.3</ele>
        <time>2018-09-03T12:39:04Z</time>
      </trkpt>
      <trkpt lat="40.601623" lon="0.022690">
        <ele>767.2</ele>
        <time>2018-09-03T12:39:11Z</time>
      </trkpt>
      <trkpt lat="40.601590" lon="0.022473">
        <ele>771.3</ele>
        <time>2018-09-03T12:39:24Z</time>
      </trkpt>
      <trkpt lat="40.601506" lon="0.022273">
        <ele>775.2</ele>
        <time>2018-09-03T12:39:37Z</time>
      </trkpt>
      <trkpt lat="40.601456" lon="0.022190">
        <ele>776.7</ele>
        <time>2018-09-03T12:39:42Z</time>
      </trkpt>
      <trkpt lat="40.601456" lon="0.022173">
        <ele>776.7</ele>
        <time>2018-09-03T12:39:43Z</time>
      </trkpt>
      <trkpt lat="40.601339" lon="0.022040">
        <ele>780.6</ele>
        <time>2018-09-03T12:39:55Z</time>
      </trkpt>
      <trkpt lat="40.601290" lon="0.021940">
        <ele>782.4</ele>
        <time>2018-09-03T12:40:02Z</time>
      </trkpt>
      <trkpt lat="40.601206" lon="0.021957">
        <ele>784.9</ele>
        <time>2018-09-03T12:40:08Z</time>
      </trkpt>
      <trkpt lat="40.601189" lon="0.021940">
        <ele>785.4</ele>
        <time>2018-09-03T12:40:09Z</time>
      </trkpt>
      <trkpt lat="40.601140" lon="0.021756">
        <ele>785.8</ele>
        <time>2018-09-03T12:40:20Z</time>
      </trkpt>
      <trkpt lat="40.601089" lon="0.021656">
        <ele>786.4</ele>
        <time>2018-09-03T12:40:27Z</time>
      </trkpt>
      <trkpt lat="40.601056" lon="0.021556">
        <ele>786.8</ele>
        <time>2018-09-03T12:40:33Z</time>
      </trkpt>
      <trkpt lat="40.600940" lon="0.021389">
        <ele>789.3</ele>
        <time>2018-09-03T12:40:45Z</time>
      </trkpt>
      <trkpt lat="40.600857" lon="0.021206">
        <ele>790.3</ele>
        <time>2018-09-03T12:40:57Z</time>
      </trkpt>
      <trkpt lat="40.600839" lon="0.021189">
        <ele>790.8</ele>
        <time>2018-09-03T12:40:59Z</time>
      </trkpt>
      <trkpt lat="40.600790" lon="0.020890">
        <ele>794.1</ele>
        <time>2018-09-03T12:41:16Z</time>
      </trkpt>
      <trkpt lat="40.600723" lon="0.020690">
        <ele>795.3</ele>
        <time>2018-09-03T12:41:28Z</time>
      </trkpt>
      <trkpt lat="40.600673" lon="0.020607">
        <ele>796.0</ele>
        <time>2018-09-03T12:41:34Z</time>
      </trkpt>
      <trkpt lat="40.600473" lon="0.020106">
        <ele>798.4</ele>
        <time>2018-09-03T12:42:05Z</time>
      </trkpt>
      <trkpt lat="40.600456" lon="0.020090">
        <ele>798.7</ele>
        <time>2018-09-03T12:42:06Z</time>
      </trkpt>
      <trkpt lat="40.600373" lon="0.019956">
        <ele>799.6</ele>
        <time>2018-09-03T12:42:16Z</time>
      </trkpt>
      <trkpt lat="40.600307" lon="0.019890">
        <ele>799.8</ele>
        <time>2018-09-03T12:42:22Z</time>
      </trkpt>
      <trkpt lat="40.600189" lon="0.019723">
        <ele>800.9</ele>
        <time>2018-09-03T12:42:34Z</time>
      </trkpt>
      <trkpt lat="40.600040" lon="0.019473">
        <ele>803.9</ele>
        <time>2018-09-03T12:42:52Z</time>
      </trkpt>
      <trkpt lat="40.599906" lon="0.019356">
        <ele>805.5</ele>
        <time>2018-09-03T12:43:03Z</time>
      </trkpt>
      <trkpt lat="40.599839" lon="0.019289">
        <ele>806.2</ele>
        <time>2018-09-03T12:43:10Z</time>
      </trkpt>
      <trkpt lat="40.599690" lon="0.018923">
        <ele>806.1</ele>
        <time>2018-09-03T12:43:32Z</time>
      </trkpt>
      <trkpt lat="40.599656" lon="0.018856">
        <ele>806.7</ele>
        <time>2018-09-03T12:43:37Z</time>
      </trkpt>
      <trkpt lat="40.599606" lon="0.018790">
        <ele>807.7</ele>
        <time>2018-09-03T12:43:42Z</time>
      </trkpt>
      <trkpt lat="40.599523" lon="0.018607">
        <ele>808.7</ele>
        <time>2018-09-03T12:43:54Z</time>
      </trkpt>
      <trkpt lat="40.599539" lon="0.018507">
        <ele>807.9</ele>
        <time>2018-09-03T12:43:59Z</time>
      </trkpt>
      <trkpt lat="40.599506" lon="0.018406">
        <ele>808.8</ele>
        <time>2018-09-03T12:44:05Z</time>
      </trkpt>
      <trkpt lat="40.599506" lon="0.018223">
        <ele>809.3</ele>
        <time>2018-09-03T12:44:16Z</time>
      </trkpt>
      <trkpt lat="40.599439" lon="0.018039">
        <ele>811.3</ele>
        <time>2018-09-03T12:44:27Z</time>
      </trkpt>
      <trkpt lat="40.599439" lon="0.017856">
        <ele>810.9</ele>
        <time>2018-09-03T12:44:37Z</time>
      </trkpt>
      <trkpt lat="40.599390" lon="0.017540">
        <ele>811.2</ele>
        <time>2018-09-03T12:44:55Z</time>
      </trkpt>
      <trkpt lat="40.599390" lon="0.017357">
        <ele>811.7</ele>
        <time>2018-09-03T12:45:05Z</time>
      </trkpt>
      <trkpt lat="40.599373" lon="0.017323">
        <ele>812.0</ele>
        <time>2018-09-03T12:45:07Z</time>
      </trkpt>
      <trkpt lat="40.599340" lon="0.017091">
        <ele>812.9</ele>
        <time>2018-09-03T12:45:20Z</time>
      </trkpt>
      <trkpt lat="40.599206" lon="0.016724">
        <ele>811.9</ele>
        <time>2018-09-03T12:45:42Z</time>
      </trkpt>
      <trkpt lat="40.599123" lon="0.016507">
        <ele>812.0</ele>
        <time>2018-09-03T12:45:56Z</time>
      </trkpt>
      <trkpt lat="40.599090" lon="0.016407">
        <ele>811.7</ele>
        <time>2018-09-03T12:46:02Z</time>
      </trkpt>
      <trkpt lat="40.599090" lon="0.016190">
        <ele>811.6</ele>
        <time>2018-09-03T12:46:14Z</time>
      </trkpt>
      <trkpt lat="40.599156" lon="0.015741">
        <ele>818.0</ele>
        <time>2018-09-03T12:46:39Z</time>
      </trkpt>
      <trkpt lat="40.599156" lon="0.015723">
        <ele>818.2</ele>
        <time>2018-09-03T12:46:40Z</time>
      </trkpt>
      <trkpt lat="40.599206" lon="0.015207">
        <ele>821.5</ele>
        <time>2018-09-03T12:47:09Z</time>
      </trkpt>
      <trkpt lat="40.599173" lon="0.015107">
        <ele>823.2</ele>
        <time>2018-09-03T12:47:15Z</time>
      </trkpt>
      <trkpt lat="40.599106" lon="0.014790">
        <ele>829.1</ele>
        <time>2018-09-03T12:47:33Z</time>
      </trkpt>
      <trkpt lat="40.599123" lon="0.014674">
        <ele>831.1</ele>
        <time>2018-09-03T12:47:40Z</time>
      </trkpt>
      <trkpt lat="40.599240" lon="0.014507">
        <ele>830.3</ele>
        <time>2018-09-03T12:47:52Z</time>
      </trkpt>
      <trkpt lat="40.599273" lon="0.014407">
        <ele>831.3</ele>
        <time>2018-09-03T12:47:58Z</time>
      </trkpt>
      <trkpt lat="40.599273" lon="0.014290">
        <ele>833.6</ele>
        <time>2018-09-03T12:48:05Z</time>
      </trkpt>
      <trkpt lat="40.599306" lon="0.014057">
        <ele>834.9</ele>
        <time>2018-09-03T12:48:18Z</time>
      </trkpt>
      <trkpt lat="40.599256" lon="0.013841">
        <ele>840.8</ele>
        <time>2018-09-03T12:48:31Z</time>
      </trkpt>
      <trkpt lat="40.599256" lon="0.013490">
        <ele>843.6</ele>
        <time>2018-09-03T12:48:50Z</time>
      </trkpt>
      <trkpt lat="40.599223" lon="0.013307">
        <ele>847.1</ele>
        <time>2018-09-03T12:49:01Z</time>
      </trkpt>
      <trkpt lat="40.599340" lon="0.012890">
        <ele>844.5</ele>
        <time>2018-09-03T12:49:26Z</time>
      </trkpt>
      <trkpt lat="40.599356" lon="0.012790">
        <ele>844.7</ele>
        <time>2018-09-03T12:49:31Z</time>
      </trkpt>
      <trkpt lat="40.599406" lon="0.012607">
        <ele>843.2</ele>
        <time>2018-09-03T12:49:42Z</time>
      </trkpt>
      <trkpt lat="40.599406" lon="0.012390">
        <ele>844.2</ele>
        <time>2018-09-03T12:49:54Z</time>
      </trkpt>
      <trkpt lat="40.599373" lon="0.012290">
        <ele>847.0</ele>
        <time>2018-09-03T12:50:00Z</time>
      </trkpt>
      <trkpt lat="40.599390" lon="0.012173">
        <ele>853.0</ele>
        <time>2018-09-03T12:50:08Z</time>
      </trkpt>
      <trkpt lat="40.599356" lon="0.012041">
        <ele>856.0</ele>
        <time>2018-09-03T12:50:16Z</time>
      </trkpt>
      <trkpt lat="40.599273" lon="0.012024">
        <ele>851.5</ele>
        <time>2018-09-03T12:50:22Z</time>
      </trkpt>
      <trkpt lat="40.599073" lon="0.011790">
        <ele>854.1</ele>
        <time>2018-09-03T12:50:42Z</time>
      </trkpt>
      <trkpt lat="40.599106" lon="0.011706">
        <ele>853.8</ele>
        <time>2018-09-03T12:50:47Z</time>
      </trkpt>
      <trkpt lat="40.598973" lon="0.011540">
        <ele>857.8</ele>
        <time>2018-09-03T12:51:01Z</time>
      </trkpt>
      <trkpt lat="40.598856" lon="0.011040">
        <ele>869.0</ele>
        <time>2018-09-03T12:51:30Z</time>
      </trkpt>
      <trkpt lat="40.598806" lon="0.010823">
        <ele>873.5</ele>
        <time>2018-09-03T12:51:43Z</time>
      </trkpt>
      <trkpt lat="40.598823" lon="0.010340">
        <ele>870.1</ele>
        <time>2018-09-03T12:52:10Z</time>
      </trkpt>
      <trkpt lat="40.598773" lon="0.010240">
        <ele>872.5</ele>
        <time>2018-09-03T12:52:17Z</time>
      </trkpt>
      <trkpt lat="40.598573" lon="0.010024">
        <ele>880.4</ele>
        <time>2018-09-03T12:52:36Z</time>
      </trkpt>
      <trkpt lat="40.598489" lon="0.009973">
        <ele>883.4</ele>
        <time>2018-09-03T12:52:43Z</time>
      </trkpt>
      <trkpt lat="40.598306" lon="0.009757">
        <ele>886.2</ele>
        <time>2018-09-03T12:53:01Z</time>
      </trkpt>
      <trkpt lat="40.598206" lon="0.009324">
        <ele>889.9</ele>
        <time>2018-09-03T12:53:26Z</time>
      </trkpt>
      <trkpt lat="40.598173" lon="0.009240">
        <ele>892.7</ele>
        <time>2018-09-03T12:53:31Z</time>
      </trkpt>
      <trkpt lat="40.598123" lon="0.009157">
        <ele>895.7</ele>
        <time>2018-09-03T12:53:37Z</time>
      </trkpt>
      <trkpt lat="40.597989" lon="0.009023">
        <ele>902.9</ele>
        <time>2018-09-03T12:53:50Z</time>
      </trkpt>
      <trkpt lat="40.597956" lon="0.008940">
        <ele>904.2</ele>
        <time>2018-09-03T12:53:56Z</time>
      </trkpt>
      <trkpt lat="40.597906" lon="0.008857">
        <ele>906.3</ele>
        <time>2018-09-03T12:54:02Z</time>
      </trkpt>
      <trkpt lat="40.597839" lon="0.008790">
        <ele>909.4</ele>
        <time>2018-09-03T12:54:08Z</time>
      </trkpt>
      <trkpt lat="40.597789" lon="0.008707">
        <ele>910.3</ele>
        <time>2018-09-03T12:54:14Z</time>
      </trkpt>
      <trkpt lat="40.597773" lon="0.008690">
        <ele>910.8</ele>
        <time>2018-09-03T12:54:15Z</time>
      </trkpt>
      <trkpt lat="40.597723" lon="0.008507">
        <ele>910.3</ele>
        <time>2018-09-03T12:54:26Z</time>
      </trkpt>
      <trkpt lat="40.597723" lon="0.008390">
        <ele>909.0</ele>
        <time>2018-09-03T12:54:33Z</time>
      </trkpt>
      <trkpt lat="40.597739" lon="0.008290">
        <ele>906.8</ele>
        <time>2018-09-03T12:54:38Z</time>
      </trkpt>
      <trkpt lat="40.597723" lon="0.008190">
        <ele>905.8</ele>
        <time>2018-09-03T12:54:44Z</time>
      </trkpt>
      <trkpt lat="40.597639" lon="0.007990">
        <ele>905.2</ele>
        <time>2018-09-03T12:54:57Z</time>
      </trkpt>
      <trkpt lat="40.597606" lon="0.007890">
        <ele>904.1</ele>
        <time>2018-09-03T12:55:03Z</time>
      </trkpt>
      <trkpt lat="40.597522" lon="0.007840">
        <ele>905.3</ele>
        <time>2018-09-03T12:55:09Z</time>
      </trkpt>
      <trkpt lat="40.597389" lon="0.007707">
        <ele>904.0</ele>
        <time>2018-09-03T12:55:22Z</time>
      </trkpt>
      <trkpt lat="40.597356" lon="0.007607">
        <ele>900.1</ele>
        <time>2018-09-03T12:55:28Z</time>
      </trkpt>
      <trkpt lat="40.597340" lon="0.007607">
        <ele>900.6</ele>
        <time>2018-09-03T12:55:29Z</time>
      </trkpt>
      <trkpt lat="40.597089" lon="0.007340">
        <ele>899.9</ele>
        <time>2018-09-03T12:55:53Z</time>
      </trkpt>
      <trkpt lat="40.596939" lon="0.007273">
        <ele>900.8</ele>
        <time>2018-09-03T12:56:04Z</time>
      </trkpt>
      <trkpt lat="40.596690" lon="0.007207">
        <ele>905.7</ele>
        <time>2018-09-03T12:56:23Z</time>
      </trkpt>
      <trkpt lat="40.596607" lon="0.007157">
        <ele>906.5</ele>
        <time>2018-09-03T12:56:29Z</time>
      </trkpt>
      <trkpt lat="40.596589" lon="0.007157">
        <ele>907.3</ele>
        <time>2018-09-03T12:56:31Z</time>
      </trkpt>
      <trkpt lat="40.596489" lon="0.007007">
        <ele>905.7</ele>
        <time>2018-09-03T12:56:42Z</time>
      </trkpt>
      <trkpt lat="40.596456" lon="0.006890">
        <ele>904.9</ele>
        <time>2018-09-03T12:56:49Z</time>
      </trkpt>
      <trkpt lat="40.596456" lon="0.006790">
        <ele>905.6</ele>
        <time>2018-09-03T12:56:54Z</time>
      </trkpt>
      <trkpt lat="40.596440" lon="0.006674">
        <ele>906.1</ele>
        <time>2018-09-03T12:57:01Z</time>
      </trkpt>
      <trkpt lat="40.596456" lon="0.006573">
        <ele>907.5</ele>
        <time>2018-09-03T12:57:06Z</time>
      </trkpt>
      <trkpt lat="40.596456" lon="0.006440">
        <ele>909.1</ele>
        <time>2018-09-03T12:57:14Z</time>
      </trkpt>
      <trkpt lat="40.596440" lon="0.006341">
        <ele>910.3</ele>
        <time>2018-09-03T12:57:19Z</time>
      </trkpt>
      <trkpt lat="40.596423" lon="0.006123">
        <ele>909.8</ele>
        <time>2018-09-03T12:57:31Z</time>
      </trkpt>
      <trkpt lat="40.596323" lon="0.005923">
        <ele>911.6</ele>
        <time>2018-09-03T12:57:45Z</time>
      </trkpt>
      <trkpt lat="40.596106" lon="0.005624">
        <ele>913.7</ele>
        <time>2018-09-03T12:58:07Z</time>
      </trkpt>
      <trkpt lat="40.596073" lon="0.005540">
        <ele>914.6</ele>
        <time>2018-09-03T12:58:13Z</time>
      </trkpt>
      <trkpt lat="40.596073" lon="0.005524">
        <ele>915.0</ele>
        <time>2018-09-03T12:58:14Z</time>
      </trkpt>
      <trkpt lat="40.595956" lon="0.005373">
        <ele>916.5</ele>
        <time>2018-09-03T12:58:25Z</time>
      </trkpt>
      <trkpt lat="40.595939" lon="0.005257">
        <ele>918.0</ele>
        <time>2018-09-03T12:58:32Z</time>
      </trkpt>
      <trkpt lat="40.595906" lon="0.005157">
        <ele>918.9</ele>
        <time>2018-09-03T12:58:38Z</time>
      </trkpt>
      <trkpt lat="40.595840" lon="0.005090">
        <ele>918.8</ele>
        <time>2018-09-03T12:58:44Z</time>
      </trkpt>
      <trkpt lat="40.595840" lon="0.004973">
        <ele>920.9</ele>
        <time>2018-09-03T12:58:51Z</time>
      </trkpt>
      <trkpt lat="40.595823" lon="0.004957">
        <ele>921.0</ele>
        <time>2018-09-03T12:58:52Z</time>
      </trkpt>
      <trkpt lat="40.595790" lon="0.004773">
        <ele>923.9</ele>
        <time>2018-09-03T12:59:03Z</time>
      </trkpt>
      <trkpt lat="40.595740" lon="0.004690">
        <ele>924.7</ele>
        <time>2018-09-03T12:59:09Z</time>
      </trkpt>
      <trkpt lat="40.595707" lon="0.004590">
        <ele>927.1</ele>
        <time>2018-09-03T12:59:15Z</time>
      </trkpt>
      <trkpt lat="40.595623" lon="0.004523">
        <ele>928.4</ele>
        <time>2018-09-03T12:59:22Z</time>
      </trkpt>
      <trkpt lat="40.595623" lon="0.004507">
        <ele>929.0</ele>
        <time>2018-09-03T12:59:23Z</time>
      </trkpt>
      <trkpt lat="40.595373" lon="0.004223">
        <ele>935.1</ele>
        <time>2018-09-03T12:59:47Z</time>
      </trkpt>
      <trkpt lat="40.595290" lon="0.004190">
        <ele>934.3</ele>
        <time>2018-09-03T12:59:53Z</time>
      </trkpt>
      <trkpt lat="40.595223" lon="0.004107">
        <ele>935.0</ele>
        <time>2018-09-03T13:00:00Z</time>
      </trkpt>
      <trkpt lat="40.594990" lon="0.003940">
        <ele>938.7</ele>
        <time>2018-09-03T13:00:19Z</time>
      </trkpt>
      <trkpt lat="40.594807" lon="0.003740">
        <ele>941.7</ele>
        <time>2018-09-03T13:00:37Z</time>
      </trkpt>
      <trkpt lat="40.594623" lon="0.003373">
        <ele>943.7</ele>
        <time>2018-09-03T13:01:01Z</time>
      </trkpt>
      <trkpt lat="40.594306" lon="0.001923">
        <ele>960.1</ele>
        <time>2018-09-03T13:02:25Z</time>
      </trkpt>
      <trkpt lat="40.594323" lon="0.001706">
        <ele>961.5</ele>
        <time>2018-09-03T13:02:37Z</time>
      </trkpt>
      <trkpt lat="40.594356" lon="0.001606">
        <ele>961.5</ele>
        <time>2018-09-03T13:02:43Z</time>
      </trkpt>
      <trkpt lat="40.594373" lon="0.001490">
        <ele>962.1</ele>
        <time>2018-09-03T13:02:49Z</time>
      </trkpt>
      <trkpt lat="40.594406" lon="0.001390">
        <ele>962.2</ele>
        <time>2018-09-03T13:02:55Z</time>
      </trkpt>
      <trkpt lat="40.594408" lon="0.001130">
        <ele>963.1</ele>
        <time>2018-09-03T13:03:09Z</time>
      </trkpt>
      <trkpt lat="40.594408" lon="0.001123">
        <ele>963.1</ele>
        <time>2018-09-03T13:03:10Z</time>
      </trkpt>
      <trkpt lat="40.594445" lon="0.000963">
        <ele>962.8</ele>
        <time>2018-09-03T13:03:19Z</time>
      </trkpt>
      <trkpt lat="40.595306" lon="-0.000819">
        <ele>947.9</ele>
        <time>2018-09-03T13:05:15Z</time>
      </trkpt>
      <trkpt lat="40.595465" lon="-0.001110">
        <ele>946.1</ele>
        <time>2018-09-03T13:05:35Z</time>
      </trkpt>
      <trkpt lat="40.595521" lon="-0.001395">
        <ele>944.6</ele>
        <time>2018-09-03T13:05:51Z</time>
        <sat>9</sat>
      </trkpt>
      <trkpt lat="40.595521" lon="-0.001649">
        <ele>945.2</ele>
        <time>2018-09-03T13:06:05Z</time>
        <sat>9</sat>
      </trkpt>
      <trkpt lat="40.595584" lon="-0.002311">
        <ele>945.3</ele>
        <time>2018-09-03T13:06:42Z</time>
        <sat>9</sat>
      </trkpt>
      <trkpt lat="40.595550" lon="-0.002741">
        <ele>945.6</ele>
        <time>2018-09-03T13:07:06Z</time>
        <sat>9</sat>
      </trkpt>
      <trkpt lat="40.595517" lon="-0.002856">
        <ele>946.5</ele>
        <time>2018-09-03T13:07:13Z</time>
        <sat>9</sat>
      </trkpt>
      <trkpt lat="40.595459" lon="-0.003133">
        <ele>946.5</ele>
        <time>2018-09-03T13:07:28Z</time>
        <sat>9</sat>
      </trkpt>
      <trkpt lat="40.595303" lon="-0.003285">
        <ele>949.8</ele>
        <time>2018-09-03T13:07:43Z</time>
        <sat>8</sat>
      </trkpt>
      <trkpt lat="40.595249" lon="-0.003382">
        <ele>950.9</ele>
        <time>2018-09-03T13:07:49Z</time>
        <sat>9</sat>
      </trkpt>
      <trkpt lat="40.595216" lon="-0.003508">
        <ele>950.9</ele>
        <time>2018-09-03T13:07:57Z</time>
        <sat>8</sat>
      </trkpt>
      <trkpt lat="40.595231" lon="-0.004007">
        <ele>951.8</ele>
        <time>2018-09-03T13:08:24Z</time>
        <sat>9</sat>
      </trkpt>
      <trkpt lat="40.595140" lon="-0.004440">
        <ele>961.7</ele>
        <time>2018-09-03T13:08:50Z</time>
        <sat>8</sat>
      </trkpt>
      <trkpt lat="40.595225" lon="-0.004505">
        <ele>963.3</ele>
        <time>2018-09-03T13:08:57Z</time>
        <sat>8</sat>
      </trkpt>
      <trkpt lat="40.595441" lon="-0.004133">
        <ele>958.7</ele>
        <time>2018-09-03T13:09:23Z</time>
        <sat>8</sat>
      </trkpt>
      <trkpt lat="40.595586" lon="-0.004134">
        <ele>962.1</ele>
        <time>2018-09-03T13:09:33Z</time>
        <sat>8</sat>
      </trkpt>
      <trkpt lat="40.595648" lon="-0.004109">
        <ele>962.9</ele>
        <time>2018-09-03T13:09:38Z</time>
        <sat>7</sat>
      </trkpt>
      <trkpt lat="40.596379" lon="-0.003623">
        <ele>960.7</ele>
        <time>2018-09-03T13:10:37Z</time>
        <sat>8</sat>
      </trkpt>
      <trkpt lat="40.596469" lon="-0.003542">
        <ele>961.2</ele>
        <time>2018-09-03T13:10:45Z</time>
        <sat>8</sat>
      </trkpt>
      <trkpt lat="40.596616" lon="-0.003337">
        <ele>960.2</ele>
        <time>2018-09-03T13:11:01Z</time>
        <sat>8</sat>
      </trkpt>
      <trkpt lat="40.596911" lon="-0.003290">
        <ele>961.3</ele>
        <time>2018-09-03T13:11:22Z</time>
        <sat>9</sat>
      </trkpt>
      <trkpt lat="40.596911" lon="-0.003290">
        <ele>961.3</ele>
        <time>2018-09-03T13:11:22Z</time>
        <sat>9</sat>
      </trkpt>
      <trkpt lat="40.596971" lon="-0.003388">
        <ele>961.3</ele>
        <time>2018-09-03T13:11:29Z</time>
        <sat>9</sat>
      </trkpt>
      <trkpt lat="40.596889" lon="-0.003583">
        <ele>962.3</ele>
        <time>2018-09-03T13:11:42Z</time>
        <sat>9</sat>
      </trkpt>
      <trkpt lat="40.596972" lon="-0.003650">
        <ele>961.4</ele>
        <time>2018-09-03T13:11:49Z</time>
        <sat>9</sat>
      </trkpt>
      <trkpt lat="40.597128" lon="-0.003558">
        <ele>959.2</ele>
        <time>2018-09-03T13:12:01Z</time>
        <sat>9</sat>
      </trkpt>
      <trkpt lat="40.597375" lon="-0.003188">
        <ele>952.7</ele>
        <time>2018-09-03T13:12:28Z</time>
        <sat>9</sat>
      </trkpt>
      <trkpt lat="40.597531" lon="-0.002987">
        <ele>949.0</ele>
        <time>2018-09-03T13:12:44Z</time>
        <sat>9</sat>
      </trkpt>
      <trkpt lat="40.597601" lon="-0.002912">
        <ele>947.6</ele>
        <time>2018-09-03T13:12:51Z</time>
        <sat>9</sat>
      </trkpt>
      <trkpt lat="40.597726" lon="-0.002917">
        <ele>945.4</ele>
        <time>2018-09-03T13:13:00Z</time>
        <sat>9</sat>
      </trkpt>
      <trkpt lat="40.598081" lon="-0.003202">
        <ele>939.5</ele>
        <time>2018-09-03T13:13:31Z</time>
        <sat>9</sat>
      </trkpt>
      <trkpt lat="40.598144" lon="-0.003334">
        <ele>938.2</ele>
        <time>2018-09-03T13:13:39Z</time>
        <sat>9</sat>
      </trkpt>
      <trkpt lat="40.598218" lon="-0.003411">
        <ele>936.4</ele>
        <time>2018-09-03T13:13:46Z</time>
        <sat>9</sat>
      </trkpt>
      <trkpt lat="40.598465" lon="-0.003741">
        <ele>932.4</ele>
        <time>2018-09-03T13:14:12Z</time>
        <sat>9</sat>
      </trkpt>
      <trkpt lat="40.598600" lon="-0.003965">
        <ele>932.3</ele>
        <time>2018-09-03T13:14:27Z</time>
        <sat>9</sat>
      </trkpt>
      <trkpt lat="40.598762" lon="-0.004294">
        <ele>931.6</ele>
        <time>2018-09-03T13:14:49Z</time>
        <sat>9</sat>
      </trkpt>
      <trkpt lat="40.598867" lon="-0.004379">
        <ele>930.5</ele>
        <time>2018-09-03T13:14:58Z</time>
        <sat>9</sat>
      </trkpt>
      <trkpt lat="40.598968" lon="-0.004411">
        <ele>931.4</ele>
        <time>2018-09-03T13:15:05Z</time>
        <sat>9</sat>
      </trkpt>
      <trkpt lat="40.599157" lon="-0.004422">
        <ele>935.6</ele>
        <time>2018-09-03T13:15:19Z</time>
        <sat>9</sat>
      </trkpt>
      <trkpt lat="40.599272" lon="-0.004342">
        <ele>937.6</ele>
        <time>2018-09-03T13:15:29Z</time>
        <sat>9</sat>
      </trkpt>
      <trkpt lat="40.599351" lon="-0.004251">
        <ele>938.3</ele>
        <time>2018-09-03T13:15:37Z</time>
        <sat>9</sat>
      </trkpt>
      <trkpt lat="40.599446" lon="-0.004223">
        <ele>938.7</ele>
        <time>2018-09-03T13:15:44Z</time>
        <sat>9</sat>
      </trkpt>
      <trkpt lat="40.599543" lon="-0.004242">
        <ele>939.0</ele>
        <time>2018-09-03T13:15:51Z</time>
        <sat>9</sat>
      </trkpt>
      <trkpt lat="40.599729" lon="-0.004377">
        <ele>938.0</ele>
        <time>2018-09-03T13:16:06Z</time>
        <sat>9</sat>
      </trkpt>
      <trkpt lat="40.600203" lon="-0.004614">
        <ele>932.3</ele>
        <time>2018-09-03T13:16:43Z</time>
        <sat>9</sat>
      </trkpt>
      <trkpt lat="40.600911" lon="-0.004695">
        <ele>924.3</ele>
        <time>2018-09-03T13:17:35Z</time>
        <sat>9</sat>
      </trkpt>
      <trkpt lat="40.601021" lon="-0.004747">
        <ele>923.2</ele>
        <time>2018-09-03T13:17:43Z</time>
        <sat>9</sat>
      </trkpt>
      <trkpt lat="40.601260" lon="-0.005003">
        <ele>919.6</ele>
        <time>2018-09-03T13:18:06Z</time>
        <sat>9</sat>
      </trkpt>
      <trkpt lat="40.601349" lon="-0.005027">
        <ele>918.6</ele>
        <time>2018-09-03T13:18:12Z</time>
        <sat>9</sat>
      </trkpt>
      <trkpt lat="40.601429" lon="-0.004968">
        <ele>918.4</ele>
        <time>2018-09-03T13:18:19Z</time>
        <sat>9</sat>
      </trkpt>
      <trkpt lat="40.601519" lon="-0.004992">
        <ele>917.6</ele>
        <time>2018-09-03T13:18:25Z</time>
        <sat>9</sat>
      </trkpt>
      <trkpt lat="40.601737" lon="-0.004965">
        <ele>916.8</ele>
        <time>2018-09-03T13:18:41Z</time>
        <sat>9</sat>
      </trkpt>
      <trkpt lat="40.602301" lon="-0.005322">
        <ele>908.1</ele>
        <time>2018-09-03T13:19:27Z</time>
        <sat>8</sat>
      </trkpt>
      <trkpt lat="40.602693" lon="-0.005562">
        <ele>902.5</ele>
        <time>2018-09-03T13:19:58Z</time>
        <sat>8</sat>
      </trkpt>
      <trkpt lat="40.602789" lon="-0.005577">
        <ele>901.3</ele>
        <time>2018-09-03T13:20:06Z</time>
        <sat>8</sat>
      </trkpt>
      <trkpt lat="40.602966" lon="-0.005663">
        <ele>897.0</ele>
        <time>2018-09-03T13:20:19Z</time>
        <sat>8</sat>
      </trkpt>
      <trkpt lat="40.603278" lon="-0.005738">
        <ele>890.3</ele>
        <time>2018-09-03T13:20:43Z</time>
        <sat>8</sat>
      </trkpt>
      <trkpt lat="40.603473" lon="-0.005643">
        <ele>884.1</ele>
        <time>2018-09-03T13:20:58Z</time>
        <sat>8</sat>
      </trkpt>
      <trkpt lat="40.603523" lon="-0.005668">
        <ele>882.8</ele>
        <time>2018-09-03T13:21:02Z</time>
        <sat>8</sat>
      </trkpt>
      <trkpt lat="40.603587" lon="-0.005758">
        <ele>880.9</ele>
        <time>2018-09-03T13:21:02Z</time>
        <sat>8</sat>
      </trkpt>
      <trkpt lat="40.603577" lon="-0.005884">
        <ele>882.8</ele>
        <time>2018-09-03T13:21:09Z</time>
        <sat>8</sat>
      </trkpt>
      <trkpt lat="40.603573" lon="-0.006136">
        <ele>883.7</ele>
        <time>2018-09-03T13:21:23Z</time>
        <sat>8</sat>
      </trkpt>
      <trkpt lat="40.603607" lon="-0.006256">
        <ele>882.4</ele>
        <time>2018-09-03T13:21:30Z</time>
        <sat>9</sat>
      </trkpt>
      <trkpt lat="40.603695" lon="-0.006362">
        <ele>884.4</ele>
        <time>2018-09-03T13:21:39Z</time>
        <sat>9</sat>
      </trkpt>
      <trkpt lat="40.603739" lon="-0.006477">
        <ele>886.0</ele>
        <time>2018-09-03T13:21:46Z</time>
        <sat>9</sat>
      </trkpt>
      <trkpt lat="40.603756" lon="-0.006594">
        <ele>887.0</ele>
        <time>2018-09-03T13:21:53Z</time>
        <sat>8</sat>
      </trkpt>
      <trkpt lat="40.603824" lon="-0.006690">
        <ele>889.8</ele>
        <time>2018-09-03T13:22:00Z</time>
        <sat>8</sat>
      </trkpt>
      <trkpt lat="40.603840" lon="-0.007072">
        <ele>890.7</ele>
        <time>2018-09-03T13:22:21Z</time>
        <sat>8</sat>
      </trkpt>
      <trkpt lat="40.603864" lon="-0.007197">
        <ele>893.8</ele>
        <time>2018-09-03T13:22:29Z</time>
        <sat>8</sat>
      </trkpt>
      <trkpt lat="40.603864" lon="-0.007330">
        <ele>894.9</ele>
        <time>2018-09-03T13:22:36Z</time>
        <sat>8</sat>
      </trkpt>
      <trkpt lat="40.603894" lon="-0.007447">
        <ele>895.6</ele>
        <time>2018-09-03T13:22:43Z</time>
        <sat>8</sat>
      </trkpt>
      <trkpt lat="40.603874" lon="-0.007568">
        <ele>895.3</ele>
        <time>2018-09-03T13:22:50Z</time>
        <sat>8</sat>
      </trkpt>
      <trkpt lat="40.603825" lon="-0.007685">
        <ele>895.0</ele>
        <time>2018-09-03T13:22:57Z</time>
        <sat>8</sat>
      </trkpt>
      <trkpt lat="40.603808" lon="-0.007820">
        <ele>896.0</ele>
        <time>2018-09-03T13:23:05Z</time>
        <sat>8</sat>
      </trkpt>
      <trkpt lat="40.603769" lon="-0.007930">
        <ele>896.3</ele>
        <time>2018-09-03T13:23:11Z</time>
        <sat>8</sat>
      </trkpt>
      <trkpt lat="40.603861" lon="-0.007877">
        <ele>897.7</ele>
        <time>2018-09-03T13:23:19Z</time>
        <sat>8</sat>
      </trkpt>
      <trkpt lat="40.604035" lon="-0.007585">
        <ele>900.0</ele>
        <time>2018-09-03T13:23:39Z</time>
        <sat>8</sat>
      </trkpt>
      <trkpt lat="40.604112" lon="-0.007502">
        <ele>902.4</ele>
        <time>2018-09-03T13:23:46Z</time>
        <sat>8</sat>
      </trkpt>
      <trkpt lat="40.604204" lon="-0.007506">
        <ele>905.3</ele>
        <time>2018-09-03T13:23:53Z</time>
        <sat>8</sat>
      </trkpt>
      <trkpt lat="40.604294" lon="-0.007477">
        <ele>908.8</ele>
        <time>2018-09-03T13:24:00Z</time>
        <sat>8</sat>
      </trkpt>
      <trkpt lat="40.604358" lon="-0.007245">
        <ele>912.7</ele>
        <time>2018-09-03T13:24:14Z</time>
        <sat>7</sat>
      </trkpt>
      <trkpt lat="40.604534" lon="-0.006956">
        <ele>913.6</ele>
        <time>2018-09-03T13:24:34Z</time>
        <sat>7</sat>
      </trkpt>
      <trkpt lat="40.604617" lon="-0.006885">
        <ele>914.7</ele>
        <time>2018-09-03T13:24:42Z</time>
        <sat>7</sat>
      </trkpt>
      <trkpt lat="40.604738" lon="-0.006678">
        <ele>914.3</ele>
        <time>2018-09-03T13:24:56Z</time>
        <sat>7</sat>
      </trkpt>
      <trkpt lat="40.604818" lon="-0.006737">
        <ele>916.5</ele>
        <time>2018-09-03T13:25:03Z</time>
        <sat>7</sat>
      </trkpt>
      <trkpt lat="40.604797" lon="-0.006990">
        <ele>920.0</ele>
        <time>2018-09-03T13:25:17Z</time>
        <sat>7</sat>
      </trkpt>
      <trkpt lat="40.604897" lon="-0.007002">
        <ele>921.6</ele>
        <time>2018-09-03T13:25:24Z</time>
        <sat>7</sat>
      </trkpt>
      <trkpt lat="40.604897" lon="-0.007002">
        <ele>921.6</ele>
        <time>2018-09-03T13:25:24Z</time>
        <sat>7</sat>
      </trkpt>
      <trkpt lat="40.605169" lon="-0.006912">
        <ele>926.5</ele>
        <time>2018-09-03T13:25:45Z</time>
        <sat>6</sat>
      </trkpt>
      <trkpt lat="40.605259" lon="-0.006929">
        <ele>927.3</ele>
        <time>2018-09-03T13:25:51Z</time>
        <sat>7</sat>
      </trkpt>
      <trkpt lat="40.605356" lon="-0.006888">
        <ele>926.4</ele>
        <time>2018-09-03T13:25:59Z</time>
        <sat>7</sat>
      </trkpt>
      <trkpt lat="40.605461" lon="-0.006880">
        <ele>926.3</ele>
        <time>2018-09-03T13:26:06Z</time>
        <sat>7</sat>
      </trkpt>
      <trkpt lat="40.605966" lon="-0.006956">
        <ele>925.2</ele>
        <time>2018-09-03T13:26:43Z</time>
        <sat>8</sat>
      </trkpt>
      <trkpt lat="40.606136" lon="-0.007084">
        <ele>925.9</ele>
        <time>2018-09-03T13:26:57Z</time>
        <sat>8</sat>
      </trkpt>
      <trkpt lat="40.606505" lon="-0.007485">
        <ele>931.0</ele>
        <time>2018-09-03T13:27:32Z</time>
        <sat>8</sat>
      </trkpt>
      <trkpt lat="40.606776" lon="-0.007844">
        <ele>934.8</ele>
        <time>2018-09-03T13:28:00Z</time>
        <sat>8</sat>
      </trkpt>
      <trkpt lat="40.606857" lon="-0.007922">
        <ele>935.4</ele>
        <time>2018-09-03T13:28:07Z</time>
        <sat>8</sat>
      </trkpt>
      <trkpt lat="40.606918" lon="-0.008035">
        <ele>937.4</ele>
        <time>2018-09-03T13:28:15Z</time>
        <sat>8</sat>
      </trkpt>
      <trkpt lat="40.607001" lon="-0.008275">
        <ele>941.9</ele>
        <time>2018-09-03T13:28:30Z</time>
        <sat>6</sat>
      </trkpt>
      <trkpt lat="40.607150" lon="-0.008574">
        <ele>946.1</ele>
        <time>2018-09-03T13:28:50Z</time>
        <sat>8</sat>
      </trkpt>
      <trkpt lat="40.607212" lon="-0.008677">
        <ele>948.0</ele>
        <time>2018-09-03T13:28:57Z</time>
        <sat>8</sat>
      </trkpt>
      <trkpt lat="40.607369" lon="-0.008822">
        <ele>948.6</ele>
        <time>2018-09-03T13:29:11Z</time>
        <sat>8</sat>
      </trkpt>
      <trkpt lat="40.607460" lon="-0.008876">
        <ele>948.7</ele>
        <time>2018-09-03T13:29:18Z</time>
        <sat>8</sat>
      </trkpt>
      <trkpt lat="40.607540" lon="-0.008957">
        <ele>950.3</ele>
        <time>2018-09-03T13:29:26Z</time>
        <sat>8</sat>
      </trkpt>
      <trkpt lat="40.607565" lon="-0.009079">
        <ele>953.1</ele>
        <time>2018-09-03T13:29:33Z</time>
        <sat>8</sat>
      </trkpt>
      <trkpt lat="40.607476" lon="-0.009136">
        <ele>954.4</ele>
        <time>2018-09-03T13:29:40Z</time>
        <sat>7</sat>
      </trkpt>
      <trkpt lat="40.607267" lon="-0.009042">
        <ele>954.5</ele>
        <time>2018-09-03T13:29:56Z</time>
        <sat>7</sat>
      </trkpt>
      <trkpt lat="40.607092" lon="-0.009107">
        <ele>956.2</ele>
        <time>2018-09-03T13:30:09Z</time>
        <sat>7</sat>
      </trkpt>
      <trkpt lat="40.606787" lon="-0.009135">
        <ele>956.9</ele>
        <time>2018-09-03T13:30:31Z</time>
        <sat>7</sat>
      </trkpt>
      <trkpt lat="40.606699" lon="-0.009182">
        <ele>957.2</ele>
        <time>2018-09-03T13:30:38Z</time>
        <sat>7</sat>
      </trkpt>
      <trkpt lat="40.606627" lon="-0.009267">
        <ele>957.4</ele>
        <time>2018-09-03T13:30:45Z</time>
        <sat>7</sat>
      </trkpt>
      <trkpt lat="40.606594" lon="-0.009392">
        <ele>957.4</ele>
        <time>2018-09-03T13:30:52Z</time>
        <sat>7</sat>
      </trkpt>
      <trkpt lat="40.606630" lon="-0.009782">
        <ele>957.8</ele>
        <time>2018-09-03T13:31:14Z</time>
        <sat>7</sat>
      </trkpt>
      <trkpt lat="40.606872" lon="-0.010365">
        <ele>957.2</ele>
        <time>2018-09-03T13:31:51Z</time>
        <sat>7</sat>
      </trkpt>
      <trkpt lat="40.606971" lon="-0.010505">
        <ele>957.1</ele>
        <time>2018-09-03T13:32:01Z</time>
        <sat>7</sat>
      </trkpt>
      <trkpt lat="40.607327" lon="-0.010875">
        <ele>953.7</ele>
        <time>2018-09-03T13:32:34Z</time>
        <sat>7</sat>
      </trkpt>
      <trkpt lat="40.607476" lon="-0.011160">
        <ele>953.8</ele>
        <time>2018-09-03T13:32:53Z</time>
        <sat>7</sat>
      </trkpt>
      <trkpt lat="40.608109" lon="-0.012077">
        <ele>943.7</ele>
        <time>2018-09-03T13:34:01Z</time>
        <sat>7</sat>
      </trkpt>
      <trkpt lat="40.608254" lon="-0.012293">
        <ele>939.0</ele>
        <time>2018-09-03T13:34:18Z</time>
        <sat>7</sat>
      </trkpt>
      <trkpt lat="40.608346" lon="-0.012365">
        <ele>938.4</ele>
        <time>2018-09-03T13:34:25Z</time>
        <sat>7</sat>
      </trkpt>
      <trkpt lat="40.608447" lon="-0.012415">
        <ele>938.1</ele>
        <time>2018-09-03T13:34:33Z</time>
        <sat>7</sat>
      </trkpt>
      <trkpt lat="40.608547" lon="-0.012495">
        <ele>937.8</ele>
        <time>2018-09-03T13:34:42Z</time>
        <sat>7</sat>
      </trkpt>
      <trkpt lat="40.608636" lon="-0.012597">
        <ele>938.0</ele>
        <time>2018-09-03T13:34:50Z</time>
        <sat>7</sat>
      </trkpt>
      <trkpt lat="40.608962" lon="-0.013047">
        <ele>928.2</ele>
        <time>2018-09-03T13:35:25Z</time>
        <sat>7</sat>
      </trkpt>
      <trkpt lat="40.609697" lon="-0.013743">
        <ele>915.0</ele>
        <time>2018-09-03T13:36:31Z</time>
        <sat>7</sat>
      </trkpt>
      <trkpt lat="40.610042" lon="-0.013967">
        <ele>910.7</ele>
        <time>2018-09-03T13:36:59Z</time>
        <sat>7</sat>
      </trkpt>
      <trkpt lat="40.610772" lon="-0.014327">
        <ele>897.2</ele>
        <time>2018-09-03T13:37:56Z</time>
        <sat>7</sat>
      </trkpt>
      <trkpt lat="40.611269" lon="-0.014547">
        <ele>889.2</ele>
        <time>2018-09-03T13:38:34Z</time>
        <sat>7</sat>
      </trkpt>
      <trkpt lat="40.611341" lon="-0.014618">
        <ele>887.5</ele>
        <time>2018-09-03T13:38:41Z</time>
        <sat>7</sat>
      </trkpt>
      <trkpt lat="40.611387" lon="-0.014800">
        <ele>883.6</ele>
        <time>2018-09-03T13:38:52Z</time>
        <sat>7</sat>
      </trkpt>
      <trkpt lat="40.611431" lon="-0.015087">
        <ele>881.9</ele>
        <time>2018-09-03T13:39:08Z</time>
        <sat>7</sat>
      </trkpt>
      <trkpt lat="40.611477" lon="-0.015190">
        <ele>882.0</ele>
        <time>2018-09-03T13:39:15Z</time>
        <sat>7</sat>
      </trkpt>
      <trkpt lat="40.611509" lon="-0.015305">
        <ele>882.1</ele>
        <time>2018-09-03T13:39:21Z</time>
        <sat>7</sat>
      </trkpt>
      <trkpt lat="40.611526" lon="-0.015562">
        <ele>882.4</ele>
        <time>2018-09-03T13:39:35Z</time>
        <sat>6</sat>
      </trkpt>
      <trkpt lat="40.611509" lon="-0.015685">
        <ele>883.0</ele>
        <time>2018-09-03T13:39:42Z</time>
        <sat>6</sat>
      </trkpt>
      <trkpt lat="40.611452" lon="-0.015916">
        <ele>884.9</ele>
        <time>2018-09-03T13:39:56Z</time>
        <sat>6</sat>
      </trkpt>
      <trkpt lat="40.611414" lon="-0.016025">
        <ele>886.2</ele>
        <time>2018-09-03T13:40:02Z</time>
        <sat>6</sat>
      </trkpt>
      <trkpt lat="40.611509" lon="-0.016021">
        <ele>887.5</ele>
        <time>2018-09-03T13:40:09Z</time>
        <sat>6</sat>
      </trkpt>
      <trkpt lat="40.611907" lon="-0.015638">
        <ele>886.9</ele>
        <time>2018-09-03T13:40:45Z</time>
        <sat>6</sat>
      </trkpt>
      <trkpt lat="40.611988" lon="-0.015579">
        <ele>888.1</ele>
        <time>2018-09-03T13:40:52Z</time>
        <sat>6</sat>
      </trkpt>
      <trkpt lat="40.612272" lon="-0.015254">
        <ele>891.1</ele>
        <time>2018-09-03T13:41:19Z</time>
        <sat>7</sat>
      </trkpt>
      <trkpt lat="40.612512" lon="-0.014858">
        <ele>896.0</ele>
        <time>2018-09-03T13:41:47Z</time>
        <sat>8</sat>
      </trkpt>
      <trkpt lat="40.612512" lon="-0.014858">
        <ele>896.0</ele>
        <time>2018-09-03T13:41:47Z</time>
        <sat>8</sat>
      </trkpt>
      <trkpt lat="40.612597" lon="-0.014808">
        <ele>896.1</ele>
        <time>2018-09-03T13:41:54Z</time>
        <sat>7</sat>
      </trkpt>
      <trkpt lat="40.613014" lon="-0.014415">
        <ele>892.2</ele>
        <time>2018-09-03T13:42:31Z</time>
        <sat>6</sat>
      </trkpt>
      <trkpt lat="40.613254" lon="-0.014197">
        <ele>889.0</ele>
        <time>2018-09-03T13:42:52Z</time>
        <sat>6</sat>
      </trkpt>
      <trkpt lat="40.613430" lon="-0.014097">
        <ele>889.7</ele>
        <time>2018-09-03T13:43:06Z</time>
        <sat>6</sat>
      </trkpt>
      <trkpt lat="40.613785" lon="-0.013818">
        <ele>888.8</ele>
        <time>2018-09-03T13:43:36Z</time>
        <sat>6</sat>
      </trkpt>
      <trkpt lat="40.614076" lon="-0.013490">
        <ele>880.4</ele>
        <time>2018-09-03T13:44:04Z</time>
        <sat>5</sat>
      </trkpt>
      <trkpt lat="40.614144" lon="-0.013267">
        <ele>873.5</ele>
        <time>2018-09-03T13:44:18Z</time>
        <sat>5</sat>
      </trkpt>
      <trkpt lat="40.614207" lon="-0.013150">
        <ele>871.1</ele>
        <time>2018-09-03T13:44:26Z</time>
        <sat>5</sat>
      </trkpt>
      <trkpt lat="40.614316" lon="-0.013090">
        <ele>871.1</ele>
        <time>2018-09-03T13:44:35Z</time>
        <sat>5</sat>
      </trkpt>
      <trkpt lat="40.614479" lon="-0.012904">
        <ele>865.6</ele>
        <time>2018-09-03T13:44:51Z</time>
        <sat>5</sat>
      </trkpt>
      <trkpt lat="40.614677" lon="-0.012843">
        <ele>864.1</ele>
        <time>2018-09-03T13:45:06Z</time>
        <sat>5</sat>
      </trkpt>
      <trkpt lat="40.614805" lon="-0.012872">
        <ele>863.2</ele>
        <time>2018-09-03T13:45:15Z</time>
        <sat>5</sat>
      </trkpt>
      <trkpt lat="40.614890" lon="-0.012917">
        <ele>863.2</ele>
        <time>2018-09-03T13:45:22Z</time>
        <sat>5</sat>
      </trkpt>
      <trkpt lat="40.614967" lon="-0.012983">
        <ele>864.1</ele>
        <time>2018-09-03T13:45:28Z</time>
        <sat>5</sat>
      </trkpt>
      <trkpt lat="40.615056" lon="-0.013015">
        <ele>864.0</ele>
        <time>2018-09-03T13:45:35Z</time>
        <sat>5</sat>
      </trkpt>
      <trkpt lat="40.615139" lon="-0.013075">
        <ele>865.6</ele>
        <time>2018-09-03T13:45:42Z</time>
        <sat>5</sat>
      </trkpt>
      <trkpt lat="40.615227" lon="-0.013109">
        <ele>866.3</ele>
        <time>2018-09-03T13:45:49Z</time>
        <sat>5</sat>
      </trkpt>
      <trkpt lat="40.615322" lon="-0.013094">
        <ele>865.4</ele>
        <time>2018-09-03T13:45:56Z</time>
        <sat>5</sat>
      </trkpt>
      <trkpt lat="40.615430" lon="-0.013120">
        <ele>865.5</ele>
        <time>2018-09-03T13:46:04Z</time>
        <sat>5</sat>
      </trkpt>
      <trkpt lat="40.616052" lon="-0.013114">
        <ele>863.7</ele>
        <time>2018-09-03T13:46:49Z</time>
        <sat>5</sat>
      </trkpt>
      <trkpt lat="40.616239" lon="-0.012990">
        <ele>860.1</ele>
        <time>2018-09-03T13:47:04Z</time>
        <sat>6</sat>
      </trkpt>
      <trkpt lat="40.616766" lon="-0.012992">
        <ele>858.5</ele>
        <time>2018-09-03T13:47:42Z</time>
        <sat>6</sat>
      </trkpt>
      <trkpt lat="40.617370" lon="-0.013027">
        <ele>856.6</ele>
        <time>2018-09-03T13:48:26Z</time>
        <sat>7</sat>
      </trkpt>
      <trkpt lat="40.617464" lon="-0.013092">
        <ele>858.0</ele>
        <time>2018-09-03T13:48:34Z</time>
        <sat>7</sat>
      </trkpt>
      <trkpt lat="40.617577" lon="-0.013345">
        <ele>859.8</ele>
        <time>2018-09-03T13:48:50Z</time>
        <sat>7</sat>
      </trkpt>
      <trkpt lat="40.617866" lon="-0.013722">
        <ele>857.3</ele>
        <time>2018-09-03T13:49:19Z</time>
        <sat>7</sat>
      </trkpt>
      <trkpt lat="40.617952" lon="-0.013962">
        <ele>855.8</ele>
        <time>2018-09-03T13:49:34Z</time>
        <sat>7</sat>
      </trkpt>
      <trkpt lat="40.618074" lon="-0.014182">
        <ele>856.4</ele>
        <time>2018-09-03T13:49:49Z</time>
        <sat>7</sat>
      </trkpt>
      <trkpt lat="40.618235" lon="-0.014345">
        <ele>857.8</ele>
        <time>2018-09-03T13:50:03Z</time>
        <sat>7</sat>
      </trkpt>
      <trkpt lat="40.618384" lon="-0.014535">
        <ele>855.6</ele>
        <time>2018-09-03T13:50:19Z</time>
        <sat>7</sat>
      </trkpt>
      <trkpt lat="40.618541" lon="-0.014683">
        <ele>856.8</ele>
        <time>2018-09-03T13:50:33Z</time>
        <sat>7</sat>
      </trkpt>
      <trkpt lat="40.618600" lon="-0.014772">
        <ele>856.9</ele>
        <time>2018-09-03T13:50:39Z</time>
        <sat>7</sat>
      </trkpt>
      <trkpt lat="40.618826" lon="-0.015223">
        <ele>855.6</ele>
        <time>2018-09-03T13:51:09Z</time>
        <sat>7</sat>
      </trkpt>
      <trkpt lat="40.618891" lon="-0.015479">
        <ele>861.2</ele>
        <time>2018-09-03T13:51:24Z</time>
        <sat>6</sat>
      </trkpt>
      <trkpt lat="40.618927" lon="-0.015588">
        <ele>862.6</ele>
        <time>2018-09-03T13:51:31Z</time>
        <sat>7</sat>
      </trkpt>
      <trkpt lat="40.618910" lon="-0.015810">
        <ele>863.2</ele>
        <time>2018-09-03T13:51:43Z</time>
        <sat>7</sat>
      </trkpt>
      <trkpt lat="40.619102" lon="-0.016263">
        <ele>860.9</ele>
        <time>2018-09-03T13:52:11Z</time>
        <sat>7</sat>
      </trkpt>
      <trkpt lat="40.619169" lon="-0.016511">
        <ele>861.0</ele>
        <time>2018-09-03T13:52:26Z</time>
        <sat>7</sat>
      </trkpt>
      <trkpt lat="40.619241" lon="-0.016595">
        <ele>860.1</ele>
        <time>2018-09-03T13:52:33Z</time>
        <sat>7</sat>
      </trkpt>
      <trkpt lat="40.619553" lon="-0.016823">
        <ele>857.8</ele>
        <time>2018-09-03T13:52:59Z</time>
        <sat>7</sat>
      </trkpt>
      <trkpt lat="40.619659" lon="-0.016860">
        <ele>856.5</ele>
        <time>2018-09-03T13:53:07Z</time>
        <sat>7</sat>
      </trkpt>
      <trkpt lat="40.619744" lon="-0.016948">
        <ele>857.9</ele>
        <time>2018-09-03T13:53:15Z</time>
        <sat>7</sat>
      </trkpt>
      <trkpt lat="40.619808" lon="-0.017058">
        <ele>859.9</ele>
        <time>2018-09-03T13:53:22Z</time>
        <sat>7</sat>
      </trkpt>
      <trkpt lat="40.619866" lon="-0.016973">
        <ele>854.0</ele>
        <time>2018-09-03T13:53:30Z</time>
        <sat>7</sat>
      </trkpt>
      <trkpt lat="40.619999" lon="-0.017326">
        <ele>858.8</ele>
        <time>2018-09-03T13:53:52Z</time>
        <sat>6</sat>
      </trkpt>
      <trkpt lat="40.620084" lon="-0.017412">
        <ele>857.9</ele>
        <time>2018-09-03T13:53:59Z</time>
        <sat>6</sat>
      </trkpt>
      <trkpt lat="40.620069" lon="-0.017677">
        <ele>859.5</ele>
        <time>2018-09-03T13:54:14Z</time>
        <sat>6</sat>
      </trkpt>
      <trkpt lat="40.620092" lon="-0.018036">
        <ele>858.6</ele>
        <time>2018-09-03T13:54:34Z</time>
        <sat>6</sat>
      </trkpt>
      <trkpt lat="40.620207" lon="-0.018140">
        <ele>860.8</ele>
        <time>2018-09-03T13:54:44Z</time>
        <sat>7</sat>
      </trkpt>
      <trkpt lat="40.620337" lon="-0.018202">
        <ele>861.5</ele>
        <time>2018-09-03T13:54:54Z</time>
        <sat>7</sat>
      </trkpt>
      <trkpt lat="40.621039" lon="-0.018477">
        <ele>854.3</ele>
        <time>2018-09-03T13:55:47Z</time>
        <sat>7</sat>
      </trkpt>
      <trkpt lat="40.621123" lon="-0.018604">
        <ele>854.3</ele>
        <time>2018-09-03T13:55:56Z</time>
        <sat>7</sat>
      </trkpt>
      <trkpt lat="40.621205" lon="-0.018689">
        <ele>855.9</ele>
        <time>2018-09-03T13:56:04Z</time>
        <sat>7</sat>
      </trkpt>
      <trkpt lat="40.621387" lon="-0.018920">
        <ele>860.8</ele>
        <time>2018-09-03T13:56:23Z</time>
        <sat>7</sat>
      </trkpt>
      <trkpt lat="40.621489" lon="-0.019081">
        <ele>863.3</ele>
        <time>2018-09-03T13:56:34Z</time>
        <sat>7</sat>
      </trkpt>
      <trkpt lat="40.621670" lon="-0.019205">
        <ele>860.1</ele>
        <time>2018-09-03T13:56:49Z</time>
        <sat>6</sat>
      </trkpt>
      <trkpt lat="40.622224" lon="-0.019542">
        <ele>865.2</ele>
        <time>2018-09-03T13:57:33Z</time>
        <sat>7</sat>
      </trkpt>
      <trkpt lat="40.622635" lon="-0.019953">
        <ele>866.5</ele>
        <time>2018-09-03T13:58:11Z</time>
        <sat>6</sat>
      </trkpt>
      <trkpt lat="40.622635" lon="-0.019959">
        <ele>867.1</ele>
        <time>2018-09-03T13:58:11Z</time>
      </trkpt>
      <trkpt lat="40.622738" lon="-0.020067">
        <ele>866.7</ele>
        <time>2018-09-03T13:58:21Z</time>
      </trkpt>
      <trkpt lat="40.622788" lon="-0.020156">
        <ele>866.5</ele>
        <time>2018-09-03T13:58:27Z</time>
      </trkpt>
      <trkpt lat="40.622799" lon="-0.020258">
        <ele>867.6</ele>
        <time>2018-09-03T13:58:33Z</time>
      </trkpt>
      <trkpt lat="40.623202" lon="-0.020850">
        <ele>865.9</ele>
        <time>2018-09-03T13:59:16Z</time>
      </trkpt>
      <trkpt lat="40.623225" lon="-0.020844">
        <ele>866.0</ele>
        <time>2018-09-03T13:59:18Z</time>
      </trkpt>
      <trkpt lat="40.623304" lon="-0.020932">
        <ele>867.2</ele>
        <time>2018-09-03T13:59:26Z</time>
      </trkpt>
      <trkpt lat="40.623187" lon="-0.020961">
        <ele>869.0</ele>
        <time>2018-09-03T13:59:34Z</time>
      </trkpt>
      <trkpt lat="40.622708" lon="-0.020717">
        <ele>880.6</ele>
        <time>2018-09-03T14:00:12Z</time>
      </trkpt>
      <trkpt lat="40.622566" lon="-0.020518">
        <ele>878.6</ele>
        <time>2018-09-03T14:00:27Z</time>
      </trkpt>
      <trkpt lat="40.622518" lon="-0.020700">
        <ele>887.2</ele>
        <time>2018-09-03T14:00:39Z</time>
      </trkpt>
      <trkpt lat="40.622596" lon="-0.021005">
        <ele>889.9</ele>
        <time>2018-09-03T14:00:57Z</time>
      </trkpt>
      <trkpt lat="40.622739" lon="-0.021286">
        <ele>886.3</ele>
        <time>2018-09-03T14:01:16Z</time>
      </trkpt>
      <trkpt lat="40.623123" lon="-0.021722">
        <ele>885.3</ele>
        <time>2018-09-03T14:01:52Z</time>
      </trkpt>
      <trkpt lat="40.623755" lon="-0.021833">
        <ele>882.9</ele>
        <time>2018-09-03T14:02:39Z</time>
      </trkpt>
      <trkpt lat="40.624079" lon="-0.022162">
        <ele>881.0</ele>
        <time>2018-09-03T14:03:08Z</time>
      </trkpt>
      <trkpt lat="40.624472" lon="-0.022950">
        <ele>884.8</ele>
        <time>2018-09-03T14:04:00Z</time>
      </trkpt>
      <trkpt lat="40.624781" lon="-0.023293">
        <ele>885.1</ele>
        <time>2018-09-03T14:04:29Z</time>
      </trkpt>
      <trkpt lat="40.625050" lon="-0.023421">
        <ele>883.0</ele>
        <time>2018-09-03T14:04:50Z</time>
        <sat>11</sat>
      </trkpt>
      <trkpt lat="40.625263" lon="-0.023665">
        <ele>883.9</ele>
        <time>2018-09-03T14:05:11Z</time>
      </trkpt>
      <trkpt lat="40.625280" lon="-0.023789">
        <ele>886.2</ele>
        <time>2018-09-03T14:05:18Z</time>
        <sat>11</sat>
      </trkpt>
      <trkpt lat="40.625275" lon="-0.023798">
        <ele>886.5</ele>
        <time>2018-09-03T14:05:18Z</time>
        <sat>8</sat>
      </trkpt>
      <trkpt lat="40.625265" lon="-0.023917">
        <ele>888.1</ele>
        <time>2018-09-03T14:05:25Z</time>
        <sat>8</sat>
      </trkpt>
      <trkpt lat="40.625246" lon="-0.024056">
        <ele>889.5</ele>
        <time>2018-09-03T14:05:33Z</time>
        <sat>8</sat>
      </trkpt>
      <trkpt lat="40.625214" lon="-0.024178">
        <ele>890.7</ele>
        <time>2018-09-03T14:05:40Z</time>
        <sat>8</sat>
      </trkpt>
      <trkpt lat="40.625192" lon="-0.024309">
        <ele>891.8</ele>
        <time>2018-09-03T14:05:47Z</time>
        <sat>7</sat>
      </trkpt>
      <trkpt lat="40.625187" lon="-0.024445">
        <ele>891.7</ele>
        <time>2018-09-03T14:05:55Z</time>
        <sat>7</sat>
      </trkpt>
      <trkpt lat="40.625170" lon="-0.024579">
        <ele>892.1</ele>
        <time>2018-09-03T14:06:02Z</time>
        <sat>7</sat>
      </trkpt>
      <trkpt lat="40.625147" lon="-0.024713">
        <ele>892.9</ele>
        <time>2018-09-03T14:06:10Z</time>
        <sat>6</sat>
      </trkpt>
      <trkpt lat="40.625124" lon="-0.024833">
        <ele>894.4</ele>
        <time>2018-09-03T14:06:17Z</time>
        <sat>6</sat>
      </trkpt>
      <trkpt lat="40.625084" lon="-0.024949">
        <ele>895.8</ele>
        <time>2018-09-03T14:06:24Z</time>
        <sat>6</sat>
      </trkpt>
      <trkpt lat="40.625052" lon="-0.025076">
        <ele>897.0</ele>
        <time>2018-09-03T14:06:31Z</time>
        <sat>6</sat>
      </trkpt>
      <trkpt lat="40.625040" lon="-0.025210">
        <ele>896.5</ele>
        <time>2018-09-03T14:06:39Z</time>
        <sat>6</sat>
      </trkpt>
      <trkpt lat="40.625065" lon="-0.025335">
        <ele>896.4</ele>
        <time>2018-09-03T14:06:46Z</time>
        <sat>6</sat>
      </trkpt>
      <trkpt lat="40.625099" lon="-0.025450">
        <ele>896.6</ele>
        <time>2018-09-03T14:06:52Z</time>
        <sat>5</sat>
      </trkpt>
      <trkpt lat="40.625157" lon="-0.025560">
        <ele>897.9</ele>
        <time>2018-09-03T14:07:00Z</time>
        <sat>5</sat>
      </trkpt>
      <trkpt lat="40.625234" lon="-0.025658">
        <ele>897.3</ele>
        <time>2018-09-03T14:07:08Z</time>
        <sat>5</sat>
      </trkpt>
      <trkpt lat="40.625304" lon="-0.025756">
        <ele>897.5</ele>
        <time>2018-09-03T14:07:15Z</time>
        <sat>5</sat>
      </trkpt>
      <trkpt lat="40.625367" lon="-0.025864">
        <ele>899.5</ele>
        <time>2018-09-03T14:07:23Z</time>
        <sat>5</sat>
      </trkpt>
      <trkpt lat="40.625427" lon="-0.025953">
        <ele>900.5</ele>
        <time>2018-09-03T14:07:29Z</time>
        <sat>5</sat>
      </trkpt>
      <trkpt lat="40.625486" lon="-0.026046">
        <ele>900.5</ele>
        <time>2018-09-03T14:07:36Z</time>
        <sat>5</sat>
      </trkpt>
      <trkpt lat="40.625547" lon="-0.026132">
        <ele>902.6</ele>
        <time>2018-09-03T14:07:42Z</time>
        <sat>5</sat>
      </trkpt>
      <trkpt lat="40.625614" lon="-0.026236">
        <ele>905.1</ele>
        <time>2018-09-03T14:07:50Z</time>
        <sat>5</sat>
      </trkpt>
      <trkpt lat="40.625689" lon="-0.026318">
        <ele>903.6</ele>
        <time>2018-09-03T14:07:57Z</time>
        <sat>5</sat>
      </trkpt>
      <trkpt lat="40.625759" lon="-0.026399">
        <ele>903.7</ele>
        <time>2018-09-03T14:08:04Z</time>
        <sat>5</sat>
      </trkpt>
      <trkpt lat="40.625832" lon="-0.026486">
        <ele>904.6</ele>
        <time>2018-09-03T14:08:11Z</time>
        <sat>5</sat>
      </trkpt>
      <trkpt lat="40.625891" lon="-0.026618">
        <ele>906.8</ele>
        <time>2018-09-03T14:08:20Z</time>
        <sat>5</sat>
      </trkpt>
      <trkpt lat="40.625927" lon="-0.026731">
        <ele>909.4</ele>
        <time>2018-09-03T14:08:27Z</time>
        <sat>5</sat>
      </trkpt>
      <trkpt lat="40.625969" lon="-0.026858">
        <ele>910.8</ele>
        <time>2018-09-03T14:08:34Z</time>
        <sat>5</sat>
      </trkpt>
      <trkpt lat="40.626019" lon="-0.026968">
        <ele>910.6</ele>
        <time>2018-09-03T14:08:41Z</time>
        <sat>5</sat>
      </trkpt>
      <trkpt lat="40.626102" lon="-0.027063">
        <ele>910.6</ele>
        <time>2018-09-03T14:08:49Z</time>
        <sat>5</sat>
      </trkpt>
      <trkpt lat="40.626193" lon="-0.027121">
        <ele>908.9</ele>
        <time>2018-09-03T14:08:57Z</time>
        <sat>5</sat>
      </trkpt>
      <trkpt lat="40.626281" lon="-0.027176">
        <ele>904.9</ele>
        <time>2018-09-03T14:09:04Z</time>
        <sat>5</sat>
      </trkpt>
      <trkpt lat="40.626369" lon="-0.027255">
        <ele>904.8</ele>
        <time>2018-09-03T14:09:12Z</time>
        <sat>6</sat>
      </trkpt>
      <trkpt lat="40.626449" lon="-0.027346">
        <ele>907.0</ele>
        <time>2018-09-03T14:09:20Z</time>
        <sat>6</sat>
      </trkpt>
      <trkpt lat="40.626522" lon="-0.027418">
        <ele>908.2</ele>
        <time>2018-09-03T14:09:26Z</time>
        <sat>6</sat>
      </trkpt>
      <trkpt lat="40.626589" lon="-0.027501">
        <ele>909.9</ele>
        <time>2018-09-03T14:09:33Z</time>
        <sat>6</sat>
      </trkpt>
      <trkpt lat="40.626666" lon="-0.027604">
        <ele>911.0</ele>
        <time>2018-09-03T14:09:41Z</time>
        <sat>6</sat>
      </trkpt>
      <trkpt lat="40.626734" lon="-0.027728">
        <ele>913.2</ele>
        <time>2018-09-03T14:09:50Z</time>
        <sat>6</sat>
      </trkpt>
      <trkpt lat="40.626801" lon="-0.027839">
        <ele>914.6</ele>
        <time>2018-09-03T14:09:57Z</time>
        <sat>7</sat>
      </trkpt>
      <trkpt lat="40.626855" lon="-0.027939">
        <ele>915.8</ele>
        <time>2018-09-03T14:10:04Z</time>
        <sat>7</sat>
      </trkpt>
      <trkpt lat="40.626931" lon="-0.028038">
        <ele>915.8</ele>
        <time>2018-09-03T14:10:12Z</time>
        <sat>7</sat>
      </trkpt>
      <trkpt lat="40.627009" lon="-0.028118">
        <ele>915.0</ele>
        <time>2018-09-03T14:10:19Z</time>
        <sat>7</sat>
      </trkpt>
      <trkpt lat="40.627070" lon="-0.028208">
        <ele>916.0</ele>
        <time>2018-09-03T14:10:26Z</time>
        <sat>7</sat>
      </trkpt>
      <trkpt lat="40.627149" lon="-0.028301">
        <ele>917.5</ele>
        <time>2018-09-03T14:10:34Z</time>
        <sat>7</sat>
      </trkpt>
      <trkpt lat="40.627209" lon="-0.028393">
        <ele>918.8</ele>
        <time>2018-09-03T14:10:40Z</time>
        <sat>7</sat>
      </trkpt>
      <trkpt lat="40.627274" lon="-0.028489">
        <ele>920.5</ele>
        <time>2018-09-03T14:10:47Z</time>
        <sat>7</sat>
      </trkpt>
      <trkpt lat="40.627314" lon="-0.028616">
        <ele>922.3</ele>
        <time>2018-09-03T14:10:55Z</time>
        <sat>7</sat>
      </trkpt>
      <trkpt lat="40.627356" lon="-0.028753">
        <ele>923.7</ele>
        <time>2018-09-03T14:11:03Z</time>
        <sat>7</sat>
      </trkpt>
      <trkpt lat="40.627376" lon="-0.028883">
        <ele>924.8</ele>
        <time>2018-09-03T14:11:10Z</time>
        <sat>7</sat>
      </trkpt>
      <trkpt lat="40.627405" lon="-0.029014">
        <ele>925.2</ele>
        <time>2018-09-03T14:11:18Z</time>
        <sat>7</sat>
      </trkpt>
      <trkpt lat="40.627437" lon="-0.029138">
        <ele>925.4</ele>
        <time>2018-09-03T14:11:25Z</time>
        <sat>6</sat>
      </trkpt>
      <trkpt lat="40.627472" lon="-0.029267">
        <ele>926.1</ele>
        <time>2018-09-03T14:11:33Z</time>
        <sat>7</sat>
      </trkpt>
      <trkpt lat="40.627476" lon="-0.029416">
        <ele>927.4</ele>
        <time>2018-09-03T14:11:41Z</time>
        <sat>8</sat>
      </trkpt>
      <trkpt lat="40.627466" lon="-0.029551">
        <ele>930.4</ele>
        <time>2018-09-03T14:11:49Z</time>
        <sat>8</sat>
      </trkpt>
      <trkpt lat="40.627464" lon="-0.029683">
        <ele>930.9</ele>
        <time>2018-09-03T14:11:56Z</time>
        <sat>7</sat>
      </trkpt>
      <trkpt lat="40.627466" lon="-0.029810">
        <ele>930.2</ele>
        <time>2018-09-03T14:12:03Z</time>
        <sat>6</sat>
      </trkpt>
      <trkpt lat="40.627464" lon="-0.029950">
        <ele>929.6</ele>
        <time>2018-09-03T14:12:11Z</time>
        <sat>6</sat>
      </trkpt>
      <trkpt lat="40.627462" lon="-0.030089">
        <ele>930.0</ele>
        <time>2018-09-03T14:12:18Z</time>
        <sat>6</sat>
      </trkpt>
      <trkpt lat="40.627472" lon="-0.030238">
        <ele>929.4</ele>
        <time>2018-09-03T14:12:26Z</time>
        <sat>6</sat>
      </trkpt>
      <trkpt lat="40.627471" lon="-0.030378">
        <ele>929.9</ele>
        <time>2018-09-03T14:12:34Z</time>
        <sat>6</sat>
      </trkpt>
      <trkpt lat="40.627454" lon="-0.030541">
        <ele>930.6</ele>
        <time>2018-09-03T14:12:43Z</time>
        <sat>6</sat>
      </trkpt>
      <trkpt lat="40.627467" lon="-0.030700">
        <ele>929.1</ele>
        <time>2018-09-03T14:12:52Z</time>
        <sat>6</sat>
      </trkpt>
      <trkpt lat="40.627481" lon="-0.030851">
        <ele>929.3</ele>
        <time>2018-09-03T14:13:00Z</time>
        <sat>6</sat>
      </trkpt>
      <trkpt lat="40.627497" lon="-0.030968">
        <ele>928.8</ele>
        <time>2018-09-03T14:13:07Z</time>
        <sat>6</sat>
      </trkpt>
      <trkpt lat="40.627514" lon="-0.031099">
        <ele>928.9</ele>
        <time>2018-09-03T14:13:14Z</time>
        <sat>6</sat>
      </trkpt>
      <trkpt lat="40.627509" lon="-0.031223">
        <ele>930.4</ele>
        <time>2018-09-03T14:13:21Z</time>
        <sat>6</sat>
      </trkpt>
      <trkpt lat="40.627509" lon="-0.031353">
        <ele>931.6</ele>
        <time>2018-09-03T14:13:28Z</time>
        <sat>6</sat>
      </trkpt>
      <trkpt lat="40.627566" lon="-0.031456">
        <ele>930.1</ele>
        <time>2018-09-03T14:13:35Z</time>
        <sat>7</sat>
      </trkpt>
      <trkpt lat="40.627542" lon="-0.031599">
        <ele>932.6</ele>
        <time>2018-09-03T14:13:44Z</time>
        <sat>7</sat>
      </trkpt>
      <trkpt lat="40.627543" lon="-0.031837">
        <ele>933.8</ele>
        <time>2018-09-03T14:13:57Z</time>
        <sat>7</sat>
      </trkpt>
      <trkpt lat="40.627566" lon="-0.031972">
        <ele>935.1</ele>
        <time>2018-09-03T14:14:04Z</time>
        <sat>7</sat>
      </trkpt>
      <trkpt lat="40.627681" lon="-0.032063">
        <ele>937.1</ele>
        <time>2018-09-03T14:14:14Z</time>
        <sat>7</sat>
      </trkpt>
      <trkpt lat="40.627785" lon="-0.032084">
        <ele>939.4</ele>
        <time>2018-09-03T14:14:22Z</time>
        <sat>7</sat>
      </trkpt>
      <trkpt lat="40.627864" lon="-0.032113">
        <ele>940.8</ele>
        <time>2018-09-03T14:14:28Z</time>
        <sat>7</sat>
      </trkpt>
      <trkpt lat="40.627950" lon="-0.032186">
        <ele>942.5</ele>
        <time>2018-09-03T14:14:35Z</time>
        <sat>7</sat>
      </trkpt>
      <trkpt lat="40.628025" lon="-0.032260">
        <ele>944.4</ele>
        <time>2018-09-03T14:14:42Z</time>
        <sat>7</sat>
      </trkpt>
      <trkpt lat="40.628097" lon="-0.032399">
        <ele>946.8</ele>
        <time>2018-09-03T14:14:52Z</time>
        <sat>7</sat>
      </trkpt>
      <trkpt lat="40.628035" lon="-0.032466">
        <ele>948.7</ele>
        <time>2018-09-03T14:14:58Z</time>
        <sat>7</sat>
      </trkpt>
      <trkpt lat="40.627976" lon="-0.032443">
        <ele>949.2</ele>
        <time>2018-09-03T14:15:02Z</time>
        <sat>7</sat>
      </trkpt>
      <trkpt lat="40.627878" lon="-0.032454">
        <ele>950.7</ele>
        <time>2018-09-03T14:15:09Z</time>
        <sat>6</sat>
      </trkpt>
      <trkpt lat="40.627785" lon="-0.032464">
        <ele>952.2</ele>
        <time>2018-09-03T14:15:16Z</time>
        <sat>7</sat>
      </trkpt>
      <trkpt lat="40.627687" lon="-0.032462">
        <ele>954.6</ele>
        <time>2018-09-03T14:15:23Z</time>
        <sat>6</sat>
      </trkpt>
      <trkpt lat="40.627593" lon="-0.032453">
        <ele>956.5</ele>
        <time>2018-09-03T14:15:30Z</time>
        <sat>7</sat>
      </trkpt>
      <trkpt lat="40.627504" lon="-0.032406">
        <ele>958.6</ele>
        <time>2018-09-03T14:15:37Z</time>
        <sat>7</sat>
      </trkpt>
      <trkpt lat="40.627405" lon="-0.032378">
        <ele>960.7</ele>
        <time>2018-09-03T14:15:45Z</time>
        <sat>7</sat>
      </trkpt>
      <trkpt lat="40.627317" lon="-0.032369">
        <ele>962.0</ele>
        <time>2018-09-03T14:15:51Z</time>
        <sat>7</sat>
      </trkpt>
      <trkpt lat="40.627218" lon="-0.032354">
        <ele>964.1</ele>
        <time>2018-09-03T14:15:59Z</time>
        <sat>7</sat>
      </trkpt>
      <trkpt lat="40.627129" lon="-0.032326">
        <ele>964.4</ele>
        <time>2018-09-03T14:16:05Z</time>
        <sat>7</sat>
      </trkpt>
      <trkpt lat="40.627040" lon="-0.032304">
        <ele>965.9</ele>
        <time>2018-09-03T14:16:12Z</time>
        <sat>7</sat>
      </trkpt>
      <trkpt lat="40.626951" lon="-0.032275">
        <ele>963.8</ele>
        <time>2018-09-03T14:16:12Z</time>
        <sat>7</sat>
      </trkpt>
      <trkpt lat="40.626860" lon="-0.032338">
        <ele>964.2</ele>
        <time>2018-09-03T14:16:19Z</time>
        <sat>7</sat>
      </trkpt>
      <trkpt lat="40.626778" lon="-0.032425">
        <ele>965.0</ele>
        <time>2018-09-03T14:16:27Z</time>
        <sat>7</sat>
      </trkpt>
      <trkpt lat="40.626778" lon="-0.032425">
        <ele>965.0</ele>
        <time>2018-09-03T14:16:27Z</time>
        <sat>7</sat>
      </trkpt>
      <trkpt lat="40.626696" lon="-0.032434">
        <ele>965.5</ele>
        <time>2018-09-03T14:16:33Z</time>
        <sat>7</sat>
      </trkpt>
      <trkpt lat="40.626643" lon="-0.032441">
        <ele>965.6</ele>
        <time>2018-09-03T14:16:37Z</time>
        <sat>7</sat>
      </trkpt>
      <trkpt lat="40.626585" lon="-0.032448">
        <ele>966.0</ele>
        <time>2018-09-03T14:16:41Z</time>
        <sat>7</sat>
      </trkpt>
      <trkpt lat="40.626520" lon="-0.032451">
        <ele>966.3</ele>
        <time>2018-09-03T14:16:46Z</time>
        <sat>7</sat>
      </trkpt>
      <trkpt lat="40.626449" lon="-0.032470">
        <ele>967.1</ele>
        <time>2018-09-03T14:16:51Z</time>
        <sat>8</sat>
      </trkpt>
      <trkpt lat="40.626314" lon="-0.032463">
        <ele>967.3</ele>
        <time>2018-09-03T14:17:01Z</time>
        <sat>8</sat>
      </trkpt>
      <trkpt lat="40.626197" lon="-0.032446">
        <ele>967.3</ele>
        <time>2018-09-03T14:17:09Z</time>
        <sat>8</sat>
      </trkpt>
      <trkpt lat="40.626094" lon="-0.032419">
        <ele>967.8</ele>
        <time>2018-09-03T14:17:17Z</time>
        <sat>8</sat>
      </trkpt>
      <trkpt lat="40.625973" lon="-0.032430">
        <ele>968.5</ele>
        <time>2018-09-03T14:17:26Z</time>
        <sat>8</sat>
      </trkpt>
      <trkpt lat="40.625855" lon="-0.032387">
        <ele>968.4</ele>
        <time>2018-09-03T14:17:35Z</time>
        <sat>8</sat>
      </trkpt>
      <trkpt lat="40.625786" lon="-0.032336">
        <ele>968.8</ele>
        <time>2018-09-03T14:17:40Z</time>
        <sat>8</sat>
      </trkpt>
      <trkpt lat="40.625674" lon="-0.032316">
        <ele>969.2</ele>
        <time>2018-09-03T14:17:48Z</time>
        <sat>9</sat>
      </trkpt>
      <trkpt lat="40.625581" lon="-0.032301">
        <ele>969.7</ele>
        <time>2018-09-03T14:17:55Z</time>
        <sat>9</sat>
      </trkpt>
      <trkpt lat="40.625474" lon="-0.032280">
        <ele>969.8</ele>
        <time>2018-09-03T14:18:03Z</time>
        <sat>9</sat>
      </trkpt>
      <trkpt lat="40.625362" lon="-0.032260">
        <ele>970.3</ele>
        <time>2018-09-03T14:18:11Z</time>
        <sat>9</sat>
      </trkpt>
      <trkpt lat="40.625269" lon="-0.032232">
        <ele>970.6</ele>
        <time>2018-09-03T14:18:18Z</time>
        <sat>9</sat>
      </trkpt>
      <trkpt lat="40.625171" lon="-0.032204">
        <ele>971.3</ele>
        <time>2018-09-03T14:18:25Z</time>
        <sat>9</sat>
      </trkpt>
      <trkpt lat="40.625066" lon="-0.032251">
        <ele>972.0</ele>
        <time>2018-09-03T14:18:33Z</time>
        <sat>9</sat>
      </trkpt>
      <trkpt lat="40.624945" lon="-0.032342">
        <ele>973.5</ele>
        <time>2018-09-03T14:18:44Z</time>
        <sat>9</sat>
      </trkpt>
      <trkpt lat="40.624901" lon="-0.032438">
        <ele>973.6</ele>
        <time>2018-09-03T14:18:50Z</time>
        <sat>9</sat>
      </trkpt>
      <trkpt lat="40.624903" lon="-0.032436">
        <ele>973.6</ele>
        <time>2018-09-03T14:18:50Z</time>
        <sat>9</sat>
      </trkpt>
      <trkpt lat="40.624911" lon="-0.032492">
        <ele>973.9</ele>
        <time>2018-09-03T14:18:53Z</time>
      </trkpt>
      <trkpt lat="40.624884" lon="-0.032644">
        <ele>975.1</ele>
        <time>2018-09-03T14:19:02Z</time>
      </trkpt>
      <trkpt lat="40.624773" lon="-0.032945">
        <ele>976.5</ele>
        <time>2018-09-03T14:19:20Z</time>
      </trkpt>
      <trkpt lat="40.624658" lon="-0.032994">
        <ele>977.2</ele>
        <time>2018-09-03T14:19:29Z</time>
      </trkpt>
      <trkpt lat="40.624650" lon="-0.033114">
        <ele>979.2</ele>
        <time>2018-09-03T14:19:35Z</time>
      </trkpt>
      <trkpt lat="40.624678" lon="-0.033266">
        <ele>981.8</ele>
        <time>2018-09-03T14:19:44Z</time>
      </trkpt>
      <trkpt lat="40.624661" lon="-0.033391">
        <ele>982.0</ele>
        <time>2018-09-03T14:19:51Z</time>
      </trkpt>
      <trkpt lat="40.624619" lon="-0.033505">
        <ele>982.7</ele>
        <time>2018-09-03T14:19:58Z</time>
      </trkpt>
      <trkpt lat="40.624563" lon="-0.033656">
        <ele>983.6</ele>
        <time>2018-09-03T14:20:07Z</time>
      </trkpt>
      <trkpt lat="40.624483" lon="-0.033720">
        <ele>983.3</ele>
        <time>2018-09-03T14:20:14Z</time>
      </trkpt>
      <trkpt lat="40.624456" lon="-0.033836">
        <ele>984.3</ele>
        <time>2018-09-03T14:20:21Z</time>
      </trkpt>
      <trkpt lat="40.624397" lon="-0.033934">
        <ele>984.6</ele>
        <time>2018-09-03T14:20:28Z</time>
      </trkpt>
      <trkpt lat="40.624340" lon="-0.034034">
        <ele>985.3</ele>
        <time>2018-09-03T14:20:35Z</time>
      </trkpt>
      <trkpt lat="40.624297" lon="-0.034148">
        <ele>986.6</ele>
        <time>2018-09-03T14:20:42Z</time>
      </trkpt>
      <trkpt lat="40.624256" lon="-0.034253">
        <ele>987.9</ele>
        <time>2018-09-03T14:20:48Z</time>
      </trkpt>
      <trkpt lat="40.624146" lon="-0.034382">
        <ele>988.9</ele>
        <time>2018-09-03T14:20:59Z</time>
      </trkpt>
      <trkpt lat="40.624102" lon="-0.034489">
        <ele>990.3</ele>
        <time>2018-09-03T14:21:06Z</time>
      </trkpt>
      <trkpt lat="40.624069" lon="-0.034606">
        <ele>990.7</ele>
        <time>2018-09-03T14:21:13Z</time>
      </trkpt>
      <trkpt lat="40.624048" lon="-0.034725">
        <ele>991.6</ele>
        <time>2018-09-03T14:21:19Z</time>
      </trkpt>
      <trkpt lat="40.624022" lon="-0.034840">
        <ele>993.2</ele>
        <time>2018-09-03T14:21:26Z</time>
      </trkpt>
      <trkpt lat="40.623974" lon="-0.035089">
        <ele>996.0</ele>
        <time>2018-09-03T14:21:40Z</time>
      </trkpt>
      <trkpt lat="40.623972" lon="-0.035210">
        <ele>997.0</ele>
        <time>2018-09-03T14:21:47Z</time>
      </trkpt>
      <trkpt lat="40.623927" lon="-0.035325">
        <ele>998.2</ele>
        <time>2018-09-03T14:21:54Z</time>
      </trkpt>
      <trkpt lat="40.623894" lon="-0.035442">
        <ele>999.3</ele>
        <time>2018-09-03T14:22:01Z</time>
      </trkpt>
      <trkpt lat="40.623884" lon="-0.035562">
        <ele>1000.7</ele>
        <time>2018-09-03T14:22:08Z</time>
      </trkpt>
      <trkpt lat="40.623839" lon="-0.035672">
        <ele>1002.0</ele>
        <time>2018-09-03T14:22:15Z</time>
      </trkpt>
      <trkpt lat="40.623801" lon="-0.035916">
        <ele>1004.3</ele>
        <time>2018-09-03T14:22:28Z</time>
      </trkpt>
      <trkpt lat="40.623764" lon="-0.036033">
        <ele>1005.7</ele>
        <time>2018-09-03T14:22:35Z</time>
      </trkpt>
      <trkpt lat="40.623731" lon="-0.036275">
        <ele>1008.4</ele>
        <time>2018-09-03T14:22:49Z</time>
      </trkpt>
      <trkpt lat="40.623693" lon="-0.036383">
        <ele>1011.4</ele>
        <time>2018-09-03T14:22:56Z</time>
      </trkpt>
      <trkpt lat="40.623664" lon="-0.036500">
        <ele>1013.1</ele>
        <time>2018-09-03T14:23:03Z</time>
      </trkpt>
      <trkpt lat="40.623668" lon="-0.036627">
        <ele>1014.5</ele>
        <time>2018-09-03T14:23:10Z</time>
      </trkpt>
      <trkpt lat="40.623593" lon="-0.036840">
        <ele>1018.8</ele>
        <time>2018-09-03T14:23:23Z</time>
      </trkpt>
      <trkpt lat="40.623505" lon="-0.036799">
        <ele>1021.4</ele>
        <time>2018-09-03T14:23:30Z</time>
      </trkpt>
      <trkpt lat="40.623453" lon="-0.036701">
        <ele>1024.2</ele>
        <time>2018-09-03T14:23:37Z</time>
      </trkpt>
      <trkpt lat="40.623420" lon="-0.036579">
        <ele>1025.2</ele>
        <time>2018-09-03T14:23:44Z</time>
      </trkpt>
      <trkpt lat="40.623376" lon="-0.036461">
        <ele>1026.8</ele>
        <time>2018-09-03T14:23:51Z</time>
      </trkpt>
      <trkpt lat="40.623301" lon="-0.036230">
        <ele>1029.1</ele>
        <time>2018-09-03T14:24:05Z</time>
      </trkpt>
      <trkpt lat="40.623269" lon="-0.036104">
        <ele>1029.5</ele>
        <time>2018-09-03T14:24:12Z</time>
      </trkpt>
      <trkpt lat="40.623218" lon="-0.035997">
        <ele>1029.7</ele>
        <time>2018-09-03T14:24:19Z</time>
      </trkpt>
      <trkpt lat="40.623153" lon="-0.035897">
        <ele>1029.7</ele>
        <time>2018-09-03T14:24:26Z</time>
      </trkpt>
      <trkpt lat="40.623077" lon="-0.035826">
        <ele>1029.6</ele>
        <time>2018-09-03T14:24:33Z</time>
      </trkpt>
      <trkpt lat="40.623012" lon="-0.035740">
        <ele>1029.2</ele>
        <time>2018-09-03T14:24:40Z</time>
      </trkpt>
      <trkpt lat="40.622860" lon="-0.035589">
        <ele>1029.9</ele>
        <time>2018-09-03T14:24:54Z</time>
      </trkpt>
      <trkpt lat="40.622791" lon="-0.035491">
        <ele>1030.6</ele>
        <time>2018-09-03T14:25:01Z</time>
      </trkpt>
      <trkpt lat="40.622717" lon="-0.035414">
        <ele>1031.4</ele>
        <time>2018-09-03T14:25:08Z</time>
      </trkpt>
      <trkpt lat="40.622686" lon="-0.035527">
        <ele>1034.1</ele>
        <time>2018-09-03T14:25:15Z</time>
      </trkpt>
      <trkpt lat="40.622735" lon="-0.035642">
        <ele>1034.8</ele>
        <time>2018-09-03T14:25:22Z</time>
      </trkpt>
      <trkpt lat="40.622762" lon="-0.035764">
        <ele>1035.8</ele>
        <time>2018-09-03T14:25:29Z</time>
      </trkpt>
      <trkpt lat="40.622840" lon="-0.035985">
        <ele>1038.4</ele>
        <time>2018-09-03T14:25:42Z</time>
      </trkpt>
      <trkpt lat="40.622878" lon="-0.036094">
        <ele>1038.8</ele>
        <time>2018-09-03T14:25:49Z</time>
      </trkpt>
      <trkpt lat="40.622935" lon="-0.036188">
        <ele>1039.2</ele>
        <time>2018-09-03T14:25:56Z</time>
      </trkpt>
      <trkpt lat="40.622968" lon="-0.036317">
        <ele>1041.4</ele>
        <time>2018-09-03T14:26:03Z</time>
      </trkpt>
      <trkpt lat="40.622991" lon="-0.036552">
        <ele>1044.6</ele>
        <time>2018-09-03T14:26:16Z</time>
      </trkpt>
      <trkpt lat="40.622971" lon="-0.036676">
        <ele>1045.5</ele>
        <time>2018-09-03T14:26:23Z</time>
      </trkpt>
      <trkpt lat="40.622936" lon="-0.036795">
        <ele>1047.4</ele>
        <time>2018-09-03T14:26:31Z</time>
      </trkpt>
      <trkpt lat="40.622863" lon="-0.037024">
        <ele>1050.5</ele>
        <time>2018-09-03T14:26:44Z</time>
      </trkpt>
      <trkpt lat="40.622807" lon="-0.037126">
        <ele>1052.6</ele>
        <time>2018-09-03T14:26:51Z</time>
      </trkpt>
      <trkpt lat="40.622757" lon="-0.037227">
        <ele>1053.8</ele>
        <time>2018-09-03T14:26:58Z</time>
      </trkpt>
      <trkpt lat="40.622710" lon="-0.037342">
        <ele>1055.2</ele>
        <time>2018-09-03T14:27:05Z</time>
      </trkpt>
      <trkpt lat="40.622698" lon="-0.037471">
        <ele>1055.9</ele>
        <time>2018-09-03T14:27:12Z</time>
      </trkpt>
      <trkpt lat="40.622691" lon="-0.037595">
        <ele>1056.3</ele>
        <time>2018-09-03T14:27:19Z</time>
      </trkpt>
      <trkpt lat="40.622563" lon="-0.037772">
        <ele>1059.4</ele>
        <time>2018-09-03T14:27:33Z</time>
      </trkpt>
      <trkpt lat="40.622502" lon="-0.037872">
        <ele>1060.7</ele>
        <time>2018-09-03T14:27:40Z</time>
      </trkpt>
      <trkpt lat="40.622436" lon="-0.037955">
        <ele>1062.3</ele>
        <time>2018-09-03T14:27:47Z</time>
      </trkpt>
      <trkpt lat="40.622402" lon="-0.038074">
        <ele>1062.9</ele>
        <time>2018-09-03T14:27:54Z</time>
      </trkpt>
      <trkpt lat="40.622314" lon="-0.038141">
        <ele>1064.7</ele>
        <time>2018-09-03T14:28:01Z</time>
      </trkpt>
      <trkpt lat="40.622155" lon="-0.038376">
        <ele>1067.8</ele>
        <time>2018-09-03T14:28:19Z</time>
      </trkpt>
      <trkpt lat="40.622162" lon="-0.038379">
        <ele>1067.7</ele>
        <time>2018-09-03T14:28:19Z</time>
      </trkpt>
      <trkpt lat="40.622162" lon="-0.038381">
        <ele>1067.7</ele>
        <time>2018-09-03T14:28:19Z</time>
        <sat>8</sat>
      </trkpt>
      <trkpt lat="40.622124" lon="-0.038519">
        <ele>1068.2</ele>
        <time>2018-09-03T14:28:27Z</time>
        <sat>8</sat>
      </trkpt>
      <trkpt lat="40.622070" lon="-0.038641">
        <ele>1069.0</ele>
        <time>2018-09-03T14:28:35Z</time>
        <sat>8</sat>
      </trkpt>
      <trkpt lat="40.622031" lon="-0.038760">
        <ele>1069.4</ele>
        <time>2018-09-03T14:28:42Z</time>
        <sat>8</sat>
      </trkpt>
      <trkpt lat="40.622029" lon="-0.038883">
        <ele>1068.1</ele>
        <time>2018-09-03T14:28:48Z</time>
        <sat>8</sat>
      </trkpt>
      <trkpt lat="40.622102" lon="-0.038996">
        <ele>1068.1</ele>
        <time>2018-09-03T14:28:57Z</time>
        <sat>8</sat>
      </trkpt>
      <trkpt lat="40.622189" lon="-0.039087">
        <ele>1068.9</ele>
        <time>2018-09-03T14:29:05Z</time>
        <sat>8</sat>
      </trkpt>
      <trkpt lat="40.622279" lon="-0.039151">
        <ele>1069.0</ele>
        <time>2018-09-03T14:29:12Z</time>
        <sat>8</sat>
      </trkpt>
      <trkpt lat="40.622381" lon="-0.039176">
        <ele>1068.3</ele>
        <time>2018-09-03T14:29:20Z</time>
        <sat>8</sat>
      </trkpt>
      <trkpt lat="40.622472" lon="-0.039193">
        <ele>1068.5</ele>
        <time>2018-09-03T14:29:26Z</time>
        <sat>8</sat>
      </trkpt>
      <trkpt lat="40.622567" lon="-0.039179">
        <ele>1068.6</ele>
        <time>2018-09-03T14:29:33Z</time>
        <sat>8</sat>
      </trkpt>
      <trkpt lat="40.622669" lon="-0.039151">
        <ele>1068.3</ele>
        <time>2018-09-03T14:29:41Z</time>
        <sat>8</sat>
      </trkpt>
      <trkpt lat="40.622764" lon="-0.039127">
        <ele>1068.0</ele>
        <time>2018-09-03T14:29:48Z</time>
        <sat>8</sat>
      </trkpt>
      <trkpt lat="40.622876" lon="-0.039112">
        <ele>1068.9</ele>
        <time>2018-09-03T14:29:56Z</time>
        <sat>8</sat>
      </trkpt>
      <trkpt lat="40.622976" lon="-0.039097">
        <ele>1069.6</ele>
        <time>2018-09-03T14:30:03Z</time>
        <sat>8</sat>
      </trkpt>
      <trkpt lat="40.623074" lon="-0.039087">
        <ele>1070.4</ele>
        <time>2018-09-03T14:30:10Z</time>
        <sat>8</sat>
      </trkpt>
      <trkpt lat="40.623164" lon="-0.039066">
        <ele>1070.8</ele>
        <time>2018-09-03T14:30:17Z</time>
        <sat>8</sat>
      </trkpt>
      <trkpt lat="40.623254" lon="-0.039019">
        <ele>1072.7</ele>
        <time>2018-09-03T14:30:24Z</time>
        <sat>8</sat>
      </trkpt>
      <trkpt lat="40.623254" lon="-0.039019">
        <ele>1072.7</ele>
        <time>2018-09-03T14:30:24Z</time>
        <sat>8</sat>
      </trkpt>
      <trkpt lat="40.623354" lon="-0.038979">
        <ele>1075.8</ele>
        <time>2018-09-03T14:30:32Z</time>
        <sat>8</sat>
      </trkpt>
      <trkpt lat="40.623453" lon="-0.038971">
        <ele>1077.4</ele>
        <time>2018-09-03T14:30:39Z</time>
        <sat>8</sat>
      </trkpt>
      <trkpt lat="40.623534" lon="-0.039034">
        <ele>1079.3</ele>
        <time>2018-09-03T14:30:46Z</time>
        <sat>8</sat>
      </trkpt>
      <trkpt lat="40.623534" lon="-0.039164">
        <ele>1081.4</ele>
        <time>2018-09-03T14:30:53Z</time>
        <sat>8</sat>
      </trkpt>
      <trkpt lat="40.623491" lon="-0.039276">
        <ele>1082.9</ele>
        <time>2018-09-03T14:31:00Z</time>
        <sat>8</sat>
      </trkpt>
      <trkpt lat="40.623468" lon="-0.039394">
        <ele>1084.7</ele>
        <time>2018-09-03T14:31:07Z</time>
        <sat>8</sat>
      </trkpt>
      <trkpt lat="40.623409" lon="-0.039494">
        <ele>1085.9</ele>
        <time>2018-09-03T14:31:14Z</time>
        <sat>8</sat>
      </trkpt>
      <trkpt lat="40.623356" lon="-0.039591">
        <ele>1087.2</ele>
        <time>2018-09-03T14:31:21Z</time>
        <sat>8</sat>
      </trkpt>
      <trkpt lat="40.623274" lon="-0.039672">
        <ele>1088.4</ele>
        <time>2018-09-03T14:31:28Z</time>
        <sat>8</sat>
      </trkpt>
      <trkpt lat="40.623189" lon="-0.039739">
        <ele>1089.6</ele>
        <time>2018-09-03T14:31:35Z</time>
        <sat>8</sat>
      </trkpt>
      <trkpt lat="40.623105" lon="-0.039804">
        <ele>1090.9</ele>
        <time>2018-09-03T14:31:43Z</time>
        <sat>8</sat>
      </trkpt>
      <trkpt lat="40.623019" lon="-0.039874">
        <ele>1092.4</ele>
        <time>2018-09-03T14:31:50Z</time>
        <sat>8</sat>
      </trkpt>
      <trkpt lat="40.622932" lon="-0.039931">
        <ele>1093.3</ele>
        <time>2018-09-03T14:31:57Z</time>
        <sat>8</sat>
      </trkpt>
      <trkpt lat="40.622857" lon="-0.040011">
        <ele>1094.4</ele>
        <time>2018-09-03T14:32:04Z</time>
        <sat>8</sat>
      </trkpt>
      <trkpt lat="40.622787" lon="-0.040103">
        <ele>1095.8</ele>
        <time>2018-09-03T14:32:11Z</time>
        <sat>8</sat>
      </trkpt>
      <trkpt lat="40.622721" lon="-0.040188">
        <ele>1096.9</ele>
        <time>2018-09-03T14:32:18Z</time>
        <sat>8</sat>
      </trkpt>
      <trkpt lat="40.622649" lon="-0.040271">
        <ele>1098.5</ele>
        <time>2018-09-03T14:32:25Z</time>
        <sat>8</sat>
      </trkpt>
      <trkpt lat="40.622562" lon="-0.040328">
        <ele>1099.0</ele>
        <time>2018-09-03T14:32:32Z</time>
        <sat>8</sat>
      </trkpt>
      <trkpt lat="40.622487" lon="-0.040426">
        <ele>1100.1</ele>
        <time>2018-09-03T14:32:40Z</time>
        <sat>8</sat>
      </trkpt>
      <trkpt lat="40.622492" lon="-0.040556">
        <ele>1101.4</ele>
        <time>2018-09-03T14:32:47Z</time>
        <sat>8</sat>
      </trkpt>
      <trkpt lat="40.622535" lon="-0.040694">
        <ele>1102.0</ele>
        <time>2018-09-03T14:32:55Z</time>
        <sat>8</sat>
      </trkpt>
      <trkpt lat="40.622549" lon="-0.040834">
        <ele>1102.7</ele>
        <time>2018-09-03T14:33:03Z</time>
        <sat>8</sat>
      </trkpt>
      <trkpt lat="40.622525" lon="-0.040973">
        <ele>1103.5</ele>
        <time>2018-09-03T14:33:11Z</time>
        <sat>8</sat>
      </trkpt>
      <trkpt lat="40.622504" lon="-0.041089">
        <ele>1103.8</ele>
        <time>2018-09-03T14:33:17Z</time>
        <sat>8</sat>
      </trkpt>
      <trkpt lat="40.622497" lon="-0.041235">
        <ele>1103.7</ele>
        <time>2018-09-03T14:33:25Z</time>
        <sat>8</sat>
      </trkpt>
      <trkpt lat="40.622487" lon="-0.041406">
        <ele>1103.7</ele>
        <time>2018-09-03T14:33:35Z</time>
        <sat>8</sat>
      </trkpt>
      <trkpt lat="40.622487" lon="-0.041406">
        <ele>1103.7</ele>
        <time>2018-09-03T14:33:35Z</time>
        <sat>8</sat>
      </trkpt>
      <trkpt lat="40.622484" lon="-0.041529">
        <ele>1103.8</ele>
        <time>2018-09-03T14:33:41Z</time>
        <sat>8</sat>
      </trkpt>
      <trkpt lat="40.622479" lon="-0.041654">
        <ele>1103.5</ele>
        <time>2018-09-03T14:33:48Z</time>
        <sat>8</sat>
      </trkpt>
      <trkpt lat="40.622479" lon="-0.041780">
        <ele>1103.4</ele>
        <time>2018-09-03T14:33:55Z</time>
        <sat>8</sat>
      </trkpt>
      <trkpt lat="40.622489" lon="-0.041906">
        <ele>1103.5</ele>
        <time>2018-09-03T14:34:02Z</time>
        <sat>8</sat>
      </trkpt>
      <trkpt lat="40.622496" lon="-0.042031">
        <ele>1103.6</ele>
        <time>2018-09-03T14:34:09Z</time>
        <sat>8</sat>
      </trkpt>
      <trkpt lat="40.622509" lon="-0.042158">
        <ele>1103.8</ele>
        <time>2018-09-03T14:34:16Z</time>
        <sat>8</sat>
      </trkpt>
      <trkpt lat="40.622520" lon="-0.042288">
        <ele>1104.0</ele>
        <time>2018-09-03T14:34:23Z</time>
        <sat>8</sat>
      </trkpt>
      <trkpt lat="40.622527" lon="-0.042421">
        <ele>1104.2</ele>
        <time>2018-09-03T14:34:31Z</time>
        <sat>8</sat>
      </trkpt>
      <trkpt lat="40.622542" lon="-0.042543">
        <ele>1104.3</ele>
        <time>2018-09-03T14:34:37Z</time>
        <sat>8</sat>
      </trkpt>
      <trkpt lat="40.622554" lon="-0.042664">
        <ele>1104.5</ele>
        <time>2018-09-03T14:34:44Z</time>
        <sat>8</sat>
      </trkpt>
      <trkpt lat="40.622562" lon="-0.042786">
        <ele>1104.8</ele>
        <time>2018-09-03T14:34:51Z</time>
        <sat>8</sat>
      </trkpt>
      <trkpt lat="40.622574" lon="-0.042906">
        <ele>1105.0</ele>
        <time>2018-09-03T14:34:58Z</time>
        <sat>8</sat>
      </trkpt>
      <trkpt lat="40.622587" lon="-0.043027">
        <ele>1105.1</ele>
        <time>2018-09-03T14:35:04Z</time>
        <sat>8</sat>
      </trkpt>
      <trkpt lat="40.622601" lon="-0.043154">
        <ele>1105.1</ele>
        <time>2018-09-03T14:35:11Z</time>
        <sat>8</sat>
      </trkpt>
      <trkpt lat="40.622607" lon="-0.043284">
        <ele>1105.1</ele>
        <time>2018-09-03T14:35:18Z</time>
        <sat>8</sat>
      </trkpt>
      <trkpt lat="40.622612" lon="-0.043421">
        <ele>1105.2</ele>
        <time>2018-09-03T14:35:26Z</time>
        <sat>8</sat>
      </trkpt>
      <trkpt lat="40.622619" lon="-0.043559">
        <ele>1105.3</ele>
        <time>2018-09-03T14:35:34Z</time>
        <sat>8</sat>
      </trkpt>
      <trkpt lat="40.622625" lon="-0.043706">
        <ele>1105.3</ele>
        <time>2018-09-03T14:35:42Z</time>
        <sat>8</sat>
      </trkpt>
      <trkpt lat="40.622634" lon="-0.043854">
        <ele>1105.2</ele>
        <time>2018-09-03T14:35:50Z</time>
        <sat>8</sat>
      </trkpt>
      <trkpt lat="40.622644" lon="-0.044006">
        <ele>1105.0</ele>
        <time>2018-09-03T14:35:58Z</time>
        <sat>8</sat>
      </trkpt>
      <trkpt lat="40.622649" lon="-0.044162">
        <ele>1105.0</ele>
        <time>2018-09-03T14:36:07Z</time>
        <sat>8</sat>
      </trkpt>
      <trkpt lat="40.622664" lon="-0.044318">
        <ele>1104.9</ele>
        <time>2018-09-03T14:36:15Z</time>
        <sat>8</sat>
      </trkpt>
      <trkpt lat="40.622684" lon="-0.044471">
        <ele>1105.0</ele>
        <time>2018-09-03T14:36:24Z</time>
        <sat>8</sat>
      </trkpt>
      <trkpt lat="40.622707" lon="-0.044618">
        <ele>1105.2</ele>
        <time>2018-09-03T14:36:32Z</time>
        <sat>8</sat>
      </trkpt>
      <trkpt lat="40.622732" lon="-0.044756">
        <ele>1105.3</ele>
        <time>2018-09-03T14:36:40Z</time>
        <sat>8</sat>
      </trkpt>
      <trkpt lat="40.622754" lon="-0.044878">
        <ele>1105.7</ele>
        <time>2018-09-03T14:36:47Z</time>
        <sat>8</sat>
      </trkpt>
      <trkpt lat="40.622775" lon="-0.045022">
        <ele>1106.0</ele>
        <time>2018-09-03T14:36:55Z</time>
        <sat>8</sat>
      </trkpt>
      <trkpt lat="40.622792" lon="-0.045156">
        <ele>1106.4</ele>
        <time>2018-09-03T14:37:02Z</time>
        <sat>8</sat>
      </trkpt>
      <trkpt lat="40.622792" lon="-0.045156">
        <ele>1106.4</ele>
        <time>2018-09-03T14:37:02Z</time>
        <sat>8</sat>
      </trkpt>
      <trkpt lat="40.622721" lon="-0.045234">
        <ele>1105.7</ele>
        <time>2018-09-03T14:37:09Z</time>
        <sat>8</sat>
      </trkpt>
      <trkpt lat="40.622657" lon="-0.045362">
        <ele>1104.4</ele>
        <time>2018-09-03T14:37:18Z</time>
        <sat>8</sat>
      </trkpt>
      <trkpt lat="40.622627" lon="-0.045522">
        <ele>1104.0</ele>
        <time>2018-09-03T14:37:27Z</time>
        <sat>8</sat>
      </trkpt>
      <trkpt lat="40.622594" lon="-0.045639">
        <ele>1103.7</ele>
        <time>2018-09-03T14:37:34Z</time>
        <sat>8</sat>
      </trkpt>
      <trkpt lat="40.622581" lon="-0.045799">
        <ele>1104.2</ele>
        <time>2018-09-03T14:37:42Z</time>
        <sat>8</sat>
      </trkpt>
      <trkpt lat="40.622577" lon="-0.045949">
        <ele>1104.1</ele>
        <time>2018-09-03T14:37:51Z</time>
        <sat>8</sat>
      </trkpt>
      <trkpt lat="40.622594" lon="-0.046086">
        <ele>1104.6</ele>
        <time>2018-09-03T14:37:58Z</time>
        <sat>8</sat>
      </trkpt>
      <trkpt lat="40.622617" lon="-0.046208">
        <ele>1105.4</ele>
        <time>2018-09-03T14:38:05Z</time>
        <sat>8</sat>
      </trkpt>
      <trkpt lat="40.622609" lon="-0.046329">
        <ele>1104.8</ele>
        <time>2018-09-03T14:38:12Z</time>
        <sat>8</sat>
      </trkpt>
      <trkpt lat="40.622579" lon="-0.046479">
        <ele>1104.5</ele>
        <time>2018-09-03T14:38:20Z</time>
        <sat>8</sat>
      </trkpt>
      <trkpt lat="40.622532" lon="-0.046616">
        <ele>1104.5</ele>
        <time>2018-09-03T14:38:29Z</time>
        <sat>8</sat>
      </trkpt>
      <trkpt lat="40.622456" lon="-0.046742">
        <ele>1104.2</ele>
        <time>2018-09-03T14:38:38Z</time>
        <sat>8</sat>
      </trkpt>
      <trkpt lat="40.622444" lon="-0.046868">
        <ele>1104.4</ele>
        <time>2018-09-03T14:38:44Z</time>
        <sat>8</sat>
      </trkpt>
      <trkpt lat="40.622457" lon="-0.047013">
        <ele>1104.7</ele>
        <time>2018-09-03T14:38:53Z</time>
        <sat>8</sat>
      </trkpt>
      <trkpt lat="40.622486" lon="-0.047141">
        <ele>1103.9</ele>
        <time>2018-09-03T14:39:00Z</time>
        <sat>8</sat>
      </trkpt>
      <trkpt lat="40.622482" lon="-0.047291">
        <ele>1102.5</ele>
        <time>2018-09-03T14:39:08Z</time>
        <sat>8</sat>
      </trkpt>
      <trkpt lat="40.622425" lon="-0.047387">
        <ele>1102.0</ele>
        <time>2018-09-03T14:39:15Z</time>
        <sat>8</sat>
      </trkpt>
      <trkpt lat="40.622397" lon="-0.047519">
        <ele>1100.1</ele>
        <time>2018-09-03T14:39:15Z</time>
        <sat>8</sat>
      </trkpt>
      <trkpt lat="40.622367" lon="-0.047648">
        <ele>1097.4</ele>
        <time>2018-09-03T14:39:22Z</time>
        <sat>8</sat>
      </trkpt>
      <trkpt lat="40.622367" lon="-0.047773">
        <ele>1095.3</ele>
        <time>2018-09-03T14:39:29Z</time>
        <sat>7</sat>
      </trkpt>
      <trkpt lat="40.622402" lon="-0.047923">
        <ele>1093.7</ele>
        <time>2018-09-03T14:39:38Z</time>
        <sat>7</sat>
      </trkpt>
      <trkpt lat="40.622446" lon="-0.048029">
        <ele>1093.5</ele>
        <time>2018-09-03T14:39:45Z</time>
        <sat>7</sat>
      </trkpt>
      <trkpt lat="40.622496" lon="-0.048183">
        <ele>1092.2</ele>
        <time>2018-09-03T14:39:54Z</time>
        <sat>7</sat>
      </trkpt>
      <trkpt lat="40.622537" lon="-0.048296">
        <ele>1091.6</ele>
        <time>2018-09-03T14:40:01Z</time>
        <sat>7</sat>
      </trkpt>
      <trkpt lat="40.622593" lon="-0.048402">
        <ele>1091.2</ele>
        <time>2018-09-03T14:40:08Z</time>
        <sat>7</sat>
      </trkpt>
      <trkpt lat="40.622634" lon="-0.048517">
        <ele>1090.1</ele>
        <time>2018-09-03T14:40:15Z</time>
        <sat>7</sat>
      </trkpt>
      <trkpt lat="40.622669" lon="-0.048631">
        <ele>1088.7</ele>
        <time>2018-09-03T14:40:22Z</time>
        <sat>7</sat>
      </trkpt>
      <trkpt lat="40.622689" lon="-0.048754">
        <ele>1087.6</ele>
        <time>2018-09-03T14:40:29Z</time>
        <sat>7</sat>
      </trkpt>
      <trkpt lat="40.622727" lon="-0.048879">
        <ele>1086.7</ele>
        <time>2018-09-03T14:40:36Z</time>
        <sat>7</sat>
      </trkpt>
      <trkpt lat="40.622735" lon="-0.049064">
        <ele>1084.7</ele>
        <time>2018-09-03T14:40:47Z</time>
        <sat>7</sat>
      </trkpt>
      <trkpt lat="40.622759" lon="-0.049196">
        <ele>1083.6</ele>
        <time>2018-09-03T14:40:54Z</time>
        <sat>7</sat>
      </trkpt>
      <trkpt lat="40.622802" lon="-0.049316">
        <ele>1082.7</ele>
        <time>2018-09-03T14:41:01Z</time>
        <sat>7</sat>
      </trkpt>
      <trkpt lat="40.622877" lon="-0.049444">
        <ele>1081.3</ele>
        <time>2018-09-03T14:41:10Z</time>
        <sat>7</sat>
      </trkpt>
      <trkpt lat="40.622929" lon="-0.049546">
        <ele>1079.7</ele>
        <time>2018-09-03T14:41:17Z</time>
        <sat>7</sat>
      </trkpt>
      <trkpt lat="40.622989" lon="-0.049644">
        <ele>1078.3</ele>
        <time>2018-09-03T14:41:24Z</time>
        <sat>7</sat>
      </trkpt>
      <trkpt lat="40.623082" lon="-0.049716">
        <ele>1078.4</ele>
        <time>2018-09-03T14:41:32Z</time>
        <sat>7</sat>
      </trkpt>
      <trkpt lat="40.623167" lon="-0.049789">
        <ele>1078.8</ele>
        <time>2018-09-03T14:41:39Z</time>
        <sat>7</sat>
      </trkpt>
      <trkpt lat="40.623107" lon="-0.049903">
        <ele>1076.9</ele>
        <time>2018-09-03T14:41:47Z</time>
        <sat>7</sat>
      </trkpt>
      <trkpt lat="40.623032" lon="-0.050004">
        <ele>1075.4</ele>
        <time>2018-09-03T14:41:55Z</time>
        <sat>7</sat>
      </trkpt>
      <trkpt lat="40.622969" lon="-0.050136">
        <ele>1074.6</ele>
        <time>2018-09-03T14:42:03Z</time>
        <sat>8</sat>
      </trkpt>
      <trkpt lat="40.622922" lon="-0.050260">
        <ele>1074.9</ele>
        <time>2018-09-03T14:42:11Z</time>
        <sat>8</sat>
      </trkpt>
      <trkpt lat="40.622862" lon="-0.050387">
        <ele>1074.9</ele>
        <time>2018-09-03T14:42:19Z</time>
        <sat>7</sat>
      </trkpt>
      <trkpt lat="40.622784" lon="-0.050517">
        <ele>1074.1</ele>
        <time>2018-09-03T14:42:28Z</time>
        <sat>7</sat>
      </trkpt>
      <trkpt lat="40.622716" lon="-0.050642">
        <ele>1072.9</ele>
        <time>2018-09-03T14:42:37Z</time>
        <sat>8</sat>
      </trkpt>
      <trkpt lat="40.622669" lon="-0.050774">
        <ele>1072.7</ele>
        <time>2018-09-03T14:42:45Z</time>
        <sat>8</sat>
      </trkpt>
      <trkpt lat="40.622630" lon="-0.050905">
        <ele>1072.6</ele>
        <time>2018-09-03T14:42:53Z</time>
        <sat>8</sat>
      </trkpt>
      <trkpt lat="40.622582" lon="-0.051057">
        <ele>1072.1</ele>
        <time>2018-09-03T14:43:02Z</time>
        <sat>8</sat>
      </trkpt>
      <trkpt lat="40.622536" lon="-0.051203">
        <ele>1071.1</ele>
        <time>2018-09-03T14:43:10Z</time>
        <sat>8</sat>
      </trkpt>
      <trkpt lat="40.622572" lon="-0.051378">
        <ele>1070.9</ele>
        <time>2018-09-03T14:43:20Z</time>
        <sat>8</sat>
      </trkpt>
      <trkpt lat="40.622595" lon="-0.051519">
        <ele>1070.1</ele>
        <time>2018-09-03T14:43:28Z</time>
        <sat>8</sat>
      </trkpt>
      <trkpt lat="40.622647" lon="-0.051658">
        <ele>1069.8</ele>
        <time>2018-09-03T14:43:37Z</time>
        <sat>8</sat>
      </trkpt>
      <trkpt lat="40.622704" lon="-0.051788">
        <ele>1069.6</ele>
        <time>2018-09-03T14:43:45Z</time>
        <sat>8</sat>
      </trkpt>
      <trkpt lat="40.622769" lon="-0.051906">
        <ele>1069.7</ele>
        <time>2018-09-03T14:43:53Z</time>
        <sat>8</sat>
      </trkpt>
      <trkpt lat="40.622865" lon="-0.051978">
        <ele>1070.2</ele>
        <time>2018-09-03T14:44:01Z</time>
        <sat>8</sat>
      </trkpt>
      <trkpt lat="40.622954" lon="-0.052061">
        <ele>1068.8</ele>
        <time>2018-09-03T14:44:09Z</time>
        <sat>8</sat>
      </trkpt>
      <trkpt lat="40.623047" lon="-0.052123">
        <ele>1068.4</ele>
        <time>2018-09-03T14:44:17Z</time>
        <sat>8</sat>
      </trkpt>
      <trkpt lat="40.623136" lon="-0.052189">
        <ele>1067.0</ele>
        <time>2018-09-03T14:44:24Z</time>
        <sat>8</sat>
      </trkpt>
      <trkpt lat="40.623232" lon="-0.052260">
        <ele>1065.4</ele>
        <time>2018-09-03T14:44:32Z</time>
        <sat>8</sat>
      </trkpt>
      <trkpt lat="40.623334" lon="-0.052333">
        <ele>1064.3</ele>
        <time>2018-09-03T14:44:40Z</time>
        <sat>7</sat>
      </trkpt>
      <trkpt lat="40.623431" lon="-0.052386">
        <ele>1063.7</ele>
        <time>2018-09-03T14:44:48Z</time>
        <sat>7</sat>
      </trkpt>
      <trkpt lat="40.623496" lon="-0.052529">
        <ele>1061.3</ele>
        <time>2018-09-03T14:44:57Z</time>
        <sat>7</sat>
      </trkpt>
      <trkpt lat="40.623530" lon="-0.052674">
        <ele>1062.4</ele>
        <time>2018-09-03T14:45:06Z</time>
        <sat>7</sat>
      </trkpt>
      <trkpt lat="40.623557" lon="-0.052794">
        <ele>1063.6</ele>
        <time>2018-09-03T14:45:13Z</time>
        <sat>7</sat>
      </trkpt>
      <trkpt lat="40.623587" lon="-0.052946">
        <ele>1065.0</ele>
        <time>2018-09-03T14:45:21Z</time>
        <sat>8</sat>
      </trkpt>
      <trkpt lat="40.623624" lon="-0.053066">
        <ele>1065.7</ele>
        <time>2018-09-03T14:45:28Z</time>
        <sat>8</sat>
      </trkpt>
      <trkpt lat="40.623684" lon="-0.053211">
        <ele>1065.0</ele>
        <time>2018-09-03T14:45:38Z</time>
        <sat>8</sat>
      </trkpt>
      <trkpt lat="40.623730" lon="-0.053338">
        <ele>1064.6</ele>
        <time>2018-09-03T14:45:45Z</time>
        <sat>7</sat>
      </trkpt>
      <trkpt lat="40.623761" lon="-0.053481">
        <ele>1062.4</ele>
        <time>2018-09-03T14:45:54Z</time>
        <sat>7</sat>
      </trkpt>
      <trkpt lat="40.623742" lon="-0.053605">
        <ele>1061.1</ele>
        <time>2018-09-03T14:46:01Z</time>
        <sat>6</sat>
      </trkpt>
      <trkpt lat="40.623679" lon="-0.053753">
        <ele>1059.8</ele>
        <time>2018-09-03T14:46:10Z</time>
        <sat>8</sat>
      </trkpt>
      <trkpt lat="40.623625" lon="-0.053850">
        <ele>1060.3</ele>
        <time>2018-09-03T14:46:16Z</time>
        <sat>8</sat>
      </trkpt>
      <trkpt lat="40.623552" lon="-0.053941">
        <ele>1058.8</ele>
        <time>2018-09-03T14:46:24Z</time>
        <sat>8</sat>
      </trkpt>
      <trkpt lat="40.623461" lon="-0.054035">
        <ele>1057.5</ele>
        <time>2018-09-03T14:46:32Z</time>
        <sat>8</sat>
      </trkpt>
      <trkpt lat="40.623374" lon="-0.054131">
        <ele>1056.0</ele>
        <time>2018-09-03T14:46:41Z</time>
        <sat>8</sat>
      </trkpt>
      <trkpt lat="40.623312" lon="-0.054266">
        <ele>1054.5</ele>
        <time>2018-09-03T14:46:49Z</time>
        <sat>8</sat>
      </trkpt>
      <trkpt lat="40.623274" lon="-0.054391">
        <ele>1052.7</ele>
        <time>2018-09-03T14:46:57Z</time>
        <sat>8</sat>
      </trkpt>
      <trkpt lat="40.623300" lon="-0.054513">
        <ele>1051.2</ele>
        <time>2018-09-03T14:47:04Z</time>
        <sat>7</sat>
      </trkpt>
      <trkpt lat="40.623412" lon="-0.054561">
        <ele>1050.8</ele>
        <time>2018-09-03T14:47:12Z</time>
        <sat>7</sat>
      </trkpt>
      <trkpt lat="40.623490" lon="-0.054666">
        <ele>1047.8</ele>
        <time>2018-09-03T14:47:21Z</time>
        <sat>7</sat>
      </trkpt>
      <trkpt lat="40.623529" lon="-0.054784">
        <ele>1046.2</ele>
        <time>2018-09-03T14:47:28Z</time>
        <sat>7</sat>
      </trkpt>
      <trkpt lat="40.623532" lon="-0.054913">
        <ele>1044.7</ele>
        <time>2018-09-03T14:47:35Z</time>
        <sat>8</sat>
      </trkpt>
      <trkpt lat="40.623474" lon="-0.055070">
        <ele>1044.0</ele>
        <time>2018-09-03T14:47:45Z</time>
        <sat>8</sat>
      </trkpt>
      <trkpt lat="40.623430" lon="-0.055231">
        <ele>1045.6</ele>
        <time>2018-09-03T14:47:54Z</time>
        <sat>8</sat>
      </trkpt>
      <trkpt lat="40.623390" lon="-0.055365">
        <ele>1045.6</ele>
        <time>2018-09-03T14:48:02Z</time>
        <sat>8</sat>
      </trkpt>
      <trkpt lat="40.623325" lon="-0.055476">
        <ele>1044.5</ele>
        <time>2018-09-03T14:48:10Z</time>
        <sat>8</sat>
      </trkpt>
      <trkpt lat="40.623288" lon="-0.055631">
        <ele>1044.1</ele>
        <time>2018-09-03T14:48:19Z</time>
        <sat>8</sat>
      </trkpt>
      <trkpt lat="40.623322" lon="-0.055796">
        <ele>1043.8</ele>
        <time>2018-09-03T14:48:28Z</time>
        <sat>8</sat>
      </trkpt>
      <trkpt lat="40.623357" lon="-0.055964">
        <ele>1043.8</ele>
        <time>2018-09-03T14:48:38Z</time>
        <sat>8</sat>
      </trkpt>
      <trkpt lat="40.623400" lon="-0.056083">
        <ele>1043.0</ele>
        <time>2018-09-03T14:48:45Z</time>
        <sat>7</sat>
      </trkpt>
      <trkpt lat="40.623437" lon="-0.056209">
        <ele>1042.2</ele>
        <time>2018-09-03T14:48:52Z</time>
        <sat>7</sat>
      </trkpt>
      <trkpt lat="40.623479" lon="-0.056331">
        <ele>1041.6</ele>
        <time>2018-09-03T14:49:00Z</time>
        <sat>7</sat>
      </trkpt>
      <trkpt lat="40.623499" lon="-0.056451">
        <ele>1040.8</ele>
        <time>2018-09-03T14:49:06Z</time>
        <sat>7</sat>
      </trkpt>
      <trkpt lat="40.623532" lon="-0.056564">
        <ele>1040.1</ele>
        <time>2018-09-03T14:49:13Z</time>
        <sat>7</sat>
      </trkpt>
      <trkpt lat="40.623584" lon="-0.056683">
        <ele>1039.8</ele>
        <time>2018-09-03T14:49:21Z</time>
        <sat>7</sat>
      </trkpt>
      <trkpt lat="40.623620" lon="-0.056793">
        <ele>1040.0</ele>
        <time>2018-09-03T14:49:27Z</time>
        <sat>7</sat>
      </trkpt>
      <trkpt lat="40.623667" lon="-0.056940">
        <ele>1040.1</ele>
        <time>2018-09-03T14:49:36Z</time>
        <sat>7</sat>
      </trkpt>
      <trkpt lat="40.623722" lon="-0.057061">
        <ele>1040.4</ele>
        <time>2018-09-03T14:49:44Z</time>
        <sat>8</sat>
      </trkpt>
      <trkpt lat="40.623750" lon="-0.057214">
        <ele>1039.1</ele>
        <time>2018-09-03T14:49:52Z</time>
        <sat>8</sat>
      </trkpt>
      <trkpt lat="40.623762" lon="-0.057343">
        <ele>1038.0</ele>
        <time>2018-09-03T14:50:00Z</time>
        <sat>8</sat>
      </trkpt>
      <trkpt lat="40.623765" lon="-0.057466">
        <ele>1037.6</ele>
        <time>2018-09-03T14:50:06Z</time>
        <sat>8</sat>
      </trkpt>
      <trkpt lat="40.623769" lon="-0.057594">
        <ele>1037.8</ele>
        <time>2018-09-03T14:50:13Z</time>
        <sat>8</sat>
      </trkpt>
      <trkpt lat="40.623765" lon="-0.057733">
        <ele>1038.5</ele>
        <time>2018-09-03T14:50:21Z</time>
        <sat>8</sat>
      </trkpt>
      <trkpt lat="40.623769" lon="-0.057871">
        <ele>1039.9</ele>
        <time>2018-09-03T14:50:29Z</time>
        <sat>8</sat>
      </trkpt>
      <trkpt lat="40.623770" lon="-0.058008">
        <ele>1041.7</ele>
        <time>2018-09-03T14:50:36Z</time>
        <sat>8</sat>
      </trkpt>
      <trkpt lat="40.623712" lon="-0.058114">
        <ele>1042.7</ele>
        <time>2018-09-03T14:50:44Z</time>
        <sat>9</sat>
      </trkpt>
      <trkpt lat="40.623714" lon="-0.058238">
        <ele>1043.4</ele>
        <time>2018-09-03T14:50:50Z</time>
        <sat>9</sat>
      </trkpt>
      <trkpt lat="40.623755" lon="-0.058351">
        <ele>1044.0</ele>
        <time>2018-09-03T14:50:57Z</time>
        <sat>9</sat>
      </trkpt>
      <trkpt lat="40.623782" lon="-0.058468">
        <ele>1045.0</ele>
        <time>2018-09-03T14:51:04Z</time>
        <sat>8</sat>
      </trkpt>
      <trkpt lat="40.623811" lon="-0.058603">
        <ele>1046.1</ele>
        <time>2018-09-03T14:51:12Z</time>
        <sat>9</sat>
      </trkpt>
      <trkpt lat="40.623840" lon="-0.058719">
        <ele>1046.7</ele>
        <time>2018-09-03T14:51:18Z</time>
        <sat>9</sat>
      </trkpt>
      <trkpt lat="40.623869" lon="-0.058836">
        <ele>1047.6</ele>
        <time>2018-09-03T14:51:25Z</time>
        <sat>9</sat>
      </trkpt>
      <trkpt lat="40.623887" lon="-0.058955">
        <ele>1047.9</ele>
        <time>2018-09-03T14:51:32Z</time>
        <sat>9</sat>
      </trkpt>
      <trkpt lat="40.623899" lon="-0.059078">
        <ele>1048.6</ele>
        <time>2018-09-03T14:51:39Z</time>
        <sat>9</sat>
      </trkpt>
      <trkpt lat="40.623919" lon="-0.059213">
        <ele>1049.4</ele>
        <time>2018-09-03T14:51:46Z</time>
        <sat>9</sat>
      </trkpt>
      <trkpt lat="40.623922" lon="-0.059351">
        <ele>1049.6</ele>
        <time>2018-09-03T14:51:54Z</time>
        <sat>9</sat>
      </trkpt>
      <trkpt lat="40.623917" lon="-0.059498">
        <ele>1049.1</ele>
        <time>2018-09-03T14:52:02Z</time>
        <sat>8</sat>
      </trkpt>
      <trkpt lat="40.623922" lon="-0.059620">
        <ele>1049.6</ele>
        <time>2018-09-03T14:52:09Z</time>
        <sat>9</sat>
      </trkpt>
      <trkpt lat="40.623926" lon="-0.059771">
        <ele>1050.0</ele>
        <time>2018-09-03T14:52:17Z</time>
        <sat>9</sat>
      </trkpt>
      <trkpt lat="40.623942" lon="-0.059918">
        <ele>1050.3</ele>
        <time>2018-09-03T14:52:25Z</time>
        <sat>9</sat>
      </trkpt>
      <trkpt lat="40.623974" lon="-0.060076">
        <ele>1049.7</ele>
        <time>2018-09-03T14:52:34Z</time>
        <sat>8</sat>
      </trkpt>
      <trkpt lat="40.623980" lon="-0.060230">
        <ele>1048.7</ele>
        <time>2018-09-03T14:52:43Z</time>
        <sat>9</sat>
      </trkpt>
      <trkpt lat="40.623984" lon="-0.060371">
        <ele>1048.6</ele>
        <time>2018-09-03T14:52:50Z</time>
        <sat>9</sat>
      </trkpt>
      <trkpt lat="40.623947" lon="-0.060498">
        <ele>1047.1</ele>
        <time>2018-09-03T14:52:58Z</time>
        <sat>9</sat>
      </trkpt>
      <trkpt lat="40.623902" lon="-0.060611">
        <ele>1046.5</ele>
        <time>2018-09-03T14:53:05Z</time>
        <sat>9</sat>
      </trkpt>
      <trkpt lat="40.623839" lon="-0.060746">
        <ele>1046.4</ele>
        <time>2018-09-03T14:53:14Z</time>
        <sat>9</sat>
      </trkpt>
      <trkpt lat="40.623789" lon="-0.060900">
        <ele>1045.5</ele>
        <time>2018-09-03T14:53:23Z</time>
        <sat>9</sat>
      </trkpt>
      <trkpt lat="40.623769" lon="-0.061026">
        <ele>1044.8</ele>
        <time>2018-09-03T14:53:30Z</time>
        <sat>8</sat>
      </trkpt>
      <trkpt lat="40.623724" lon="-0.061178">
        <ele>1044.1</ele>
        <time>2018-09-03T14:53:39Z</time>
        <sat>9</sat>
      </trkpt>
      <trkpt lat="40.623679" lon="-0.061289">
        <ele>1043.2</ele>
        <time>2018-09-03T14:53:46Z</time>
        <sat>9</sat>
      </trkpt>
      <trkpt lat="40.623655" lon="-0.061421">
        <ele>1042.5</ele>
        <time>2018-09-03T14:53:53Z</time>
        <sat>9</sat>
      </trkpt>
      <trkpt lat="40.623634" lon="-0.061550">
        <ele>1041.9</ele>
        <time>2018-09-03T14:54:01Z</time>
        <sat>8</sat>
      </trkpt>
      <trkpt lat="40.623569" lon="-0.061704">
        <ele>1040.9</ele>
        <time>2018-09-03T14:54:10Z</time>
        <sat>9</sat>
      </trkpt>
      <trkpt lat="40.623534" lon="-0.061814">
        <ele>1040.0</ele>
        <time>2018-09-03T14:54:17Z</time>
        <sat>9</sat>
      </trkpt>
      <trkpt lat="40.623499" lon="-0.061934">
        <ele>1039.6</ele>
        <time>2018-09-03T14:54:24Z</time>
        <sat>9</sat>
      </trkpt>
      <trkpt lat="40.623449" lon="-0.062108">
        <ele>1038.1</ele>
        <time>2018-09-03T14:54:34Z</time>
        <sat>8</sat>
      </trkpt>
      <trkpt lat="40.623417" lon="-0.062236">
        <ele>1037.2</ele>
        <time>2018-09-03T14:54:42Z</time>
        <sat>8</sat>
      </trkpt>
      <trkpt lat="40.623405" lon="-0.062378">
        <ele>1036.9</ele>
        <time>2018-09-03T14:54:50Z</time>
        <sat>7</sat>
      </trkpt>
      <trkpt lat="40.623392" lon="-0.062518">
        <ele>1035.9</ele>
        <time>2018-09-03T14:54:57Z</time>
        <sat>8</sat>
      </trkpt>
      <trkpt lat="40.623365" lon="-0.062653">
        <ele>1035.1</ele>
        <time>2018-09-03T14:55:05Z</time>
        <sat>8</sat>
      </trkpt>
      <trkpt lat="40.623352" lon="-0.062798">
        <ele>1034.0</ele>
        <time>2018-09-03T14:55:13Z</time>
        <sat>8</sat>
      </trkpt>
      <trkpt lat="40.623327" lon="-0.062934">
        <ele>1033.4</ele>
        <time>2018-09-03T14:55:21Z</time>
        <sat>8</sat>
      </trkpt>
      <trkpt lat="40.623309" lon="-0.063054">
        <ele>1032.4</ele>
        <time>2018-09-03T14:55:27Z</time>
        <sat>9</sat>
      </trkpt>
      <trkpt lat="40.623307" lon="-0.063179">
        <ele>1032.2</ele>
        <time>2018-09-03T14:55:34Z</time>
        <sat>8</sat>
      </trkpt>
      <trkpt lat="40.623284" lon="-0.063294">
        <ele>1031.4</ele>
        <time>2018-09-03T14:55:41Z</time>
        <sat>7</sat>
      </trkpt>
      <trkpt lat="40.623257" lon="-0.063440">
        <ele>1030.5</ele>
        <time>2018-09-03T14:55:49Z</time>
        <sat>8</sat>
      </trkpt>
      <trkpt lat="40.623227" lon="-0.063571">
        <ele>1029.5</ele>
        <time>2018-09-03T14:55:57Z</time>
        <sat>7</sat>
      </trkpt>
      <trkpt lat="40.623182" lon="-0.063723">
        <ele>1028.1</ele>
        <time>2018-09-03T14:56:06Z</time>
        <sat>9</sat>
      </trkpt>
      <trkpt lat="40.623147" lon="-0.063841">
        <ele>1026.2</ele>
        <time>2018-09-03T14:56:13Z</time>
        <sat>9</sat>
      </trkpt>
      <trkpt lat="40.623092" lon="-0.063958">
        <ele>1024.4</ele>
        <time>2018-09-03T14:56:20Z</time>
        <sat>9</sat>
      </trkpt>
      <trkpt lat="40.623029" lon="-0.064048">
        <ele>1022.4</ele>
        <time>2018-09-03T14:56:27Z</time>
        <sat>9</sat>
      </trkpt>
      <trkpt lat="40.622916" lon="-0.064106">
        <ele>1021.0</ele>
        <time>2018-09-03T14:56:36Z</time>
        <sat>8</sat>
      </trkpt>
      <trkpt lat="40.622824" lon="-0.064168">
        <ele>1021.2</ele>
        <time>2018-09-03T14:56:44Z</time>
        <sat>9</sat>
      </trkpt>
      <trkpt lat="40.622741" lon="-0.064231">
        <ele>1021.8</ele>
        <time>2018-09-03T14:56:51Z</time>
        <sat>9</sat>
      </trkpt>
      <trkpt lat="40.622662" lon="-0.064301">
        <ele>1022.0</ele>
        <time>2018-09-03T14:56:57Z</time>
        <sat>9</sat>
      </trkpt>
      <trkpt lat="40.622610" lon="-0.064408">
        <ele>1020.2</ele>
        <time>2018-09-03T14:57:04Z</time>
        <sat>10</sat>
      </trkpt>
      <trkpt lat="40.622566" lon="-0.064518">
        <ele>1018.7</ele>
        <time>2018-09-03T14:57:11Z</time>
        <sat>9</sat>
      </trkpt>
      <trkpt lat="40.622510" lon="-0.064619">
        <ele>1016.8</ele>
        <time>2018-09-03T14:57:18Z</time>
        <sat>9</sat>
      </trkpt>
      <trkpt lat="40.622451" lon="-0.064734">
        <ele>1015.9</ele>
        <time>2018-09-03T14:57:26Z</time>
        <sat>9</sat>
      </trkpt>
      <trkpt lat="40.622404" lon="-0.064861">
        <ele>1015.2</ele>
        <time>2018-09-03T14:57:34Z</time>
        <sat>9</sat>
      </trkpt>
      <trkpt lat="40.622344" lon="-0.064953">
        <ele>1015.2</ele>
        <time>2018-09-03T14:57:41Z</time>
        <sat>9</sat>
      </trkpt>
      <trkpt lat="40.622289" lon="-0.065068">
        <ele>1014.2</ele>
        <time>2018-09-03T14:57:48Z</time>
        <sat>9</sat>
      </trkpt>
      <trkpt lat="40.622270" lon="-0.065226">
        <ele>1013.1</ele>
        <time>2018-09-03T14:57:57Z</time>
        <sat>9</sat>
      </trkpt>
      <trkpt lat="40.622254" lon="-0.065365">
        <ele>1011.6</ele>
        <time>2018-09-03T14:58:05Z</time>
        <sat>9</sat>
      </trkpt>
      <trkpt lat="40.622206" lon="-0.065511">
        <ele>1009.6</ele>
        <time>2018-09-03T14:58:13Z</time>
        <sat>9</sat>
      </trkpt>
      <trkpt lat="40.622155" lon="-0.065651">
        <ele>1008.1</ele>
        <time>2018-09-03T14:58:22Z</time>
        <sat>9</sat>
      </trkpt>
      <trkpt lat="40.622127" lon="-0.065786">
        <ele>1007.1</ele>
        <time>2018-09-03T14:58:30Z</time>
        <sat>9</sat>
      </trkpt>
      <trkpt lat="40.622082" lon="-0.065891">
        <ele>1005.4</ele>
        <time>2018-09-03T14:58:36Z</time>
        <sat>9</sat>
      </trkpt>
      <trkpt lat="40.622060" lon="-0.066016">
        <ele>1004.0</ele>
        <time>2018-09-03T14:58:44Z</time>
        <sat>9</sat>
      </trkpt>
      <trkpt lat="40.622042" lon="-0.066149">
        <ele>1002.3</ele>
        <time>2018-09-03T14:58:51Z</time>
        <sat>9</sat>
      </trkpt>
      <trkpt lat="40.622007" lon="-0.066309">
        <ele>1000.1</ele>
        <time>2018-09-03T14:59:00Z</time>
        <sat>9</sat>
      </trkpt>
      <trkpt lat="40.621964" lon="-0.066502">
        <ele>997.2</ele>
        <time>2018-09-03T14:59:12Z</time>
        <sat>8</sat>
      </trkpt>
      <trkpt lat="40.621912" lon="-0.066681">
        <ele>994.6</ele>
        <time>2018-09-03T14:59:22Z</time>
        <sat>8</sat>
      </trkpt>
      <trkpt lat="40.621876" lon="-0.066821">
        <ele>992.7</ele>
        <time>2018-09-03T14:59:30Z</time>
        <sat>9</sat>
      </trkpt>
      <trkpt lat="40.621846" lon="-0.066958">
        <ele>990.5</ele>
        <time>2018-09-03T14:59:38Z</time>
        <sat>9</sat>
      </trkpt>
      <trkpt lat="40.621769" lon="-0.067061">
        <ele>988.0</ele>
        <time>2018-09-03T14:59:46Z</time>
        <sat>9</sat>
      </trkpt>
      <trkpt lat="40.621774" lon="-0.067208">
        <ele>985.6</ele>
        <time>2018-09-03T14:59:55Z</time>
        <sat>8</sat>
      </trkpt>
      <trkpt lat="40.621819" lon="-0.067331">
        <ele>983.8</ele>
        <time>2018-09-03T15:00:02Z</time>
        <sat>8</sat>
      </trkpt>
      <trkpt lat="40.621752" lon="-0.067426">
        <ele>981.5</ele>
        <time>2018-09-03T15:00:10Z</time>
        <sat>9</sat>
      </trkpt>
      <trkpt lat="40.621757" lon="-0.067559">
        <ele>980.2</ele>
        <time>2018-09-03T15:00:17Z</time>
        <sat>8</sat>
      </trkpt>
      <trkpt lat="40.621732" lon="-0.067737">
        <ele>977.0</ele>
        <time>2018-09-03T15:00:27Z</time>
        <sat>9</sat>
      </trkpt>
      <trkpt lat="40.621714" lon="-0.067884">
        <ele>974.5</ele>
        <time>2018-09-03T15:00:36Z</time>
        <sat>9</sat>
      </trkpt>
      <trkpt lat="40.621690" lon="-0.068004">
        <ele>972.8</ele>
        <time>2018-09-03T15:00:42Z</time>
        <sat>9</sat>
      </trkpt>
      <trkpt lat="40.621639" lon="-0.068106">
        <ele>971.3</ele>
        <time>2018-09-03T15:00:49Z</time>
        <sat>9</sat>
      </trkpt>
      <trkpt lat="40.621639" lon="-0.068259">
        <ele>969.3</ele>
        <time>2018-09-03T15:00:58Z</time>
        <sat>9</sat>
      </trkpt>
      <trkpt lat="40.621672" lon="-0.068373">
        <ele>967.9</ele>
        <time>2018-09-03T15:01:04Z</time>
        <sat>9</sat>
      </trkpt>
      <trkpt lat="40.621759" lon="-0.068404">
        <ele>967.2</ele>
        <time>2018-09-03T15:01:11Z</time>
        <sat>8</sat>
      </trkpt>
      <trkpt lat="40.621837" lon="-0.068464">
        <ele>965.8</ele>
        <time>2018-09-03T15:01:18Z</time>
        <sat>9</sat>
      </trkpt>
      <trkpt lat="40.621790" lon="-0.068576">
        <ele>964.8</ele>
        <time>2018-09-03T15:01:25Z</time>
        <sat>9</sat>
      </trkpt>
      <trkpt lat="40.621774" lon="-0.068734">
        <ele>962.6</ele>
        <time>2018-09-03T15:01:34Z</time>
        <sat>9</sat>
      </trkpt>
      <trkpt lat="40.621769" lon="-0.068861">
        <ele>961.0</ele>
        <time>2018-09-03T15:01:41Z</time>
        <sat>9</sat>
      </trkpt>
      <trkpt lat="40.621752" lon="-0.068984">
        <ele>959.5</ele>
        <time>2018-09-03T15:01:48Z</time>
        <sat>9</sat>
      </trkpt>
      <trkpt lat="40.621710" lon="-0.069118">
        <ele>958.5</ele>
        <time>2018-09-03T15:01:56Z</time>
        <sat>9</sat>
      </trkpt>
      <trkpt lat="40.621664" lon="-0.069255">
        <ele>957.5</ele>
        <time>2018-09-03T15:02:04Z</time>
        <sat>9</sat>
      </trkpt>
      <trkpt lat="40.621619" lon="-0.069372">
        <ele>955.8</ele>
        <time>2018-09-03T15:02:11Z</time>
        <sat>9</sat>
      </trkpt>
      <trkpt lat="40.621636" lon="-0.069506">
        <ele>954.0</ele>
        <time>2018-09-03T15:02:19Z</time>
        <sat>9</sat>
      </trkpt>
      <trkpt lat="40.621686" lon="-0.069626">
        <ele>951.2</ele>
        <time>2018-09-03T15:02:26Z</time>
        <sat>9</sat>
      </trkpt>
      <trkpt lat="40.621719" lon="-0.069773">
        <ele>949.2</ele>
        <time>2018-09-03T15:02:35Z</time>
        <sat>9</sat>
      </trkpt>
      <trkpt lat="40.621732" lon="-0.069908">
        <ele>946.7</ele>
        <time>2018-09-03T15:02:43Z</time>
        <sat>9</sat>
      </trkpt>
      <trkpt lat="40.621817" lon="-0.069983">
        <ele>944.7</ele>
        <time>2018-09-03T15:02:50Z</time>
        <sat>8</sat>
      </trkpt>
      <trkpt lat="40.621849" lon="-0.070099">
        <ele>942.9</ele>
        <time>2018-09-03T15:02:57Z</time>
        <sat>8</sat>
      </trkpt>
      <trkpt lat="40.621881" lon="-0.070268">
        <ele>940.8</ele>
        <time>2018-09-03T15:03:07Z</time>
        <sat>9</sat>
      </trkpt>
      <trkpt lat="40.621886" lon="-0.070397">
        <ele>938.9</ele>
        <time>2018-09-03T15:03:14Z</time>
        <sat>8</sat>
      </trkpt>
      <trkpt lat="40.621901" lon="-0.070539">
        <ele>937.3</ele>
        <time>2018-09-03T15:03:22Z</time>
        <sat>8</sat>
      </trkpt>
      <trkpt lat="40.621934" lon="-0.070686">
        <ele>935.8</ele>
        <time>2018-09-03T15:03:30Z</time>
        <sat>8</sat>
      </trkpt>
      <trkpt lat="40.621954" lon="-0.070827">
        <ele>934.2</ele>
        <time>2018-09-03T15:03:38Z</time>
        <sat>8</sat>
      </trkpt>
      <trkpt lat="40.621979" lon="-0.070952">
        <ele>933.6</ele>
        <time>2018-09-03T15:03:45Z</time>
        <sat>8</sat>
      </trkpt>
      <trkpt lat="40.622020" lon="-0.071069">
        <ele>932.2</ele>
        <time>2018-09-03T15:03:52Z</time>
        <sat>8</sat>
      </trkpt>
      <trkpt lat="40.622067" lon="-0.071175">
        <ele>931.0</ele>
        <time>2018-09-03T15:03:59Z</time>
        <sat>8</sat>
      </trkpt>
      <trkpt lat="40.622127" lon="-0.071267">
        <ele>928.8</ele>
        <time>2018-09-03T15:04:06Z</time>
        <sat>8</sat>
      </trkpt>
      <trkpt lat="40.622174" lon="-0.071396">
        <ele>926.0</ele>
        <time>2018-09-03T15:04:14Z</time>
        <sat>8</sat>
      </trkpt>
      <trkpt lat="40.622174" lon="-0.071516">
        <ele>924.3</ele>
        <time>2018-09-03T15:04:21Z</time>
        <sat>8</sat>
      </trkpt>
      <trkpt lat="40.622116" lon="-0.071616">
        <ele>922.5</ele>
        <time>2018-09-03T15:04:28Z</time>
        <sat>7</sat>
      </trkpt>
      <trkpt lat="40.622045" lon="-0.071708">
        <ele>921.1</ele>
        <time>2018-09-03T15:04:35Z</time>
        <sat>8</sat>
      </trkpt>
      <trkpt lat="40.621959" lon="-0.071781">
        <ele>920.1</ele>
        <time>2018-09-03T15:04:43Z</time>
        <sat>8</sat>
      </trkpt>
      <trkpt lat="40.621877" lon="-0.071857">
        <ele>919.3</ele>
        <time>2018-09-03T15:04:50Z</time>
        <sat>8</sat>
      </trkpt>
      <trkpt lat="40.621972" lon="-0.071877">
        <ele>917.7</ele>
        <time>2018-09-03T15:04:57Z</time>
        <sat>7</sat>
      </trkpt>
      <trkpt lat="40.621916" lon="-0.071972">
        <ele>915.5</ele>
        <time>2018-09-03T15:05:04Z</time>
        <sat>7</sat>
      </trkpt>
      <trkpt lat="40.621832" lon="-0.072041">
        <ele>913.0</ele>
        <time>2018-09-03T15:05:11Z</time>
        <sat>7</sat>
      </trkpt>
      <trkpt lat="40.621735" lon="-0.072074">
        <ele>910.1</ele>
        <time>2018-09-03T15:05:18Z</time>
        <sat>7</sat>
      </trkpt>
      <trkpt lat="40.621707" lon="-0.072187">
        <ele>907.2</ele>
        <time>2018-09-03T15:05:25Z</time>
        <sat>6</sat>
      </trkpt>
      <trkpt lat="40.621781" lon="-0.072271">
        <ele>906.3</ele>
        <time>2018-09-03T15:05:32Z</time>
        <sat>6</sat>
      </trkpt>
      <trkpt lat="40.621866" lon="-0.072191">
        <ele>906.5</ele>
        <time>2018-09-03T15:05:40Z</time>
        <sat>6</sat>
      </trkpt>
      <trkpt lat="40.621967" lon="-0.072168">
        <ele>904.3</ele>
        <time>2018-09-03T15:05:47Z</time>
        <sat>6</sat>
      </trkpt>
      <trkpt lat="40.621997" lon="-0.072287">
        <ele>904.1</ele>
        <time>2018-09-03T15:05:54Z</time>
        <sat>6</sat>
      </trkpt>
      <trkpt lat="40.622006" lon="-0.072417">
        <ele>906.7</ele>
        <time>2018-09-03T15:06:02Z</time>
        <sat>6</sat>
      </trkpt>
      <trkpt lat="40.621999" lon="-0.072536">
        <ele>908.0</ele>
        <time>2018-09-03T15:06:08Z</time>
        <sat>7</sat>
      </trkpt>
      <trkpt lat="40.621969" lon="-0.072653">
        <ele>909.7</ele>
        <time>2018-09-03T15:06:15Z</time>
        <sat>7</sat>
      </trkpt>
      <trkpt lat="40.622016" lon="-0.072762">
        <ele>913.0</ele>
        <time>2018-09-03T15:06:22Z</time>
        <sat>9</sat>
      </trkpt>
      <trkpt lat="40.622097" lon="-0.072819">
        <ele>913.4</ele>
        <time>2018-09-03T15:06:29Z</time>
        <sat>9</sat>
      </trkpt>
      <trkpt lat="40.622197" lon="-0.072796">
        <ele>914.1</ele>
        <time>2018-09-03T15:06:36Z</time>
        <sat>8</sat>
      </trkpt>
      <trkpt lat="40.622301" lon="-0.072751">
        <ele>915.0</ele>
        <time>2018-09-03T15:06:44Z</time>
        <sat>8</sat>
      </trkpt>
      <trkpt lat="40.622389" lon="-0.072706">
        <ele>916.0</ele>
        <time>2018-09-03T15:06:51Z</time>
        <sat>8</sat>
      </trkpt>
      <trkpt lat="40.622487" lon="-0.072726">
        <ele>917.4</ele>
        <time>2018-09-03T15:06:59Z</time>
        <sat>8</sat>
      </trkpt>
      <trkpt lat="40.622547" lon="-0.072838">
        <ele>917.7</ele>
        <time>2018-09-03T15:07:06Z</time>
        <sat>8</sat>
      </trkpt>
      <trkpt lat="40.622605" lon="-0.072957">
        <ele>918.5</ele>
        <time>2018-09-03T15:07:14Z</time>
        <sat>8</sat>
      </trkpt>
      <trkpt lat="40.622654" lon="-0.073082">
        <ele>918.6</ele>
        <time>2018-09-03T15:07:22Z</time>
        <sat>9</sat>
      </trkpt>
      <trkpt lat="40.622700" lon="-0.073199">
        <ele>918.7</ele>
        <time>2018-09-03T15:07:29Z</time>
        <sat>9</sat>
      </trkpt>
      <trkpt lat="40.622747" lon="-0.073306">
        <ele>918.7</ele>
        <time>2018-09-03T15:07:36Z</time>
        <sat>9</sat>
      </trkpt>
      <trkpt lat="40.622829" lon="-0.073416">
        <ele>919.0</ele>
        <time>2018-09-03T15:07:44Z</time>
        <sat>9</sat>
      </trkpt>
      <trkpt lat="40.622907" lon="-0.073501">
        <ele>918.7</ele>
        <time>2018-09-03T15:07:51Z</time>
        <sat>10</sat>
      </trkpt>
      <trkpt lat="40.623002" lon="-0.073579">
        <ele>918.4</ele>
        <time>2018-09-03T15:08:00Z</time>
        <sat>10</sat>
      </trkpt>
      <trkpt lat="40.623086" lon="-0.073639">
        <ele>918.3</ele>
        <time>2018-09-03T15:08:06Z</time>
        <sat>9</sat>
      </trkpt>
      <trkpt lat="40.623159" lon="-0.073710">
        <ele>918.0</ele>
        <time>2018-09-03T15:08:13Z</time>
        <sat>9</sat>
      </trkpt>
      <trkpt lat="40.623255" lon="-0.073772">
        <ele>917.7</ele>
        <time>2018-09-03T15:08:21Z</time>
        <sat>9</sat>
      </trkpt>
      <trkpt lat="40.623361" lon="-0.073831">
        <ele>917.7</ele>
        <time>2018-09-03T15:08:29Z</time>
        <sat>9</sat>
      </trkpt>
      <trkpt lat="40.623454" lon="-0.073896">
        <ele>917.6</ele>
        <time>2018-09-03T15:08:37Z</time>
        <sat>9</sat>
      </trkpt>
      <trkpt lat="40.623544" lon="-0.073939">
        <ele>917.8</ele>
        <time>2018-09-03T15:08:44Z</time>
        <sat>8</sat>
      </trkpt>
      <trkpt lat="40.623649" lon="-0.074019">
        <ele>917.7</ele>
        <time>2018-09-03T15:08:52Z</time>
        <sat>8</sat>
      </trkpt>
      <trkpt lat="40.623735" lon="-0.074112">
        <ele>917.8</ele>
        <time>2018-09-03T15:09:00Z</time>
        <sat>8</sat>
      </trkpt>
      <trkpt lat="40.623782" lon="-0.074229">
        <ele>916.2</ele>
        <time>2018-09-03T15:09:08Z</time>
        <sat>8</sat>
      </trkpt>
      <trkpt lat="40.623845" lon="-0.074348">
        <ele>916.0</ele>
        <time>2018-09-03T15:09:16Z</time>
        <sat>9</sat>
      </trkpt>
      <trkpt lat="40.623896" lon="-0.074491">
        <ele>914.5</ele>
        <time>2018-09-03T15:09:24Z</time>
        <sat>9</sat>
      </trkpt>
      <trkpt lat="40.623929" lon="-0.074629">
        <ele>913.3</ele>
        <time>2018-09-03T15:09:32Z</time>
        <sat>9</sat>
      </trkpt>
      <trkpt lat="40.623932" lon="-0.074766">
        <ele>911.9</ele>
        <time>2018-09-03T15:09:40Z</time>
        <sat>9</sat>
      </trkpt>
      <trkpt lat="40.623847" lon="-0.074894">
        <ele>910.1</ele>
        <time>2018-09-03T15:09:49Z</time>
        <sat>9</sat>
      </trkpt>
      <trkpt lat="40.623792" lon="-0.075006">
        <ele>909.2</ele>
        <time>2018-09-03T15:09:57Z</time>
        <sat>9</sat>
      </trkpt>
      <trkpt lat="40.623767" lon="-0.075161">
        <ele>907.2</ele>
        <time>2018-09-03T15:10:06Z</time>
        <sat>9</sat>
      </trkpt>
      <trkpt lat="40.623752" lon="-0.075314">
        <ele>905.5</ele>
        <time>2018-09-03T15:10:14Z</time>
        <sat>9</sat>
      </trkpt>
      <trkpt lat="40.623684" lon="-0.075461">
        <ele>902.7</ele>
        <time>2018-09-03T15:10:24Z</time>
        <sat>9</sat>
      </trkpt>
      <trkpt lat="40.623642" lon="-0.075589">
        <ele>900.4</ele>
        <time>2018-09-03T15:10:32Z</time>
        <sat>9</sat>
      </trkpt>
      <trkpt lat="40.623644" lon="-0.075721">
        <ele>899.7</ele>
        <time>2018-09-03T15:10:39Z</time>
        <sat>9</sat>
      </trkpt>
      <trkpt lat="40.623637" lon="-0.075839">
        <ele>900.2</ele>
        <time>2018-09-03T15:10:45Z</time>
        <sat>10</sat>
      </trkpt>
      <trkpt lat="40.623637" lon="-0.075839">
        <ele>900.2</ele>
        <time>2018-09-03T15:10:45Z</time>
        <sat>10</sat>
      </trkpt>
      <trkpt lat="40.623561" lon="-0.075918">
        <ele>899.1</ele>
        <time>2018-09-03T15:10:52Z</time>
        <sat>8</sat>
      </trkpt>
      <trkpt lat="40.623469" lon="-0.076006">
        <ele>897.9</ele>
        <time>2018-09-03T15:11:01Z</time>
        <sat>8</sat>
      </trkpt>
      <trkpt lat="40.623362" lon="-0.076078">
        <ele>897.7</ele>
        <time>2018-09-03T15:11:09Z</time>
        <sat>8</sat>
      </trkpt>
      <trkpt lat="40.623264" lon="-0.076159">
        <ele>897.1</ele>
        <time>2018-09-03T15:11:18Z</time>
        <sat>8</sat>
      </trkpt>
      <trkpt lat="40.623190" lon="-0.076229">
        <ele>896.5</ele>
        <time>2018-09-03T15:11:24Z</time>
        <sat>8</sat>
      </trkpt>
      <trkpt lat="40.623077" lon="-0.076296">
        <ele>896.5</ele>
        <time>2018-09-03T15:11:33Z</time>
        <sat>8</sat>
      </trkpt>
      <trkpt lat="40.623006" lon="-0.076404">
        <ele>895.5</ele>
        <time>2018-09-03T15:11:41Z</time>
        <sat>8</sat>
      </trkpt>
      <trkpt lat="40.622935" lon="-0.076536">
        <ele>893.8</ele>
        <time>2018-09-03T15:11:50Z</time>
        <sat>8</sat>
      </trkpt>
      <trkpt lat="40.622859" lon="-0.076621">
        <ele>893.2</ele>
        <time>2018-09-03T15:11:57Z</time>
        <sat>9</sat>
      </trkpt>
      <trkpt lat="40.622813" lon="-0.076618">
        <ele>893.6</ele>
        <time>2018-09-03T15:12:01Z</time>
      </trkpt>
      <trkpt lat="40.622760" lon="-0.076665">
        <ele>892.9</ele>
        <time>2018-09-03T15:12:05Z</time>
      </trkpt>
      <trkpt lat="40.622747" lon="-0.076657">
        <ele>892.9</ele>
        <time>2018-09-03T15:12:05Z</time>
      </trkpt>
      <trkpt lat="40.622872" lon="-0.076975">
        <ele>888.5</ele>
        <time>2018-09-03T15:12:25Z</time>
      </trkpt>
      <trkpt lat="40.622956" lon="-0.077137">
        <ele>890.4</ele>
        <time>2018-09-03T15:12:36Z</time>
      </trkpt>
      <trkpt lat="40.623047" lon="-0.077123">
        <ele>890.9</ele>
        <time>2018-09-03T15:12:43Z</time>
      </trkpt>
      <trkpt lat="40.623122" lon="-0.077137">
        <ele>891.7</ele>
        <time>2018-09-03T15:12:48Z</time>
      </trkpt>
      <trkpt lat="40.623363" lon="-0.077400">
        <ele>895.7</ele>
        <time>2018-09-03T15:13:11Z</time>
      </trkpt>
      <trkpt lat="40.623702" lon="-0.077475">
        <ele>899.8</ele>
        <time>2018-09-03T15:13:36Z</time>
      </trkpt>
      <trkpt lat="40.623807" lon="-0.077456">
        <ele>901.8</ele>
        <time>2018-09-03T15:13:44Z</time>
      </trkpt>
      <trkpt lat="40.623867" lon="-0.077424">
        <ele>902.7</ele>
        <time>2018-09-03T15:13:49Z</time>
      </trkpt>
      <trkpt lat="40.623932" lon="-0.077418">
        <ele>903.5</ele>
        <time>2018-09-03T15:13:53Z</time>
      </trkpt>
      <trkpt lat="40.623988" lon="-0.077455">
        <ele>904.7</ele>
        <time>2018-09-03T15:13:58Z</time>
      </trkpt>
      <trkpt lat="40.624008" lon="-0.077500">
        <ele>905.2</ele>
        <time>2018-09-03T15:14:01Z</time>
      </trkpt>
      <trkpt lat="40.624010" lon="-0.077505">
        <ele>905.3</ele>
        <time>2018-09-03T15:14:01Z</time>
      </trkpt>
      <trkpt lat="40.624010" lon="-0.077578">
        <ele>905.7</ele>
        <time>2018-09-03T15:14:05Z</time>
      </trkpt>
      <trkpt lat="40.623962" lon="-0.077705">
        <ele>905.9</ele>
        <time>2018-09-03T15:14:13Z</time>
      </trkpt>
      <trkpt lat="40.623928" lon="-0.077840">
        <ele>906.3</ele>
        <time>2018-09-03T15:14:21Z</time>
      </trkpt>
      <trkpt lat="40.623869" lon="-0.077979">
        <ele>907.1</ele>
        <time>2018-09-03T15:14:30Z</time>
      </trkpt>
      <trkpt lat="40.623797" lon="-0.078131">
        <ele>909.1</ele>
        <time>2018-09-03T15:14:39Z</time>
      </trkpt>
      <trkpt lat="40.623694" lon="-0.078334">
        <ele>911.5</ele>
        <time>2018-09-03T15:14:53Z</time>
      </trkpt>
      <trkpt lat="40.623626" lon="-0.078515">
        <ele>913.4</ele>
        <time>2018-09-03T15:15:04Z</time>
      </trkpt>
      <trkpt lat="40.623644" lon="-0.078723">
        <ele>915.0</ele>
        <time>2018-09-03T15:15:16Z</time>
      </trkpt>
      <trkpt lat="40.623716" lon="-0.078951">
        <ele>915.1</ele>
        <time>2018-09-03T15:15:29Z</time>
      </trkpt>
      <trkpt lat="40.623824" lon="-0.079223">
        <ele>915.9</ele>
        <time>2018-09-03T15:15:46Z</time>
      </trkpt>
      <trkpt lat="40.624090" lon="-0.079717">
        <ele>917.1</ele>
        <time>2018-09-03T15:16:19Z</time>
      </trkpt>
      <trkpt lat="40.624144" lon="-0.079823">
        <ele>917.1</ele>
        <time>2018-09-03T15:16:26Z</time>
      </trkpt>
      <trkpt lat="40.624196" lon="-0.079988">
        <ele>916.9</ele>
        <time>2018-09-03T15:16:36Z</time>
      </trkpt>
      <trkpt lat="40.624237" lon="-0.080381">
        <ele>916.4</ele>
        <time>2018-09-03T15:16:58Z</time>
      </trkpt>
      <trkpt lat="40.624248" lon="-0.080571">
        <ele>915.7</ele>
        <time>2018-09-03T15:17:09Z</time>
      </trkpt>
      <trkpt lat="40.624294" lon="-0.080709">
        <ele>915.9</ele>
        <time>2018-09-03T15:17:17Z</time>
      </trkpt>
      <trkpt lat="40.624384" lon="-0.080887">
        <ele>915.9</ele>
        <time>2018-09-03T15:17:29Z</time>
      </trkpt>
      <trkpt lat="40.624489" lon="-0.081129">
        <ele>915.9</ele>
        <time>2018-09-03T15:17:44Z</time>
      </trkpt>
      <trkpt lat="40.624631" lon="-0.081458">
        <ele>915.8</ele>
        <time>2018-09-03T15:18:05Z</time>
      </trkpt>
      <trkpt lat="40.624683" lon="-0.081550">
        <ele>916.1</ele>
        <time>2018-09-03T15:18:11Z</time>
      </trkpt>
      <trkpt lat="40.624734" lon="-0.081633">
        <ele>916.1</ele>
        <time>2018-09-03T15:18:17Z</time>
      </trkpt>
      <trkpt lat="40.624750" lon="-0.081667">
        <ele>916.1</ele>
        <time>2018-09-03T15:18:19Z</time>
      </trkpt>
      <trkpt lat="40.624784" lon="-0.081716">
        <ele>916.1</ele>
        <time>2018-09-03T15:18:23Z</time>
      </trkpt>
      <trkpt lat="40.624817" lon="-0.081767">
        <ele>916.1</ele>
        <time>2018-09-03T15:18:26Z</time>
      </trkpt>
      <trkpt lat="40.624868" lon="-0.081816">
        <ele>916.0</ele>
        <time>2018-09-03T15:18:31Z</time>
      </trkpt>
      <trkpt lat="40.624900" lon="-0.081850">
        <ele>916.0</ele>
        <time>2018-09-03T15:18:34Z</time>
      </trkpt>
      <trkpt lat="40.624933" lon="-0.081900">
        <ele>915.9</ele>
        <time>2018-09-03T15:18:38Z</time>
      </trkpt>
      <trkpt lat="40.624967" lon="-0.081950">
        <ele>915.9</ele>
        <time>2018-09-03T15:18:41Z</time>
      </trkpt>
      <trkpt lat="40.625000" lon="-0.082017">
        <ele>915.6</ele>
        <time>2018-09-03T15:18:46Z</time>
      </trkpt>
      <trkpt lat="40.625033" lon="-0.082066">
        <ele>915.5</ele>
        <time>2018-09-03T15:18:49Z</time>
      </trkpt>
      <trkpt lat="40.625067" lon="-0.082133">
        <ele>915.5</ele>
        <time>2018-09-03T15:18:54Z</time>
      </trkpt>
      <trkpt lat="40.625085" lon="-0.082183">
        <ele>915.3</ele>
        <time>2018-09-03T15:18:57Z</time>
      </trkpt>
      <trkpt lat="40.625117" lon="-0.082250">
        <ele>915.1</ele>
        <time>2018-09-03T15:19:01Z</time>
      </trkpt>
      <trkpt lat="40.625135" lon="-0.082317">
        <ele>914.6</ele>
        <time>2018-09-03T15:19:05Z</time>
      </trkpt>
      <trkpt lat="40.625167" lon="-0.082367">
        <ele>914.8</ele>
        <time>2018-09-03T15:19:09Z</time>
      </trkpt>
      <trkpt lat="40.625201" lon="-0.082416">
        <ele>914.8</ele>
        <time>2018-09-03T15:19:12Z</time>
      </trkpt>
      <trkpt lat="40.625235" lon="-0.082467">
        <ele>914.8</ele>
        <time>2018-09-03T15:19:16Z</time>
      </trkpt>
      <trkpt lat="40.625267" lon="-0.082516">
        <ele>914.7</ele>
        <time>2018-09-03T15:19:19Z</time>
      </trkpt>
      <trkpt lat="40.625301" lon="-0.082567">
        <ele>914.6</ele>
        <time>2018-09-03T15:19:23Z</time>
      </trkpt>
      <trkpt lat="40.625334" lon="-0.082633">
        <ele>914.6</ele>
        <time>2018-09-03T15:19:28Z</time>
      </trkpt>
      <trkpt lat="40.625350" lon="-0.082683">
        <ele>914.6</ele>
        <time>2018-09-03T15:19:31Z</time>
      </trkpt>
      <trkpt lat="40.625367" lon="-0.082750">
        <ele>914.5</ele>
        <time>2018-09-03T15:19:34Z</time>
      </trkpt>
      <trkpt lat="40.625400" lon="-0.082800">
        <ele>914.9</ele>
        <time>2018-09-03T15:19:38Z</time>
      </trkpt>
      <trkpt lat="40.625417" lon="-0.082883">
        <ele>914.3</ele>
        <time>2018-09-03T15:19:43Z</time>
      </trkpt>
      <trkpt lat="40.625434" lon="-0.082950">
        <ele>914.0</ele>
        <time>2018-09-03T15:19:47Z</time>
      </trkpt>
      <trkpt lat="40.625467" lon="-0.083017">
        <ele>914.1</ele>
        <time>2018-09-03T15:19:51Z</time>
      </trkpt>
      <trkpt lat="40.625483" lon="-0.083100">
        <ele>913.7</ele>
        <time>2018-09-03T15:19:56Z</time>
      </trkpt>
      <trkpt lat="40.625517" lon="-0.083183">
        <ele>914.0</ele>
        <time>2018-09-03T15:20:01Z</time>
      </trkpt>
      <trkpt lat="40.625534" lon="-0.083250">
        <ele>913.8</ele>
        <time>2018-09-03T15:20:05Z</time>
      </trkpt>
      <trkpt lat="40.625550" lon="-0.083333">
        <ele>913.9</ele>
        <time>2018-09-03T15:20:10Z</time>
      </trkpt>
      <trkpt lat="40.625568" lon="-0.083416">
        <ele>913.8</ele>
        <time>2018-09-03T15:20:14Z</time>
      </trkpt>
      <trkpt lat="40.625583" lon="-0.083500">
        <ele>913.2</ele>
        <time>2018-09-03T15:20:19Z</time>
      </trkpt>
      <trkpt lat="40.625602" lon="-0.083583">
        <ele>913.1</ele>
        <time>2018-09-03T15:20:24Z</time>
      </trkpt>
      <trkpt lat="40.625617" lon="-0.083667">
        <ele>913.1</ele>
        <time>2018-09-03T15:20:29Z</time>
      </trkpt>
      <trkpt lat="40.625634" lon="-0.083750">
        <ele>913.0</ele>
        <time>2018-09-03T15:20:33Z</time>
      </trkpt>
      <trkpt lat="40.625634" lon="-0.083817">
        <ele>913.0</ele>
        <time>2018-09-03T15:20:37Z</time>
      </trkpt>
      <trkpt lat="40.625651" lon="-0.083883">
        <ele>913.5</ele>
        <time>2018-09-03T15:20:41Z</time>
      </trkpt>
      <trkpt lat="40.625685" lon="-0.083983">
        <ele>916.0</ele>
        <time>2018-09-03T15:20:47Z</time>
      </trkpt>
      <trkpt lat="40.625734" lon="-0.084083">
        <ele>916.8</ele>
        <time>2018-09-03T15:20:54Z</time>
      </trkpt>
      <trkpt lat="40.625767" lon="-0.084183">
        <ele>917.0</ele>
        <time>2018-09-03T15:21:00Z</time>
      </trkpt>
      <trkpt lat="40.625817" lon="-0.084267">
        <ele>918.0</ele>
        <time>2018-09-03T15:21:06Z</time>
      </trkpt>
      <trkpt lat="40.625884" lon="-0.084367">
        <ele>919.4</ele>
        <time>2018-09-03T15:21:13Z</time>
      </trkpt>
      <trkpt lat="40.625917" lon="-0.084467">
        <ele>920.1</ele>
        <time>2018-09-03T15:21:19Z</time>
      </trkpt>
      <trkpt lat="40.625950" lon="-0.084550">
        <ele>921.0</ele>
        <time>2018-09-03T15:21:24Z</time>
      </trkpt>
      <trkpt lat="40.625984" lon="-0.084633">
        <ele>921.6</ele>
        <time>2018-09-03T15:21:29Z</time>
      </trkpt>
      <trkpt lat="40.626017" lon="-0.084733">
        <ele>922.1</ele>
        <time>2018-09-03T15:21:35Z</time>
      </trkpt>
      <trkpt lat="40.626050" lon="-0.084817">
        <ele>922.5</ele>
        <time>2018-09-03T15:21:40Z</time>
      </trkpt>
      <trkpt lat="40.626084" lon="-0.084900">
        <ele>923.0</ele>
        <time>2018-09-03T15:21:46Z</time>
      </trkpt>
      <trkpt lat="40.626118" lon="-0.085000">
        <ele>923.2</ele>
        <time>2018-09-03T15:21:52Z</time>
      </trkpt>
      <trkpt lat="40.626150" lon="-0.085100">
        <ele>924.0</ele>
        <time>2018-09-03T15:21:58Z</time>
      </trkpt>
      <trkpt lat="40.626183" lon="-0.085200">
        <ele>924.6</ele>
        <time>2018-09-03T15:22:04Z</time>
      </trkpt>
      <trkpt lat="40.626218" lon="-0.085283">
        <ele>925.4</ele>
        <time>2018-09-03T15:22:09Z</time>
      </trkpt>
      <trkpt lat="40.626218" lon="-0.085316">
        <ele>925.2</ele>
        <time>2018-09-03T15:22:11Z</time>
      </trkpt>
      <trkpt lat="40.626267" lon="-0.085467">
        <ele>925.3</ele>
        <time>2018-09-03T15:22:20Z</time>
      </trkpt>
      <trkpt lat="40.626283" lon="-0.085567">
        <ele>925.0</ele>
        <time>2018-09-03T15:22:25Z</time>
      </trkpt>
      <trkpt lat="40.626283" lon="-0.085616">
        <ele>924.7</ele>
        <time>2018-09-03T15:22:28Z</time>
      </trkpt>
      <trkpt lat="40.626301" lon="-0.085683">
        <ele>924.3</ele>
        <time>2018-09-03T15:22:32Z</time>
      </trkpt>
      <trkpt lat="40.626317" lon="-0.085765">
        <ele>923.9</ele>
        <time>2018-09-03T15:22:37Z</time>
      </trkpt>
      <trkpt lat="40.626335" lon="-0.085833">
        <ele>923.6</ele>
        <time>2018-09-03T15:22:41Z</time>
      </trkpt>
      <trkpt lat="40.626350" lon="-0.085917">
        <ele>923.5</ele>
        <time>2018-09-03T15:22:45Z</time>
      </trkpt>
      <trkpt lat="40.626367" lon="-0.086000">
        <ele>922.5</ele>
        <time>2018-09-03T15:22:50Z</time>
      </trkpt>
      <trkpt lat="40.626400" lon="-0.086083">
        <ele>922.8</ele>
        <time>2018-09-03T15:22:55Z</time>
      </trkpt>
      <trkpt lat="40.626417" lon="-0.086150">
        <ele>922.2</ele>
        <time>2018-09-03T15:22:59Z</time>
      </trkpt>
      <trkpt lat="40.626450" lon="-0.086233">
        <ele>921.8</ele>
        <time>2018-09-03T15:23:04Z</time>
      </trkpt>
      <trkpt lat="40.626483" lon="-0.086315">
        <ele>921.5</ele>
        <time>2018-09-03T15:23:09Z</time>
      </trkpt>
      <trkpt lat="40.626500" lon="-0.086400">
        <ele>921.0</ele>
        <time>2018-09-03T15:23:14Z</time>
      </trkpt>
      <trkpt lat="40.626518" lon="-0.086483">
        <ele>920.5</ele>
        <time>2018-09-03T15:23:19Z</time>
      </trkpt>
      <trkpt lat="40.626534" lon="-0.086583">
        <ele>920.8</ele>
        <time>2018-09-03T15:23:25Z</time>
      </trkpt>
      <trkpt lat="40.626550" lon="-0.086666">
        <ele>921.4</ele>
        <time>2018-09-03T15:23:29Z</time>
      </trkpt>
      <trkpt lat="40.626583" lon="-0.086750">
        <ele>921.2</ele>
        <time>2018-09-03T15:23:35Z</time>
      </trkpt>
      <trkpt lat="40.626618" lon="-0.086850">
        <ele>921.8</ele>
        <time>2018-09-03T15:23:41Z</time>
      </trkpt>
      <trkpt lat="40.626650" lon="-0.086916">
        <ele>920.9</ele>
        <time>2018-09-03T15:23:45Z</time>
      </trkpt>
      <trkpt lat="40.626700" lon="-0.086999">
        <ele>920.7</ele>
        <time>2018-09-03T15:23:51Z</time>
      </trkpt>
      <trkpt lat="40.626734" lon="-0.087067">
        <ele>919.6</ele>
        <time>2018-09-03T15:23:55Z</time>
      </trkpt>
      <trkpt lat="40.626751" lon="-0.087167">
        <ele>917.8</ele>
        <time>2018-09-03T15:24:01Z</time>
      </trkpt>
      <trkpt lat="40.626768" lon="-0.087266">
        <ele>917.4</ele>
        <time>2018-09-03T15:24:07Z</time>
      </trkpt>
      <trkpt lat="40.626768" lon="-0.087366">
        <ele>916.8</ele>
        <time>2018-09-03T15:24:12Z</time>
      </trkpt>
      <trkpt lat="40.626768" lon="-0.087466">
        <ele>916.7</ele>
        <time>2018-09-03T15:24:18Z</time>
      </trkpt>
      <trkpt lat="40.626784" lon="-0.087549">
        <ele>916.8</ele>
        <time>2018-09-03T15:24:22Z</time>
      </trkpt>
      <trkpt lat="40.626784" lon="-0.087633">
        <ele>917.0</ele>
        <time>2018-09-03T15:24:27Z</time>
      </trkpt>
      <trkpt lat="40.626817" lon="-0.087717">
        <ele>917.9</ele>
        <time>2018-09-03T15:24:32Z</time>
      </trkpt>
      <trkpt lat="40.626851" lon="-0.087782">
        <ele>917.9</ele>
        <time>2018-09-03T15:24:37Z</time>
      </trkpt>
      <trkpt lat="40.626884" lon="-0.087833">
        <ele>917.7</ele>
        <time>2018-09-03T15:24:40Z</time>
      </trkpt>
      <trkpt lat="40.626950" lon="-0.087882">
        <ele>917.8</ele>
        <time>2018-09-03T15:24:46Z</time>
      </trkpt>
      <trkpt lat="40.627001" lon="-0.087916">
        <ele>917.4</ele>
        <time>2018-09-03T15:24:50Z</time>
      </trkpt>
      <trkpt lat="40.627050" lon="-0.087950">
        <ele>917.5</ele>
        <time>2018-09-03T15:24:54Z</time>
      </trkpt>
      <trkpt lat="40.627101" lon="-0.087982">
        <ele>917.0</ele>
        <time>2018-09-03T15:24:58Z</time>
      </trkpt>
      <trkpt lat="40.627150" lon="-0.088016">
        <ele>917.6</ele>
        <time>2018-09-03T15:25:02Z</time>
      </trkpt>
      <trkpt lat="40.627200" lon="-0.088065">
        <ele>917.5</ele>
        <time>2018-09-03T15:25:07Z</time>
      </trkpt>
      <trkpt lat="40.627250" lon="-0.088100">
        <ele>916.8</ele>
        <time>2018-09-03T15:25:11Z</time>
      </trkpt>
      <trkpt lat="40.627300" lon="-0.088133">
        <ele>916.8</ele>
        <time>2018-09-03T15:25:15Z</time>
      </trkpt>
      <trkpt lat="40.627350" lon="-0.088167">
        <ele>916.3</ele>
        <time>2018-09-03T15:25:19Z</time>
      </trkpt>
      <trkpt lat="40.627401" lon="-0.088183">
        <ele>916.8</ele>
        <time>2018-09-03T15:25:23Z</time>
      </trkpt>
      <trkpt lat="40.627450" lon="-0.088215">
        <ele>916.4</ele>
        <time>2018-09-03T15:25:27Z</time>
      </trkpt>
      <trkpt lat="40.627483" lon="-0.088233">
        <ele>916.6</ele>
        <time>2018-09-03T15:25:29Z</time>
      </trkpt>
      <trkpt lat="40.627585" lon="-0.088249">
        <ele>917.6</ele>
        <time>2018-09-03T15:25:37Z</time>
      </trkpt>
      <trkpt lat="40.627634" lon="-0.088267">
        <ele>917.5</ele>
        <time>2018-09-03T15:25:40Z</time>
      </trkpt>
      <trkpt lat="40.627700" lon="-0.088300">
        <ele>918.0</ele>
        <time>2018-09-03T15:25:45Z</time>
      </trkpt>
      <trkpt lat="40.627768" lon="-0.088316">
        <ele>918.3</ele>
        <time>2018-09-03T15:25:50Z</time>
      </trkpt>
      <trkpt lat="40.627833" lon="-0.088349">
        <ele>918.7</ele>
        <time>2018-09-03T15:25:55Z</time>
      </trkpt>
      <trkpt lat="40.627900" lon="-0.088366">
        <ele>919.0</ele>
        <time>2018-09-03T15:26:00Z</time>
      </trkpt>
      <trkpt lat="40.627967" lon="-0.088417">
        <ele>919.6</ele>
        <time>2018-09-03T15:26:06Z</time>
      </trkpt>
      <trkpt lat="40.628000" lon="-0.088432">
        <ele>920.0</ele>
        <time>2018-09-03T15:26:09Z</time>
      </trkpt>
      <trkpt lat="40.628101" lon="-0.088500">
        <ele>921.1</ele>
        <time>2018-09-03T15:26:17Z</time>
      </trkpt>
      <trkpt lat="40.628150" lon="-0.088582">
        <ele>921.5</ele>
        <time>2018-09-03T15:26:23Z</time>
      </trkpt>
      <trkpt lat="40.628217" lon="-0.088650">
        <ele>922.1</ele>
        <time>2018-09-03T15:26:29Z</time>
      </trkpt>
      <trkpt lat="40.628284" lon="-0.088700">
        <ele>922.8</ele>
        <time>2018-09-03T15:26:34Z</time>
      </trkpt>
      <trkpt lat="40.628367" lon="-0.088733">
        <ele>923.5</ele>
        <time>2018-09-03T15:26:41Z</time>
      </trkpt>
      <trkpt lat="40.628434" lon="-0.088765">
        <ele>924.4</ele>
        <time>2018-09-03T15:26:46Z</time>
      </trkpt>
      <trkpt lat="40.628517" lon="-0.088783">
        <ele>924.6</ele>
        <time>2018-09-03T15:26:52Z</time>
      </trkpt>
      <trkpt lat="40.628568" lon="-0.088816">
        <ele>924.6</ele>
        <time>2018-09-03T15:26:56Z</time>
      </trkpt>
      <trkpt lat="40.628634" lon="-0.088850">
        <ele>924.0</ele>
        <time>2018-09-03T15:27:01Z</time>
      </trkpt>
      <trkpt lat="40.628700" lon="-0.088882">
        <ele>924.0</ele>
        <time>2018-09-03T15:27:06Z</time>
      </trkpt>
      <trkpt lat="40.628784" lon="-0.088933">
        <ele>924.2</ele>
        <time>2018-09-03T15:27:13Z</time>
      </trkpt>
      <trkpt lat="40.628867" lon="-0.088967">
        <ele>925.0</ele>
        <time>2018-09-03T15:27:19Z</time>
      </trkpt>
      <trkpt lat="40.628935" lon="-0.089000">
        <ele>925.1</ele>
        <time>2018-09-03T15:27:24Z</time>
      </trkpt>
      <trkpt lat="40.629000" lon="-0.089050">
        <ele>925.0</ele>
        <time>2018-09-03T15:27:30Z</time>
      </trkpt>
      <trkpt lat="40.629067" lon="-0.089116">
        <ele>924.6</ele>
        <time>2018-09-03T15:27:36Z</time>
      </trkpt>
      <trkpt lat="40.629118" lon="-0.089200">
        <ele>924.5</ele>
        <time>2018-09-03T15:27:42Z</time>
      </trkpt>
      <trkpt lat="40.629150" lon="-0.089300">
        <ele>927.1</ele>
        <time>2018-09-03T15:27:48Z</time>
      </trkpt>
      <trkpt lat="40.629150" lon="-0.089300">
        <ele>927.1</ele>
        <time>2018-09-03T15:27:48Z</time>
      </trkpt>
      <trkpt lat="40.629150" lon="-0.089415">
        <ele>928.4</ele>
        <time>2018-09-03T15:27:54Z</time>
      </trkpt>
      <trkpt lat="40.629150" lon="-0.089433">
        <ele>928.7</ele>
        <time>2018-09-03T15:27:55Z</time>
      </trkpt>
      <trkpt lat="40.629167" lon="-0.089617">
        <ele>931.8</ele>
        <time>2018-09-03T15:28:06Z</time>
      </trkpt>
      <trkpt lat="40.629184" lon="-0.089716">
        <ele>933.5</ele>
        <time>2018-09-03T15:28:12Z</time>
      </trkpt>
      <trkpt lat="40.629184" lon="-0.089833">
        <ele>935.3</ele>
        <time>2018-09-03T15:28:18Z</time>
      </trkpt>
      <trkpt lat="40.629201" lon="-0.089950">
        <ele>937.1</ele>
        <time>2018-09-03T15:28:25Z</time>
      </trkpt>
      <trkpt lat="40.629217" lon="-0.090049">
        <ele>938.6</ele>
        <time>2018-09-03T15:28:30Z</time>
      </trkpt>
      <trkpt lat="40.629250" lon="-0.090149">
        <ele>940.0</ele>
        <time>2018-09-03T15:28:36Z</time>
      </trkpt>
      <trkpt lat="40.629283" lon="-0.090249">
        <ele>941.6</ele>
        <time>2018-09-03T15:28:43Z</time>
      </trkpt>
      <trkpt lat="40.629317" lon="-0.090350">
        <ele>943.0</ele>
        <time>2018-09-03T15:28:49Z</time>
      </trkpt>
      <trkpt lat="40.629383" lon="-0.090416">
        <ele>944.3</ele>
        <time>2018-09-03T15:28:55Z</time>
      </trkpt>
      <trkpt lat="40.629383" lon="-0.090433">
        <ele>944.5</ele>
        <time>2018-09-03T15:28:56Z</time>
      </trkpt>
      <trkpt lat="40.629383" lon="-0.090633">
        <ele>947.2</ele>
        <time>2018-09-03T15:29:07Z</time>
      </trkpt>
      <trkpt lat="40.629367" lon="-0.090733">
        <ele>948.1</ele>
        <time>2018-09-03T15:29:12Z</time>
      </trkpt>
      <trkpt lat="40.629367" lon="-0.090850">
        <ele>949.4</ele>
        <time>2018-09-03T15:29:19Z</time>
      </trkpt>
      <trkpt lat="40.629335" lon="-0.090949">
        <ele>950.5</ele>
        <time>2018-09-03T15:29:25Z</time>
      </trkpt>
      <trkpt lat="40.629300" lon="-0.091032">
        <ele>951.5</ele>
        <time>2018-09-03T15:29:30Z</time>
      </trkpt>
      <trkpt lat="40.629267" lon="-0.091132">
        <ele>952.5</ele>
        <time>2018-09-03T15:29:36Z</time>
      </trkpt>
      <trkpt lat="40.629201" lon="-0.091215">
        <ele>953.2</ele>
        <time>2018-09-03T15:29:43Z</time>
      </trkpt>
      <trkpt lat="40.629167" lon="-0.091315">
        <ele>955.1</ele>
        <time>2018-09-03T15:29:49Z</time>
      </trkpt>
      <trkpt lat="40.629100" lon="-0.091398">
        <ele>956.6</ele>
        <time>2018-09-03T15:29:56Z</time>
      </trkpt>
      <trkpt lat="40.629100" lon="-0.091398">
        <ele>956.6</ele>
        <time>2018-09-03T15:29:56Z</time>
      </trkpt>
      <trkpt lat="40.628967" lon="-0.091516">
        <ele>959.0</ele>
        <time>2018-09-03T15:30:07Z</time>
      </trkpt>
      <trkpt lat="40.628884" lon="-0.091565">
        <ele>960.4</ele>
        <time>2018-09-03T15:30:14Z</time>
      </trkpt>
      <trkpt lat="40.628817" lon="-0.091616">
        <ele>961.9</ele>
        <time>2018-09-03T15:30:20Z</time>
      </trkpt>
      <trkpt lat="40.628717" lon="-0.091616">
        <ele>962.8</ele>
        <time>2018-09-03T15:30:27Z</time>
      </trkpt>
      <trkpt lat="40.628651" lon="-0.091616">
        <ele>963.3</ele>
        <time>2018-09-03T15:30:32Z</time>
      </trkpt>
      <trkpt lat="40.628392" lon="-0.091577">
        <ele>965.3</ele>
        <time>2018-09-03T15:30:51Z</time>
      </trkpt>
      <trkpt lat="40.628221" lon="-0.091558">
        <ele>966.9</ele>
        <time>2018-09-03T15:31:03Z</time>
      </trkpt>
      <trkpt lat="40.628061" lon="-0.091560">
        <ele>968.1</ele>
        <time>2018-09-03T15:31:15Z</time>
      </trkpt>
      <trkpt lat="40.627935" lon="-0.091508">
        <ele>967.8</ele>
        <time>2018-09-03T15:31:24Z</time>
      </trkpt>
      <trkpt lat="40.627791" lon="-0.091368">
        <ele>968.2</ele>
        <time>2018-09-03T15:31:37Z</time>
      </trkpt>
      <trkpt lat="40.627433" lon="-0.091154">
        <ele>969.7</ele>
        <time>2018-09-03T15:32:06Z</time>
      </trkpt>
      <trkpt lat="40.626810" lon="-0.090863">
        <ele>967.2</ele>
        <time>2018-09-03T15:32:54Z</time>
      </trkpt>
      <trkpt lat="40.626374" lon="-0.090722">
        <ele>964.1</ele>
        <time>2018-09-03T15:33:26Z</time>
      </trkpt>
      <trkpt lat="40.626003" lon="-0.090718">
        <ele>960.0</ele>
        <time>2018-09-03T15:33:53Z</time>
      </trkpt>
      <trkpt lat="40.625577" lon="-0.090722">
        <ele>957.2</ele>
        <time>2018-09-03T15:34:24Z</time>
      </trkpt>
      <trkpt lat="40.625787" lon="-0.090950">
        <ele>958.9</ele>
        <time>2018-09-03T15:34:44Z</time>
      </trkpt>
      <trkpt lat="40.625927" lon="-0.091213">
        <ele>960.4</ele>
        <time>2018-09-03T15:35:01Z</time>
      </trkpt>
      <trkpt lat="40.626098" lon="-0.092083">
        <ele>962.5</ele>
        <time>2018-09-03T15:35:51Z</time>
      </trkpt>
      <trkpt lat="40.626286" lon="-0.092923">
        <ele>961.0</ele>
        <time>2018-09-03T15:36:39Z</time>
      </trkpt>
      <trkpt lat="40.626268" lon="-0.093993">
        <ele>955.7</ele>
        <time>2018-09-03T15:37:38Z</time>
      </trkpt>
      <trkpt lat="40.625765" lon="-0.096151">
        <ele>942.3</ele>
        <time>2018-09-03T15:39:42Z</time>
      </trkpt>
      <trkpt lat="40.625407" lon="-0.097081">
        <ele>946.2</ele>
        <time>2018-09-03T15:40:39Z</time>
      </trkpt>
      <trkpt lat="40.625046" lon="-0.098647">
        <ele>947.1</ele>
        <time>2018-09-03T15:42:09Z</time>
      </trkpt>
      <trkpt lat="40.624815" lon="-0.099892">
        <ele>946.8</ele>
        <time>2018-09-03T15:43:20Z</time>
      </trkpt>
      <trkpt lat="40.624670" lon="-0.100252">
        <ele>948.4</ele>
        <time>2018-09-03T15:43:42Z</time>
      </trkpt>
      <trkpt lat="40.624165" lon="-0.100475">
        <ele>946.1</ele>
        <time>2018-09-03T15:44:21Z</time>
      </trkpt>
      <trkpt lat="40.623632" lon="-0.100718">
        <ele>952.3</ele>
        <time>2018-09-03T15:45:02Z</time>
      </trkpt>
    </trkseg>
  </trk>
</gpx>
