<?xml version="1.0" encoding="UTF-8" standalone="no" ?>
<gpx xmlns="http://www.topografix.com/GPX/1/1" creator="CompeGPS" version="1.1" xmlns:xsi="http://www.w3.org/2001/XMLSchema-instance" xsi:schemaLocation="http://www.topografix.com/GPX/1/1 http://www.topografix.com/GPX/1/1/gpx.xsd http://www.garmin.com/xmlschemas/GpxExtensions/v3 http://www.garmin.com/xmlschemas/GpxExtensionsv3.xsd http://www.garmin.com/xmlschemas/TrackPointExtension/v1 http://www.garmin.com/xmlschemas/TrackPointExtensionv1.xsd" xmlns:gpxtpx="http://www.garmin.com/xmlschemas/TrackPointExtension/v1">
  <metadata>
    <link href="http://www.compegps.com">
      <text>CompeGPS TEAM, SL</text>
    </link>
    <time>2015-10-20T13:11:28Z</time>
    <bounds maxlat="40.659026" maxlon="-0.000588" minlat="40.621619" minlon="-0.100813"/>
  </metadata>
  <trk>
    <name>HerbesetV2</name>
    <trkseg>
      <trkpt lat="40.621871" lon="-0.099538">
        <ele>965.3</ele>
        <time>2015-10-20T13:09:35Z</time>
        <sat>9</sat>
        <extensions>
          <gpxtpx:TrackPointExtension>
            <gpxtpx:hr>128</gpxtpx:hr>
          </gpxtpx:TrackPointExtension>
        </extensions>
      </trkpt>
      <trkpt lat="40.621898" lon="-0.099576">
        <ele>965.0</ele>
        <time>2015-10-20T13:09:37Z</time>
        <sat>9</sat>
        <extensions>
          <gpxtpx:TrackPointExtension>
            <gpxtpx:hr>128</gpxtpx:hr>
          </gpxtpx:TrackPointExtension>
        </extensions>
      </trkpt>
      <trkpt lat="40.621923" lon="-0.099633">
        <ele>964.6</ele>
        <time>2015-10-20T13:09:40Z</time>
        <sat>9</sat>
        <extensions>
          <gpxtpx:TrackPointExtension>
            <gpxtpx:hr>125</gpxtpx:hr>
          </gpxtpx:TrackPointExtension>
        </extensions>
      </trkpt>
      <trkpt lat="40.621956" lon="-0.099672">
        <ele>964.3</ele>
        <time>2015-10-20T13:09:42Z</time>
        <sat>9</sat>
        <extensions>
          <gpxtpx:TrackPointExtension>
            <gpxtpx:hr>123</gpxtpx:hr>
          </gpxtpx:TrackPointExtension>
        </extensions>
      </trkpt>
      <trkpt lat="40.621987" lon="-0.099750">
        <ele>963.6</ele>
        <time>2015-10-20T13:09:46Z</time>
        <sat>9</sat>
        <extensions>
          <gpxtpx:TrackPointExtension>
            <gpxtpx:hr>121</gpxtpx:hr>
          </gpxtpx:TrackPointExtension>
        </extensions>
      </trkpt>
      <trkpt lat="40.622008" lon="-0.099803">
        <ele>963.2</ele>
        <time>2015-10-20T13:09:49Z</time>
        <sat>9</sat>
        <extensions>
          <gpxtpx:TrackPointExtension>
            <gpxtpx:hr>120</gpxtpx:hr>
          </gpxtpx:TrackPointExtension>
        </extensions>
      </trkpt>
      <trkpt lat="40.622037" lon="-0.099855">
        <ele>962.8</ele>
        <time>2015-10-20T13:09:51Z</time>
        <sat>9</sat>
        <extensions>
          <gpxtpx:TrackPointExtension>
            <gpxtpx:hr>119</gpxtpx:hr>
          </gpxtpx:TrackPointExtension>
        </extensions>
      </trkpt>
      <trkpt lat="40.622069" lon="-0.099908">
        <ele>962.3</ele>
        <time>2015-10-20T13:09:54Z</time>
        <sat>8</sat>
        <extensions>
          <gpxtpx:TrackPointExtension>
            <gpxtpx:hr>117</gpxtpx:hr>
          </gpxtpx:TrackPointExtension>
        </extensions>
      </trkpt>
      <trkpt lat="40.622105" lon="-0.099956">
        <ele>961.8</ele>
        <time>2015-10-20T13:09:57Z</time>
        <sat>9</sat>
        <extensions>
          <gpxtpx:TrackPointExtension>
            <gpxtpx:hr>117</gpxtpx:hr>
          </gpxtpx:TrackPointExtension>
        </extensions>
      </trkpt>
      <trkpt lat="40.622150" lon="-0.099998">
        <ele>961.3</ele>
        <time>2015-10-20T13:10:00Z</time>
        <sat>9</sat>
        <extensions>
          <gpxtpx:TrackPointExtension>
            <gpxtpx:hr>116</gpxtpx:hr>
          </gpxtpx:TrackPointExtension>
        </extensions>
      </trkpt>
      <trkpt lat="40.622199" lon="-0.100031">
        <ele>960.7</ele>
        <time>2015-10-20T13:10:04Z</time>
        <sat>9</sat>
        <extensions>
          <gpxtpx:TrackPointExtension>
            <gpxtpx:hr>115</gpxtpx:hr>
          </gpxtpx:TrackPointExtension>
        </extensions>
      </trkpt>
      <trkpt lat="40.622252" lon="-0.100060">
        <ele>960.4</ele>
        <time>2015-10-20T13:10:07Z</time>
        <sat>9</sat>
        <extensions>
          <gpxtpx:TrackPointExtension>
            <gpxtpx:hr>114</gpxtpx:hr>
          </gpxtpx:TrackPointExtension>
        </extensions>
      </trkpt>
      <trkpt lat="40.622304" lon="-0.100091">
        <ele>960.1</ele>
        <time>2015-10-20T13:10:10Z</time>
        <sat>9</sat>
        <extensions>
          <gpxtpx:TrackPointExtension>
            <gpxtpx:hr>112</gpxtpx:hr>
          </gpxtpx:TrackPointExtension>
        </extensions>
      </trkpt>
      <trkpt lat="40.622348" lon="-0.100126">
        <ele>959.8</ele>
        <time>2015-10-20T13:10:13Z</time>
        <sat>9</sat>
        <extensions>
          <gpxtpx:TrackPointExtension>
            <gpxtpx:hr>111</gpxtpx:hr>
          </gpxtpx:TrackPointExtension>
        </extensions>
      </trkpt>
      <trkpt lat="40.622389" lon="-0.100168">
        <ele>959.7</ele>
        <time>2015-10-20T13:10:16Z</time>
        <sat>8</sat>
        <extensions>
          <gpxtpx:TrackPointExtension>
            <gpxtpx:hr>111</gpxtpx:hr>
          </gpxtpx:TrackPointExtension>
        </extensions>
      </trkpt>
      <trkpt lat="40.622420" lon="-0.100216">
        <ele>959.5</ele>
        <time>2015-10-20T13:10:19Z</time>
        <sat>8</sat>
        <extensions>
          <gpxtpx:TrackPointExtension>
            <gpxtpx:hr>109</gpxtpx:hr>
          </gpxtpx:TrackPointExtension>
        </extensions>
      </trkpt>
      <trkpt lat="40.622445" lon="-0.100273">
        <ele>959.3</ele>
        <time>2015-10-20T13:10:22Z</time>
        <sat>8</sat>
        <extensions>
          <gpxtpx:TrackPointExtension>
            <gpxtpx:hr>108</gpxtpx:hr>
          </gpxtpx:TrackPointExtension>
        </extensions>
      </trkpt>
      <trkpt lat="40.622462" lon="-0.100335">
        <ele>959.0</ele>
        <time>2015-10-20T13:10:24Z</time>
        <sat>8</sat>
        <extensions>
          <gpxtpx:TrackPointExtension>
            <gpxtpx:hr>106</gpxtpx:hr>
          </gpxtpx:TrackPointExtension>
        </extensions>
      </trkpt>
      <trkpt lat="40.622473" lon="-0.100400">
        <ele>958.6</ele>
        <time>2015-10-20T13:10:27Z</time>
        <sat>8</sat>
        <extensions>
          <gpxtpx:TrackPointExtension>
            <gpxtpx:hr>106</gpxtpx:hr>
          </gpxtpx:TrackPointExtension>
        </extensions>
      </trkpt>
      <trkpt lat="40.622482" lon="-0.100466">
        <ele>958.3</ele>
        <time>2015-10-20T13:10:30Z</time>
        <sat>9</sat>
        <extensions>
          <gpxtpx:TrackPointExtension>
            <gpxtpx:hr>104</gpxtpx:hr>
          </gpxtpx:TrackPointExtension>
        </extensions>
      </trkpt>
      <trkpt lat="40.622488" lon="-0.100535">
        <ele>958.2</ele>
        <time>2015-10-20T13:10:33Z</time>
        <sat>8</sat>
        <extensions>
          <gpxtpx:TrackPointExtension>
            <gpxtpx:hr>102</gpxtpx:hr>
          </gpxtpx:TrackPointExtension>
        </extensions>
      </trkpt>
      <trkpt lat="40.622500" lon="-0.100605">
        <ele>957.9</ele>
        <time>2015-10-20T13:10:36Z</time>
        <sat>8</sat>
        <extensions>
          <gpxtpx:TrackPointExtension>
            <gpxtpx:hr>102</gpxtpx:hr>
          </gpxtpx:TrackPointExtension>
        </extensions>
      </trkpt>
      <trkpt lat="40.622519" lon="-0.100670">
        <ele>957.1</ele>
        <time>2015-10-20T13:10:39Z</time>
        <sat>8</sat>
        <extensions>
          <gpxtpx:TrackPointExtension>
            <gpxtpx:hr>102</gpxtpx:hr>
          </gpxtpx:TrackPointExtension>
        </extensions>
      </trkpt>
      <trkpt lat="40.622554" lon="-0.100725">
        <ele>957.2</ele>
        <time>2015-10-20T13:10:42Z</time>
        <sat>8</sat>
        <extensions>
          <gpxtpx:TrackPointExtension>
            <gpxtpx:hr>101</gpxtpx:hr>
          </gpxtpx:TrackPointExtension>
        </extensions>
      </trkpt>
      <trkpt lat="40.622602" lon="-0.100761">
        <ele>956.3</ele>
        <time>2015-10-20T13:10:46Z</time>
        <sat>7</sat>
        <extensions>
          <gpxtpx:TrackPointExtension>
            <gpxtpx:hr>101</gpxtpx:hr>
          </gpxtpx:TrackPointExtension>
        </extensions>
      </trkpt>
      <trkpt lat="40.622659" lon="-0.100785">
        <ele>956.7</ele>
        <time>2015-10-20T13:10:49Z</time>
        <sat>8</sat>
        <extensions>
          <gpxtpx:TrackPointExtension>
            <gpxtpx:hr>100</gpxtpx:hr>
          </gpxtpx:TrackPointExtension>
        </extensions>
      </trkpt>
      <trkpt lat="40.622718" lon="-0.100803">
        <ele>956.1</ele>
        <time>2015-10-20T13:10:53Z</time>
        <sat>8</sat>
        <extensions>
          <gpxtpx:TrackPointExtension>
            <gpxtpx:hr>100</gpxtpx:hr>
          </gpxtpx:TrackPointExtension>
        </extensions>
      </trkpt>
      <trkpt lat="40.622784" lon="-0.100813">
        <ele>955.8</ele>
        <time>2015-10-20T13:10:56Z</time>
        <sat>8</sat>
        <extensions>
          <gpxtpx:TrackPointExtension>
            <gpxtpx:hr>100</gpxtpx:hr>
          </gpxtpx:TrackPointExtension>
        </extensions>
      </trkpt>
      <trkpt lat="40.622850" lon="-0.100813">
        <ele>954.9</ele>
        <time>2015-10-20T13:11:00Z</time>
        <sat>8</sat>
        <extensions>
          <gpxtpx:TrackPointExtension>
            <gpxtpx:hr>99</gpxtpx:hr>
          </gpxtpx:TrackPointExtension>
        </extensions>
      </trkpt>
      <trkpt lat="40.622922" lon="-0.100804">
        <ele>954.5</ele>
        <time>2015-10-20T13:11:04Z</time>
        <sat>8</sat>
        <extensions>
          <gpxtpx:TrackPointExtension>
            <gpxtpx:hr>97</gpxtpx:hr>
          </gpxtpx:TrackPointExtension>
        </extensions>
      </trkpt>
      <trkpt lat="40.622995" lon="-0.100788">
        <ele>954.1</ele>
        <time>2015-10-20T13:11:08Z</time>
        <sat>8</sat>
        <extensions>
          <gpxtpx:TrackPointExtension>
            <gpxtpx:hr>96</gpxtpx:hr>
          </gpxtpx:TrackPointExtension>
        </extensions>
      </trkpt>
      <trkpt lat="40.623070" lon="-0.100763">
        <ele>953.7</ele>
        <time>2015-10-20T13:11:13Z</time>
        <sat>8</sat>
        <extensions>
          <gpxtpx:TrackPointExtension>
            <gpxtpx:hr>96</gpxtpx:hr>
          </gpxtpx:TrackPointExtension>
        </extensions>
      </trkpt>
      <trkpt lat="40.623147" lon="-0.100740">
        <ele>952.3</ele>
        <time>2015-10-20T13:11:17Z</time>
        <sat>8</sat>
        <extensions>
          <gpxtpx:TrackPointExtension>
            <gpxtpx:hr>94</gpxtpx:hr>
          </gpxtpx:TrackPointExtension>
        </extensions>
      </trkpt>
      <trkpt lat="40.623223" lon="-0.100716">
        <ele>952.5</ele>
        <time>2015-10-20T13:11:22Z</time>
        <sat>8</sat>
        <extensions>
          <gpxtpx:TrackPointExtension>
            <gpxtpx:hr>92</gpxtpx:hr>
          </gpxtpx:TrackPointExtension>
        </extensions>
      </trkpt>
      <trkpt lat="40.623302" lon="-0.100694">
        <ele>952.2</ele>
        <time>2015-10-20T13:11:26Z</time>
        <sat>8</sat>
        <extensions>
          <gpxtpx:TrackPointExtension>
            <gpxtpx:hr>90</gpxtpx:hr>
          </gpxtpx:TrackPointExtension>
        </extensions>
      </trkpt>
      <trkpt lat="40.623380" lon="-0.100670">
        <ele>951.6</ele>
        <time>2015-10-20T13:11:31Z</time>
        <sat>8</sat>
        <extensions>
          <gpxtpx:TrackPointExtension>
            <gpxtpx:hr>90</gpxtpx:hr>
          </gpxtpx:TrackPointExtension>
        </extensions>
      </trkpt>
      <trkpt lat="40.623460" lon="-0.100643">
        <ele>951.1</ele>
        <time>2015-10-20T13:11:36Z</time>
        <sat>8</sat>
        <extensions>
          <gpxtpx:TrackPointExtension>
            <gpxtpx:hr>89</gpxtpx:hr>
          </gpxtpx:TrackPointExtension>
        </extensions>
      </trkpt>
      <trkpt lat="40.623540" lon="-0.100616">
        <ele>950.6</ele>
        <time>2015-10-20T13:11:41Z</time>
        <sat>8</sat>
        <extensions>
          <gpxtpx:TrackPointExtension>
            <gpxtpx:hr>89</gpxtpx:hr>
          </gpxtpx:TrackPointExtension>
        </extensions>
      </trkpt>
      <trkpt lat="40.623622" lon="-0.100588">
        <ele>949.9</ele>
        <time>2015-10-20T13:11:45Z</time>
        <sat>8</sat>
        <extensions>
          <gpxtpx:TrackPointExtension>
            <gpxtpx:hr>87</gpxtpx:hr>
          </gpxtpx:TrackPointExtension>
        </extensions>
      </trkpt>
      <trkpt lat="40.623705" lon="-0.100563">
        <ele>949.3</ele>
        <time>2015-10-20T13:11:50Z</time>
        <sat>8</sat>
        <extensions>
          <gpxtpx:TrackPointExtension>
            <gpxtpx:hr>87</gpxtpx:hr>
          </gpxtpx:TrackPointExtension>
        </extensions>
      </trkpt>
      <trkpt lat="40.623789" lon="-0.100535">
        <ele>948.7</ele>
        <time>2015-10-20T13:11:55Z</time>
        <sat>8</sat>
        <extensions>
          <gpxtpx:TrackPointExtension>
            <gpxtpx:hr>88</gpxtpx:hr>
          </gpxtpx:TrackPointExtension>
        </extensions>
      </trkpt>
      <trkpt lat="40.623875" lon="-0.100506">
        <ele>948.0</ele>
        <time>2015-10-20T13:12:00Z</time>
        <sat>8</sat>
        <extensions>
          <gpxtpx:TrackPointExtension>
            <gpxtpx:hr>88</gpxtpx:hr>
          </gpxtpx:TrackPointExtension>
        </extensions>
      </trkpt>
      <trkpt lat="40.623962" lon="-0.100478">
        <ele>946.9</ele>
        <time>2015-10-20T13:12:05Z</time>
        <sat>8</sat>
        <extensions>
          <gpxtpx:TrackPointExtension>
            <gpxtpx:hr>89</gpxtpx:hr>
          </gpxtpx:TrackPointExtension>
        </extensions>
      </trkpt>
      <trkpt lat="40.624052" lon="-0.100448">
        <ele>946.3</ele>
        <time>2015-10-20T13:12:11Z</time>
        <sat>8</sat>
        <extensions>
          <gpxtpx:TrackPointExtension>
            <gpxtpx:hr>88</gpxtpx:hr>
          </gpxtpx:TrackPointExtension>
        </extensions>
      </trkpt>
      <trkpt lat="40.624142" lon="-0.100418">
        <ele>945.9</ele>
        <time>2015-10-20T13:12:16Z</time>
        <sat>8</sat>
        <extensions>
          <gpxtpx:TrackPointExtension>
            <gpxtpx:hr>88</gpxtpx:hr>
          </gpxtpx:TrackPointExtension>
        </extensions>
      </trkpt>
      <trkpt lat="40.624232" lon="-0.100378">
        <ele>945.0</ele>
        <time>2015-10-20T13:12:21Z</time>
        <sat>9</sat>
        <extensions>
          <gpxtpx:TrackPointExtension>
            <gpxtpx:hr>88</gpxtpx:hr>
          </gpxtpx:TrackPointExtension>
        </extensions>
      </trkpt>
      <trkpt lat="40.624317" lon="-0.100330">
        <ele>944.8</ele>
        <time>2015-10-20T13:12:27Z</time>
        <sat>9</sat>
        <extensions>
          <gpxtpx:TrackPointExtension>
            <gpxtpx:hr>86</gpxtpx:hr>
          </gpxtpx:TrackPointExtension>
        </extensions>
      </trkpt>
      <trkpt lat="40.624397" lon="-0.100271">
        <ele>944.8</ele>
        <time>2015-10-20T13:12:32Z</time>
        <sat>9</sat>
        <extensions>
          <gpxtpx:TrackPointExtension>
            <gpxtpx:hr>85</gpxtpx:hr>
          </gpxtpx:TrackPointExtension>
        </extensions>
      </trkpt>
      <trkpt lat="40.624469" lon="-0.100203">
        <ele>944.9</ele>
        <time>2015-10-20T13:12:37Z</time>
        <sat>9</sat>
        <extensions>
          <gpxtpx:TrackPointExtension>
            <gpxtpx:hr>85</gpxtpx:hr>
          </gpxtpx:TrackPointExtension>
        </extensions>
      </trkpt>
      <trkpt lat="40.624532" lon="-0.100129">
        <ele>945.2</ele>
        <time>2015-10-20T13:12:42Z</time>
        <sat>9</sat>
        <extensions>
          <gpxtpx:TrackPointExtension>
            <gpxtpx:hr>85</gpxtpx:hr>
          </gpxtpx:TrackPointExtension>
        </extensions>
      </trkpt>
      <trkpt lat="40.624588" lon="-0.100055">
        <ele>945.3</ele>
        <time>2015-10-20T13:12:46Z</time>
        <sat>9</sat>
        <extensions>
          <gpxtpx:TrackPointExtension>
            <gpxtpx:hr>86</gpxtpx:hr>
          </gpxtpx:TrackPointExtension>
        </extensions>
      </trkpt>
      <trkpt lat="40.624639" lon="-0.099978">
        <ele>945.4</ele>
        <time>2015-10-20T13:12:51Z</time>
        <sat>9</sat>
        <extensions>
          <gpxtpx:TrackPointExtension>
            <gpxtpx:hr>86</gpxtpx:hr>
          </gpxtpx:TrackPointExtension>
        </extensions>
      </trkpt>
      <trkpt lat="40.624682" lon="-0.099900">
        <ele>945.6</ele>
        <time>2015-10-20T13:12:55Z</time>
        <sat>8</sat>
        <extensions>
          <gpxtpx:TrackPointExtension>
            <gpxtpx:hr>86</gpxtpx:hr>
          </gpxtpx:TrackPointExtension>
        </extensions>
      </trkpt>
      <trkpt lat="40.624718" lon="-0.099823">
        <ele>945.8</ele>
        <time>2015-10-20T13:12:59Z</time>
        <sat>8</sat>
        <extensions>
          <gpxtpx:TrackPointExtension>
            <gpxtpx:hr>86</gpxtpx:hr>
          </gpxtpx:TrackPointExtension>
        </extensions>
      </trkpt>
      <trkpt lat="40.624755" lon="-0.099751">
        <ele>946.1</ele>
        <time>2015-10-20T13:13:03Z</time>
        <sat>8</sat>
        <extensions>
          <gpxtpx:TrackPointExtension>
            <gpxtpx:hr>85</gpxtpx:hr>
          </gpxtpx:TrackPointExtension>
        </extensions>
      </trkpt>
      <trkpt lat="40.625203" lon="-0.097388">
        <ele>944.3</ele>
        <time>2015-10-20T13:14:48Z</time>
      </trkpt>
      <trkpt lat="40.625276" lon="-0.097107">
        <ele>944.0</ele>
        <time>2015-10-20T13:15:01Z</time>
      </trkpt>
      <trkpt lat="40.625566" lon="-0.096175">
        <ele>944.3</ele>
        <time>2015-10-20T13:15:45Z</time>
      </trkpt>
      <trkpt lat="40.626112" lon="-0.094459">
        <ele>953.3</ele>
        <time>2015-10-20T13:17:06Z</time>
      </trkpt>
      <trkpt lat="40.626203" lon="-0.093656">
        <ele>957.3</ele>
        <time>2015-10-20T13:17:41Z</time>
      </trkpt>
      <trkpt lat="40.626177" lon="-0.092463">
        <ele>962.1</ele>
        <time>2015-10-20T13:18:33Z</time>
      </trkpt>
      <trkpt lat="40.625934" lon="-0.091410">
        <ele>957.8</ele>
        <time>2015-10-20T13:19:21Z</time>
      </trkpt>
      <trkpt lat="40.625926" lon="-0.091392">
        <ele>958.4</ele>
        <time>2015-10-20T13:19:22Z</time>
      </trkpt>
      <trkpt lat="40.625851" lon="-0.091167">
        <ele>959.6</ele>
        <time>2015-10-20T13:19:32Z</time>
      </trkpt>
      <trkpt lat="40.625742" lon="-0.090979">
        <ele>958.5</ele>
        <time>2015-10-20T13:19:42Z</time>
      </trkpt>
      <trkpt lat="40.625491" lon="-0.090835">
        <ele>956.3</ele>
        <time>2015-10-20T13:19:58Z</time>
      </trkpt>
      <trkpt lat="40.625219" lon="-0.090872">
        <ele>954.0</ele>
        <time>2015-10-20T13:20:14Z</time>
      </trkpt>
      <trkpt lat="40.625202" lon="-0.090844">
        <ele>954.3</ele>
        <time>2015-10-20T13:20:15Z</time>
      </trkpt>
      <trkpt lat="40.625040" lon="-0.091004">
        <ele>952.6</ele>
        <time>2015-10-20T13:20:27Z</time>
      </trkpt>
      <trkpt lat="40.625032" lon="-0.091004">
        <ele>952.6</ele>
        <time>2015-10-20T13:20:27Z</time>
      </trkpt>
      <trkpt lat="40.624926" lon="-0.091212">
        <ele>951.1</ele>
        <time>2015-10-20T13:20:38Z</time>
      </trkpt>
      <trkpt lat="40.624875" lon="-0.091434">
        <ele>949.8</ele>
        <time>2015-10-20T13:20:48Z</time>
      </trkpt>
      <trkpt lat="40.624905" lon="-0.091687">
        <ele>948.4</ele>
        <time>2015-10-20T13:20:59Z</time>
      </trkpt>
      <trkpt lat="40.624983" lon="-0.091806">
        <ele>947.9</ele>
        <time>2015-10-20T13:21:06Z</time>
      </trkpt>
      <trkpt lat="40.625097" lon="-0.091863">
        <ele>947.9</ele>
        <time>2015-10-20T13:21:13Z</time>
      </trkpt>
      <trkpt lat="40.625282" lon="-0.091813">
        <ele>949.2</ele>
        <time>2015-10-20T13:21:24Z</time>
      </trkpt>
      <trkpt lat="40.625540" lon="-0.091684">
        <ele>951.2</ele>
        <time>2015-10-20T13:21:40Z</time>
      </trkpt>
      <trkpt lat="40.626409" lon="-0.091316">
        <ele>958.7</ele>
        <time>2015-10-20T13:22:32Z</time>
      </trkpt>
      <trkpt lat="40.627012" lon="-0.091237">
        <ele>961.2</ele>
        <time>2015-10-20T13:23:07Z</time>
      </trkpt>
      <trkpt lat="40.627620" lon="-0.091432">
        <ele>966.6</ele>
        <time>2015-10-20T13:23:42Z</time>
      </trkpt>
      <trkpt lat="40.628304" lon="-0.091743">
        <ele>969.1</ele>
        <time>2015-10-20T13:24:24Z</time>
      </trkpt>
      <trkpt lat="40.628665" lon="-0.091862">
        <ele>969.7</ele>
        <time>2015-10-20T13:24:45Z</time>
      </trkpt>
      <trkpt lat="40.628812" lon="-0.091881">
        <ele>969.9</ele>
        <time>2015-10-20T13:24:53Z</time>
        <sat>9</sat>
        <extensions>
          <gpxtpx:TrackPointExtension>
            <gpxtpx:hr>103</gpxtpx:hr>
          </gpxtpx:TrackPointExtension>
        </extensions>
      </trkpt>
      <trkpt lat="40.628889" lon="-0.091866">
        <ele>969.9</ele>
        <time>2015-10-20T13:24:58Z</time>
        <sat>9</sat>
        <extensions>
          <gpxtpx:TrackPointExtension>
            <gpxtpx:hr>103</gpxtpx:hr>
          </gpxtpx:TrackPointExtension>
        </extensions>
      </trkpt>
      <trkpt lat="40.628965" lon="-0.091854">
        <ele>970.0</ele>
        <time>2015-10-20T13:25:02Z</time>
        <sat>9</sat>
        <extensions>
          <gpxtpx:TrackPointExtension>
            <gpxtpx:hr>103</gpxtpx:hr>
          </gpxtpx:TrackPointExtension>
        </extensions>
      </trkpt>
      <trkpt lat="40.629040" lon="-0.091845">
        <ele>970.5</ele>
        <time>2015-10-20T13:25:07Z</time>
        <sat>9</sat>
        <extensions>
          <gpxtpx:TrackPointExtension>
            <gpxtpx:hr>105</gpxtpx:hr>
          </gpxtpx:TrackPointExtension>
        </extensions>
      </trkpt>
      <trkpt lat="40.629114" lon="-0.091821">
        <ele>970.4</ele>
        <time>2015-10-20T13:25:11Z</time>
        <sat>9</sat>
        <extensions>
          <gpxtpx:TrackPointExtension>
            <gpxtpx:hr>105</gpxtpx:hr>
          </gpxtpx:TrackPointExtension>
        </extensions>
      </trkpt>
      <trkpt lat="40.629187" lon="-0.091791">
        <ele>970.5</ele>
        <time>2015-10-20T13:25:15Z</time>
        <sat>9</sat>
        <extensions>
          <gpxtpx:TrackPointExtension>
            <gpxtpx:hr>106</gpxtpx:hr>
          </gpxtpx:TrackPointExtension>
        </extensions>
      </trkpt>
      <trkpt lat="40.629259" lon="-0.091749">
        <ele>970.7</ele>
        <time>2015-10-20T13:25:20Z</time>
        <sat>9</sat>
        <extensions>
          <gpxtpx:TrackPointExtension>
            <gpxtpx:hr>108</gpxtpx:hr>
          </gpxtpx:TrackPointExtension>
        </extensions>
      </trkpt>
      <trkpt lat="40.629330" lon="-0.091703">
        <ele>970.8</ele>
        <time>2015-10-20T13:25:24Z</time>
        <sat>9</sat>
        <extensions>
          <gpxtpx:TrackPointExtension>
            <gpxtpx:hr>111</gpxtpx:hr>
          </gpxtpx:TrackPointExtension>
        </extensions>
      </trkpt>
      <trkpt lat="40.629402" lon="-0.091649">
        <ele>971.0</ele>
        <time>2015-10-20T13:25:29Z</time>
        <sat>9</sat>
        <extensions>
          <gpxtpx:TrackPointExtension>
            <gpxtpx:hr>112</gpxtpx:hr>
          </gpxtpx:TrackPointExtension>
        </extensions>
      </trkpt>
      <trkpt lat="40.629470" lon="-0.091583">
        <ele>971.3</ele>
        <time>2015-10-20T13:25:34Z</time>
        <sat>9</sat>
      </trkpt>
      <trkpt lat="40.629533" lon="-0.091518">
        <ele>971.6</ele>
        <time>2015-10-20T13:25:39Z</time>
        <sat>9</sat>
        <extensions>
          <gpxtpx:TrackPointExtension>
            <gpxtpx:hr>112</gpxtpx:hr>
          </gpxtpx:TrackPointExtension>
        </extensions>
      </trkpt>
      <trkpt lat="40.629587" lon="-0.091448">
        <ele>971.8</ele>
        <time>2015-10-20T13:25:43Z</time>
        <sat>9</sat>
        <extensions>
          <gpxtpx:TrackPointExtension>
            <gpxtpx:hr>113</gpxtpx:hr>
          </gpxtpx:TrackPointExtension>
        </extensions>
      </trkpt>
      <trkpt lat="40.629637" lon="-0.091373">
        <ele>972.1</ele>
        <time>2015-10-20T13:25:47Z</time>
        <sat>9</sat>
        <extensions>
          <gpxtpx:TrackPointExtension>
            <gpxtpx:hr>113</gpxtpx:hr>
          </gpxtpx:TrackPointExtension>
        </extensions>
      </trkpt>
      <trkpt lat="40.629680" lon="-0.091301">
        <ele>972.7</ele>
        <time>2015-10-20T13:25:51Z</time>
        <sat>9</sat>
        <extensions>
          <gpxtpx:TrackPointExtension>
            <gpxtpx:hr>116</gpxtpx:hr>
          </gpxtpx:TrackPointExtension>
        </extensions>
      </trkpt>
      <trkpt lat="40.629733" lon="-0.091211">
        <ele>973.3</ele>
        <time>2015-10-20T13:25:56Z</time>
        <sat>9</sat>
        <extensions>
          <gpxtpx:TrackPointExtension>
            <gpxtpx:hr>117</gpxtpx:hr>
          </gpxtpx:TrackPointExtension>
        </extensions>
      </trkpt>
      <trkpt lat="40.629777" lon="-0.091116">
        <ele>973.9</ele>
        <time>2015-10-20T13:26:01Z</time>
        <sat>9</sat>
        <extensions>
          <gpxtpx:TrackPointExtension>
            <gpxtpx:hr>118</gpxtpx:hr>
          </gpxtpx:TrackPointExtension>
        </extensions>
      </trkpt>
      <trkpt lat="40.629787" lon="-0.091093">
        <ele>974.2</ele>
        <time>2015-10-20T13:26:02Z</time>
        <sat>9</sat>
        <extensions>
          <gpxtpx:TrackPointExtension>
            <gpxtpx:hr>118</gpxtpx:hr>
          </gpxtpx:TrackPointExtension>
        </extensions>
      </trkpt>
      <trkpt lat="40.629858" lon="-0.090925">
        <ele>975.2</ele>
        <time>2015-10-20T13:26:10Z</time>
        <sat>9</sat>
        <extensions>
          <gpxtpx:TrackPointExtension>
            <gpxtpx:hr>124</gpxtpx:hr>
          </gpxtpx:TrackPointExtension>
        </extensions>
      </trkpt>
      <trkpt lat="40.629897" lon="-0.090831">
        <ele>975.9</ele>
        <time>2015-10-20T13:26:15Z</time>
        <sat>9</sat>
        <extensions>
          <gpxtpx:TrackPointExtension>
            <gpxtpx:hr>125</gpxtpx:hr>
          </gpxtpx:TrackPointExtension>
        </extensions>
      </trkpt>
      <trkpt lat="40.629934" lon="-0.090738">
        <ele>976.5</ele>
        <time>2015-10-20T13:26:20Z</time>
        <sat>9</sat>
        <extensions>
          <gpxtpx:TrackPointExtension>
            <gpxtpx:hr>126</gpxtpx:hr>
          </gpxtpx:TrackPointExtension>
        </extensions>
      </trkpt>
      <trkpt lat="40.629973" lon="-0.090643">
        <ele>977.3</ele>
        <time>2015-10-20T13:26:24Z</time>
        <sat>9</sat>
        <extensions>
          <gpxtpx:TrackPointExtension>
            <gpxtpx:hr>127</gpxtpx:hr>
          </gpxtpx:TrackPointExtension>
        </extensions>
      </trkpt>
      <trkpt lat="40.630012" lon="-0.090553">
        <ele>977.8</ele>
        <time>2015-10-20T13:26:29Z</time>
        <sat>9</sat>
        <extensions>
          <gpxtpx:TrackPointExtension>
            <gpxtpx:hr>129</gpxtpx:hr>
          </gpxtpx:TrackPointExtension>
        </extensions>
      </trkpt>
      <trkpt lat="40.630052" lon="-0.090465">
        <ele>978.5</ele>
        <time>2015-10-20T13:26:33Z</time>
        <sat>9</sat>
        <extensions>
          <gpxtpx:TrackPointExtension>
            <gpxtpx:hr>129</gpxtpx:hr>
          </gpxtpx:TrackPointExtension>
        </extensions>
      </trkpt>
      <trkpt lat="40.630093" lon="-0.090381">
        <ele>979.4</ele>
        <time>2015-10-20T13:26:38Z</time>
        <sat>9</sat>
        <extensions>
          <gpxtpx:TrackPointExtension>
            <gpxtpx:hr>130</gpxtpx:hr>
          </gpxtpx:TrackPointExtension>
        </extensions>
      </trkpt>
      <trkpt lat="40.630139" lon="-0.090303">
        <ele>979.9</ele>
        <time>2015-10-20T13:26:42Z</time>
        <sat>9</sat>
        <extensions>
          <gpxtpx:TrackPointExtension>
            <gpxtpx:hr>131</gpxtpx:hr>
          </gpxtpx:TrackPointExtension>
        </extensions>
      </trkpt>
      <trkpt lat="40.630187" lon="-0.090228">
        <ele>980.6</ele>
        <time>2015-10-20T13:26:46Z</time>
        <sat>9</sat>
        <extensions>
          <gpxtpx:TrackPointExtension>
            <gpxtpx:hr>132</gpxtpx:hr>
          </gpxtpx:TrackPointExtension>
        </extensions>
      </trkpt>
      <trkpt lat="40.630242" lon="-0.090156">
        <ele>981.0</ele>
        <time>2015-10-20T13:26:51Z</time>
        <sat>9</sat>
        <extensions>
          <gpxtpx:TrackPointExtension>
            <gpxtpx:hr>132</gpxtpx:hr>
          </gpxtpx:TrackPointExtension>
        </extensions>
      </trkpt>
      <trkpt lat="40.630295" lon="-0.090081">
        <ele>981.5</ele>
        <time>2015-10-20T13:26:55Z</time>
        <sat>9</sat>
        <extensions>
          <gpxtpx:TrackPointExtension>
            <gpxtpx:hr>133</gpxtpx:hr>
          </gpxtpx:TrackPointExtension>
        </extensions>
      </trkpt>
      <trkpt lat="40.630354" lon="-0.090015">
        <ele>982.2</ele>
        <time>2015-10-20T13:26:59Z</time>
        <sat>9</sat>
        <extensions>
          <gpxtpx:TrackPointExtension>
            <gpxtpx:hr>132</gpxtpx:hr>
          </gpxtpx:TrackPointExtension>
        </extensions>
      </trkpt>
      <trkpt lat="40.630415" lon="-0.089951">
        <ele>982.7</ele>
        <time>2015-10-20T13:27:04Z</time>
        <sat>9</sat>
        <extensions>
          <gpxtpx:TrackPointExtension>
            <gpxtpx:hr>130</gpxtpx:hr>
          </gpxtpx:TrackPointExtension>
        </extensions>
      </trkpt>
      <trkpt lat="40.630480" lon="-0.089895">
        <ele>983.3</ele>
        <time>2015-10-20T13:27:08Z</time>
        <sat>9</sat>
        <extensions>
          <gpxtpx:TrackPointExtension>
            <gpxtpx:hr>131</gpxtpx:hr>
          </gpxtpx:TrackPointExtension>
        </extensions>
      </trkpt>
      <trkpt lat="40.630545" lon="-0.089844">
        <ele>983.8</ele>
        <time>2015-10-20T13:27:13Z</time>
        <sat>9</sat>
        <extensions>
          <gpxtpx:TrackPointExtension>
            <gpxtpx:hr>130</gpxtpx:hr>
          </gpxtpx:TrackPointExtension>
        </extensions>
      </trkpt>
      <trkpt lat="40.630562" lon="-0.089833">
        <ele>983.9</ele>
        <time>2015-10-20T13:27:14Z</time>
        <sat>9</sat>
        <extensions>
          <gpxtpx:TrackPointExtension>
            <gpxtpx:hr>130</gpxtpx:hr>
          </gpxtpx:TrackPointExtension>
        </extensions>
      </trkpt>
      <trkpt lat="40.630680" lon="-0.089753">
        <ele>984.8</ele>
        <time>2015-10-20T13:27:21Z</time>
        <sat>9</sat>
        <extensions>
          <gpxtpx:TrackPointExtension>
            <gpxtpx:hr>130</gpxtpx:hr>
          </gpxtpx:TrackPointExtension>
        </extensions>
      </trkpt>
      <trkpt lat="40.630757" lon="-0.089715">
        <ele>985.2</ele>
        <time>2015-10-20T13:27:26Z</time>
        <sat>8</sat>
        <extensions>
          <gpxtpx:TrackPointExtension>
            <gpxtpx:hr>131</gpxtpx:hr>
          </gpxtpx:TrackPointExtension>
        </extensions>
      </trkpt>
      <trkpt lat="40.630832" lon="-0.089678">
        <ele>986.0</ele>
        <time>2015-10-20T13:27:31Z</time>
        <sat>8</sat>
        <extensions>
          <gpxtpx:TrackPointExtension>
            <gpxtpx:hr>131</gpxtpx:hr>
          </gpxtpx:TrackPointExtension>
        </extensions>
      </trkpt>
      <trkpt lat="40.630907" lon="-0.089645">
        <ele>986.1</ele>
        <time>2015-10-20T13:27:35Z</time>
        <sat>8</sat>
        <extensions>
          <gpxtpx:TrackPointExtension>
            <gpxtpx:hr>129</gpxtpx:hr>
          </gpxtpx:TrackPointExtension>
        </extensions>
      </trkpt>
      <trkpt lat="40.630980" lon="-0.089616">
        <ele>986.9</ele>
        <time>2015-10-20T13:27:39Z</time>
        <sat>8</sat>
        <extensions>
          <gpxtpx:TrackPointExtension>
            <gpxtpx:hr>128</gpxtpx:hr>
          </gpxtpx:TrackPointExtension>
        </extensions>
      </trkpt>
      <trkpt lat="40.631057" lon="-0.089590">
        <ele>987.1</ele>
        <time>2015-10-20T13:27:44Z</time>
        <sat>8</sat>
        <extensions>
          <gpxtpx:TrackPointExtension>
            <gpxtpx:hr>130</gpxtpx:hr>
          </gpxtpx:TrackPointExtension>
        </extensions>
      </trkpt>
      <trkpt lat="40.631132" lon="-0.089563">
        <ele>987.7</ele>
        <time>2015-10-20T13:27:48Z</time>
        <sat>8</sat>
        <extensions>
          <gpxtpx:TrackPointExtension>
            <gpxtpx:hr>128</gpxtpx:hr>
          </gpxtpx:TrackPointExtension>
        </extensions>
      </trkpt>
      <trkpt lat="40.631207" lon="-0.089536">
        <ele>988.3</ele>
        <time>2015-10-20T13:27:53Z</time>
        <sat>8</sat>
      </trkpt>
      <trkpt lat="40.631280" lon="-0.089511">
        <ele>988.7</ele>
        <time>2015-10-20T13:27:57Z</time>
        <sat>8</sat>
        <extensions>
          <gpxtpx:TrackPointExtension>
            <gpxtpx:hr>127</gpxtpx:hr>
          </gpxtpx:TrackPointExtension>
        </extensions>
      </trkpt>
      <trkpt lat="40.631354" lon="-0.089488">
        <ele>989.6</ele>
        <time>2015-10-20T13:28:02Z</time>
        <sat>8</sat>
        <extensions>
          <gpxtpx:TrackPointExtension>
            <gpxtpx:hr>126</gpxtpx:hr>
          </gpxtpx:TrackPointExtension>
        </extensions>
      </trkpt>
      <trkpt lat="40.631427" lon="-0.089465">
        <ele>990.1</ele>
        <time>2015-10-20T13:28:06Z</time>
        <sat>8</sat>
        <extensions>
          <gpxtpx:TrackPointExtension>
            <gpxtpx:hr>126</gpxtpx:hr>
          </gpxtpx:TrackPointExtension>
        </extensions>
      </trkpt>
      <trkpt lat="40.631499" lon="-0.089441">
        <ele>990.5</ele>
        <time>2015-10-20T13:28:10Z</time>
        <sat>8</sat>
        <extensions>
          <gpxtpx:TrackPointExtension>
            <gpxtpx:hr>128</gpxtpx:hr>
          </gpxtpx:TrackPointExtension>
        </extensions>
      </trkpt>
      <trkpt lat="40.631572" lon="-0.089420">
        <ele>991.2</ele>
        <time>2015-10-20T13:28:14Z</time>
        <sat>8</sat>
      </trkpt>
      <trkpt lat="40.631643" lon="-0.089393">
        <ele>991.7</ele>
        <time>2015-10-20T13:28:19Z</time>
        <sat>8</sat>
        <extensions>
          <gpxtpx:TrackPointExtension>
            <gpxtpx:hr>128</gpxtpx:hr>
          </gpxtpx:TrackPointExtension>
        </extensions>
      </trkpt>
      <trkpt lat="40.631715" lon="-0.089363">
        <ele>992.2</ele>
        <time>2015-10-20T13:28:23Z</time>
        <sat>8</sat>
        <extensions>
          <gpxtpx:TrackPointExtension>
            <gpxtpx:hr>129</gpxtpx:hr>
          </gpxtpx:TrackPointExtension>
        </extensions>
      </trkpt>
      <trkpt lat="40.631736" lon="-0.089360">
        <ele>992.4</ele>
        <time>2015-10-20T13:28:24Z</time>
        <sat>8</sat>
        <extensions>
          <gpxtpx:TrackPointExtension>
            <gpxtpx:hr>129</gpxtpx:hr>
          </gpxtpx:TrackPointExtension>
        </extensions>
      </trkpt>
      <trkpt lat="40.631865" lon="-0.089316">
        <ele>993.4</ele>
        <time>2015-10-20T13:28:32Z</time>
        <sat>8</sat>
        <extensions>
          <gpxtpx:TrackPointExtension>
            <gpxtpx:hr>130</gpxtpx:hr>
          </gpxtpx:TrackPointExtension>
        </extensions>
      </trkpt>
      <trkpt lat="40.631938" lon="-0.089289">
        <ele>994.0</ele>
        <time>2015-10-20T13:28:36Z</time>
        <sat>8</sat>
        <extensions>
          <gpxtpx:TrackPointExtension>
            <gpxtpx:hr>130</gpxtpx:hr>
          </gpxtpx:TrackPointExtension>
        </extensions>
      </trkpt>
      <trkpt lat="40.632012" lon="-0.089265">
        <ele>994.7</ele>
        <time>2015-10-20T13:28:40Z</time>
        <sat>8</sat>
        <extensions>
          <gpxtpx:TrackPointExtension>
            <gpxtpx:hr>130</gpxtpx:hr>
          </gpxtpx:TrackPointExtension>
        </extensions>
      </trkpt>
      <trkpt lat="40.632085" lon="-0.089240">
        <ele>995.1</ele>
        <time>2015-10-20T13:28:45Z</time>
        <sat>8</sat>
        <extensions>
          <gpxtpx:TrackPointExtension>
            <gpxtpx:hr>130</gpxtpx:hr>
          </gpxtpx:TrackPointExtension>
        </extensions>
      </trkpt>
      <trkpt lat="40.632159" lon="-0.089218">
        <ele>995.9</ele>
        <time>2015-10-20T13:28:49Z</time>
        <sat>8</sat>
        <extensions>
          <gpxtpx:TrackPointExtension>
            <gpxtpx:hr>129</gpxtpx:hr>
          </gpxtpx:TrackPointExtension>
        </extensions>
      </trkpt>
      <trkpt lat="40.632237" lon="-0.089184">
        <ele>996.6</ele>
        <time>2015-10-20T13:28:54Z</time>
        <sat>8</sat>
        <extensions>
          <gpxtpx:TrackPointExtension>
            <gpxtpx:hr>130</gpxtpx:hr>
          </gpxtpx:TrackPointExtension>
        </extensions>
      </trkpt>
      <trkpt lat="40.632313" lon="-0.089156">
        <ele>997.1</ele>
        <time>2015-10-20T13:28:58Z</time>
        <sat>8</sat>
        <extensions>
          <gpxtpx:TrackPointExtension>
            <gpxtpx:hr>132</gpxtpx:hr>
          </gpxtpx:TrackPointExtension>
        </extensions>
      </trkpt>
      <trkpt lat="40.632387" lon="-0.089131">
        <ele>997.8</ele>
        <time>2015-10-20T13:29:03Z</time>
        <sat>8</sat>
        <extensions>
          <gpxtpx:TrackPointExtension>
            <gpxtpx:hr>133</gpxtpx:hr>
          </gpxtpx:TrackPointExtension>
        </extensions>
      </trkpt>
      <trkpt lat="40.632457" lon="-0.089103">
        <ele>998.2</ele>
        <time>2015-10-20T13:29:07Z</time>
        <sat>8</sat>
        <extensions>
          <gpxtpx:TrackPointExtension>
            <gpxtpx:hr>133</gpxtpx:hr>
          </gpxtpx:TrackPointExtension>
        </extensions>
      </trkpt>
      <trkpt lat="40.632527" lon="-0.089074">
        <ele>998.9</ele>
        <time>2015-10-20T13:29:11Z</time>
        <sat>8</sat>
        <extensions>
          <gpxtpx:TrackPointExtension>
            <gpxtpx:hr>132</gpxtpx:hr>
          </gpxtpx:TrackPointExtension>
        </extensions>
      </trkpt>
      <trkpt lat="40.632600" lon="-0.089045">
        <ele>999.4</ele>
        <time>2015-10-20T13:29:15Z</time>
        <sat>8</sat>
        <extensions>
          <gpxtpx:TrackPointExtension>
            <gpxtpx:hr>132</gpxtpx:hr>
          </gpxtpx:TrackPointExtension>
        </extensions>
      </trkpt>
      <trkpt lat="40.632670" lon="-0.089015">
        <ele>1000.0</ele>
        <time>2015-10-20T13:29:20Z</time>
        <sat>9</sat>
        <extensions>
          <gpxtpx:TrackPointExtension>
            <gpxtpx:hr>133</gpxtpx:hr>
          </gpxtpx:TrackPointExtension>
        </extensions>
      </trkpt>
      <trkpt lat="40.632740" lon="-0.088985">
        <ele>1000.7</ele>
        <time>2015-10-20T13:29:24Z</time>
        <sat>9</sat>
        <extensions>
          <gpxtpx:TrackPointExtension>
            <gpxtpx:hr>132</gpxtpx:hr>
          </gpxtpx:TrackPointExtension>
        </extensions>
      </trkpt>
      <trkpt lat="40.632810" lon="-0.088954">
        <ele>1001.1</ele>
        <time>2015-10-20T13:29:28Z</time>
        <sat>9</sat>
        <extensions>
          <gpxtpx:TrackPointExtension>
            <gpxtpx:hr>132</gpxtpx:hr>
          </gpxtpx:TrackPointExtension>
        </extensions>
      </trkpt>
      <trkpt lat="40.632883" lon="-0.088925">
        <ele>1001.8</ele>
        <time>2015-10-20T13:29:32Z</time>
        <sat>9</sat>
        <extensions>
          <gpxtpx:TrackPointExtension>
            <gpxtpx:hr>133</gpxtpx:hr>
          </gpxtpx:TrackPointExtension>
        </extensions>
      </trkpt>
      <trkpt lat="40.632902" lon="-0.088916">
        <ele>1001.9</ele>
        <time>2015-10-20T13:29:34Z</time>
        <sat>9</sat>
        <extensions>
          <gpxtpx:TrackPointExtension>
            <gpxtpx:hr>133</gpxtpx:hr>
          </gpxtpx:TrackPointExtension>
        </extensions>
      </trkpt>
      <trkpt lat="40.633034" lon="-0.088863">
        <ele>1003.0</ele>
        <time>2015-10-20T13:29:41Z</time>
        <sat>9</sat>
        <extensions>
          <gpxtpx:TrackPointExtension>
            <gpxtpx:hr>134</gpxtpx:hr>
          </gpxtpx:TrackPointExtension>
        </extensions>
      </trkpt>
      <trkpt lat="40.633105" lon="-0.088830">
        <ele>1003.5</ele>
        <time>2015-10-20T13:29:46Z</time>
        <sat>9</sat>
        <extensions>
          <gpxtpx:TrackPointExtension>
            <gpxtpx:hr>134</gpxtpx:hr>
          </gpxtpx:TrackPointExtension>
        </extensions>
      </trkpt>
      <trkpt lat="40.633177" lon="-0.088801">
        <ele>1004.2</ele>
        <time>2015-10-20T13:29:50Z</time>
        <sat>9</sat>
        <extensions>
          <gpxtpx:TrackPointExtension>
            <gpxtpx:hr>134</gpxtpx:hr>
          </gpxtpx:TrackPointExtension>
        </extensions>
      </trkpt>
      <trkpt lat="40.633249" lon="-0.088768">
        <ele>1004.6</ele>
        <time>2015-10-20T13:29:54Z</time>
        <sat>9</sat>
        <extensions>
          <gpxtpx:TrackPointExtension>
            <gpxtpx:hr>133</gpxtpx:hr>
          </gpxtpx:TrackPointExtension>
        </extensions>
      </trkpt>
      <trkpt lat="40.633322" lon="-0.088736">
        <ele>1005.4</ele>
        <time>2015-10-20T13:29:59Z</time>
        <sat>9</sat>
        <extensions>
          <gpxtpx:TrackPointExtension>
            <gpxtpx:hr>133</gpxtpx:hr>
          </gpxtpx:TrackPointExtension>
        </extensions>
      </trkpt>
      <trkpt lat="40.633394" lon="-0.088706">
        <ele>1006.0</ele>
        <time>2015-10-20T13:30:03Z</time>
        <sat>9</sat>
        <extensions>
          <gpxtpx:TrackPointExtension>
            <gpxtpx:hr>133</gpxtpx:hr>
          </gpxtpx:TrackPointExtension>
        </extensions>
      </trkpt>
      <trkpt lat="40.633467" lon="-0.088681">
        <ele>1006.6</ele>
        <time>2015-10-20T13:30:07Z</time>
        <sat>9</sat>
        <extensions>
          <gpxtpx:TrackPointExtension>
            <gpxtpx:hr>133</gpxtpx:hr>
          </gpxtpx:TrackPointExtension>
        </extensions>
      </trkpt>
      <trkpt lat="40.633540" lon="-0.088645">
        <ele>1007.2</ele>
        <time>2015-10-20T13:30:12Z</time>
        <sat>9</sat>
        <extensions>
          <gpxtpx:TrackPointExtension>
            <gpxtpx:hr>133</gpxtpx:hr>
          </gpxtpx:TrackPointExtension>
        </extensions>
      </trkpt>
      <trkpt lat="40.633614" lon="-0.088611">
        <ele>1007.9</ele>
        <time>2015-10-20T13:30:16Z</time>
        <sat>9</sat>
        <extensions>
          <gpxtpx:TrackPointExtension>
            <gpxtpx:hr>133</gpxtpx:hr>
          </gpxtpx:TrackPointExtension>
        </extensions>
      </trkpt>
      <trkpt lat="40.633685" lon="-0.088585">
        <ele>1008.3</ele>
        <time>2015-10-20T13:30:21Z</time>
        <sat>9</sat>
        <extensions>
          <gpxtpx:TrackPointExtension>
            <gpxtpx:hr>133</gpxtpx:hr>
          </gpxtpx:TrackPointExtension>
        </extensions>
      </trkpt>
      <trkpt lat="40.633760" lon="-0.088551">
        <ele>1009.2</ele>
        <time>2015-10-20T13:30:25Z</time>
        <sat>9</sat>
        <extensions>
          <gpxtpx:TrackPointExtension>
            <gpxtpx:hr>134</gpxtpx:hr>
          </gpxtpx:TrackPointExtension>
        </extensions>
      </trkpt>
      <trkpt lat="40.633835" lon="-0.088516">
        <ele>1009.4</ele>
        <time>2015-10-20T13:30:30Z</time>
        <sat>9</sat>
        <extensions>
          <gpxtpx:TrackPointExtension>
            <gpxtpx:hr>135</gpxtpx:hr>
          </gpxtpx:TrackPointExtension>
        </extensions>
      </trkpt>
      <trkpt lat="40.633910" lon="-0.088483">
        <ele>1010.3</ele>
        <time>2015-10-20T13:30:34Z</time>
        <sat>9</sat>
        <extensions>
          <gpxtpx:TrackPointExtension>
            <gpxtpx:hr>135</gpxtpx:hr>
          </gpxtpx:TrackPointExtension>
        </extensions>
      </trkpt>
      <trkpt lat="40.633987" lon="-0.088450">
        <ele>1010.7</ele>
        <time>2015-10-20T13:30:39Z</time>
        <sat>9</sat>
        <extensions>
          <gpxtpx:TrackPointExtension>
            <gpxtpx:hr>134</gpxtpx:hr>
          </gpxtpx:TrackPointExtension>
        </extensions>
      </trkpt>
      <trkpt lat="40.634064" lon="-0.088415">
        <ele>1011.5</ele>
        <time>2015-10-20T13:30:43Z</time>
        <sat>9</sat>
        <extensions>
          <gpxtpx:TrackPointExtension>
            <gpxtpx:hr>134</gpxtpx:hr>
          </gpxtpx:TrackPointExtension>
        </extensions>
      </trkpt>
      <trkpt lat="40.634082" lon="-0.088408">
        <ele>1011.6</ele>
        <time>2015-10-20T13:30:45Z</time>
        <sat>9</sat>
        <extensions>
          <gpxtpx:TrackPointExtension>
            <gpxtpx:hr>134</gpxtpx:hr>
          </gpxtpx:TrackPointExtension>
        </extensions>
      </trkpt>
      <trkpt lat="40.634208" lon="-0.088353">
        <ele>1012.7</ele>
        <time>2015-10-20T13:30:52Z</time>
        <sat>9</sat>
        <extensions>
          <gpxtpx:TrackPointExtension>
            <gpxtpx:hr>135</gpxtpx:hr>
          </gpxtpx:TrackPointExtension>
        </extensions>
      </trkpt>
      <trkpt lat="40.634282" lon="-0.088320">
        <ele>1013.1</ele>
        <time>2015-10-20T13:30:57Z</time>
        <sat>9</sat>
        <extensions>
          <gpxtpx:TrackPointExtension>
            <gpxtpx:hr>135</gpxtpx:hr>
          </gpxtpx:TrackPointExtension>
        </extensions>
      </trkpt>
      <trkpt lat="40.634362" lon="-0.088288">
        <ele>1014.1</ele>
        <time>2015-10-20T13:31:01Z</time>
        <sat>9</sat>
        <extensions>
          <gpxtpx:TrackPointExtension>
            <gpxtpx:hr>135</gpxtpx:hr>
          </gpxtpx:TrackPointExtension>
        </extensions>
      </trkpt>
      <trkpt lat="40.634443" lon="-0.088258">
        <ele>1014.6</ele>
        <time>2015-10-20T13:31:06Z</time>
        <sat>9</sat>
        <extensions>
          <gpxtpx:TrackPointExtension>
            <gpxtpx:hr>136</gpxtpx:hr>
          </gpxtpx:TrackPointExtension>
        </extensions>
      </trkpt>
      <trkpt lat="40.634523" lon="-0.088220">
        <ele>1015.3</ele>
        <time>2015-10-20T13:31:11Z</time>
        <sat>9</sat>
        <extensions>
          <gpxtpx:TrackPointExtension>
            <gpxtpx:hr>135</gpxtpx:hr>
          </gpxtpx:TrackPointExtension>
        </extensions>
      </trkpt>
      <trkpt lat="40.634600" lon="-0.088189">
        <ele>1015.9</ele>
        <time>2015-10-20T13:31:16Z</time>
        <sat>9</sat>
        <extensions>
          <gpxtpx:TrackPointExtension>
            <gpxtpx:hr>135</gpxtpx:hr>
          </gpxtpx:TrackPointExtension>
        </extensions>
      </trkpt>
      <trkpt lat="40.634674" lon="-0.088165">
        <ele>1016.5</ele>
        <time>2015-10-20T13:31:20Z</time>
        <sat>8</sat>
        <extensions>
          <gpxtpx:TrackPointExtension>
            <gpxtpx:hr>135</gpxtpx:hr>
          </gpxtpx:TrackPointExtension>
        </extensions>
      </trkpt>
      <trkpt lat="40.634744" lon="-0.088138">
        <ele>1017.0</ele>
        <time>2015-10-20T13:31:24Z</time>
        <sat>8</sat>
        <extensions>
          <gpxtpx:TrackPointExtension>
            <gpxtpx:hr>134</gpxtpx:hr>
          </gpxtpx:TrackPointExtension>
        </extensions>
      </trkpt>
      <trkpt lat="40.634815" lon="-0.088110">
        <ele>1017.7</ele>
        <time>2015-10-20T13:31:28Z</time>
        <sat>8</sat>
        <extensions>
          <gpxtpx:TrackPointExtension>
            <gpxtpx:hr>134</gpxtpx:hr>
          </gpxtpx:TrackPointExtension>
        </extensions>
      </trkpt>
      <trkpt lat="40.634893" lon="-0.088079">
        <ele>1018.1</ele>
        <time>2015-10-20T13:31:33Z</time>
        <sat>8</sat>
        <extensions>
          <gpxtpx:TrackPointExtension>
            <gpxtpx:hr>135</gpxtpx:hr>
          </gpxtpx:TrackPointExtension>
        </extensions>
      </trkpt>
      <trkpt lat="40.634973" lon="-0.088046">
        <ele>1018.7</ele>
        <time>2015-10-20T13:31:38Z</time>
        <sat>8</sat>
        <extensions>
          <gpxtpx:TrackPointExtension>
            <gpxtpx:hr>133</gpxtpx:hr>
          </gpxtpx:TrackPointExtension>
        </extensions>
      </trkpt>
      <trkpt lat="40.635055" lon="-0.088015">
        <ele>1019.3</ele>
        <time>2015-10-20T13:31:43Z</time>
        <sat>8</sat>
        <extensions>
          <gpxtpx:TrackPointExtension>
            <gpxtpx:hr>132</gpxtpx:hr>
          </gpxtpx:TrackPointExtension>
        </extensions>
      </trkpt>
      <trkpt lat="40.635140" lon="-0.087991">
        <ele>1019.8</ele>
        <time>2015-10-20T13:31:48Z</time>
        <sat>8</sat>
        <extensions>
          <gpxtpx:TrackPointExtension>
            <gpxtpx:hr>132</gpxtpx:hr>
          </gpxtpx:TrackPointExtension>
        </extensions>
      </trkpt>
      <trkpt lat="40.635227" lon="-0.087968">
        <ele>1020.4</ele>
        <time>2015-10-20T13:31:53Z</time>
        <sat>8</sat>
        <extensions>
          <gpxtpx:TrackPointExtension>
            <gpxtpx:hr>133</gpxtpx:hr>
          </gpxtpx:TrackPointExtension>
        </extensions>
      </trkpt>
      <trkpt lat="40.635310" lon="-0.087946">
        <ele>1020.8</ele>
        <time>2015-10-20T13:31:58Z</time>
        <sat>9</sat>
        <extensions>
          <gpxtpx:TrackPointExtension>
            <gpxtpx:hr>132</gpxtpx:hr>
          </gpxtpx:TrackPointExtension>
        </extensions>
      </trkpt>
      <trkpt lat="40.635332" lon="-0.087941">
        <ele>1021.0</ele>
        <time>2015-10-20T13:31:59Z</time>
        <sat>9</sat>
        <extensions>
          <gpxtpx:TrackPointExtension>
            <gpxtpx:hr>132</gpxtpx:hr>
          </gpxtpx:TrackPointExtension>
        </extensions>
      </trkpt>
      <trkpt lat="40.635475" lon="-0.087910">
        <ele>1021.9</ele>
        <time>2015-10-20T13:32:07Z</time>
        <sat>9</sat>
        <extensions>
          <gpxtpx:TrackPointExtension>
            <gpxtpx:hr>130</gpxtpx:hr>
          </gpxtpx:TrackPointExtension>
        </extensions>
      </trkpt>
      <trkpt lat="40.635557" lon="-0.087896">
        <ele>1022.4</ele>
        <time>2015-10-20T13:32:12Z</time>
        <sat>9</sat>
        <extensions>
          <gpxtpx:TrackPointExtension>
            <gpxtpx:hr>130</gpxtpx:hr>
          </gpxtpx:TrackPointExtension>
        </extensions>
      </trkpt>
      <trkpt lat="40.635642" lon="-0.087885">
        <ele>1022.9</ele>
        <time>2015-10-20T13:32:17Z</time>
        <sat>9</sat>
        <extensions>
          <gpxtpx:TrackPointExtension>
            <gpxtpx:hr>130</gpxtpx:hr>
          </gpxtpx:TrackPointExtension>
        </extensions>
      </trkpt>
      <trkpt lat="40.635727" lon="-0.087873">
        <ele>1023.3</ele>
        <time>2015-10-20T13:32:22Z</time>
        <sat>9</sat>
        <extensions>
          <gpxtpx:TrackPointExtension>
            <gpxtpx:hr>128</gpxtpx:hr>
          </gpxtpx:TrackPointExtension>
        </extensions>
      </trkpt>
      <trkpt lat="40.635810" lon="-0.087866">
        <ele>1023.8</ele>
        <time>2015-10-20T13:32:26Z</time>
        <sat>9</sat>
        <extensions>
          <gpxtpx:TrackPointExtension>
            <gpxtpx:hr>127</gpxtpx:hr>
          </gpxtpx:TrackPointExtension>
        </extensions>
      </trkpt>
      <trkpt lat="40.635898" lon="-0.087861">
        <ele>1024.2</ele>
        <time>2015-10-20T13:32:32Z</time>
        <sat>9</sat>
        <extensions>
          <gpxtpx:TrackPointExtension>
            <gpxtpx:hr>126</gpxtpx:hr>
          </gpxtpx:TrackPointExtension>
        </extensions>
      </trkpt>
      <trkpt lat="40.635987" lon="-0.087854">
        <ele>1024.8</ele>
        <time>2015-10-20T13:32:37Z</time>
        <sat>9</sat>
        <extensions>
          <gpxtpx:TrackPointExtension>
            <gpxtpx:hr>125</gpxtpx:hr>
          </gpxtpx:TrackPointExtension>
        </extensions>
      </trkpt>
      <trkpt lat="40.636075" lon="-0.087853">
        <ele>1025.3</ele>
        <time>2015-10-20T13:32:42Z</time>
        <sat>9</sat>
        <extensions>
          <gpxtpx:TrackPointExtension>
            <gpxtpx:hr>125</gpxtpx:hr>
          </gpxtpx:TrackPointExtension>
        </extensions>
      </trkpt>
      <trkpt lat="40.636162" lon="-0.087851">
        <ele>1025.7</ele>
        <time>2015-10-20T13:32:47Z</time>
        <sat>9</sat>
        <extensions>
          <gpxtpx:TrackPointExtension>
            <gpxtpx:hr>124</gpxtpx:hr>
          </gpxtpx:TrackPointExtension>
        </extensions>
      </trkpt>
      <trkpt lat="40.636250" lon="-0.087846">
        <ele>1026.2</ele>
        <time>2015-10-20T13:32:52Z</time>
        <sat>9</sat>
        <extensions>
          <gpxtpx:TrackPointExtension>
            <gpxtpx:hr>126</gpxtpx:hr>
          </gpxtpx:TrackPointExtension>
        </extensions>
      </trkpt>
      <trkpt lat="40.636338" lon="-0.087843">
        <ele>1026.7</ele>
        <time>2015-10-20T13:32:57Z</time>
        <sat>9</sat>
        <extensions>
          <gpxtpx:TrackPointExtension>
            <gpxtpx:hr>128</gpxtpx:hr>
          </gpxtpx:TrackPointExtension>
        </extensions>
      </trkpt>
      <trkpt lat="40.636405" lon="-0.087838">
        <ele>1027.1</ele>
        <time>2015-10-20T13:33:01Z</time>
        <sat>9</sat>
        <extensions>
          <gpxtpx:TrackPointExtension>
            <gpxtpx:hr>127</gpxtpx:hr>
          </gpxtpx:TrackPointExtension>
        </extensions>
      </trkpt>
      <trkpt lat="40.636474" lon="-0.087834">
        <ele>1027.5</ele>
        <time>2015-10-20T13:33:04Z</time>
        <sat>9</sat>
        <extensions>
          <gpxtpx:TrackPointExtension>
            <gpxtpx:hr>127</gpxtpx:hr>
          </gpxtpx:TrackPointExtension>
        </extensions>
      </trkpt>
      <trkpt lat="40.636562" lon="-0.087829">
        <ele>1028.0</ele>
        <time>2015-10-20T13:33:10Z</time>
        <sat>9</sat>
        <extensions>
          <gpxtpx:TrackPointExtension>
            <gpxtpx:hr>128</gpxtpx:hr>
          </gpxtpx:TrackPointExtension>
        </extensions>
      </trkpt>
      <trkpt lat="40.636647" lon="-0.087823">
        <ele>1028.5</ele>
        <time>2015-10-20T13:33:14Z</time>
        <sat>9</sat>
        <extensions>
          <gpxtpx:TrackPointExtension>
            <gpxtpx:hr>124</gpxtpx:hr>
          </gpxtpx:TrackPointExtension>
        </extensions>
      </trkpt>
      <trkpt lat="40.636667" lon="-0.087823">
        <ele>1028.6</ele>
        <time>2015-10-20T13:33:16Z</time>
        <sat>9</sat>
        <extensions>
          <gpxtpx:TrackPointExtension>
            <gpxtpx:hr>124</gpxtpx:hr>
          </gpxtpx:TrackPointExtension>
        </extensions>
      </trkpt>
      <trkpt lat="40.636819" lon="-0.087806">
        <ele>1029.6</ele>
        <time>2015-10-20T13:33:24Z</time>
        <sat>9</sat>
        <extensions>
          <gpxtpx:TrackPointExtension>
            <gpxtpx:hr>126</gpxtpx:hr>
          </gpxtpx:TrackPointExtension>
        </extensions>
      </trkpt>
      <trkpt lat="40.636907" lon="-0.087793">
        <ele>1029.8</ele>
        <time>2015-10-20T13:33:29Z</time>
        <sat>9</sat>
        <extensions>
          <gpxtpx:TrackPointExtension>
            <gpxtpx:hr>128</gpxtpx:hr>
          </gpxtpx:TrackPointExtension>
        </extensions>
      </trkpt>
      <trkpt lat="40.636995" lon="-0.087776">
        <ele>1030.5</ele>
        <time>2015-10-20T13:33:34Z</time>
        <sat>9</sat>
        <extensions>
          <gpxtpx:TrackPointExtension>
            <gpxtpx:hr>127</gpxtpx:hr>
          </gpxtpx:TrackPointExtension>
        </extensions>
      </trkpt>
      <trkpt lat="40.637082" lon="-0.087756">
        <ele>1031.2</ele>
        <time>2015-10-20T13:33:39Z</time>
        <sat>9</sat>
        <extensions>
          <gpxtpx:TrackPointExtension>
            <gpxtpx:hr>128</gpxtpx:hr>
          </gpxtpx:TrackPointExtension>
        </extensions>
      </trkpt>
      <trkpt lat="40.637167" lon="-0.087736">
        <ele>1031.5</ele>
        <time>2015-10-20T13:33:44Z</time>
        <sat>9</sat>
        <extensions>
          <gpxtpx:TrackPointExtension>
            <gpxtpx:hr>127</gpxtpx:hr>
          </gpxtpx:TrackPointExtension>
        </extensions>
      </trkpt>
      <trkpt lat="40.637248" lon="-0.087713">
        <ele>1032.2</ele>
        <time>2015-10-20T13:33:49Z</time>
        <sat>9</sat>
        <extensions>
          <gpxtpx:TrackPointExtension>
            <gpxtpx:hr>126</gpxtpx:hr>
          </gpxtpx:TrackPointExtension>
        </extensions>
      </trkpt>
      <trkpt lat="40.637330" lon="-0.087688">
        <ele>1032.7</ele>
        <time>2015-10-20T13:33:54Z</time>
        <sat>9</sat>
        <extensions>
          <gpxtpx:TrackPointExtension>
            <gpxtpx:hr>126</gpxtpx:hr>
          </gpxtpx:TrackPointExtension>
        </extensions>
      </trkpt>
      <trkpt lat="40.637410" lon="-0.087663">
        <ele>1033.3</ele>
        <time>2015-10-20T13:33:59Z</time>
        <sat>9</sat>
        <extensions>
          <gpxtpx:TrackPointExtension>
            <gpxtpx:hr>128</gpxtpx:hr>
          </gpxtpx:TrackPointExtension>
        </extensions>
      </trkpt>
      <trkpt lat="40.637490" lon="-0.087636">
        <ele>1033.8</ele>
        <time>2015-10-20T13:34:03Z</time>
        <sat>9</sat>
        <extensions>
          <gpxtpx:TrackPointExtension>
            <gpxtpx:hr>127</gpxtpx:hr>
          </gpxtpx:TrackPointExtension>
        </extensions>
      </trkpt>
      <trkpt lat="40.637573" lon="-0.087608">
        <ele>1034.3</ele>
        <time>2015-10-20T13:34:08Z</time>
        <sat>9</sat>
        <extensions>
          <gpxtpx:TrackPointExtension>
            <gpxtpx:hr>128</gpxtpx:hr>
          </gpxtpx:TrackPointExtension>
        </extensions>
      </trkpt>
      <trkpt lat="40.637653" lon="-0.087576">
        <ele>1034.8</ele>
        <time>2015-10-20T13:34:13Z</time>
        <sat>9</sat>
        <extensions>
          <gpxtpx:TrackPointExtension>
            <gpxtpx:hr>129</gpxtpx:hr>
          </gpxtpx:TrackPointExtension>
        </extensions>
      </trkpt>
      <trkpt lat="40.637734" lon="-0.087550">
        <ele>1035.3</ele>
        <time>2015-10-20T13:34:18Z</time>
        <sat>9</sat>
        <extensions>
          <gpxtpx:TrackPointExtension>
            <gpxtpx:hr>130</gpxtpx:hr>
          </gpxtpx:TrackPointExtension>
        </extensions>
      </trkpt>
      <trkpt lat="40.637815" lon="-0.087520">
        <ele>1035.9</ele>
        <time>2015-10-20T13:34:23Z</time>
        <sat>9</sat>
        <extensions>
          <gpxtpx:TrackPointExtension>
            <gpxtpx:hr>129</gpxtpx:hr>
          </gpxtpx:TrackPointExtension>
        </extensions>
      </trkpt>
      <trkpt lat="40.637892" lon="-0.087494">
        <ele>1036.4</ele>
        <time>2015-10-20T13:34:27Z</time>
        <sat>9</sat>
        <extensions>
          <gpxtpx:TrackPointExtension>
            <gpxtpx:hr>130</gpxtpx:hr>
          </gpxtpx:TrackPointExtension>
        </extensions>
      </trkpt>
      <trkpt lat="40.637972" lon="-0.087468">
        <ele>1036.8</ele>
        <time>2015-10-20T13:34:32Z</time>
        <sat>9</sat>
        <extensions>
          <gpxtpx:TrackPointExtension>
            <gpxtpx:hr>126</gpxtpx:hr>
          </gpxtpx:TrackPointExtension>
        </extensions>
      </trkpt>
      <trkpt lat="40.637992" lon="-0.087460">
        <ele>1037.0</ele>
        <time>2015-10-20T13:34:33Z</time>
        <sat>9</sat>
        <extensions>
          <gpxtpx:TrackPointExtension>
            <gpxtpx:hr>124</gpxtpx:hr>
          </gpxtpx:TrackPointExtension>
        </extensions>
      </trkpt>
      <trkpt lat="40.638123" lon="-0.087409">
        <ele>1037.8</ele>
        <time>2015-10-20T13:34:41Z</time>
        <sat>9</sat>
        <extensions>
          <gpxtpx:TrackPointExtension>
            <gpxtpx:hr>126</gpxtpx:hr>
          </gpxtpx:TrackPointExtension>
        </extensions>
      </trkpt>
      <trkpt lat="40.638200" lon="-0.087381">
        <ele>1038.3</ele>
        <time>2015-10-20T13:34:45Z</time>
        <sat>9</sat>
        <extensions>
          <gpxtpx:TrackPointExtension>
            <gpxtpx:hr>128</gpxtpx:hr>
          </gpxtpx:TrackPointExtension>
        </extensions>
      </trkpt>
      <trkpt lat="40.638279" lon="-0.087355">
        <ele>1038.8</ele>
        <time>2015-10-20T13:34:50Z</time>
        <sat>9</sat>
        <extensions>
          <gpxtpx:TrackPointExtension>
            <gpxtpx:hr>127</gpxtpx:hr>
          </gpxtpx:TrackPointExtension>
        </extensions>
      </trkpt>
      <trkpt lat="40.638359" lon="-0.087330">
        <ele>1039.3</ele>
        <time>2015-10-20T13:34:55Z</time>
        <sat>9</sat>
        <extensions>
          <gpxtpx:TrackPointExtension>
            <gpxtpx:hr>127</gpxtpx:hr>
          </gpxtpx:TrackPointExtension>
        </extensions>
      </trkpt>
      <trkpt lat="40.638438" lon="-0.087301">
        <ele>1039.8</ele>
        <time>2015-10-20T13:35:00Z</time>
        <sat>9</sat>
        <extensions>
          <gpxtpx:TrackPointExtension>
            <gpxtpx:hr>127</gpxtpx:hr>
          </gpxtpx:TrackPointExtension>
        </extensions>
      </trkpt>
      <trkpt lat="40.638517" lon="-0.087270">
        <ele>1040.3</ele>
        <time>2015-10-20T13:35:04Z</time>
        <sat>9</sat>
        <extensions>
          <gpxtpx:TrackPointExtension>
            <gpxtpx:hr>129</gpxtpx:hr>
          </gpxtpx:TrackPointExtension>
        </extensions>
      </trkpt>
      <trkpt lat="40.638595" lon="-0.087245">
        <ele>1040.8</ele>
        <time>2015-10-20T13:35:09Z</time>
        <sat>9</sat>
        <extensions>
          <gpxtpx:TrackPointExtension>
            <gpxtpx:hr>128</gpxtpx:hr>
          </gpxtpx:TrackPointExtension>
        </extensions>
      </trkpt>
      <trkpt lat="40.638672" lon="-0.087215">
        <ele>1041.4</ele>
        <time>2015-10-20T13:35:13Z</time>
        <sat>9</sat>
        <extensions>
          <gpxtpx:TrackPointExtension>
            <gpxtpx:hr>127</gpxtpx:hr>
          </gpxtpx:TrackPointExtension>
        </extensions>
      </trkpt>
      <trkpt lat="40.638750" lon="-0.087186">
        <ele>1041.8</ele>
        <time>2015-10-20T13:35:18Z</time>
        <sat>9</sat>
        <extensions>
          <gpxtpx:TrackPointExtension>
            <gpxtpx:hr>128</gpxtpx:hr>
          </gpxtpx:TrackPointExtension>
        </extensions>
      </trkpt>
      <trkpt lat="40.638825" lon="-0.087160">
        <ele>1042.4</ele>
        <time>2015-10-20T13:35:22Z</time>
        <sat>9</sat>
        <extensions>
          <gpxtpx:TrackPointExtension>
            <gpxtpx:hr>129</gpxtpx:hr>
          </gpxtpx:TrackPointExtension>
        </extensions>
      </trkpt>
      <trkpt lat="40.638902" lon="-0.087133">
        <ele>1042.9</ele>
        <time>2015-10-20T13:35:27Z</time>
        <sat>9</sat>
        <extensions>
          <gpxtpx:TrackPointExtension>
            <gpxtpx:hr>128</gpxtpx:hr>
          </gpxtpx:TrackPointExtension>
        </extensions>
      </trkpt>
      <trkpt lat="40.638979" lon="-0.087105">
        <ele>1043.3</ele>
        <time>2015-10-20T13:35:32Z</time>
        <sat>9</sat>
        <extensions>
          <gpxtpx:TrackPointExtension>
            <gpxtpx:hr>129</gpxtpx:hr>
          </gpxtpx:TrackPointExtension>
        </extensions>
      </trkpt>
      <trkpt lat="40.639055" lon="-0.087078">
        <ele>1043.8</ele>
        <time>2015-10-20T13:35:36Z</time>
        <sat>9</sat>
        <extensions>
          <gpxtpx:TrackPointExtension>
            <gpxtpx:hr>129</gpxtpx:hr>
          </gpxtpx:TrackPointExtension>
        </extensions>
      </trkpt>
      <trkpt lat="40.639133" lon="-0.087049">
        <ele>1044.3</ele>
        <time>2015-10-20T13:35:41Z</time>
        <sat>9</sat>
        <extensions>
          <gpxtpx:TrackPointExtension>
            <gpxtpx:hr>128</gpxtpx:hr>
          </gpxtpx:TrackPointExtension>
        </extensions>
      </trkpt>
      <trkpt lat="40.639213" lon="-0.087023">
        <ele>1044.9</ele>
        <time>2015-10-20T13:35:45Z</time>
        <sat>9</sat>
        <extensions>
          <gpxtpx:TrackPointExtension>
            <gpxtpx:hr>127</gpxtpx:hr>
          </gpxtpx:TrackPointExtension>
        </extensions>
      </trkpt>
      <trkpt lat="40.639232" lon="-0.087016">
        <ele>1045.0</ele>
        <time>2015-10-20T13:35:47Z</time>
        <sat>9</sat>
        <extensions>
          <gpxtpx:TrackPointExtension>
            <gpxtpx:hr>127</gpxtpx:hr>
          </gpxtpx:TrackPointExtension>
        </extensions>
      </trkpt>
      <trkpt lat="40.639367" lon="-0.086966">
        <ele>1045.9</ele>
        <time>2015-10-20T13:35:55Z</time>
        <sat>9</sat>
        <extensions>
          <gpxtpx:TrackPointExtension>
            <gpxtpx:hr>129</gpxtpx:hr>
          </gpxtpx:TrackPointExtension>
        </extensions>
      </trkpt>
      <trkpt lat="40.639443" lon="-0.086939">
        <ele>1046.4</ele>
        <time>2015-10-20T13:35:59Z</time>
        <sat>9</sat>
        <extensions>
          <gpxtpx:TrackPointExtension>
            <gpxtpx:hr>130</gpxtpx:hr>
          </gpxtpx:TrackPointExtension>
        </extensions>
      </trkpt>
      <trkpt lat="40.639519" lon="-0.086913">
        <ele>1046.9</ele>
        <time>2015-10-20T13:36:04Z</time>
        <sat>9</sat>
      </trkpt>
      <trkpt lat="40.639597" lon="-0.086883">
        <ele>1047.4</ele>
        <time>2015-10-20T13:36:08Z</time>
        <sat>9</sat>
        <extensions>
          <gpxtpx:TrackPointExtension>
            <gpxtpx:hr>130</gpxtpx:hr>
          </gpxtpx:TrackPointExtension>
        </extensions>
      </trkpt>
      <trkpt lat="40.639672" lon="-0.086855">
        <ele>1047.9</ele>
        <time>2015-10-20T13:36:13Z</time>
        <sat>9</sat>
        <extensions>
          <gpxtpx:TrackPointExtension>
            <gpxtpx:hr>130</gpxtpx:hr>
          </gpxtpx:TrackPointExtension>
        </extensions>
      </trkpt>
      <trkpt lat="40.639747" lon="-0.086821">
        <ele>1048.3</ele>
        <time>2015-10-20T13:36:17Z</time>
        <sat>9</sat>
        <extensions>
          <gpxtpx:TrackPointExtension>
            <gpxtpx:hr>131</gpxtpx:hr>
          </gpxtpx:TrackPointExtension>
        </extensions>
      </trkpt>
      <trkpt lat="40.639820" lon="-0.086790">
        <ele>1048.7</ele>
        <time>2015-10-20T13:36:22Z</time>
        <sat>9</sat>
        <extensions>
          <gpxtpx:TrackPointExtension>
            <gpxtpx:hr>132</gpxtpx:hr>
          </gpxtpx:TrackPointExtension>
        </extensions>
      </trkpt>
      <trkpt lat="40.639892" lon="-0.086761">
        <ele>1049.3</ele>
        <time>2015-10-20T13:36:26Z</time>
        <sat>9</sat>
        <extensions>
          <gpxtpx:TrackPointExtension>
            <gpxtpx:hr>131</gpxtpx:hr>
          </gpxtpx:TrackPointExtension>
        </extensions>
      </trkpt>
      <trkpt lat="40.639965" lon="-0.086726">
        <ele>1049.7</ele>
        <time>2015-10-20T13:36:30Z</time>
        <sat>9</sat>
        <extensions>
          <gpxtpx:TrackPointExtension>
            <gpxtpx:hr>131</gpxtpx:hr>
          </gpxtpx:TrackPointExtension>
        </extensions>
      </trkpt>
      <trkpt lat="40.640037" lon="-0.086690">
        <ele>1050.1</ele>
        <time>2015-10-20T13:36:35Z</time>
        <sat>9</sat>
        <extensions>
          <gpxtpx:TrackPointExtension>
            <gpxtpx:hr>131</gpxtpx:hr>
          </gpxtpx:TrackPointExtension>
        </extensions>
      </trkpt>
      <trkpt lat="40.640111" lon="-0.086648">
        <ele>1050.6</ele>
        <time>2015-10-20T13:36:39Z</time>
        <sat>9</sat>
        <extensions>
          <gpxtpx:TrackPointExtension>
            <gpxtpx:hr>132</gpxtpx:hr>
          </gpxtpx:TrackPointExtension>
        </extensions>
      </trkpt>
      <trkpt lat="40.640179" lon="-0.086605">
        <ele>1051.1</ele>
        <time>2015-10-20T13:36:44Z</time>
        <sat>9</sat>
        <extensions>
          <gpxtpx:TrackPointExtension>
            <gpxtpx:hr>131</gpxtpx:hr>
          </gpxtpx:TrackPointExtension>
        </extensions>
      </trkpt>
      <trkpt lat="40.640248" lon="-0.086558">
        <ele>1051.6</ele>
        <time>2015-10-20T13:36:48Z</time>
        <sat>9</sat>
        <extensions>
          <gpxtpx:TrackPointExtension>
            <gpxtpx:hr>130</gpxtpx:hr>
          </gpxtpx:TrackPointExtension>
        </extensions>
      </trkpt>
      <trkpt lat="40.640317" lon="-0.086504">
        <ele>1052.1</ele>
        <time>2015-10-20T13:36:53Z</time>
        <sat>9</sat>
        <extensions>
          <gpxtpx:TrackPointExtension>
            <gpxtpx:hr>131</gpxtpx:hr>
          </gpxtpx:TrackPointExtension>
        </extensions>
      </trkpt>
      <trkpt lat="40.640385" lon="-0.086451">
        <ele>1052.6</ele>
        <time>2015-10-20T13:36:57Z</time>
        <sat>9</sat>
        <extensions>
          <gpxtpx:TrackPointExtension>
            <gpxtpx:hr>131</gpxtpx:hr>
          </gpxtpx:TrackPointExtension>
        </extensions>
      </trkpt>
      <trkpt lat="40.640402" lon="-0.086438">
        <ele>1052.8</ele>
        <time>2015-10-20T13:36:58Z</time>
        <sat>9</sat>
        <extensions>
          <gpxtpx:TrackPointExtension>
            <gpxtpx:hr>131</gpxtpx:hr>
          </gpxtpx:TrackPointExtension>
        </extensions>
      </trkpt>
      <trkpt lat="40.640524" lon="-0.086331">
        <ele>1053.7</ele>
        <time>2015-10-20T13:37:07Z</time>
        <sat>9</sat>
        <extensions>
          <gpxtpx:TrackPointExtension>
            <gpxtpx:hr>131</gpxtpx:hr>
          </gpxtpx:TrackPointExtension>
        </extensions>
      </trkpt>
      <trkpt lat="40.640592" lon="-0.086263">
        <ele>1054.2</ele>
        <time>2015-10-20T13:37:12Z</time>
        <sat>9</sat>
        <extensions>
          <gpxtpx:TrackPointExtension>
            <gpxtpx:hr>131</gpxtpx:hr>
          </gpxtpx:TrackPointExtension>
        </extensions>
      </trkpt>
      <trkpt lat="40.640658" lon="-0.086198">
        <ele>1054.8</ele>
        <time>2015-10-20T13:37:16Z</time>
        <sat>9</sat>
        <extensions>
          <gpxtpx:TrackPointExtension>
            <gpxtpx:hr>132</gpxtpx:hr>
          </gpxtpx:TrackPointExtension>
        </extensions>
      </trkpt>
      <trkpt lat="40.640723" lon="-0.086126">
        <ele>1055.4</ele>
        <time>2015-10-20T13:37:21Z</time>
        <sat>9</sat>
        <extensions>
          <gpxtpx:TrackPointExtension>
            <gpxtpx:hr>130</gpxtpx:hr>
          </gpxtpx:TrackPointExtension>
        </extensions>
      </trkpt>
      <trkpt lat="40.640788" lon="-0.086053">
        <ele>1056.0</ele>
        <time>2015-10-20T13:37:26Z</time>
        <sat>9</sat>
        <extensions>
          <gpxtpx:TrackPointExtension>
            <gpxtpx:hr>131</gpxtpx:hr>
          </gpxtpx:TrackPointExtension>
        </extensions>
      </trkpt>
      <trkpt lat="40.640852" lon="-0.085975">
        <ele>1056.7</ele>
        <time>2015-10-20T13:37:31Z</time>
        <sat>9</sat>
        <extensions>
          <gpxtpx:TrackPointExtension>
            <gpxtpx:hr>130</gpxtpx:hr>
          </gpxtpx:TrackPointExtension>
        </extensions>
      </trkpt>
      <trkpt lat="40.640912" lon="-0.085895">
        <ele>1057.2</ele>
        <time>2015-10-20T13:37:36Z</time>
        <sat>9</sat>
        <extensions>
          <gpxtpx:TrackPointExtension>
            <gpxtpx:hr>130</gpxtpx:hr>
          </gpxtpx:TrackPointExtension>
        </extensions>
      </trkpt>
      <trkpt lat="40.640969" lon="-0.085808">
        <ele>1057.9</ele>
        <time>2015-10-20T13:37:41Z</time>
        <sat>10</sat>
        <extensions>
          <gpxtpx:TrackPointExtension>
            <gpxtpx:hr>132</gpxtpx:hr>
          </gpxtpx:TrackPointExtension>
        </extensions>
      </trkpt>
      <trkpt lat="40.641023" lon="-0.085719">
        <ele>1058.5</ele>
        <time>2015-10-20T13:37:46Z</time>
        <sat>10</sat>
      </trkpt>
      <trkpt lat="40.641075" lon="-0.085633">
        <ele>1059.1</ele>
        <time>2015-10-20T13:37:51Z</time>
        <sat>10</sat>
        <extensions>
          <gpxtpx:TrackPointExtension>
            <gpxtpx:hr>133</gpxtpx:hr>
          </gpxtpx:TrackPointExtension>
        </extensions>
      </trkpt>
      <trkpt lat="40.641118" lon="-0.085536">
        <ele>1059.6</ele>
        <time>2015-10-20T13:37:55Z</time>
        <sat>10</sat>
        <extensions>
          <gpxtpx:TrackPointExtension>
            <gpxtpx:hr>132</gpxtpx:hr>
          </gpxtpx:TrackPointExtension>
        </extensions>
      </trkpt>
      <trkpt lat="40.641160" lon="-0.085440">
        <ele>1060.2</ele>
        <time>2015-10-20T13:38:00Z</time>
        <sat>10</sat>
        <extensions>
          <gpxtpx:TrackPointExtension>
            <gpxtpx:hr>132</gpxtpx:hr>
          </gpxtpx:TrackPointExtension>
        </extensions>
      </trkpt>
      <trkpt lat="40.641197" lon="-0.085341">
        <ele>1060.7</ele>
        <time>2015-10-20T13:38:05Z</time>
        <sat>10</sat>
        <extensions>
          <gpxtpx:TrackPointExtension>
            <gpxtpx:hr>132</gpxtpx:hr>
          </gpxtpx:TrackPointExtension>
        </extensions>
      </trkpt>
      <trkpt lat="40.641235" lon="-0.085243">
        <ele>1061.3</ele>
        <time>2015-10-20T13:38:10Z</time>
        <sat>10</sat>
      </trkpt>
      <trkpt lat="40.641270" lon="-0.085143">
        <ele>1061.8</ele>
        <time>2015-10-20T13:38:15Z</time>
        <sat>10</sat>
        <extensions>
          <gpxtpx:TrackPointExtension>
            <gpxtpx:hr>128</gpxtpx:hr>
          </gpxtpx:TrackPointExtension>
        </extensions>
      </trkpt>
      <trkpt lat="40.641277" lon="-0.085118">
        <ele>1061.9</ele>
        <time>2015-10-20T13:38:16Z</time>
        <sat>10</sat>
        <extensions>
          <gpxtpx:TrackPointExtension>
            <gpxtpx:hr>128</gpxtpx:hr>
          </gpxtpx:TrackPointExtension>
        </extensions>
      </trkpt>
      <trkpt lat="40.641325" lon="-0.084936">
        <ele>1062.8</ele>
        <time>2015-10-20T13:38:24Z</time>
        <sat>9</sat>
        <extensions>
          <gpxtpx:TrackPointExtension>
            <gpxtpx:hr>129</gpxtpx:hr>
          </gpxtpx:TrackPointExtension>
        </extensions>
      </trkpt>
      <trkpt lat="40.641347" lon="-0.084834">
        <ele>1063.4</ele>
        <time>2015-10-20T13:38:29Z</time>
        <sat>9</sat>
        <extensions>
          <gpxtpx:TrackPointExtension>
            <gpxtpx:hr>129</gpxtpx:hr>
          </gpxtpx:TrackPointExtension>
        </extensions>
      </trkpt>
      <trkpt lat="40.641367" lon="-0.084726">
        <ele>1063.8</ele>
        <time>2015-10-20T13:38:34Z</time>
        <sat>10</sat>
        <extensions>
          <gpxtpx:TrackPointExtension>
            <gpxtpx:hr>130</gpxtpx:hr>
          </gpxtpx:TrackPointExtension>
        </extensions>
      </trkpt>
      <trkpt lat="40.641385" lon="-0.084618">
        <ele>1064.4</ele>
        <time>2015-10-20T13:38:38Z</time>
        <sat>10</sat>
        <extensions>
          <gpxtpx:TrackPointExtension>
            <gpxtpx:hr>130</gpxtpx:hr>
          </gpxtpx:TrackPointExtension>
        </extensions>
      </trkpt>
      <trkpt lat="40.641399" lon="-0.084509">
        <ele>1064.9</ele>
        <time>2015-10-20T13:38:43Z</time>
        <sat>10</sat>
        <extensions>
          <gpxtpx:TrackPointExtension>
            <gpxtpx:hr>130</gpxtpx:hr>
          </gpxtpx:TrackPointExtension>
        </extensions>
      </trkpt>
      <trkpt lat="40.641412" lon="-0.084400">
        <ele>1065.4</ele>
        <time>2015-10-20T13:38:48Z</time>
        <sat>10</sat>
        <extensions>
          <gpxtpx:TrackPointExtension>
            <gpxtpx:hr>130</gpxtpx:hr>
          </gpxtpx:TrackPointExtension>
        </extensions>
      </trkpt>
      <trkpt lat="40.641422" lon="-0.084288">
        <ele>1066.0</ele>
        <time>2015-10-20T13:38:53Z</time>
        <sat>10</sat>
        <extensions>
          <gpxtpx:TrackPointExtension>
            <gpxtpx:hr>131</gpxtpx:hr>
          </gpxtpx:TrackPointExtension>
        </extensions>
      </trkpt>
      <trkpt lat="40.641429" lon="-0.084176">
        <ele>1066.5</ele>
        <time>2015-10-20T13:38:58Z</time>
        <sat>10</sat>
        <extensions>
          <gpxtpx:TrackPointExtension>
            <gpxtpx:hr>132</gpxtpx:hr>
          </gpxtpx:TrackPointExtension>
        </extensions>
      </trkpt>
      <trkpt lat="40.641433" lon="-0.084065">
        <ele>1067.1</ele>
        <time>2015-10-20T13:39:03Z</time>
        <sat>10</sat>
        <extensions>
          <gpxtpx:TrackPointExtension>
            <gpxtpx:hr>132</gpxtpx:hr>
          </gpxtpx:TrackPointExtension>
        </extensions>
      </trkpt>
      <trkpt lat="40.641435" lon="-0.083951">
        <ele>1067.6</ele>
        <time>2015-10-20T13:39:07Z</time>
        <sat>10</sat>
        <extensions>
          <gpxtpx:TrackPointExtension>
            <gpxtpx:hr>131</gpxtpx:hr>
          </gpxtpx:TrackPointExtension>
        </extensions>
      </trkpt>
      <trkpt lat="40.641433" lon="-0.083838">
        <ele>1068.1</ele>
        <time>2015-10-20T13:39:12Z</time>
        <sat>10</sat>
        <extensions>
          <gpxtpx:TrackPointExtension>
            <gpxtpx:hr>131</gpxtpx:hr>
          </gpxtpx:TrackPointExtension>
        </extensions>
      </trkpt>
      <trkpt lat="40.641433" lon="-0.083723">
        <ele>1068.6</ele>
        <time>2015-10-20T13:39:17Z</time>
        <sat>10</sat>
        <extensions>
          <gpxtpx:TrackPointExtension>
            <gpxtpx:hr>131</gpxtpx:hr>
          </gpxtpx:TrackPointExtension>
        </extensions>
      </trkpt>
      <trkpt lat="40.641433" lon="-0.083606">
        <ele>1069.1</ele>
        <time>2015-10-20T13:39:22Z</time>
        <sat>10</sat>
        <extensions>
          <gpxtpx:TrackPointExtension>
            <gpxtpx:hr>131</gpxtpx:hr>
          </gpxtpx:TrackPointExtension>
        </extensions>
      </trkpt>
      <trkpt lat="40.641432" lon="-0.083516">
        <ele>1069.4</ele>
        <time>2015-10-20T13:39:26Z</time>
        <sat>10</sat>
        <extensions>
          <gpxtpx:TrackPointExtension>
            <gpxtpx:hr>130</gpxtpx:hr>
          </gpxtpx:TrackPointExtension>
        </extensions>
      </trkpt>
      <trkpt lat="40.641430" lon="-0.083425">
        <ele>1069.8</ele>
        <time>2015-10-20T13:39:30Z</time>
        <sat>10</sat>
      </trkpt>
      <trkpt lat="40.641430" lon="-0.083396">
        <ele>1069.9</ele>
        <time>2015-10-20T13:39:32Z</time>
        <sat>10</sat>
        <extensions>
          <gpxtpx:TrackPointExtension>
            <gpxtpx:hr>129</gpxtpx:hr>
          </gpxtpx:TrackPointExtension>
        </extensions>
      </trkpt>
      <trkpt lat="40.641429" lon="-0.083215">
        <ele>1070.7</ele>
        <time>2015-10-20T13:39:39Z</time>
        <sat>10</sat>
        <extensions>
          <gpxtpx:TrackPointExtension>
            <gpxtpx:hr>129</gpxtpx:hr>
          </gpxtpx:TrackPointExtension>
        </extensions>
      </trkpt>
      <trkpt lat="40.641432" lon="-0.083100">
        <ele>1071.3</ele>
        <time>2015-10-20T13:39:44Z</time>
        <sat>10</sat>
        <extensions>
          <gpxtpx:TrackPointExtension>
            <gpxtpx:hr>130</gpxtpx:hr>
          </gpxtpx:TrackPointExtension>
        </extensions>
      </trkpt>
      <trkpt lat="40.641430" lon="-0.083010">
        <ele>1071.7</ele>
        <time>2015-10-20T13:39:48Z</time>
        <sat>10</sat>
        <extensions>
          <gpxtpx:TrackPointExtension>
            <gpxtpx:hr>130</gpxtpx:hr>
          </gpxtpx:TrackPointExtension>
        </extensions>
      </trkpt>
      <trkpt lat="40.641427" lon="-0.082919">
        <ele>1072.0</ele>
        <time>2015-10-20T13:39:52Z</time>
        <sat>10</sat>
        <extensions>
          <gpxtpx:TrackPointExtension>
            <gpxtpx:hr>129</gpxtpx:hr>
          </gpxtpx:TrackPointExtension>
        </extensions>
      </trkpt>
      <trkpt lat="40.641430" lon="-0.082830">
        <ele>1072.4</ele>
        <time>2015-10-20T13:39:56Z</time>
        <sat>10</sat>
        <extensions>
          <gpxtpx:TrackPointExtension>
            <gpxtpx:hr>129</gpxtpx:hr>
          </gpxtpx:TrackPointExtension>
        </extensions>
      </trkpt>
      <trkpt lat="40.641430" lon="-0.082740">
        <ele>1072.8</ele>
        <time>2015-10-20T13:40:00Z</time>
        <sat>10</sat>
        <extensions>
          <gpxtpx:TrackPointExtension>
            <gpxtpx:hr>129</gpxtpx:hr>
          </gpxtpx:TrackPointExtension>
        </extensions>
      </trkpt>
      <trkpt lat="40.641427" lon="-0.082648">
        <ele>1073.1</ele>
        <time>2015-10-20T13:40:04Z</time>
        <sat>10</sat>
        <extensions>
          <gpxtpx:TrackPointExtension>
            <gpxtpx:hr>130</gpxtpx:hr>
          </gpxtpx:TrackPointExtension>
        </extensions>
      </trkpt>
      <trkpt lat="40.641429" lon="-0.082530">
        <ele>1073.5</ele>
        <time>2015-10-20T13:40:09Z</time>
        <sat>10</sat>
        <extensions>
          <gpxtpx:TrackPointExtension>
            <gpxtpx:hr>131</gpxtpx:hr>
          </gpxtpx:TrackPointExtension>
        </extensions>
      </trkpt>
      <trkpt lat="40.641427" lon="-0.082413">
        <ele>1074.0</ele>
        <time>2015-10-20T13:40:14Z</time>
        <sat>10</sat>
        <extensions>
          <gpxtpx:TrackPointExtension>
            <gpxtpx:hr>130</gpxtpx:hr>
          </gpxtpx:TrackPointExtension>
        </extensions>
      </trkpt>
      <trkpt lat="40.641427" lon="-0.082296">
        <ele>1074.4</ele>
        <time>2015-10-20T13:40:19Z</time>
        <sat>10</sat>
        <extensions>
          <gpxtpx:TrackPointExtension>
            <gpxtpx:hr>129</gpxtpx:hr>
          </gpxtpx:TrackPointExtension>
        </extensions>
      </trkpt>
      <trkpt lat="40.641429" lon="-0.082181">
        <ele>1074.9</ele>
        <time>2015-10-20T13:40:24Z</time>
        <sat>10</sat>
        <extensions>
          <gpxtpx:TrackPointExtension>
            <gpxtpx:hr>130</gpxtpx:hr>
          </gpxtpx:TrackPointExtension>
        </extensions>
      </trkpt>
      <trkpt lat="40.641429" lon="-0.082068">
        <ele>1075.5</ele>
        <time>2015-10-20T13:40:29Z</time>
        <sat>10</sat>
        <extensions>
          <gpxtpx:TrackPointExtension>
            <gpxtpx:hr>131</gpxtpx:hr>
          </gpxtpx:TrackPointExtension>
        </extensions>
      </trkpt>
      <trkpt lat="40.641430" lon="-0.081956">
        <ele>1076.0</ele>
        <time>2015-10-20T13:40:34Z</time>
        <sat>10</sat>
        <extensions>
          <gpxtpx:TrackPointExtension>
            <gpxtpx:hr>130</gpxtpx:hr>
          </gpxtpx:TrackPointExtension>
        </extensions>
      </trkpt>
      <trkpt lat="40.641429" lon="-0.081845">
        <ele>1076.5</ele>
        <time>2015-10-20T13:40:39Z</time>
        <sat>10</sat>
        <extensions>
          <gpxtpx:TrackPointExtension>
            <gpxtpx:hr>130</gpxtpx:hr>
          </gpxtpx:TrackPointExtension>
        </extensions>
      </trkpt>
      <trkpt lat="40.641430" lon="-0.081731">
        <ele>1077.1</ele>
        <time>2015-10-20T13:40:44Z</time>
        <sat>10</sat>
        <extensions>
          <gpxtpx:TrackPointExtension>
            <gpxtpx:hr>131</gpxtpx:hr>
          </gpxtpx:TrackPointExtension>
        </extensions>
      </trkpt>
      <trkpt lat="40.641432" lon="-0.081618">
        <ele>1077.7</ele>
        <time>2015-10-20T13:40:49Z</time>
        <sat>10</sat>
        <extensions>
          <gpxtpx:TrackPointExtension>
            <gpxtpx:hr>131</gpxtpx:hr>
          </gpxtpx:TrackPointExtension>
        </extensions>
      </trkpt>
      <trkpt lat="40.641432" lon="-0.081589">
        <ele>1077.9</ele>
        <time>2015-10-20T13:40:50Z</time>
        <sat>10</sat>
        <extensions>
          <gpxtpx:TrackPointExtension>
            <gpxtpx:hr>131</gpxtpx:hr>
          </gpxtpx:TrackPointExtension>
        </extensions>
      </trkpt>
      <trkpt lat="40.641440" lon="-0.081386">
        <ele>1079.0</ele>
        <time>2015-10-20T13:40:59Z</time>
        <sat>10</sat>
        <extensions>
          <gpxtpx:TrackPointExtension>
            <gpxtpx:hr>130</gpxtpx:hr>
          </gpxtpx:TrackPointExtension>
        </extensions>
      </trkpt>
      <trkpt lat="40.641445" lon="-0.081273">
        <ele>1079.3</ele>
        <time>2015-10-20T13:41:04Z</time>
        <sat>10</sat>
      </trkpt>
      <trkpt lat="40.641453" lon="-0.081161">
        <ele>1079.6</ele>
        <time>2015-10-20T13:41:09Z</time>
        <sat>10</sat>
        <extensions>
          <gpxtpx:TrackPointExtension>
            <gpxtpx:hr>129</gpxtpx:hr>
          </gpxtpx:TrackPointExtension>
        </extensions>
      </trkpt>
      <trkpt lat="40.641467" lon="-0.081051">
        <ele>1080.6</ele>
        <time>2015-10-20T13:41:13Z</time>
        <sat>10</sat>
        <extensions>
          <gpxtpx:TrackPointExtension>
            <gpxtpx:hr>128</gpxtpx:hr>
          </gpxtpx:TrackPointExtension>
        </extensions>
      </trkpt>
      <trkpt lat="40.641483" lon="-0.080938">
        <ele>1081.0</ele>
        <time>2015-10-20T13:41:18Z</time>
        <sat>10</sat>
        <extensions>
          <gpxtpx:TrackPointExtension>
            <gpxtpx:hr>128</gpxtpx:hr>
          </gpxtpx:TrackPointExtension>
        </extensions>
      </trkpt>
      <trkpt lat="40.641497" lon="-0.080821">
        <ele>1081.3</ele>
        <time>2015-10-20T13:41:24Z</time>
        <sat>10</sat>
        <extensions>
          <gpxtpx:TrackPointExtension>
            <gpxtpx:hr>128</gpxtpx:hr>
          </gpxtpx:TrackPointExtension>
        </extensions>
      </trkpt>
      <trkpt lat="40.641510" lon="-0.080711">
        <ele>1082.0</ele>
        <time>2015-10-20T13:41:28Z</time>
        <sat>10</sat>
        <extensions>
          <gpxtpx:TrackPointExtension>
            <gpxtpx:hr>128</gpxtpx:hr>
          </gpxtpx:TrackPointExtension>
        </extensions>
      </trkpt>
      <trkpt lat="40.641525" lon="-0.080594">
        <ele>1082.4</ele>
        <time>2015-10-20T13:41:34Z</time>
        <sat>10</sat>
        <extensions>
          <gpxtpx:TrackPointExtension>
            <gpxtpx:hr>129</gpxtpx:hr>
          </gpxtpx:TrackPointExtension>
        </extensions>
      </trkpt>
      <trkpt lat="40.641530" lon="-0.080479">
        <ele>1083.0</ele>
        <time>2015-10-20T13:41:39Z</time>
        <sat>10</sat>
        <extensions>
          <gpxtpx:TrackPointExtension>
            <gpxtpx:hr>129</gpxtpx:hr>
          </gpxtpx:TrackPointExtension>
        </extensions>
      </trkpt>
      <trkpt lat="40.641529" lon="-0.080390">
        <ele>1083.2</ele>
        <time>2015-10-20T13:41:42Z</time>
        <sat>10</sat>
        <extensions>
          <gpxtpx:TrackPointExtension>
            <gpxtpx:hr>128</gpxtpx:hr>
          </gpxtpx:TrackPointExtension>
        </extensions>
      </trkpt>
      <trkpt lat="40.641527" lon="-0.080290">
        <ele>1083.0</ele>
        <time>2015-10-20T13:41:47Z</time>
        <sat>10</sat>
        <extensions>
          <gpxtpx:TrackPointExtension>
            <gpxtpx:hr>126</gpxtpx:hr>
          </gpxtpx:TrackPointExtension>
        </extensions>
      </trkpt>
      <trkpt lat="40.641524" lon="-0.080191">
        <ele>1083.0</ele>
        <time>2015-10-20T13:41:51Z</time>
        <sat>10</sat>
        <extensions>
          <gpxtpx:TrackPointExtension>
            <gpxtpx:hr>127</gpxtpx:hr>
          </gpxtpx:TrackPointExtension>
        </extensions>
      </trkpt>
      <trkpt lat="40.641524" lon="-0.080100">
        <ele>1083.0</ele>
        <time>2015-10-20T13:41:55Z</time>
        <sat>10</sat>
        <extensions>
          <gpxtpx:TrackPointExtension>
            <gpxtpx:hr>127</gpxtpx:hr>
          </gpxtpx:TrackPointExtension>
        </extensions>
      </trkpt>
      <trkpt lat="40.641524" lon="-0.080000">
        <ele>1083.2</ele>
        <time>2015-10-20T13:41:59Z</time>
        <sat>10</sat>
        <extensions>
          <gpxtpx:TrackPointExtension>
            <gpxtpx:hr>127</gpxtpx:hr>
          </gpxtpx:TrackPointExtension>
        </extensions>
      </trkpt>
      <trkpt lat="40.641522" lon="-0.079894">
        <ele>1083.4</ele>
        <time>2015-10-20T13:42:04Z</time>
        <sat>10</sat>
        <extensions>
          <gpxtpx:TrackPointExtension>
            <gpxtpx:hr>128</gpxtpx:hr>
          </gpxtpx:TrackPointExtension>
        </extensions>
      </trkpt>
      <trkpt lat="40.641522" lon="-0.079796">
        <ele>1083.7</ele>
        <time>2015-10-20T13:42:08Z</time>
        <sat>10</sat>
        <extensions>
          <gpxtpx:TrackPointExtension>
            <gpxtpx:hr>128</gpxtpx:hr>
          </gpxtpx:TrackPointExtension>
        </extensions>
      </trkpt>
      <trkpt lat="40.641522" lon="-0.079761">
        <ele>1083.8</ele>
        <time>2015-10-20T13:42:10Z</time>
        <sat>10</sat>
        <extensions>
          <gpxtpx:TrackPointExtension>
            <gpxtpx:hr>126</gpxtpx:hr>
          </gpxtpx:TrackPointExtension>
        </extensions>
      </trkpt>
      <trkpt lat="40.641522" lon="-0.079591">
        <ele>1084.4</ele>
        <time>2015-10-20T13:42:17Z</time>
        <sat>10</sat>
        <extensions>
          <gpxtpx:TrackPointExtension>
            <gpxtpx:hr>121</gpxtpx:hr>
          </gpxtpx:TrackPointExtension>
        </extensions>
      </trkpt>
      <trkpt lat="40.641525" lon="-0.079495">
        <ele>1084.8</ele>
        <time>2015-10-20T13:42:21Z</time>
        <sat>10</sat>
        <extensions>
          <gpxtpx:TrackPointExtension>
            <gpxtpx:hr>121</gpxtpx:hr>
          </gpxtpx:TrackPointExtension>
        </extensions>
      </trkpt>
      <trkpt lat="40.641524" lon="-0.079398">
        <ele>1085.2</ele>
        <time>2015-10-20T13:42:25Z</time>
        <sat>10</sat>
        <extensions>
          <gpxtpx:TrackPointExtension>
            <gpxtpx:hr>123</gpxtpx:hr>
          </gpxtpx:TrackPointExtension>
        </extensions>
      </trkpt>
      <trkpt lat="40.641524" lon="-0.079305">
        <ele>1085.5</ele>
        <time>2015-10-20T13:42:30Z</time>
        <sat>10</sat>
        <extensions>
          <gpxtpx:TrackPointExtension>
            <gpxtpx:hr>121</gpxtpx:hr>
          </gpxtpx:TrackPointExtension>
        </extensions>
      </trkpt>
      <trkpt lat="40.641522" lon="-0.079210">
        <ele>1085.6</ele>
        <time>2015-10-20T13:42:34Z</time>
        <sat>10</sat>
        <extensions>
          <gpxtpx:TrackPointExtension>
            <gpxtpx:hr>121</gpxtpx:hr>
          </gpxtpx:TrackPointExtension>
        </extensions>
      </trkpt>
      <trkpt lat="40.641525" lon="-0.079116">
        <ele>1086.0</ele>
        <time>2015-10-20T13:42:38Z</time>
        <sat>10</sat>
        <extensions>
          <gpxtpx:TrackPointExtension>
            <gpxtpx:hr>122</gpxtpx:hr>
          </gpxtpx:TrackPointExtension>
        </extensions>
      </trkpt>
      <trkpt lat="40.641525" lon="-0.079024">
        <ele>1086.4</ele>
        <time>2015-10-20T13:42:42Z</time>
        <sat>10</sat>
        <extensions>
          <gpxtpx:TrackPointExtension>
            <gpxtpx:hr>122</gpxtpx:hr>
          </gpxtpx:TrackPointExtension>
        </extensions>
      </trkpt>
      <trkpt lat="40.641525" lon="-0.078935">
        <ele>1086.7</ele>
        <time>2015-10-20T13:42:46Z</time>
        <sat>10</sat>
        <extensions>
          <gpxtpx:TrackPointExtension>
            <gpxtpx:hr>122</gpxtpx:hr>
          </gpxtpx:TrackPointExtension>
        </extensions>
      </trkpt>
      <trkpt lat="40.641529" lon="-0.078816">
        <ele>1087.2</ele>
        <time>2015-10-20T13:42:51Z</time>
        <sat>10</sat>
        <extensions>
          <gpxtpx:TrackPointExtension>
            <gpxtpx:hr>122</gpxtpx:hr>
          </gpxtpx:TrackPointExtension>
        </extensions>
      </trkpt>
      <trkpt lat="40.641545" lon="-0.078703">
        <ele>1088.0</ele>
        <time>2015-10-20T13:42:56Z</time>
        <sat>10</sat>
        <extensions>
          <gpxtpx:TrackPointExtension>
            <gpxtpx:hr>120</gpxtpx:hr>
          </gpxtpx:TrackPointExtension>
        </extensions>
      </trkpt>
      <trkpt lat="40.641578" lon="-0.078595">
        <ele>1088.3</ele>
        <time>2015-10-20T13:43:01Z</time>
        <sat>10</sat>
        <extensions>
          <gpxtpx:TrackPointExtension>
            <gpxtpx:hr>121</gpxtpx:hr>
          </gpxtpx:TrackPointExtension>
        </extensions>
      </trkpt>
      <trkpt lat="40.641630" lon="-0.078506">
        <ele>1088.9</ele>
        <time>2015-10-20T13:43:06Z</time>
        <sat>10</sat>
        <extensions>
          <gpxtpx:TrackPointExtension>
            <gpxtpx:hr>123</gpxtpx:hr>
          </gpxtpx:TrackPointExtension>
        </extensions>
      </trkpt>
      <trkpt lat="40.641697" lon="-0.078438">
        <ele>1089.2</ele>
        <time>2015-10-20T13:43:10Z</time>
        <sat>10</sat>
        <extensions>
          <gpxtpx:TrackPointExtension>
            <gpxtpx:hr>123</gpxtpx:hr>
          </gpxtpx:TrackPointExtension>
        </extensions>
      </trkpt>
      <trkpt lat="40.641772" lon="-0.078380">
        <ele>1090.0</ele>
        <time>2015-10-20T13:43:15Z</time>
        <sat>10</sat>
        <extensions>
          <gpxtpx:TrackPointExtension>
            <gpxtpx:hr>123</gpxtpx:hr>
          </gpxtpx:TrackPointExtension>
        </extensions>
      </trkpt>
      <trkpt lat="40.641847" lon="-0.078330">
        <ele>1090.2</ele>
        <time>2015-10-20T13:43:20Z</time>
        <sat>10</sat>
      </trkpt>
      <trkpt lat="40.641923" lon="-0.078280">
        <ele>1091.0</ele>
        <time>2015-10-20T13:43:25Z</time>
        <sat>10</sat>
        <extensions>
          <gpxtpx:TrackPointExtension>
            <gpxtpx:hr>124</gpxtpx:hr>
          </gpxtpx:TrackPointExtension>
        </extensions>
      </trkpt>
      <trkpt lat="40.642000" lon="-0.078218">
        <ele>1091.7</ele>
        <time>2015-10-20T13:43:30Z</time>
        <sat>10</sat>
        <extensions>
          <gpxtpx:TrackPointExtension>
            <gpxtpx:hr>125</gpxtpx:hr>
          </gpxtpx:TrackPointExtension>
        </extensions>
      </trkpt>
      <trkpt lat="40.642017" lon="-0.078203">
        <ele>1091.7</ele>
        <time>2015-10-20T13:43:31Z</time>
        <sat>10</sat>
        <extensions>
          <gpxtpx:TrackPointExtension>
            <gpxtpx:hr>126</gpxtpx:hr>
          </gpxtpx:TrackPointExtension>
        </extensions>
      </trkpt>
      <trkpt lat="40.642127" lon="-0.078091">
        <ele>1092.9</ele>
        <time>2015-10-20T13:43:39Z</time>
        <sat>10</sat>
        <extensions>
          <gpxtpx:TrackPointExtension>
            <gpxtpx:hr>125</gpxtpx:hr>
          </gpxtpx:TrackPointExtension>
        </extensions>
      </trkpt>
      <trkpt lat="40.642177" lon="-0.078019">
        <ele>1093.7</ele>
        <time>2015-10-20T13:43:44Z</time>
        <sat>10</sat>
        <extensions>
          <gpxtpx:TrackPointExtension>
            <gpxtpx:hr>127</gpxtpx:hr>
          </gpxtpx:TrackPointExtension>
        </extensions>
      </trkpt>
      <trkpt lat="40.642225" lon="-0.077930">
        <ele>1095.2</ele>
        <time>2015-10-20T13:43:48Z</time>
        <sat>10</sat>
        <extensions>
          <gpxtpx:TrackPointExtension>
            <gpxtpx:hr>130</gpxtpx:hr>
          </gpxtpx:TrackPointExtension>
        </extensions>
      </trkpt>
      <trkpt lat="40.642267" lon="-0.077841">
        <ele>1096.8</ele>
        <time>2015-10-20T13:43:53Z</time>
        <sat>10</sat>
        <extensions>
          <gpxtpx:TrackPointExtension>
            <gpxtpx:hr>134</gpxtpx:hr>
          </gpxtpx:TrackPointExtension>
        </extensions>
      </trkpt>
      <trkpt lat="40.642282" lon="-0.077741">
        <ele>1097.7</ele>
        <time>2015-10-20T13:43:57Z</time>
        <sat>10</sat>
        <extensions>
          <gpxtpx:TrackPointExtension>
            <gpxtpx:hr>136</gpxtpx:hr>
          </gpxtpx:TrackPointExtension>
        </extensions>
      </trkpt>
      <trkpt lat="40.642270" lon="-0.077635">
        <ele>1098.9</ele>
        <time>2015-10-20T13:44:02Z</time>
        <sat>10</sat>
        <extensions>
          <gpxtpx:TrackPointExtension>
            <gpxtpx:hr>138</gpxtpx:hr>
          </gpxtpx:TrackPointExtension>
        </extensions>
      </trkpt>
      <trkpt lat="40.642237" lon="-0.077536">
        <ele>1100.1</ele>
        <time>2015-10-20T13:44:07Z</time>
        <sat>10</sat>
        <extensions>
          <gpxtpx:TrackPointExtension>
            <gpxtpx:hr>141</gpxtpx:hr>
          </gpxtpx:TrackPointExtension>
        </extensions>
      </trkpt>
      <trkpt lat="40.642190" lon="-0.077446">
        <ele>1101.0</ele>
        <time>2015-10-20T13:44:11Z</time>
        <sat>10</sat>
        <extensions>
          <gpxtpx:TrackPointExtension>
            <gpxtpx:hr>143</gpxtpx:hr>
          </gpxtpx:TrackPointExtension>
        </extensions>
      </trkpt>
      <trkpt lat="40.642143" lon="-0.077360">
        <ele>1102.1</ele>
        <time>2015-10-20T13:44:16Z</time>
        <sat>10</sat>
        <extensions>
          <gpxtpx:TrackPointExtension>
            <gpxtpx:hr>145</gpxtpx:hr>
          </gpxtpx:TrackPointExtension>
        </extensions>
      </trkpt>
      <trkpt lat="40.642095" lon="-0.077278">
        <ele>1103.0</ele>
        <time>2015-10-20T13:44:20Z</time>
        <sat>10</sat>
        <extensions>
          <gpxtpx:TrackPointExtension>
            <gpxtpx:hr>146</gpxtpx:hr>
          </gpxtpx:TrackPointExtension>
        </extensions>
      </trkpt>
      <trkpt lat="40.642052" lon="-0.077195">
        <ele>1103.9</ele>
        <time>2015-10-20T13:44:25Z</time>
        <sat>10</sat>
        <extensions>
          <gpxtpx:TrackPointExtension>
            <gpxtpx:hr>146</gpxtpx:hr>
          </gpxtpx:TrackPointExtension>
        </extensions>
      </trkpt>
      <trkpt lat="40.642012" lon="-0.077104">
        <ele>1104.7</ele>
        <time>2015-10-20T13:44:29Z</time>
        <sat>10</sat>
        <extensions>
          <gpxtpx:TrackPointExtension>
            <gpxtpx:hr>145</gpxtpx:hr>
          </gpxtpx:TrackPointExtension>
        </extensions>
      </trkpt>
      <trkpt lat="40.642003" lon="-0.077088">
        <ele>1104.9</ele>
        <time>2015-10-20T13:44:30Z</time>
        <sat>10</sat>
        <extensions>
          <gpxtpx:TrackPointExtension>
            <gpxtpx:hr>145</gpxtpx:hr>
          </gpxtpx:TrackPointExtension>
        </extensions>
      </trkpt>
      <trkpt lat="40.641932" lon="-0.076899">
        <ele>1106.8</ele>
        <time>2015-10-20T13:44:39Z</time>
        <sat>10</sat>
        <extensions>
          <gpxtpx:TrackPointExtension>
            <gpxtpx:hr>143</gpxtpx:hr>
          </gpxtpx:TrackPointExtension>
        </extensions>
      </trkpt>
      <trkpt lat="40.641897" lon="-0.076805">
        <ele>1107.6</ele>
        <time>2015-10-20T13:44:44Z</time>
        <sat>10</sat>
        <extensions>
          <gpxtpx:TrackPointExtension>
            <gpxtpx:hr>141</gpxtpx:hr>
          </gpxtpx:TrackPointExtension>
        </extensions>
      </trkpt>
      <trkpt lat="40.641865" lon="-0.076711">
        <ele>1108.0</ele>
        <time>2015-10-20T13:44:48Z</time>
        <sat>10</sat>
        <extensions>
          <gpxtpx:TrackPointExtension>
            <gpxtpx:hr>138</gpxtpx:hr>
          </gpxtpx:TrackPointExtension>
        </extensions>
      </trkpt>
      <trkpt lat="40.641837" lon="-0.076613">
        <ele>1109.0</ele>
        <time>2015-10-20T13:44:53Z</time>
        <sat>10</sat>
        <extensions>
          <gpxtpx:TrackPointExtension>
            <gpxtpx:hr>137</gpxtpx:hr>
          </gpxtpx:TrackPointExtension>
        </extensions>
      </trkpt>
      <trkpt lat="40.641808" lon="-0.076510">
        <ele>1109.5</ele>
        <time>2015-10-20T13:44:58Z</time>
        <sat>10</sat>
        <extensions>
          <gpxtpx:TrackPointExtension>
            <gpxtpx:hr>136</gpxtpx:hr>
          </gpxtpx:TrackPointExtension>
        </extensions>
      </trkpt>
      <trkpt lat="40.641778" lon="-0.076406">
        <ele>1110.3</ele>
        <time>2015-10-20T13:45:03Z</time>
        <sat>10</sat>
        <extensions>
          <gpxtpx:TrackPointExtension>
            <gpxtpx:hr>134</gpxtpx:hr>
          </gpxtpx:TrackPointExtension>
        </extensions>
      </trkpt>
      <trkpt lat="40.641750" lon="-0.076301">
        <ele>1110.9</ele>
        <time>2015-10-20T13:45:07Z</time>
        <sat>10</sat>
        <extensions>
          <gpxtpx:TrackPointExtension>
            <gpxtpx:hr>133</gpxtpx:hr>
          </gpxtpx:TrackPointExtension>
        </extensions>
      </trkpt>
      <trkpt lat="40.641727" lon="-0.076193">
        <ele>1111.4</ele>
        <time>2015-10-20T13:45:12Z</time>
        <sat>10</sat>
        <extensions>
          <gpxtpx:TrackPointExtension>
            <gpxtpx:hr>130</gpxtpx:hr>
          </gpxtpx:TrackPointExtension>
        </extensions>
      </trkpt>
      <trkpt lat="40.641702" lon="-0.076099">
        <ele>1112.0</ele>
        <time>2015-10-20T13:45:17Z</time>
        <sat>9</sat>
        <extensions>
          <gpxtpx:TrackPointExtension>
            <gpxtpx:hr>130</gpxtpx:hr>
          </gpxtpx:TrackPointExtension>
        </extensions>
      </trkpt>
      <trkpt lat="40.641682" lon="-0.076008">
        <ele>1112.4</ele>
        <time>2015-10-20T13:45:21Z</time>
        <sat>9</sat>
        <extensions>
          <gpxtpx:TrackPointExtension>
            <gpxtpx:hr>130</gpxtpx:hr>
          </gpxtpx:TrackPointExtension>
        </extensions>
      </trkpt>
      <trkpt lat="40.641662" lon="-0.075915">
        <ele>1112.8</ele>
        <time>2015-10-20T13:45:25Z</time>
        <sat>10</sat>
        <extensions>
          <gpxtpx:TrackPointExtension>
            <gpxtpx:hr>130</gpxtpx:hr>
          </gpxtpx:TrackPointExtension>
        </extensions>
      </trkpt>
      <trkpt lat="40.641642" lon="-0.075818">
        <ele>1113.4</ele>
        <time>2015-10-20T13:45:29Z</time>
        <sat>10</sat>
        <extensions>
          <gpxtpx:TrackPointExtension>
            <gpxtpx:hr>129</gpxtpx:hr>
          </gpxtpx:TrackPointExtension>
        </extensions>
      </trkpt>
      <trkpt lat="40.641637" lon="-0.075794">
        <ele>1113.5</ele>
        <time>2015-10-20T13:45:30Z</time>
        <sat>10</sat>
        <extensions>
          <gpxtpx:TrackPointExtension>
            <gpxtpx:hr>129</gpxtpx:hr>
          </gpxtpx:TrackPointExtension>
        </extensions>
      </trkpt>
      <trkpt lat="40.641600" lon="-0.075603">
        <ele>1114.0</ele>
        <time>2015-10-20T13:45:39Z</time>
        <sat>10</sat>
        <extensions>
          <gpxtpx:TrackPointExtension>
            <gpxtpx:hr>128</gpxtpx:hr>
          </gpxtpx:TrackPointExtension>
        </extensions>
      </trkpt>
      <trkpt lat="40.641583" lon="-0.075511">
        <ele>1114.4</ele>
        <time>2015-10-20T13:45:43Z</time>
        <sat>10</sat>
        <extensions>
          <gpxtpx:TrackPointExtension>
            <gpxtpx:hr>125</gpxtpx:hr>
          </gpxtpx:TrackPointExtension>
        </extensions>
      </trkpt>
      <trkpt lat="40.641567" lon="-0.075415">
        <ele>1114.3</ele>
        <time>2015-10-20T13:45:47Z</time>
        <sat>10</sat>
        <extensions>
          <gpxtpx:TrackPointExtension>
            <gpxtpx:hr>125</gpxtpx:hr>
          </gpxtpx:TrackPointExtension>
        </extensions>
      </trkpt>
      <trkpt lat="40.641545" lon="-0.075315">
        <ele>1114.6</ele>
        <time>2015-10-20T13:45:52Z</time>
        <sat>10</sat>
        <extensions>
          <gpxtpx:TrackPointExtension>
            <gpxtpx:hr>125</gpxtpx:hr>
          </gpxtpx:TrackPointExtension>
        </extensions>
      </trkpt>
      <trkpt lat="40.641527" lon="-0.075209">
        <ele>1114.7</ele>
        <time>2015-10-20T13:45:56Z</time>
        <sat>10</sat>
        <extensions>
          <gpxtpx:TrackPointExtension>
            <gpxtpx:hr>126</gpxtpx:hr>
          </gpxtpx:TrackPointExtension>
        </extensions>
      </trkpt>
      <trkpt lat="40.641505" lon="-0.075100">
        <ele>1114.5</ele>
        <time>2015-10-20T13:46:01Z</time>
        <sat>10</sat>
        <extensions>
          <gpxtpx:TrackPointExtension>
            <gpxtpx:hr>124</gpxtpx:hr>
          </gpxtpx:TrackPointExtension>
        </extensions>
      </trkpt>
      <trkpt lat="40.641490" lon="-0.075013">
        <ele>1114.6</ele>
        <time>2015-10-20T13:46:05Z</time>
        <sat>10</sat>
        <extensions>
          <gpxtpx:TrackPointExtension>
            <gpxtpx:hr>124</gpxtpx:hr>
          </gpxtpx:TrackPointExtension>
        </extensions>
      </trkpt>
      <trkpt lat="40.641473" lon="-0.074920">
        <ele>1114.4</ele>
        <time>2015-10-20T13:46:09Z</time>
        <sat>10</sat>
      </trkpt>
      <trkpt lat="40.641448" lon="-0.074828">
        <ele>1114.1</ele>
        <time>2015-10-20T13:46:14Z</time>
        <sat>10</sat>
        <extensions>
          <gpxtpx:TrackPointExtension>
            <gpxtpx:hr>122</gpxtpx:hr>
          </gpxtpx:TrackPointExtension>
        </extensions>
      </trkpt>
      <trkpt lat="40.641417" lon="-0.074733">
        <ele>1114.3</ele>
        <time>2015-10-20T13:46:18Z</time>
        <sat>10</sat>
        <extensions>
          <gpxtpx:TrackPointExtension>
            <gpxtpx:hr>122</gpxtpx:hr>
          </gpxtpx:TrackPointExtension>
        </extensions>
      </trkpt>
      <trkpt lat="40.641390" lon="-0.074633">
        <ele>1113.9</ele>
        <time>2015-10-20T13:46:23Z</time>
        <sat>10</sat>
        <extensions>
          <gpxtpx:TrackPointExtension>
            <gpxtpx:hr>122</gpxtpx:hr>
          </gpxtpx:TrackPointExtension>
        </extensions>
      </trkpt>
      <trkpt lat="40.641363" lon="-0.074528">
        <ele>1113.6</ele>
        <time>2015-10-20T13:46:28Z</time>
        <sat>10</sat>
        <extensions>
          <gpxtpx:TrackPointExtension>
            <gpxtpx:hr>121</gpxtpx:hr>
          </gpxtpx:TrackPointExtension>
        </extensions>
      </trkpt>
      <trkpt lat="40.641319" lon="-0.074426">
        <ele>1113.2</ele>
        <time>2015-10-20T13:46:33Z</time>
        <sat>10</sat>
        <extensions>
          <gpxtpx:TrackPointExtension>
            <gpxtpx:hr>119</gpxtpx:hr>
          </gpxtpx:TrackPointExtension>
        </extensions>
      </trkpt>
      <trkpt lat="40.641277" lon="-0.074329">
        <ele>1112.8</ele>
        <time>2015-10-20T13:46:38Z</time>
        <sat>10</sat>
        <extensions>
          <gpxtpx:TrackPointExtension>
            <gpxtpx:hr>116</gpxtpx:hr>
          </gpxtpx:TrackPointExtension>
        </extensions>
      </trkpt>
      <trkpt lat="40.641225" lon="-0.074236">
        <ele>1112.4</ele>
        <time>2015-10-20T13:46:43Z</time>
        <sat>10</sat>
        <extensions>
          <gpxtpx:TrackPointExtension>
            <gpxtpx:hr>114</gpxtpx:hr>
          </gpxtpx:TrackPointExtension>
        </extensions>
      </trkpt>
      <trkpt lat="40.641197" lon="-0.074190">
        <ele>1112.2</ele>
        <time>2015-10-20T13:46:45Z</time>
        <sat>10</sat>
        <extensions>
          <gpxtpx:TrackPointExtension>
            <gpxtpx:hr>114</gpxtpx:hr>
          </gpxtpx:TrackPointExtension>
        </extensions>
      </trkpt>
      <trkpt lat="40.641167" lon="-0.074143">
        <ele>1112.0</ele>
        <time>2015-10-20T13:46:48Z</time>
        <sat>10</sat>
        <extensions>
          <gpxtpx:TrackPointExtension>
            <gpxtpx:hr>113</gpxtpx:hr>
          </gpxtpx:TrackPointExtension>
        </extensions>
      </trkpt>
      <trkpt lat="40.641138" lon="-0.074089">
        <ele>1111.7</ele>
        <time>2015-10-20T13:46:51Z</time>
        <sat>10</sat>
        <extensions>
          <gpxtpx:TrackPointExtension>
            <gpxtpx:hr>113</gpxtpx:hr>
          </gpxtpx:TrackPointExtension>
        </extensions>
      </trkpt>
      <trkpt lat="40.641108" lon="-0.074035">
        <ele>1111.6</ele>
        <time>2015-10-20T13:46:54Z</time>
        <sat>10</sat>
        <extensions>
          <gpxtpx:TrackPointExtension>
            <gpxtpx:hr>111</gpxtpx:hr>
          </gpxtpx:TrackPointExtension>
        </extensions>
      </trkpt>
      <trkpt lat="40.641080" lon="-0.073978">
        <ele>1111.3</ele>
        <time>2015-10-20T13:46:56Z</time>
        <sat>10</sat>
        <extensions>
          <gpxtpx:TrackPointExtension>
            <gpxtpx:hr>111</gpxtpx:hr>
          </gpxtpx:TrackPointExtension>
        </extensions>
      </trkpt>
      <trkpt lat="40.641050" lon="-0.073920">
        <ele>1111.1</ele>
        <time>2015-10-20T13:47:00Z</time>
        <sat>10</sat>
        <extensions>
          <gpxtpx:TrackPointExtension>
            <gpxtpx:hr>111</gpxtpx:hr>
          </gpxtpx:TrackPointExtension>
        </extensions>
      </trkpt>
      <trkpt lat="40.641022" lon="-0.073855">
        <ele>1110.8</ele>
        <time>2015-10-20T13:47:03Z</time>
        <sat>10</sat>
        <extensions>
          <gpxtpx:TrackPointExtension>
            <gpxtpx:hr>111</gpxtpx:hr>
          </gpxtpx:TrackPointExtension>
        </extensions>
      </trkpt>
      <trkpt lat="40.640992" lon="-0.073790">
        <ele>1110.5</ele>
        <time>2015-10-20T13:47:06Z</time>
        <sat>10</sat>
        <extensions>
          <gpxtpx:TrackPointExtension>
            <gpxtpx:hr>111</gpxtpx:hr>
          </gpxtpx:TrackPointExtension>
        </extensions>
      </trkpt>
      <trkpt lat="40.640964" lon="-0.073720">
        <ele>1110.4</ele>
        <time>2015-10-20T13:47:10Z</time>
        <sat>10</sat>
        <extensions>
          <gpxtpx:TrackPointExtension>
            <gpxtpx:hr>111</gpxtpx:hr>
          </gpxtpx:TrackPointExtension>
        </extensions>
      </trkpt>
      <trkpt lat="40.640935" lon="-0.073648">
        <ele>1110.0</ele>
        <time>2015-10-20T13:47:13Z</time>
        <sat>10</sat>
        <extensions>
          <gpxtpx:TrackPointExtension>
            <gpxtpx:hr>110</gpxtpx:hr>
          </gpxtpx:TrackPointExtension>
        </extensions>
      </trkpt>
      <trkpt lat="40.640905" lon="-0.073575">
        <ele>1109.9</ele>
        <time>2015-10-20T13:47:17Z</time>
        <sat>9</sat>
        <extensions>
          <gpxtpx:TrackPointExtension>
            <gpxtpx:hr>108</gpxtpx:hr>
          </gpxtpx:TrackPointExtension>
        </extensions>
      </trkpt>
      <trkpt lat="40.640877" lon="-0.073500">
        <ele>1109.7</ele>
        <time>2015-10-20T13:47:20Z</time>
        <sat>10</sat>
        <extensions>
          <gpxtpx:TrackPointExtension>
            <gpxtpx:hr>105</gpxtpx:hr>
          </gpxtpx:TrackPointExtension>
        </extensions>
      </trkpt>
      <trkpt lat="40.640849" lon="-0.073424">
        <ele>1109.6</ele>
        <time>2015-10-20T13:47:24Z</time>
        <sat>10</sat>
        <extensions>
          <gpxtpx:TrackPointExtension>
            <gpxtpx:hr>99</gpxtpx:hr>
          </gpxtpx:TrackPointExtension>
        </extensions>
      </trkpt>
      <trkpt lat="40.640820" lon="-0.073348">
        <ele>1109.5</ele>
        <time>2015-10-20T13:47:28Z</time>
        <sat>10</sat>
        <extensions>
          <gpxtpx:TrackPointExtension>
            <gpxtpx:hr>97</gpxtpx:hr>
          </gpxtpx:TrackPointExtension>
        </extensions>
      </trkpt>
      <trkpt lat="40.640792" lon="-0.073273">
        <ele>1109.3</ele>
        <time>2015-10-20T13:47:31Z</time>
        <sat>10</sat>
      </trkpt>
      <trkpt lat="40.640764" lon="-0.073198">
        <ele>1109.4</ele>
        <time>2015-10-20T13:47:35Z</time>
        <sat>10</sat>
        <extensions>
          <gpxtpx:TrackPointExtension>
            <gpxtpx:hr>96</gpxtpx:hr>
          </gpxtpx:TrackPointExtension>
        </extensions>
      </trkpt>
      <trkpt lat="40.640737" lon="-0.073123">
        <ele>1109.2</ele>
        <time>2015-10-20T13:47:38Z</time>
        <sat>10</sat>
        <extensions>
          <gpxtpx:TrackPointExtension>
            <gpxtpx:hr>96</gpxtpx:hr>
          </gpxtpx:TrackPointExtension>
        </extensions>
      </trkpt>
      <trkpt lat="40.640710" lon="-0.073050">
        <ele>1109.2</ele>
        <time>2015-10-20T13:47:42Z</time>
        <sat>10</sat>
        <extensions>
          <gpxtpx:TrackPointExtension>
            <gpxtpx:hr>97</gpxtpx:hr>
          </gpxtpx:TrackPointExtension>
        </extensions>
      </trkpt>
      <trkpt lat="40.640685" lon="-0.072978">
        <ele>1109.2</ele>
        <time>2015-10-20T13:47:45Z</time>
        <sat>10</sat>
        <extensions>
          <gpxtpx:TrackPointExtension>
            <gpxtpx:hr>98</gpxtpx:hr>
          </gpxtpx:TrackPointExtension>
        </extensions>
      </trkpt>
      <trkpt lat="40.640658" lon="-0.072906">
        <ele>1109.1</ele>
        <time>2015-10-20T13:47:49Z</time>
        <sat>10</sat>
        <extensions>
          <gpxtpx:TrackPointExtension>
            <gpxtpx:hr>99</gpxtpx:hr>
          </gpxtpx:TrackPointExtension>
        </extensions>
      </trkpt>
      <trkpt lat="40.640635" lon="-0.072836">
        <ele>1109.2</ele>
        <time>2015-10-20T13:47:52Z</time>
        <sat>10</sat>
        <extensions>
          <gpxtpx:TrackPointExtension>
            <gpxtpx:hr>100</gpxtpx:hr>
          </gpxtpx:TrackPointExtension>
        </extensions>
      </trkpt>
      <trkpt lat="40.640608" lon="-0.072768">
        <ele>1109.1</ele>
        <time>2015-10-20T13:47:56Z</time>
        <sat>10</sat>
        <extensions>
          <gpxtpx:TrackPointExtension>
            <gpxtpx:hr>99</gpxtpx:hr>
          </gpxtpx:TrackPointExtension>
        </extensions>
      </trkpt>
      <trkpt lat="40.640585" lon="-0.072700">
        <ele>1109.2</ele>
        <time>2015-10-20T13:47:59Z</time>
        <sat>10</sat>
        <extensions>
          <gpxtpx:TrackPointExtension>
            <gpxtpx:hr>98</gpxtpx:hr>
          </gpxtpx:TrackPointExtension>
        </extensions>
      </trkpt>
      <trkpt lat="40.640563" lon="-0.072635">
        <ele>1109.1</ele>
        <time>2015-10-20T13:48:02Z</time>
        <sat>10</sat>
        <extensions>
          <gpxtpx:TrackPointExtension>
            <gpxtpx:hr>97</gpxtpx:hr>
          </gpxtpx:TrackPointExtension>
        </extensions>
      </trkpt>
      <trkpt lat="40.640540" lon="-0.072568">
        <ele>1109.2</ele>
        <time>2015-10-20T13:48:05Z</time>
        <sat>10</sat>
        <extensions>
          <gpxtpx:TrackPointExtension>
            <gpxtpx:hr>97</gpxtpx:hr>
          </gpxtpx:TrackPointExtension>
        </extensions>
      </trkpt>
      <trkpt lat="40.640517" lon="-0.072501">
        <ele>1109.1</ele>
        <time>2015-10-20T13:48:08Z</time>
        <sat>10</sat>
        <extensions>
          <gpxtpx:TrackPointExtension>
            <gpxtpx:hr>97</gpxtpx:hr>
          </gpxtpx:TrackPointExtension>
        </extensions>
      </trkpt>
      <trkpt lat="40.640495" lon="-0.072436">
        <ele>1109.0</ele>
        <time>2015-10-20T13:48:11Z</time>
        <sat>10</sat>
        <extensions>
          <gpxtpx:TrackPointExtension>
            <gpxtpx:hr>97</gpxtpx:hr>
          </gpxtpx:TrackPointExtension>
        </extensions>
      </trkpt>
      <trkpt lat="40.640475" lon="-0.072371">
        <ele>1109.1</ele>
        <time>2015-10-20T13:48:14Z</time>
        <sat>10</sat>
        <extensions>
          <gpxtpx:TrackPointExtension>
            <gpxtpx:hr>98</gpxtpx:hr>
          </gpxtpx:TrackPointExtension>
        </extensions>
      </trkpt>
      <trkpt lat="40.640458" lon="-0.072308">
        <ele>1109.0</ele>
        <time>2015-10-20T13:48:17Z</time>
        <sat>10</sat>
        <extensions>
          <gpxtpx:TrackPointExtension>
            <gpxtpx:hr>98</gpxtpx:hr>
          </gpxtpx:TrackPointExtension>
        </extensions>
      </trkpt>
      <trkpt lat="40.640440" lon="-0.072245">
        <ele>1109.1</ele>
        <time>2015-10-20T13:48:20Z</time>
        <sat>10</sat>
        <extensions>
          <gpxtpx:TrackPointExtension>
            <gpxtpx:hr>98</gpxtpx:hr>
          </gpxtpx:TrackPointExtension>
        </extensions>
      </trkpt>
      <trkpt lat="40.640422" lon="-0.072183">
        <ele>1109.1</ele>
        <time>2015-10-20T13:48:23Z</time>
        <sat>10</sat>
        <extensions>
          <gpxtpx:TrackPointExtension>
            <gpxtpx:hr>97</gpxtpx:hr>
          </gpxtpx:TrackPointExtension>
        </extensions>
      </trkpt>
      <trkpt lat="40.640404" lon="-0.072120">
        <ele>1108.9</ele>
        <time>2015-10-20T13:48:26Z</time>
        <sat>10</sat>
        <extensions>
          <gpxtpx:TrackPointExtension>
            <gpxtpx:hr>97</gpxtpx:hr>
          </gpxtpx:TrackPointExtension>
        </extensions>
      </trkpt>
      <trkpt lat="40.640389" lon="-0.072055">
        <ele>1108.9</ele>
        <time>2015-10-20T13:48:29Z</time>
        <sat>10</sat>
        <extensions>
          <gpxtpx:TrackPointExtension>
            <gpxtpx:hr>97</gpxtpx:hr>
          </gpxtpx:TrackPointExtension>
        </extensions>
      </trkpt>
      <trkpt lat="40.640372" lon="-0.071988">
        <ele>1108.9</ele>
        <time>2015-10-20T13:48:32Z</time>
        <sat>10</sat>
        <extensions>
          <gpxtpx:TrackPointExtension>
            <gpxtpx:hr>97</gpxtpx:hr>
          </gpxtpx:TrackPointExtension>
        </extensions>
      </trkpt>
      <trkpt lat="40.640353" lon="-0.071921">
        <ele>1108.5</ele>
        <time>2015-10-20T13:48:35Z</time>
        <sat>10</sat>
        <extensions>
          <gpxtpx:TrackPointExtension>
            <gpxtpx:hr>98</gpxtpx:hr>
          </gpxtpx:TrackPointExtension>
        </extensions>
      </trkpt>
      <trkpt lat="40.640335" lon="-0.071853">
        <ele>1108.2</ele>
        <time>2015-10-20T13:48:38Z</time>
        <sat>10</sat>
        <extensions>
          <gpxtpx:TrackPointExtension>
            <gpxtpx:hr>99</gpxtpx:hr>
          </gpxtpx:TrackPointExtension>
        </extensions>
      </trkpt>
      <trkpt lat="40.640317" lon="-0.071783">
        <ele>1108.1</ele>
        <time>2015-10-20T13:48:41Z</time>
        <sat>10</sat>
        <extensions>
          <gpxtpx:TrackPointExtension>
            <gpxtpx:hr>99</gpxtpx:hr>
          </gpxtpx:TrackPointExtension>
        </extensions>
      </trkpt>
      <trkpt lat="40.640297" lon="-0.071715">
        <ele>1107.6</ele>
        <time>2015-10-20T13:48:45Z</time>
        <sat>10</sat>
        <extensions>
          <gpxtpx:TrackPointExtension>
            <gpxtpx:hr>100</gpxtpx:hr>
          </gpxtpx:TrackPointExtension>
        </extensions>
      </trkpt>
      <trkpt lat="40.640274" lon="-0.071643">
        <ele>1107.4</ele>
        <time>2015-10-20T13:48:48Z</time>
        <sat>10</sat>
        <extensions>
          <gpxtpx:TrackPointExtension>
            <gpxtpx:hr>100</gpxtpx:hr>
          </gpxtpx:TrackPointExtension>
        </extensions>
      </trkpt>
      <trkpt lat="40.640250" lon="-0.071571">
        <ele>1107.1</ele>
        <time>2015-10-20T13:48:51Z</time>
        <sat>10</sat>
        <extensions>
          <gpxtpx:TrackPointExtension>
            <gpxtpx:hr>100</gpxtpx:hr>
          </gpxtpx:TrackPointExtension>
        </extensions>
      </trkpt>
      <trkpt lat="40.640227" lon="-0.071498">
        <ele>1107.0</ele>
        <time>2015-10-20T13:48:55Z</time>
        <sat>10</sat>
        <extensions>
          <gpxtpx:TrackPointExtension>
            <gpxtpx:hr>100</gpxtpx:hr>
          </gpxtpx:TrackPointExtension>
        </extensions>
      </trkpt>
      <trkpt lat="40.640204" lon="-0.071426">
        <ele>1106.7</ele>
        <time>2015-10-20T13:48:58Z</time>
        <sat>10</sat>
        <extensions>
          <gpxtpx:TrackPointExtension>
            <gpxtpx:hr>101</gpxtpx:hr>
          </gpxtpx:TrackPointExtension>
        </extensions>
      </trkpt>
      <trkpt lat="40.640180" lon="-0.071353">
        <ele>1106.5</ele>
        <time>2015-10-20T13:49:02Z</time>
        <sat>10</sat>
        <extensions>
          <gpxtpx:TrackPointExtension>
            <gpxtpx:hr>101</gpxtpx:hr>
          </gpxtpx:TrackPointExtension>
        </extensions>
      </trkpt>
      <trkpt lat="40.640162" lon="-0.071276">
        <ele>1106.3</ele>
        <time>2015-10-20T13:49:05Z</time>
        <sat>10</sat>
        <extensions>
          <gpxtpx:TrackPointExtension>
            <gpxtpx:hr>102</gpxtpx:hr>
          </gpxtpx:TrackPointExtension>
        </extensions>
      </trkpt>
      <trkpt lat="40.640147" lon="-0.071196">
        <ele>1106.2</ele>
        <time>2015-10-20T13:49:09Z</time>
        <sat>10</sat>
        <extensions>
          <gpxtpx:TrackPointExtension>
            <gpxtpx:hr>102</gpxtpx:hr>
          </gpxtpx:TrackPointExtension>
        </extensions>
      </trkpt>
      <trkpt lat="40.640140" lon="-0.071116">
        <ele>1106.2</ele>
        <time>2015-10-20T13:49:12Z</time>
        <sat>10</sat>
        <extensions>
          <gpxtpx:TrackPointExtension>
            <gpxtpx:hr>101</gpxtpx:hr>
          </gpxtpx:TrackPointExtension>
        </extensions>
      </trkpt>
      <trkpt lat="40.640145" lon="-0.071035">
        <ele>1106.2</ele>
        <time>2015-10-20T13:49:16Z</time>
        <sat>10</sat>
        <extensions>
          <gpxtpx:TrackPointExtension>
            <gpxtpx:hr>100</gpxtpx:hr>
          </gpxtpx:TrackPointExtension>
        </extensions>
      </trkpt>
      <trkpt lat="40.640162" lon="-0.070960">
        <ele>1106.2</ele>
        <time>2015-10-20T13:49:19Z</time>
        <sat>10</sat>
        <extensions>
          <gpxtpx:TrackPointExtension>
            <gpxtpx:hr>100</gpxtpx:hr>
          </gpxtpx:TrackPointExtension>
        </extensions>
      </trkpt>
      <trkpt lat="40.640190" lon="-0.070891">
        <ele>1105.9</ele>
        <time>2015-10-20T13:49:23Z</time>
        <sat>10</sat>
        <extensions>
          <gpxtpx:TrackPointExtension>
            <gpxtpx:hr>99</gpxtpx:hr>
          </gpxtpx:TrackPointExtension>
        </extensions>
      </trkpt>
      <trkpt lat="40.640227" lon="-0.070826">
        <ele>1105.6</ele>
        <time>2015-10-20T13:49:26Z</time>
        <sat>10</sat>
        <extensions>
          <gpxtpx:TrackPointExtension>
            <gpxtpx:hr>98</gpxtpx:hr>
          </gpxtpx:TrackPointExtension>
        </extensions>
      </trkpt>
      <trkpt lat="40.640268" lon="-0.070761">
        <ele>1104.9</ele>
        <time>2015-10-20T13:49:30Z</time>
        <sat>10</sat>
      </trkpt>
      <trkpt lat="40.640310" lon="-0.070691">
        <ele>1104.4</ele>
        <time>2015-10-20T13:49:34Z</time>
        <sat>10</sat>
        <extensions>
          <gpxtpx:TrackPointExtension>
            <gpxtpx:hr>98</gpxtpx:hr>
          </gpxtpx:TrackPointExtension>
        </extensions>
      </trkpt>
      <trkpt lat="40.640353" lon="-0.070616">
        <ele>1104.0</ele>
        <time>2015-10-20T13:49:38Z</time>
        <sat>10</sat>
        <extensions>
          <gpxtpx:TrackPointExtension>
            <gpxtpx:hr>99</gpxtpx:hr>
          </gpxtpx:TrackPointExtension>
        </extensions>
      </trkpt>
      <trkpt lat="40.640394" lon="-0.070536">
        <ele>1103.7</ele>
        <time>2015-10-20T13:49:42Z</time>
        <sat>10</sat>
        <extensions>
          <gpxtpx:TrackPointExtension>
            <gpxtpx:hr>99</gpxtpx:hr>
          </gpxtpx:TrackPointExtension>
        </extensions>
      </trkpt>
      <trkpt lat="40.640430" lon="-0.070450">
        <ele>1103.1</ele>
        <time>2015-10-20T13:49:46Z</time>
        <sat>10</sat>
        <extensions>
          <gpxtpx:TrackPointExtension>
            <gpxtpx:hr>101</gpxtpx:hr>
          </gpxtpx:TrackPointExtension>
        </extensions>
      </trkpt>
      <trkpt lat="40.640462" lon="-0.070356">
        <ele>1102.9</ele>
        <time>2015-10-20T13:49:51Z</time>
        <sat>10</sat>
      </trkpt>
      <trkpt lat="40.640485" lon="-0.070256">
        <ele>1103.0</ele>
        <time>2015-10-20T13:49:55Z</time>
        <sat>10</sat>
        <extensions>
          <gpxtpx:TrackPointExtension>
            <gpxtpx:hr>102</gpxtpx:hr>
          </gpxtpx:TrackPointExtension>
        </extensions>
      </trkpt>
      <trkpt lat="40.640500" lon="-0.070153">
        <ele>1102.5</ele>
        <time>2015-10-20T13:50:00Z</time>
        <sat>10</sat>
        <extensions>
          <gpxtpx:TrackPointExtension>
            <gpxtpx:hr>102</gpxtpx:hr>
          </gpxtpx:TrackPointExtension>
        </extensions>
      </trkpt>
      <trkpt lat="40.640509" lon="-0.070045">
        <ele>1102.2</ele>
        <time>2015-10-20T13:50:04Z</time>
        <sat>10</sat>
        <extensions>
          <gpxtpx:TrackPointExtension>
            <gpxtpx:hr>102</gpxtpx:hr>
          </gpxtpx:TrackPointExtension>
        </extensions>
      </trkpt>
      <trkpt lat="40.640517" lon="-0.069936">
        <ele>1102.3</ele>
        <time>2015-10-20T13:50:09Z</time>
        <sat>10</sat>
        <extensions>
          <gpxtpx:TrackPointExtension>
            <gpxtpx:hr>102</gpxtpx:hr>
          </gpxtpx:TrackPointExtension>
        </extensions>
      </trkpt>
      <trkpt lat="40.640519" lon="-0.069828">
        <ele>1102.7</ele>
        <time>2015-10-20T13:50:14Z</time>
        <sat>10</sat>
        <extensions>
          <gpxtpx:TrackPointExtension>
            <gpxtpx:hr>103</gpxtpx:hr>
          </gpxtpx:TrackPointExtension>
        </extensions>
      </trkpt>
      <trkpt lat="40.640520" lon="-0.069719">
        <ele>1102.5</ele>
        <time>2015-10-20T13:50:19Z</time>
        <sat>10</sat>
        <extensions>
          <gpxtpx:TrackPointExtension>
            <gpxtpx:hr>103</gpxtpx:hr>
          </gpxtpx:TrackPointExtension>
        </extensions>
      </trkpt>
      <trkpt lat="40.640520" lon="-0.069615">
        <ele>1102.3</ele>
        <time>2015-10-20T13:50:23Z</time>
        <sat>10</sat>
        <extensions>
          <gpxtpx:TrackPointExtension>
            <gpxtpx:hr>104</gpxtpx:hr>
          </gpxtpx:TrackPointExtension>
        </extensions>
      </trkpt>
      <trkpt lat="40.640524" lon="-0.069511">
        <ele>1102.3</ele>
        <time>2015-10-20T13:50:28Z</time>
        <sat>10</sat>
        <extensions>
          <gpxtpx:TrackPointExtension>
            <gpxtpx:hr>105</gpxtpx:hr>
          </gpxtpx:TrackPointExtension>
        </extensions>
      </trkpt>
      <trkpt lat="40.640525" lon="-0.069411">
        <ele>1102.7</ele>
        <time>2015-10-20T13:50:32Z</time>
        <sat>10</sat>
        <extensions>
          <gpxtpx:TrackPointExtension>
            <gpxtpx:hr>108</gpxtpx:hr>
          </gpxtpx:TrackPointExtension>
        </extensions>
      </trkpt>
      <trkpt lat="40.640527" lon="-0.069313">
        <ele>1103.2</ele>
        <time>2015-10-20T13:50:36Z</time>
        <sat>10</sat>
        <extensions>
          <gpxtpx:TrackPointExtension>
            <gpxtpx:hr>111</gpxtpx:hr>
          </gpxtpx:TrackPointExtension>
        </extensions>
      </trkpt>
      <trkpt lat="40.640529" lon="-0.069218">
        <ele>1103.6</ele>
        <time>2015-10-20T13:50:40Z</time>
        <sat>10</sat>
        <extensions>
          <gpxtpx:TrackPointExtension>
            <gpxtpx:hr>113</gpxtpx:hr>
          </gpxtpx:TrackPointExtension>
        </extensions>
      </trkpt>
      <trkpt lat="40.640532" lon="-0.069126">
        <ele>1103.7</ele>
        <time>2015-10-20T13:50:44Z</time>
        <sat>10</sat>
        <extensions>
          <gpxtpx:TrackPointExtension>
            <gpxtpx:hr>115</gpxtpx:hr>
          </gpxtpx:TrackPointExtension>
        </extensions>
      </trkpt>
      <trkpt lat="40.640535" lon="-0.069038">
        <ele>1103.8</ele>
        <time>2015-10-20T13:50:48Z</time>
        <sat>10</sat>
        <extensions>
          <gpxtpx:TrackPointExtension>
            <gpxtpx:hr>116</gpxtpx:hr>
          </gpxtpx:TrackPointExtension>
        </extensions>
      </trkpt>
      <trkpt lat="40.640537" lon="-0.068954">
        <ele>1104.1</ele>
        <time>2015-10-20T13:50:52Z</time>
        <sat>10</sat>
        <extensions>
          <gpxtpx:TrackPointExtension>
            <gpxtpx:hr>116</gpxtpx:hr>
          </gpxtpx:TrackPointExtension>
        </extensions>
      </trkpt>
      <trkpt lat="40.640537" lon="-0.068876">
        <ele>1104.8</ele>
        <time>2015-10-20T13:50:55Z</time>
        <sat>10</sat>
        <extensions>
          <gpxtpx:TrackPointExtension>
            <gpxtpx:hr>118</gpxtpx:hr>
          </gpxtpx:TrackPointExtension>
        </extensions>
      </trkpt>
      <trkpt lat="40.640537" lon="-0.068806">
        <ele>1105.7</ele>
        <time>2015-10-20T13:50:58Z</time>
        <sat>10</sat>
        <extensions>
          <gpxtpx:TrackPointExtension>
            <gpxtpx:hr>120</gpxtpx:hr>
          </gpxtpx:TrackPointExtension>
        </extensions>
      </trkpt>
      <trkpt lat="40.640535" lon="-0.068741">
        <ele>1106.3</ele>
        <time>2015-10-20T13:51:01Z</time>
        <sat>10</sat>
        <extensions>
          <gpxtpx:TrackPointExtension>
            <gpxtpx:hr>123</gpxtpx:hr>
          </gpxtpx:TrackPointExtension>
        </extensions>
      </trkpt>
      <trkpt lat="40.640524" lon="-0.068626">
        <ele>1107.3</ele>
        <time>2015-10-20T13:51:06Z</time>
        <sat>10</sat>
        <extensions>
          <gpxtpx:TrackPointExtension>
            <gpxtpx:hr>125</gpxtpx:hr>
          </gpxtpx:TrackPointExtension>
        </extensions>
      </trkpt>
      <trkpt lat="40.640517" lon="-0.068533">
        <ele>1108.2</ele>
        <time>2015-10-20T13:51:10Z</time>
        <sat>10</sat>
        <extensions>
          <gpxtpx:TrackPointExtension>
            <gpxtpx:hr>127</gpxtpx:hr>
          </gpxtpx:TrackPointExtension>
        </extensions>
      </trkpt>
      <trkpt lat="40.640514" lon="-0.068416">
        <ele>1109.2</ele>
        <time>2015-10-20T13:51:15Z</time>
        <sat>10</sat>
        <extensions>
          <gpxtpx:TrackPointExtension>
            <gpxtpx:hr>128</gpxtpx:hr>
          </gpxtpx:TrackPointExtension>
        </extensions>
      </trkpt>
      <trkpt lat="40.640505" lon="-0.068314">
        <ele>1110.0</ele>
        <time>2015-10-20T13:51:20Z</time>
        <sat>10</sat>
        <extensions>
          <gpxtpx:TrackPointExtension>
            <gpxtpx:hr>130</gpxtpx:hr>
          </gpxtpx:TrackPointExtension>
        </extensions>
      </trkpt>
      <trkpt lat="40.640504" lon="-0.068283">
        <ele>1110.3</ele>
        <time>2015-10-20T13:51:21Z</time>
        <sat>10</sat>
        <extensions>
          <gpxtpx:TrackPointExtension>
            <gpxtpx:hr>130</gpxtpx:hr>
          </gpxtpx:TrackPointExtension>
        </extensions>
      </trkpt>
      <trkpt lat="40.640480" lon="-0.068121">
        <ele>1111.3</ele>
        <time>2015-10-20T13:51:28Z</time>
        <sat>10</sat>
        <extensions>
          <gpxtpx:TrackPointExtension>
            <gpxtpx:hr>134</gpxtpx:hr>
          </gpxtpx:TrackPointExtension>
        </extensions>
      </trkpt>
      <trkpt lat="40.640462" lon="-0.068025">
        <ele>1111.8</ele>
        <time>2015-10-20T13:51:32Z</time>
        <sat>10</sat>
        <extensions>
          <gpxtpx:TrackPointExtension>
            <gpxtpx:hr>135</gpxtpx:hr>
          </gpxtpx:TrackPointExtension>
        </extensions>
      </trkpt>
      <trkpt lat="40.640448" lon="-0.067930">
        <ele>1112.3</ele>
        <time>2015-10-20T13:51:37Z</time>
        <sat>10</sat>
        <extensions>
          <gpxtpx:TrackPointExtension>
            <gpxtpx:hr>136</gpxtpx:hr>
          </gpxtpx:TrackPointExtension>
        </extensions>
      </trkpt>
      <trkpt lat="40.640439" lon="-0.067839">
        <ele>1113.0</ele>
        <time>2015-10-20T13:51:41Z</time>
        <sat>10</sat>
        <extensions>
          <gpxtpx:TrackPointExtension>
            <gpxtpx:hr>137</gpxtpx:hr>
          </gpxtpx:TrackPointExtension>
        </extensions>
      </trkpt>
      <trkpt lat="40.640425" lon="-0.067751">
        <ele>1113.6</ele>
        <time>2015-10-20T13:51:45Z</time>
        <sat>10</sat>
        <extensions>
          <gpxtpx:TrackPointExtension>
            <gpxtpx:hr>137</gpxtpx:hr>
          </gpxtpx:TrackPointExtension>
        </extensions>
      </trkpt>
      <trkpt lat="40.640402" lon="-0.067640">
        <ele>1114.2</ele>
        <time>2015-10-20T13:51:50Z</time>
        <sat>10</sat>
        <extensions>
          <gpxtpx:TrackPointExtension>
            <gpxtpx:hr>138</gpxtpx:hr>
          </gpxtpx:TrackPointExtension>
        </extensions>
      </trkpt>
      <trkpt lat="40.640382" lon="-0.067530">
        <ele>1114.6</ele>
        <time>2015-10-20T13:51:54Z</time>
        <sat>10</sat>
        <extensions>
          <gpxtpx:TrackPointExtension>
            <gpxtpx:hr>138</gpxtpx:hr>
          </gpxtpx:TrackPointExtension>
        </extensions>
      </trkpt>
      <trkpt lat="40.640370" lon="-0.067416">
        <ele>1115.2</ele>
        <time>2015-10-20T13:51:59Z</time>
        <sat>10</sat>
        <extensions>
          <gpxtpx:TrackPointExtension>
            <gpxtpx:hr>138</gpxtpx:hr>
          </gpxtpx:TrackPointExtension>
        </extensions>
      </trkpt>
      <trkpt lat="40.640352" lon="-0.067328">
        <ele>1115.7</ele>
        <time>2015-10-20T13:52:03Z</time>
        <sat>10</sat>
        <extensions>
          <gpxtpx:TrackPointExtension>
            <gpxtpx:hr>138</gpxtpx:hr>
          </gpxtpx:TrackPointExtension>
        </extensions>
      </trkpt>
      <trkpt lat="40.640333" lon="-0.067240">
        <ele>1116.0</ele>
        <time>2015-10-20T13:52:07Z</time>
        <sat>10</sat>
        <extensions>
          <gpxtpx:TrackPointExtension>
            <gpxtpx:hr>136</gpxtpx:hr>
          </gpxtpx:TrackPointExtension>
        </extensions>
      </trkpt>
      <trkpt lat="40.640322" lon="-0.067151">
        <ele>1116.5</ele>
        <time>2015-10-20T13:52:11Z</time>
        <sat>10</sat>
        <extensions>
          <gpxtpx:TrackPointExtension>
            <gpxtpx:hr>135</gpxtpx:hr>
          </gpxtpx:TrackPointExtension>
        </extensions>
      </trkpt>
      <trkpt lat="40.640302" lon="-0.067063">
        <ele>1116.9</ele>
        <time>2015-10-20T13:52:15Z</time>
        <sat>10</sat>
        <extensions>
          <gpxtpx:TrackPointExtension>
            <gpxtpx:hr>135</gpxtpx:hr>
          </gpxtpx:TrackPointExtension>
        </extensions>
      </trkpt>
      <trkpt lat="40.640282" lon="-0.066948">
        <ele>1117.4</ele>
        <time>2015-10-20T13:52:20Z</time>
        <sat>10</sat>
        <extensions>
          <gpxtpx:TrackPointExtension>
            <gpxtpx:hr>134</gpxtpx:hr>
          </gpxtpx:TrackPointExtension>
        </extensions>
      </trkpt>
      <trkpt lat="40.640263" lon="-0.066833">
        <ele>1118.0</ele>
        <time>2015-10-20T13:52:25Z</time>
        <sat>10</sat>
        <extensions>
          <gpxtpx:TrackPointExtension>
            <gpxtpx:hr>132</gpxtpx:hr>
          </gpxtpx:TrackPointExtension>
        </extensions>
      </trkpt>
      <trkpt lat="40.640250" lon="-0.066719">
        <ele>1118.7</ele>
        <time>2015-10-20T13:52:30Z</time>
        <sat>10</sat>
        <extensions>
          <gpxtpx:TrackPointExtension>
            <gpxtpx:hr>131</gpxtpx:hr>
          </gpxtpx:TrackPointExtension>
        </extensions>
      </trkpt>
      <trkpt lat="40.640237" lon="-0.066608">
        <ele>1119.1</ele>
        <time>2015-10-20T13:52:35Z</time>
        <sat>10</sat>
        <extensions>
          <gpxtpx:TrackPointExtension>
            <gpxtpx:hr>129</gpxtpx:hr>
          </gpxtpx:TrackPointExtension>
        </extensions>
      </trkpt>
      <trkpt lat="40.640228" lon="-0.066491">
        <ele>1119.6</ele>
        <time>2015-10-20T13:52:40Z</time>
        <sat>10</sat>
        <extensions>
          <gpxtpx:TrackPointExtension>
            <gpxtpx:hr>129</gpxtpx:hr>
          </gpxtpx:TrackPointExtension>
        </extensions>
      </trkpt>
      <trkpt lat="40.640228" lon="-0.066463">
        <ele>1119.7</ele>
        <time>2015-10-20T13:52:42Z</time>
        <sat>10</sat>
      </trkpt>
      <trkpt lat="40.640235" lon="-0.066266">
        <ele>1120.9</ele>
        <time>2015-10-20T13:52:50Z</time>
        <sat>10</sat>
        <extensions>
          <gpxtpx:TrackPointExtension>
            <gpxtpx:hr>129</gpxtpx:hr>
          </gpxtpx:TrackPointExtension>
        </extensions>
      </trkpt>
      <trkpt lat="40.640248" lon="-0.066155">
        <ele>1121.4</ele>
        <time>2015-10-20T13:52:55Z</time>
        <sat>10</sat>
        <extensions>
          <gpxtpx:TrackPointExtension>
            <gpxtpx:hr>128</gpxtpx:hr>
          </gpxtpx:TrackPointExtension>
        </extensions>
      </trkpt>
      <trkpt lat="40.640263" lon="-0.066065">
        <ele>1121.6</ele>
        <time>2015-10-20T13:52:59Z</time>
        <sat>10</sat>
        <extensions>
          <gpxtpx:TrackPointExtension>
            <gpxtpx:hr>128</gpxtpx:hr>
          </gpxtpx:TrackPointExtension>
        </extensions>
      </trkpt>
      <trkpt lat="40.640280" lon="-0.065971">
        <ele>1121.9</ele>
        <time>2015-10-20T13:53:03Z</time>
        <sat>10</sat>
        <extensions>
          <gpxtpx:TrackPointExtension>
            <gpxtpx:hr>127</gpxtpx:hr>
          </gpxtpx:TrackPointExtension>
        </extensions>
      </trkpt>
      <trkpt lat="40.640300" lon="-0.065878">
        <ele>1122.2</ele>
        <time>2015-10-20T13:53:07Z</time>
        <sat>5</sat>
        <extensions>
          <gpxtpx:TrackPointExtension>
            <gpxtpx:hr>127</gpxtpx:hr>
          </gpxtpx:TrackPointExtension>
        </extensions>
      </trkpt>
      <trkpt lat="40.640324" lon="-0.065778">
        <ele>1122.3</ele>
        <time>2015-10-20T13:53:12Z</time>
        <sat>6</sat>
        <extensions>
          <gpxtpx:TrackPointExtension>
            <gpxtpx:hr>127</gpxtpx:hr>
          </gpxtpx:TrackPointExtension>
        </extensions>
      </trkpt>
      <trkpt lat="40.640343" lon="-0.065685">
        <ele>1122.3</ele>
        <time>2015-10-20T13:53:16Z</time>
        <sat>6</sat>
        <extensions>
          <gpxtpx:TrackPointExtension>
            <gpxtpx:hr>124</gpxtpx:hr>
          </gpxtpx:TrackPointExtension>
        </extensions>
      </trkpt>
      <trkpt lat="40.640362" lon="-0.065580">
        <ele>1122.2</ele>
        <time>2015-10-20T13:53:21Z</time>
        <sat>6</sat>
        <extensions>
          <gpxtpx:TrackPointExtension>
            <gpxtpx:hr>123</gpxtpx:hr>
          </gpxtpx:TrackPointExtension>
        </extensions>
      </trkpt>
      <trkpt lat="40.640382" lon="-0.065473">
        <ele>1122.2</ele>
        <time>2015-10-20T13:53:26Z</time>
        <sat>6</sat>
        <extensions>
          <gpxtpx:TrackPointExtension>
            <gpxtpx:hr>122</gpxtpx:hr>
          </gpxtpx:TrackPointExtension>
        </extensions>
      </trkpt>
      <trkpt lat="40.640402" lon="-0.065360">
        <ele>1121.9</ele>
        <time>2015-10-20T13:53:31Z</time>
        <sat>6</sat>
        <extensions>
          <gpxtpx:TrackPointExtension>
            <gpxtpx:hr>121</gpxtpx:hr>
          </gpxtpx:TrackPointExtension>
        </extensions>
      </trkpt>
      <trkpt lat="40.640422" lon="-0.065245">
        <ele>1121.9</ele>
        <time>2015-10-20T13:53:36Z</time>
        <sat>6</sat>
        <extensions>
          <gpxtpx:TrackPointExtension>
            <gpxtpx:hr>116</gpxtpx:hr>
          </gpxtpx:TrackPointExtension>
        </extensions>
      </trkpt>
      <trkpt lat="40.640439" lon="-0.065163">
        <ele>1121.6</ele>
        <time>2015-10-20T13:53:40Z</time>
        <sat>5</sat>
        <extensions>
          <gpxtpx:TrackPointExtension>
            <gpxtpx:hr>112</gpxtpx:hr>
          </gpxtpx:TrackPointExtension>
        </extensions>
      </trkpt>
      <trkpt lat="40.640452" lon="-0.065080">
        <ele>1121.7</ele>
        <time>2015-10-20T13:53:43Z</time>
        <sat>6</sat>
        <extensions>
          <gpxtpx:TrackPointExtension>
            <gpxtpx:hr>107</gpxtpx:hr>
          </gpxtpx:TrackPointExtension>
        </extensions>
      </trkpt>
      <trkpt lat="40.640468" lon="-0.064996">
        <ele>1121.4</ele>
        <time>2015-10-20T13:53:47Z</time>
        <sat>6</sat>
        <extensions>
          <gpxtpx:TrackPointExtension>
            <gpxtpx:hr>104</gpxtpx:hr>
          </gpxtpx:TrackPointExtension>
        </extensions>
      </trkpt>
      <trkpt lat="40.640487" lon="-0.064905">
        <ele>1121.3</ele>
        <time>2015-10-20T13:53:51Z</time>
        <sat>6</sat>
        <extensions>
          <gpxtpx:TrackPointExtension>
            <gpxtpx:hr>104</gpxtpx:hr>
          </gpxtpx:TrackPointExtension>
        </extensions>
      </trkpt>
      <trkpt lat="40.640504" lon="-0.064810">
        <ele>1121.2</ele>
        <time>2015-10-20T13:53:55Z</time>
        <sat>6</sat>
        <extensions>
          <gpxtpx:TrackPointExtension>
            <gpxtpx:hr>105</gpxtpx:hr>
          </gpxtpx:TrackPointExtension>
        </extensions>
      </trkpt>
      <trkpt lat="40.640542" lon="-0.064733">
        <ele>1120.9</ele>
        <time>2015-10-20T13:53:59Z</time>
        <sat>6</sat>
        <extensions>
          <gpxtpx:TrackPointExtension>
            <gpxtpx:hr>108</gpxtpx:hr>
          </gpxtpx:TrackPointExtension>
        </extensions>
      </trkpt>
      <trkpt lat="40.640566" lon="-0.064630">
        <ele>1120.6</ele>
        <time>2015-10-20T13:54:04Z</time>
        <sat>6</sat>
        <extensions>
          <gpxtpx:TrackPointExtension>
            <gpxtpx:hr>109</gpxtpx:hr>
          </gpxtpx:TrackPointExtension>
        </extensions>
      </trkpt>
      <trkpt lat="40.640595" lon="-0.064518">
        <ele>1120.4</ele>
        <time>2015-10-20T13:54:09Z</time>
        <sat>6</sat>
        <extensions>
          <gpxtpx:TrackPointExtension>
            <gpxtpx:hr>110</gpxtpx:hr>
          </gpxtpx:TrackPointExtension>
        </extensions>
      </trkpt>
      <trkpt lat="40.640610" lon="-0.064463">
        <ele>1120.1</ele>
        <time>2015-10-20T13:54:12Z</time>
        <sat>9</sat>
        <extensions>
          <gpxtpx:TrackPointExtension>
            <gpxtpx:hr>109</gpxtpx:hr>
          </gpxtpx:TrackPointExtension>
        </extensions>
      </trkpt>
      <trkpt lat="40.640625" lon="-0.064404">
        <ele>1120.0</ele>
        <time>2015-10-20T13:54:14Z</time>
        <sat>9</sat>
        <extensions>
          <gpxtpx:TrackPointExtension>
            <gpxtpx:hr>106</gpxtpx:hr>
          </gpxtpx:TrackPointExtension>
        </extensions>
      </trkpt>
      <trkpt lat="40.640646" lon="-0.064345">
        <ele>1119.9</ele>
        <time>2015-10-20T13:54:17Z</time>
        <sat>9</sat>
        <extensions>
          <gpxtpx:TrackPointExtension>
            <gpxtpx:hr>106</gpxtpx:hr>
          </gpxtpx:TrackPointExtension>
        </extensions>
      </trkpt>
      <trkpt lat="40.640665" lon="-0.064287">
        <ele>1119.7</ele>
        <time>2015-10-20T13:54:20Z</time>
        <sat>9</sat>
        <extensions>
          <gpxtpx:TrackPointExtension>
            <gpxtpx:hr>103</gpxtpx:hr>
          </gpxtpx:TrackPointExtension>
        </extensions>
      </trkpt>
      <trkpt lat="40.640683" lon="-0.064225">
        <ele>1119.6</ele>
        <time>2015-10-20T13:54:23Z</time>
        <sat>9</sat>
        <extensions>
          <gpxtpx:TrackPointExtension>
            <gpxtpx:hr>101</gpxtpx:hr>
          </gpxtpx:TrackPointExtension>
        </extensions>
      </trkpt>
      <trkpt lat="40.640705" lon="-0.064167">
        <ele>1119.5</ele>
        <time>2015-10-20T13:54:26Z</time>
        <sat>9</sat>
        <extensions>
          <gpxtpx:TrackPointExtension>
            <gpxtpx:hr>99</gpxtpx:hr>
          </gpxtpx:TrackPointExtension>
        </extensions>
      </trkpt>
      <trkpt lat="40.640726" lon="-0.064105">
        <ele>1119.4</ele>
        <time>2015-10-20T13:54:29Z</time>
        <sat>9</sat>
        <extensions>
          <gpxtpx:TrackPointExtension>
            <gpxtpx:hr>99</gpxtpx:hr>
          </gpxtpx:TrackPointExtension>
        </extensions>
      </trkpt>
      <trkpt lat="40.640744" lon="-0.064047">
        <ele>1119.3</ele>
        <time>2015-10-20T13:54:31Z</time>
        <sat>9</sat>
        <extensions>
          <gpxtpx:TrackPointExtension>
            <gpxtpx:hr>99</gpxtpx:hr>
          </gpxtpx:TrackPointExtension>
        </extensions>
      </trkpt>
      <trkpt lat="40.640766" lon="-0.063986">
        <ele>1119.2</ele>
        <time>2015-10-20T13:54:34Z</time>
        <sat>10</sat>
        <extensions>
          <gpxtpx:TrackPointExtension>
            <gpxtpx:hr>102</gpxtpx:hr>
          </gpxtpx:TrackPointExtension>
        </extensions>
      </trkpt>
      <trkpt lat="40.640787" lon="-0.063924">
        <ele>1119.1</ele>
        <time>2015-10-20T13:54:37Z</time>
        <sat>10</sat>
      </trkpt>
      <trkpt lat="40.640806" lon="-0.063863">
        <ele>1119.0</ele>
        <time>2015-10-20T13:54:40Z</time>
        <sat>10</sat>
        <extensions>
          <gpxtpx:TrackPointExtension>
            <gpxtpx:hr>102</gpxtpx:hr>
          </gpxtpx:TrackPointExtension>
        </extensions>
      </trkpt>
      <trkpt lat="40.640827" lon="-0.063802">
        <ele>1118.9</ele>
        <time>2015-10-20T13:54:43Z</time>
        <sat>10</sat>
        <extensions>
          <gpxtpx:TrackPointExtension>
            <gpxtpx:hr>103</gpxtpx:hr>
          </gpxtpx:TrackPointExtension>
        </extensions>
      </trkpt>
      <trkpt lat="40.640848" lon="-0.063739">
        <ele>1118.8</ele>
        <time>2015-10-20T13:54:46Z</time>
        <sat>10</sat>
        <extensions>
          <gpxtpx:TrackPointExtension>
            <gpxtpx:hr>102</gpxtpx:hr>
          </gpxtpx:TrackPointExtension>
        </extensions>
      </trkpt>
      <trkpt lat="40.640869" lon="-0.063674">
        <ele>1118.6</ele>
        <time>2015-10-20T13:54:49Z</time>
        <sat>10</sat>
        <extensions>
          <gpxtpx:TrackPointExtension>
            <gpxtpx:hr>100</gpxtpx:hr>
          </gpxtpx:TrackPointExtension>
        </extensions>
      </trkpt>
      <trkpt lat="40.640891" lon="-0.063611">
        <ele>1118.5</ele>
        <time>2015-10-20T13:54:52Z</time>
        <sat>10</sat>
        <extensions>
          <gpxtpx:TrackPointExtension>
            <gpxtpx:hr>99</gpxtpx:hr>
          </gpxtpx:TrackPointExtension>
        </extensions>
      </trkpt>
      <trkpt lat="40.640915" lon="-0.063544">
        <ele>1118.2</ele>
        <time>2015-10-20T13:54:55Z</time>
        <sat>10</sat>
        <extensions>
          <gpxtpx:TrackPointExtension>
            <gpxtpx:hr>99</gpxtpx:hr>
          </gpxtpx:TrackPointExtension>
        </extensions>
      </trkpt>
      <trkpt lat="40.640937" lon="-0.063472">
        <ele>1118.1</ele>
        <time>2015-10-20T13:54:59Z</time>
        <sat>10</sat>
        <extensions>
          <gpxtpx:TrackPointExtension>
            <gpxtpx:hr>98</gpxtpx:hr>
          </gpxtpx:TrackPointExtension>
        </extensions>
      </trkpt>
      <trkpt lat="40.640960" lon="-0.063403">
        <ele>1117.9</ele>
        <time>2015-10-20T13:55:02Z</time>
        <sat>10</sat>
        <extensions>
          <gpxtpx:TrackPointExtension>
            <gpxtpx:hr>97</gpxtpx:hr>
          </gpxtpx:TrackPointExtension>
        </extensions>
      </trkpt>
      <trkpt lat="40.640985" lon="-0.063331">
        <ele>1117.7</ele>
        <time>2015-10-20T13:55:05Z</time>
        <sat>10</sat>
        <extensions>
          <gpxtpx:TrackPointExtension>
            <gpxtpx:hr>96</gpxtpx:hr>
          </gpxtpx:TrackPointExtension>
        </extensions>
      </trkpt>
      <trkpt lat="40.641008" lon="-0.063257">
        <ele>1117.6</ele>
        <time>2015-10-20T13:55:09Z</time>
        <sat>10</sat>
        <extensions>
          <gpxtpx:TrackPointExtension>
            <gpxtpx:hr>96</gpxtpx:hr>
          </gpxtpx:TrackPointExtension>
        </extensions>
      </trkpt>
      <trkpt lat="40.641032" lon="-0.063185">
        <ele>1117.5</ele>
        <time>2015-10-20T13:55:12Z</time>
        <sat>10</sat>
        <extensions>
          <gpxtpx:TrackPointExtension>
            <gpxtpx:hr>96</gpxtpx:hr>
          </gpxtpx:TrackPointExtension>
        </extensions>
      </trkpt>
      <trkpt lat="40.641081" lon="-0.063048">
        <ele>1117.7</ele>
        <time>2015-10-20T13:55:19Z</time>
        <sat>10</sat>
        <extensions>
          <gpxtpx:TrackPointExtension>
            <gpxtpx:hr>96</gpxtpx:hr>
          </gpxtpx:TrackPointExtension>
        </extensions>
      </trkpt>
      <trkpt lat="40.641082" lon="-0.063046">
        <ele>1117.8</ele>
        <time>2015-10-20T13:55:19Z</time>
        <sat>10</sat>
        <extensions>
          <gpxtpx:TrackPointExtension>
            <gpxtpx:hr>96</gpxtpx:hr>
          </gpxtpx:TrackPointExtension>
        </extensions>
      </trkpt>
      <trkpt lat="40.641082" lon="-0.063046">
        <ele>1117.7</ele>
        <time>2015-10-20T13:55:19Z</time>
      </trkpt>
      <trkpt lat="40.641081" lon="-0.063047">
        <ele>1117.7</ele>
        <time>2015-10-20T13:55:19Z</time>
        <sat>10</sat>
        <extensions>
          <gpxtpx:TrackPointExtension>
            <gpxtpx:hr>96</gpxtpx:hr>
          </gpxtpx:TrackPointExtension>
        </extensions>
      </trkpt>
      <trkpt lat="40.641109" lon="-0.062973">
        <ele>1117.9</ele>
        <time>2015-10-20T13:55:22Z</time>
        <sat>10</sat>
        <extensions>
          <gpxtpx:TrackPointExtension>
            <gpxtpx:hr>98</gpxtpx:hr>
          </gpxtpx:TrackPointExtension>
        </extensions>
      </trkpt>
      <trkpt lat="40.641275" lon="-0.062451">
        <ele>1119.1</ele>
        <time>2015-10-20T13:55:47Z</time>
        <sat>10</sat>
        <extensions>
          <gpxtpx:TrackPointExtension>
            <gpxtpx:hr>106</gpxtpx:hr>
          </gpxtpx:TrackPointExtension>
        </extensions>
      </trkpt>
      <trkpt lat="40.641324" lon="-0.062364">
        <ele>1119.2</ele>
        <time>2015-10-20T13:55:52Z</time>
        <sat>10</sat>
        <extensions>
          <gpxtpx:TrackPointExtension>
            <gpxtpx:hr>108</gpxtpx:hr>
          </gpxtpx:TrackPointExtension>
        </extensions>
      </trkpt>
      <trkpt lat="40.641382" lon="-0.062288">
        <ele>1118.9</ele>
        <time>2015-10-20T13:55:56Z</time>
        <sat>10</sat>
        <extensions>
          <gpxtpx:TrackPointExtension>
            <gpxtpx:hr>109</gpxtpx:hr>
          </gpxtpx:TrackPointExtension>
        </extensions>
      </trkpt>
      <trkpt lat="40.641453" lon="-0.062225">
        <ele>1118.2</ele>
        <time>2015-10-20T13:56:01Z</time>
        <sat>10</sat>
        <extensions>
          <gpxtpx:TrackPointExtension>
            <gpxtpx:hr>110</gpxtpx:hr>
          </gpxtpx:TrackPointExtension>
        </extensions>
      </trkpt>
      <trkpt lat="40.641495" lon="-0.062191">
        <ele>1117.8</ele>
        <time>2015-10-20T13:56:04Z</time>
        <sat>10</sat>
        <extensions>
          <gpxtpx:TrackPointExtension>
            <gpxtpx:hr>110</gpxtpx:hr>
          </gpxtpx:TrackPointExtension>
        </extensions>
      </trkpt>
      <trkpt lat="40.641537" lon="-0.062156">
        <ele>1117.7</ele>
        <time>2015-10-20T13:56:07Z</time>
        <sat>10</sat>
        <extensions>
          <gpxtpx:TrackPointExtension>
            <gpxtpx:hr>110</gpxtpx:hr>
          </gpxtpx:TrackPointExtension>
        </extensions>
      </trkpt>
      <trkpt lat="40.641577" lon="-0.062115">
        <ele>1117.9</ele>
        <time>2015-10-20T13:56:10Z</time>
        <sat>10</sat>
        <extensions>
          <gpxtpx:TrackPointExtension>
            <gpxtpx:hr>110</gpxtpx:hr>
          </gpxtpx:TrackPointExtension>
        </extensions>
      </trkpt>
      <trkpt lat="40.641612" lon="-0.062066">
        <ele>1118.0</ele>
        <time>2015-10-20T13:56:13Z</time>
        <sat>10</sat>
        <extensions>
          <gpxtpx:TrackPointExtension>
            <gpxtpx:hr>110</gpxtpx:hr>
          </gpxtpx:TrackPointExtension>
        </extensions>
      </trkpt>
      <trkpt lat="40.641640" lon="-0.062011">
        <ele>1118.1</ele>
        <time>2015-10-20T13:56:16Z</time>
        <sat>10</sat>
        <extensions>
          <gpxtpx:TrackPointExtension>
            <gpxtpx:hr>110</gpxtpx:hr>
          </gpxtpx:TrackPointExtension>
        </extensions>
      </trkpt>
      <trkpt lat="40.641662" lon="-0.061955">
        <ele>1118.6</ele>
        <time>2015-10-20T13:56:18Z</time>
        <sat>10</sat>
        <extensions>
          <gpxtpx:TrackPointExtension>
            <gpxtpx:hr>110</gpxtpx:hr>
          </gpxtpx:TrackPointExtension>
        </extensions>
      </trkpt>
      <trkpt lat="40.641677" lon="-0.061896">
        <ele>1118.8</ele>
        <time>2015-10-20T13:56:21Z</time>
        <sat>10</sat>
        <extensions>
          <gpxtpx:TrackPointExtension>
            <gpxtpx:hr>110</gpxtpx:hr>
          </gpxtpx:TrackPointExtension>
        </extensions>
      </trkpt>
      <trkpt lat="40.641697" lon="-0.061785">
        <ele>1119.3</ele>
        <time>2015-10-20T13:56:26Z</time>
        <sat>10</sat>
        <extensions>
          <gpxtpx:TrackPointExtension>
            <gpxtpx:hr>110</gpxtpx:hr>
          </gpxtpx:TrackPointExtension>
        </extensions>
      </trkpt>
      <trkpt lat="40.641710" lon="-0.061683">
        <ele>1119.7</ele>
        <time>2015-10-20T13:56:31Z</time>
        <sat>10</sat>
        <extensions>
          <gpxtpx:TrackPointExtension>
            <gpxtpx:hr>111</gpxtpx:hr>
          </gpxtpx:TrackPointExtension>
        </extensions>
      </trkpt>
      <trkpt lat="40.641720" lon="-0.061583">
        <ele>1120.2</ele>
        <time>2015-10-20T13:56:35Z</time>
        <sat>9</sat>
        <extensions>
          <gpxtpx:TrackPointExtension>
            <gpxtpx:hr>114</gpxtpx:hr>
          </gpxtpx:TrackPointExtension>
        </extensions>
      </trkpt>
      <trkpt lat="40.641727" lon="-0.061484">
        <ele>1120.8</ele>
        <time>2015-10-20T13:56:39Z</time>
        <sat>10</sat>
        <extensions>
          <gpxtpx:TrackPointExtension>
            <gpxtpx:hr>116</gpxtpx:hr>
          </gpxtpx:TrackPointExtension>
        </extensions>
      </trkpt>
      <trkpt lat="40.641742" lon="-0.061395">
        <ele>1121.2</ele>
        <time>2015-10-20T13:56:43Z</time>
        <sat>10</sat>
        <extensions>
          <gpxtpx:TrackPointExtension>
            <gpxtpx:hr>120</gpxtpx:hr>
          </gpxtpx:TrackPointExtension>
        </extensions>
      </trkpt>
      <trkpt lat="40.641757" lon="-0.061306">
        <ele>1121.6</ele>
        <time>2015-10-20T13:56:47Z</time>
        <sat>10</sat>
        <extensions>
          <gpxtpx:TrackPointExtension>
            <gpxtpx:hr>121</gpxtpx:hr>
          </gpxtpx:TrackPointExtension>
        </extensions>
      </trkpt>
      <trkpt lat="40.641770" lon="-0.061218">
        <ele>1122.0</ele>
        <time>2015-10-20T13:56:51Z</time>
        <sat>10</sat>
        <extensions>
          <gpxtpx:TrackPointExtension>
            <gpxtpx:hr>121</gpxtpx:hr>
          </gpxtpx:TrackPointExtension>
        </extensions>
      </trkpt>
      <trkpt lat="40.641792" lon="-0.061130">
        <ele>1122.2</ele>
        <time>2015-10-20T13:56:55Z</time>
        <sat>10</sat>
        <extensions>
          <gpxtpx:TrackPointExtension>
            <gpxtpx:hr>122</gpxtpx:hr>
          </gpxtpx:TrackPointExtension>
        </extensions>
      </trkpt>
      <trkpt lat="40.641820" lon="-0.061048">
        <ele>1122.3</ele>
        <time>2015-10-20T13:56:59Z</time>
        <sat>10</sat>
        <extensions>
          <gpxtpx:TrackPointExtension>
            <gpxtpx:hr>122</gpxtpx:hr>
          </gpxtpx:TrackPointExtension>
        </extensions>
      </trkpt>
      <trkpt lat="40.641847" lon="-0.060970">
        <ele>1122.4</ele>
        <time>2015-10-20T13:57:03Z</time>
        <sat>10</sat>
        <extensions>
          <gpxtpx:TrackPointExtension>
            <gpxtpx:hr>122</gpxtpx:hr>
          </gpxtpx:TrackPointExtension>
        </extensions>
      </trkpt>
      <trkpt lat="40.641882" lon="-0.060890">
        <ele>1122.4</ele>
        <time>2015-10-20T13:57:07Z</time>
        <sat>10</sat>
        <extensions>
          <gpxtpx:TrackPointExtension>
            <gpxtpx:hr>124</gpxtpx:hr>
          </gpxtpx:TrackPointExtension>
        </extensions>
      </trkpt>
      <trkpt lat="40.641903" lon="-0.060851">
        <ele>1122.4</ele>
        <time>2015-10-20T13:57:09Z</time>
        <sat>10</sat>
        <extensions>
          <gpxtpx:TrackPointExtension>
            <gpxtpx:hr>124</gpxtpx:hr>
          </gpxtpx:TrackPointExtension>
        </extensions>
      </trkpt>
      <trkpt lat="40.641965" lon="-0.060735">
        <ele>1122.4</ele>
        <time>2015-10-20T13:57:15Z</time>
        <sat>10</sat>
        <extensions>
          <gpxtpx:TrackPointExtension>
            <gpxtpx:hr>125</gpxtpx:hr>
          </gpxtpx:TrackPointExtension>
        </extensions>
      </trkpt>
      <trkpt lat="40.642011" lon="-0.060655">
        <ele>1122.5</ele>
        <time>2015-10-20T13:57:19Z</time>
        <sat>10</sat>
        <extensions>
          <gpxtpx:TrackPointExtension>
            <gpxtpx:hr>125</gpxtpx:hr>
          </gpxtpx:TrackPointExtension>
        </extensions>
      </trkpt>
      <trkpt lat="40.642050" lon="-0.060575">
        <ele>1122.6</ele>
        <time>2015-10-20T13:57:23Z</time>
        <sat>10</sat>
        <extensions>
          <gpxtpx:TrackPointExtension>
            <gpxtpx:hr>125</gpxtpx:hr>
          </gpxtpx:TrackPointExtension>
        </extensions>
      </trkpt>
      <trkpt lat="40.642089" lon="-0.060498">
        <ele>1123.0</ele>
        <time>2015-10-20T13:57:27Z</time>
        <sat>10</sat>
        <extensions>
          <gpxtpx:TrackPointExtension>
            <gpxtpx:hr>125</gpxtpx:hr>
          </gpxtpx:TrackPointExtension>
        </extensions>
      </trkpt>
      <trkpt lat="40.642130" lon="-0.060421">
        <ele>1123.1</ele>
        <time>2015-10-20T13:57:31Z</time>
        <sat>10</sat>
        <extensions>
          <gpxtpx:TrackPointExtension>
            <gpxtpx:hr>126</gpxtpx:hr>
          </gpxtpx:TrackPointExtension>
        </extensions>
      </trkpt>
      <trkpt lat="40.642170" lon="-0.060346">
        <ele>1123.4</ele>
        <time>2015-10-20T13:57:35Z</time>
        <sat>10</sat>
        <extensions>
          <gpxtpx:TrackPointExtension>
            <gpxtpx:hr>126</gpxtpx:hr>
          </gpxtpx:TrackPointExtension>
        </extensions>
      </trkpt>
      <trkpt lat="40.642207" lon="-0.060268">
        <ele>1123.4</ele>
        <time>2015-10-20T13:57:39Z</time>
        <sat>10</sat>
        <extensions>
          <gpxtpx:TrackPointExtension>
            <gpxtpx:hr>126</gpxtpx:hr>
          </gpxtpx:TrackPointExtension>
        </extensions>
      </trkpt>
      <trkpt lat="40.642237" lon="-0.060181">
        <ele>1123.4</ele>
        <time>2015-10-20T13:57:44Z</time>
        <sat>10</sat>
        <extensions>
          <gpxtpx:TrackPointExtension>
            <gpxtpx:hr>126</gpxtpx:hr>
          </gpxtpx:TrackPointExtension>
        </extensions>
      </trkpt>
      <trkpt lat="40.642273" lon="-0.060090">
        <ele>1123.1</ele>
        <time>2015-10-20T13:57:48Z</time>
        <sat>10</sat>
        <extensions>
          <gpxtpx:TrackPointExtension>
            <gpxtpx:hr>126</gpxtpx:hr>
          </gpxtpx:TrackPointExtension>
        </extensions>
      </trkpt>
      <trkpt lat="40.642294" lon="-0.060039">
        <ele>1122.8</ele>
        <time>2015-10-20T13:57:51Z</time>
        <sat>10</sat>
        <extensions>
          <gpxtpx:TrackPointExtension>
            <gpxtpx:hr>125</gpxtpx:hr>
          </gpxtpx:TrackPointExtension>
        </extensions>
      </trkpt>
      <trkpt lat="40.642314" lon="-0.059981">
        <ele>1122.3</ele>
        <time>2015-10-20T13:57:53Z</time>
        <sat>10</sat>
        <extensions>
          <gpxtpx:TrackPointExtension>
            <gpxtpx:hr>125</gpxtpx:hr>
          </gpxtpx:TrackPointExtension>
        </extensions>
      </trkpt>
      <trkpt lat="40.642330" lon="-0.059914">
        <ele>1121.7</ele>
        <time>2015-10-20T13:57:56Z</time>
        <sat>10</sat>
        <extensions>
          <gpxtpx:TrackPointExtension>
            <gpxtpx:hr>124</gpxtpx:hr>
          </gpxtpx:TrackPointExtension>
        </extensions>
      </trkpt>
      <trkpt lat="40.642347" lon="-0.059840">
        <ele>1121.0</ele>
        <time>2015-10-20T13:58:00Z</time>
        <sat>10</sat>
      </trkpt>
      <trkpt lat="40.642358" lon="-0.059756">
        <ele>1120.3</ele>
        <time>2015-10-20T13:58:03Z</time>
        <sat>10</sat>
        <extensions>
          <gpxtpx:TrackPointExtension>
            <gpxtpx:hr>123</gpxtpx:hr>
          </gpxtpx:TrackPointExtension>
        </extensions>
      </trkpt>
      <trkpt lat="40.642367" lon="-0.059665">
        <ele>1119.9</ele>
        <time>2015-10-20T13:58:07Z</time>
        <sat>10</sat>
        <extensions>
          <gpxtpx:TrackPointExtension>
            <gpxtpx:hr>123</gpxtpx:hr>
          </gpxtpx:TrackPointExtension>
        </extensions>
      </trkpt>
      <trkpt lat="40.642368" lon="-0.059570">
        <ele>1119.6</ele>
        <time>2015-10-20T13:58:12Z</time>
        <sat>10</sat>
        <extensions>
          <gpxtpx:TrackPointExtension>
            <gpxtpx:hr>122</gpxtpx:hr>
          </gpxtpx:TrackPointExtension>
        </extensions>
      </trkpt>
      <trkpt lat="40.642362" lon="-0.059471">
        <ele>1119.3</ele>
        <time>2015-10-20T13:58:16Z</time>
        <sat>10</sat>
        <extensions>
          <gpxtpx:TrackPointExtension>
            <gpxtpx:hr>123</gpxtpx:hr>
          </gpxtpx:TrackPointExtension>
        </extensions>
      </trkpt>
      <trkpt lat="40.642348" lon="-0.059373">
        <ele>1118.9</ele>
        <time>2015-10-20T13:58:20Z</time>
        <sat>10</sat>
        <extensions>
          <gpxtpx:TrackPointExtension>
            <gpxtpx:hr>123</gpxtpx:hr>
          </gpxtpx:TrackPointExtension>
        </extensions>
      </trkpt>
      <trkpt lat="40.642330" lon="-0.059276">
        <ele>1118.8</ele>
        <time>2015-10-20T13:58:24Z</time>
        <sat>10</sat>
        <extensions>
          <gpxtpx:TrackPointExtension>
            <gpxtpx:hr>123</gpxtpx:hr>
          </gpxtpx:TrackPointExtension>
        </extensions>
      </trkpt>
      <trkpt lat="40.642307" lon="-0.059183">
        <ele>1118.8</ele>
        <time>2015-10-20T13:58:29Z</time>
        <sat>10</sat>
        <extensions>
          <gpxtpx:TrackPointExtension>
            <gpxtpx:hr>122</gpxtpx:hr>
          </gpxtpx:TrackPointExtension>
        </extensions>
      </trkpt>
      <trkpt lat="40.642282" lon="-0.059095">
        <ele>1118.8</ele>
        <time>2015-10-20T13:58:33Z</time>
        <sat>10</sat>
        <extensions>
          <gpxtpx:TrackPointExtension>
            <gpxtpx:hr>120</gpxtpx:hr>
          </gpxtpx:TrackPointExtension>
        </extensions>
      </trkpt>
      <trkpt lat="40.642258" lon="-0.059008">
        <ele>1118.7</ele>
        <time>2015-10-20T13:58:37Z</time>
        <sat>10</sat>
        <extensions>
          <gpxtpx:TrackPointExtension>
            <gpxtpx:hr>117</gpxtpx:hr>
          </gpxtpx:TrackPointExtension>
        </extensions>
      </trkpt>
      <trkpt lat="40.642233" lon="-0.058925">
        <ele>1118.6</ele>
        <time>2015-10-20T13:58:41Z</time>
        <sat>10</sat>
        <extensions>
          <gpxtpx:TrackPointExtension>
            <gpxtpx:hr>114</gpxtpx:hr>
          </gpxtpx:TrackPointExtension>
        </extensions>
      </trkpt>
      <trkpt lat="40.642210" lon="-0.058846">
        <ele>1118.4</ele>
        <time>2015-10-20T13:58:44Z</time>
        <sat>10</sat>
        <extensions>
          <gpxtpx:TrackPointExtension>
            <gpxtpx:hr>112</gpxtpx:hr>
          </gpxtpx:TrackPointExtension>
        </extensions>
      </trkpt>
      <trkpt lat="40.642185" lon="-0.058775">
        <ele>1118.2</ele>
        <time>2015-10-20T13:58:48Z</time>
        <sat>10</sat>
        <extensions>
          <gpxtpx:TrackPointExtension>
            <gpxtpx:hr>110</gpxtpx:hr>
          </gpxtpx:TrackPointExtension>
        </extensions>
      </trkpt>
      <trkpt lat="40.642158" lon="-0.058708">
        <ele>1117.9</ele>
        <time>2015-10-20T13:58:51Z</time>
        <sat>10</sat>
        <extensions>
          <gpxtpx:TrackPointExtension>
            <gpxtpx:hr>108</gpxtpx:hr>
          </gpxtpx:TrackPointExtension>
        </extensions>
      </trkpt>
      <trkpt lat="40.642130" lon="-0.058646">
        <ele>1117.5</ele>
        <time>2015-10-20T13:58:54Z</time>
        <sat>10</sat>
        <extensions>
          <gpxtpx:TrackPointExtension>
            <gpxtpx:hr>108</gpxtpx:hr>
          </gpxtpx:TrackPointExtension>
        </extensions>
      </trkpt>
      <trkpt lat="40.642130" lon="-0.058646">
        <ele>1117.5</ele>
        <time>2015-10-20T13:58:54Z</time>
        <sat>10</sat>
        <extensions>
          <gpxtpx:TrackPointExtension>
            <gpxtpx:hr>108</gpxtpx:hr>
          </gpxtpx:TrackPointExtension>
        </extensions>
      </trkpt>
      <trkpt lat="40.642110" lon="-0.058538">
        <ele>1116.8</ele>
        <time>2015-10-20T13:58:59Z</time>
        <sat>10</sat>
        <extensions>
          <gpxtpx:TrackPointExtension>
            <gpxtpx:hr>108</gpxtpx:hr>
          </gpxtpx:TrackPointExtension>
        </extensions>
      </trkpt>
      <trkpt lat="40.642150" lon="-0.058459">
        <ele>1116.2</ele>
        <time>2015-10-20T13:59:03Z</time>
        <sat>10</sat>
        <extensions>
          <gpxtpx:TrackPointExtension>
            <gpxtpx:hr>109</gpxtpx:hr>
          </gpxtpx:TrackPointExtension>
        </extensions>
      </trkpt>
      <trkpt lat="40.642209" lon="-0.058390">
        <ele>1115.2</ele>
        <time>2015-10-20T13:59:08Z</time>
        <sat>10</sat>
        <extensions>
          <gpxtpx:TrackPointExtension>
            <gpxtpx:hr>109</gpxtpx:hr>
          </gpxtpx:TrackPointExtension>
        </extensions>
      </trkpt>
      <trkpt lat="40.642247" lon="-0.058305">
        <ele>1113.9</ele>
        <time>2015-10-20T13:59:12Z</time>
        <sat>10</sat>
        <extensions>
          <gpxtpx:TrackPointExtension>
            <gpxtpx:hr>109</gpxtpx:hr>
          </gpxtpx:TrackPointExtension>
        </extensions>
      </trkpt>
      <trkpt lat="40.642251" lon="-0.058208">
        <ele>1112.6</ele>
        <time>2015-10-20T13:59:16Z</time>
        <sat>10</sat>
        <extensions>
          <gpxtpx:TrackPointExtension>
            <gpxtpx:hr>111</gpxtpx:hr>
          </gpxtpx:TrackPointExtension>
        </extensions>
      </trkpt>
      <trkpt lat="40.642247" lon="-0.058146">
        <ele>1111.8</ele>
        <time>2015-10-20T13:59:19Z</time>
        <sat>10</sat>
        <extensions>
          <gpxtpx:TrackPointExtension>
            <gpxtpx:hr>111</gpxtpx:hr>
          </gpxtpx:TrackPointExtension>
        </extensions>
      </trkpt>
      <trkpt lat="40.642242" lon="-0.058083">
        <ele>1111.0</ele>
        <time>2015-10-20T13:59:22Z</time>
        <sat>10</sat>
        <extensions>
          <gpxtpx:TrackPointExtension>
            <gpxtpx:hr>113</gpxtpx:hr>
          </gpxtpx:TrackPointExtension>
        </extensions>
      </trkpt>
      <trkpt lat="40.642240" lon="-0.058019">
        <ele>1110.0</ele>
        <time>2015-10-20T13:59:24Z</time>
        <sat>10</sat>
        <extensions>
          <gpxtpx:TrackPointExtension>
            <gpxtpx:hr>115</gpxtpx:hr>
          </gpxtpx:TrackPointExtension>
        </extensions>
      </trkpt>
      <trkpt lat="40.642243" lon="-0.057956">
        <ele>1108.8</ele>
        <time>2015-10-20T13:59:27Z</time>
        <sat>10</sat>
        <extensions>
          <gpxtpx:TrackPointExtension>
            <gpxtpx:hr>117</gpxtpx:hr>
          </gpxtpx:TrackPointExtension>
        </extensions>
      </trkpt>
      <trkpt lat="40.642248" lon="-0.057891">
        <ele>1107.7</ele>
        <time>2015-10-20T13:59:30Z</time>
        <sat>10</sat>
        <extensions>
          <gpxtpx:TrackPointExtension>
            <gpxtpx:hr>118</gpxtpx:hr>
          </gpxtpx:TrackPointExtension>
        </extensions>
      </trkpt>
      <trkpt lat="40.642252" lon="-0.057820">
        <ele>1106.6</ele>
        <time>2015-10-20T13:59:33Z</time>
        <sat>10</sat>
        <extensions>
          <gpxtpx:TrackPointExtension>
            <gpxtpx:hr>119</gpxtpx:hr>
          </gpxtpx:TrackPointExtension>
        </extensions>
      </trkpt>
      <trkpt lat="40.642257" lon="-0.057748">
        <ele>1105.6</ele>
        <time>2015-10-20T13:59:36Z</time>
        <sat>10</sat>
        <extensions>
          <gpxtpx:TrackPointExtension>
            <gpxtpx:hr>119</gpxtpx:hr>
          </gpxtpx:TrackPointExtension>
        </extensions>
      </trkpt>
      <trkpt lat="40.642262" lon="-0.057679">
        <ele>1104.6</ele>
        <time>2015-10-20T13:59:39Z</time>
        <sat>10</sat>
        <extensions>
          <gpxtpx:TrackPointExtension>
            <gpxtpx:hr>119</gpxtpx:hr>
          </gpxtpx:TrackPointExtension>
        </extensions>
      </trkpt>
      <trkpt lat="40.642267" lon="-0.057610">
        <ele>1103.7</ele>
        <time>2015-10-20T13:59:42Z</time>
        <sat>10</sat>
        <extensions>
          <gpxtpx:TrackPointExtension>
            <gpxtpx:hr>119</gpxtpx:hr>
          </gpxtpx:TrackPointExtension>
        </extensions>
      </trkpt>
      <trkpt lat="40.642272" lon="-0.057538">
        <ele>1102.9</ele>
        <time>2015-10-20T13:59:45Z</time>
        <sat>10</sat>
        <extensions>
          <gpxtpx:TrackPointExtension>
            <gpxtpx:hr>120</gpxtpx:hr>
          </gpxtpx:TrackPointExtension>
        </extensions>
      </trkpt>
      <trkpt lat="40.642277" lon="-0.057466">
        <ele>1102.4</ele>
        <time>2015-10-20T13:59:48Z</time>
        <sat>10</sat>
        <extensions>
          <gpxtpx:TrackPointExtension>
            <gpxtpx:hr>121</gpxtpx:hr>
          </gpxtpx:TrackPointExtension>
        </extensions>
      </trkpt>
      <trkpt lat="40.642285" lon="-0.057398">
        <ele>1101.4</ele>
        <time>2015-10-20T13:59:51Z</time>
        <sat>10</sat>
      </trkpt>
      <trkpt lat="40.642295" lon="-0.057328">
        <ele>1100.6</ele>
        <time>2015-10-20T13:59:54Z</time>
        <sat>10</sat>
        <extensions>
          <gpxtpx:TrackPointExtension>
            <gpxtpx:hr>123</gpxtpx:hr>
          </gpxtpx:TrackPointExtension>
        </extensions>
      </trkpt>
      <trkpt lat="40.642307" lon="-0.057260">
        <ele>1099.9</ele>
        <time>2015-10-20T13:59:58Z</time>
        <sat>10</sat>
        <extensions>
          <gpxtpx:TrackPointExtension>
            <gpxtpx:hr>124</gpxtpx:hr>
          </gpxtpx:TrackPointExtension>
        </extensions>
      </trkpt>
      <trkpt lat="40.642317" lon="-0.057195">
        <ele>1099.0</ele>
        <time>2015-10-20T14:00:00Z</time>
        <sat>10</sat>
        <extensions>
          <gpxtpx:TrackPointExtension>
            <gpxtpx:hr>124</gpxtpx:hr>
          </gpxtpx:TrackPointExtension>
        </extensions>
      </trkpt>
      <trkpt lat="40.642339" lon="-0.057081">
        <ele>1097.1</ele>
        <time>2015-10-20T14:00:05Z</time>
        <sat>10</sat>
        <extensions>
          <gpxtpx:TrackPointExtension>
            <gpxtpx:hr>127</gpxtpx:hr>
          </gpxtpx:TrackPointExtension>
        </extensions>
      </trkpt>
      <trkpt lat="40.642345" lon="-0.056985">
        <ele>1095.2</ele>
        <time>2015-10-20T14:00:10Z</time>
        <sat>10</sat>
        <extensions>
          <gpxtpx:TrackPointExtension>
            <gpxtpx:hr>129</gpxtpx:hr>
          </gpxtpx:TrackPointExtension>
        </extensions>
      </trkpt>
      <trkpt lat="40.642363" lon="-0.056876">
        <ele>1093.8</ele>
        <time>2015-10-20T14:00:14Z</time>
        <sat>10</sat>
        <extensions>
          <gpxtpx:TrackPointExtension>
            <gpxtpx:hr>131</gpxtpx:hr>
          </gpxtpx:TrackPointExtension>
        </extensions>
      </trkpt>
      <trkpt lat="40.642368" lon="-0.056813">
        <ele>1092.9</ele>
        <time>2015-10-20T14:00:17Z</time>
        <sat>10</sat>
        <extensions>
          <gpxtpx:TrackPointExtension>
            <gpxtpx:hr>131</gpxtpx:hr>
          </gpxtpx:TrackPointExtension>
        </extensions>
      </trkpt>
      <trkpt lat="40.642380" lon="-0.056698">
        <ele>1091.3</ele>
        <time>2015-10-20T14:00:22Z</time>
        <sat>10</sat>
        <extensions>
          <gpxtpx:TrackPointExtension>
            <gpxtpx:hr>132</gpxtpx:hr>
          </gpxtpx:TrackPointExtension>
        </extensions>
      </trkpt>
      <trkpt lat="40.642399" lon="-0.056595">
        <ele>1089.9</ele>
        <time>2015-10-20T14:00:27Z</time>
        <sat>10</sat>
        <extensions>
          <gpxtpx:TrackPointExtension>
            <gpxtpx:hr>131</gpxtpx:hr>
          </gpxtpx:TrackPointExtension>
        </extensions>
      </trkpt>
      <trkpt lat="40.642419" lon="-0.056486">
        <ele>1088.7</ele>
        <time>2015-10-20T14:00:32Z</time>
        <sat>10</sat>
        <extensions>
          <gpxtpx:TrackPointExtension>
            <gpxtpx:hr>129</gpxtpx:hr>
          </gpxtpx:TrackPointExtension>
        </extensions>
      </trkpt>
      <trkpt lat="40.642419" lon="-0.056486">
        <ele>1088.7</ele>
        <time>2015-10-20T14:00:32Z</time>
        <sat>10</sat>
        <extensions>
          <gpxtpx:TrackPointExtension>
            <gpxtpx:hr>129</gpxtpx:hr>
          </gpxtpx:TrackPointExtension>
        </extensions>
      </trkpt>
      <trkpt lat="40.642485" lon="-0.056453">
        <ele>1087.7</ele>
        <time>2015-10-20T14:00:36Z</time>
        <sat>10</sat>
        <extensions>
          <gpxtpx:TrackPointExtension>
            <gpxtpx:hr>128</gpxtpx:hr>
          </gpxtpx:TrackPointExtension>
        </extensions>
      </trkpt>
      <trkpt lat="40.642565" lon="-0.056418">
        <ele>1087.0</ele>
        <time>2015-10-20T14:00:41Z</time>
        <sat>10</sat>
        <extensions>
          <gpxtpx:TrackPointExtension>
            <gpxtpx:hr>127</gpxtpx:hr>
          </gpxtpx:TrackPointExtension>
        </extensions>
      </trkpt>
      <trkpt lat="40.642620" lon="-0.056351">
        <ele>1085.9</ele>
        <time>2015-10-20T14:00:45Z</time>
        <sat>10</sat>
        <extensions>
          <gpxtpx:TrackPointExtension>
            <gpxtpx:hr>127</gpxtpx:hr>
          </gpxtpx:TrackPointExtension>
        </extensions>
      </trkpt>
      <trkpt lat="40.642664" lon="-0.056281">
        <ele>1085.1</ele>
        <time>2015-10-20T14:00:49Z</time>
        <sat>10</sat>
        <extensions>
          <gpxtpx:TrackPointExtension>
            <gpxtpx:hr>125</gpxtpx:hr>
          </gpxtpx:TrackPointExtension>
        </extensions>
      </trkpt>
      <trkpt lat="40.642698" lon="-0.056199">
        <ele>1084.7</ele>
        <time>2015-10-20T14:00:53Z</time>
        <sat>10</sat>
        <extensions>
          <gpxtpx:TrackPointExtension>
            <gpxtpx:hr>122</gpxtpx:hr>
          </gpxtpx:TrackPointExtension>
        </extensions>
      </trkpt>
      <trkpt lat="40.642724" lon="-0.056113">
        <ele>1084.5</ele>
        <time>2015-10-20T14:00:57Z</time>
        <sat>10</sat>
        <extensions>
          <gpxtpx:TrackPointExtension>
            <gpxtpx:hr>121</gpxtpx:hr>
          </gpxtpx:TrackPointExtension>
        </extensions>
      </trkpt>
      <trkpt lat="40.642735" lon="-0.056028">
        <ele>1084.3</ele>
        <time>2015-10-20T14:01:01Z</time>
        <sat>9</sat>
        <extensions>
          <gpxtpx:TrackPointExtension>
            <gpxtpx:hr>121</gpxtpx:hr>
          </gpxtpx:TrackPointExtension>
        </extensions>
      </trkpt>
      <trkpt lat="40.642729" lon="-0.055916">
        <ele>1084.2</ele>
        <time>2015-10-20T14:01:06Z</time>
        <sat>10</sat>
        <extensions>
          <gpxtpx:TrackPointExtension>
            <gpxtpx:hr>120</gpxtpx:hr>
          </gpxtpx:TrackPointExtension>
        </extensions>
      </trkpt>
      <trkpt lat="40.642692" lon="-0.055810">
        <ele>1084.0</ele>
        <time>2015-10-20T14:01:11Z</time>
        <sat>10</sat>
        <extensions>
          <gpxtpx:TrackPointExtension>
            <gpxtpx:hr>108</gpxtpx:hr>
          </gpxtpx:TrackPointExtension>
        </extensions>
      </trkpt>
      <trkpt lat="40.642642" lon="-0.055716">
        <ele>1083.8</ele>
        <time>2015-10-20T14:01:16Z</time>
        <sat>10</sat>
        <extensions>
          <gpxtpx:TrackPointExtension>
            <gpxtpx:hr>105</gpxtpx:hr>
          </gpxtpx:TrackPointExtension>
        </extensions>
      </trkpt>
      <trkpt lat="40.642602" lon="-0.055645">
        <ele>1083.6</ele>
        <time>2015-10-20T14:01:19Z</time>
        <sat>10</sat>
        <extensions>
          <gpxtpx:TrackPointExtension>
            <gpxtpx:hr>106</gpxtpx:hr>
          </gpxtpx:TrackPointExtension>
        </extensions>
      </trkpt>
      <trkpt lat="40.642562" lon="-0.055558">
        <ele>1083.3</ele>
        <time>2015-10-20T14:01:24Z</time>
        <sat>10</sat>
        <extensions>
          <gpxtpx:TrackPointExtension>
            <gpxtpx:hr>106</gpxtpx:hr>
          </gpxtpx:TrackPointExtension>
        </extensions>
      </trkpt>
      <trkpt lat="40.642524" lon="-0.055458">
        <ele>1082.9</ele>
        <time>2015-10-20T14:01:29Z</time>
        <sat>10</sat>
        <extensions>
          <gpxtpx:TrackPointExtension>
            <gpxtpx:hr>106</gpxtpx:hr>
          </gpxtpx:TrackPointExtension>
        </extensions>
      </trkpt>
      <trkpt lat="40.642490" lon="-0.055350">
        <ele>1082.3</ele>
        <time>2015-10-20T14:01:34Z</time>
        <sat>10</sat>
        <extensions>
          <gpxtpx:TrackPointExtension>
            <gpxtpx:hr>101</gpxtpx:hr>
          </gpxtpx:TrackPointExtension>
        </extensions>
      </trkpt>
      <trkpt lat="40.642475" lon="-0.055288">
        <ele>1081.9</ele>
        <time>2015-10-20T14:01:37Z</time>
        <sat>10</sat>
        <extensions>
          <gpxtpx:TrackPointExtension>
            <gpxtpx:hr>100</gpxtpx:hr>
          </gpxtpx:TrackPointExtension>
        </extensions>
      </trkpt>
      <trkpt lat="40.642462" lon="-0.055221">
        <ele>1081.4</ele>
        <time>2015-10-20T14:01:40Z</time>
        <sat>9</sat>
        <extensions>
          <gpxtpx:TrackPointExtension>
            <gpxtpx:hr>98</gpxtpx:hr>
          </gpxtpx:TrackPointExtension>
        </extensions>
      </trkpt>
      <trkpt lat="40.642449" lon="-0.055146">
        <ele>1080.8</ele>
        <time>2015-10-20T14:01:43Z</time>
        <sat>10</sat>
        <extensions>
          <gpxtpx:TrackPointExtension>
            <gpxtpx:hr>98</gpxtpx:hr>
          </gpxtpx:TrackPointExtension>
        </extensions>
      </trkpt>
      <trkpt lat="40.642439" lon="-0.055066">
        <ele>1080.3</ele>
        <time>2015-10-20T14:01:46Z</time>
        <sat>10</sat>
        <extensions>
          <gpxtpx:TrackPointExtension>
            <gpxtpx:hr>97</gpxtpx:hr>
          </gpxtpx:TrackPointExtension>
        </extensions>
      </trkpt>
      <trkpt lat="40.642429" lon="-0.054988">
        <ele>1079.7</ele>
        <time>2015-10-20T14:01:50Z</time>
        <sat>10</sat>
        <extensions>
          <gpxtpx:TrackPointExtension>
            <gpxtpx:hr>96</gpxtpx:hr>
          </gpxtpx:TrackPointExtension>
        </extensions>
      </trkpt>
      <trkpt lat="40.642417" lon="-0.054906">
        <ele>1079.0</ele>
        <time>2015-10-20T14:01:53Z</time>
        <sat>10</sat>
        <extensions>
          <gpxtpx:TrackPointExtension>
            <gpxtpx:hr>97</gpxtpx:hr>
          </gpxtpx:TrackPointExtension>
        </extensions>
      </trkpt>
      <trkpt lat="40.642407" lon="-0.054821">
        <ele>1078.2</ele>
        <time>2015-10-20T14:01:57Z</time>
        <sat>10</sat>
        <extensions>
          <gpxtpx:TrackPointExtension>
            <gpxtpx:hr>97</gpxtpx:hr>
          </gpxtpx:TrackPointExtension>
        </extensions>
      </trkpt>
      <trkpt lat="40.642397" lon="-0.054741">
        <ele>1077.4</ele>
        <time>2015-10-20T14:02:01Z</time>
        <sat>10</sat>
        <extensions>
          <gpxtpx:TrackPointExtension>
            <gpxtpx:hr>97</gpxtpx:hr>
          </gpxtpx:TrackPointExtension>
        </extensions>
      </trkpt>
      <trkpt lat="40.642393" lon="-0.054670">
        <ele>1076.9</ele>
        <time>2015-10-20T14:02:04Z</time>
        <sat>10</sat>
        <extensions>
          <gpxtpx:TrackPointExtension>
            <gpxtpx:hr>100</gpxtpx:hr>
          </gpxtpx:TrackPointExtension>
        </extensions>
      </trkpt>
      <trkpt lat="40.642393" lon="-0.054670">
        <ele>1076.9</ele>
        <time>2015-10-20T14:02:04Z</time>
        <sat>10</sat>
        <extensions>
          <gpxtpx:TrackPointExtension>
            <gpxtpx:hr>100</gpxtpx:hr>
          </gpxtpx:TrackPointExtension>
        </extensions>
      </trkpt>
      <trkpt lat="40.642400" lon="-0.054610">
        <ele>1076.4</ele>
        <time>2015-10-20T14:02:06Z</time>
        <sat>10</sat>
        <extensions>
          <gpxtpx:TrackPointExtension>
            <gpxtpx:hr>103</gpxtpx:hr>
          </gpxtpx:TrackPointExtension>
        </extensions>
      </trkpt>
      <trkpt lat="40.642417" lon="-0.054495">
        <ele>1075.6</ele>
        <time>2015-10-20T14:02:12Z</time>
        <sat>10</sat>
        <extensions>
          <gpxtpx:TrackPointExtension>
            <gpxtpx:hr>105</gpxtpx:hr>
          </gpxtpx:TrackPointExtension>
        </extensions>
      </trkpt>
      <trkpt lat="40.642424" lon="-0.054391">
        <ele>1074.9</ele>
        <time>2015-10-20T14:02:16Z</time>
        <sat>10</sat>
        <extensions>
          <gpxtpx:TrackPointExtension>
            <gpxtpx:hr>103</gpxtpx:hr>
          </gpxtpx:TrackPointExtension>
        </extensions>
      </trkpt>
      <trkpt lat="40.642455" lon="-0.054281">
        <ele>1074.3</ele>
        <time>2015-10-20T14:02:21Z</time>
        <sat>9</sat>
      </trkpt>
      <trkpt lat="40.642473" lon="-0.054226">
        <ele>1074.2</ele>
        <time>2015-10-20T14:02:24Z</time>
        <sat>9</sat>
        <extensions>
          <gpxtpx:TrackPointExtension>
            <gpxtpx:hr>102</gpxtpx:hr>
          </gpxtpx:TrackPointExtension>
        </extensions>
      </trkpt>
      <trkpt lat="40.642490" lon="-0.054170">
        <ele>1074.0</ele>
        <time>2015-10-20T14:02:26Z</time>
        <sat>10</sat>
        <extensions>
          <gpxtpx:TrackPointExtension>
            <gpxtpx:hr>102</gpxtpx:hr>
          </gpxtpx:TrackPointExtension>
        </extensions>
      </trkpt>
      <trkpt lat="40.642499" lon="-0.054103">
        <ele>1073.4</ele>
        <time>2015-10-20T14:02:29Z</time>
        <sat>10</sat>
        <extensions>
          <gpxtpx:TrackPointExtension>
            <gpxtpx:hr>102</gpxtpx:hr>
          </gpxtpx:TrackPointExtension>
        </extensions>
      </trkpt>
      <trkpt lat="40.642499" lon="-0.053984">
        <ele>1072.0</ele>
        <time>2015-10-20T14:02:34Z</time>
        <sat>9</sat>
        <extensions>
          <gpxtpx:TrackPointExtension>
            <gpxtpx:hr>106</gpxtpx:hr>
          </gpxtpx:TrackPointExtension>
        </extensions>
      </trkpt>
      <trkpt lat="40.642555" lon="-0.053898">
        <ele>1069.3</ele>
        <time>2015-10-20T14:02:39Z</time>
        <sat>10</sat>
        <extensions>
          <gpxtpx:TrackPointExtension>
            <gpxtpx:hr>109</gpxtpx:hr>
          </gpxtpx:TrackPointExtension>
        </extensions>
      </trkpt>
      <trkpt lat="40.642637" lon="-0.053868">
        <ele>1065.7</ele>
        <time>2015-10-20T14:02:44Z</time>
        <sat>9</sat>
        <extensions>
          <gpxtpx:TrackPointExtension>
            <gpxtpx:hr>111</gpxtpx:hr>
          </gpxtpx:TrackPointExtension>
        </extensions>
      </trkpt>
      <trkpt lat="40.642680" lon="-0.053766">
        <ele>1061.6</ele>
        <time>2015-10-20T14:02:49Z</time>
        <sat>9</sat>
        <extensions>
          <gpxtpx:TrackPointExtension>
            <gpxtpx:hr>105</gpxtpx:hr>
          </gpxtpx:TrackPointExtension>
        </extensions>
      </trkpt>
      <trkpt lat="40.642679" lon="-0.053763">
        <ele>1061.5</ele>
        <time>2015-10-20T14:02:49Z</time>
        <sat>9</sat>
        <extensions>
          <gpxtpx:TrackPointExtension>
            <gpxtpx:hr>105</gpxtpx:hr>
          </gpxtpx:TrackPointExtension>
        </extensions>
      </trkpt>
      <trkpt lat="40.642792" lon="-0.053634">
        <ele>1056.3</ele>
        <time>2015-10-20T14:02:58Z</time>
        <sat>9</sat>
        <extensions>
          <gpxtpx:TrackPointExtension>
            <gpxtpx:hr>116</gpxtpx:hr>
          </gpxtpx:TrackPointExtension>
        </extensions>
      </trkpt>
      <trkpt lat="40.642823" lon="-0.053548">
        <ele>1054.2</ele>
        <time>2015-10-20T14:03:02Z</time>
        <sat>9</sat>
        <extensions>
          <gpxtpx:TrackPointExtension>
            <gpxtpx:hr>115</gpxtpx:hr>
          </gpxtpx:TrackPointExtension>
        </extensions>
      </trkpt>
      <trkpt lat="40.642877" lon="-0.053458">
        <ele>1051.6</ele>
        <time>2015-10-20T14:03:07Z</time>
        <sat>9</sat>
        <extensions>
          <gpxtpx:TrackPointExtension>
            <gpxtpx:hr>114</gpxtpx:hr>
          </gpxtpx:TrackPointExtension>
        </extensions>
      </trkpt>
      <trkpt lat="40.642925" lon="-0.053370">
        <ele>1048.7</ele>
        <time>2015-10-20T14:03:12Z</time>
        <sat>9</sat>
        <extensions>
          <gpxtpx:TrackPointExtension>
            <gpxtpx:hr>114</gpxtpx:hr>
          </gpxtpx:TrackPointExtension>
        </extensions>
      </trkpt>
      <trkpt lat="40.642954" lon="-0.053260">
        <ele>1045.4</ele>
        <time>2015-10-20T14:03:17Z</time>
        <sat>9</sat>
        <extensions>
          <gpxtpx:TrackPointExtension>
            <gpxtpx:hr>114</gpxtpx:hr>
          </gpxtpx:TrackPointExtension>
        </extensions>
      </trkpt>
      <trkpt lat="40.642980" lon="-0.053166">
        <ele>1042.8</ele>
        <time>2015-10-20T14:03:21Z</time>
        <sat>9</sat>
        <extensions>
          <gpxtpx:TrackPointExtension>
            <gpxtpx:hr>113</gpxtpx:hr>
          </gpxtpx:TrackPointExtension>
        </extensions>
      </trkpt>
      <trkpt lat="40.642999" lon="-0.053075">
        <ele>1039.7</ele>
        <time>2015-10-20T14:03:25Z</time>
        <sat>9</sat>
        <extensions>
          <gpxtpx:TrackPointExtension>
            <gpxtpx:hr>114</gpxtpx:hr>
          </gpxtpx:TrackPointExtension>
        </extensions>
      </trkpt>
      <trkpt lat="40.643050" lon="-0.052978">
        <ele>1037.6</ele>
        <time>2015-10-20T14:03:31Z</time>
        <sat>9</sat>
        <extensions>
          <gpxtpx:TrackPointExtension>
            <gpxtpx:hr>113</gpxtpx:hr>
          </gpxtpx:TrackPointExtension>
        </extensions>
      </trkpt>
      <trkpt lat="40.643090" lon="-0.052920">
        <ele>1036.7</ele>
        <time>2015-10-20T14:03:34Z</time>
        <sat>9</sat>
        <extensions>
          <gpxtpx:TrackPointExtension>
            <gpxtpx:hr>113</gpxtpx:hr>
          </gpxtpx:TrackPointExtension>
        </extensions>
      </trkpt>
      <trkpt lat="40.643127" lon="-0.052846">
        <ele>1035.6</ele>
        <time>2015-10-20T14:03:38Z</time>
        <sat>9</sat>
        <extensions>
          <gpxtpx:TrackPointExtension>
            <gpxtpx:hr>112</gpxtpx:hr>
          </gpxtpx:TrackPointExtension>
        </extensions>
      </trkpt>
      <trkpt lat="40.643165" lon="-0.052769">
        <ele>1034.7</ele>
        <time>2015-10-20T14:03:42Z</time>
        <sat>9</sat>
        <extensions>
          <gpxtpx:TrackPointExtension>
            <gpxtpx:hr>112</gpxtpx:hr>
          </gpxtpx:TrackPointExtension>
        </extensions>
      </trkpt>
      <trkpt lat="40.643209" lon="-0.052695">
        <ele>1034.1</ele>
        <time>2015-10-20T14:03:46Z</time>
        <sat>9</sat>
        <extensions>
          <gpxtpx:TrackPointExtension>
            <gpxtpx:hr>113</gpxtpx:hr>
          </gpxtpx:TrackPointExtension>
        </extensions>
      </trkpt>
      <trkpt lat="40.643247" lon="-0.052629">
        <ele>1033.6</ele>
        <time>2015-10-20T14:03:49Z</time>
        <sat>9</sat>
      </trkpt>
      <trkpt lat="40.643277" lon="-0.052575">
        <ele>1033.3</ele>
        <time>2015-10-20T14:03:52Z</time>
        <sat>9</sat>
        <extensions>
          <gpxtpx:TrackPointExtension>
            <gpxtpx:hr>115</gpxtpx:hr>
          </gpxtpx:TrackPointExtension>
        </extensions>
      </trkpt>
      <trkpt lat="40.643320" lon="-0.052485">
        <ele>1032.7</ele>
        <time>2015-10-20T14:03:57Z</time>
        <sat>9</sat>
        <extensions>
          <gpxtpx:TrackPointExtension>
            <gpxtpx:hr>116</gpxtpx:hr>
          </gpxtpx:TrackPointExtension>
        </extensions>
      </trkpt>
      <trkpt lat="40.643342" lon="-0.052400">
        <ele>1032.0</ele>
        <time>2015-10-20T14:04:01Z</time>
        <sat>9</sat>
        <extensions>
          <gpxtpx:TrackPointExtension>
            <gpxtpx:hr>117</gpxtpx:hr>
          </gpxtpx:TrackPointExtension>
        </extensions>
      </trkpt>
      <trkpt lat="40.643339" lon="-0.052311">
        <ele>1030.6</ele>
        <time>2015-10-20T14:04:05Z</time>
        <sat>9</sat>
        <extensions>
          <gpxtpx:TrackPointExtension>
            <gpxtpx:hr>117</gpxtpx:hr>
          </gpxtpx:TrackPointExtension>
        </extensions>
      </trkpt>
      <trkpt lat="40.643324" lon="-0.052203">
        <ele>1028.3</ele>
        <time>2015-10-20T14:04:09Z</time>
        <sat>10</sat>
        <extensions>
          <gpxtpx:TrackPointExtension>
            <gpxtpx:hr>114</gpxtpx:hr>
          </gpxtpx:TrackPointExtension>
        </extensions>
      </trkpt>
      <trkpt lat="40.643317" lon="-0.052136">
        <ele>1027.3</ele>
        <time>2015-10-20T14:04:12Z</time>
        <sat>10</sat>
        <extensions>
          <gpxtpx:TrackPointExtension>
            <gpxtpx:hr>112</gpxtpx:hr>
          </gpxtpx:TrackPointExtension>
        </extensions>
      </trkpt>
      <trkpt lat="40.643307" lon="-0.052061">
        <ele>1026.7</ele>
        <time>2015-10-20T14:04:16Z</time>
        <sat>10</sat>
        <extensions>
          <gpxtpx:TrackPointExtension>
            <gpxtpx:hr>112</gpxtpx:hr>
          </gpxtpx:TrackPointExtension>
        </extensions>
      </trkpt>
      <trkpt lat="40.643305" lon="-0.051991">
        <ele>1025.9</ele>
        <time>2015-10-20T14:04:19Z</time>
        <sat>10</sat>
        <extensions>
          <gpxtpx:TrackPointExtension>
            <gpxtpx:hr>112</gpxtpx:hr>
          </gpxtpx:TrackPointExtension>
        </extensions>
      </trkpt>
      <trkpt lat="40.643302" lon="-0.051933">
        <ele>1025.4</ele>
        <time>2015-10-20T14:04:21Z</time>
        <sat>10</sat>
        <extensions>
          <gpxtpx:TrackPointExtension>
            <gpxtpx:hr>112</gpxtpx:hr>
          </gpxtpx:TrackPointExtension>
        </extensions>
      </trkpt>
      <trkpt lat="40.643300" lon="-0.051873">
        <ele>1025.1</ele>
        <time>2015-10-20T14:04:24Z</time>
        <sat>10</sat>
        <extensions>
          <gpxtpx:TrackPointExtension>
            <gpxtpx:hr>112</gpxtpx:hr>
          </gpxtpx:TrackPointExtension>
        </extensions>
      </trkpt>
      <trkpt lat="40.643322" lon="-0.051811">
        <ele>1023.3</ele>
        <time>2015-10-20T14:04:27Z</time>
        <sat>10</sat>
        <extensions>
          <gpxtpx:TrackPointExtension>
            <gpxtpx:hr>113</gpxtpx:hr>
          </gpxtpx:TrackPointExtension>
        </extensions>
      </trkpt>
      <trkpt lat="40.643345" lon="-0.051746">
        <ele>1021.7</ele>
        <time>2015-10-20T14:04:30Z</time>
        <sat>10</sat>
        <extensions>
          <gpxtpx:TrackPointExtension>
            <gpxtpx:hr>114</gpxtpx:hr>
          </gpxtpx:TrackPointExtension>
        </extensions>
      </trkpt>
      <trkpt lat="40.643367" lon="-0.051678">
        <ele>1020.9</ele>
        <time>2015-10-20T14:04:33Z</time>
        <sat>10</sat>
        <extensions>
          <gpxtpx:TrackPointExtension>
            <gpxtpx:hr>114</gpxtpx:hr>
          </gpxtpx:TrackPointExtension>
        </extensions>
      </trkpt>
      <trkpt lat="40.643382" lon="-0.051611">
        <ele>1020.0</ele>
        <time>2015-10-20T14:04:36Z</time>
        <sat>10</sat>
        <extensions>
          <gpxtpx:TrackPointExtension>
            <gpxtpx:hr>115</gpxtpx:hr>
          </gpxtpx:TrackPointExtension>
        </extensions>
      </trkpt>
      <trkpt lat="40.643390" lon="-0.051541">
        <ele>1019.6</ele>
        <time>2015-10-20T14:04:39Z</time>
        <sat>10</sat>
        <extensions>
          <gpxtpx:TrackPointExtension>
            <gpxtpx:hr>116</gpxtpx:hr>
          </gpxtpx:TrackPointExtension>
        </extensions>
      </trkpt>
      <trkpt lat="40.643393" lon="-0.051465">
        <ele>1019.0</ele>
        <time>2015-10-20T14:04:43Z</time>
        <sat>10</sat>
        <extensions>
          <gpxtpx:TrackPointExtension>
            <gpxtpx:hr>116</gpxtpx:hr>
          </gpxtpx:TrackPointExtension>
        </extensions>
      </trkpt>
      <trkpt lat="40.643398" lon="-0.051385">
        <ele>1017.7</ele>
        <time>2015-10-20T14:04:46Z</time>
        <sat>10</sat>
        <extensions>
          <gpxtpx:TrackPointExtension>
            <gpxtpx:hr>116</gpxtpx:hr>
          </gpxtpx:TrackPointExtension>
        </extensions>
      </trkpt>
      <trkpt lat="40.643404" lon="-0.051304">
        <ele>1016.7</ele>
        <time>2015-10-20T14:04:50Z</time>
        <sat>10</sat>
        <extensions>
          <gpxtpx:TrackPointExtension>
            <gpxtpx:hr>116</gpxtpx:hr>
          </gpxtpx:TrackPointExtension>
        </extensions>
      </trkpt>
      <trkpt lat="40.643410" lon="-0.051235">
        <ele>1016.0</ele>
        <time>2015-10-20T14:04:53Z</time>
        <sat>10</sat>
        <extensions>
          <gpxtpx:TrackPointExtension>
            <gpxtpx:hr>116</gpxtpx:hr>
          </gpxtpx:TrackPointExtension>
        </extensions>
      </trkpt>
      <trkpt lat="40.643437" lon="-0.051130">
        <ele>1015.3</ele>
        <time>2015-10-20T14:04:57Z</time>
        <sat>10</sat>
        <extensions>
          <gpxtpx:TrackPointExtension>
            <gpxtpx:hr>116</gpxtpx:hr>
          </gpxtpx:TrackPointExtension>
        </extensions>
      </trkpt>
      <trkpt lat="40.643450" lon="-0.051033">
        <ele>1014.6</ele>
        <time>2015-10-20T14:05:02Z</time>
        <sat>10</sat>
        <extensions>
          <gpxtpx:TrackPointExtension>
            <gpxtpx:hr>117</gpxtpx:hr>
          </gpxtpx:TrackPointExtension>
        </extensions>
      </trkpt>
      <trkpt lat="40.643465" lon="-0.050940">
        <ele>1013.9</ele>
        <time>2015-10-20T14:05:06Z</time>
        <sat>10</sat>
        <extensions>
          <gpxtpx:TrackPointExtension>
            <gpxtpx:hr>117</gpxtpx:hr>
          </gpxtpx:TrackPointExtension>
        </extensions>
      </trkpt>
      <trkpt lat="40.643490" lon="-0.050833">
        <ele>1012.9</ele>
        <time>2015-10-20T14:05:11Z</time>
        <sat>10</sat>
        <extensions>
          <gpxtpx:TrackPointExtension>
            <gpxtpx:hr>117</gpxtpx:hr>
          </gpxtpx:TrackPointExtension>
        </extensions>
      </trkpt>
      <trkpt lat="40.643507" lon="-0.050771">
        <ele>1012.2</ele>
        <time>2015-10-20T14:05:13Z</time>
        <sat>9</sat>
        <extensions>
          <gpxtpx:TrackPointExtension>
            <gpxtpx:hr>117</gpxtpx:hr>
          </gpxtpx:TrackPointExtension>
        </extensions>
      </trkpt>
      <trkpt lat="40.643524" lon="-0.050708">
        <ele>1011.5</ele>
        <time>2015-10-20T14:05:16Z</time>
        <sat>9</sat>
        <extensions>
          <gpxtpx:TrackPointExtension>
            <gpxtpx:hr>118</gpxtpx:hr>
          </gpxtpx:TrackPointExtension>
        </extensions>
      </trkpt>
      <trkpt lat="40.643532" lon="-0.050636">
        <ele>1010.8</ele>
        <time>2015-10-20T14:05:20Z</time>
        <sat>10</sat>
        <extensions>
          <gpxtpx:TrackPointExtension>
            <gpxtpx:hr>118</gpxtpx:hr>
          </gpxtpx:TrackPointExtension>
        </extensions>
      </trkpt>
      <trkpt lat="40.643532" lon="-0.050563">
        <ele>1010.1</ele>
        <time>2015-10-20T14:05:23Z</time>
        <sat>10</sat>
        <extensions>
          <gpxtpx:TrackPointExtension>
            <gpxtpx:hr>119</gpxtpx:hr>
          </gpxtpx:TrackPointExtension>
        </extensions>
      </trkpt>
      <trkpt lat="40.643529" lon="-0.050451">
        <ele>1009.5</ele>
        <time>2015-10-20T14:05:28Z</time>
        <sat>10</sat>
        <extensions>
          <gpxtpx:TrackPointExtension>
            <gpxtpx:hr>120</gpxtpx:hr>
          </gpxtpx:TrackPointExtension>
        </extensions>
      </trkpt>
      <trkpt lat="40.643565" lon="-0.050358">
        <ele>1008.5</ele>
        <time>2015-10-20T14:05:32Z</time>
        <sat>10</sat>
        <extensions>
          <gpxtpx:TrackPointExtension>
            <gpxtpx:hr>120</gpxtpx:hr>
          </gpxtpx:TrackPointExtension>
        </extensions>
      </trkpt>
      <trkpt lat="40.643573" lon="-0.050258">
        <ele>1007.7</ele>
        <time>2015-10-20T14:05:36Z</time>
        <sat>10</sat>
        <extensions>
          <gpxtpx:TrackPointExtension>
            <gpxtpx:hr>119</gpxtpx:hr>
          </gpxtpx:TrackPointExtension>
        </extensions>
      </trkpt>
      <trkpt lat="40.643575" lon="-0.050155">
        <ele>1005.8</ele>
        <time>2015-10-20T14:05:41Z</time>
        <sat>10</sat>
        <extensions>
          <gpxtpx:TrackPointExtension>
            <gpxtpx:hr>118</gpxtpx:hr>
          </gpxtpx:TrackPointExtension>
        </extensions>
      </trkpt>
      <trkpt lat="40.643597" lon="-0.050069">
        <ele>1004.5</ele>
        <time>2015-10-20T14:05:45Z</time>
        <sat>10</sat>
        <extensions>
          <gpxtpx:TrackPointExtension>
            <gpxtpx:hr>119</gpxtpx:hr>
          </gpxtpx:TrackPointExtension>
        </extensions>
      </trkpt>
      <trkpt lat="40.643632" lon="-0.049978">
        <ele>1004.0</ele>
        <time>2015-10-20T14:05:49Z</time>
        <sat>10</sat>
        <extensions>
          <gpxtpx:TrackPointExtension>
            <gpxtpx:hr>120</gpxtpx:hr>
          </gpxtpx:TrackPointExtension>
        </extensions>
      </trkpt>
      <trkpt lat="40.643682" lon="-0.049886">
        <ele>1003.1</ele>
        <time>2015-10-20T14:05:54Z</time>
        <sat>10</sat>
        <extensions>
          <gpxtpx:TrackPointExtension>
            <gpxtpx:hr>122</gpxtpx:hr>
          </gpxtpx:TrackPointExtension>
        </extensions>
      </trkpt>
      <trkpt lat="40.643720" lon="-0.049818">
        <ele>1002.6</ele>
        <time>2015-10-20T14:05:58Z</time>
        <sat>10</sat>
        <extensions>
          <gpxtpx:TrackPointExtension>
            <gpxtpx:hr>122</gpxtpx:hr>
          </gpxtpx:TrackPointExtension>
        </extensions>
      </trkpt>
      <trkpt lat="40.643765" lon="-0.049751">
        <ele>1002.2</ele>
        <time>2015-10-20T14:06:02Z</time>
        <sat>10</sat>
        <extensions>
          <gpxtpx:TrackPointExtension>
            <gpxtpx:hr>119</gpxtpx:hr>
          </gpxtpx:TrackPointExtension>
        </extensions>
      </trkpt>
      <trkpt lat="40.643795" lon="-0.049671">
        <ele>1001.8</ele>
        <time>2015-10-20T14:06:06Z</time>
        <sat>10</sat>
        <extensions>
          <gpxtpx:TrackPointExtension>
            <gpxtpx:hr>118</gpxtpx:hr>
          </gpxtpx:TrackPointExtension>
        </extensions>
      </trkpt>
      <trkpt lat="40.643825" lon="-0.049585">
        <ele>1001.3</ele>
        <time>2015-10-20T14:06:10Z</time>
        <sat>10</sat>
        <extensions>
          <gpxtpx:TrackPointExtension>
            <gpxtpx:hr>115</gpxtpx:hr>
          </gpxtpx:TrackPointExtension>
        </extensions>
      </trkpt>
      <trkpt lat="40.643852" lon="-0.049493">
        <ele>1000.9</ele>
        <time>2015-10-20T14:06:14Z</time>
        <sat>10</sat>
        <extensions>
          <gpxtpx:TrackPointExtension>
            <gpxtpx:hr>112</gpxtpx:hr>
          </gpxtpx:TrackPointExtension>
        </extensions>
      </trkpt>
      <trkpt lat="40.643885" lon="-0.049404">
        <ele>1000.2</ele>
        <time>2015-10-20T14:06:18Z</time>
        <sat>10</sat>
        <extensions>
          <gpxtpx:TrackPointExtension>
            <gpxtpx:hr>112</gpxtpx:hr>
          </gpxtpx:TrackPointExtension>
        </extensions>
      </trkpt>
      <trkpt lat="40.643922" lon="-0.049321">
        <ele>999.6</ele>
        <time>2015-10-20T14:06:22Z</time>
        <sat>10</sat>
        <extensions>
          <gpxtpx:TrackPointExtension>
            <gpxtpx:hr>112</gpxtpx:hr>
          </gpxtpx:TrackPointExtension>
        </extensions>
      </trkpt>
      <trkpt lat="40.643959" lon="-0.049220">
        <ele>998.7</ele>
        <time>2015-10-20T14:06:27Z</time>
        <sat>10</sat>
        <extensions>
          <gpxtpx:TrackPointExtension>
            <gpxtpx:hr>108</gpxtpx:hr>
          </gpxtpx:TrackPointExtension>
        </extensions>
      </trkpt>
      <trkpt lat="40.643990" lon="-0.049136">
        <ele>997.8</ele>
        <time>2015-10-20T14:06:31Z</time>
        <sat>10</sat>
        <extensions>
          <gpxtpx:TrackPointExtension>
            <gpxtpx:hr>108</gpxtpx:hr>
          </gpxtpx:TrackPointExtension>
        </extensions>
      </trkpt>
      <trkpt lat="40.644017" lon="-0.049041">
        <ele>996.6</ele>
        <time>2015-10-20T14:06:36Z</time>
        <sat>9</sat>
        <extensions>
          <gpxtpx:TrackPointExtension>
            <gpxtpx:hr>109</gpxtpx:hr>
          </gpxtpx:TrackPointExtension>
        </extensions>
      </trkpt>
      <trkpt lat="40.644020" lon="-0.049011">
        <ele>996.2</ele>
        <time>2015-10-20T14:06:37Z</time>
        <sat>9</sat>
        <extensions>
          <gpxtpx:TrackPointExtension>
            <gpxtpx:hr>111</gpxtpx:hr>
          </gpxtpx:TrackPointExtension>
        </extensions>
      </trkpt>
      <trkpt lat="40.644077" lon="-0.048836">
        <ele>994.4</ele>
        <time>2015-10-20T14:06:45Z</time>
        <sat>10</sat>
        <extensions>
          <gpxtpx:TrackPointExtension>
            <gpxtpx:hr>112</gpxtpx:hr>
          </gpxtpx:TrackPointExtension>
        </extensions>
      </trkpt>
      <trkpt lat="40.644122" lon="-0.048785">
        <ele>993.7</ele>
        <time>2015-10-20T14:06:49Z</time>
        <sat>10</sat>
        <extensions>
          <gpxtpx:TrackPointExtension>
            <gpxtpx:hr>111</gpxtpx:hr>
          </gpxtpx:TrackPointExtension>
        </extensions>
      </trkpt>
      <trkpt lat="40.644184" lon="-0.048703">
        <ele>992.7</ele>
        <time>2015-10-20T14:06:54Z</time>
        <sat>10</sat>
        <extensions>
          <gpxtpx:TrackPointExtension>
            <gpxtpx:hr>111</gpxtpx:hr>
          </gpxtpx:TrackPointExtension>
        </extensions>
      </trkpt>
      <trkpt lat="40.644214" lon="-0.048608">
        <ele>992.1</ele>
        <time>2015-10-20T14:06:58Z</time>
        <sat>10</sat>
        <extensions>
          <gpxtpx:TrackPointExtension>
            <gpxtpx:hr>111</gpxtpx:hr>
          </gpxtpx:TrackPointExtension>
        </extensions>
      </trkpt>
      <trkpt lat="40.644243" lon="-0.048513">
        <ele>991.0</ele>
        <time>2015-10-20T14:07:03Z</time>
        <sat>10</sat>
        <extensions>
          <gpxtpx:TrackPointExtension>
            <gpxtpx:hr>111</gpxtpx:hr>
          </gpxtpx:TrackPointExtension>
        </extensions>
      </trkpt>
      <trkpt lat="40.644292" lon="-0.048423">
        <ele>989.9</ele>
        <time>2015-10-20T14:07:07Z</time>
        <sat>10</sat>
        <extensions>
          <gpxtpx:TrackPointExtension>
            <gpxtpx:hr>110</gpxtpx:hr>
          </gpxtpx:TrackPointExtension>
        </extensions>
      </trkpt>
      <trkpt lat="40.644342" lon="-0.048341">
        <ele>988.8</ele>
        <time>2015-10-20T14:07:12Z</time>
        <sat>10</sat>
        <extensions>
          <gpxtpx:TrackPointExtension>
            <gpxtpx:hr>110</gpxtpx:hr>
          </gpxtpx:TrackPointExtension>
        </extensions>
      </trkpt>
      <trkpt lat="40.644405" lon="-0.048288">
        <ele>988.0</ele>
        <time>2015-10-20T14:07:16Z</time>
        <sat>10</sat>
        <extensions>
          <gpxtpx:TrackPointExtension>
            <gpxtpx:hr>111</gpxtpx:hr>
          </gpxtpx:TrackPointExtension>
        </extensions>
      </trkpt>
      <trkpt lat="40.644445" lon="-0.048215">
        <ele>986.6</ele>
        <time>2015-10-20T14:07:20Z</time>
        <sat>10</sat>
        <extensions>
          <gpxtpx:TrackPointExtension>
            <gpxtpx:hr>109</gpxtpx:hr>
          </gpxtpx:TrackPointExtension>
        </extensions>
      </trkpt>
      <trkpt lat="40.644505" lon="-0.048143">
        <ele>985.3</ele>
        <time>2015-10-20T14:07:25Z</time>
        <sat>10</sat>
        <extensions>
          <gpxtpx:TrackPointExtension>
            <gpxtpx:hr>108</gpxtpx:hr>
          </gpxtpx:TrackPointExtension>
        </extensions>
      </trkpt>
      <trkpt lat="40.644555" lon="-0.048073">
        <ele>983.4</ele>
        <time>2015-10-20T14:07:29Z</time>
        <sat>10</sat>
        <extensions>
          <gpxtpx:TrackPointExtension>
            <gpxtpx:hr>108</gpxtpx:hr>
          </gpxtpx:TrackPointExtension>
        </extensions>
      </trkpt>
      <trkpt lat="40.644607" lon="-0.048015">
        <ele>981.9</ele>
        <time>2015-10-20T14:07:33Z</time>
        <sat>10</sat>
        <extensions>
          <gpxtpx:TrackPointExtension>
            <gpxtpx:hr>109</gpxtpx:hr>
          </gpxtpx:TrackPointExtension>
        </extensions>
      </trkpt>
      <trkpt lat="40.644685" lon="-0.048011">
        <ele>982.0</ele>
        <time>2015-10-20T14:07:37Z</time>
        <sat>9</sat>
        <extensions>
          <gpxtpx:TrackPointExtension>
            <gpxtpx:hr>109</gpxtpx:hr>
          </gpxtpx:TrackPointExtension>
        </extensions>
      </trkpt>
      <trkpt lat="40.644765" lon="-0.048059">
        <ele>981.1</ele>
        <time>2015-10-20T14:07:42Z</time>
        <sat>9</sat>
        <extensions>
          <gpxtpx:TrackPointExtension>
            <gpxtpx:hr>113</gpxtpx:hr>
          </gpxtpx:TrackPointExtension>
        </extensions>
      </trkpt>
      <trkpt lat="40.644812" lon="-0.047964">
        <ele>979.2</ele>
        <time>2015-10-20T14:07:47Z</time>
        <sat>9</sat>
        <extensions>
          <gpxtpx:TrackPointExtension>
            <gpxtpx:hr>117</gpxtpx:hr>
          </gpxtpx:TrackPointExtension>
        </extensions>
      </trkpt>
      <trkpt lat="40.644793" lon="-0.047849">
        <ele>977.5</ele>
        <time>2015-10-20T14:07:52Z</time>
        <sat>10</sat>
        <extensions>
          <gpxtpx:TrackPointExtension>
            <gpxtpx:hr>120</gpxtpx:hr>
          </gpxtpx:TrackPointExtension>
        </extensions>
      </trkpt>
      <trkpt lat="40.644793" lon="-0.047848">
        <ele>977.5</ele>
        <time>2015-10-20T14:07:53Z</time>
        <sat>10</sat>
        <extensions>
          <gpxtpx:TrackPointExtension>
            <gpxtpx:hr>121</gpxtpx:hr>
          </gpxtpx:TrackPointExtension>
        </extensions>
      </trkpt>
      <trkpt lat="40.644913" lon="-0.047726">
        <ele>975.0</ele>
        <time>2015-10-20T14:08:01Z</time>
        <sat>10</sat>
        <extensions>
          <gpxtpx:TrackPointExtension>
            <gpxtpx:hr>107</gpxtpx:hr>
          </gpxtpx:TrackPointExtension>
        </extensions>
      </trkpt>
      <trkpt lat="40.644980" lon="-0.047648">
        <ele>975.1</ele>
        <time>2015-10-20T14:08:06Z</time>
        <sat>9</sat>
        <extensions>
          <gpxtpx:TrackPointExtension>
            <gpxtpx:hr>127</gpxtpx:hr>
          </gpxtpx:TrackPointExtension>
        </extensions>
      </trkpt>
      <trkpt lat="40.645028" lon="-0.047553">
        <ele>976.6</ele>
        <time>2015-10-20T14:08:11Z</time>
        <sat>9</sat>
        <extensions>
          <gpxtpx:TrackPointExtension>
            <gpxtpx:hr>110</gpxtpx:hr>
          </gpxtpx:TrackPointExtension>
        </extensions>
      </trkpt>
      <trkpt lat="40.645023" lon="-0.047535">
        <ele>976.8</ele>
        <time>2015-10-20T14:08:12Z</time>
        <sat>9</sat>
        <extensions>
          <gpxtpx:TrackPointExtension>
            <gpxtpx:hr>111</gpxtpx:hr>
          </gpxtpx:TrackPointExtension>
        </extensions>
      </trkpt>
      <trkpt lat="40.645070" lon="-0.047338">
        <ele>978.7</ele>
        <time>2015-10-20T14:08:21Z</time>
        <sat>9</sat>
        <extensions>
          <gpxtpx:TrackPointExtension>
            <gpxtpx:hr>120</gpxtpx:hr>
          </gpxtpx:TrackPointExtension>
        </extensions>
      </trkpt>
      <trkpt lat="40.645087" lon="-0.047223">
        <ele>979.6</ele>
        <time>2015-10-20T14:08:26Z</time>
        <sat>9</sat>
        <extensions>
          <gpxtpx:TrackPointExtension>
            <gpxtpx:hr>128</gpxtpx:hr>
          </gpxtpx:TrackPointExtension>
        </extensions>
      </trkpt>
      <trkpt lat="40.645073" lon="-0.047108">
        <ele>980.7</ele>
        <time>2015-10-20T14:08:31Z</time>
        <sat>9</sat>
      </trkpt>
      <trkpt lat="40.645040" lon="-0.047015">
        <ele>981.7</ele>
        <time>2015-10-20T14:08:36Z</time>
        <sat>9</sat>
        <extensions>
          <gpxtpx:TrackPointExtension>
            <gpxtpx:hr>135</gpxtpx:hr>
          </gpxtpx:TrackPointExtension>
        </extensions>
      </trkpt>
      <trkpt lat="40.645000" lon="-0.046920">
        <ele>983.3</ele>
        <time>2015-10-20T14:08:40Z</time>
        <sat>9</sat>
        <extensions>
          <gpxtpx:TrackPointExtension>
            <gpxtpx:hr>139</gpxtpx:hr>
          </gpxtpx:TrackPointExtension>
        </extensions>
      </trkpt>
      <trkpt lat="40.644974" lon="-0.046808">
        <ele>984.1</ele>
        <time>2015-10-20T14:08:45Z</time>
        <sat>9</sat>
        <extensions>
          <gpxtpx:TrackPointExtension>
            <gpxtpx:hr>143</gpxtpx:hr>
          </gpxtpx:TrackPointExtension>
        </extensions>
      </trkpt>
      <trkpt lat="40.644980" lon="-0.046693">
        <ele>984.4</ele>
        <time>2015-10-20T14:08:50Z</time>
        <sat>9</sat>
        <extensions>
          <gpxtpx:TrackPointExtension>
            <gpxtpx:hr>146</gpxtpx:hr>
          </gpxtpx:TrackPointExtension>
        </extensions>
      </trkpt>
      <trkpt lat="40.644984" lon="-0.046583">
        <ele>984.4</ele>
        <time>2015-10-20T14:08:55Z</time>
        <sat>9</sat>
        <extensions>
          <gpxtpx:TrackPointExtension>
            <gpxtpx:hr>146</gpxtpx:hr>
          </gpxtpx:TrackPointExtension>
        </extensions>
      </trkpt>
      <trkpt lat="40.644982" lon="-0.046475">
        <ele>984.3</ele>
        <time>2015-10-20T14:09:00Z</time>
        <sat>9</sat>
        <extensions>
          <gpxtpx:TrackPointExtension>
            <gpxtpx:hr>144</gpxtpx:hr>
          </gpxtpx:TrackPointExtension>
        </extensions>
      </trkpt>
      <trkpt lat="40.644980" lon="-0.046458">
        <ele>984.3</ele>
        <time>2015-10-20T14:09:01Z</time>
        <sat>9</sat>
        <extensions>
          <gpxtpx:TrackPointExtension>
            <gpxtpx:hr>144</gpxtpx:hr>
          </gpxtpx:TrackPointExtension>
        </extensions>
      </trkpt>
      <trkpt lat="40.644984" lon="-0.046243">
        <ele>984.9</ele>
        <time>2015-10-20T14:09:10Z</time>
        <sat>10</sat>
        <extensions>
          <gpxtpx:TrackPointExtension>
            <gpxtpx:hr>134</gpxtpx:hr>
          </gpxtpx:TrackPointExtension>
        </extensions>
      </trkpt>
      <trkpt lat="40.644989" lon="-0.046126">
        <ele>985.3</ele>
        <time>2015-10-20T14:09:15Z</time>
        <sat>10</sat>
      </trkpt>
      <trkpt lat="40.644987" lon="-0.046011">
        <ele>986.2</ele>
        <time>2015-10-20T14:09:20Z</time>
        <sat>10</sat>
        <extensions>
          <gpxtpx:TrackPointExtension>
            <gpxtpx:hr>125</gpxtpx:hr>
          </gpxtpx:TrackPointExtension>
        </extensions>
      </trkpt>
      <trkpt lat="40.644984" lon="-0.045908">
        <ele>986.7</ele>
        <time>2015-10-20T14:09:25Z</time>
        <sat>10</sat>
        <extensions>
          <gpxtpx:TrackPointExtension>
            <gpxtpx:hr>124</gpxtpx:hr>
          </gpxtpx:TrackPointExtension>
        </extensions>
      </trkpt>
      <trkpt lat="40.644967" lon="-0.045806">
        <ele>987.8</ele>
        <time>2015-10-20T14:09:29Z</time>
        <sat>9</sat>
        <extensions>
          <gpxtpx:TrackPointExtension>
            <gpxtpx:hr>125</gpxtpx:hr>
          </gpxtpx:TrackPointExtension>
        </extensions>
      </trkpt>
      <trkpt lat="40.644958" lon="-0.045701">
        <ele>988.0</ele>
        <time>2015-10-20T14:09:34Z</time>
        <sat>10</sat>
        <extensions>
          <gpxtpx:TrackPointExtension>
            <gpxtpx:hr>125</gpxtpx:hr>
          </gpxtpx:TrackPointExtension>
        </extensions>
      </trkpt>
      <trkpt lat="40.644989" lon="-0.045596">
        <ele>988.5</ele>
        <time>2015-10-20T14:09:38Z</time>
        <sat>10</sat>
        <extensions>
          <gpxtpx:TrackPointExtension>
            <gpxtpx:hr>127</gpxtpx:hr>
          </gpxtpx:TrackPointExtension>
        </extensions>
      </trkpt>
      <trkpt lat="40.645007" lon="-0.045488">
        <ele>988.7</ele>
        <time>2015-10-20T14:09:43Z</time>
        <sat>9</sat>
        <extensions>
          <gpxtpx:TrackPointExtension>
            <gpxtpx:hr>129</gpxtpx:hr>
          </gpxtpx:TrackPointExtension>
        </extensions>
      </trkpt>
      <trkpt lat="40.645014" lon="-0.045384">
        <ele>990.1</ele>
        <time>2015-10-20T14:09:48Z</time>
        <sat>10</sat>
        <extensions>
          <gpxtpx:TrackPointExtension>
            <gpxtpx:hr>131</gpxtpx:hr>
          </gpxtpx:TrackPointExtension>
        </extensions>
      </trkpt>
      <trkpt lat="40.645012" lon="-0.045361">
        <ele>990.3</ele>
        <time>2015-10-20T14:09:49Z</time>
        <sat>10</sat>
        <extensions>
          <gpxtpx:TrackPointExtension>
            <gpxtpx:hr>132</gpxtpx:hr>
          </gpxtpx:TrackPointExtension>
        </extensions>
      </trkpt>
      <trkpt lat="40.645000" lon="-0.045176">
        <ele>991.7</ele>
        <time>2015-10-20T14:09:57Z</time>
        <sat>10</sat>
        <extensions>
          <gpxtpx:TrackPointExtension>
            <gpxtpx:hr>137</gpxtpx:hr>
          </gpxtpx:TrackPointExtension>
        </extensions>
      </trkpt>
      <trkpt lat="40.645007" lon="-0.045066">
        <ele>993.0</ele>
        <time>2015-10-20T14:10:02Z</time>
        <sat>9</sat>
        <extensions>
          <gpxtpx:TrackPointExtension>
            <gpxtpx:hr>142</gpxtpx:hr>
          </gpxtpx:TrackPointExtension>
        </extensions>
      </trkpt>
      <trkpt lat="40.645004" lon="-0.044961">
        <ele>993.6</ele>
        <time>2015-10-20T14:10:06Z</time>
        <sat>10</sat>
        <extensions>
          <gpxtpx:TrackPointExtension>
            <gpxtpx:hr>146</gpxtpx:hr>
          </gpxtpx:TrackPointExtension>
        </extensions>
      </trkpt>
      <trkpt lat="40.645030" lon="-0.044851">
        <ele>994.6</ele>
        <time>2015-10-20T14:10:11Z</time>
        <sat>10</sat>
        <extensions>
          <gpxtpx:TrackPointExtension>
            <gpxtpx:hr>146</gpxtpx:hr>
          </gpxtpx:TrackPointExtension>
        </extensions>
      </trkpt>
      <trkpt lat="40.645067" lon="-0.044751">
        <ele>995.8</ele>
        <time>2015-10-20T14:10:16Z</time>
        <sat>10</sat>
        <extensions>
          <gpxtpx:TrackPointExtension>
            <gpxtpx:hr>149</gpxtpx:hr>
          </gpxtpx:TrackPointExtension>
        </extensions>
      </trkpt>
      <trkpt lat="40.645073" lon="-0.044638">
        <ele>996.5</ele>
        <time>2015-10-20T14:10:21Z</time>
        <sat>9</sat>
        <extensions>
          <gpxtpx:TrackPointExtension>
            <gpxtpx:hr>150</gpxtpx:hr>
          </gpxtpx:TrackPointExtension>
        </extensions>
      </trkpt>
      <trkpt lat="40.645062" lon="-0.044523">
        <ele>997.4</ele>
        <time>2015-10-20T14:10:26Z</time>
        <sat>9</sat>
        <extensions>
          <gpxtpx:TrackPointExtension>
            <gpxtpx:hr>150</gpxtpx:hr>
          </gpxtpx:TrackPointExtension>
        </extensions>
      </trkpt>
      <trkpt lat="40.645140" lon="-0.044555">
        <ele>999.4</ele>
        <time>2015-10-20T14:10:31Z</time>
        <sat>10</sat>
        <extensions>
          <gpxtpx:TrackPointExtension>
            <gpxtpx:hr>151</gpxtpx:hr>
          </gpxtpx:TrackPointExtension>
        </extensions>
      </trkpt>
      <trkpt lat="40.645153" lon="-0.044558">
        <ele>999.7</ele>
        <time>2015-10-20T14:10:31Z</time>
        <sat>10</sat>
        <extensions>
          <gpxtpx:TrackPointExtension>
            <gpxtpx:hr>151</gpxtpx:hr>
          </gpxtpx:TrackPointExtension>
        </extensions>
      </trkpt>
      <trkpt lat="40.645298" lon="-0.044648">
        <ele>1002.2</ele>
        <time>2015-10-20T14:10:41Z</time>
        <sat>10</sat>
        <extensions>
          <gpxtpx:TrackPointExtension>
            <gpxtpx:hr>153</gpxtpx:hr>
          </gpxtpx:TrackPointExtension>
        </extensions>
      </trkpt>
      <trkpt lat="40.645350" lon="-0.044556">
        <ele>1002.6</ele>
        <time>2015-10-20T14:10:46Z</time>
        <sat>9</sat>
        <extensions>
          <gpxtpx:TrackPointExtension>
            <gpxtpx:hr>152</gpxtpx:hr>
          </gpxtpx:TrackPointExtension>
        </extensions>
      </trkpt>
      <trkpt lat="40.645360" lon="-0.044440">
        <ele>1004.3</ele>
        <time>2015-10-20T14:10:51Z</time>
        <sat>10</sat>
        <extensions>
          <gpxtpx:TrackPointExtension>
            <gpxtpx:hr>152</gpxtpx:hr>
          </gpxtpx:TrackPointExtension>
        </extensions>
      </trkpt>
      <trkpt lat="40.645404" lon="-0.044343">
        <ele>1005.8</ele>
        <time>2015-10-20T14:10:56Z</time>
        <sat>10</sat>
        <extensions>
          <gpxtpx:TrackPointExtension>
            <gpxtpx:hr>148</gpxtpx:hr>
          </gpxtpx:TrackPointExtension>
        </extensions>
      </trkpt>
      <trkpt lat="40.645408" lon="-0.044225">
        <ele>1004.8</ele>
        <time>2015-10-20T14:11:01Z</time>
        <sat>10</sat>
        <extensions>
          <gpxtpx:TrackPointExtension>
            <gpxtpx:hr>118</gpxtpx:hr>
          </gpxtpx:TrackPointExtension>
        </extensions>
      </trkpt>
      <trkpt lat="40.645408" lon="-0.044223">
        <ele>1004.8</ele>
        <time>2015-10-20T14:11:01Z</time>
        <sat>10</sat>
        <extensions>
          <gpxtpx:TrackPointExtension>
            <gpxtpx:hr>116</gpxtpx:hr>
          </gpxtpx:TrackPointExtension>
        </extensions>
      </trkpt>
      <trkpt lat="40.645510" lon="-0.044090">
        <ele>1004.5</ele>
        <time>2015-10-20T14:11:09Z</time>
        <sat>10</sat>
        <extensions>
          <gpxtpx:TrackPointExtension>
            <gpxtpx:hr>108</gpxtpx:hr>
          </gpxtpx:TrackPointExtension>
        </extensions>
      </trkpt>
      <trkpt lat="40.645598" lon="-0.044058">
        <ele>1005.6</ele>
        <time>2015-10-20T14:11:14Z</time>
        <sat>10</sat>
        <extensions>
          <gpxtpx:TrackPointExtension>
            <gpxtpx:hr>107</gpxtpx:hr>
          </gpxtpx:TrackPointExtension>
        </extensions>
      </trkpt>
      <trkpt lat="40.645636" lon="-0.043930">
        <ele>1006.6</ele>
        <time>2015-10-20T14:11:20Z</time>
        <sat>10</sat>
        <extensions>
          <gpxtpx:TrackPointExtension>
            <gpxtpx:hr>107</gpxtpx:hr>
          </gpxtpx:TrackPointExtension>
        </extensions>
      </trkpt>
      <trkpt lat="40.645689" lon="-0.043793">
        <ele>1008.0</ele>
        <time>2015-10-20T14:11:27Z</time>
        <sat>10</sat>
        <extensions>
          <gpxtpx:TrackPointExtension>
            <gpxtpx:hr>122</gpxtpx:hr>
          </gpxtpx:TrackPointExtension>
        </extensions>
      </trkpt>
      <trkpt lat="40.645701" lon="-0.043648">
        <ele>1008.8</ele>
        <time>2015-10-20T14:11:33Z</time>
        <sat>10</sat>
        <extensions>
          <gpxtpx:TrackPointExtension>
            <gpxtpx:hr>129</gpxtpx:hr>
          </gpxtpx:TrackPointExtension>
        </extensions>
      </trkpt>
      <trkpt lat="40.645752" lon="-0.043623">
        <ele>1009.5</ele>
        <time>2015-10-20T14:11:36Z</time>
        <sat>10</sat>
        <extensions>
          <gpxtpx:TrackPointExtension>
            <gpxtpx:hr>134</gpxtpx:hr>
          </gpxtpx:TrackPointExtension>
        </extensions>
      </trkpt>
      <trkpt lat="40.645815" lon="-0.043561">
        <ele>1010.2</ele>
        <time>2015-10-20T14:11:41Z</time>
        <sat>10</sat>
        <extensions>
          <gpxtpx:TrackPointExtension>
            <gpxtpx:hr>137</gpxtpx:hr>
          </gpxtpx:TrackPointExtension>
        </extensions>
      </trkpt>
      <trkpt lat="40.645879" lon="-0.043481">
        <ele>1011.2</ele>
        <time>2015-10-20T14:11:46Z</time>
        <sat>9</sat>
        <extensions>
          <gpxtpx:TrackPointExtension>
            <gpxtpx:hr>139</gpxtpx:hr>
          </gpxtpx:TrackPointExtension>
        </extensions>
      </trkpt>
      <trkpt lat="40.645945" lon="-0.043423">
        <ele>1012.1</ele>
        <time>2015-10-20T14:11:50Z</time>
        <sat>10</sat>
        <extensions>
          <gpxtpx:TrackPointExtension>
            <gpxtpx:hr>141</gpxtpx:hr>
          </gpxtpx:TrackPointExtension>
        </extensions>
      </trkpt>
      <trkpt lat="40.646014" lon="-0.043364">
        <ele>1013.0</ele>
        <time>2015-10-20T14:11:55Z</time>
        <sat>10</sat>
        <extensions>
          <gpxtpx:TrackPointExtension>
            <gpxtpx:hr>140</gpxtpx:hr>
          </gpxtpx:TrackPointExtension>
        </extensions>
      </trkpt>
      <trkpt lat="40.646075" lon="-0.043298">
        <ele>1013.8</ele>
        <time>2015-10-20T14:12:00Z</time>
        <sat>10</sat>
        <extensions>
          <gpxtpx:TrackPointExtension>
            <gpxtpx:hr>139</gpxtpx:hr>
          </gpxtpx:TrackPointExtension>
        </extensions>
      </trkpt>
      <trkpt lat="40.646134" lon="-0.043210">
        <ele>1014.5</ele>
        <time>2015-10-20T14:12:05Z</time>
        <sat>10</sat>
        <extensions>
          <gpxtpx:TrackPointExtension>
            <gpxtpx:hr>140</gpxtpx:hr>
          </gpxtpx:TrackPointExtension>
        </extensions>
      </trkpt>
      <trkpt lat="40.646142" lon="-0.043195">
        <ele>1014.7</ele>
        <time>2015-10-20T14:12:05Z</time>
        <sat>10</sat>
        <extensions>
          <gpxtpx:TrackPointExtension>
            <gpxtpx:hr>140</gpxtpx:hr>
          </gpxtpx:TrackPointExtension>
        </extensions>
      </trkpt>
      <trkpt lat="40.646250" lon="-0.043043">
        <ele>1016.5</ele>
        <time>2015-10-20T14:12:14Z</time>
        <sat>10</sat>
        <extensions>
          <gpxtpx:TrackPointExtension>
            <gpxtpx:hr>142</gpxtpx:hr>
          </gpxtpx:TrackPointExtension>
        </extensions>
      </trkpt>
      <trkpt lat="40.646300" lon="-0.042958">
        <ele>1017.1</ele>
        <time>2015-10-20T14:12:19Z</time>
        <sat>10</sat>
        <extensions>
          <gpxtpx:TrackPointExtension>
            <gpxtpx:hr>143</gpxtpx:hr>
          </gpxtpx:TrackPointExtension>
        </extensions>
      </trkpt>
      <trkpt lat="40.646317" lon="-0.042853">
        <ele>1017.4</ele>
        <time>2015-10-20T14:12:24Z</time>
        <sat>10</sat>
        <extensions>
          <gpxtpx:TrackPointExtension>
            <gpxtpx:hr>142</gpxtpx:hr>
          </gpxtpx:TrackPointExtension>
        </extensions>
      </trkpt>
      <trkpt lat="40.646345" lon="-0.042748">
        <ele>1018.4</ele>
        <time>2015-10-20T14:12:29Z</time>
        <sat>10</sat>
        <extensions>
          <gpxtpx:TrackPointExtension>
            <gpxtpx:hr>142</gpxtpx:hr>
          </gpxtpx:TrackPointExtension>
        </extensions>
      </trkpt>
      <trkpt lat="40.646380" lon="-0.042660">
        <ele>1019.7</ele>
        <time>2015-10-20T14:12:33Z</time>
        <sat>10</sat>
      </trkpt>
      <trkpt lat="40.646429" lon="-0.042571">
        <ele>1021.1</ele>
        <time>2015-10-20T14:12:38Z</time>
        <sat>10</sat>
        <extensions>
          <gpxtpx:TrackPointExtension>
            <gpxtpx:hr>146</gpxtpx:hr>
          </gpxtpx:TrackPointExtension>
        </extensions>
      </trkpt>
      <trkpt lat="40.646478" lon="-0.042478">
        <ele>1022.4</ele>
        <time>2015-10-20T14:12:43Z</time>
        <sat>10</sat>
        <extensions>
          <gpxtpx:TrackPointExtension>
            <gpxtpx:hr>149</gpxtpx:hr>
          </gpxtpx:TrackPointExtension>
        </extensions>
      </trkpt>
      <trkpt lat="40.646532" lon="-0.042398">
        <ele>1023.6</ele>
        <time>2015-10-20T14:12:47Z</time>
        <sat>10</sat>
        <extensions>
          <gpxtpx:TrackPointExtension>
            <gpxtpx:hr>151</gpxtpx:hr>
          </gpxtpx:TrackPointExtension>
        </extensions>
      </trkpt>
      <trkpt lat="40.646603" lon="-0.042336">
        <ele>1024.8</ele>
        <time>2015-10-20T14:12:52Z</time>
        <sat>10</sat>
        <extensions>
          <gpxtpx:TrackPointExtension>
            <gpxtpx:hr>151</gpxtpx:hr>
          </gpxtpx:TrackPointExtension>
        </extensions>
      </trkpt>
      <trkpt lat="40.646613" lon="-0.042325">
        <ele>1025.0</ele>
        <time>2015-10-20T14:12:53Z</time>
        <sat>10</sat>
        <extensions>
          <gpxtpx:TrackPointExtension>
            <gpxtpx:hr>152</gpxtpx:hr>
          </gpxtpx:TrackPointExtension>
        </extensions>
      </trkpt>
      <trkpt lat="40.646723" lon="-0.042186">
        <ele>1026.8</ele>
        <time>2015-10-20T14:13:02Z</time>
        <sat>9</sat>
        <extensions>
          <gpxtpx:TrackPointExtension>
            <gpxtpx:hr>153</gpxtpx:hr>
          </gpxtpx:TrackPointExtension>
        </extensions>
      </trkpt>
      <trkpt lat="40.646777" lon="-0.042108">
        <ele>1027.3</ele>
        <time>2015-10-20T14:13:06Z</time>
        <sat>9</sat>
        <extensions>
          <gpxtpx:TrackPointExtension>
            <gpxtpx:hr>152</gpxtpx:hr>
          </gpxtpx:TrackPointExtension>
        </extensions>
      </trkpt>
      <trkpt lat="40.646820" lon="-0.042016">
        <ele>1028.0</ele>
        <time>2015-10-20T14:13:11Z</time>
        <sat>9</sat>
        <extensions>
          <gpxtpx:TrackPointExtension>
            <gpxtpx:hr>151</gpxtpx:hr>
          </gpxtpx:TrackPointExtension>
        </extensions>
      </trkpt>
      <trkpt lat="40.646869" lon="-0.041938">
        <ele>1028.7</ele>
        <time>2015-10-20T14:13:15Z</time>
        <sat>9</sat>
        <extensions>
          <gpxtpx:TrackPointExtension>
            <gpxtpx:hr>150</gpxtpx:hr>
          </gpxtpx:TrackPointExtension>
        </extensions>
      </trkpt>
      <trkpt lat="40.646902" lon="-0.041833">
        <ele>1029.8</ele>
        <time>2015-10-20T14:13:20Z</time>
        <sat>9</sat>
        <extensions>
          <gpxtpx:TrackPointExtension>
            <gpxtpx:hr>151</gpxtpx:hr>
          </gpxtpx:TrackPointExtension>
        </extensions>
      </trkpt>
      <trkpt lat="40.646945" lon="-0.041731">
        <ele>1031.2</ele>
        <time>2015-10-20T14:13:25Z</time>
        <sat>9</sat>
        <extensions>
          <gpxtpx:TrackPointExtension>
            <gpxtpx:hr>154</gpxtpx:hr>
          </gpxtpx:TrackPointExtension>
        </extensions>
      </trkpt>
      <trkpt lat="40.646952" lon="-0.041621">
        <ele>1031.9</ele>
        <time>2015-10-20T14:13:30Z</time>
        <sat>9</sat>
        <extensions>
          <gpxtpx:TrackPointExtension>
            <gpxtpx:hr>154</gpxtpx:hr>
          </gpxtpx:TrackPointExtension>
        </extensions>
      </trkpt>
      <trkpt lat="40.646999" lon="-0.041526">
        <ele>1033.6</ele>
        <time>2015-10-20T14:13:35Z</time>
        <sat>9</sat>
        <extensions>
          <gpxtpx:TrackPointExtension>
            <gpxtpx:hr>154</gpxtpx:hr>
          </gpxtpx:TrackPointExtension>
        </extensions>
      </trkpt>
      <trkpt lat="40.647035" lon="-0.041433">
        <ele>1034.8</ele>
        <time>2015-10-20T14:13:39Z</time>
        <sat>9</sat>
        <extensions>
          <gpxtpx:TrackPointExtension>
            <gpxtpx:hr>155</gpxtpx:hr>
          </gpxtpx:TrackPointExtension>
        </extensions>
      </trkpt>
      <trkpt lat="40.647041" lon="-0.041420">
        <ele>1035.0</ele>
        <time>2015-10-20T14:13:40Z</time>
        <sat>9</sat>
        <extensions>
          <gpxtpx:TrackPointExtension>
            <gpxtpx:hr>155</gpxtpx:hr>
          </gpxtpx:TrackPointExtension>
        </extensions>
      </trkpt>
      <trkpt lat="40.647099" lon="-0.041226">
        <ele>1037.6</ele>
        <time>2015-10-20T14:13:49Z</time>
        <sat>9</sat>
        <extensions>
          <gpxtpx:TrackPointExtension>
            <gpxtpx:hr>162</gpxtpx:hr>
          </gpxtpx:TrackPointExtension>
        </extensions>
      </trkpt>
      <trkpt lat="40.647137" lon="-0.041121">
        <ele>1039.1</ele>
        <time>2015-10-20T14:13:54Z</time>
        <sat>9</sat>
        <extensions>
          <gpxtpx:TrackPointExtension>
            <gpxtpx:hr>163</gpxtpx:hr>
          </gpxtpx:TrackPointExtension>
        </extensions>
      </trkpt>
      <trkpt lat="40.647224" lon="-0.041126">
        <ele>1040.5</ele>
        <time>2015-10-20T14:13:59Z</time>
        <sat>10</sat>
        <extensions>
          <gpxtpx:TrackPointExtension>
            <gpxtpx:hr>163</gpxtpx:hr>
          </gpxtpx:TrackPointExtension>
        </extensions>
      </trkpt>
      <trkpt lat="40.647312" lon="-0.041118">
        <ele>1041.7</ele>
        <time>2015-10-20T14:14:04Z</time>
        <sat>10</sat>
        <extensions>
          <gpxtpx:TrackPointExtension>
            <gpxtpx:hr>162</gpxtpx:hr>
          </gpxtpx:TrackPointExtension>
        </extensions>
      </trkpt>
      <trkpt lat="40.647398" lon="-0.041138">
        <ele>1042.2</ele>
        <time>2015-10-20T14:14:09Z</time>
        <sat>10</sat>
        <extensions>
          <gpxtpx:TrackPointExtension>
            <gpxtpx:hr>162</gpxtpx:hr>
          </gpxtpx:TrackPointExtension>
        </extensions>
      </trkpt>
      <trkpt lat="40.647480" lon="-0.041139">
        <ele>1041.6</ele>
        <time>2015-10-20T14:14:14Z</time>
        <sat>10</sat>
        <extensions>
          <gpxtpx:TrackPointExtension>
            <gpxtpx:hr>157</gpxtpx:hr>
          </gpxtpx:TrackPointExtension>
        </extensions>
      </trkpt>
      <trkpt lat="40.647562" lon="-0.041178">
        <ele>1042.3</ele>
        <time>2015-10-20T14:14:19Z</time>
        <sat>9</sat>
        <extensions>
          <gpxtpx:TrackPointExtension>
            <gpxtpx:hr>151</gpxtpx:hr>
          </gpxtpx:TrackPointExtension>
        </extensions>
      </trkpt>
      <trkpt lat="40.647572" lon="-0.041191">
        <ele>1043.0</ele>
        <time>2015-10-20T14:14:20Z</time>
        <sat>9</sat>
        <extensions>
          <gpxtpx:TrackPointExtension>
            <gpxtpx:hr>149</gpxtpx:hr>
          </gpxtpx:TrackPointExtension>
        </extensions>
      </trkpt>
      <trkpt lat="40.647723" lon="-0.041239">
        <ele>1038.0</ele>
        <time>2015-10-20T14:14:29Z</time>
        <sat>10</sat>
        <extensions>
          <gpxtpx:TrackPointExtension>
            <gpxtpx:hr>117</gpxtpx:hr>
          </gpxtpx:TrackPointExtension>
        </extensions>
      </trkpt>
      <trkpt lat="40.647725" lon="-0.041239">
        <ele>1038.0</ele>
        <time>2015-10-20T14:14:29Z</time>
        <sat>10</sat>
        <extensions>
          <gpxtpx:TrackPointExtension>
            <gpxtpx:hr>116</gpxtpx:hr>
          </gpxtpx:TrackPointExtension>
        </extensions>
      </trkpt>
      <trkpt lat="40.647807" lon="-0.041310">
        <ele>1038.4</ele>
        <time>2015-10-20T14:14:34Z</time>
        <sat>10</sat>
        <extensions>
          <gpxtpx:TrackPointExtension>
            <gpxtpx:hr>110</gpxtpx:hr>
          </gpxtpx:TrackPointExtension>
        </extensions>
      </trkpt>
      <trkpt lat="40.647928" lon="-0.041446">
        <ele>1039.9</ele>
        <time>2015-10-20T14:14:43Z</time>
        <sat>8</sat>
        <extensions>
          <gpxtpx:TrackPointExtension>
            <gpxtpx:hr>125</gpxtpx:hr>
          </gpxtpx:TrackPointExtension>
        </extensions>
      </trkpt>
      <trkpt lat="40.647990" lon="-0.041530">
        <ele>1040.4</ele>
        <time>2015-10-20T14:14:48Z</time>
        <sat>10</sat>
        <extensions>
          <gpxtpx:TrackPointExtension>
            <gpxtpx:hr>128</gpxtpx:hr>
          </gpxtpx:TrackPointExtension>
        </extensions>
      </trkpt>
      <trkpt lat="40.648047" lon="-0.041605">
        <ele>1041.1</ele>
        <time>2015-10-20T14:14:53Z</time>
        <sat>9</sat>
      </trkpt>
      <trkpt lat="40.648115" lon="-0.041671">
        <ele>1042.2</ele>
        <time>2015-10-20T14:14:58Z</time>
        <sat>10</sat>
        <extensions>
          <gpxtpx:TrackPointExtension>
            <gpxtpx:hr>134</gpxtpx:hr>
          </gpxtpx:TrackPointExtension>
        </extensions>
      </trkpt>
      <trkpt lat="40.648172" lon="-0.041745">
        <ele>1043.2</ele>
        <time>2015-10-20T14:15:02Z</time>
        <sat>10</sat>
        <extensions>
          <gpxtpx:TrackPointExtension>
            <gpxtpx:hr>139</gpxtpx:hr>
          </gpxtpx:TrackPointExtension>
        </extensions>
      </trkpt>
      <trkpt lat="40.648232" lon="-0.041816">
        <ele>1043.7</ele>
        <time>2015-10-20T14:15:07Z</time>
        <sat>8</sat>
        <extensions>
          <gpxtpx:TrackPointExtension>
            <gpxtpx:hr>142</gpxtpx:hr>
          </gpxtpx:TrackPointExtension>
        </extensions>
      </trkpt>
      <trkpt lat="40.648287" lon="-0.041904">
        <ele>1045.7</ele>
        <time>2015-10-20T14:15:12Z</time>
        <sat>10</sat>
        <extensions>
          <gpxtpx:TrackPointExtension>
            <gpxtpx:hr>144</gpxtpx:hr>
          </gpxtpx:TrackPointExtension>
        </extensions>
      </trkpt>
      <trkpt lat="40.648297" lon="-0.041916">
        <ele>1045.8</ele>
        <time>2015-10-20T14:15:13Z</time>
        <sat>9</sat>
        <extensions>
          <gpxtpx:TrackPointExtension>
            <gpxtpx:hr>144</gpxtpx:hr>
          </gpxtpx:TrackPointExtension>
        </extensions>
      </trkpt>
      <trkpt lat="40.648418" lon="-0.042048">
        <ele>1047.5</ele>
        <time>2015-10-20T14:15:22Z</time>
        <sat>10</sat>
        <extensions>
          <gpxtpx:TrackPointExtension>
            <gpxtpx:hr>150</gpxtpx:hr>
          </gpxtpx:TrackPointExtension>
        </extensions>
      </trkpt>
      <trkpt lat="40.648485" lon="-0.042118">
        <ele>1048.8</ele>
        <time>2015-10-20T14:15:27Z</time>
        <sat>10</sat>
        <extensions>
          <gpxtpx:TrackPointExtension>
            <gpxtpx:hr>153</gpxtpx:hr>
          </gpxtpx:TrackPointExtension>
        </extensions>
      </trkpt>
      <trkpt lat="40.648559" lon="-0.042160">
        <ele>1049.5</ele>
        <time>2015-10-20T14:15:31Z</time>
        <sat>9</sat>
        <extensions>
          <gpxtpx:TrackPointExtension>
            <gpxtpx:hr>154</gpxtpx:hr>
          </gpxtpx:TrackPointExtension>
        </extensions>
      </trkpt>
      <trkpt lat="40.648630" lon="-0.042198">
        <ele>1049.9</ele>
        <time>2015-10-20T14:15:36Z</time>
        <sat>9</sat>
        <extensions>
          <gpxtpx:TrackPointExtension>
            <gpxtpx:hr>153</gpxtpx:hr>
          </gpxtpx:TrackPointExtension>
        </extensions>
      </trkpt>
      <trkpt lat="40.648705" lon="-0.042246">
        <ele>1050.4</ele>
        <time>2015-10-20T14:15:40Z</time>
        <sat>9</sat>
        <extensions>
          <gpxtpx:TrackPointExtension>
            <gpxtpx:hr>151</gpxtpx:hr>
          </gpxtpx:TrackPointExtension>
        </extensions>
      </trkpt>
      <trkpt lat="40.648775" lon="-0.042303">
        <ele>1051.6</ele>
        <time>2015-10-20T14:15:45Z</time>
        <sat>9</sat>
        <extensions>
          <gpxtpx:TrackPointExtension>
            <gpxtpx:hr>149</gpxtpx:hr>
          </gpxtpx:TrackPointExtension>
        </extensions>
      </trkpt>
      <trkpt lat="40.648847" lon="-0.042348">
        <ele>1052.3</ele>
        <time>2015-10-20T14:15:50Z</time>
        <sat>9</sat>
        <extensions>
          <gpxtpx:TrackPointExtension>
            <gpxtpx:hr>148</gpxtpx:hr>
          </gpxtpx:TrackPointExtension>
        </extensions>
      </trkpt>
      <trkpt lat="40.648932" lon="-0.042366">
        <ele>1051.8</ele>
        <time>2015-10-20T14:15:55Z</time>
        <sat>9</sat>
        <extensions>
          <gpxtpx:TrackPointExtension>
            <gpxtpx:hr>148</gpxtpx:hr>
          </gpxtpx:TrackPointExtension>
        </extensions>
      </trkpt>
      <trkpt lat="40.649020" lon="-0.042381">
        <ele>1051.6</ele>
        <time>2015-10-20T14:16:00Z</time>
        <sat>9</sat>
        <extensions>
          <gpxtpx:TrackPointExtension>
            <gpxtpx:hr>148</gpxtpx:hr>
          </gpxtpx:TrackPointExtension>
        </extensions>
      </trkpt>
      <trkpt lat="40.649034" lon="-0.042383">
        <ele>1051.7</ele>
        <time>2015-10-20T14:16:00Z</time>
        <sat>9</sat>
        <extensions>
          <gpxtpx:TrackPointExtension>
            <gpxtpx:hr>146</gpxtpx:hr>
          </gpxtpx:TrackPointExtension>
        </extensions>
      </trkpt>
      <trkpt lat="40.649167" lon="-0.042413">
        <ele>1051.4</ele>
        <time>2015-10-20T14:16:08Z</time>
        <sat>9</sat>
        <extensions>
          <gpxtpx:TrackPointExtension>
            <gpxtpx:hr>139</gpxtpx:hr>
          </gpxtpx:TrackPointExtension>
        </extensions>
      </trkpt>
      <trkpt lat="40.649247" lon="-0.042413">
        <ele>1050.4</ele>
        <time>2015-10-20T14:16:13Z</time>
        <sat>9</sat>
        <extensions>
          <gpxtpx:TrackPointExtension>
            <gpxtpx:hr>135</gpxtpx:hr>
          </gpxtpx:TrackPointExtension>
        </extensions>
      </trkpt>
      <trkpt lat="40.649322" lon="-0.042396">
        <ele>1049.5</ele>
        <time>2015-10-20T14:16:17Z</time>
        <sat>9</sat>
        <extensions>
          <gpxtpx:TrackPointExtension>
            <gpxtpx:hr>131</gpxtpx:hr>
          </gpxtpx:TrackPointExtension>
        </extensions>
      </trkpt>
      <trkpt lat="40.649397" lon="-0.042388">
        <ele>1050.5</ele>
        <time>2015-10-20T14:16:21Z</time>
        <sat>9</sat>
        <extensions>
          <gpxtpx:TrackPointExtension>
            <gpxtpx:hr>122</gpxtpx:hr>
          </gpxtpx:TrackPointExtension>
        </extensions>
      </trkpt>
      <trkpt lat="40.649474" lon="-0.042376">
        <ele>1050.5</ele>
        <time>2015-10-20T14:16:26Z</time>
        <sat>8</sat>
        <extensions>
          <gpxtpx:TrackPointExtension>
            <gpxtpx:hr>124</gpxtpx:hr>
          </gpxtpx:TrackPointExtension>
        </extensions>
      </trkpt>
      <trkpt lat="40.649554" lon="-0.042343">
        <ele>1050.7</ele>
        <time>2015-10-20T14:16:31Z</time>
        <sat>8</sat>
        <extensions>
          <gpxtpx:TrackPointExtension>
            <gpxtpx:hr>125</gpxtpx:hr>
          </gpxtpx:TrackPointExtension>
        </extensions>
      </trkpt>
      <trkpt lat="40.649642" lon="-0.042323">
        <ele>1052.1</ele>
        <time>2015-10-20T14:16:36Z</time>
        <sat>9</sat>
        <extensions>
          <gpxtpx:TrackPointExtension>
            <gpxtpx:hr>130</gpxtpx:hr>
          </gpxtpx:TrackPointExtension>
        </extensions>
      </trkpt>
      <trkpt lat="40.649725" lon="-0.042333">
        <ele>1053.0</ele>
        <time>2015-10-20T14:16:41Z</time>
        <sat>9</sat>
        <extensions>
          <gpxtpx:TrackPointExtension>
            <gpxtpx:hr>135</gpxtpx:hr>
          </gpxtpx:TrackPointExtension>
        </extensions>
      </trkpt>
      <trkpt lat="40.649790" lon="-0.042406">
        <ele>1054.9</ele>
        <time>2015-10-20T14:16:45Z</time>
        <sat>9</sat>
        <extensions>
          <gpxtpx:TrackPointExtension>
            <gpxtpx:hr>141</gpxtpx:hr>
          </gpxtpx:TrackPointExtension>
        </extensions>
      </trkpt>
      <trkpt lat="40.649870" lon="-0.042453">
        <ele>1055.3</ele>
        <time>2015-10-20T14:16:50Z</time>
        <sat>10</sat>
        <extensions>
          <gpxtpx:TrackPointExtension>
            <gpxtpx:hr>140</gpxtpx:hr>
          </gpxtpx:TrackPointExtension>
        </extensions>
      </trkpt>
      <trkpt lat="40.649887" lon="-0.042458">
        <ele>1055.1</ele>
        <time>2015-10-20T14:16:51Z</time>
        <sat>10</sat>
        <extensions>
          <gpxtpx:TrackPointExtension>
            <gpxtpx:hr>141</gpxtpx:hr>
          </gpxtpx:TrackPointExtension>
        </extensions>
      </trkpt>
      <trkpt lat="40.649985" lon="-0.042330">
        <ele>1055.2</ele>
        <time>2015-10-20T14:16:59Z</time>
        <sat>9</sat>
      </trkpt>
      <trkpt lat="40.650022" lon="-0.042231">
        <ele>1058.0</ele>
        <time>2015-10-20T14:17:04Z</time>
        <sat>9</sat>
        <extensions>
          <gpxtpx:TrackPointExtension>
            <gpxtpx:hr>147</gpxtpx:hr>
          </gpxtpx:TrackPointExtension>
        </extensions>
      </trkpt>
      <trkpt lat="40.650107" lon="-0.042241">
        <ele>1059.2</ele>
        <time>2015-10-20T14:17:09Z</time>
        <sat>9</sat>
        <extensions>
          <gpxtpx:TrackPointExtension>
            <gpxtpx:hr>150</gpxtpx:hr>
          </gpxtpx:TrackPointExtension>
        </extensions>
      </trkpt>
      <trkpt lat="40.650107" lon="-0.042241">
        <ele>1059.2</ele>
        <time>2015-10-20T14:17:09Z</time>
        <sat>9</sat>
        <extensions>
          <gpxtpx:TrackPointExtension>
            <gpxtpx:hr>150</gpxtpx:hr>
          </gpxtpx:TrackPointExtension>
        </extensions>
      </trkpt>
      <trkpt lat="40.650178" lon="-0.042306">
        <ele>1060.9</ele>
        <time>2015-10-20T14:17:14Z</time>
        <sat>9</sat>
        <extensions>
          <gpxtpx:TrackPointExtension>
            <gpxtpx:hr>150</gpxtpx:hr>
          </gpxtpx:TrackPointExtension>
        </extensions>
      </trkpt>
      <trkpt lat="40.650235" lon="-0.042390">
        <ele>1062.6</ele>
        <time>2015-10-20T14:17:19Z</time>
        <sat>9</sat>
        <extensions>
          <gpxtpx:TrackPointExtension>
            <gpxtpx:hr>153</gpxtpx:hr>
          </gpxtpx:TrackPointExtension>
        </extensions>
      </trkpt>
      <trkpt lat="40.650290" lon="-0.042471">
        <ele>1063.7</ele>
        <time>2015-10-20T14:17:24Z</time>
        <sat>9</sat>
        <extensions>
          <gpxtpx:TrackPointExtension>
            <gpxtpx:hr>154</gpxtpx:hr>
          </gpxtpx:TrackPointExtension>
        </extensions>
      </trkpt>
      <trkpt lat="40.650352" lon="-0.042546">
        <ele>1064.4</ele>
        <time>2015-10-20T14:17:28Z</time>
        <sat>9</sat>
        <extensions>
          <gpxtpx:TrackPointExtension>
            <gpxtpx:hr>152</gpxtpx:hr>
          </gpxtpx:TrackPointExtension>
        </extensions>
      </trkpt>
      <trkpt lat="40.650360" lon="-0.042556">
        <ele>1064.5</ele>
        <time>2015-10-20T14:17:29Z</time>
        <sat>9</sat>
        <extensions>
          <gpxtpx:TrackPointExtension>
            <gpxtpx:hr>151</gpxtpx:hr>
          </gpxtpx:TrackPointExtension>
        </extensions>
      </trkpt>
      <trkpt lat="40.650479" lon="-0.042686">
        <ele>1065.9</ele>
        <time>2015-10-20T14:17:38Z</time>
        <sat>9</sat>
        <extensions>
          <gpxtpx:TrackPointExtension>
            <gpxtpx:hr>142</gpxtpx:hr>
          </gpxtpx:TrackPointExtension>
        </extensions>
      </trkpt>
      <trkpt lat="40.650549" lon="-0.042750">
        <ele>1066.3</ele>
        <time>2015-10-20T14:17:43Z</time>
        <sat>9</sat>
        <extensions>
          <gpxtpx:TrackPointExtension>
            <gpxtpx:hr>140</gpxtpx:hr>
          </gpxtpx:TrackPointExtension>
        </extensions>
      </trkpt>
      <trkpt lat="40.650617" lon="-0.042803">
        <ele>1067.1</ele>
        <time>2015-10-20T14:17:47Z</time>
        <sat>9</sat>
        <extensions>
          <gpxtpx:TrackPointExtension>
            <gpxtpx:hr>138</gpxtpx:hr>
          </gpxtpx:TrackPointExtension>
        </extensions>
      </trkpt>
      <trkpt lat="40.650680" lon="-0.042878">
        <ele>1067.7</ele>
        <time>2015-10-20T14:17:52Z</time>
        <sat>9</sat>
        <extensions>
          <gpxtpx:TrackPointExtension>
            <gpxtpx:hr>135</gpxtpx:hr>
          </gpxtpx:TrackPointExtension>
        </extensions>
      </trkpt>
      <trkpt lat="40.650727" lon="-0.042970">
        <ele>1067.8</ele>
        <time>2015-10-20T14:17:57Z</time>
        <sat>9</sat>
        <extensions>
          <gpxtpx:TrackPointExtension>
            <gpxtpx:hr>134</gpxtpx:hr>
          </gpxtpx:TrackPointExtension>
        </extensions>
      </trkpt>
      <trkpt lat="40.650784" lon="-0.043039">
        <ele>1068.7</ele>
        <time>2015-10-20T14:18:01Z</time>
        <sat>9</sat>
        <extensions>
          <gpxtpx:TrackPointExtension>
            <gpxtpx:hr>132</gpxtpx:hr>
          </gpxtpx:TrackPointExtension>
        </extensions>
      </trkpt>
      <trkpt lat="40.650853" lon="-0.043108">
        <ele>1069.1</ele>
        <time>2015-10-20T14:18:06Z</time>
        <sat>9</sat>
        <extensions>
          <gpxtpx:TrackPointExtension>
            <gpxtpx:hr>128</gpxtpx:hr>
          </gpxtpx:TrackPointExtension>
        </extensions>
      </trkpt>
      <trkpt lat="40.650927" lon="-0.043161">
        <ele>1070.3</ele>
        <time>2015-10-20T14:18:11Z</time>
        <sat>10</sat>
        <extensions>
          <gpxtpx:TrackPointExtension>
            <gpxtpx:hr>128</gpxtpx:hr>
          </gpxtpx:TrackPointExtension>
        </extensions>
      </trkpt>
      <trkpt lat="40.650939" lon="-0.043166">
        <ele>1070.5</ele>
        <time>2015-10-20T14:18:12Z</time>
        <sat>10</sat>
        <extensions>
          <gpxtpx:TrackPointExtension>
            <gpxtpx:hr>129</gpxtpx:hr>
          </gpxtpx:TrackPointExtension>
        </extensions>
      </trkpt>
      <trkpt lat="40.651072" lon="-0.043278">
        <ele>1073.0</ele>
        <time>2015-10-20T14:18:21Z</time>
        <sat>10</sat>
        <extensions>
          <gpxtpx:TrackPointExtension>
            <gpxtpx:hr>136</gpxtpx:hr>
          </gpxtpx:TrackPointExtension>
        </extensions>
      </trkpt>
      <trkpt lat="40.651144" lon="-0.043326">
        <ele>1074.0</ele>
        <time>2015-10-20T14:18:25Z</time>
        <sat>10</sat>
        <extensions>
          <gpxtpx:TrackPointExtension>
            <gpxtpx:hr>137</gpxtpx:hr>
          </gpxtpx:TrackPointExtension>
        </extensions>
      </trkpt>
      <trkpt lat="40.651218" lon="-0.043376">
        <ele>1074.9</ele>
        <time>2015-10-20T14:18:30Z</time>
        <sat>10</sat>
        <extensions>
          <gpxtpx:TrackPointExtension>
            <gpxtpx:hr>137</gpxtpx:hr>
          </gpxtpx:TrackPointExtension>
        </extensions>
      </trkpt>
      <trkpt lat="40.651288" lon="-0.043450">
        <ele>1075.5</ele>
        <time>2015-10-20T14:18:35Z</time>
        <sat>10</sat>
        <extensions>
          <gpxtpx:TrackPointExtension>
            <gpxtpx:hr>138</gpxtpx:hr>
          </gpxtpx:TrackPointExtension>
        </extensions>
      </trkpt>
      <trkpt lat="40.651345" lon="-0.043525">
        <ele>1076.1</ele>
        <time>2015-10-20T14:18:40Z</time>
        <sat>10</sat>
        <extensions>
          <gpxtpx:TrackPointExtension>
            <gpxtpx:hr>136</gpxtpx:hr>
          </gpxtpx:TrackPointExtension>
        </extensions>
      </trkpt>
      <trkpt lat="40.651392" lon="-0.043611">
        <ele>1076.7</ele>
        <time>2015-10-20T14:18:45Z</time>
        <sat>10</sat>
        <extensions>
          <gpxtpx:TrackPointExtension>
            <gpxtpx:hr>132</gpxtpx:hr>
          </gpxtpx:TrackPointExtension>
        </extensions>
      </trkpt>
      <trkpt lat="40.651448" lon="-0.043700">
        <ele>1077.4</ele>
        <time>2015-10-20T14:18:50Z</time>
        <sat>10</sat>
        <extensions>
          <gpxtpx:TrackPointExtension>
            <gpxtpx:hr>130</gpxtpx:hr>
          </gpxtpx:TrackPointExtension>
        </extensions>
      </trkpt>
      <trkpt lat="40.651517" lon="-0.043765">
        <ele>1078.6</ele>
        <time>2015-10-20T14:18:54Z</time>
        <sat>10</sat>
        <extensions>
          <gpxtpx:TrackPointExtension>
            <gpxtpx:hr>131</gpxtpx:hr>
          </gpxtpx:TrackPointExtension>
        </extensions>
      </trkpt>
      <trkpt lat="40.651527" lon="-0.043771">
        <ele>1078.6</ele>
        <time>2015-10-20T14:18:55Z</time>
        <sat>10</sat>
        <extensions>
          <gpxtpx:TrackPointExtension>
            <gpxtpx:hr>131</gpxtpx:hr>
          </gpxtpx:TrackPointExtension>
        </extensions>
      </trkpt>
      <trkpt lat="40.651672" lon="-0.043865">
        <ele>1080.6</ele>
        <time>2015-10-20T14:19:04Z</time>
        <sat>10</sat>
        <extensions>
          <gpxtpx:TrackPointExtension>
            <gpxtpx:hr>133</gpxtpx:hr>
          </gpxtpx:TrackPointExtension>
        </extensions>
      </trkpt>
      <trkpt lat="40.651758" lon="-0.043876">
        <ele>1081.2</ele>
        <time>2015-10-20T14:19:09Z</time>
        <sat>10</sat>
        <extensions>
          <gpxtpx:TrackPointExtension>
            <gpxtpx:hr>133</gpxtpx:hr>
          </gpxtpx:TrackPointExtension>
        </extensions>
      </trkpt>
      <trkpt lat="40.651835" lon="-0.043841">
        <ele>1081.9</ele>
        <time>2015-10-20T14:19:14Z</time>
        <sat>10</sat>
        <extensions>
          <gpxtpx:TrackPointExtension>
            <gpxtpx:hr>133</gpxtpx:hr>
          </gpxtpx:TrackPointExtension>
        </extensions>
      </trkpt>
      <trkpt lat="40.651835" lon="-0.043841">
        <ele>1081.9</ele>
        <time>2015-10-20T14:19:14Z</time>
        <sat>10</sat>
        <extensions>
          <gpxtpx:TrackPointExtension>
            <gpxtpx:hr>133</gpxtpx:hr>
          </gpxtpx:TrackPointExtension>
        </extensions>
      </trkpt>
      <trkpt lat="40.651888" lon="-0.043758">
        <ele>1083.2</ele>
        <time>2015-10-20T14:19:19Z</time>
        <sat>10</sat>
        <extensions>
          <gpxtpx:TrackPointExtension>
            <gpxtpx:hr>136</gpxtpx:hr>
          </gpxtpx:TrackPointExtension>
        </extensions>
      </trkpt>
      <trkpt lat="40.651937" lon="-0.043668">
        <ele>1084.3</ele>
        <time>2015-10-20T14:19:23Z</time>
        <sat>10</sat>
        <extensions>
          <gpxtpx:TrackPointExtension>
            <gpxtpx:hr>141</gpxtpx:hr>
          </gpxtpx:TrackPointExtension>
        </extensions>
      </trkpt>
      <trkpt lat="40.651980" lon="-0.043576">
        <ele>1084.4</ele>
        <time>2015-10-20T14:19:28Z</time>
        <sat>10</sat>
        <extensions>
          <gpxtpx:TrackPointExtension>
            <gpxtpx:hr>142</gpxtpx:hr>
          </gpxtpx:TrackPointExtension>
        </extensions>
      </trkpt>
      <trkpt lat="40.652020" lon="-0.043478">
        <ele>1084.5</ele>
        <time>2015-10-20T14:19:33Z</time>
        <sat>10</sat>
        <extensions>
          <gpxtpx:TrackPointExtension>
            <gpxtpx:hr>139</gpxtpx:hr>
          </gpxtpx:TrackPointExtension>
        </extensions>
      </trkpt>
      <trkpt lat="40.652067" lon="-0.043379">
        <ele>1084.5</ele>
        <time>2015-10-20T14:19:38Z</time>
        <sat>10</sat>
        <extensions>
          <gpxtpx:TrackPointExtension>
            <gpxtpx:hr>136</gpxtpx:hr>
          </gpxtpx:TrackPointExtension>
        </extensions>
      </trkpt>
      <trkpt lat="40.652117" lon="-0.043286">
        <ele>1084.9</ele>
        <time>2015-10-20T14:19:43Z</time>
        <sat>10</sat>
        <extensions>
          <gpxtpx:TrackPointExtension>
            <gpxtpx:hr>133</gpxtpx:hr>
          </gpxtpx:TrackPointExtension>
        </extensions>
      </trkpt>
      <trkpt lat="40.652125" lon="-0.043271">
        <ele>1085.0</ele>
        <time>2015-10-20T14:19:44Z</time>
        <sat>10</sat>
        <extensions>
          <gpxtpx:TrackPointExtension>
            <gpxtpx:hr>133</gpxtpx:hr>
          </gpxtpx:TrackPointExtension>
        </extensions>
      </trkpt>
      <trkpt lat="40.652208" lon="-0.043113">
        <ele>1086.4</ele>
        <time>2015-10-20T14:19:52Z</time>
        <sat>10</sat>
        <extensions>
          <gpxtpx:TrackPointExtension>
            <gpxtpx:hr>133</gpxtpx:hr>
          </gpxtpx:TrackPointExtension>
        </extensions>
      </trkpt>
      <trkpt lat="40.652262" lon="-0.043024">
        <ele>1088.0</ele>
        <time>2015-10-20T14:19:57Z</time>
        <sat>8</sat>
        <extensions>
          <gpxtpx:TrackPointExtension>
            <gpxtpx:hr>139</gpxtpx:hr>
          </gpxtpx:TrackPointExtension>
        </extensions>
      </trkpt>
      <trkpt lat="40.652323" lon="-0.042949">
        <ele>1089.5</ele>
        <time>2015-10-20T14:20:02Z</time>
        <sat>8</sat>
        <extensions>
          <gpxtpx:TrackPointExtension>
            <gpxtpx:hr>145</gpxtpx:hr>
          </gpxtpx:TrackPointExtension>
        </extensions>
      </trkpt>
      <trkpt lat="40.652372" lon="-0.042861">
        <ele>1090.5</ele>
        <time>2015-10-20T14:20:06Z</time>
        <sat>8</sat>
        <extensions>
          <gpxtpx:TrackPointExtension>
            <gpxtpx:hr>147</gpxtpx:hr>
          </gpxtpx:TrackPointExtension>
        </extensions>
      </trkpt>
      <trkpt lat="40.652426" lon="-0.042778">
        <ele>1091.8</ele>
        <time>2015-10-20T14:20:11Z</time>
        <sat>8</sat>
        <extensions>
          <gpxtpx:TrackPointExtension>
            <gpxtpx:hr>148</gpxtpx:hr>
          </gpxtpx:TrackPointExtension>
        </extensions>
      </trkpt>
      <trkpt lat="40.652469" lon="-0.042676">
        <ele>1094.3</ele>
        <time>2015-10-20T14:20:16Z</time>
        <sat>9</sat>
        <extensions>
          <gpxtpx:TrackPointExtension>
            <gpxtpx:hr>127</gpxtpx:hr>
          </gpxtpx:TrackPointExtension>
        </extensions>
      </trkpt>
      <trkpt lat="40.652470" lon="-0.042670">
        <ele>1094.5</ele>
        <time>2015-10-20T14:20:17Z</time>
        <sat>9</sat>
        <extensions>
          <gpxtpx:TrackPointExtension>
            <gpxtpx:hr>127</gpxtpx:hr>
          </gpxtpx:TrackPointExtension>
        </extensions>
      </trkpt>
      <trkpt lat="40.652574" lon="-0.042508">
        <ele>1097.3</ele>
        <time>2015-10-20T14:20:26Z</time>
        <sat>9</sat>
        <extensions>
          <gpxtpx:TrackPointExtension>
            <gpxtpx:hr>136</gpxtpx:hr>
          </gpxtpx:TrackPointExtension>
        </extensions>
      </trkpt>
      <trkpt lat="40.652617" lon="-0.042408">
        <ele>1098.2</ele>
        <time>2015-10-20T14:20:31Z</time>
        <sat>8</sat>
        <extensions>
          <gpxtpx:TrackPointExtension>
            <gpxtpx:hr>142</gpxtpx:hr>
          </gpxtpx:TrackPointExtension>
        </extensions>
      </trkpt>
      <trkpt lat="40.652667" lon="-0.042326">
        <ele>1099.2</ele>
        <time>2015-10-20T14:20:35Z</time>
        <sat>9</sat>
        <extensions>
          <gpxtpx:TrackPointExtension>
            <gpxtpx:hr>145</gpxtpx:hr>
          </gpxtpx:TrackPointExtension>
        </extensions>
      </trkpt>
      <trkpt lat="40.652725" lon="-0.042240">
        <ele>1100.2</ele>
        <time>2015-10-20T14:20:40Z</time>
        <sat>9</sat>
        <extensions>
          <gpxtpx:TrackPointExtension>
            <gpxtpx:hr>147</gpxtpx:hr>
          </gpxtpx:TrackPointExtension>
        </extensions>
      </trkpt>
      <trkpt lat="40.652780" lon="-0.042156">
        <ele>1101.1</ele>
        <time>2015-10-20T14:20:45Z</time>
        <sat>9</sat>
        <extensions>
          <gpxtpx:TrackPointExtension>
            <gpxtpx:hr>146</gpxtpx:hr>
          </gpxtpx:TrackPointExtension>
        </extensions>
      </trkpt>
      <trkpt lat="40.652830" lon="-0.042071">
        <ele>1102.5</ele>
        <time>2015-10-20T14:20:50Z</time>
        <sat>9</sat>
        <extensions>
          <gpxtpx:TrackPointExtension>
            <gpxtpx:hr>148</gpxtpx:hr>
          </gpxtpx:TrackPointExtension>
        </extensions>
      </trkpt>
      <trkpt lat="40.652885" lon="-0.041981">
        <ele>1104.1</ele>
        <time>2015-10-20T14:20:55Z</time>
        <sat>9</sat>
        <extensions>
          <gpxtpx:TrackPointExtension>
            <gpxtpx:hr>150</gpxtpx:hr>
          </gpxtpx:TrackPointExtension>
        </extensions>
      </trkpt>
      <trkpt lat="40.652940" lon="-0.041898">
        <ele>1105.5</ele>
        <time>2015-10-20T14:21:00Z</time>
        <sat>9</sat>
        <extensions>
          <gpxtpx:TrackPointExtension>
            <gpxtpx:hr>153</gpxtpx:hr>
          </gpxtpx:TrackPointExtension>
        </extensions>
      </trkpt>
      <trkpt lat="40.652945" lon="-0.041888">
        <ele>1105.7</ele>
        <time>2015-10-20T14:21:00Z</time>
        <sat>9</sat>
        <extensions>
          <gpxtpx:TrackPointExtension>
            <gpxtpx:hr>154</gpxtpx:hr>
          </gpxtpx:TrackPointExtension>
        </extensions>
      </trkpt>
      <trkpt lat="40.653040" lon="-0.041716">
        <ele>1108.3</ele>
        <time>2015-10-20T14:21:09Z</time>
        <sat>9</sat>
        <extensions>
          <gpxtpx:TrackPointExtension>
            <gpxtpx:hr>155</gpxtpx:hr>
          </gpxtpx:TrackPointExtension>
        </extensions>
      </trkpt>
      <trkpt lat="40.653067" lon="-0.041605">
        <ele>1109.6</ele>
        <time>2015-10-20T14:21:14Z</time>
        <sat>8</sat>
        <extensions>
          <gpxtpx:TrackPointExtension>
            <gpxtpx:hr>156</gpxtpx:hr>
          </gpxtpx:TrackPointExtension>
        </extensions>
      </trkpt>
      <trkpt lat="40.653037" lon="-0.041493">
        <ele>1110.5</ele>
        <time>2015-10-20T14:21:20Z</time>
        <sat>10</sat>
        <extensions>
          <gpxtpx:TrackPointExtension>
            <gpxtpx:hr>154</gpxtpx:hr>
          </gpxtpx:TrackPointExtension>
        </extensions>
      </trkpt>
      <trkpt lat="40.652982" lon="-0.041410">
        <ele>1110.9</ele>
        <time>2015-10-20T14:21:24Z</time>
        <sat>10</sat>
        <extensions>
          <gpxtpx:TrackPointExtension>
            <gpxtpx:hr>151</gpxtpx:hr>
          </gpxtpx:TrackPointExtension>
        </extensions>
      </trkpt>
      <trkpt lat="40.652924" lon="-0.041338">
        <ele>1111.3</ele>
        <time>2015-10-20T14:21:29Z</time>
        <sat>9</sat>
        <extensions>
          <gpxtpx:TrackPointExtension>
            <gpxtpx:hr>149</gpxtpx:hr>
          </gpxtpx:TrackPointExtension>
        </extensions>
      </trkpt>
      <trkpt lat="40.652892" lon="-0.041230">
        <ele>1112.0</ele>
        <time>2015-10-20T14:21:34Z</time>
        <sat>10</sat>
        <extensions>
          <gpxtpx:TrackPointExtension>
            <gpxtpx:hr>147</gpxtpx:hr>
          </gpxtpx:TrackPointExtension>
        </extensions>
      </trkpt>
      <trkpt lat="40.652848" lon="-0.041128">
        <ele>1112.5</ele>
        <time>2015-10-20T14:21:39Z</time>
        <sat>10</sat>
        <extensions>
          <gpxtpx:TrackPointExtension>
            <gpxtpx:hr>147</gpxtpx:hr>
          </gpxtpx:TrackPointExtension>
        </extensions>
      </trkpt>
      <trkpt lat="40.652800" lon="-0.041044">
        <ele>1112.9</ele>
        <time>2015-10-20T14:21:44Z</time>
        <sat>10</sat>
        <extensions>
          <gpxtpx:TrackPointExtension>
            <gpxtpx:hr>149</gpxtpx:hr>
          </gpxtpx:TrackPointExtension>
        </extensions>
      </trkpt>
      <trkpt lat="40.652789" lon="-0.041029">
        <ele>1113.0</ele>
        <time>2015-10-20T14:21:44Z</time>
        <sat>10</sat>
        <extensions>
          <gpxtpx:TrackPointExtension>
            <gpxtpx:hr>149</gpxtpx:hr>
          </gpxtpx:TrackPointExtension>
        </extensions>
      </trkpt>
      <trkpt lat="40.652719" lon="-0.040881">
        <ele>1113.9</ele>
        <time>2015-10-20T14:21:52Z</time>
        <sat>10</sat>
        <extensions>
          <gpxtpx:TrackPointExtension>
            <gpxtpx:hr>148</gpxtpx:hr>
          </gpxtpx:TrackPointExtension>
        </extensions>
      </trkpt>
      <trkpt lat="40.652657" lon="-0.040818">
        <ele>1113.9</ele>
        <time>2015-10-20T14:21:56Z</time>
        <sat>10</sat>
        <extensions>
          <gpxtpx:TrackPointExtension>
            <gpxtpx:hr>147</gpxtpx:hr>
          </gpxtpx:TrackPointExtension>
        </extensions>
      </trkpt>
      <trkpt lat="40.652599" lon="-0.040741">
        <ele>1114.2</ele>
        <time>2015-10-20T14:22:01Z</time>
        <sat>10</sat>
        <extensions>
          <gpxtpx:TrackPointExtension>
            <gpxtpx:hr>147</gpxtpx:hr>
          </gpxtpx:TrackPointExtension>
        </extensions>
      </trkpt>
      <trkpt lat="40.652540" lon="-0.040658">
        <ele>1114.4</ele>
        <time>2015-10-20T14:22:06Z</time>
        <sat>10</sat>
        <extensions>
          <gpxtpx:TrackPointExtension>
            <gpxtpx:hr>147</gpxtpx:hr>
          </gpxtpx:TrackPointExtension>
        </extensions>
      </trkpt>
      <trkpt lat="40.652490" lon="-0.040581">
        <ele>1114.5</ele>
        <time>2015-10-20T14:22:10Z</time>
        <sat>10</sat>
        <extensions>
          <gpxtpx:TrackPointExtension>
            <gpxtpx:hr>146</gpxtpx:hr>
          </gpxtpx:TrackPointExtension>
        </extensions>
      </trkpt>
      <trkpt lat="40.652433" lon="-0.040503">
        <ele>1114.6</ele>
        <time>2015-10-20T14:22:15Z</time>
        <sat>10</sat>
        <extensions>
          <gpxtpx:TrackPointExtension>
            <gpxtpx:hr>146</gpxtpx:hr>
          </gpxtpx:TrackPointExtension>
        </extensions>
      </trkpt>
      <trkpt lat="40.652369" lon="-0.040423">
        <ele>1114.6</ele>
        <time>2015-10-20T14:22:20Z</time>
        <sat>10</sat>
        <extensions>
          <gpxtpx:TrackPointExtension>
            <gpxtpx:hr>146</gpxtpx:hr>
          </gpxtpx:TrackPointExtension>
        </extensions>
      </trkpt>
      <trkpt lat="40.652322" lon="-0.040368">
        <ele>1114.4</ele>
        <time>2015-10-20T14:22:24Z</time>
        <sat>10</sat>
        <extensions>
          <gpxtpx:TrackPointExtension>
            <gpxtpx:hr>145</gpxtpx:hr>
          </gpxtpx:TrackPointExtension>
        </extensions>
      </trkpt>
      <trkpt lat="40.652260" lon="-0.040288">
        <ele>1114.3</ele>
        <time>2015-10-20T14:22:29Z</time>
        <sat>10</sat>
        <extensions>
          <gpxtpx:TrackPointExtension>
            <gpxtpx:hr>144</gpxtpx:hr>
          </gpxtpx:TrackPointExtension>
        </extensions>
      </trkpt>
      <trkpt lat="40.652193" lon="-0.040211">
        <ele>1114.2</ele>
        <time>2015-10-20T14:22:34Z</time>
        <sat>10</sat>
        <extensions>
          <gpxtpx:TrackPointExtension>
            <gpxtpx:hr>143</gpxtpx:hr>
          </gpxtpx:TrackPointExtension>
        </extensions>
      </trkpt>
      <trkpt lat="40.652129" lon="-0.040136">
        <ele>1114.3</ele>
        <time>2015-10-20T14:22:39Z</time>
        <sat>10</sat>
        <extensions>
          <gpxtpx:TrackPointExtension>
            <gpxtpx:hr>141</gpxtpx:hr>
          </gpxtpx:TrackPointExtension>
        </extensions>
      </trkpt>
      <trkpt lat="40.652067" lon="-0.040058">
        <ele>1114.2</ele>
        <time>2015-10-20T14:22:44Z</time>
        <sat>10</sat>
        <extensions>
          <gpxtpx:TrackPointExtension>
            <gpxtpx:hr>139</gpxtpx:hr>
          </gpxtpx:TrackPointExtension>
        </extensions>
      </trkpt>
      <trkpt lat="40.652025" lon="-0.039993">
        <ele>1114.0</ele>
        <time>2015-10-20T14:22:47Z</time>
        <sat>10</sat>
        <extensions>
          <gpxtpx:TrackPointExtension>
            <gpxtpx:hr>139</gpxtpx:hr>
          </gpxtpx:TrackPointExtension>
        </extensions>
      </trkpt>
      <trkpt lat="40.651970" lon="-0.039926">
        <ele>1113.5</ele>
        <time>2015-10-20T14:22:52Z</time>
        <sat>10</sat>
        <extensions>
          <gpxtpx:TrackPointExtension>
            <gpxtpx:hr>138</gpxtpx:hr>
          </gpxtpx:TrackPointExtension>
        </extensions>
      </trkpt>
      <trkpt lat="40.651933" lon="-0.039895">
        <ele>1113.0</ele>
        <time>2015-10-20T14:22:54Z</time>
        <sat>10</sat>
        <extensions>
          <gpxtpx:TrackPointExtension>
            <gpxtpx:hr>138</gpxtpx:hr>
          </gpxtpx:TrackPointExtension>
        </extensions>
      </trkpt>
      <trkpt lat="40.651890" lon="-0.039863">
        <ele>1112.4</ele>
        <time>2015-10-20T14:22:57Z</time>
        <sat>10</sat>
        <extensions>
          <gpxtpx:TrackPointExtension>
            <gpxtpx:hr>138</gpxtpx:hr>
          </gpxtpx:TrackPointExtension>
        </extensions>
      </trkpt>
      <trkpt lat="40.651843" lon="-0.039836">
        <ele>1111.9</ele>
        <time>2015-10-20T14:23:00Z</time>
        <sat>10</sat>
        <extensions>
          <gpxtpx:TrackPointExtension>
            <gpxtpx:hr>137</gpxtpx:hr>
          </gpxtpx:TrackPointExtension>
        </extensions>
      </trkpt>
      <trkpt lat="40.651782" lon="-0.039756">
        <ele>1111.6</ele>
        <time>2015-10-20T14:23:05Z</time>
        <sat>10</sat>
        <extensions>
          <gpxtpx:TrackPointExtension>
            <gpxtpx:hr>136</gpxtpx:hr>
          </gpxtpx:TrackPointExtension>
        </extensions>
      </trkpt>
      <trkpt lat="40.651868" lon="-0.039740">
        <ele>1111.5</ele>
        <time>2015-10-20T14:23:10Z</time>
        <sat>10</sat>
        <extensions>
          <gpxtpx:TrackPointExtension>
            <gpxtpx:hr>131</gpxtpx:hr>
          </gpxtpx:TrackPointExtension>
        </extensions>
      </trkpt>
      <trkpt lat="40.651877" lon="-0.039740">
        <ele>1111.2</ele>
        <time>2015-10-20T14:23:10Z</time>
        <sat>10</sat>
      </trkpt>
      <trkpt lat="40.651877" lon="-0.039740">
        <ele>1111.2</ele>
        <time>2015-10-20T14:23:10Z</time>
        <sat>10</sat>
      </trkpt>
      <trkpt lat="40.651965" lon="-0.039776">
        <ele>1110.4</ele>
        <time>2015-10-20T14:23:16Z</time>
        <sat>10</sat>
        <extensions>
          <gpxtpx:TrackPointExtension>
            <gpxtpx:hr>103</gpxtpx:hr>
          </gpxtpx:TrackPointExtension>
        </extensions>
      </trkpt>
      <trkpt lat="40.652110" lon="-0.039778">
        <ele>1108.8</ele>
        <time>2015-10-20T14:23:24Z</time>
        <sat>10</sat>
        <extensions>
          <gpxtpx:TrackPointExtension>
            <gpxtpx:hr>103</gpxtpx:hr>
          </gpxtpx:TrackPointExtension>
        </extensions>
      </trkpt>
      <trkpt lat="40.652178" lon="-0.039765">
        <ele>1108.6</ele>
        <time>2015-10-20T14:23:28Z</time>
        <sat>10</sat>
        <extensions>
          <gpxtpx:TrackPointExtension>
            <gpxtpx:hr>105</gpxtpx:hr>
          </gpxtpx:TrackPointExtension>
        </extensions>
      </trkpt>
      <trkpt lat="40.652255" lon="-0.039736">
        <ele>1108.1</ele>
        <time>2015-10-20T14:23:32Z</time>
        <sat>10</sat>
        <extensions>
          <gpxtpx:TrackPointExtension>
            <gpxtpx:hr>105</gpxtpx:hr>
          </gpxtpx:TrackPointExtension>
        </extensions>
      </trkpt>
      <trkpt lat="40.652327" lon="-0.039696">
        <ele>1107.7</ele>
        <time>2015-10-20T14:23:37Z</time>
        <sat>10</sat>
        <extensions>
          <gpxtpx:TrackPointExtension>
            <gpxtpx:hr>110</gpxtpx:hr>
          </gpxtpx:TrackPointExtension>
        </extensions>
      </trkpt>
      <trkpt lat="40.652393" lon="-0.039651">
        <ele>1107.4</ele>
        <time>2015-10-20T14:23:41Z</time>
        <sat>10</sat>
        <extensions>
          <gpxtpx:TrackPointExtension>
            <gpxtpx:hr>108</gpxtpx:hr>
          </gpxtpx:TrackPointExtension>
        </extensions>
      </trkpt>
      <trkpt lat="40.652467" lon="-0.039595">
        <ele>1107.4</ele>
        <time>2015-10-20T14:23:46Z</time>
        <sat>10</sat>
        <extensions>
          <gpxtpx:TrackPointExtension>
            <gpxtpx:hr>109</gpxtpx:hr>
          </gpxtpx:TrackPointExtension>
        </extensions>
      </trkpt>
      <trkpt lat="40.652467" lon="-0.039595">
        <ele>1107.4</ele>
        <time>2015-10-20T14:23:46Z</time>
        <sat>10</sat>
        <extensions>
          <gpxtpx:TrackPointExtension>
            <gpxtpx:hr>109</gpxtpx:hr>
          </gpxtpx:TrackPointExtension>
        </extensions>
      </trkpt>
      <trkpt lat="40.652525" lon="-0.039545">
        <ele>1107.4</ele>
        <time>2015-10-20T14:23:50Z</time>
        <sat>10</sat>
        <extensions>
          <gpxtpx:TrackPointExtension>
            <gpxtpx:hr>118</gpxtpx:hr>
          </gpxtpx:TrackPointExtension>
        </extensions>
      </trkpt>
      <trkpt lat="40.652577" lon="-0.039468">
        <ele>1107.1</ele>
        <time>2015-10-20T14:23:54Z</time>
        <sat>10</sat>
        <extensions>
          <gpxtpx:TrackPointExtension>
            <gpxtpx:hr>118</gpxtpx:hr>
          </gpxtpx:TrackPointExtension>
        </extensions>
      </trkpt>
      <trkpt lat="40.652642" lon="-0.039391">
        <ele>1107.1</ele>
        <time>2015-10-20T14:23:59Z</time>
        <sat>10</sat>
        <extensions>
          <gpxtpx:TrackPointExtension>
            <gpxtpx:hr>116</gpxtpx:hr>
          </gpxtpx:TrackPointExtension>
        </extensions>
      </trkpt>
      <trkpt lat="40.652714" lon="-0.039344">
        <ele>1107.6</ele>
        <time>2015-10-20T14:24:04Z</time>
        <sat>10</sat>
        <extensions>
          <gpxtpx:TrackPointExtension>
            <gpxtpx:hr>117</gpxtpx:hr>
          </gpxtpx:TrackPointExtension>
        </extensions>
      </trkpt>
      <trkpt lat="40.652777" lon="-0.039280">
        <ele>1108.6</ele>
        <time>2015-10-20T14:24:09Z</time>
        <sat>10</sat>
        <extensions>
          <gpxtpx:TrackPointExtension>
            <gpxtpx:hr>129</gpxtpx:hr>
          </gpxtpx:TrackPointExtension>
        </extensions>
      </trkpt>
      <trkpt lat="40.652794" lon="-0.039178">
        <ele>1109.3</ele>
        <time>2015-10-20T14:24:13Z</time>
        <sat>11</sat>
        <extensions>
          <gpxtpx:TrackPointExtension>
            <gpxtpx:hr>128</gpxtpx:hr>
          </gpxtpx:TrackPointExtension>
        </extensions>
      </trkpt>
      <trkpt lat="40.652775" lon="-0.039068">
        <ele>1109.1</ele>
        <time>2015-10-20T14:24:18Z</time>
        <sat>10</sat>
        <extensions>
          <gpxtpx:TrackPointExtension>
            <gpxtpx:hr>128</gpxtpx:hr>
          </gpxtpx:TrackPointExtension>
        </extensions>
      </trkpt>
      <trkpt lat="40.652772" lon="-0.039024">
        <ele>1108.7</ele>
        <time>2015-10-20T14:24:20Z</time>
        <sat>10</sat>
        <extensions>
          <gpxtpx:TrackPointExtension>
            <gpxtpx:hr>128</gpxtpx:hr>
          </gpxtpx:TrackPointExtension>
        </extensions>
      </trkpt>
      <trkpt lat="40.652775" lon="-0.038870">
        <ele>1107.4</ele>
        <time>2015-10-20T14:24:27Z</time>
        <sat>10</sat>
        <extensions>
          <gpxtpx:TrackPointExtension>
            <gpxtpx:hr>127</gpxtpx:hr>
          </gpxtpx:TrackPointExtension>
        </extensions>
      </trkpt>
      <trkpt lat="40.652795" lon="-0.038768">
        <ele>1107.2</ele>
        <time>2015-10-20T14:24:31Z</time>
        <sat>10</sat>
        <extensions>
          <gpxtpx:TrackPointExtension>
            <gpxtpx:hr>125</gpxtpx:hr>
          </gpxtpx:TrackPointExtension>
        </extensions>
      </trkpt>
      <trkpt lat="40.652812" lon="-0.038660">
        <ele>1106.5</ele>
        <time>2015-10-20T14:24:36Z</time>
        <sat>10</sat>
        <extensions>
          <gpxtpx:TrackPointExtension>
            <gpxtpx:hr>127</gpxtpx:hr>
          </gpxtpx:TrackPointExtension>
        </extensions>
      </trkpt>
      <trkpt lat="40.652809" lon="-0.038601">
        <ele>1106.1</ele>
        <time>2015-10-20T14:24:39Z</time>
        <sat>10</sat>
        <extensions>
          <gpxtpx:TrackPointExtension>
            <gpxtpx:hr>127</gpxtpx:hr>
          </gpxtpx:TrackPointExtension>
        </extensions>
      </trkpt>
      <trkpt lat="40.652799" lon="-0.038541">
        <ele>1105.7</ele>
        <time>2015-10-20T14:24:41Z</time>
        <sat>10</sat>
        <extensions>
          <gpxtpx:TrackPointExtension>
            <gpxtpx:hr>127</gpxtpx:hr>
          </gpxtpx:TrackPointExtension>
        </extensions>
      </trkpt>
      <trkpt lat="40.652785" lon="-0.038480">
        <ele>1105.8</ele>
        <time>2015-10-20T14:24:44Z</time>
        <sat>10</sat>
        <extensions>
          <gpxtpx:TrackPointExtension>
            <gpxtpx:hr>125</gpxtpx:hr>
          </gpxtpx:TrackPointExtension>
        </extensions>
      </trkpt>
      <trkpt lat="40.652772" lon="-0.038421">
        <ele>1106.1</ele>
        <time>2015-10-20T14:24:47Z</time>
        <sat>10</sat>
        <extensions>
          <gpxtpx:TrackPointExtension>
            <gpxtpx:hr>125</gpxtpx:hr>
          </gpxtpx:TrackPointExtension>
        </extensions>
      </trkpt>
      <trkpt lat="40.652757" lon="-0.038361">
        <ele>1105.2</ele>
        <time>2015-10-20T14:24:49Z</time>
        <sat>10</sat>
      </trkpt>
      <trkpt lat="40.652730" lon="-0.038254">
        <ele>1104.8</ele>
        <time>2015-10-20T14:24:54Z</time>
        <sat>10</sat>
        <extensions>
          <gpxtpx:TrackPointExtension>
            <gpxtpx:hr>124</gpxtpx:hr>
          </gpxtpx:TrackPointExtension>
        </extensions>
      </trkpt>
      <trkpt lat="40.652702" lon="-0.038156">
        <ele>1104.1</ele>
        <time>2015-10-20T14:24:59Z</time>
        <sat>10</sat>
        <extensions>
          <gpxtpx:TrackPointExtension>
            <gpxtpx:hr>124</gpxtpx:hr>
          </gpxtpx:TrackPointExtension>
        </extensions>
      </trkpt>
      <trkpt lat="40.652677" lon="-0.038076">
        <ele>1104.5</ele>
        <time>2015-10-20T14:25:03Z</time>
        <sat>10</sat>
        <extensions>
          <gpxtpx:TrackPointExtension>
            <gpxtpx:hr>123</gpxtpx:hr>
          </gpxtpx:TrackPointExtension>
        </extensions>
      </trkpt>
      <trkpt lat="40.652667" lon="-0.037985">
        <ele>1104.3</ele>
        <time>2015-10-20T14:25:07Z</time>
        <sat>10</sat>
        <extensions>
          <gpxtpx:TrackPointExtension>
            <gpxtpx:hr>123</gpxtpx:hr>
          </gpxtpx:TrackPointExtension>
        </extensions>
      </trkpt>
      <trkpt lat="40.652660" lon="-0.037870">
        <ele>1104.1</ele>
        <time>2015-10-20T14:25:12Z</time>
        <sat>10</sat>
        <extensions>
          <gpxtpx:TrackPointExtension>
            <gpxtpx:hr>124</gpxtpx:hr>
          </gpxtpx:TrackPointExtension>
        </extensions>
      </trkpt>
      <trkpt lat="40.652658" lon="-0.037761">
        <ele>1103.8</ele>
        <time>2015-10-20T14:25:16Z</time>
        <sat>10</sat>
        <extensions>
          <gpxtpx:TrackPointExtension>
            <gpxtpx:hr>117</gpxtpx:hr>
          </gpxtpx:TrackPointExtension>
        </extensions>
      </trkpt>
      <trkpt lat="40.652679" lon="-0.037650">
        <ele>1103.0</ele>
        <time>2015-10-20T14:25:21Z</time>
        <sat>10</sat>
        <extensions>
          <gpxtpx:TrackPointExtension>
            <gpxtpx:hr>115</gpxtpx:hr>
          </gpxtpx:TrackPointExtension>
        </extensions>
      </trkpt>
      <trkpt lat="40.652704" lon="-0.037559">
        <ele>1103.2</ele>
        <time>2015-10-20T14:25:25Z</time>
        <sat>10</sat>
        <extensions>
          <gpxtpx:TrackPointExtension>
            <gpxtpx:hr>112</gpxtpx:hr>
          </gpxtpx:TrackPointExtension>
        </extensions>
      </trkpt>
      <trkpt lat="40.652742" lon="-0.037473">
        <ele>1101.8</ele>
        <time>2015-10-20T14:25:30Z</time>
        <sat>10</sat>
        <extensions>
          <gpxtpx:TrackPointExtension>
            <gpxtpx:hr>113</gpxtpx:hr>
          </gpxtpx:TrackPointExtension>
        </extensions>
      </trkpt>
      <trkpt lat="40.652777" lon="-0.037370">
        <ele>1102.6</ele>
        <time>2015-10-20T14:25:35Z</time>
        <sat>10</sat>
        <extensions>
          <gpxtpx:TrackPointExtension>
            <gpxtpx:hr>120</gpxtpx:hr>
          </gpxtpx:TrackPointExtension>
        </extensions>
      </trkpt>
      <trkpt lat="40.652829" lon="-0.037290">
        <ele>1103.1</ele>
        <time>2015-10-20T14:25:39Z</time>
        <sat>10</sat>
        <extensions>
          <gpxtpx:TrackPointExtension>
            <gpxtpx:hr>118</gpxtpx:hr>
          </gpxtpx:TrackPointExtension>
        </extensions>
      </trkpt>
      <trkpt lat="40.652887" lon="-0.037216">
        <ele>1103.0</ele>
        <time>2015-10-20T14:25:44Z</time>
        <sat>10</sat>
        <extensions>
          <gpxtpx:TrackPointExtension>
            <gpxtpx:hr>119</gpxtpx:hr>
          </gpxtpx:TrackPointExtension>
        </extensions>
      </trkpt>
      <trkpt lat="40.652955" lon="-0.037163">
        <ele>1102.6</ele>
        <time>2015-10-20T14:25:48Z</time>
        <sat>11</sat>
        <extensions>
          <gpxtpx:TrackPointExtension>
            <gpxtpx:hr>121</gpxtpx:hr>
          </gpxtpx:TrackPointExtension>
        </extensions>
      </trkpt>
      <trkpt lat="40.652967" lon="-0.037150">
        <ele>1102.7</ele>
        <time>2015-10-20T14:25:49Z</time>
        <sat>11</sat>
        <extensions>
          <gpxtpx:TrackPointExtension>
            <gpxtpx:hr>121</gpxtpx:hr>
          </gpxtpx:TrackPointExtension>
        </extensions>
      </trkpt>
      <trkpt lat="40.653087" lon="-0.037036">
        <ele>1103.9</ele>
        <time>2015-10-20T14:25:58Z</time>
        <sat>11</sat>
        <extensions>
          <gpxtpx:TrackPointExtension>
            <gpxtpx:hr>127</gpxtpx:hr>
          </gpxtpx:TrackPointExtension>
        </extensions>
      </trkpt>
      <trkpt lat="40.653162" lon="-0.036980">
        <ele>1105.1</ele>
        <time>2015-10-20T14:26:03Z</time>
        <sat>11</sat>
        <extensions>
          <gpxtpx:TrackPointExtension>
            <gpxtpx:hr>132</gpxtpx:hr>
          </gpxtpx:TrackPointExtension>
        </extensions>
      </trkpt>
      <trkpt lat="40.653233" lon="-0.036931">
        <ele>1105.3</ele>
        <time>2015-10-20T14:26:07Z</time>
        <sat>11</sat>
        <extensions>
          <gpxtpx:TrackPointExtension>
            <gpxtpx:hr>136</gpxtpx:hr>
          </gpxtpx:TrackPointExtension>
        </extensions>
      </trkpt>
      <trkpt lat="40.653298" lon="-0.036863">
        <ele>1105.9</ele>
        <time>2015-10-20T14:26:12Z</time>
        <sat>11</sat>
        <extensions>
          <gpxtpx:TrackPointExtension>
            <gpxtpx:hr>147</gpxtpx:hr>
          </gpxtpx:TrackPointExtension>
        </extensions>
      </trkpt>
      <trkpt lat="40.653360" lon="-0.036791">
        <ele>1106.2</ele>
        <time>2015-10-20T14:26:17Z</time>
        <sat>11</sat>
        <extensions>
          <gpxtpx:TrackPointExtension>
            <gpxtpx:hr>138</gpxtpx:hr>
          </gpxtpx:TrackPointExtension>
        </extensions>
      </trkpt>
      <trkpt lat="40.653435" lon="-0.036730">
        <ele>1106.3</ele>
        <time>2015-10-20T14:26:22Z</time>
        <sat>10</sat>
        <extensions>
          <gpxtpx:TrackPointExtension>
            <gpxtpx:hr>138</gpxtpx:hr>
          </gpxtpx:TrackPointExtension>
        </extensions>
      </trkpt>
      <trkpt lat="40.653445" lon="-0.036730">
        <ele>1106.1</ele>
        <time>2015-10-20T14:26:22Z</time>
        <sat>10</sat>
        <extensions>
          <gpxtpx:TrackPointExtension>
            <gpxtpx:hr>138</gpxtpx:hr>
          </gpxtpx:TrackPointExtension>
        </extensions>
      </trkpt>
      <trkpt lat="40.653604" lon="-0.036669">
        <ele>1107.5</ele>
        <time>2015-10-20T14:26:32Z</time>
        <sat>10</sat>
        <extensions>
          <gpxtpx:TrackPointExtension>
            <gpxtpx:hr>144</gpxtpx:hr>
          </gpxtpx:TrackPointExtension>
        </extensions>
      </trkpt>
      <trkpt lat="40.653679" lon="-0.036636">
        <ele>1108.2</ele>
        <time>2015-10-20T14:26:36Z</time>
        <sat>10</sat>
        <extensions>
          <gpxtpx:TrackPointExtension>
            <gpxtpx:hr>147</gpxtpx:hr>
          </gpxtpx:TrackPointExtension>
        </extensions>
      </trkpt>
      <trkpt lat="40.653763" lon="-0.036628">
        <ele>1108.3</ele>
        <time>2015-10-20T14:26:41Z</time>
        <sat>10</sat>
        <extensions>
          <gpxtpx:TrackPointExtension>
            <gpxtpx:hr>148</gpxtpx:hr>
          </gpxtpx:TrackPointExtension>
        </extensions>
      </trkpt>
      <trkpt lat="40.653852" lon="-0.036616">
        <ele>1108.9</ele>
        <time>2015-10-20T14:26:46Z</time>
        <sat>10</sat>
        <extensions>
          <gpxtpx:TrackPointExtension>
            <gpxtpx:hr>149</gpxtpx:hr>
          </gpxtpx:TrackPointExtension>
        </extensions>
      </trkpt>
      <trkpt lat="40.653939" lon="-0.036595">
        <ele>1109.3</ele>
        <time>2015-10-20T14:26:51Z</time>
        <sat>9</sat>
        <extensions>
          <gpxtpx:TrackPointExtension>
            <gpxtpx:hr>148</gpxtpx:hr>
          </gpxtpx:TrackPointExtension>
        </extensions>
      </trkpt>
      <trkpt lat="40.654022" lon="-0.036553">
        <ele>1110.3</ele>
        <time>2015-10-20T14:26:56Z</time>
        <sat>9</sat>
        <extensions>
          <gpxtpx:TrackPointExtension>
            <gpxtpx:hr>147</gpxtpx:hr>
          </gpxtpx:TrackPointExtension>
        </extensions>
      </trkpt>
      <trkpt lat="40.654088" lon="-0.036493">
        <ele>1111.2</ele>
        <time>2015-10-20T14:27:01Z</time>
        <sat>9</sat>
        <extensions>
          <gpxtpx:TrackPointExtension>
            <gpxtpx:hr>148</gpxtpx:hr>
          </gpxtpx:TrackPointExtension>
        </extensions>
      </trkpt>
      <trkpt lat="40.654154" lon="-0.036418">
        <ele>1111.7</ele>
        <time>2015-10-20T14:27:06Z</time>
        <sat>9</sat>
        <extensions>
          <gpxtpx:TrackPointExtension>
            <gpxtpx:hr>149</gpxtpx:hr>
          </gpxtpx:TrackPointExtension>
        </extensions>
      </trkpt>
      <trkpt lat="40.654215" lon="-0.036333">
        <ele>1112.5</ele>
        <time>2015-10-20T14:27:11Z</time>
        <sat>9</sat>
        <extensions>
          <gpxtpx:TrackPointExtension>
            <gpxtpx:hr>150</gpxtpx:hr>
          </gpxtpx:TrackPointExtension>
        </extensions>
      </trkpt>
      <trkpt lat="40.654220" lon="-0.036321">
        <ele>1112.6</ele>
        <time>2015-10-20T14:27:12Z</time>
        <sat>9</sat>
        <extensions>
          <gpxtpx:TrackPointExtension>
            <gpxtpx:hr>149</gpxtpx:hr>
          </gpxtpx:TrackPointExtension>
        </extensions>
      </trkpt>
      <trkpt lat="40.654320" lon="-0.036161">
        <ele>1113.5</ele>
        <time>2015-10-20T14:27:21Z</time>
        <sat>10</sat>
        <extensions>
          <gpxtpx:TrackPointExtension>
            <gpxtpx:hr>144</gpxtpx:hr>
          </gpxtpx:TrackPointExtension>
        </extensions>
      </trkpt>
      <trkpt lat="40.654382" lon="-0.036090">
        <ele>1113.8</ele>
        <time>2015-10-20T14:27:25Z</time>
        <sat>9</sat>
        <extensions>
          <gpxtpx:TrackPointExtension>
            <gpxtpx:hr>143</gpxtpx:hr>
          </gpxtpx:TrackPointExtension>
        </extensions>
      </trkpt>
      <trkpt lat="40.654455" lon="-0.036036">
        <ele>1114.5</ele>
        <time>2015-10-20T14:27:30Z</time>
        <sat>10</sat>
        <extensions>
          <gpxtpx:TrackPointExtension>
            <gpxtpx:hr>142</gpxtpx:hr>
          </gpxtpx:TrackPointExtension>
        </extensions>
      </trkpt>
      <trkpt lat="40.654522" lon="-0.035986">
        <ele>1115.1</ele>
        <time>2015-10-20T14:27:34Z</time>
        <sat>10</sat>
        <extensions>
          <gpxtpx:TrackPointExtension>
            <gpxtpx:hr>140</gpxtpx:hr>
          </gpxtpx:TrackPointExtension>
        </extensions>
      </trkpt>
      <trkpt lat="40.654597" lon="-0.035931">
        <ele>1115.9</ele>
        <time>2015-10-20T14:27:39Z</time>
        <sat>10</sat>
        <extensions>
          <gpxtpx:TrackPointExtension>
            <gpxtpx:hr>138</gpxtpx:hr>
          </gpxtpx:TrackPointExtension>
        </extensions>
      </trkpt>
      <trkpt lat="40.654657" lon="-0.035846">
        <ele>1117.2</ele>
        <time>2015-10-20T14:27:44Z</time>
        <sat>10</sat>
        <extensions>
          <gpxtpx:TrackPointExtension>
            <gpxtpx:hr>135</gpxtpx:hr>
          </gpxtpx:TrackPointExtension>
        </extensions>
      </trkpt>
      <trkpt lat="40.654639" lon="-0.035731">
        <ele>1119.2</ele>
        <time>2015-10-20T14:27:50Z</time>
        <sat>9</sat>
        <extensions>
          <gpxtpx:TrackPointExtension>
            <gpxtpx:hr>142</gpxtpx:hr>
          </gpxtpx:TrackPointExtension>
        </extensions>
      </trkpt>
      <trkpt lat="40.654619" lon="-0.035616">
        <ele>1121.0</ele>
        <time>2015-10-20T14:27:55Z</time>
        <sat>9</sat>
        <extensions>
          <gpxtpx:TrackPointExtension>
            <gpxtpx:hr>147</gpxtpx:hr>
          </gpxtpx:TrackPointExtension>
        </extensions>
      </trkpt>
      <trkpt lat="40.654615" lon="-0.035600">
        <ele>1121.2</ele>
        <time>2015-10-20T14:27:55Z</time>
        <sat>10</sat>
        <extensions>
          <gpxtpx:TrackPointExtension>
            <gpxtpx:hr>147</gpxtpx:hr>
          </gpxtpx:TrackPointExtension>
        </extensions>
      </trkpt>
      <trkpt lat="40.654615" lon="-0.035386">
        <ele>1123.1</ele>
        <time>2015-10-20T14:28:05Z</time>
        <sat>10</sat>
        <extensions>
          <gpxtpx:TrackPointExtension>
            <gpxtpx:hr>152</gpxtpx:hr>
          </gpxtpx:TrackPointExtension>
        </extensions>
      </trkpt>
      <trkpt lat="40.654636" lon="-0.035276">
        <ele>1124.0</ele>
        <time>2015-10-20T14:28:10Z</time>
        <sat>10</sat>
        <extensions>
          <gpxtpx:TrackPointExtension>
            <gpxtpx:hr>151</gpxtpx:hr>
          </gpxtpx:TrackPointExtension>
        </extensions>
      </trkpt>
      <trkpt lat="40.654684" lon="-0.035186">
        <ele>1124.8</ele>
        <time>2015-10-20T14:28:14Z</time>
        <sat>10</sat>
        <extensions>
          <gpxtpx:TrackPointExtension>
            <gpxtpx:hr>151</gpxtpx:hr>
          </gpxtpx:TrackPointExtension>
        </extensions>
      </trkpt>
      <trkpt lat="40.654727" lon="-0.035096">
        <ele>1125.4</ele>
        <time>2015-10-20T14:28:19Z</time>
        <sat>10</sat>
        <extensions>
          <gpxtpx:TrackPointExtension>
            <gpxtpx:hr>148</gpxtpx:hr>
          </gpxtpx:TrackPointExtension>
        </extensions>
      </trkpt>
      <trkpt lat="40.654775" lon="-0.035016">
        <ele>1126.1</ele>
        <time>2015-10-20T14:28:23Z</time>
        <sat>10</sat>
        <extensions>
          <gpxtpx:TrackPointExtension>
            <gpxtpx:hr>147</gpxtpx:hr>
          </gpxtpx:TrackPointExtension>
        </extensions>
      </trkpt>
      <trkpt lat="40.654832" lon="-0.034941">
        <ele>1126.9</ele>
        <time>2015-10-20T14:28:28Z</time>
        <sat>10</sat>
        <extensions>
          <gpxtpx:TrackPointExtension>
            <gpxtpx:hr>145</gpxtpx:hr>
          </gpxtpx:TrackPointExtension>
        </extensions>
      </trkpt>
      <trkpt lat="40.654887" lon="-0.034865">
        <ele>1127.6</ele>
        <time>2015-10-20T14:28:33Z</time>
        <sat>10</sat>
        <extensions>
          <gpxtpx:TrackPointExtension>
            <gpxtpx:hr>143</gpxtpx:hr>
          </gpxtpx:TrackPointExtension>
        </extensions>
      </trkpt>
      <trkpt lat="40.654942" lon="-0.034791">
        <ele>1128.2</ele>
        <time>2015-10-20T14:28:37Z</time>
        <sat>10</sat>
        <extensions>
          <gpxtpx:TrackPointExtension>
            <gpxtpx:hr>142</gpxtpx:hr>
          </gpxtpx:TrackPointExtension>
        </extensions>
      </trkpt>
      <trkpt lat="40.654950" lon="-0.034778">
        <ele>1128.4</ele>
        <time>2015-10-20T14:28:38Z</time>
        <sat>10</sat>
        <extensions>
          <gpxtpx:TrackPointExtension>
            <gpxtpx:hr>142</gpxtpx:hr>
          </gpxtpx:TrackPointExtension>
        </extensions>
      </trkpt>
      <trkpt lat="40.655059" lon="-0.034616">
        <ele>1129.9</ele>
        <time>2015-10-20T14:28:47Z</time>
        <sat>10</sat>
        <extensions>
          <gpxtpx:TrackPointExtension>
            <gpxtpx:hr>139</gpxtpx:hr>
          </gpxtpx:TrackPointExtension>
        </extensions>
      </trkpt>
      <trkpt lat="40.655115" lon="-0.034526">
        <ele>1130.7</ele>
        <time>2015-10-20T14:28:52Z</time>
        <sat>10</sat>
        <extensions>
          <gpxtpx:TrackPointExtension>
            <gpxtpx:hr>141</gpxtpx:hr>
          </gpxtpx:TrackPointExtension>
        </extensions>
      </trkpt>
      <trkpt lat="40.655178" lon="-0.034443">
        <ele>1132.4</ele>
        <time>2015-10-20T14:28:57Z</time>
        <sat>10</sat>
        <extensions>
          <gpxtpx:TrackPointExtension>
            <gpxtpx:hr>140</gpxtpx:hr>
          </gpxtpx:TrackPointExtension>
        </extensions>
      </trkpt>
      <trkpt lat="40.655255" lon="-0.034396">
        <ele>1133.9</ele>
        <time>2015-10-20T14:29:02Z</time>
        <sat>10</sat>
        <extensions>
          <gpxtpx:TrackPointExtension>
            <gpxtpx:hr>142</gpxtpx:hr>
          </gpxtpx:TrackPointExtension>
        </extensions>
      </trkpt>
      <trkpt lat="40.655340" lon="-0.034370">
        <ele>1135.5</ele>
        <time>2015-10-20T14:29:07Z</time>
        <sat>10</sat>
        <extensions>
          <gpxtpx:TrackPointExtension>
            <gpxtpx:hr>147</gpxtpx:hr>
          </gpxtpx:TrackPointExtension>
        </extensions>
      </trkpt>
      <trkpt lat="40.655420" lon="-0.034361">
        <ele>1136.9</ele>
        <time>2015-10-20T14:29:12Z</time>
        <sat>10</sat>
        <extensions>
          <gpxtpx:TrackPointExtension>
            <gpxtpx:hr>150</gpxtpx:hr>
          </gpxtpx:TrackPointExtension>
        </extensions>
      </trkpt>
      <trkpt lat="40.655509" lon="-0.034344">
        <ele>1138.0</ele>
        <time>2015-10-20T14:29:17Z</time>
        <sat>10</sat>
        <extensions>
          <gpxtpx:TrackPointExtension>
            <gpxtpx:hr>150</gpxtpx:hr>
          </gpxtpx:TrackPointExtension>
        </extensions>
      </trkpt>
      <trkpt lat="40.655520" lon="-0.034340">
        <ele>1138.2</ele>
        <time>2015-10-20T14:29:18Z</time>
        <sat>10</sat>
        <extensions>
          <gpxtpx:TrackPointExtension>
            <gpxtpx:hr>150</gpxtpx:hr>
          </gpxtpx:TrackPointExtension>
        </extensions>
      </trkpt>
      <trkpt lat="40.655658" lon="-0.034233">
        <ele>1140.1</ele>
        <time>2015-10-20T14:29:27Z</time>
        <sat>10</sat>
        <extensions>
          <gpxtpx:TrackPointExtension>
            <gpxtpx:hr>149</gpxtpx:hr>
          </gpxtpx:TrackPointExtension>
        </extensions>
      </trkpt>
      <trkpt lat="40.655735" lon="-0.034196">
        <ele>1140.8</ele>
        <time>2015-10-20T14:29:31Z</time>
        <sat>10</sat>
        <extensions>
          <gpxtpx:TrackPointExtension>
            <gpxtpx:hr>149</gpxtpx:hr>
          </gpxtpx:TrackPointExtension>
        </extensions>
      </trkpt>
      <trkpt lat="40.655809" lon="-0.034148">
        <ele>1141.4</ele>
        <time>2015-10-20T14:29:36Z</time>
        <sat>10</sat>
        <extensions>
          <gpxtpx:TrackPointExtension>
            <gpxtpx:hr>147</gpxtpx:hr>
          </gpxtpx:TrackPointExtension>
        </extensions>
      </trkpt>
      <trkpt lat="40.655880" lon="-0.034086">
        <ele>1142.1</ele>
        <time>2015-10-20T14:29:41Z</time>
        <sat>10</sat>
        <extensions>
          <gpxtpx:TrackPointExtension>
            <gpxtpx:hr>144</gpxtpx:hr>
          </gpxtpx:TrackPointExtension>
        </extensions>
      </trkpt>
      <trkpt lat="40.655949" lon="-0.034018">
        <ele>1142.9</ele>
        <time>2015-10-20T14:29:46Z</time>
        <sat>10</sat>
        <extensions>
          <gpxtpx:TrackPointExtension>
            <gpxtpx:hr>142</gpxtpx:hr>
          </gpxtpx:TrackPointExtension>
        </extensions>
      </trkpt>
      <trkpt lat="40.656007" lon="-0.033945">
        <ele>1143.9</ele>
        <time>2015-10-20T14:29:50Z</time>
        <sat>10</sat>
        <extensions>
          <gpxtpx:TrackPointExtension>
            <gpxtpx:hr>143</gpxtpx:hr>
          </gpxtpx:TrackPointExtension>
        </extensions>
      </trkpt>
      <trkpt lat="40.656057" lon="-0.033853">
        <ele>1144.9</ele>
        <time>2015-10-20T14:29:55Z</time>
        <sat>10</sat>
        <extensions>
          <gpxtpx:TrackPointExtension>
            <gpxtpx:hr>143</gpxtpx:hr>
          </gpxtpx:TrackPointExtension>
        </extensions>
      </trkpt>
      <trkpt lat="40.656098" lon="-0.033766">
        <ele>1146.0</ele>
        <time>2015-10-20T14:30:00Z</time>
        <sat>10</sat>
        <extensions>
          <gpxtpx:TrackPointExtension>
            <gpxtpx:hr>144</gpxtpx:hr>
          </gpxtpx:TrackPointExtension>
        </extensions>
      </trkpt>
      <trkpt lat="40.656138" lon="-0.033675">
        <ele>1147.1</ele>
        <time>2015-10-20T14:30:04Z</time>
        <sat>10</sat>
        <extensions>
          <gpxtpx:TrackPointExtension>
            <gpxtpx:hr>147</gpxtpx:hr>
          </gpxtpx:TrackPointExtension>
        </extensions>
      </trkpt>
      <trkpt lat="40.656147" lon="-0.033661">
        <ele>1147.2</ele>
        <time>2015-10-20T14:30:05Z</time>
        <sat>10</sat>
        <extensions>
          <gpxtpx:TrackPointExtension>
            <gpxtpx:hr>147</gpxtpx:hr>
          </gpxtpx:TrackPointExtension>
        </extensions>
      </trkpt>
      <trkpt lat="40.656262" lon="-0.033513">
        <ele>1149.5</ele>
        <time>2015-10-20T14:30:14Z</time>
        <sat>10</sat>
        <extensions>
          <gpxtpx:TrackPointExtension>
            <gpxtpx:hr>150</gpxtpx:hr>
          </gpxtpx:TrackPointExtension>
        </extensions>
      </trkpt>
      <trkpt lat="40.656325" lon="-0.033453">
        <ele>1150.8</ele>
        <time>2015-10-20T14:30:19Z</time>
        <sat>10</sat>
        <extensions>
          <gpxtpx:TrackPointExtension>
            <gpxtpx:hr>153</gpxtpx:hr>
          </gpxtpx:TrackPointExtension>
        </extensions>
      </trkpt>
      <trkpt lat="40.656402" lon="-0.033411">
        <ele>1152.1</ele>
        <time>2015-10-20T14:30:24Z</time>
        <sat>10</sat>
        <extensions>
          <gpxtpx:TrackPointExtension>
            <gpxtpx:hr>156</gpxtpx:hr>
          </gpxtpx:TrackPointExtension>
        </extensions>
      </trkpt>
      <trkpt lat="40.656487" lon="-0.033408">
        <ele>1152.8</ele>
        <time>2015-10-20T14:30:28Z</time>
        <sat>10</sat>
        <extensions>
          <gpxtpx:TrackPointExtension>
            <gpxtpx:hr>120</gpxtpx:hr>
          </gpxtpx:TrackPointExtension>
        </extensions>
      </trkpt>
      <trkpt lat="40.656504" lon="-0.033401">
        <ele>1153.0</ele>
        <time>2015-10-20T14:30:29Z</time>
        <sat>10</sat>
        <extensions>
          <gpxtpx:TrackPointExtension>
            <gpxtpx:hr>120</gpxtpx:hr>
          </gpxtpx:TrackPointExtension>
        </extensions>
      </trkpt>
      <trkpt lat="40.656643" lon="-0.033361">
        <ele>1155.2</ele>
        <time>2015-10-20T14:30:38Z</time>
        <sat>10</sat>
        <extensions>
          <gpxtpx:TrackPointExtension>
            <gpxtpx:hr>125</gpxtpx:hr>
          </gpxtpx:TrackPointExtension>
        </extensions>
      </trkpt>
      <trkpt lat="40.656722" lon="-0.033339">
        <ele>1156.7</ele>
        <time>2015-10-20T14:30:42Z</time>
        <sat>10</sat>
        <extensions>
          <gpxtpx:TrackPointExtension>
            <gpxtpx:hr>134</gpxtpx:hr>
          </gpxtpx:TrackPointExtension>
        </extensions>
      </trkpt>
      <trkpt lat="40.656792" lon="-0.033293">
        <ele>1158.3</ele>
        <time>2015-10-20T14:30:47Z</time>
        <sat>10</sat>
        <extensions>
          <gpxtpx:TrackPointExtension>
            <gpxtpx:hr>142</gpxtpx:hr>
          </gpxtpx:TrackPointExtension>
        </extensions>
      </trkpt>
      <trkpt lat="40.656867" lon="-0.033238">
        <ele>1158.9</ele>
        <time>2015-10-20T14:30:52Z</time>
        <sat>10</sat>
        <extensions>
          <gpxtpx:TrackPointExtension>
            <gpxtpx:hr>147</gpxtpx:hr>
          </gpxtpx:TrackPointExtension>
        </extensions>
      </trkpt>
      <trkpt lat="40.656940" lon="-0.033199">
        <ele>1159.5</ele>
        <time>2015-10-20T14:30:56Z</time>
        <sat>10</sat>
        <extensions>
          <gpxtpx:TrackPointExtension>
            <gpxtpx:hr>151</gpxtpx:hr>
          </gpxtpx:TrackPointExtension>
        </extensions>
      </trkpt>
      <trkpt lat="40.657024" lon="-0.033173">
        <ele>1160.7</ele>
        <time>2015-10-20T14:31:01Z</time>
        <sat>10</sat>
        <extensions>
          <gpxtpx:TrackPointExtension>
            <gpxtpx:hr>154</gpxtpx:hr>
          </gpxtpx:TrackPointExtension>
        </extensions>
      </trkpt>
      <trkpt lat="40.657103" lon="-0.033136">
        <ele>1162.4</ele>
        <time>2015-10-20T14:31:06Z</time>
        <sat>10</sat>
        <extensions>
          <gpxtpx:TrackPointExtension>
            <gpxtpx:hr>156</gpxtpx:hr>
          </gpxtpx:TrackPointExtension>
        </extensions>
      </trkpt>
      <trkpt lat="40.657182" lon="-0.033140">
        <ele>1162.6</ele>
        <time>2015-10-20T14:31:10Z</time>
        <sat>10</sat>
        <extensions>
          <gpxtpx:TrackPointExtension>
            <gpxtpx:hr>156</gpxtpx:hr>
          </gpxtpx:TrackPointExtension>
        </extensions>
      </trkpt>
      <trkpt lat="40.657260" lon="-0.033131">
        <ele>1163.8</ele>
        <time>2015-10-20T14:31:15Z</time>
        <sat>10</sat>
        <extensions>
          <gpxtpx:TrackPointExtension>
            <gpxtpx:hr>155</gpxtpx:hr>
          </gpxtpx:TrackPointExtension>
        </extensions>
      </trkpt>
      <trkpt lat="40.657342" lon="-0.033116">
        <ele>1164.7</ele>
        <time>2015-10-20T14:31:19Z</time>
        <sat>10</sat>
        <extensions>
          <gpxtpx:TrackPointExtension>
            <gpxtpx:hr>153</gpxtpx:hr>
          </gpxtpx:TrackPointExtension>
        </extensions>
      </trkpt>
      <trkpt lat="40.657357" lon="-0.033114">
        <ele>1164.8</ele>
        <time>2015-10-20T14:31:20Z</time>
        <sat>10</sat>
        <extensions>
          <gpxtpx:TrackPointExtension>
            <gpxtpx:hr>153</gpxtpx:hr>
          </gpxtpx:TrackPointExtension>
        </extensions>
      </trkpt>
      <trkpt lat="40.657504" lon="-0.033071">
        <ele>1166.6</ele>
        <time>2015-10-20T14:31:29Z</time>
        <sat>10</sat>
        <extensions>
          <gpxtpx:TrackPointExtension>
            <gpxtpx:hr>150</gpxtpx:hr>
          </gpxtpx:TrackPointExtension>
        </extensions>
      </trkpt>
      <trkpt lat="40.657575" lon="-0.033047">
        <ele>1167.0</ele>
        <time>2015-10-20T14:31:33Z</time>
        <sat>10</sat>
        <extensions>
          <gpxtpx:TrackPointExtension>
            <gpxtpx:hr>150</gpxtpx:hr>
          </gpxtpx:TrackPointExtension>
        </extensions>
      </trkpt>
      <trkpt lat="40.657642" lon="-0.033011">
        <ele>1167.5</ele>
        <time>2015-10-20T14:31:37Z</time>
        <sat>10</sat>
        <extensions>
          <gpxtpx:TrackPointExtension>
            <gpxtpx:hr>149</gpxtpx:hr>
          </gpxtpx:TrackPointExtension>
        </extensions>
      </trkpt>
      <trkpt lat="40.657715" lon="-0.032959">
        <ele>1167.9</ele>
        <time>2015-10-20T14:31:42Z</time>
        <sat>10</sat>
        <extensions>
          <gpxtpx:TrackPointExtension>
            <gpxtpx:hr>149</gpxtpx:hr>
          </gpxtpx:TrackPointExtension>
        </extensions>
      </trkpt>
      <trkpt lat="40.657775" lon="-0.032896">
        <ele>1168.8</ele>
        <time>2015-10-20T14:31:46Z</time>
        <sat>10</sat>
        <extensions>
          <gpxtpx:TrackPointExtension>
            <gpxtpx:hr>149</gpxtpx:hr>
          </gpxtpx:TrackPointExtension>
        </extensions>
      </trkpt>
      <trkpt lat="40.657835" lon="-0.032833">
        <ele>1169.0</ele>
        <time>2015-10-20T14:31:51Z</time>
        <sat>10</sat>
        <extensions>
          <gpxtpx:TrackPointExtension>
            <gpxtpx:hr>149</gpxtpx:hr>
          </gpxtpx:TrackPointExtension>
        </extensions>
      </trkpt>
      <trkpt lat="40.657897" lon="-0.032780">
        <ele>1169.6</ele>
        <time>2015-10-20T14:31:55Z</time>
        <sat>10</sat>
        <extensions>
          <gpxtpx:TrackPointExtension>
            <gpxtpx:hr>148</gpxtpx:hr>
          </gpxtpx:TrackPointExtension>
        </extensions>
      </trkpt>
      <trkpt lat="40.657979" lon="-0.032761">
        <ele>1170.3</ele>
        <time>2015-10-20T14:32:00Z</time>
        <sat>10</sat>
        <extensions>
          <gpxtpx:TrackPointExtension>
            <gpxtpx:hr>147</gpxtpx:hr>
          </gpxtpx:TrackPointExtension>
        </extensions>
      </trkpt>
      <trkpt lat="40.658060" lon="-0.032774">
        <ele>1171.7</ele>
        <time>2015-10-20T14:32:04Z</time>
        <sat>10</sat>
        <extensions>
          <gpxtpx:TrackPointExtension>
            <gpxtpx:hr>149</gpxtpx:hr>
          </gpxtpx:TrackPointExtension>
        </extensions>
      </trkpt>
      <trkpt lat="40.658147" lon="-0.032783">
        <ele>1172.9</ele>
        <time>2015-10-20T14:32:09Z</time>
        <sat>10</sat>
        <extensions>
          <gpxtpx:TrackPointExtension>
            <gpxtpx:hr>151</gpxtpx:hr>
          </gpxtpx:TrackPointExtension>
        </extensions>
      </trkpt>
      <trkpt lat="40.658222" lon="-0.032763">
        <ele>1174.0</ele>
        <time>2015-10-20T14:32:14Z</time>
        <sat>10</sat>
        <extensions>
          <gpxtpx:TrackPointExtension>
            <gpxtpx:hr>153</gpxtpx:hr>
          </gpxtpx:TrackPointExtension>
        </extensions>
      </trkpt>
      <trkpt lat="40.658294" lon="-0.032693">
        <ele>1175.1</ele>
        <time>2015-10-20T14:32:19Z</time>
        <sat>10</sat>
        <extensions>
          <gpxtpx:TrackPointExtension>
            <gpxtpx:hr>153</gpxtpx:hr>
          </gpxtpx:TrackPointExtension>
        </extensions>
      </trkpt>
      <trkpt lat="40.658302" lon="-0.032676">
        <ele>1175.2</ele>
        <time>2015-10-20T14:32:20Z</time>
        <sat>10</sat>
        <extensions>
          <gpxtpx:TrackPointExtension>
            <gpxtpx:hr>152</gpxtpx:hr>
          </gpxtpx:TrackPointExtension>
        </extensions>
      </trkpt>
      <trkpt lat="40.658419" lon="-0.032539">
        <ele>1176.3</ele>
        <time>2015-10-20T14:32:29Z</time>
        <sat>10</sat>
        <extensions>
          <gpxtpx:TrackPointExtension>
            <gpxtpx:hr>150</gpxtpx:hr>
          </gpxtpx:TrackPointExtension>
        </extensions>
      </trkpt>
      <trkpt lat="40.658419" lon="-0.032539">
        <ele>1176.3</ele>
        <time>2015-10-20T14:32:29Z</time>
        <sat>10</sat>
        <extensions>
          <gpxtpx:TrackPointExtension>
            <gpxtpx:hr>150</gpxtpx:hr>
          </gpxtpx:TrackPointExtension>
        </extensions>
      </trkpt>
      <trkpt lat="40.658493" lon="-0.032490">
        <ele>1176.2</ele>
        <time>2015-10-20T14:32:34Z</time>
        <sat>10</sat>
        <extensions>
          <gpxtpx:TrackPointExtension>
            <gpxtpx:hr>149</gpxtpx:hr>
          </gpxtpx:TrackPointExtension>
        </extensions>
      </trkpt>
      <trkpt lat="40.658550" lon="-0.032420">
        <ele>1176.3</ele>
        <time>2015-10-20T14:32:38Z</time>
        <sat>10</sat>
        <extensions>
          <gpxtpx:TrackPointExtension>
            <gpxtpx:hr>147</gpxtpx:hr>
          </gpxtpx:TrackPointExtension>
        </extensions>
      </trkpt>
      <trkpt lat="40.658600" lon="-0.032341">
        <ele>1176.5</ele>
        <time>2015-10-20T14:32:42Z</time>
        <sat>10</sat>
        <extensions>
          <gpxtpx:TrackPointExtension>
            <gpxtpx:hr>146</gpxtpx:hr>
          </gpxtpx:TrackPointExtension>
        </extensions>
      </trkpt>
      <trkpt lat="40.658642" lon="-0.032260">
        <ele>1176.6</ele>
        <time>2015-10-20T14:32:47Z</time>
        <sat>10</sat>
        <extensions>
          <gpxtpx:TrackPointExtension>
            <gpxtpx:hr>145</gpxtpx:hr>
          </gpxtpx:TrackPointExtension>
        </extensions>
      </trkpt>
      <trkpt lat="40.658673" lon="-0.032166">
        <ele>1176.7</ele>
        <time>2015-10-20T14:32:51Z</time>
        <sat>10</sat>
        <extensions>
          <gpxtpx:TrackPointExtension>
            <gpxtpx:hr>143</gpxtpx:hr>
          </gpxtpx:TrackPointExtension>
        </extensions>
      </trkpt>
      <trkpt lat="40.658690" lon="-0.032053">
        <ele>1177.0</ele>
        <time>2015-10-20T14:32:56Z</time>
        <sat>10</sat>
        <extensions>
          <gpxtpx:TrackPointExtension>
            <gpxtpx:hr>141</gpxtpx:hr>
          </gpxtpx:TrackPointExtension>
        </extensions>
      </trkpt>
      <trkpt lat="40.658714" lon="-0.031958">
        <ele>1177.2</ele>
        <time>2015-10-20T14:33:00Z</time>
        <sat>10</sat>
        <extensions>
          <gpxtpx:TrackPointExtension>
            <gpxtpx:hr>142</gpxtpx:hr>
          </gpxtpx:TrackPointExtension>
        </extensions>
      </trkpt>
      <trkpt lat="40.658740" lon="-0.031854">
        <ele>1177.9</ele>
        <time>2015-10-20T14:33:05Z</time>
        <sat>10</sat>
        <extensions>
          <gpxtpx:TrackPointExtension>
            <gpxtpx:hr>142</gpxtpx:hr>
          </gpxtpx:TrackPointExtension>
        </extensions>
      </trkpt>
      <trkpt lat="40.658760" lon="-0.031754">
        <ele>1178.8</ele>
        <time>2015-10-20T14:33:10Z</time>
        <sat>10</sat>
        <extensions>
          <gpxtpx:TrackPointExtension>
            <gpxtpx:hr>143</gpxtpx:hr>
          </gpxtpx:TrackPointExtension>
        </extensions>
      </trkpt>
      <trkpt lat="40.658780" lon="-0.031663">
        <ele>1178.7</ele>
        <time>2015-10-20T14:33:14Z</time>
        <sat>10</sat>
        <extensions>
          <gpxtpx:TrackPointExtension>
            <gpxtpx:hr>144</gpxtpx:hr>
          </gpxtpx:TrackPointExtension>
        </extensions>
      </trkpt>
      <trkpt lat="40.658822" lon="-0.031561">
        <ele>1179.3</ele>
        <time>2015-10-20T14:33:19Z</time>
        <sat>10</sat>
        <extensions>
          <gpxtpx:TrackPointExtension>
            <gpxtpx:hr>145</gpxtpx:hr>
          </gpxtpx:TrackPointExtension>
        </extensions>
      </trkpt>
      <trkpt lat="40.658860" lon="-0.031475">
        <ele>1179.7</ele>
        <time>2015-10-20T14:33:23Z</time>
        <sat>10</sat>
        <extensions>
          <gpxtpx:TrackPointExtension>
            <gpxtpx:hr>145</gpxtpx:hr>
          </gpxtpx:TrackPointExtension>
        </extensions>
      </trkpt>
      <trkpt lat="40.658888" lon="-0.031390">
        <ele>1180.9</ele>
        <time>2015-10-20T14:33:27Z</time>
        <sat>10</sat>
        <extensions>
          <gpxtpx:TrackPointExtension>
            <gpxtpx:hr>145</gpxtpx:hr>
          </gpxtpx:TrackPointExtension>
        </extensions>
      </trkpt>
      <trkpt lat="40.658902" lon="-0.031298">
        <ele>1181.4</ele>
        <time>2015-10-20T14:33:31Z</time>
        <sat>10</sat>
        <extensions>
          <gpxtpx:TrackPointExtension>
            <gpxtpx:hr>146</gpxtpx:hr>
          </gpxtpx:TrackPointExtension>
        </extensions>
      </trkpt>
      <trkpt lat="40.658902" lon="-0.031265">
        <ele>1181.6</ele>
        <time>2015-10-20T14:33:33Z</time>
        <sat>10</sat>
        <extensions>
          <gpxtpx:TrackPointExtension>
            <gpxtpx:hr>147</gpxtpx:hr>
          </gpxtpx:TrackPointExtension>
        </extensions>
      </trkpt>
      <trkpt lat="40.658880" lon="-0.031101">
        <ele>1182.5</ele>
        <time>2015-10-20T14:33:40Z</time>
        <sat>10</sat>
        <extensions>
          <gpxtpx:TrackPointExtension>
            <gpxtpx:hr>148</gpxtpx:hr>
          </gpxtpx:TrackPointExtension>
        </extensions>
      </trkpt>
      <trkpt lat="40.658862" lon="-0.031005">
        <ele>1182.3</ele>
        <time>2015-10-20T14:33:44Z</time>
        <sat>10</sat>
        <extensions>
          <gpxtpx:TrackPointExtension>
            <gpxtpx:hr>148</gpxtpx:hr>
          </gpxtpx:TrackPointExtension>
        </extensions>
      </trkpt>
      <trkpt lat="40.658834" lon="-0.030911">
        <ele>1182.7</ele>
        <time>2015-10-20T14:33:49Z</time>
        <sat>10</sat>
        <extensions>
          <gpxtpx:TrackPointExtension>
            <gpxtpx:hr>148</gpxtpx:hr>
          </gpxtpx:TrackPointExtension>
        </extensions>
      </trkpt>
      <trkpt lat="40.658809" lon="-0.030816">
        <ele>1182.7</ele>
        <time>2015-10-20T14:33:53Z</time>
        <sat>10</sat>
        <extensions>
          <gpxtpx:TrackPointExtension>
            <gpxtpx:hr>148</gpxtpx:hr>
          </gpxtpx:TrackPointExtension>
        </extensions>
      </trkpt>
      <trkpt lat="40.658787" lon="-0.030715">
        <ele>1183.5</ele>
        <time>2015-10-20T14:33:58Z</time>
        <sat>10</sat>
        <extensions>
          <gpxtpx:TrackPointExtension>
            <gpxtpx:hr>148</gpxtpx:hr>
          </gpxtpx:TrackPointExtension>
        </extensions>
      </trkpt>
      <trkpt lat="40.658783" lon="-0.030606">
        <ele>1184.3</ele>
        <time>2015-10-20T14:34:02Z</time>
        <sat>10</sat>
        <extensions>
          <gpxtpx:TrackPointExtension>
            <gpxtpx:hr>148</gpxtpx:hr>
          </gpxtpx:TrackPointExtension>
        </extensions>
      </trkpt>
      <trkpt lat="40.658822" lon="-0.030505">
        <ele>1185.1</ele>
        <time>2015-10-20T14:34:07Z</time>
        <sat>10</sat>
        <extensions>
          <gpxtpx:TrackPointExtension>
            <gpxtpx:hr>148</gpxtpx:hr>
          </gpxtpx:TrackPointExtension>
        </extensions>
      </trkpt>
      <trkpt lat="40.658870" lon="-0.030409">
        <ele>1185.3</ele>
        <time>2015-10-20T14:34:12Z</time>
        <sat>10</sat>
        <extensions>
          <gpxtpx:TrackPointExtension>
            <gpxtpx:hr>148</gpxtpx:hr>
          </gpxtpx:TrackPointExtension>
        </extensions>
      </trkpt>
      <trkpt lat="40.659005" lon="-0.030290">
        <ele>1186.4</ele>
        <time>2015-10-20T14:34:21Z</time>
        <sat>10</sat>
        <extensions>
          <gpxtpx:TrackPointExtension>
            <gpxtpx:hr>122</gpxtpx:hr>
          </gpxtpx:TrackPointExtension>
        </extensions>
      </trkpt>
      <trkpt lat="40.659008" lon="-0.030291">
        <ele>1186.5</ele>
        <time>2015-10-20T14:34:22Z</time>
        <sat>10</sat>
        <extensions>
          <gpxtpx:TrackPointExtension>
            <gpxtpx:hr>121</gpxtpx:hr>
          </gpxtpx:TrackPointExtension>
        </extensions>
      </trkpt>
      <trkpt lat="40.659006" lon="-0.030290">
        <ele>1186.4</ele>
        <time>2015-10-20T14:34:22Z</time>
        <sat>10</sat>
        <extensions>
          <gpxtpx:TrackPointExtension>
            <gpxtpx:hr>121</gpxtpx:hr>
          </gpxtpx:TrackPointExtension>
        </extensions>
      </trkpt>
      <trkpt lat="40.659011" lon="-0.030289">
        <ele>1186.5</ele>
        <time>2015-10-20T14:34:22Z</time>
        <sat>9</sat>
      </trkpt>
      <trkpt lat="40.659019" lon="-0.030274">
        <ele>1186.5</ele>
        <time>2015-10-20T14:34:23Z</time>
        <sat>10</sat>
      </trkpt>
      <trkpt lat="40.659025" lon="-0.030244">
        <ele>1186.4</ele>
        <time>2015-10-20T14:34:24Z</time>
        <sat>10</sat>
      </trkpt>
      <trkpt lat="40.659002" lon="-0.029968">
        <ele>1184.9</ele>
        <time>2015-10-20T14:34:36Z</time>
        <sat>10</sat>
      </trkpt>
      <trkpt lat="40.658957" lon="-0.029849">
        <ele>1184.0</ele>
        <time>2015-10-20T14:34:42Z</time>
        <sat>10</sat>
      </trkpt>
      <trkpt lat="40.658910" lon="-0.029722">
        <ele>1182.8</ele>
        <time>2015-10-20T14:34:48Z</time>
        <sat>10</sat>
      </trkpt>
      <trkpt lat="40.658863" lon="-0.029599">
        <ele>1181.8</ele>
        <time>2015-10-20T14:34:54Z</time>
        <sat>10</sat>
      </trkpt>
      <trkpt lat="40.658813" lon="-0.029468">
        <ele>1180.9</ele>
        <time>2015-10-20T14:35:00Z</time>
        <sat>10</sat>
      </trkpt>
      <trkpt lat="40.658768" lon="-0.029341">
        <ele>1179.8</ele>
        <time>2015-10-20T14:35:06Z</time>
        <sat>10</sat>
      </trkpt>
      <trkpt lat="40.658717" lon="-0.029222">
        <ele>1178.7</ele>
        <time>2015-10-20T14:35:12Z</time>
        <sat>10</sat>
      </trkpt>
      <trkpt lat="40.658673" lon="-0.029091">
        <ele>1177.6</ele>
        <time>2015-10-20T14:35:19Z</time>
        <sat>10</sat>
      </trkpt>
      <trkpt lat="40.658650" lon="-0.028977">
        <ele>1176.8</ele>
        <time>2015-10-20T14:35:24Z</time>
        <sat>10</sat>
      </trkpt>
      <trkpt lat="40.658642" lon="-0.028852">
        <ele>1175.8</ele>
        <time>2015-10-20T14:35:29Z</time>
        <sat>9</sat>
      </trkpt>
      <trkpt lat="40.658641" lon="-0.028722">
        <ele>1175.1</ele>
        <time>2015-10-20T14:35:35Z</time>
        <sat>9</sat>
      </trkpt>
      <trkpt lat="40.658653" lon="-0.028584">
        <ele>1174.1</ele>
        <time>2015-10-20T14:35:41Z</time>
        <sat>9</sat>
      </trkpt>
      <trkpt lat="40.658655" lon="-0.028455">
        <ele>1172.9</ele>
        <time>2015-10-20T14:35:46Z</time>
        <sat>9</sat>
      </trkpt>
      <trkpt lat="40.658648" lon="-0.028312">
        <ele>1172.1</ele>
        <time>2015-10-20T14:35:53Z</time>
        <sat>9</sat>
      </trkpt>
      <trkpt lat="40.658650" lon="-0.028158">
        <ele>1171.0</ele>
        <time>2015-10-20T14:35:59Z</time>
        <sat>9</sat>
      </trkpt>
      <trkpt lat="40.658646" lon="-0.028037">
        <ele>1170.5</ele>
        <time>2015-10-20T14:36:05Z</time>
        <sat>9</sat>
      </trkpt>
      <trkpt lat="40.658639" lon="-0.027898">
        <ele>1170.3</ele>
        <time>2015-10-20T14:36:11Z</time>
        <sat>9</sat>
      </trkpt>
      <trkpt lat="40.658638" lon="-0.027761">
        <ele>1169.8</ele>
        <time>2015-10-20T14:36:17Z</time>
        <sat>9</sat>
      </trkpt>
      <trkpt lat="40.658637" lon="-0.027602">
        <ele>1169.6</ele>
        <time>2015-10-20T14:36:23Z</time>
        <sat>10</sat>
      </trkpt>
      <trkpt lat="40.658654" lon="-0.027438">
        <ele>1169.7</ele>
        <time>2015-10-20T14:36:31Z</time>
        <sat>10</sat>
      </trkpt>
      <trkpt lat="40.658654" lon="-0.027310">
        <ele>1170.0</ele>
        <time>2015-10-20T14:36:36Z</time>
        <sat>10</sat>
      </trkpt>
      <trkpt lat="40.658649" lon="-0.027186">
        <ele>1170.2</ele>
        <time>2015-10-20T14:36:42Z</time>
        <sat>10</sat>
      </trkpt>
      <trkpt lat="40.658627" lon="-0.027020">
        <ele>1171.0</ele>
        <time>2015-10-20T14:36:49Z</time>
        <sat>10</sat>
      </trkpt>
      <trkpt lat="40.658595" lon="-0.026873">
        <ele>1170.9</ele>
        <time>2015-10-20T14:36:56Z</time>
        <sat>10</sat>
      </trkpt>
      <trkpt lat="40.658551" lon="-0.026734">
        <ele>1172.1</ele>
        <time>2015-10-20T14:37:02Z</time>
        <sat>10</sat>
      </trkpt>
      <trkpt lat="40.658499" lon="-0.026596">
        <ele>1171.5</ele>
        <time>2015-10-20T14:37:09Z</time>
        <sat>10</sat>
      </trkpt>
      <trkpt lat="40.658437" lon="-0.026465">
        <ele>1172.7</ele>
        <time>2015-10-20T14:37:15Z</time>
        <sat>10</sat>
      </trkpt>
      <trkpt lat="40.658369" lon="-0.026343">
        <ele>1172.4</ele>
        <time>2015-10-20T14:37:22Z</time>
        <sat>10</sat>
      </trkpt>
      <trkpt lat="40.658300" lon="-0.026228">
        <ele>1172.6</ele>
        <time>2015-10-20T14:37:28Z</time>
        <sat>10</sat>
      </trkpt>
      <trkpt lat="40.658234" lon="-0.026113">
        <ele>1172.2</ele>
        <time>2015-10-20T14:37:35Z</time>
        <sat>10</sat>
      </trkpt>
      <trkpt lat="40.658170" lon="-0.025995">
        <ele>1172.0</ele>
        <time>2015-10-20T14:37:41Z</time>
        <sat>10</sat>
      </trkpt>
      <trkpt lat="40.658104" lon="-0.025883">
        <ele>1171.6</ele>
        <time>2015-10-20T14:37:47Z</time>
        <sat>10</sat>
      </trkpt>
      <trkpt lat="40.658040" lon="-0.025778">
        <ele>1171.7</ele>
        <time>2015-10-20T14:37:53Z</time>
        <sat>10</sat>
      </trkpt>
      <trkpt lat="40.657981" lon="-0.025683">
        <ele>1170.8</ele>
        <time>2015-10-20T14:37:58Z</time>
        <sat>10</sat>
      </trkpt>
      <trkpt lat="40.657915" lon="-0.025586">
        <ele>1171.1</ele>
        <time>2015-10-20T14:38:04Z</time>
        <sat>10</sat>
      </trkpt>
      <trkpt lat="40.657854" lon="-0.025483">
        <ele>1170.8</ele>
        <time>2015-10-20T14:38:10Z</time>
        <sat>10</sat>
      </trkpt>
      <trkpt lat="40.657798" lon="-0.025373">
        <ele>1169.9</ele>
        <time>2015-10-20T14:38:15Z</time>
        <sat>10</sat>
      </trkpt>
      <trkpt lat="40.657756" lon="-0.025264">
        <ele>1169.5</ele>
        <time>2015-10-20T14:38:21Z</time>
        <sat>9</sat>
      </trkpt>
      <trkpt lat="40.657710" lon="-0.025126">
        <ele>1170.0</ele>
        <time>2015-10-20T14:38:27Z</time>
        <sat>9</sat>
      </trkpt>
      <trkpt lat="40.657679" lon="-0.024991">
        <ele>1168.9</ele>
        <time>2015-10-20T14:38:33Z</time>
        <sat>9</sat>
      </trkpt>
      <trkpt lat="40.657649" lon="-0.024845">
        <ele>1169.3</ele>
        <time>2015-10-20T14:38:40Z</time>
        <sat>9</sat>
      </trkpt>
      <trkpt lat="40.657625" lon="-0.024695">
        <ele>1169.0</ele>
        <time>2015-10-20T14:38:47Z</time>
        <sat>9</sat>
      </trkpt>
      <trkpt lat="40.657595" lon="-0.024545">
        <ele>1169.1</ele>
        <time>2015-10-20T14:38:53Z</time>
        <sat>9</sat>
      </trkpt>
      <trkpt lat="40.657562" lon="-0.024393">
        <ele>1169.5</ele>
        <time>2015-10-20T14:39:00Z</time>
        <sat>9</sat>
      </trkpt>
      <trkpt lat="40.657531" lon="-0.024246">
        <ele>1168.4</ele>
        <time>2015-10-20T14:39:07Z</time>
        <sat>9</sat>
      </trkpt>
      <trkpt lat="40.657502" lon="-0.024102">
        <ele>1169.0</ele>
        <time>2015-10-20T14:39:13Z</time>
        <sat>9</sat>
      </trkpt>
      <trkpt lat="40.657473" lon="-0.023958">
        <ele>1167.7</ele>
        <time>2015-10-20T14:39:20Z</time>
        <sat>9</sat>
      </trkpt>
      <trkpt lat="40.657452" lon="-0.023822">
        <ele>1168.1</ele>
        <time>2015-10-20T14:39:26Z</time>
        <sat>9</sat>
      </trkpt>
      <trkpt lat="40.657431" lon="-0.023685">
        <ele>1166.6</ele>
        <time>2015-10-20T14:39:32Z</time>
        <sat>9</sat>
      </trkpt>
      <trkpt lat="40.657409" lon="-0.023553">
        <ele>1166.6</ele>
        <time>2015-10-20T14:39:38Z</time>
        <sat>9</sat>
      </trkpt>
      <trkpt lat="40.657397" lon="-0.023420">
        <ele>1164.8</ele>
        <time>2015-10-20T14:39:43Z</time>
        <sat>9</sat>
      </trkpt>
      <trkpt lat="40.657390" lon="-0.023291">
        <ele>1163.5</ele>
        <time>2015-10-20T14:39:49Z</time>
        <sat>10</sat>
      </trkpt>
      <trkpt lat="40.657380" lon="-0.023158">
        <ele>1162.8</ele>
        <time>2015-10-20T14:39:55Z</time>
        <sat>10</sat>
      </trkpt>
      <trkpt lat="40.657372" lon="-0.023017">
        <ele>1161.7</ele>
        <time>2015-10-20T14:40:01Z</time>
        <sat>9</sat>
      </trkpt>
      <trkpt lat="40.657364" lon="-0.022883">
        <ele>1161.5</ele>
        <time>2015-10-20T14:40:07Z</time>
        <sat>10</sat>
      </trkpt>
      <trkpt lat="40.657359" lon="-0.022743">
        <ele>1160.7</ele>
        <time>2015-10-20T14:40:13Z</time>
        <sat>10</sat>
      </trkpt>
      <trkpt lat="40.657352" lon="-0.022598">
        <ele>1160.5</ele>
        <time>2015-10-20T14:40:19Z</time>
        <sat>10</sat>
      </trkpt>
      <trkpt lat="40.657344" lon="-0.022453">
        <ele>1159.4</ele>
        <time>2015-10-20T14:40:25Z</time>
        <sat>10</sat>
      </trkpt>
      <trkpt lat="40.657362" lon="-0.022306">
        <ele>1159.3</ele>
        <time>2015-10-20T14:40:32Z</time>
        <sat>9</sat>
      </trkpt>
      <trkpt lat="40.657365" lon="-0.022160">
        <ele>1158.3</ele>
        <time>2015-10-20T14:40:38Z</time>
        <sat>9</sat>
      </trkpt>
      <trkpt lat="40.657365" lon="-0.022026">
        <ele>1157.5</ele>
        <time>2015-10-20T14:40:44Z</time>
        <sat>10</sat>
      </trkpt>
      <trkpt lat="40.657369" lon="-0.021897">
        <ele>1155.5</ele>
        <time>2015-10-20T14:40:50Z</time>
        <sat>10</sat>
      </trkpt>
      <trkpt lat="40.657370" lon="-0.021765">
        <ele>1153.9</ele>
        <time>2015-10-20T14:40:55Z</time>
        <sat>9</sat>
      </trkpt>
      <trkpt lat="40.657370" lon="-0.021635">
        <ele>1154.0</ele>
        <time>2015-10-20T14:41:01Z</time>
        <sat>10</sat>
      </trkpt>
      <trkpt lat="40.657370" lon="-0.021513">
        <ele>1154.7</ele>
        <time>2015-10-20T14:41:06Z</time>
        <sat>10</sat>
      </trkpt>
      <trkpt lat="40.657394" lon="-0.021388">
        <ele>1153.9</ele>
        <time>2015-10-20T14:41:12Z</time>
        <sat>10</sat>
      </trkpt>
      <trkpt lat="40.657416" lon="-0.021257">
        <ele>1154.0</ele>
        <time>2015-10-20T14:41:18Z</time>
        <sat>9</sat>
      </trkpt>
      <trkpt lat="40.657434" lon="-0.021123">
        <ele>1153.3</ele>
        <time>2015-10-20T14:41:24Z</time>
        <sat>9</sat>
      </trkpt>
      <trkpt lat="40.657452" lon="-0.020990">
        <ele>1153.2</ele>
        <time>2015-10-20T14:41:30Z</time>
        <sat>9</sat>
      </trkpt>
      <trkpt lat="40.657462" lon="-0.020863">
        <ele>1152.8</ele>
        <time>2015-10-20T14:41:35Z</time>
        <sat>9</sat>
      </trkpt>
      <trkpt lat="40.657477" lon="-0.020738">
        <ele>1151.8</ele>
        <time>2015-10-20T14:41:41Z</time>
        <sat>9</sat>
      </trkpt>
      <trkpt lat="40.657473" lon="-0.020618">
        <ele>1149.6</ele>
        <time>2015-10-20T14:41:46Z</time>
        <sat>9</sat>
      </trkpt>
      <trkpt lat="40.657457" lon="-0.020490">
        <ele>1148.7</ele>
        <time>2015-10-20T14:41:51Z</time>
        <sat>9</sat>
      </trkpt>
      <trkpt lat="40.657431" lon="-0.020373">
        <ele>1148.5</ele>
        <time>2015-10-20T14:41:57Z</time>
        <sat>10</sat>
      </trkpt>
      <trkpt lat="40.657409" lon="-0.020250">
        <ele>1148.4</ele>
        <time>2015-10-20T14:42:02Z</time>
        <sat>10</sat>
      </trkpt>
      <trkpt lat="40.657385" lon="-0.020128">
        <ele>1148.2</ele>
        <time>2015-10-20T14:42:08Z</time>
        <sat>10</sat>
      </trkpt>
      <trkpt lat="40.657373" lon="-0.019992">
        <ele>1146.4</ele>
        <time>2015-10-20T14:42:14Z</time>
        <sat>9</sat>
      </trkpt>
      <trkpt lat="40.657373" lon="-0.019862">
        <ele>1145.8</ele>
        <time>2015-10-20T14:42:19Z</time>
        <sat>10</sat>
      </trkpt>
      <trkpt lat="40.657389" lon="-0.019735">
        <ele>1145.0</ele>
        <time>2015-10-20T14:42:25Z</time>
        <sat>10</sat>
      </trkpt>
      <trkpt lat="40.657416" lon="-0.019618">
        <ele>1144.7</ele>
        <time>2015-10-20T14:42:30Z</time>
        <sat>10</sat>
      </trkpt>
      <trkpt lat="40.657447" lon="-0.019500">
        <ele>1144.1</ele>
        <time>2015-10-20T14:42:35Z</time>
        <sat>10</sat>
      </trkpt>
      <trkpt lat="40.657479" lon="-0.019380">
        <ele>1143.4</ele>
        <time>2015-10-20T14:42:41Z</time>
        <sat>10</sat>
      </trkpt>
      <trkpt lat="40.657500" lon="-0.019256">
        <ele>1142.8</ele>
        <time>2015-10-20T14:42:46Z</time>
        <sat>10</sat>
      </trkpt>
      <trkpt lat="40.657522" lon="-0.019136">
        <ele>1142.1</ele>
        <time>2015-10-20T14:42:52Z</time>
        <sat>10</sat>
      </trkpt>
      <trkpt lat="40.657522" lon="-0.019136">
        <ele>1142.1</ele>
        <time>2015-10-20T14:42:52Z</time>
        <sat>10</sat>
      </trkpt>
      <trkpt lat="40.657496" lon="-0.018912">
        <ele>1141.3</ele>
        <time>2015-10-20T14:43:02Z</time>
        <sat>10</sat>
      </trkpt>
      <trkpt lat="40.657409" lon="-0.018711">
        <ele>1137.2</ele>
        <time>2015-10-20T14:43:12Z</time>
      </trkpt>
      <trkpt lat="40.657327" lon="-0.018614">
        <ele>1135.1</ele>
        <time>2015-10-20T14:43:18Z</time>
      </trkpt>
      <trkpt lat="40.657271" lon="-0.018533">
        <ele>1134.1</ele>
        <time>2015-10-20T14:43:23Z</time>
      </trkpt>
      <trkpt lat="40.657213" lon="-0.018462">
        <ele>1133.0</ele>
        <time>2015-10-20T14:43:27Z</time>
      </trkpt>
      <trkpt lat="40.657157" lon="-0.018462">
        <ele>1132.1</ele>
        <time>2015-10-20T14:43:30Z</time>
      </trkpt>
      <trkpt lat="40.657099" lon="-0.018429">
        <ele>1130.8</ele>
        <time>2015-10-20T14:43:34Z</time>
      </trkpt>
      <trkpt lat="40.657053" lon="-0.018297">
        <ele>1130.5</ele>
        <time>2015-10-20T14:43:40Z</time>
      </trkpt>
      <trkpt lat="40.656943" lon="-0.018023">
        <ele>1127.3</ele>
        <time>2015-10-20T14:43:54Z</time>
      </trkpt>
      <trkpt lat="40.656829" lon="-0.017782">
        <ele>1124.4</ele>
        <time>2015-10-20T14:44:06Z</time>
      </trkpt>
      <trkpt lat="40.656765" lon="-0.017723">
        <ele>1123.6</ele>
        <time>2015-10-20T14:44:11Z</time>
      </trkpt>
      <trkpt lat="40.656693" lon="-0.017672">
        <ele>1122.7</ele>
        <time>2015-10-20T14:44:15Z</time>
      </trkpt>
      <trkpt lat="40.656560" lon="-0.017664">
        <ele>1121.4</ele>
        <time>2015-10-20T14:44:23Z</time>
      </trkpt>
      <trkpt lat="40.656442" lon="-0.017714">
        <ele>1120.7</ele>
        <time>2015-10-20T14:44:30Z</time>
      </trkpt>
      <trkpt lat="40.656374" lon="-0.017906">
        <ele>1115.6</ele>
        <time>2015-10-20T14:44:39Z</time>
      </trkpt>
      <trkpt lat="40.656264" lon="-0.018034">
        <ele>1113.8</ele>
        <time>2015-10-20T14:44:48Z</time>
      </trkpt>
      <trkpt lat="40.656081" lon="-0.018015">
        <ele>1110.0</ele>
        <time>2015-10-20T14:44:58Z</time>
      </trkpt>
      <trkpt lat="40.655947" lon="-0.017903">
        <ele>1108.9</ele>
        <time>2015-10-20T14:45:07Z</time>
      </trkpt>
      <trkpt lat="40.655702" lon="-0.017709">
        <ele>1103.5</ele>
        <time>2015-10-20T14:45:24Z</time>
      </trkpt>
      <trkpt lat="40.655562" lon="-0.017568">
        <ele>1100.0</ele>
        <time>2015-10-20T14:45:34Z</time>
      </trkpt>
      <trkpt lat="40.655465" lon="-0.017498">
        <ele>1097.3</ele>
        <time>2015-10-20T14:45:40Z</time>
      </trkpt>
      <trkpt lat="40.655350" lon="-0.017458">
        <ele>1094.6</ele>
        <time>2015-10-20T14:45:47Z</time>
      </trkpt>
      <trkpt lat="40.655240" lon="-0.017436">
        <ele>1092.6</ele>
        <time>2015-10-20T14:45:53Z</time>
      </trkpt>
      <trkpt lat="40.655125" lon="-0.017417">
        <ele>1089.6</ele>
        <time>2015-10-20T14:46:00Z</time>
      </trkpt>
      <trkpt lat="40.654811" lon="-0.017335">
        <ele>1091.2</ele>
        <time>2015-10-20T14:46:18Z</time>
      </trkpt>
      <trkpt lat="40.654685" lon="-0.017257">
        <ele>1090.6</ele>
        <time>2015-10-20T14:46:26Z</time>
      </trkpt>
      <trkpt lat="40.654560" lon="-0.017117">
        <ele>1086.6</ele>
        <time>2015-10-20T14:46:35Z</time>
      </trkpt>
      <trkpt lat="40.654504" lon="-0.017017">
        <ele>1084.7</ele>
        <time>2015-10-20T14:46:41Z</time>
      </trkpt>
      <trkpt lat="40.654446" lon="-0.016965">
        <ele>1083.0</ele>
        <time>2015-10-20T14:46:45Z</time>
      </trkpt>
      <trkpt lat="40.654333" lon="-0.016912">
        <ele>1079.4</ele>
        <time>2015-10-20T14:46:52Z</time>
      </trkpt>
      <trkpt lat="40.654294" lon="-0.016816">
        <ele>1077.7</ele>
        <time>2015-10-20T14:46:56Z</time>
      </trkpt>
      <trkpt lat="40.654258" lon="-0.016659">
        <ele>1075.4</ele>
        <time>2015-10-20T14:47:03Z</time>
      </trkpt>
      <trkpt lat="40.654261" lon="-0.016554">
        <ele>1075.2</ele>
        <time>2015-10-20T14:47:08Z</time>
      </trkpt>
      <trkpt lat="40.654194" lon="-0.016383">
        <ele>1072.1</ele>
        <time>2015-10-20T14:47:16Z</time>
      </trkpt>
      <trkpt lat="40.654117" lon="-0.016277">
        <ele>1070.0</ele>
        <time>2015-10-20T14:47:23Z</time>
      </trkpt>
      <trkpt lat="40.654050" lon="-0.016227">
        <ele>1068.2</ele>
        <time>2015-10-20T14:47:27Z</time>
      </trkpt>
      <trkpt lat="40.653965" lon="-0.016092">
        <ele>1065.3</ele>
        <time>2015-10-20T14:47:35Z</time>
      </trkpt>
      <trkpt lat="40.653915" lon="-0.015952">
        <ele>1061.9</ele>
        <time>2015-10-20T14:47:41Z</time>
      </trkpt>
      <trkpt lat="40.653744" lon="-0.015734">
        <ele>1053.9</ele>
        <time>2015-10-20T14:47:55Z</time>
      </trkpt>
      <trkpt lat="40.653651" lon="-0.015622">
        <ele>1050.3</ele>
        <time>2015-10-20T14:48:02Z</time>
      </trkpt>
      <trkpt lat="40.653642" lon="-0.015402">
        <ele>1047.1</ele>
        <time>2015-10-20T14:48:12Z</time>
      </trkpt>
      <trkpt lat="40.653607" lon="-0.015182">
        <ele>1044.2</ele>
        <time>2015-10-20T14:48:22Z</time>
      </trkpt>
      <trkpt lat="40.653571" lon="-0.015086">
        <ele>1042.9</ele>
        <time>2015-10-20T14:48:26Z</time>
      </trkpt>
      <trkpt lat="40.653539" lon="-0.014891">
        <ele>1043.6</ele>
        <time>2015-10-20T14:48:35Z</time>
      </trkpt>
      <trkpt lat="40.653548" lon="-0.014825">
        <ele>1043.0</ele>
        <time>2015-10-20T14:48:38Z</time>
      </trkpt>
      <trkpt lat="40.653563" lon="-0.014688">
        <ele>1043.5</ele>
        <time>2015-10-20T14:48:44Z</time>
      </trkpt>
      <trkpt lat="40.653564" lon="-0.014352">
        <ele>1044.9</ele>
        <time>2015-10-20T14:48:58Z</time>
      </trkpt>
      <trkpt lat="40.653532" lon="-0.014053">
        <ele>1046.1</ele>
        <time>2015-10-20T14:49:11Z</time>
      </trkpt>
      <trkpt lat="40.653500" lon="-0.013874">
        <ele>1047.0</ele>
        <time>2015-10-20T14:49:19Z</time>
      </trkpt>
      <trkpt lat="40.653462" lon="-0.013713">
        <ele>1047.0</ele>
        <time>2015-10-20T14:49:27Z</time>
      </trkpt>
      <trkpt lat="40.653401" lon="-0.013334">
        <ele>1047.1</ele>
        <time>2015-10-20T14:49:44Z</time>
      </trkpt>
      <trkpt lat="40.653358" lon="-0.013133">
        <ele>1048.2</ele>
        <time>2015-10-20T14:49:53Z</time>
      </trkpt>
      <trkpt lat="40.653342" lon="-0.012947">
        <ele>1049.7</ele>
        <time>2015-10-20T14:50:01Z</time>
      </trkpt>
      <trkpt lat="40.653290" lon="-0.012669">
        <ele>1050.9</ele>
        <time>2015-10-20T14:50:13Z</time>
      </trkpt>
      <trkpt lat="40.653232" lon="-0.012441">
        <ele>1053.5</ele>
        <time>2015-10-20T14:50:24Z</time>
      </trkpt>
      <trkpt lat="40.653095" lon="-0.012236">
        <ele>1055.9</ele>
        <time>2015-10-20T14:50:35Z</time>
      </trkpt>
      <trkpt lat="40.653037" lon="-0.012089">
        <ele>1055.6</ele>
        <time>2015-10-20T14:50:43Z</time>
      </trkpt>
      <trkpt lat="40.652990" lon="-0.011846">
        <ele>1053.6</ele>
        <time>2015-10-20T14:50:54Z</time>
      </trkpt>
      <trkpt lat="40.652868" lon="-0.011608">
        <ele>1055.0</ele>
        <time>2015-10-20T14:51:06Z</time>
      </trkpt>
      <trkpt lat="40.652849" lon="-0.011426">
        <ele>1057.1</ele>
        <time>2015-10-20T14:51:14Z</time>
      </trkpt>
      <trkpt lat="40.652892" lon="-0.011314">
        <ele>1058.3</ele>
        <time>2015-10-20T14:51:19Z</time>
      </trkpt>
      <trkpt lat="40.653053" lon="-0.010497">
        <ele>1060.6</ele>
        <time>2015-10-20T14:51:56Z</time>
      </trkpt>
      <trkpt lat="40.653281" lon="-0.010057">
        <ele>1064.5</ele>
        <time>2015-10-20T14:52:19Z</time>
      </trkpt>
      <trkpt lat="40.653259" lon="-0.009818">
        <ele>1066.0</ele>
        <time>2015-10-20T14:52:30Z</time>
        <sat>7</sat>
      </trkpt>
      <trkpt lat="40.653237" lon="-0.009788">
        <ele>1067.0</ele>
        <time>2015-10-20T14:52:32Z</time>
        <sat>7</sat>
      </trkpt>
      <trkpt lat="40.653159" lon="-0.009719">
        <ele>1069.7</ele>
        <time>2015-10-20T14:52:37Z</time>
        <sat>7</sat>
      </trkpt>
      <trkpt lat="40.653140" lon="-0.009595">
        <ele>1072.2</ele>
        <time>2015-10-20T14:52:42Z</time>
        <sat>7</sat>
      </trkpt>
      <trkpt lat="40.653112" lon="-0.009480">
        <ele>1074.4</ele>
        <time>2015-10-20T14:52:48Z</time>
        <sat>7</sat>
      </trkpt>
      <trkpt lat="40.653049" lon="-0.009378">
        <ele>1075.0</ele>
        <time>2015-10-20T14:52:53Z</time>
        <sat>7</sat>
      </trkpt>
      <trkpt lat="40.653049" lon="-0.009378">
        <ele>1075.0</ele>
        <time>2015-10-20T14:52:53Z</time>
        <sat>7</sat>
      </trkpt>
      <trkpt lat="40.652993" lon="-0.009275">
        <ele>1075.5</ele>
        <time>2015-10-20T14:52:59Z</time>
        <sat>7</sat>
      </trkpt>
      <trkpt lat="40.652924" lon="-0.009198">
        <ele>1075.7</ele>
        <time>2015-10-20T14:53:04Z</time>
        <sat>7</sat>
      </trkpt>
      <trkpt lat="40.652904" lon="-0.009078">
        <ele>1077.3</ele>
        <time>2015-10-20T14:53:09Z</time>
        <sat>7</sat>
      </trkpt>
      <trkpt lat="40.652852" lon="-0.008973">
        <ele>1078.0</ele>
        <time>2015-10-20T14:53:15Z</time>
        <sat>7</sat>
      </trkpt>
      <trkpt lat="40.652805" lon="-0.008868">
        <ele>1078.8</ele>
        <time>2015-10-20T14:53:20Z</time>
        <sat>7</sat>
      </trkpt>
      <trkpt lat="40.652773" lon="-0.008756">
        <ele>1079.5</ele>
        <time>2015-10-20T14:53:25Z</time>
        <sat>7</sat>
      </trkpt>
      <trkpt lat="40.652737" lon="-0.008634">
        <ele>1080.5</ele>
        <time>2015-10-20T14:53:31Z</time>
        <sat>7</sat>
      </trkpt>
      <trkpt lat="40.652722" lon="-0.008506">
        <ele>1080.8</ele>
        <time>2015-10-20T14:53:37Z</time>
        <sat>7</sat>
      </trkpt>
      <trkpt lat="40.652751" lon="-0.008381">
        <ele>1080.3</ele>
        <time>2015-10-20T14:53:42Z</time>
        <sat>7</sat>
      </trkpt>
      <trkpt lat="40.652790" lon="-0.008260">
        <ele>1079.6</ele>
        <time>2015-10-20T14:53:48Z</time>
        <sat>7</sat>
      </trkpt>
      <trkpt lat="40.652792" lon="-0.008133">
        <ele>1078.3</ele>
        <time>2015-10-20T14:53:53Z</time>
        <sat>7</sat>
      </trkpt>
      <trkpt lat="40.652814" lon="-0.008016">
        <ele>1078.2</ele>
        <time>2015-10-20T14:53:59Z</time>
        <sat>6</sat>
      </trkpt>
      <trkpt lat="40.652845" lon="-0.007898">
        <ele>1078.8</ele>
        <time>2015-10-20T14:54:04Z</time>
        <sat>6</sat>
      </trkpt>
      <trkpt lat="40.652837" lon="-0.007776">
        <ele>1079.7</ele>
        <time>2015-10-20T14:54:09Z</time>
        <sat>6</sat>
      </trkpt>
      <trkpt lat="40.652812" lon="-0.007656">
        <ele>1079.6</ele>
        <time>2015-10-20T14:54:15Z</time>
        <sat>6</sat>
      </trkpt>
      <trkpt lat="40.652772" lon="-0.007541">
        <ele>1078.8</ele>
        <time>2015-10-20T14:54:20Z</time>
        <sat>6</sat>
      </trkpt>
      <trkpt lat="40.652767" lon="-0.007413">
        <ele>1079.3</ele>
        <time>2015-10-20T14:54:26Z</time>
        <sat>6</sat>
      </trkpt>
      <trkpt lat="40.652794" lon="-0.007289">
        <ele>1080.8</ele>
        <time>2015-10-20T14:54:31Z</time>
        <sat>6</sat>
      </trkpt>
      <trkpt lat="40.652751" lon="-0.007176">
        <ele>1080.4</ele>
        <time>2015-10-20T14:54:37Z</time>
        <sat>6</sat>
      </trkpt>
      <trkpt lat="40.652725" lon="-0.007038">
        <ele>1080.3</ele>
        <time>2015-10-20T14:54:43Z</time>
        <sat>6</sat>
      </trkpt>
      <trkpt lat="40.652704" lon="-0.006916">
        <ele>1079.7</ele>
        <time>2015-10-20T14:54:49Z</time>
        <sat>6</sat>
      </trkpt>
      <trkpt lat="40.652647" lon="-0.006823">
        <ele>1078.0</ele>
        <time>2015-10-20T14:54:54Z</time>
        <sat>6</sat>
      </trkpt>
      <trkpt lat="40.652589" lon="-0.006723">
        <ele>1077.7</ele>
        <time>2015-10-20T14:54:59Z</time>
        <sat>6</sat>
      </trkpt>
      <trkpt lat="40.652522" lon="-0.006629">
        <ele>1077.5</ele>
        <time>2015-10-20T14:55:05Z</time>
        <sat>6</sat>
      </trkpt>
      <trkpt lat="40.652460" lon="-0.006535">
        <ele>1077.6</ele>
        <time>2015-10-20T14:55:10Z</time>
        <sat>6</sat>
      </trkpt>
      <trkpt lat="40.652388" lon="-0.006443">
        <ele>1077.8</ele>
        <time>2015-10-20T14:55:16Z</time>
        <sat>7</sat>
      </trkpt>
      <trkpt lat="40.652325" lon="-0.006343">
        <ele>1078.1</ele>
        <time>2015-10-20T14:55:22Z</time>
        <sat>7</sat>
      </trkpt>
      <trkpt lat="40.652259" lon="-0.006250">
        <ele>1078.7</ele>
        <time>2015-10-20T14:55:27Z</time>
        <sat>6</sat>
      </trkpt>
      <trkpt lat="40.652193" lon="-0.006161">
        <ele>1078.9</ele>
        <time>2015-10-20T14:55:32Z</time>
        <sat>7</sat>
      </trkpt>
      <trkpt lat="40.652113" lon="-0.006074">
        <ele>1079.3</ele>
        <time>2015-10-20T14:55:38Z</time>
        <sat>7</sat>
      </trkpt>
      <trkpt lat="40.652047" lon="-0.005983">
        <ele>1079.8</ele>
        <time>2015-10-20T14:55:44Z</time>
        <sat>7</sat>
      </trkpt>
      <trkpt lat="40.651983" lon="-0.005890">
        <ele>1080.3</ele>
        <time>2015-10-20T14:55:49Z</time>
        <sat>7</sat>
      </trkpt>
      <trkpt lat="40.651907" lon="-0.005821">
        <ele>1080.8</ele>
        <time>2015-10-20T14:55:55Z</time>
        <sat>7</sat>
      </trkpt>
      <trkpt lat="40.651830" lon="-0.005751">
        <ele>1081.8</ele>
        <time>2015-10-20T14:56:00Z</time>
        <sat>7</sat>
      </trkpt>
      <trkpt lat="40.651763" lon="-0.005665">
        <ele>1082.5</ele>
        <time>2015-10-20T14:56:05Z</time>
        <sat>7</sat>
      </trkpt>
      <trkpt lat="40.651690" lon="-0.005580">
        <ele>1082.6</ele>
        <time>2015-10-20T14:56:11Z</time>
        <sat>6</sat>
      </trkpt>
      <trkpt lat="40.651615" lon="-0.005511">
        <ele>1082.5</ele>
        <time>2015-10-20T14:56:16Z</time>
        <sat>7</sat>
      </trkpt>
      <trkpt lat="40.651528" lon="-0.005478">
        <ele>1083.6</ele>
        <time>2015-10-20T14:56:21Z</time>
        <sat>7</sat>
      </trkpt>
      <trkpt lat="40.651439" lon="-0.005455">
        <ele>1084.2</ele>
        <time>2015-10-20T14:56:26Z</time>
        <sat>7</sat>
      </trkpt>
      <trkpt lat="40.651345" lon="-0.005450">
        <ele>1084.6</ele>
        <time>2015-10-20T14:56:32Z</time>
        <sat>7</sat>
      </trkpt>
      <trkpt lat="40.651249" lon="-0.005450">
        <ele>1085.0</ele>
        <time>2015-10-20T14:56:37Z</time>
        <sat>7</sat>
      </trkpt>
      <trkpt lat="40.651154" lon="-0.005436">
        <ele>1085.5</ele>
        <time>2015-10-20T14:56:43Z</time>
        <sat>7</sat>
      </trkpt>
      <trkpt lat="40.651062" lon="-0.005451">
        <ele>1085.9</ele>
        <time>2015-10-20T14:56:48Z</time>
        <sat>7</sat>
      </trkpt>
      <trkpt lat="40.650963" lon="-0.005466">
        <ele>1086.9</ele>
        <time>2015-10-20T14:56:54Z</time>
        <sat>7</sat>
      </trkpt>
      <trkpt lat="40.650872" lon="-0.005468">
        <ele>1087.3</ele>
        <time>2015-10-20T14:56:59Z</time>
        <sat>7</sat>
      </trkpt>
      <trkpt lat="40.650780" lon="-0.005468">
        <ele>1087.8</ele>
        <time>2015-10-20T14:57:04Z</time>
        <sat>7</sat>
      </trkpt>
      <trkpt lat="40.650682" lon="-0.005451">
        <ele>1088.4</ele>
        <time>2015-10-20T14:57:10Z</time>
        <sat>7</sat>
      </trkpt>
      <trkpt lat="40.650589" lon="-0.005440">
        <ele>1088.5</ele>
        <time>2015-10-20T14:57:15Z</time>
        <sat>7</sat>
      </trkpt>
      <trkpt lat="40.650493" lon="-0.005408">
        <ele>1088.9</ele>
        <time>2015-10-20T14:57:21Z</time>
        <sat>7</sat>
      </trkpt>
      <trkpt lat="40.650398" lon="-0.005369">
        <ele>1089.5</ele>
        <time>2015-10-20T14:57:27Z</time>
        <sat>7</sat>
      </trkpt>
      <trkpt lat="40.650308" lon="-0.005353">
        <ele>1090.0</ele>
        <time>2015-10-20T14:57:32Z</time>
        <sat>6</sat>
      </trkpt>
      <trkpt lat="40.650210" lon="-0.005330">
        <ele>1091.0</ele>
        <time>2015-10-20T14:57:37Z</time>
        <sat>6</sat>
      </trkpt>
      <trkpt lat="40.650109" lon="-0.005316">
        <ele>1091.7</ele>
        <time>2015-10-20T14:57:43Z</time>
        <sat>6</sat>
      </trkpt>
      <trkpt lat="40.650015" lon="-0.005283">
        <ele>1091.9</ele>
        <time>2015-10-20T14:57:49Z</time>
        <sat>6</sat>
      </trkpt>
      <trkpt lat="40.649930" lon="-0.005238">
        <ele>1092.4</ele>
        <time>2015-10-20T14:57:54Z</time>
        <sat>6</sat>
      </trkpt>
      <trkpt lat="40.649852" lon="-0.005159">
        <ele>1092.9</ele>
        <time>2015-10-20T14:58:00Z</time>
        <sat>6</sat>
      </trkpt>
      <trkpt lat="40.649777" lon="-0.005083">
        <ele>1093.3</ele>
        <time>2015-10-20T14:58:05Z</time>
        <sat>6</sat>
      </trkpt>
      <trkpt lat="40.649708" lon="-0.005005">
        <ele>1093.7</ele>
        <time>2015-10-20T14:58:10Z</time>
        <sat>7</sat>
      </trkpt>
      <trkpt lat="40.649652" lon="-0.004911">
        <ele>1094.0</ele>
        <time>2015-10-20T14:58:15Z</time>
        <sat>7</sat>
      </trkpt>
      <trkpt lat="40.649580" lon="-0.004792">
        <ele>1094.5</ele>
        <time>2015-10-20T14:58:22Z</time>
        <sat>6</sat>
      </trkpt>
      <trkpt lat="40.649512" lon="-0.004714">
        <ele>1095.3</ele>
        <time>2015-10-20T14:58:27Z</time>
        <sat>6</sat>
      </trkpt>
      <trkpt lat="40.649420" lon="-0.004656">
        <ele>1096.6</ele>
        <time>2015-10-20T14:58:33Z</time>
        <sat>6</sat>
      </trkpt>
      <trkpt lat="40.649315" lon="-0.004629">
        <ele>1097.7</ele>
        <time>2015-10-20T14:58:39Z</time>
        <sat>5</sat>
      </trkpt>
      <trkpt lat="40.649220" lon="-0.004628">
        <ele>1098.6</ele>
        <time>2015-10-20T14:58:45Z</time>
        <sat>6</sat>
      </trkpt>
      <trkpt lat="40.649129" lon="-0.004614">
        <ele>1099.8</ele>
        <time>2015-10-20T14:58:50Z</time>
        <sat>6</sat>
      </trkpt>
      <trkpt lat="40.649037" lon="-0.004633">
        <ele>1101.2</ele>
        <time>2015-10-20T14:58:55Z</time>
        <sat>7</sat>
      </trkpt>
      <trkpt lat="40.648972" lon="-0.004721">
        <ele>1102.4</ele>
        <time>2015-10-20T14:59:01Z</time>
        <sat>7</sat>
      </trkpt>
      <trkpt lat="40.648910" lon="-0.004811">
        <ele>1103.9</ele>
        <time>2015-10-20T14:59:06Z</time>
        <sat>6</sat>
      </trkpt>
      <trkpt lat="40.648837" lon="-0.004883">
        <ele>1104.7</ele>
        <time>2015-10-20T14:59:11Z</time>
        <sat>6</sat>
      </trkpt>
      <trkpt lat="40.648758" lon="-0.004949">
        <ele>1106.1</ele>
        <time>2015-10-20T14:59:16Z</time>
        <sat>6</sat>
      </trkpt>
      <trkpt lat="40.648665" lon="-0.004986">
        <ele>1108.5</ele>
        <time>2015-10-20T14:59:22Z</time>
        <sat>6</sat>
      </trkpt>
      <trkpt lat="40.648577" lon="-0.005015">
        <ele>1110.1</ele>
        <time>2015-10-20T14:59:27Z</time>
        <sat>6</sat>
      </trkpt>
      <trkpt lat="40.648487" lon="-0.005015">
        <ele>1110.6</ele>
        <time>2015-10-20T14:59:32Z</time>
        <sat>6</sat>
      </trkpt>
      <trkpt lat="40.648393" lon="-0.004998">
        <ele>1111.8</ele>
        <time>2015-10-20T14:59:38Z</time>
        <sat>5</sat>
      </trkpt>
      <trkpt lat="40.648305" lon="-0.004971">
        <ele>1113.0</ele>
        <time>2015-10-20T14:59:43Z</time>
        <sat>5</sat>
      </trkpt>
      <trkpt lat="40.648220" lon="-0.004926">
        <ele>1114.5</ele>
        <time>2015-10-20T14:59:48Z</time>
        <sat>5</sat>
      </trkpt>
      <trkpt lat="40.648129" lon="-0.004905">
        <ele>1115.3</ele>
        <time>2015-10-20T14:59:53Z</time>
        <sat>5</sat>
      </trkpt>
      <trkpt lat="40.648038" lon="-0.004903">
        <ele>1116.8</ele>
        <time>2015-10-20T14:59:59Z</time>
        <sat>5</sat>
      </trkpt>
      <trkpt lat="40.647955" lon="-0.004853">
        <ele>1117.5</ele>
        <time>2015-10-20T15:00:04Z</time>
        <sat>5</sat>
      </trkpt>
      <trkpt lat="40.647867" lon="-0.004806">
        <ele>1119.0</ele>
        <time>2015-10-20T15:00:09Z</time>
        <sat>5</sat>
      </trkpt>
      <trkpt lat="40.647780" lon="-0.004775">
        <ele>1120.3</ele>
        <time>2015-10-20T15:00:14Z</time>
        <sat>5</sat>
      </trkpt>
      <trkpt lat="40.647692" lon="-0.004748">
        <ele>1121.8</ele>
        <time>2015-10-20T15:00:20Z</time>
        <sat>5</sat>
      </trkpt>
      <trkpt lat="40.647600" lon="-0.004733">
        <ele>1123.5</ele>
        <time>2015-10-20T15:00:25Z</time>
        <sat>5</sat>
      </trkpt>
      <trkpt lat="40.647503" lon="-0.004709">
        <ele>1125.6</ele>
        <time>2015-10-20T15:00:30Z</time>
        <sat>5</sat>
      </trkpt>
      <trkpt lat="40.647414" lon="-0.004719">
        <ele>1128.1</ele>
        <time>2015-10-20T15:00:36Z</time>
        <sat>5</sat>
      </trkpt>
      <trkpt lat="40.647327" lon="-0.004666">
        <ele>1129.8</ele>
        <time>2015-10-20T15:00:41Z</time>
        <sat>6</sat>
      </trkpt>
      <trkpt lat="40.647253" lon="-0.004591">
        <ele>1130.6</ele>
        <time>2015-10-20T15:00:46Z</time>
        <sat>5</sat>
      </trkpt>
      <trkpt lat="40.647163" lon="-0.004548">
        <ele>1132.9</ele>
        <time>2015-10-20T15:00:52Z</time>
        <sat>5</sat>
      </trkpt>
      <trkpt lat="40.647010" lon="-0.004487">
        <ele>1137.2</ele>
        <time>2015-10-20T15:01:01Z</time>
        <sat>5</sat>
      </trkpt>
      <trkpt lat="40.646945" lon="-0.004350">
        <ele>1137.3</ele>
        <time>2015-10-20T15:01:08Z</time>
        <sat>5</sat>
      </trkpt>
      <trkpt lat="40.646855" lon="-0.004303">
        <ele>1139.9</ele>
        <time>2015-10-20T15:01:14Z</time>
        <sat>5</sat>
      </trkpt>
      <trkpt lat="40.646792" lon="-0.004216">
        <ele>1141.1</ele>
        <time>2015-10-20T15:01:19Z</time>
        <sat>5</sat>
      </trkpt>
      <trkpt lat="40.646737" lon="-0.004121">
        <ele>1142.3</ele>
        <time>2015-10-20T15:01:24Z</time>
        <sat>6</sat>
      </trkpt>
      <trkpt lat="40.646682" lon="-0.004026">
        <ele>1143.5</ele>
        <time>2015-10-20T15:01:29Z</time>
        <sat>6</sat>
      </trkpt>
      <trkpt lat="40.646628" lon="-0.003918">
        <ele>1144.4</ele>
        <time>2015-10-20T15:01:35Z</time>
        <sat>6</sat>
      </trkpt>
      <trkpt lat="40.646550" lon="-0.003846">
        <ele>1146.7</ele>
        <time>2015-10-20T15:01:40Z</time>
        <sat>6</sat>
      </trkpt>
      <trkpt lat="40.646492" lon="-0.003751">
        <ele>1147.9</ele>
        <time>2015-10-20T15:01:45Z</time>
        <sat>6</sat>
      </trkpt>
      <trkpt lat="40.646450" lon="-0.003640">
        <ele>1148.5</ele>
        <time>2015-10-20T15:01:51Z</time>
        <sat>6</sat>
      </trkpt>
      <trkpt lat="40.646398" lon="-0.003541">
        <ele>1149.4</ele>
        <time>2015-10-20T15:01:56Z</time>
        <sat>6</sat>
      </trkpt>
      <trkpt lat="40.646325" lon="-0.003388">
        <ele>1151.0</ele>
        <time>2015-10-20T15:02:04Z</time>
        <sat>6</sat>
      </trkpt>
      <trkpt lat="40.646252" lon="-0.003315">
        <ele>1152.8</ele>
        <time>2015-10-20T15:02:09Z</time>
        <sat>6</sat>
      </trkpt>
      <trkpt lat="40.646220" lon="-0.003090">
        <ele>1154.6</ele>
        <time>2015-10-20T15:02:19Z</time>
        <sat>6</sat>
      </trkpt>
      <trkpt lat="40.646209" lon="-0.002971">
        <ele>1155.9</ele>
        <time>2015-10-20T15:02:24Z</time>
        <sat>6</sat>
      </trkpt>
      <trkpt lat="40.646183" lon="-0.002853">
        <ele>1157.2</ele>
        <time>2015-10-20T15:02:30Z</time>
        <sat>5</sat>
      </trkpt>
      <trkpt lat="40.646215" lon="-0.002741">
        <ele>1158.4</ele>
        <time>2015-10-20T15:02:35Z</time>
        <sat>5</sat>
      </trkpt>
      <trkpt lat="40.646267" lon="-0.002641">
        <ele>1160.2</ele>
        <time>2015-10-20T15:02:40Z</time>
        <sat>5</sat>
      </trkpt>
      <trkpt lat="40.646337" lon="-0.002563">
        <ele>1162.6</ele>
        <time>2015-10-20T15:02:45Z</time>
        <sat>5</sat>
      </trkpt>
      <trkpt lat="40.646375" lon="-0.002455">
        <ele>1164.2</ele>
        <time>2015-10-20T15:02:51Z</time>
        <sat>5</sat>
      </trkpt>
      <trkpt lat="40.646437" lon="-0.002363">
        <ele>1166.2</ele>
        <time>2015-10-20T15:02:56Z</time>
        <sat>5</sat>
      </trkpt>
      <trkpt lat="40.646497" lon="-0.002271">
        <ele>1168.2</ele>
        <time>2015-10-20T15:03:01Z</time>
        <sat>5</sat>
      </trkpt>
      <trkpt lat="40.646540" lon="-0.002159">
        <ele>1169.8</ele>
        <time>2015-10-20T15:03:07Z</time>
        <sat>5</sat>
      </trkpt>
      <trkpt lat="40.646577" lon="-0.002044">
        <ele>1171.2</ele>
        <time>2015-10-20T15:03:12Z</time>
        <sat>6</sat>
      </trkpt>
      <trkpt lat="40.646625" lon="-0.001939">
        <ele>1172.7</ele>
        <time>2015-10-20T15:03:17Z</time>
        <sat>6</sat>
      </trkpt>
      <trkpt lat="40.646684" lon="-0.001848">
        <ele>1174.1</ele>
        <time>2015-10-20T15:03:22Z</time>
        <sat>6</sat>
      </trkpt>
      <trkpt lat="40.646758" lon="-0.001775">
        <ele>1175.5</ele>
        <time>2015-10-20T15:03:28Z</time>
        <sat>6</sat>
      </trkpt>
      <trkpt lat="40.646845" lon="-0.001720">
        <ele>1177.1</ele>
        <time>2015-10-20T15:03:33Z</time>
        <sat>6</sat>
      </trkpt>
      <trkpt lat="40.646879" lon="-0.001603">
        <ele>1178.2</ele>
        <time>2015-10-20T15:03:39Z</time>
        <sat>6</sat>
      </trkpt>
      <trkpt lat="40.646890" lon="-0.001468">
        <ele>1179.4</ele>
        <time>2015-10-20T15:03:45Z</time>
        <sat>6</sat>
      </trkpt>
      <trkpt lat="40.646882" lon="-0.001341">
        <ele>1180.5</ele>
        <time>2015-10-20T15:03:50Z</time>
        <sat>6</sat>
      </trkpt>
      <trkpt lat="40.646907" lon="-0.001223">
        <ele>1181.8</ele>
        <time>2015-10-20T15:03:55Z</time>
        <sat>6</sat>
      </trkpt>
      <trkpt lat="40.646943" lon="-0.001110">
        <ele>1183.2</ele>
        <time>2015-10-20T15:04:01Z</time>
        <sat>6</sat>
      </trkpt>
      <trkpt lat="40.646989" lon="-0.000995">
        <ele>1185.1</ele>
        <time>2015-10-20T15:04:06Z</time>
        <sat>6</sat>
      </trkpt>
      <trkpt lat="40.647045" lon="-0.000891">
        <ele>1186.3</ele>
        <time>2015-10-20T15:04:12Z</time>
        <sat>6</sat>
      </trkpt>
      <trkpt lat="40.647115" lon="-0.000609">
        <ele>1188.5</ele>
        <time>2015-10-20T15:04:25Z</time>
        <sat>6</sat>
      </trkpt>
      <trkpt lat="40.647112" lon="-0.000588">
        <ele>1188.6</ele>
        <time>2015-10-20T15:04:26Z</time>
        <sat>6</sat>
      </trkpt>
      <trkpt lat="40.647110" lon="-0.000593">
        <ele>1188.6</ele>
        <time>2015-10-20T15:04:26Z</time>
        <sat>10</sat>
      </trkpt>
      <trkpt lat="40.647042" lon="-0.000623">
        <ele>1188.0</ele>
        <time>2015-10-20T15:04:30Z</time>
        <sat>10</sat>
      </trkpt>
      <trkpt lat="40.647014" lon="-0.000635">
        <ele>1187.8</ele>
        <time>2015-10-20T15:04:32Z</time>
        <sat>10</sat>
      </trkpt>
      <trkpt lat="40.646884" lon="-0.000711">
        <ele>1186.4</ele>
        <time>2015-10-20T15:04:40Z</time>
        <sat>10</sat>
      </trkpt>
      <trkpt lat="40.646812" lon="-0.000780">
        <ele>1185.3</ele>
        <time>2015-10-20T15:04:45Z</time>
        <sat>10</sat>
      </trkpt>
      <trkpt lat="40.646749" lon="-0.000841">
        <ele>1184.3</ele>
        <time>2015-10-20T15:04:49Z</time>
        <sat>10</sat>
      </trkpt>
      <trkpt lat="40.646712" lon="-0.000877">
        <ele>1183.8</ele>
        <time>2015-10-20T15:04:52Z</time>
        <sat>10</sat>
      </trkpt>
      <trkpt lat="40.646670" lon="-0.000913">
        <ele>1183.2</ele>
        <time>2015-10-20T15:04:55Z</time>
        <sat>10</sat>
      </trkpt>
      <trkpt lat="40.646627" lon="-0.000950">
        <ele>1182.8</ele>
        <time>2015-10-20T15:04:58Z</time>
        <sat>10</sat>
      </trkpt>
      <trkpt lat="40.646582" lon="-0.000987">
        <ele>1182.6</ele>
        <time>2015-10-20T15:05:01Z</time>
        <sat>10</sat>
      </trkpt>
      <trkpt lat="40.646540" lon="-0.001020">
        <ele>1182.5</ele>
        <time>2015-10-20T15:05:04Z</time>
        <sat>10</sat>
      </trkpt>
      <trkpt lat="40.646495" lon="-0.001050">
        <ele>1182.1</ele>
        <time>2015-10-20T15:05:07Z</time>
        <sat>10</sat>
      </trkpt>
      <trkpt lat="40.646447" lon="-0.001085">
        <ele>1181.7</ele>
        <time>2015-10-20T15:05:10Z</time>
        <sat>10</sat>
      </trkpt>
      <trkpt lat="40.646397" lon="-0.001123">
        <ele>1180.7</ele>
        <time>2015-10-20T15:05:13Z</time>
        <sat>10</sat>
      </trkpt>
      <trkpt lat="40.646349" lon="-0.001163">
        <ele>1180.1</ele>
        <time>2015-10-20T15:05:16Z</time>
        <sat>10</sat>
      </trkpt>
      <trkpt lat="40.646309" lon="-0.001207">
        <ele>1179.4</ele>
        <time>2015-10-20T15:05:19Z</time>
        <sat>10</sat>
      </trkpt>
      <trkpt lat="40.646277" lon="-0.001261">
        <ele>1178.9</ele>
        <time>2015-10-20T15:05:22Z</time>
        <sat>10</sat>
      </trkpt>
      <trkpt lat="40.646259" lon="-0.001325">
        <ele>1178.5</ele>
        <time>2015-10-20T15:05:25Z</time>
        <sat>10</sat>
      </trkpt>
      <trkpt lat="40.646249" lon="-0.001393">
        <ele>1178.1</ele>
        <time>2015-10-20T15:05:28Z</time>
        <sat>10</sat>
      </trkpt>
      <trkpt lat="40.646235" lon="-0.001461">
        <ele>1177.5</ele>
        <time>2015-10-20T15:05:31Z</time>
        <sat>10</sat>
      </trkpt>
      <trkpt lat="40.646219" lon="-0.001527">
        <ele>1177.0</ele>
        <time>2015-10-20T15:05:34Z</time>
        <sat>10</sat>
      </trkpt>
      <trkpt lat="40.646195" lon="-0.001590">
        <ele>1176.3</ele>
        <time>2015-10-20T15:05:37Z</time>
        <sat>10</sat>
      </trkpt>
      <trkpt lat="40.646164" lon="-0.001645">
        <ele>1175.6</ele>
        <time>2015-10-20T15:05:40Z</time>
        <sat>10</sat>
      </trkpt>
      <trkpt lat="40.646122" lon="-0.001691">
        <ele>1175.0</ele>
        <time>2015-10-20T15:05:43Z</time>
        <sat>9</sat>
      </trkpt>
      <trkpt lat="40.646074" lon="-0.001736">
        <ele>1174.5</ele>
        <time>2015-10-20T15:05:47Z</time>
        <sat>10</sat>
      </trkpt>
      <trkpt lat="40.646027" lon="-0.001783">
        <ele>1173.9</ele>
        <time>2015-10-20T15:05:50Z</time>
        <sat>10</sat>
      </trkpt>
      <trkpt lat="40.645979" lon="-0.001830">
        <ele>1173.3</ele>
        <time>2015-10-20T15:05:54Z</time>
        <sat>10</sat>
      </trkpt>
      <trkpt lat="40.645924" lon="-0.001867">
        <ele>1172.9</ele>
        <time>2015-10-20T15:05:57Z</time>
        <sat>10</sat>
      </trkpt>
      <trkpt lat="40.645869" lon="-0.001893">
        <ele>1172.5</ele>
        <time>2015-10-20T15:06:00Z</time>
        <sat>10</sat>
      </trkpt>
      <trkpt lat="40.645816" lon="-0.001918">
        <ele>1172.3</ele>
        <time>2015-10-20T15:06:04Z</time>
        <sat>10</sat>
      </trkpt>
      <trkpt lat="40.645767" lon="-0.001948">
        <ele>1172.2</ele>
        <time>2015-10-20T15:06:07Z</time>
        <sat>10</sat>
      </trkpt>
      <trkpt lat="40.645725" lon="-0.001980">
        <ele>1172.2</ele>
        <time>2015-10-20T15:06:10Z</time>
        <sat>10</sat>
      </trkpt>
      <trkpt lat="40.645654" lon="-0.002045">
        <ele>1172.2</ele>
        <time>2015-10-20T15:06:14Z</time>
        <sat>10</sat>
      </trkpt>
      <trkpt lat="40.645596" lon="-0.002113">
        <ele>1172.3</ele>
        <time>2015-10-20T15:06:19Z</time>
        <sat>10</sat>
      </trkpt>
      <trkpt lat="40.645545" lon="-0.002183">
        <ele>1172.3</ele>
        <time>2015-10-20T15:06:23Z</time>
        <sat>10</sat>
      </trkpt>
      <trkpt lat="40.645485" lon="-0.002256">
        <ele>1172.0</ele>
        <time>2015-10-20T15:06:28Z</time>
        <sat>10</sat>
      </trkpt>
      <trkpt lat="40.645429" lon="-0.002328">
        <ele>1171.7</ele>
        <time>2015-10-20T15:06:32Z</time>
        <sat>10</sat>
      </trkpt>
      <trkpt lat="40.645379" lon="-0.002406">
        <ele>1171.4</ele>
        <time>2015-10-20T15:06:37Z</time>
        <sat>10</sat>
      </trkpt>
      <trkpt lat="40.645351" lon="-0.002490">
        <ele>1171.2</ele>
        <time>2015-10-20T15:06:41Z</time>
        <sat>10</sat>
      </trkpt>
      <trkpt lat="40.645370" lon="-0.002605">
        <ele>1171.1</ele>
        <time>2015-10-20T15:06:46Z</time>
        <sat>10</sat>
      </trkpt>
      <trkpt lat="40.645395" lon="-0.002675">
        <ele>1171.0</ele>
        <time>2015-10-20T15:06:49Z</time>
        <sat>10</sat>
      </trkpt>
      <trkpt lat="40.645429" lon="-0.002746">
        <ele>1170.7</ele>
        <time>2015-10-20T15:06:53Z</time>
        <sat>10</sat>
      </trkpt>
      <trkpt lat="40.645469" lon="-0.002825">
        <ele>1170.3</ele>
        <time>2015-10-20T15:06:57Z</time>
        <sat>10</sat>
      </trkpt>
      <trkpt lat="40.645512" lon="-0.002900">
        <ele>1169.9</ele>
        <time>2015-10-20T15:07:01Z</time>
        <sat>10</sat>
      </trkpt>
      <trkpt lat="40.645534" lon="-0.002942">
        <ele>1169.5</ele>
        <time>2015-10-20T15:07:03Z</time>
        <sat>10</sat>
      </trkpt>
      <trkpt lat="40.645602" lon="-0.003080">
        <ele>1168.4</ele>
        <time>2015-10-20T15:07:10Z</time>
        <sat>10</sat>
      </trkpt>
      <trkpt lat="40.645652" lon="-0.003176">
        <ele>1167.7</ele>
        <time>2015-10-20T15:07:15Z</time>
        <sat>10</sat>
      </trkpt>
      <trkpt lat="40.645679" lon="-0.003223">
        <ele>1167.3</ele>
        <time>2015-10-20T15:07:18Z</time>
        <sat>10</sat>
      </trkpt>
      <trkpt lat="40.645707" lon="-0.003271">
        <ele>1166.8</ele>
        <time>2015-10-20T15:07:21Z</time>
        <sat>10</sat>
      </trkpt>
      <trkpt lat="40.645737" lon="-0.003322">
        <ele>1166.3</ele>
        <time>2015-10-20T15:07:23Z</time>
        <sat>10</sat>
      </trkpt>
      <trkpt lat="40.645771" lon="-0.003374">
        <ele>1165.7</ele>
        <time>2015-10-20T15:07:26Z</time>
        <sat>10</sat>
      </trkpt>
      <trkpt lat="40.645804" lon="-0.003428">
        <ele>1165.2</ele>
        <time>2015-10-20T15:07:29Z</time>
        <sat>9</sat>
      </trkpt>
      <trkpt lat="40.645839" lon="-0.003485">
        <ele>1164.6</ele>
        <time>2015-10-20T15:07:33Z</time>
        <sat>10</sat>
      </trkpt>
      <trkpt lat="40.645877" lon="-0.003543">
        <ele>1163.8</ele>
        <time>2015-10-20T15:07:36Z</time>
        <sat>10</sat>
      </trkpt>
      <trkpt lat="40.645917" lon="-0.003607">
        <ele>1162.9</ele>
        <time>2015-10-20T15:07:39Z</time>
        <sat>10</sat>
      </trkpt>
      <trkpt lat="40.645957" lon="-0.003678">
        <ele>1162.0</ele>
        <time>2015-10-20T15:07:43Z</time>
        <sat>10</sat>
      </trkpt>
      <trkpt lat="40.645997" lon="-0.003758">
        <ele>1161.3</ele>
        <time>2015-10-20T15:07:47Z</time>
        <sat>9</sat>
      </trkpt>
      <trkpt lat="40.646035" lon="-0.003838">
        <ele>1160.8</ele>
        <time>2015-10-20T15:07:52Z</time>
        <sat>9</sat>
      </trkpt>
      <trkpt lat="40.646075" lon="-0.003917">
        <ele>1160.5</ele>
        <time>2015-10-20T15:07:56Z</time>
        <sat>10</sat>
      </trkpt>
      <trkpt lat="40.646117" lon="-0.003992">
        <ele>1160.1</ele>
        <time>2015-10-20T15:08:00Z</time>
        <sat>10</sat>
      </trkpt>
      <trkpt lat="40.646157" lon="-0.004066">
        <ele>1159.5</ele>
        <time>2015-10-20T15:08:04Z</time>
        <sat>10</sat>
      </trkpt>
      <trkpt lat="40.646195" lon="-0.004138">
        <ele>1158.7</ele>
        <time>2015-10-20T15:08:07Z</time>
        <sat>10</sat>
      </trkpt>
      <trkpt lat="40.646236" lon="-0.004205">
        <ele>1158.1</ele>
        <time>2015-10-20T15:08:11Z</time>
        <sat>10</sat>
      </trkpt>
      <trkpt lat="40.646277" lon="-0.004267">
        <ele>1157.6</ele>
        <time>2015-10-20T15:08:15Z</time>
        <sat>10</sat>
      </trkpt>
      <trkpt lat="40.646321" lon="-0.004328">
        <ele>1157.0</ele>
        <time>2015-10-20T15:08:18Z</time>
        <sat>10</sat>
      </trkpt>
      <trkpt lat="40.646364" lon="-0.004390">
        <ele>1156.5</ele>
        <time>2015-10-20T15:08:22Z</time>
        <sat>10</sat>
      </trkpt>
      <trkpt lat="40.646400" lon="-0.004453">
        <ele>1156.3</ele>
        <time>2015-10-20T15:08:26Z</time>
        <sat>10</sat>
      </trkpt>
      <trkpt lat="40.646430" lon="-0.004516">
        <ele>1156.2</ele>
        <time>2015-10-20T15:08:29Z</time>
        <sat>10</sat>
      </trkpt>
      <trkpt lat="40.646459" lon="-0.004580">
        <ele>1156.0</ele>
        <time>2015-10-20T15:08:32Z</time>
        <sat>10</sat>
      </trkpt>
      <trkpt lat="40.646487" lon="-0.004640">
        <ele>1155.9</ele>
        <time>2015-10-20T15:08:35Z</time>
        <sat>10</sat>
      </trkpt>
      <trkpt lat="40.646517" lon="-0.004695">
        <ele>1155.9</ele>
        <time>2015-10-20T15:08:38Z</time>
        <sat>10</sat>
      </trkpt>
      <trkpt lat="40.646546" lon="-0.004746">
        <ele>1156.0</ele>
        <time>2015-10-20T15:08:41Z</time>
        <sat>10</sat>
      </trkpt>
      <trkpt lat="40.646592" lon="-0.004828">
        <ele>1156.3</ele>
        <time>2015-10-20T15:08:45Z</time>
        <sat>9</sat>
      </trkpt>
      <trkpt lat="40.646642" lon="-0.004918">
        <ele>1156.7</ele>
        <time>2015-10-20T15:08:50Z</time>
        <sat>10</sat>
      </trkpt>
      <trkpt lat="40.646696" lon="-0.004988">
        <ele>1156.8</ele>
        <time>2015-10-20T15:08:54Z</time>
        <sat>10</sat>
      </trkpt>
      <trkpt lat="40.646737" lon="-0.005076">
        <ele>1157.3</ele>
        <time>2015-10-20T15:08:59Z</time>
        <sat>10</sat>
      </trkpt>
      <trkpt lat="40.646767" lon="-0.005179">
        <ele>1158.2</ele>
        <time>2015-10-20T15:09:04Z</time>
        <sat>10</sat>
      </trkpt>
      <trkpt lat="40.646802" lon="-0.005267">
        <ele>1159.1</ele>
        <time>2015-10-20T15:09:08Z</time>
        <sat>10</sat>
      </trkpt>
      <trkpt lat="40.646845" lon="-0.005357">
        <ele>1159.7</ele>
        <time>2015-10-20T15:09:12Z</time>
        <sat>10</sat>
      </trkpt>
      <trkpt lat="40.646894" lon="-0.005450">
        <ele>1160.8</ele>
        <time>2015-10-20T15:09:17Z</time>
        <sat>10</sat>
      </trkpt>
      <trkpt lat="40.646954" lon="-0.005511">
        <ele>1161.3</ele>
        <time>2015-10-20T15:09:22Z</time>
        <sat>10</sat>
      </trkpt>
      <trkpt lat="40.646969" lon="-0.005525">
        <ele>1161.3</ele>
        <time>2015-10-20T15:09:23Z</time>
        <sat>10</sat>
      </trkpt>
      <trkpt lat="40.647112" lon="-0.005588">
        <ele>1160.0</ele>
        <time>2015-10-20T15:09:31Z</time>
        <sat>10</sat>
      </trkpt>
      <trkpt lat="40.647185" lon="-0.005631">
        <ele>1160.0</ele>
        <time>2015-10-20T15:09:36Z</time>
        <sat>10</sat>
      </trkpt>
      <trkpt lat="40.647259" lon="-0.005693">
        <ele>1159.5</ele>
        <time>2015-10-20T15:09:41Z</time>
        <sat>10</sat>
      </trkpt>
      <trkpt lat="40.647314" lon="-0.005750">
        <ele>1159.1</ele>
        <time>2015-10-20T15:09:45Z</time>
        <sat>10</sat>
      </trkpt>
      <trkpt lat="40.647372" lon="-0.005793">
        <ele>1158.6</ele>
        <time>2015-10-20T15:09:49Z</time>
        <sat>10</sat>
      </trkpt>
      <trkpt lat="40.647441" lon="-0.005800">
        <ele>1157.7</ele>
        <time>2015-10-20T15:09:53Z</time>
        <sat>10</sat>
      </trkpt>
      <trkpt lat="40.647519" lon="-0.005782">
        <ele>1156.4</ele>
        <time>2015-10-20T15:09:57Z</time>
        <sat>10</sat>
      </trkpt>
      <trkpt lat="40.647591" lon="-0.005770">
        <ele>1155.2</ele>
        <time>2015-10-20T15:10:01Z</time>
        <sat>10</sat>
      </trkpt>
      <trkpt lat="40.647666" lon="-0.005803">
        <ele>1155.3</ele>
        <time>2015-10-20T15:10:06Z</time>
        <sat>10</sat>
      </trkpt>
      <trkpt lat="40.647730" lon="-0.005877">
        <ele>1155.0</ele>
        <time>2015-10-20T15:10:11Z</time>
        <sat>10</sat>
      </trkpt>
      <trkpt lat="40.647782" lon="-0.005923">
        <ele>1154.6</ele>
        <time>2015-10-20T15:10:14Z</time>
        <sat>10</sat>
      </trkpt>
      <trkpt lat="40.647850" lon="-0.005966">
        <ele>1153.6</ele>
        <time>2015-10-20T15:10:19Z</time>
        <sat>10</sat>
      </trkpt>
      <trkpt lat="40.647939" lon="-0.005963">
        <ele>1151.4</ele>
        <time>2015-10-20T15:10:24Z</time>
        <sat>10</sat>
      </trkpt>
      <trkpt lat="40.647944" lon="-0.005966">
        <ele>1151.4</ele>
        <time>2015-10-20T15:10:24Z</time>
        <sat>9</sat>
      </trkpt>
      <trkpt lat="40.648074" lon="-0.006068">
        <ele>1150.2</ele>
        <time>2015-10-20T15:10:33Z</time>
        <sat>10</sat>
      </trkpt>
      <trkpt lat="40.648147" lon="-0.006075">
        <ele>1148.9</ele>
        <time>2015-10-20T15:10:37Z</time>
        <sat>10</sat>
      </trkpt>
      <trkpt lat="40.648195" lon="-0.006083">
        <ele>1148.1</ele>
        <time>2015-10-20T15:10:40Z</time>
        <sat>10</sat>
      </trkpt>
      <trkpt lat="40.648250" lon="-0.006091">
        <ele>1147.3</ele>
        <time>2015-10-20T15:10:43Z</time>
        <sat>10</sat>
      </trkpt>
      <trkpt lat="40.648309" lon="-0.006106">
        <ele>1146.6</ele>
        <time>2015-10-20T15:10:46Z</time>
        <sat>10</sat>
      </trkpt>
      <trkpt lat="40.648369" lon="-0.006127">
        <ele>1146.0</ele>
        <time>2015-10-20T15:10:50Z</time>
        <sat>10</sat>
      </trkpt>
      <trkpt lat="40.648429" lon="-0.006152">
        <ele>1145.3</ele>
        <time>2015-10-20T15:10:53Z</time>
        <sat>10</sat>
      </trkpt>
      <trkpt lat="40.648482" lon="-0.006188">
        <ele>1144.7</ele>
        <time>2015-10-20T15:10:57Z</time>
        <sat>10</sat>
      </trkpt>
      <trkpt lat="40.648530" lon="-0.006233">
        <ele>1144.2</ele>
        <time>2015-10-20T15:11:00Z</time>
        <sat>10</sat>
      </trkpt>
      <trkpt lat="40.648577" lon="-0.006279">
        <ele>1143.6</ele>
        <time>2015-10-20T15:11:04Z</time>
        <sat>10</sat>
      </trkpt>
      <trkpt lat="40.648622" lon="-0.006328">
        <ele>1143.1</ele>
        <time>2015-10-20T15:11:07Z</time>
        <sat>10</sat>
      </trkpt>
      <trkpt lat="40.648664" lon="-0.006382">
        <ele>1142.6</ele>
        <time>2015-10-20T15:11:10Z</time>
        <sat>10</sat>
      </trkpt>
      <trkpt lat="40.648708" lon="-0.006435">
        <ele>1142.1</ele>
        <time>2015-10-20T15:11:14Z</time>
        <sat>10</sat>
      </trkpt>
      <trkpt lat="40.648754" lon="-0.006488">
        <ele>1141.9</ele>
        <time>2015-10-20T15:11:17Z</time>
        <sat>10</sat>
      </trkpt>
      <trkpt lat="40.648799" lon="-0.006536">
        <ele>1141.7</ele>
        <time>2015-10-20T15:11:20Z</time>
        <sat>10</sat>
      </trkpt>
      <trkpt lat="40.648839" lon="-0.006582">
        <ele>1141.6</ele>
        <time>2015-10-20T15:11:24Z</time>
        <sat>10</sat>
      </trkpt>
      <trkpt lat="40.648875" lon="-0.006623">
        <ele>1141.4</ele>
        <time>2015-10-20T15:11:26Z</time>
        <sat>10</sat>
      </trkpt>
      <trkpt lat="40.648936" lon="-0.006692">
        <ele>1141.8</ele>
        <time>2015-10-20T15:11:31Z</time>
        <sat>10</sat>
      </trkpt>
      <trkpt lat="40.648990" lon="-0.006755">
        <ele>1142.0</ele>
        <time>2015-10-20T15:11:35Z</time>
        <sat>10</sat>
      </trkpt>
      <trkpt lat="40.649047" lon="-0.006823">
        <ele>1142.5</ele>
        <time>2015-10-20T15:11:39Z</time>
        <sat>10</sat>
      </trkpt>
      <trkpt lat="40.649098" lon="-0.006917">
        <ele>1143.5</ele>
        <time>2015-10-20T15:11:44Z</time>
        <sat>10</sat>
      </trkpt>
      <trkpt lat="40.649140" lon="-0.006996">
        <ele>1144.1</ele>
        <time>2015-10-20T15:11:49Z</time>
        <sat>10</sat>
      </trkpt>
      <trkpt lat="40.649167" lon="-0.007105">
        <ele>1144.9</ele>
        <time>2015-10-20T15:11:54Z</time>
        <sat>10</sat>
      </trkpt>
      <trkpt lat="40.649161" lon="-0.007196">
        <ele>1145.3</ele>
        <time>2015-10-20T15:11:58Z</time>
        <sat>10</sat>
      </trkpt>
      <trkpt lat="40.649139" lon="-0.007283">
        <ele>1145.2</ele>
        <time>2015-10-20T15:12:01Z</time>
        <sat>10</sat>
      </trkpt>
      <trkpt lat="40.649125" lon="-0.007357">
        <ele>1145.0</ele>
        <time>2015-10-20T15:12:05Z</time>
        <sat>10</sat>
      </trkpt>
      <trkpt lat="40.649102" lon="-0.007445">
        <ele>1144.3</ele>
        <time>2015-10-20T15:12:09Z</time>
        <sat>9</sat>
      </trkpt>
      <trkpt lat="40.649069" lon="-0.007546">
        <ele>1143.4</ele>
        <time>2015-10-20T15:12:14Z</time>
        <sat>10</sat>
      </trkpt>
      <trkpt lat="40.649049" lon="-0.007605">
        <ele>1142.9</ele>
        <time>2015-10-20T15:12:16Z</time>
        <sat>10</sat>
      </trkpt>
      <trkpt lat="40.649032" lon="-0.007670">
        <ele>1142.5</ele>
        <time>2015-10-20T15:12:19Z</time>
        <sat>10</sat>
      </trkpt>
      <trkpt lat="40.649019" lon="-0.007736">
        <ele>1142.0</ele>
        <time>2015-10-20T15:12:22Z</time>
        <sat>10</sat>
      </trkpt>
      <trkpt lat="40.649009" lon="-0.007805">
        <ele>1141.7</ele>
        <time>2015-10-20T15:12:25Z</time>
        <sat>10</sat>
      </trkpt>
      <trkpt lat="40.648995" lon="-0.007871">
        <ele>1141.3</ele>
        <time>2015-10-20T15:12:28Z</time>
        <sat>10</sat>
      </trkpt>
      <trkpt lat="40.648980" lon="-0.007938">
        <ele>1140.9</ele>
        <time>2015-10-20T15:12:31Z</time>
        <sat>10</sat>
      </trkpt>
      <trkpt lat="40.648967" lon="-0.007998">
        <ele>1140.8</ele>
        <time>2015-10-20T15:12:34Z</time>
        <sat>10</sat>
      </trkpt>
      <trkpt lat="40.648944" lon="-0.008100">
        <ele>1140.9</ele>
        <time>2015-10-20T15:12:39Z</time>
        <sat>10</sat>
      </trkpt>
      <trkpt lat="40.648924" lon="-0.008186">
        <ele>1141.3</ele>
        <time>2015-10-20T15:12:43Z</time>
        <sat>10</sat>
      </trkpt>
      <trkpt lat="40.648899" lon="-0.008298">
        <ele>1141.4</ele>
        <time>2015-10-20T15:12:48Z</time>
        <sat>10</sat>
      </trkpt>
      <trkpt lat="40.648892" lon="-0.008330">
        <ele>1141.5</ele>
        <time>2015-10-20T15:12:49Z</time>
        <sat>10</sat>
      </trkpt>
      <trkpt lat="40.648865" lon="-0.008508">
        <ele>1141.9</ele>
        <time>2015-10-20T15:12:57Z</time>
        <sat>10</sat>
      </trkpt>
      <trkpt lat="40.648855" lon="-0.008602">
        <ele>1141.9</ele>
        <time>2015-10-20T15:13:01Z</time>
        <sat>10</sat>
      </trkpt>
      <trkpt lat="40.648867" lon="-0.008688">
        <ele>1141.3</ele>
        <time>2015-10-20T15:13:05Z</time>
        <sat>10</sat>
      </trkpt>
      <trkpt lat="40.648895" lon="-0.008770">
        <ele>1140.2</ele>
        <time>2015-10-20T15:13:09Z</time>
        <sat>10</sat>
      </trkpt>
      <trkpt lat="40.648917" lon="-0.008823">
        <ele>1139.3</ele>
        <time>2015-10-20T15:13:11Z</time>
        <sat>10</sat>
      </trkpt>
      <trkpt lat="40.648940" lon="-0.008881">
        <ele>1138.4</ele>
        <time>2015-10-20T15:13:14Z</time>
        <sat>10</sat>
      </trkpt>
      <trkpt lat="40.648975" lon="-0.008988">
        <ele>1136.7</ele>
        <time>2015-10-20T15:13:19Z</time>
        <sat>10</sat>
      </trkpt>
      <trkpt lat="40.648989" lon="-0.009098">
        <ele>1135.1</ele>
        <time>2015-10-20T15:13:24Z</time>
        <sat>9</sat>
      </trkpt>
      <trkpt lat="40.649019" lon="-0.009192">
        <ele>1133.8</ele>
        <time>2015-10-20T15:13:29Z</time>
        <sat>9</sat>
      </trkpt>
      <trkpt lat="40.649074" lon="-0.009277">
        <ele>1132.7</ele>
        <time>2015-10-20T15:13:33Z</time>
        <sat>9</sat>
      </trkpt>
      <trkpt lat="40.649104" lon="-0.009325">
        <ele>1132.3</ele>
        <time>2015-10-20T15:13:36Z</time>
        <sat>9</sat>
      </trkpt>
      <trkpt lat="40.649124" lon="-0.009382">
        <ele>1131.9</ele>
        <time>2015-10-20T15:13:39Z</time>
        <sat>10</sat>
      </trkpt>
      <trkpt lat="40.649139" lon="-0.009445">
        <ele>1131.4</ele>
        <time>2015-10-20T15:13:42Z</time>
        <sat>10</sat>
      </trkpt>
      <trkpt lat="40.649149" lon="-0.009513">
        <ele>1130.9</ele>
        <time>2015-10-20T15:13:45Z</time>
        <sat>10</sat>
      </trkpt>
      <trkpt lat="40.649162" lon="-0.009582">
        <ele>1130.6</ele>
        <time>2015-10-20T15:13:48Z</time>
        <sat>10</sat>
      </trkpt>
      <trkpt lat="40.649176" lon="-0.009650">
        <ele>1130.4</ele>
        <time>2015-10-20T15:13:51Z</time>
        <sat>10</sat>
      </trkpt>
      <trkpt lat="40.649189" lon="-0.009715">
        <ele>1130.3</ele>
        <time>2015-10-20T15:13:54Z</time>
        <sat>10</sat>
      </trkpt>
      <trkpt lat="40.649209" lon="-0.009830">
        <ele>1130.3</ele>
        <time>2015-10-20T15:13:59Z</time>
        <sat>10</sat>
      </trkpt>
      <trkpt lat="40.649230" lon="-0.009917">
        <ele>1130.7</ele>
        <time>2015-10-20T15:14:03Z</time>
        <sat>10</sat>
      </trkpt>
      <trkpt lat="40.649259" lon="-0.010025">
        <ele>1131.2</ele>
        <time>2015-10-20T15:14:08Z</time>
        <sat>10</sat>
      </trkpt>
      <trkpt lat="40.649279" lon="-0.010123">
        <ele>1132.0</ele>
        <time>2015-10-20T15:14:12Z</time>
        <sat>10</sat>
      </trkpt>
      <trkpt lat="40.649291" lon="-0.010219">
        <ele>1132.6</ele>
        <time>2015-10-20T15:14:16Z</time>
        <sat>10</sat>
      </trkpt>
      <trkpt lat="40.649294" lon="-0.010316">
        <ele>1133.2</ele>
        <time>2015-10-20T15:14:21Z</time>
        <sat>10</sat>
      </trkpt>
      <trkpt lat="40.649295" lon="-0.010408">
        <ele>1133.6</ele>
        <time>2015-10-20T15:14:25Z</time>
        <sat>10</sat>
      </trkpt>
      <trkpt lat="40.649274" lon="-0.010497">
        <ele>1133.7</ele>
        <time>2015-10-20T15:14:29Z</time>
        <sat>10</sat>
      </trkpt>
      <trkpt lat="40.649227" lon="-0.010583">
        <ele>1133.3</ele>
        <time>2015-10-20T15:14:33Z</time>
        <sat>10</sat>
      </trkpt>
      <trkpt lat="40.649190" lon="-0.010651">
        <ele>1132.7</ele>
        <time>2015-10-20T15:14:37Z</time>
        <sat>10</sat>
      </trkpt>
      <trkpt lat="40.649154" lon="-0.010725">
        <ele>1132.5</ele>
        <time>2015-10-20T15:14:41Z</time>
        <sat>10</sat>
      </trkpt>
      <trkpt lat="40.649117" lon="-0.010793">
        <ele>1132.5</ele>
        <time>2015-10-20T15:14:44Z</time>
        <sat>10</sat>
      </trkpt>
      <trkpt lat="40.649100" lon="-0.010827">
        <ele>1132.5</ele>
        <time>2015-10-20T15:14:46Z</time>
        <sat>10</sat>
      </trkpt>
      <trkpt lat="40.649054" lon="-0.010933">
        <ele>1132.5</ele>
        <time>2015-10-20T15:14:51Z</time>
        <sat>10</sat>
      </trkpt>
      <trkpt lat="40.649022" lon="-0.011010">
        <ele>1132.6</ele>
        <time>2015-10-20T15:14:55Z</time>
        <sat>10</sat>
      </trkpt>
      <trkpt lat="40.648975" lon="-0.011110">
        <ele>1132.8</ele>
        <time>2015-10-20T15:15:00Z</time>
        <sat>10</sat>
      </trkpt>
      <trkpt lat="40.648936" lon="-0.011202">
        <ele>1133.1</ele>
        <time>2015-10-20T15:15:05Z</time>
        <sat>10</sat>
      </trkpt>
      <trkpt lat="40.648902" lon="-0.011298">
        <ele>1133.5</ele>
        <time>2015-10-20T15:15:10Z</time>
        <sat>10</sat>
      </trkpt>
      <trkpt lat="40.648889" lon="-0.011407">
        <ele>1134.4</ele>
        <time>2015-10-20T15:15:14Z</time>
        <sat>10</sat>
      </trkpt>
      <trkpt lat="40.648884" lon="-0.011495">
        <ele>1134.7</ele>
        <time>2015-10-20T15:15:18Z</time>
        <sat>10</sat>
      </trkpt>
      <trkpt lat="40.648887" lon="-0.011590">
        <ele>1134.7</ele>
        <time>2015-10-20T15:15:22Z</time>
        <sat>10</sat>
      </trkpt>
      <trkpt lat="40.648910" lon="-0.011695">
        <ele>1134.2</ele>
        <time>2015-10-20T15:15:27Z</time>
        <sat>10</sat>
      </trkpt>
      <trkpt lat="40.648932" lon="-0.011783">
        <ele>1133.7</ele>
        <time>2015-10-20T15:15:31Z</time>
        <sat>9</sat>
      </trkpt>
      <trkpt lat="40.648960" lon="-0.011885">
        <ele>1133.0</ele>
        <time>2015-10-20T15:15:36Z</time>
        <sat>10</sat>
      </trkpt>
      <trkpt lat="40.648992" lon="-0.011985">
        <ele>1132.7</ele>
        <time>2015-10-20T15:15:40Z</time>
        <sat>10</sat>
      </trkpt>
      <trkpt lat="40.649021" lon="-0.012075">
        <ele>1132.6</ele>
        <time>2015-10-20T15:15:45Z</time>
        <sat>10</sat>
      </trkpt>
      <trkpt lat="40.649046" lon="-0.012158">
        <ele>1132.7</ele>
        <time>2015-10-20T15:15:49Z</time>
        <sat>10</sat>
      </trkpt>
      <trkpt lat="40.649067" lon="-0.012236">
        <ele>1133.0</ele>
        <time>2015-10-20T15:15:52Z</time>
        <sat>10</sat>
      </trkpt>
      <trkpt lat="40.649100" lon="-0.012345">
        <ele>1133.3</ele>
        <time>2015-10-20T15:15:57Z</time>
        <sat>10</sat>
      </trkpt>
      <trkpt lat="40.649137" lon="-0.012434">
        <ele>1133.9</ele>
        <time>2015-10-20T15:16:02Z</time>
        <sat>10</sat>
      </trkpt>
      <trkpt lat="40.649176" lon="-0.012528">
        <ele>1134.8</ele>
        <time>2015-10-20T15:16:06Z</time>
        <sat>10</sat>
      </trkpt>
      <trkpt lat="40.649217" lon="-0.012610">
        <ele>1135.6</ele>
        <time>2015-10-20T15:16:11Z</time>
        <sat>10</sat>
      </trkpt>
      <trkpt lat="40.649264" lon="-0.012701">
        <ele>1136.6</ele>
        <time>2015-10-20T15:16:15Z</time>
        <sat>10</sat>
      </trkpt>
      <trkpt lat="40.649312" lon="-0.012793">
        <ele>1137.2</ele>
        <time>2015-10-20T15:16:20Z</time>
        <sat>10</sat>
      </trkpt>
      <trkpt lat="40.649322" lon="-0.012813">
        <ele>1137.4</ele>
        <time>2015-10-20T15:16:21Z</time>
        <sat>10</sat>
      </trkpt>
      <trkpt lat="40.649427" lon="-0.012961">
        <ele>1139.2</ele>
        <time>2015-10-20T15:16:30Z</time>
        <sat>10</sat>
      </trkpt>
      <trkpt lat="40.649474" lon="-0.013041">
        <ele>1140.2</ele>
        <time>2015-10-20T15:16:34Z</time>
        <sat>10</sat>
      </trkpt>
      <trkpt lat="40.649501" lon="-0.013146">
        <ele>1140.7</ele>
        <time>2015-10-20T15:16:39Z</time>
        <sat>10</sat>
      </trkpt>
      <trkpt lat="40.649519" lon="-0.013256">
        <ele>1141.4</ele>
        <time>2015-10-20T15:16:44Z</time>
        <sat>10</sat>
      </trkpt>
      <trkpt lat="40.649535" lon="-0.013361">
        <ele>1142.0</ele>
        <time>2015-10-20T15:16:49Z</time>
        <sat>10</sat>
      </trkpt>
      <trkpt lat="40.649534" lon="-0.013470">
        <ele>1142.1</ele>
        <time>2015-10-20T15:16:53Z</time>
        <sat>10</sat>
      </trkpt>
      <trkpt lat="40.649507" lon="-0.013571">
        <ele>1141.6</ele>
        <time>2015-10-20T15:16:58Z</time>
        <sat>10</sat>
      </trkpt>
      <trkpt lat="40.649467" lon="-0.013670">
        <ele>1140.8</ele>
        <time>2015-10-20T15:17:03Z</time>
        <sat>9</sat>
      </trkpt>
      <trkpt lat="40.649419" lon="-0.013768">
        <ele>1139.7</ele>
        <time>2015-10-20T15:17:08Z</time>
        <sat>10</sat>
      </trkpt>
      <trkpt lat="40.649377" lon="-0.013833">
        <ele>1139.0</ele>
        <time>2015-10-20T15:17:12Z</time>
        <sat>10</sat>
      </trkpt>
      <trkpt lat="40.649337" lon="-0.013903">
        <ele>1138.4</ele>
        <time>2015-10-20T15:17:15Z</time>
        <sat>10</sat>
      </trkpt>
      <trkpt lat="40.649292" lon="-0.013970">
        <ele>1137.5</ele>
        <time>2015-10-20T15:17:19Z</time>
        <sat>10</sat>
      </trkpt>
      <trkpt lat="40.649241" lon="-0.014025">
        <ele>1136.4</ele>
        <time>2015-10-20T15:17:23Z</time>
        <sat>10</sat>
      </trkpt>
      <trkpt lat="40.649185" lon="-0.014070">
        <ele>1135.4</ele>
        <time>2015-10-20T15:17:27Z</time>
        <sat>10</sat>
      </trkpt>
      <trkpt lat="40.649127" lon="-0.014126">
        <ele>1133.9</ele>
        <time>2015-10-20T15:17:31Z</time>
        <sat>10</sat>
      </trkpt>
      <trkpt lat="40.649147" lon="-0.014238">
        <ele>1132.9</ele>
        <time>2015-10-20T15:17:36Z</time>
        <sat>10</sat>
      </trkpt>
      <trkpt lat="40.649152" lon="-0.014243">
        <ele>1132.8</ele>
        <time>2015-10-20T15:17:36Z</time>
        <sat>10</sat>
      </trkpt>
      <trkpt lat="40.649294" lon="-0.014300">
        <ele>1132.2</ele>
        <time>2015-10-20T15:17:45Z</time>
        <sat>10</sat>
      </trkpt>
      <trkpt lat="40.649349" lon="-0.014333">
        <ele>1131.9</ele>
        <time>2015-10-20T15:17:48Z</time>
        <sat>9</sat>
      </trkpt>
      <trkpt lat="40.649410" lon="-0.014380">
        <ele>1131.9</ele>
        <time>2015-10-20T15:17:52Z</time>
        <sat>9</sat>
      </trkpt>
      <trkpt lat="40.649476" lon="-0.014442">
        <ele>1130.8</ele>
        <time>2015-10-20T15:17:57Z</time>
        <sat>9</sat>
      </trkpt>
      <trkpt lat="40.649509" lon="-0.014476">
        <ele>1130.1</ele>
        <time>2015-10-20T15:17:59Z</time>
        <sat>9</sat>
      </trkpt>
      <trkpt lat="40.649544" lon="-0.014523">
        <ele>1129.7</ele>
        <time>2015-10-20T15:18:02Z</time>
        <sat>9</sat>
      </trkpt>
      <trkpt lat="40.649582" lon="-0.014575">
        <ele>1129.2</ele>
        <time>2015-10-20T15:18:05Z</time>
        <sat>9</sat>
      </trkpt>
      <trkpt lat="40.649624" lon="-0.014626">
        <ele>1128.4</ele>
        <time>2015-10-20T15:18:09Z</time>
        <sat>9</sat>
      </trkpt>
      <trkpt lat="40.649665" lon="-0.014683">
        <ele>1127.6</ele>
        <time>2015-10-20T15:18:12Z</time>
        <sat>9</sat>
      </trkpt>
      <trkpt lat="40.649704" lon="-0.014743">
        <ele>1126.9</ele>
        <time>2015-10-20T15:18:15Z</time>
        <sat>9</sat>
      </trkpt>
      <trkpt lat="40.649742" lon="-0.014803">
        <ele>1126.2</ele>
        <time>2015-10-20T15:18:19Z</time>
        <sat>8</sat>
      </trkpt>
      <trkpt lat="40.649784" lon="-0.014867">
        <ele>1125.6</ele>
        <time>2015-10-20T15:18:22Z</time>
        <sat>8</sat>
      </trkpt>
      <trkpt lat="40.649822" lon="-0.014930">
        <ele>1125.1</ele>
        <time>2015-10-20T15:18:26Z</time>
        <sat>9</sat>
      </trkpt>
      <trkpt lat="40.649852" lon="-0.014999">
        <ele>1124.0</ele>
        <time>2015-10-20T15:18:29Z</time>
        <sat>9</sat>
      </trkpt>
      <trkpt lat="40.649872" lon="-0.015078">
        <ele>1123.1</ele>
        <time>2015-10-20T15:18:33Z</time>
        <sat>9</sat>
      </trkpt>
      <trkpt lat="40.649887" lon="-0.015166">
        <ele>1122.1</ele>
        <time>2015-10-20T15:18:37Z</time>
        <sat>9</sat>
      </trkpt>
      <trkpt lat="40.649904" lon="-0.015258">
        <ele>1121.4</ele>
        <time>2015-10-20T15:18:41Z</time>
        <sat>9</sat>
      </trkpt>
      <trkpt lat="40.649924" lon="-0.015351">
        <ele>1120.8</ele>
        <time>2015-10-20T15:18:45Z</time>
        <sat>9</sat>
      </trkpt>
      <trkpt lat="40.649947" lon="-0.015439">
        <ele>1120.2</ele>
        <time>2015-10-20T15:18:49Z</time>
        <sat>9</sat>
      </trkpt>
      <trkpt lat="40.649972" lon="-0.015518">
        <ele>1120.3</ele>
        <time>2015-10-20T15:18:53Z</time>
        <sat>9</sat>
      </trkpt>
      <trkpt lat="40.649994" lon="-0.015588">
        <ele>1120.5</ele>
        <time>2015-10-20T15:18:56Z</time>
        <sat>9</sat>
      </trkpt>
      <trkpt lat="40.650015" lon="-0.015648">
        <ele>1120.9</ele>
        <time>2015-10-20T15:18:59Z</time>
        <sat>9</sat>
      </trkpt>
      <trkpt lat="40.650036" lon="-0.015700">
        <ele>1121.3</ele>
        <time>2015-10-20T15:19:02Z</time>
        <sat>9</sat>
      </trkpt>
      <trkpt lat="40.650094" lon="-0.015821">
        <ele>1122.2</ele>
        <time>2015-10-20T15:19:08Z</time>
        <sat>9</sat>
      </trkpt>
      <trkpt lat="40.650142" lon="-0.015905">
        <ele>1122.9</ele>
        <time>2015-10-20T15:19:13Z</time>
        <sat>8</sat>
      </trkpt>
      <trkpt lat="40.650177" lon="-0.015987">
        <ele>1123.6</ele>
        <time>2015-10-20T15:19:17Z</time>
        <sat>9</sat>
      </trkpt>
      <trkpt lat="40.650210" lon="-0.016063">
        <ele>1124.1</ele>
        <time>2015-10-20T15:19:20Z</time>
        <sat>10</sat>
      </trkpt>
      <trkpt lat="40.650240" lon="-0.016155">
        <ele>1124.5</ele>
        <time>2015-10-20T15:19:25Z</time>
        <sat>10</sat>
      </trkpt>
      <trkpt lat="40.650259" lon="-0.016228">
        <ele>1124.5</ele>
        <time>2015-10-20T15:19:28Z</time>
        <sat>10</sat>
      </trkpt>
      <trkpt lat="40.650279" lon="-0.016318">
        <ele>1123.9</ele>
        <time>2015-10-20T15:19:32Z</time>
        <sat>10</sat>
      </trkpt>
      <trkpt lat="40.650297" lon="-0.016423">
        <ele>1123.1</ele>
        <time>2015-10-20T15:19:37Z</time>
        <sat>10</sat>
      </trkpt>
      <trkpt lat="40.650307" lon="-0.016481">
        <ele>1122.6</ele>
        <time>2015-10-20T15:19:39Z</time>
        <sat>10</sat>
      </trkpt>
      <trkpt lat="40.650320" lon="-0.016543">
        <ele>1122.0</ele>
        <time>2015-10-20T15:19:42Z</time>
        <sat>10</sat>
      </trkpt>
      <trkpt lat="40.650332" lon="-0.016608">
        <ele>1121.7</ele>
        <time>2015-10-20T15:19:45Z</time>
        <sat>10</sat>
      </trkpt>
      <trkpt lat="40.650340" lon="-0.016680">
        <ele>1121.2</ele>
        <time>2015-10-20T15:19:48Z</time>
        <sat>10</sat>
      </trkpt>
      <trkpt lat="40.650347" lon="-0.016758">
        <ele>1120.8</ele>
        <time>2015-10-20T15:19:52Z</time>
        <sat>10</sat>
      </trkpt>
      <trkpt lat="40.650352" lon="-0.016838">
        <ele>1120.5</ele>
        <time>2015-10-20T15:19:55Z</time>
        <sat>10</sat>
      </trkpt>
      <trkpt lat="40.650364" lon="-0.016916">
        <ele>1120.2</ele>
        <time>2015-10-20T15:19:59Z</time>
        <sat>10</sat>
      </trkpt>
      <trkpt lat="40.650377" lon="-0.016988">
        <ele>1120.1</ele>
        <time>2015-10-20T15:20:02Z</time>
        <sat>10</sat>
      </trkpt>
      <trkpt lat="40.650392" lon="-0.017088">
        <ele>1120.7</ele>
        <time>2015-10-20T15:20:06Z</time>
        <sat>10</sat>
      </trkpt>
      <trkpt lat="40.650389" lon="-0.017190">
        <ele>1122.0</ele>
        <time>2015-10-20T15:20:11Z</time>
        <sat>10</sat>
      </trkpt>
      <trkpt lat="40.650367" lon="-0.017275">
        <ele>1123.2</ele>
        <time>2015-10-20T15:20:15Z</time>
        <sat>10</sat>
      </trkpt>
      <trkpt lat="40.650325" lon="-0.017368">
        <ele>1124.3</ele>
        <time>2015-10-20T15:20:19Z</time>
        <sat>10</sat>
      </trkpt>
      <trkpt lat="40.650274" lon="-0.017463">
        <ele>1124.7</ele>
        <time>2015-10-20T15:20:24Z</time>
        <sat>10</sat>
      </trkpt>
      <trkpt lat="40.650224" lon="-0.017512">
        <ele>1124.1</ele>
        <time>2015-10-20T15:20:28Z</time>
        <sat>10</sat>
      </trkpt>
      <trkpt lat="40.650152" lon="-0.017568">
        <ele>1123.2</ele>
        <time>2015-10-20T15:20:33Z</time>
        <sat>10</sat>
      </trkpt>
      <trkpt lat="40.650109" lon="-0.017601">
        <ele>1122.7</ele>
        <time>2015-10-20T15:20:36Z</time>
        <sat>10</sat>
      </trkpt>
      <trkpt lat="40.650062" lon="-0.017638">
        <ele>1122.3</ele>
        <time>2015-10-20T15:20:39Z</time>
        <sat>10</sat>
      </trkpt>
      <trkpt lat="40.650015" lon="-0.017672">
        <ele>1122.1</ele>
        <time>2015-10-20T15:20:42Z</time>
        <sat>10</sat>
      </trkpt>
      <trkpt lat="40.649970" lon="-0.017700">
        <ele>1122.0</ele>
        <time>2015-10-20T15:20:44Z</time>
        <sat>10</sat>
      </trkpt>
      <trkpt lat="40.649890" lon="-0.017742">
        <ele>1122.1</ele>
        <time>2015-10-20T15:20:49Z</time>
        <sat>10</sat>
      </trkpt>
      <trkpt lat="40.649812" lon="-0.017768">
        <ele>1122.0</ele>
        <time>2015-10-20T15:20:54Z</time>
        <sat>10</sat>
      </trkpt>
      <trkpt lat="40.649725" lon="-0.017792">
        <ele>1121.3</ele>
        <time>2015-10-20T15:20:59Z</time>
        <sat>10</sat>
      </trkpt>
      <trkpt lat="40.649677" lon="-0.017801">
        <ele>1120.7</ele>
        <time>2015-10-20T15:21:02Z</time>
        <sat>10</sat>
      </trkpt>
      <trkpt lat="40.649623" lon="-0.017803">
        <ele>1120.1</ele>
        <time>2015-10-20T15:21:05Z</time>
        <sat>10</sat>
      </trkpt>
      <trkpt lat="40.649564" lon="-0.017796">
        <ele>1119.1</ele>
        <time>2015-10-20T15:21:08Z</time>
        <sat>10</sat>
      </trkpt>
      <trkpt lat="40.649504" lon="-0.017790">
        <ele>1119.1</ele>
        <time>2015-10-20T15:21:12Z</time>
        <sat>10</sat>
      </trkpt>
      <trkpt lat="40.649445" lon="-0.017800">
        <ele>1119.2</ele>
        <time>2015-10-20T15:21:15Z</time>
        <sat>10</sat>
      </trkpt>
      <trkpt lat="40.649394" lon="-0.017828">
        <ele>1119.0</ele>
        <time>2015-10-20T15:21:18Z</time>
        <sat>10</sat>
      </trkpt>
      <trkpt lat="40.649349" lon="-0.017861">
        <ele>1119.1</ele>
        <time>2015-10-20T15:21:21Z</time>
        <sat>10</sat>
      </trkpt>
      <trkpt lat="40.649302" lon="-0.017898">
        <ele>1119.0</ele>
        <time>2015-10-20T15:21:24Z</time>
        <sat>10</sat>
      </trkpt>
      <trkpt lat="40.649255" lon="-0.017930">
        <ele>1119.0</ele>
        <time>2015-10-20T15:21:27Z</time>
        <sat>10</sat>
      </trkpt>
      <trkpt lat="40.649208" lon="-0.017960">
        <ele>1119.0</ele>
        <time>2015-10-20T15:21:30Z</time>
        <sat>10</sat>
      </trkpt>
      <trkpt lat="40.649166" lon="-0.017986">
        <ele>1119.3</ele>
        <time>2015-10-20T15:21:33Z</time>
        <sat>10</sat>
      </trkpt>
      <trkpt lat="40.649092" lon="-0.018053">
        <ele>1120.0</ele>
        <time>2015-10-20T15:21:38Z</time>
        <sat>10</sat>
      </trkpt>
      <trkpt lat="40.649042" lon="-0.018119">
        <ele>1120.7</ele>
        <time>2015-10-20T15:21:42Z</time>
        <sat>10</sat>
      </trkpt>
      <trkpt lat="40.648990" lon="-0.018201">
        <ele>1121.9</ele>
        <time>2015-10-20T15:21:47Z</time>
        <sat>10</sat>
      </trkpt>
      <trkpt lat="40.648944" lon="-0.018268">
        <ele>1122.8</ele>
        <time>2015-10-20T15:21:51Z</time>
        <sat>10</sat>
      </trkpt>
      <trkpt lat="40.648887" lon="-0.018355">
        <ele>1123.9</ele>
        <time>2015-10-20T15:21:56Z</time>
        <sat>9</sat>
      </trkpt>
      <trkpt lat="40.648829" lon="-0.018436">
        <ele>1124.8</ele>
        <time>2015-10-20T15:22:01Z</time>
        <sat>9</sat>
      </trkpt>
      <trkpt lat="40.648787" lon="-0.018526">
        <ele>1125.5</ele>
        <time>2015-10-20T15:22:05Z</time>
        <sat>8</sat>
      </trkpt>
      <trkpt lat="40.648758" lon="-0.018632">
        <ele>1125.4</ele>
        <time>2015-10-20T15:22:10Z</time>
        <sat>9</sat>
      </trkpt>
      <trkpt lat="40.648747" lon="-0.018745">
        <ele>1124.7</ele>
        <time>2015-10-20T15:22:15Z</time>
        <sat>9</sat>
      </trkpt>
      <trkpt lat="40.648747" lon="-0.018830">
        <ele>1124.0</ele>
        <time>2015-10-20T15:22:19Z</time>
        <sat>9</sat>
      </trkpt>
      <trkpt lat="40.648742" lon="-0.018923">
        <ele>1123.1</ele>
        <time>2015-10-20T15:22:23Z</time>
        <sat>9</sat>
      </trkpt>
      <trkpt lat="40.648740" lon="-0.019020">
        <ele>1122.1</ele>
        <time>2015-10-20T15:22:27Z</time>
        <sat>9</sat>
      </trkpt>
      <trkpt lat="40.648732" lon="-0.019124">
        <ele>1121.0</ele>
        <time>2015-10-20T15:22:32Z</time>
        <sat>9</sat>
      </trkpt>
      <trkpt lat="40.648724" lon="-0.019183">
        <ele>1120.4</ele>
        <time>2015-10-20T15:22:34Z</time>
        <sat>9</sat>
      </trkpt>
      <trkpt lat="40.648714" lon="-0.019241">
        <ele>1119.9</ele>
        <time>2015-10-20T15:22:37Z</time>
        <sat>9</sat>
      </trkpt>
      <trkpt lat="40.648700" lon="-0.019303">
        <ele>1119.3</ele>
        <time>2015-10-20T15:22:40Z</time>
        <sat>9</sat>
      </trkpt>
      <trkpt lat="40.648684" lon="-0.019365">
        <ele>1118.5</ele>
        <time>2015-10-20T15:22:42Z</time>
        <sat>9</sat>
      </trkpt>
      <trkpt lat="40.648665" lon="-0.019427">
        <ele>1117.8</ele>
        <time>2015-10-20T15:22:45Z</time>
        <sat>9</sat>
      </trkpt>
      <trkpt lat="40.648645" lon="-0.019491">
        <ele>1117.0</ele>
        <time>2015-10-20T15:22:48Z</time>
        <sat>9</sat>
      </trkpt>
      <trkpt lat="40.648625" lon="-0.019563">
        <ele>1116.1</ele>
        <time>2015-10-20T15:22:52Z</time>
        <sat>9</sat>
      </trkpt>
      <trkpt lat="40.648604" lon="-0.019643">
        <ele>1115.3</ele>
        <time>2015-10-20T15:22:55Z</time>
        <sat>9</sat>
      </trkpt>
      <trkpt lat="40.648580" lon="-0.019720">
        <ele>1114.4</ele>
        <time>2015-10-20T15:22:59Z</time>
        <sat>9</sat>
      </trkpt>
      <trkpt lat="40.648555" lon="-0.019801">
        <ele>1113.6</ele>
        <time>2015-10-20T15:23:03Z</time>
        <sat>9</sat>
      </trkpt>
      <trkpt lat="40.648528" lon="-0.019885">
        <ele>1112.8</ele>
        <time>2015-10-20T15:23:07Z</time>
        <sat>8</sat>
      </trkpt>
      <trkpt lat="40.648499" lon="-0.019971">
        <ele>1111.7</ele>
        <time>2015-10-20T15:23:11Z</time>
        <sat>9</sat>
      </trkpt>
      <trkpt lat="40.648464" lon="-0.020063">
        <ele>1110.4</ele>
        <time>2015-10-20T15:23:15Z</time>
        <sat>9</sat>
      </trkpt>
      <trkpt lat="40.648423" lon="-0.020160">
        <ele>1109.1</ele>
        <time>2015-10-20T15:23:20Z</time>
        <sat>9</sat>
      </trkpt>
      <trkpt lat="40.648380" lon="-0.020261">
        <ele>1107.8</ele>
        <time>2015-10-20T15:23:25Z</time>
        <sat>9</sat>
      </trkpt>
      <trkpt lat="40.648339" lon="-0.020367">
        <ele>1106.8</ele>
        <time>2015-10-20T15:23:30Z</time>
        <sat>9</sat>
      </trkpt>
      <trkpt lat="40.648298" lon="-0.020476">
        <ele>1106.3</ele>
        <time>2015-10-20T15:23:36Z</time>
        <sat>8</sat>
      </trkpt>
      <trkpt lat="40.648262" lon="-0.020574">
        <ele>1106.6</ele>
        <time>2015-10-20T15:23:40Z</time>
        <sat>9</sat>
      </trkpt>
      <trkpt lat="40.648227" lon="-0.020668">
        <ele>1106.7</ele>
        <time>2015-10-20T15:23:45Z</time>
        <sat>9</sat>
      </trkpt>
      <trkpt lat="40.648197" lon="-0.020755">
        <ele>1107.0</ele>
        <time>2015-10-20T15:23:49Z</time>
        <sat>9</sat>
      </trkpt>
      <trkpt lat="40.648169" lon="-0.020830">
        <ele>1107.4</ele>
        <time>2015-10-20T15:23:53Z</time>
        <sat>9</sat>
      </trkpt>
      <trkpt lat="40.648149" lon="-0.020890">
        <ele>1108.1</ele>
        <time>2015-10-20T15:23:55Z</time>
        <sat>9</sat>
      </trkpt>
      <trkpt lat="40.648117" lon="-0.020995">
        <ele>1108.8</ele>
        <time>2015-10-20T15:24:00Z</time>
        <sat>9</sat>
      </trkpt>
      <trkpt lat="40.648097" lon="-0.021088">
        <ele>1109.7</ele>
        <time>2015-10-20T15:24:04Z</time>
        <sat>9</sat>
      </trkpt>
      <trkpt lat="40.648087" lon="-0.021175">
        <ele>1109.7</ele>
        <time>2015-10-20T15:24:08Z</time>
        <sat>9</sat>
      </trkpt>
      <trkpt lat="40.648080" lon="-0.021286">
        <ele>1108.5</ele>
        <time>2015-10-20T15:24:13Z</time>
        <sat>9</sat>
      </trkpt>
      <trkpt lat="40.648074" lon="-0.021348">
        <ele>1108.0</ele>
        <time>2015-10-20T15:24:16Z</time>
        <sat>9</sat>
      </trkpt>
      <trkpt lat="40.648064" lon="-0.021415">
        <ele>1107.3</ele>
        <time>2015-10-20T15:24:19Z</time>
        <sat>9</sat>
      </trkpt>
      <trkpt lat="40.648049" lon="-0.021492">
        <ele>1106.2</ele>
        <time>2015-10-20T15:24:22Z</time>
        <sat>9</sat>
      </trkpt>
      <trkpt lat="40.648032" lon="-0.021566">
        <ele>1105.3</ele>
        <time>2015-10-20T15:24:26Z</time>
        <sat>9</sat>
      </trkpt>
      <trkpt lat="40.648014" lon="-0.021650">
        <ele>1104.2</ele>
        <time>2015-10-20T15:24:29Z</time>
        <sat>9</sat>
      </trkpt>
      <trkpt lat="40.647989" lon="-0.021735">
        <ele>1103.3</ele>
        <time>2015-10-20T15:24:33Z</time>
        <sat>9</sat>
      </trkpt>
      <trkpt lat="40.647955" lon="-0.021816">
        <ele>1102.6</ele>
        <time>2015-10-20T15:24:37Z</time>
        <sat>9</sat>
      </trkpt>
      <trkpt lat="40.647917" lon="-0.021893">
        <ele>1102.0</ele>
        <time>2015-10-20T15:24:41Z</time>
        <sat>9</sat>
      </trkpt>
      <trkpt lat="40.647879" lon="-0.021963">
        <ele>1101.4</ele>
        <time>2015-10-20T15:24:45Z</time>
        <sat>9</sat>
      </trkpt>
      <trkpt lat="40.647848" lon="-0.022021">
        <ele>1100.9</ele>
        <time>2015-10-20T15:24:48Z</time>
        <sat>9</sat>
      </trkpt>
      <trkpt lat="40.647827" lon="-0.022080">
        <ele>1100.3</ele>
        <time>2015-10-20T15:24:51Z</time>
        <sat>9</sat>
      </trkpt>
      <trkpt lat="40.647812" lon="-0.022139">
        <ele>1099.6</ele>
        <time>2015-10-20T15:24:54Z</time>
        <sat>9</sat>
      </trkpt>
      <trkpt lat="40.647797" lon="-0.022196">
        <ele>1098.8</ele>
        <time>2015-10-20T15:24:56Z</time>
        <sat>9</sat>
      </trkpt>
      <trkpt lat="40.647782" lon="-0.022258">
        <ele>1098.1</ele>
        <time>2015-10-20T15:24:59Z</time>
        <sat>9</sat>
      </trkpt>
      <trkpt lat="40.647757" lon="-0.022371">
        <ele>1097.2</ele>
        <time>2015-10-20T15:25:04Z</time>
        <sat>9</sat>
      </trkpt>
      <trkpt lat="40.647794" lon="-0.022475">
        <ele>1095.9</ele>
        <time>2015-10-20T15:25:09Z</time>
        <sat>9</sat>
      </trkpt>
      <trkpt lat="40.647870" lon="-0.022533">
        <ele>1093.3</ele>
        <time>2015-10-20T15:25:14Z</time>
        <sat>9</sat>
      </trkpt>
      <trkpt lat="40.647858" lon="-0.022530">
        <ele>1093.8</ele>
        <time>2015-10-20T15:25:15Z</time>
        <sat>8</sat>
      </trkpt>
      <trkpt lat="40.647860" lon="-0.022527">
        <ele>1093.7</ele>
        <time>2015-10-20T15:25:15Z</time>
        <sat>8</sat>
      </trkpt>
      <trkpt lat="40.647865" lon="-0.022538">
        <ele>1093.4</ele>
        <time>2015-10-20T15:25:16Z</time>
        <sat>8</sat>
      </trkpt>
      <trkpt lat="40.647947" lon="-0.022481">
        <ele>1091.8</ele>
        <time>2015-10-20T15:25:21Z</time>
        <sat>8</sat>
      </trkpt>
      <trkpt lat="40.648040" lon="-0.022458">
        <ele>1089.8</ele>
        <time>2015-10-20T15:25:26Z</time>
        <sat>7</sat>
      </trkpt>
      <trkpt lat="40.648122" lon="-0.022390">
        <ele>1087.7</ele>
        <time>2015-10-20T15:25:32Z</time>
        <sat>8</sat>
      </trkpt>
      <trkpt lat="40.648212" lon="-0.022353">
        <ele>1084.4</ele>
        <time>2015-10-20T15:25:37Z</time>
        <sat>7</sat>
      </trkpt>
      <trkpt lat="40.648280" lon="-0.022256">
        <ele>1082.7</ele>
        <time>2015-10-20T15:25:43Z</time>
        <sat>8</sat>
      </trkpt>
      <trkpt lat="40.648350" lon="-0.022178">
        <ele>1082.3</ele>
        <time>2015-10-20T15:25:48Z</time>
        <sat>8</sat>
      </trkpt>
      <trkpt lat="40.648447" lon="-0.022163">
        <ele>1082.7</ele>
        <time>2015-10-20T15:25:54Z</time>
        <sat>8</sat>
      </trkpt>
      <trkpt lat="40.648539" lon="-0.022166">
        <ele>1083.1</ele>
        <time>2015-10-20T15:25:59Z</time>
        <sat>7</sat>
      </trkpt>
      <trkpt lat="40.648628" lon="-0.022159">
        <ele>1083.8</ele>
        <time>2015-10-20T15:26:04Z</time>
        <sat>7</sat>
      </trkpt>
      <trkpt lat="40.648720" lon="-0.022166">
        <ele>1083.2</ele>
        <time>2015-10-20T15:26:09Z</time>
        <sat>7</sat>
      </trkpt>
      <trkpt lat="40.648809" lon="-0.022201">
        <ele>1081.9</ele>
        <time>2015-10-20T15:26:15Z</time>
        <sat>7</sat>
      </trkpt>
      <trkpt lat="40.648905" lon="-0.022208">
        <ele>1081.0</ele>
        <time>2015-10-20T15:26:20Z</time>
        <sat>7</sat>
      </trkpt>
      <trkpt lat="40.649000" lon="-0.022206">
        <ele>1078.2</ele>
        <time>2015-10-20T15:26:26Z</time>
        <sat>7</sat>
      </trkpt>
      <trkpt lat="40.649030" lon="-0.022093">
        <ele>1074.7</ele>
        <time>2015-10-20T15:26:31Z</time>
        <sat>7</sat>
      </trkpt>
      <trkpt lat="40.649002" lon="-0.021980">
        <ele>1073.2</ele>
        <time>2015-10-20T15:26:36Z</time>
        <sat>7</sat>
      </trkpt>
      <trkpt lat="40.648973" lon="-0.021866">
        <ele>1072.5</ele>
        <time>2015-10-20T15:26:41Z</time>
        <sat>7</sat>
      </trkpt>
      <trkpt lat="40.649028" lon="-0.021771">
        <ele>1068.5</ele>
        <time>2015-10-20T15:26:46Z</time>
        <sat>7</sat>
      </trkpt>
      <trkpt lat="40.649119" lon="-0.021783">
        <ele>1064.9</ele>
        <time>2015-10-20T15:26:52Z</time>
        <sat>7</sat>
      </trkpt>
      <trkpt lat="40.649182" lon="-0.021868">
        <ele>1064.1</ele>
        <time>2015-10-20T15:26:57Z</time>
        <sat>7</sat>
      </trkpt>
      <trkpt lat="40.649257" lon="-0.021941">
        <ele>1063.0</ele>
        <time>2015-10-20T15:27:02Z</time>
        <sat>7</sat>
      </trkpt>
      <trkpt lat="40.649340" lon="-0.022024">
        <ele>1061.7</ele>
        <time>2015-10-20T15:27:08Z</time>
        <sat>7</sat>
      </trkpt>
      <trkpt lat="40.649412" lon="-0.022103">
        <ele>1060.7</ele>
        <time>2015-10-20T15:27:13Z</time>
        <sat>7</sat>
      </trkpt>
      <trkpt lat="40.649485" lon="-0.022196">
        <ele>1060.0</ele>
        <time>2015-10-20T15:27:19Z</time>
        <sat>7</sat>
      </trkpt>
      <trkpt lat="40.649564" lon="-0.022268">
        <ele>1058.0</ele>
        <time>2015-10-20T15:27:25Z</time>
        <sat>7</sat>
      </trkpt>
      <trkpt lat="40.649620" lon="-0.022361">
        <ele>1056.1</ele>
        <time>2015-10-20T15:27:30Z</time>
        <sat>7</sat>
      </trkpt>
      <trkpt lat="40.649665" lon="-0.022473">
        <ele>1054.0</ele>
        <time>2015-10-20T15:27:35Z</time>
        <sat>7</sat>
      </trkpt>
      <trkpt lat="40.649657" lon="-0.022591">
        <ele>1055.1</ele>
        <time>2015-10-20T15:27:41Z</time>
        <sat>7</sat>
      </trkpt>
      <trkpt lat="40.649675" lon="-0.022716">
        <ele>1054.1</ele>
        <time>2015-10-20T15:27:46Z</time>
        <sat>7</sat>
      </trkpt>
      <trkpt lat="40.649717" lon="-0.022826">
        <ele>1052.5</ele>
        <time>2015-10-20T15:27:51Z</time>
        <sat>7</sat>
      </trkpt>
      <trkpt lat="40.649775" lon="-0.022929">
        <ele>1050.4</ele>
        <time>2015-10-20T15:27:57Z</time>
        <sat>7</sat>
      </trkpt>
      <trkpt lat="40.649799" lon="-0.023048">
        <ele>1050.5</ele>
        <time>2015-10-20T15:28:02Z</time>
        <sat>7</sat>
      </trkpt>
      <trkpt lat="40.649842" lon="-0.023161">
        <ele>1049.7</ele>
        <time>2015-10-20T15:28:08Z</time>
        <sat>7</sat>
      </trkpt>
      <trkpt lat="40.649890" lon="-0.023264">
        <ele>1048.6</ele>
        <time>2015-10-20T15:28:13Z</time>
        <sat>7</sat>
      </trkpt>
      <trkpt lat="40.649946" lon="-0.023379">
        <ele>1047.5</ele>
        <time>2015-10-20T15:28:19Z</time>
        <sat>7</sat>
      </trkpt>
      <trkpt lat="40.649980" lon="-0.023499">
        <ele>1047.2</ele>
        <time>2015-10-20T15:28:25Z</time>
        <sat>6</sat>
      </trkpt>
      <trkpt lat="40.650019" lon="-0.023618">
        <ele>1047.7</ele>
        <time>2015-10-20T15:28:30Z</time>
        <sat>7</sat>
      </trkpt>
      <trkpt lat="40.650082" lon="-0.023711">
        <ele>1047.6</ele>
        <time>2015-10-20T15:28:36Z</time>
        <sat>7</sat>
      </trkpt>
      <trkpt lat="40.650154" lon="-0.023796">
        <ele>1046.9</ele>
        <time>2015-10-20T15:28:41Z</time>
        <sat>7</sat>
      </trkpt>
      <trkpt lat="40.650224" lon="-0.023890">
        <ele>1045.8</ele>
        <time>2015-10-20T15:28:47Z</time>
        <sat>7</sat>
      </trkpt>
      <trkpt lat="40.650240" lon="-0.024013">
        <ele>1043.5</ele>
        <time>2015-10-20T15:28:52Z</time>
        <sat>7</sat>
      </trkpt>
      <trkpt lat="40.650250" lon="-0.024135">
        <ele>1041.4</ele>
        <time>2015-10-20T15:28:58Z</time>
        <sat>7</sat>
      </trkpt>
      <trkpt lat="40.650230" lon="-0.024253">
        <ele>1038.4</ele>
        <time>2015-10-20T15:29:03Z</time>
        <sat>7</sat>
      </trkpt>
      <trkpt lat="40.650135" lon="-0.024243">
        <ele>1037.1</ele>
        <time>2015-10-20T15:29:08Z</time>
        <sat>6</sat>
      </trkpt>
      <trkpt lat="40.650045" lon="-0.024263">
        <ele>1035.7</ele>
        <time>2015-10-20T15:29:13Z</time>
        <sat>6</sat>
      </trkpt>
      <trkpt lat="40.649955" lon="-0.024288">
        <ele>1034.0</ele>
        <time>2015-10-20T15:29:19Z</time>
        <sat>6</sat>
      </trkpt>
      <trkpt lat="40.649865" lon="-0.024308">
        <ele>1032.2</ele>
        <time>2015-10-20T15:29:24Z</time>
        <sat>6</sat>
      </trkpt>
      <trkpt lat="40.649775" lon="-0.024313">
        <ele>1031.1</ele>
        <time>2015-10-20T15:29:29Z</time>
        <sat>6</sat>
      </trkpt>
      <trkpt lat="40.649687" lon="-0.024351">
        <ele>1029.0</ele>
        <time>2015-10-20T15:29:34Z</time>
        <sat>6</sat>
      </trkpt>
      <trkpt lat="40.649600" lon="-0.024383">
        <ele>1026.9</ele>
        <time>2015-10-20T15:29:40Z</time>
        <sat>6</sat>
      </trkpt>
      <trkpt lat="40.649660" lon="-0.024483">
        <ele>1026.3</ele>
        <time>2015-10-20T15:29:45Z</time>
        <sat>6</sat>
      </trkpt>
      <trkpt lat="40.649723" lon="-0.024568">
        <ele>1025.5</ele>
        <time>2015-10-20T15:29:50Z</time>
        <sat>6</sat>
      </trkpt>
      <trkpt lat="40.649780" lon="-0.024675">
        <ele>1023.3</ele>
        <time>2015-10-20T15:29:56Z</time>
        <sat>6</sat>
      </trkpt>
      <trkpt lat="40.649825" lon="-0.024780">
        <ele>1020.6</ele>
        <time>2015-10-20T15:30:01Z</time>
        <sat>6</sat>
      </trkpt>
      <trkpt lat="40.649862" lon="-0.024893">
        <ele>1017.9</ele>
        <time>2015-10-20T15:30:07Z</time>
        <sat>6</sat>
      </trkpt>
      <trkpt lat="40.649862" lon="-0.025013">
        <ele>1015.1</ele>
        <time>2015-10-20T15:30:12Z</time>
        <sat>6</sat>
      </trkpt>
      <trkpt lat="40.649889" lon="-0.025128">
        <ele>1015.8</ele>
        <time>2015-10-20T15:30:17Z</time>
        <sat>6</sat>
      </trkpt>
      <trkpt lat="40.649890" lon="-0.025251">
        <ele>1013.8</ele>
        <time>2015-10-20T15:30:22Z</time>
        <sat>6</sat>
      </trkpt>
      <trkpt lat="40.649877" lon="-0.025371">
        <ele>1011.9</ele>
        <time>2015-10-20T15:30:28Z</time>
        <sat>6</sat>
      </trkpt>
      <trkpt lat="40.649835" lon="-0.025486">
        <ele>1010.2</ele>
        <time>2015-10-20T15:30:33Z</time>
        <sat>6</sat>
      </trkpt>
      <trkpt lat="40.649812" lon="-0.025603">
        <ele>1009.0</ele>
        <time>2015-10-20T15:30:38Z</time>
        <sat>6</sat>
      </trkpt>
      <trkpt lat="40.649765" lon="-0.025709">
        <ele>1006.7</ele>
        <time>2015-10-20T15:30:44Z</time>
        <sat>6</sat>
      </trkpt>
      <trkpt lat="40.649704" lon="-0.025815">
        <ele>1004.5</ele>
        <time>2015-10-20T15:30:49Z</time>
        <sat>6</sat>
      </trkpt>
      <trkpt lat="40.649640" lon="-0.025903">
        <ele>1003.8</ele>
        <time>2015-10-20T15:30:55Z</time>
        <sat>6</sat>
      </trkpt>
      <trkpt lat="40.649592" lon="-0.026007">
        <ele>1000.7</ele>
        <time>2015-10-20T15:31:00Z</time>
        <sat>5</sat>
      </trkpt>
      <trkpt lat="40.649652" lon="-0.026108">
        <ele>1001.1</ele>
        <time>2015-10-20T15:31:06Z</time>
        <sat>6</sat>
      </trkpt>
      <trkpt lat="40.649677" lon="-0.026228">
        <ele>1000.0</ele>
        <time>2015-10-20T15:31:11Z</time>
        <sat>6</sat>
      </trkpt>
      <trkpt lat="40.649654" lon="-0.026346">
        <ele>997.7</ele>
        <time>2015-10-20T15:31:16Z</time>
        <sat>6</sat>
      </trkpt>
      <trkpt lat="40.649659" lon="-0.026478">
        <ele>996.0</ele>
        <time>2015-10-20T15:31:22Z</time>
        <sat>6</sat>
      </trkpt>
      <trkpt lat="40.649677" lon="-0.026606">
        <ele>996.9</ele>
        <time>2015-10-20T15:31:28Z</time>
        <sat>6</sat>
      </trkpt>
      <trkpt lat="40.649667" lon="-0.026734">
        <ele>996.5</ele>
        <time>2015-10-20T15:31:33Z</time>
        <sat>6</sat>
      </trkpt>
      <trkpt lat="40.649628" lon="-0.026846">
        <ele>994.6</ele>
        <time>2015-10-20T15:31:39Z</time>
        <sat>6</sat>
      </trkpt>
      <trkpt lat="40.649605" lon="-0.026973">
        <ele>992.1</ele>
        <time>2015-10-20T15:31:44Z</time>
        <sat>6</sat>
      </trkpt>
      <trkpt lat="40.649623" lon="-0.027098">
        <ele>990.3</ele>
        <time>2015-10-20T15:31:50Z</time>
        <sat>6</sat>
      </trkpt>
      <trkpt lat="40.649577" lon="-0.027203">
        <ele>988.9</ele>
        <time>2015-10-20T15:31:55Z</time>
        <sat>6</sat>
      </trkpt>
      <trkpt lat="40.649494" lon="-0.027255">
        <ele>987.5</ele>
        <time>2015-10-20T15:32:00Z</time>
        <sat>6</sat>
      </trkpt>
      <trkpt lat="40.649433" lon="-0.027353">
        <ele>989.9</ele>
        <time>2015-10-20T15:32:06Z</time>
        <sat>6</sat>
      </trkpt>
      <trkpt lat="40.649393" lon="-0.027468">
        <ele>989.0</ele>
        <time>2015-10-20T15:32:11Z</time>
        <sat>6</sat>
      </trkpt>
      <trkpt lat="40.649372" lon="-0.027593">
        <ele>987.1</ele>
        <time>2015-10-20T15:32:17Z</time>
        <sat>6</sat>
      </trkpt>
      <trkpt lat="40.649380" lon="-0.027711">
        <ele>985.4</ele>
        <time>2015-10-20T15:32:22Z</time>
        <sat>6</sat>
      </trkpt>
      <trkpt lat="40.649472" lon="-0.027888">
        <ele>985.2</ele>
        <time>2015-10-20T15:32:31Z</time>
      </trkpt>
      <trkpt lat="40.649498" lon="-0.028116">
        <ele>986.0</ele>
        <time>2015-10-20T15:32:41Z</time>
        <sat>6</sat>
      </trkpt>
      <trkpt lat="40.649498" lon="-0.028243">
        <ele>987.1</ele>
        <time>2015-10-20T15:32:47Z</time>
        <sat>6</sat>
      </trkpt>
      <trkpt lat="40.649492" lon="-0.028363">
        <ele>988.7</ele>
        <time>2015-10-20T15:32:52Z</time>
        <sat>6</sat>
      </trkpt>
      <trkpt lat="40.649450" lon="-0.028478">
        <ele>987.1</ele>
        <time>2015-10-20T15:32:57Z</time>
        <sat>6</sat>
      </trkpt>
      <trkpt lat="40.649410" lon="-0.028586">
        <ele>986.7</ele>
        <time>2015-10-20T15:33:03Z</time>
        <sat>6</sat>
      </trkpt>
      <trkpt lat="40.649382" lon="-0.028713">
        <ele>987.1</ele>
        <time>2015-10-20T15:33:08Z</time>
        <sat>6</sat>
      </trkpt>
      <trkpt lat="40.649354" lon="-0.028828">
        <ele>986.1</ele>
        <time>2015-10-20T15:33:14Z</time>
        <sat>6</sat>
      </trkpt>
      <trkpt lat="40.649362" lon="-0.028953">
        <ele>986.8</ele>
        <time>2015-10-20T15:33:19Z</time>
        <sat>6</sat>
      </trkpt>
      <trkpt lat="40.649308" lon="-0.029061">
        <ele>985.3</ele>
        <time>2015-10-20T15:33:25Z</time>
        <sat>6</sat>
      </trkpt>
      <trkpt lat="40.649229" lon="-0.029130">
        <ele>983.1</ele>
        <time>2015-10-20T15:33:30Z</time>
        <sat>6</sat>
      </trkpt>
      <trkpt lat="40.649134" lon="-0.029164">
        <ele>982.8</ele>
        <time>2015-10-20T15:33:36Z</time>
        <sat>6</sat>
      </trkpt>
      <trkpt lat="40.649047" lon="-0.029221">
        <ele>982.2</ele>
        <time>2015-10-20T15:33:41Z</time>
        <sat>6</sat>
      </trkpt>
      <trkpt lat="40.648962" lon="-0.029261">
        <ele>982.4</ele>
        <time>2015-10-20T15:33:46Z</time>
        <sat>6</sat>
      </trkpt>
      <trkpt lat="40.648875" lon="-0.029299">
        <ele>982.1</ele>
        <time>2015-10-20T15:33:52Z</time>
        <sat>6</sat>
      </trkpt>
      <trkpt lat="40.648797" lon="-0.029365">
        <ele>983.3</ele>
        <time>2015-10-20T15:33:57Z</time>
        <sat>6</sat>
      </trkpt>
      <trkpt lat="40.648708" lon="-0.029418">
        <ele>983.4</ele>
        <time>2015-10-20T15:34:03Z</time>
        <sat>6</sat>
      </trkpt>
      <trkpt lat="40.648623" lon="-0.029468">
        <ele>982.7</ele>
        <time>2015-10-20T15:34:08Z</time>
        <sat>6</sat>
      </trkpt>
      <trkpt lat="40.648539" lon="-0.029531">
        <ele>982.8</ele>
        <time>2015-10-20T15:34:13Z</time>
        <sat>6</sat>
      </trkpt>
      <trkpt lat="40.648462" lon="-0.029601">
        <ele>983.0</ele>
        <time>2015-10-20T15:34:19Z</time>
        <sat>6</sat>
      </trkpt>
      <trkpt lat="40.648380" lon="-0.029656">
        <ele>982.2</ele>
        <time>2015-10-20T15:34:24Z</time>
        <sat>6</sat>
      </trkpt>
      <trkpt lat="40.648298" lon="-0.029725">
        <ele>981.9</ele>
        <time>2015-10-20T15:34:30Z</time>
        <sat>6</sat>
      </trkpt>
      <trkpt lat="40.648212" lon="-0.029795">
        <ele>981.1</ele>
        <time>2015-10-20T15:34:35Z</time>
        <sat>6</sat>
      </trkpt>
      <trkpt lat="40.648142" lon="-0.029886">
        <ele>981.7</ele>
        <time>2015-10-20T15:34:41Z</time>
        <sat>6</sat>
      </trkpt>
      <trkpt lat="40.648082" lon="-0.029986">
        <ele>985.0</ele>
        <time>2015-10-20T15:34:47Z</time>
        <sat>6</sat>
      </trkpt>
      <trkpt lat="40.647992" lon="-0.030006">
        <ele>982.9</ele>
        <time>2015-10-20T15:34:52Z</time>
        <sat>6</sat>
      </trkpt>
      <trkpt lat="40.647900" lon="-0.030028">
        <ele>976.7</ele>
        <time>2015-10-20T15:34:57Z</time>
        <sat>6</sat>
      </trkpt>
      <trkpt lat="40.647813" lon="-0.030071">
        <ele>975.7</ele>
        <time>2015-10-20T15:35:02Z</time>
        <sat>5</sat>
      </trkpt>
      <trkpt lat="40.647721" lon="-0.030086">
        <ele>974.7</ele>
        <time>2015-10-20T15:35:08Z</time>
        <sat>5</sat>
      </trkpt>
      <trkpt lat="40.647625" lon="-0.030101">
        <ele>974.0</ele>
        <time>2015-10-20T15:35:13Z</time>
        <sat>5</sat>
      </trkpt>
      <trkpt lat="40.647547" lon="-0.030187">
        <ele>973.8</ele>
        <time>2015-10-20T15:35:19Z</time>
        <sat>4</sat>
      </trkpt>
      <trkpt lat="40.647473" lon="-0.030294">
        <ele>976.9</ele>
        <time>2015-10-20T15:35:25Z</time>
        <sat>4</sat>
      </trkpt>
      <trkpt lat="40.647405" lon="-0.030398">
        <ele>978.1</ele>
        <time>2015-10-20T15:35:31Z</time>
        <sat>5</sat>
      </trkpt>
      <trkpt lat="40.647350" lon="-0.030498">
        <ele>977.3</ele>
        <time>2015-10-20T15:35:37Z</time>
        <sat>5</sat>
      </trkpt>
      <trkpt lat="40.647278" lon="-0.030591">
        <ele>975.7</ele>
        <time>2015-10-20T15:35:42Z</time>
        <sat>5</sat>
      </trkpt>
      <trkpt lat="40.647202" lon="-0.030680">
        <ele>974.3</ele>
        <time>2015-10-20T15:35:48Z</time>
        <sat>5</sat>
      </trkpt>
      <trkpt lat="40.647185" lon="-0.030801">
        <ele>974.1</ele>
        <time>2015-10-20T15:35:54Z</time>
        <sat>5</sat>
      </trkpt>
      <trkpt lat="40.647192" lon="-0.030921">
        <ele>974.5</ele>
        <time>2015-10-20T15:35:59Z</time>
        <sat>5</sat>
      </trkpt>
      <trkpt lat="40.647192" lon="-0.030921">
        <ele>974.5</ele>
        <time>2015-10-20T15:35:59Z</time>
        <sat>5</sat>
      </trkpt>
      <trkpt lat="40.647165" lon="-0.031040">
        <ele>974.5</ele>
        <time>2015-10-20T15:36:04Z</time>
        <sat>5</sat>
      </trkpt>
      <trkpt lat="40.647142" lon="-0.031156">
        <ele>975.2</ele>
        <time>2015-10-20T15:36:09Z</time>
        <sat>5</sat>
      </trkpt>
      <trkpt lat="40.647092" lon="-0.031314">
        <ele>975.6</ele>
        <time>2015-10-20T15:36:17Z</time>
        <sat>5</sat>
      </trkpt>
      <trkpt lat="40.647005" lon="-0.031439">
        <ele>977.5</ele>
        <time>2015-10-20T15:36:24Z</time>
        <sat>5</sat>
      </trkpt>
      <trkpt lat="40.646914" lon="-0.031526">
        <ele>978.5</ele>
        <time>2015-10-20T15:36:31Z</time>
        <sat>5</sat>
      </trkpt>
      <trkpt lat="40.646807" lon="-0.031636">
        <ele>979.7</ele>
        <time>2015-10-20T15:36:38Z</time>
        <sat>5</sat>
      </trkpt>
      <trkpt lat="40.646698" lon="-0.031741">
        <ele>980.5</ele>
        <time>2015-10-20T15:36:46Z</time>
        <sat>6</sat>
      </trkpt>
      <trkpt lat="40.646585" lon="-0.031823">
        <ele>981.9</ele>
        <time>2015-10-20T15:36:53Z</time>
        <sat>6</sat>
      </trkpt>
      <trkpt lat="40.646462" lon="-0.031935">
        <ele>982.1</ele>
        <time>2015-10-20T15:37:02Z</time>
        <sat>6</sat>
      </trkpt>
      <trkpt lat="40.646339" lon="-0.032069">
        <ele>983.8</ele>
        <time>2015-10-20T15:37:11Z</time>
        <sat>5</sat>
      </trkpt>
      <trkpt lat="40.646247" lon="-0.032184">
        <ele>985.4</ele>
        <time>2015-10-20T15:37:18Z</time>
        <sat>5</sat>
      </trkpt>
      <trkpt lat="40.646157" lon="-0.032268">
        <ele>986.4</ele>
        <time>2015-10-20T15:37:25Z</time>
        <sat>5</sat>
      </trkpt>
      <trkpt lat="40.646052" lon="-0.032355">
        <ele>986.5</ele>
        <time>2015-10-20T15:37:32Z</time>
        <sat>5</sat>
      </trkpt>
      <trkpt lat="40.645950" lon="-0.032443">
        <ele>985.8</ele>
        <time>2015-10-20T15:37:39Z</time>
        <sat>5</sat>
      </trkpt>
      <trkpt lat="40.645827" lon="-0.032526">
        <ele>987.2</ele>
        <time>2015-10-20T15:37:47Z</time>
        <sat>6</sat>
      </trkpt>
      <trkpt lat="40.645715" lon="-0.032596">
        <ele>986.3</ele>
        <time>2015-10-20T15:37:54Z</time>
        <sat>6</sat>
      </trkpt>
      <trkpt lat="40.645603" lon="-0.032686">
        <ele>988.2</ele>
        <time>2015-10-20T15:38:01Z</time>
        <sat>6</sat>
      </trkpt>
      <trkpt lat="40.645469" lon="-0.032785">
        <ele>988.1</ele>
        <time>2015-10-20T15:38:10Z</time>
        <sat>6</sat>
      </trkpt>
      <trkpt lat="40.645322" lon="-0.032896">
        <ele>986.9</ele>
        <time>2015-10-20T15:38:20Z</time>
        <sat>6</sat>
      </trkpt>
      <trkpt lat="40.645173" lon="-0.033008">
        <ele>986.3</ele>
        <time>2015-10-20T15:38:30Z</time>
        <sat>6</sat>
      </trkpt>
      <trkpt lat="40.645023" lon="-0.033096">
        <ele>987.1</ele>
        <time>2015-10-20T15:38:39Z</time>
        <sat>6</sat>
      </trkpt>
      <trkpt lat="40.644874" lon="-0.033161">
        <ele>987.5</ele>
        <time>2015-10-20T15:38:48Z</time>
        <sat>6</sat>
      </trkpt>
      <trkpt lat="40.644717" lon="-0.033223">
        <ele>989.1</ele>
        <time>2015-10-20T15:38:57Z</time>
        <sat>6</sat>
      </trkpt>
      <trkpt lat="40.644590" lon="-0.033245">
        <ele>991.0</ele>
        <time>2015-10-20T15:39:05Z</time>
        <sat>6</sat>
      </trkpt>
      <trkpt lat="40.644502" lon="-0.033208">
        <ele>992.6</ele>
        <time>2015-10-20T15:39:10Z</time>
        <sat>6</sat>
      </trkpt>
      <trkpt lat="40.644376" lon="-0.033224">
        <ele>994.1</ele>
        <time>2015-10-20T15:39:17Z</time>
        <sat>6</sat>
      </trkpt>
      <trkpt lat="40.644357" lon="-0.033358">
        <ele>995.5</ele>
        <time>2015-10-20T15:39:23Z</time>
        <sat>6</sat>
      </trkpt>
      <trkpt lat="40.644383" lon="-0.033508">
        <ele>996.6</ele>
        <time>2015-10-20T15:39:30Z</time>
        <sat>5</sat>
      </trkpt>
      <trkpt lat="40.644419" lon="-0.033656">
        <ele>996.9</ele>
        <time>2015-10-20T15:39:36Z</time>
        <sat>5</sat>
      </trkpt>
      <trkpt lat="40.644457" lon="-0.033808">
        <ele>995.2</ele>
        <time>2015-10-20T15:39:43Z</time>
        <sat>5</sat>
      </trkpt>
      <trkpt lat="40.644492" lon="-0.033976">
        <ele>992.7</ele>
        <time>2015-10-20T15:39:51Z</time>
        <sat>5</sat>
      </trkpt>
      <trkpt lat="40.644573" lon="-0.034189">
        <ele>990.0</ele>
        <time>2015-10-20T15:40:01Z</time>
        <sat>4</sat>
      </trkpt>
      <trkpt lat="40.644675" lon="-0.034511">
        <ele>990.1</ele>
        <time>2015-10-20T15:40:16Z</time>
        <sat>5</sat>
      </trkpt>
      <trkpt lat="40.644685" lon="-0.034698">
        <ele>989.1</ele>
        <time>2015-10-20T15:40:25Z</time>
        <sat>5</sat>
      </trkpt>
      <trkpt lat="40.644716" lon="-0.034886">
        <ele>988.6</ele>
        <time>2015-10-20T15:40:33Z</time>
        <sat>5</sat>
      </trkpt>
      <trkpt lat="40.644757" lon="-0.035071">
        <ele>987.2</ele>
        <time>2015-10-20T15:40:41Z</time>
        <sat>5</sat>
      </trkpt>
      <trkpt lat="40.644765" lon="-0.035261">
        <ele>986.7</ele>
        <time>2015-10-20T15:40:50Z</time>
        <sat>5</sat>
      </trkpt>
      <trkpt lat="40.644762" lon="-0.035483">
        <ele>987.7</ele>
        <time>2015-10-20T15:40:59Z</time>
        <sat>5</sat>
      </trkpt>
      <trkpt lat="40.644754" lon="-0.035706">
        <ele>988.8</ele>
        <time>2015-10-20T15:41:09Z</time>
        <sat>5</sat>
      </trkpt>
      <trkpt lat="40.644745" lon="-0.035915">
        <ele>990.4</ele>
        <time>2015-10-20T15:41:18Z</time>
        <sat>5</sat>
      </trkpt>
      <trkpt lat="40.644762" lon="-0.036091">
        <ele>991.3</ele>
        <time>2015-10-20T15:41:26Z</time>
        <sat>5</sat>
      </trkpt>
      <trkpt lat="40.644795" lon="-0.036236">
        <ele>993.3</ele>
        <time>2015-10-20T15:41:32Z</time>
        <sat>5</sat>
      </trkpt>
      <trkpt lat="40.644793" lon="-0.036366">
        <ele>994.6</ele>
        <time>2015-10-20T15:41:38Z</time>
        <sat>5</sat>
      </trkpt>
      <trkpt lat="40.644740" lon="-0.036495">
        <ele>995.3</ele>
        <time>2015-10-20T15:41:44Z</time>
        <sat>5</sat>
      </trkpt>
      <trkpt lat="40.644675" lon="-0.036664">
        <ele>996.4</ele>
        <time>2015-10-20T15:41:52Z</time>
        <sat>5</sat>
      </trkpt>
      <trkpt lat="40.644624" lon="-0.036798">
        <ele>996.5</ele>
        <time>2015-10-20T15:41:59Z</time>
        <sat>5</sat>
      </trkpt>
      <trkpt lat="40.644602" lon="-0.036926">
        <ele>996.3</ele>
        <time>2015-10-20T15:42:05Z</time>
        <sat>5</sat>
      </trkpt>
      <trkpt lat="40.644633" lon="-0.037083">
        <ele>997.6</ele>
        <time>2015-10-20T15:42:12Z</time>
        <sat>5</sat>
      </trkpt>
      <trkpt lat="40.644678" lon="-0.037203">
        <ele>998.2</ele>
        <time>2015-10-20T15:42:18Z</time>
        <sat>5</sat>
      </trkpt>
      <trkpt lat="40.644754" lon="-0.037336">
        <ele>999.1</ele>
        <time>2015-10-20T15:42:25Z</time>
        <sat>5</sat>
      </trkpt>
      <trkpt lat="40.644855" lon="-0.037436">
        <ele>999.5</ele>
        <time>2015-10-20T15:42:32Z</time>
        <sat>5</sat>
      </trkpt>
      <trkpt lat="40.644969" lon="-0.037546">
        <ele>1000.2</ele>
        <time>2015-10-20T15:42:40Z</time>
        <sat>5</sat>
      </trkpt>
      <trkpt lat="40.645053" lon="-0.037676">
        <ele>1001.6</ele>
        <time>2015-10-20T15:42:47Z</time>
        <sat>5</sat>
      </trkpt>
      <trkpt lat="40.645094" lon="-0.037794">
        <ele>1002.5</ele>
        <time>2015-10-20T15:42:53Z</time>
        <sat>5</sat>
      </trkpt>
      <trkpt lat="40.645010" lon="-0.037913">
        <ele>1003.4</ele>
        <time>2015-10-20T15:43:00Z</time>
        <sat>5</sat>
      </trkpt>
      <trkpt lat="40.644890" lon="-0.037960">
        <ele>1004.4</ele>
        <time>2015-10-20T15:43:07Z</time>
        <sat>5</sat>
      </trkpt>
      <trkpt lat="40.644765" lon="-0.037948">
        <ele>1005.9</ele>
        <time>2015-10-20T15:43:14Z</time>
        <sat>5</sat>
      </trkpt>
      <trkpt lat="40.644652" lon="-0.037873">
        <ele>1006.2</ele>
        <time>2015-10-20T15:43:22Z</time>
        <sat>5</sat>
      </trkpt>
      <trkpt lat="40.644518" lon="-0.037811">
        <ele>1007.0</ele>
        <time>2015-10-20T15:43:30Z</time>
        <sat>6</sat>
      </trkpt>
      <trkpt lat="40.644400" lon="-0.037741">
        <ele>1008.2</ele>
        <time>2015-10-20T15:43:37Z</time>
        <sat>6</sat>
      </trkpt>
      <trkpt lat="40.644305" lon="-0.037621">
        <ele>1009.4</ele>
        <time>2015-10-20T15:43:45Z</time>
        <sat>6</sat>
      </trkpt>
      <trkpt lat="40.644237" lon="-0.037483">
        <ele>1009.9</ele>
        <time>2015-10-20T15:43:52Z</time>
        <sat>6</sat>
      </trkpt>
      <trkpt lat="40.644184" lon="-0.037366">
        <ele>1010.7</ele>
        <time>2015-10-20T15:43:58Z</time>
        <sat>6</sat>
      </trkpt>
      <trkpt lat="40.644099" lon="-0.037249">
        <ele>1011.6</ele>
        <time>2015-10-20T15:44:05Z</time>
        <sat>6</sat>
      </trkpt>
      <trkpt lat="40.644099" lon="-0.037249">
        <ele>1011.6</ele>
        <time>2015-10-20T15:44:05Z</time>
        <sat>6</sat>
      </trkpt>
      <trkpt lat="40.644099" lon="-0.037249">
        <ele>1011.6</ele>
        <time>2015-10-20T15:44:05Z</time>
        <sat>7</sat>
      </trkpt>
      <trkpt lat="40.644096" lon="-0.037247">
        <ele>1011.6</ele>
        <time>2015-10-20T15:44:05Z</time>
        <sat>7</sat>
      </trkpt>
      <trkpt lat="40.644048" lon="-0.037084">
        <ele>1012.1</ele>
        <time>2015-10-20T15:44:13Z</time>
        <sat>6</sat>
      </trkpt>
      <trkpt lat="40.644021" lon="-0.036938">
        <ele>1013.0</ele>
        <time>2015-10-20T15:44:19Z</time>
        <sat>6</sat>
      </trkpt>
      <trkpt lat="40.644003" lon="-0.036824">
        <ele>1013.4</ele>
        <time>2015-10-20T15:44:24Z</time>
        <sat>7</sat>
      </trkpt>
      <trkpt lat="40.643987" lon="-0.036701">
        <ele>1014.4</ele>
        <time>2015-10-20T15:44:30Z</time>
        <sat>8</sat>
      </trkpt>
      <trkpt lat="40.643974" lon="-0.036556">
        <ele>1016.0</ele>
        <time>2015-10-20T15:44:36Z</time>
        <sat>8</sat>
      </trkpt>
      <trkpt lat="40.643884" lon="-0.036417">
        <ele>1018.9</ele>
        <time>2015-10-20T15:44:44Z</time>
        <sat>8</sat>
      </trkpt>
      <trkpt lat="40.643802" lon="-0.036353">
        <ele>1021.8</ele>
        <time>2015-10-20T15:44:49Z</time>
        <sat>7</sat>
      </trkpt>
      <trkpt lat="40.643747" lon="-0.036255">
        <ele>1024.9</ele>
        <time>2015-10-20T15:44:55Z</time>
        <sat>8</sat>
      </trkpt>
      <trkpt lat="40.643705" lon="-0.036131">
        <ele>1026.5</ele>
        <time>2015-10-20T15:45:00Z</time>
        <sat>8</sat>
      </trkpt>
      <trkpt lat="40.643675" lon="-0.036010">
        <ele>1027.0</ele>
        <time>2015-10-20T15:45:06Z</time>
        <sat>8</sat>
      </trkpt>
      <trkpt lat="40.643627" lon="-0.035886">
        <ele>1027.7</ele>
        <time>2015-10-20T15:45:12Z</time>
        <sat>7</sat>
      </trkpt>
      <trkpt lat="40.643613" lon="-0.035652">
        <ele>1024.2</ele>
        <time>2015-10-20T15:45:22Z</time>
        <sat>8</sat>
      </trkpt>
      <trkpt lat="40.643539" lon="-0.035573">
        <ele>1025.1</ele>
        <time>2015-10-20T15:45:28Z</time>
        <sat>7</sat>
      </trkpt>
      <trkpt lat="40.643466" lon="-0.035489">
        <ele>1026.1</ele>
        <time>2015-10-20T15:45:33Z</time>
        <sat>6</sat>
      </trkpt>
      <trkpt lat="40.643385" lon="-0.035355">
        <ele>1026.0</ele>
        <time>2015-10-20T15:45:41Z</time>
        <sat>7</sat>
      </trkpt>
      <trkpt lat="40.643313" lon="-0.035204">
        <ele>1024.1</ele>
        <time>2015-10-20T15:45:48Z</time>
        <sat>7</sat>
      </trkpt>
      <trkpt lat="40.643240" lon="-0.035068">
        <ele>1023.0</ele>
        <time>2015-10-20T15:45:56Z</time>
        <sat>7</sat>
      </trkpt>
      <trkpt lat="40.643197" lon="-0.034952">
        <ele>1020.3</ele>
        <time>2015-10-20T15:46:01Z</time>
        <sat>7</sat>
      </trkpt>
      <trkpt lat="40.643128" lon="-0.034849">
        <ele>1020.2</ele>
        <time>2015-10-20T15:46:07Z</time>
        <sat>7</sat>
      </trkpt>
      <trkpt lat="40.643063" lon="-0.034755">
        <ele>1020.0</ele>
        <time>2015-10-20T15:46:13Z</time>
        <sat>7</sat>
      </trkpt>
      <trkpt lat="40.642996" lon="-0.034618">
        <ele>1019.3</ele>
        <time>2015-10-20T15:46:20Z</time>
        <sat>7</sat>
      </trkpt>
      <trkpt lat="40.642938" lon="-0.034522">
        <ele>1019.4</ele>
        <time>2015-10-20T15:46:25Z</time>
        <sat>7</sat>
      </trkpt>
      <trkpt lat="40.642865" lon="-0.034410">
        <ele>1019.1</ele>
        <time>2015-10-20T15:46:32Z</time>
        <sat>7</sat>
      </trkpt>
      <trkpt lat="40.642724" lon="-0.033979">
        <ele>1002.1</ele>
        <time>2015-10-20T15:46:52Z</time>
        <sat>6</sat>
      </trkpt>
      <trkpt lat="40.642575" lon="-0.033631">
        <ele>995.0</ele>
        <time>2015-10-20T15:47:09Z</time>
      </trkpt>
      <trkpt lat="40.642532" lon="-0.033543">
        <ele>993.8</ele>
        <time>2015-10-20T15:47:14Z</time>
      </trkpt>
      <trkpt lat="40.642409" lon="-0.033313">
        <ele>991.1</ele>
        <time>2015-10-20T15:47:26Z</time>
        <sat>7</sat>
      </trkpt>
      <trkpt lat="40.642345" lon="-0.033224">
        <ele>990.2</ele>
        <time>2015-10-20T15:47:31Z</time>
        <sat>7</sat>
      </trkpt>
      <trkpt lat="40.642262" lon="-0.033178">
        <ele>990.6</ele>
        <time>2015-10-20T15:47:36Z</time>
        <sat>7</sat>
      </trkpt>
      <trkpt lat="40.642179" lon="-0.033101">
        <ele>989.3</ele>
        <time>2015-10-20T15:47:42Z</time>
        <sat>7</sat>
      </trkpt>
      <trkpt lat="40.642102" lon="-0.033013">
        <ele>987.5</ele>
        <time>2015-10-20T15:47:48Z</time>
        <sat>7</sat>
      </trkpt>
      <trkpt lat="40.642015" lon="-0.032913">
        <ele>985.6</ele>
        <time>2015-10-20T15:47:55Z</time>
        <sat>7</sat>
      </trkpt>
      <trkpt lat="40.641915" lon="-0.032808">
        <ele>984.2</ele>
        <time>2015-10-20T15:48:02Z</time>
        <sat>6</sat>
      </trkpt>
      <trkpt lat="40.641832" lon="-0.032730">
        <ele>984.1</ele>
        <time>2015-10-20T15:48:08Z</time>
        <sat>7</sat>
      </trkpt>
      <trkpt lat="40.641750" lon="-0.032628">
        <ele>980.7</ele>
        <time>2015-10-20T15:48:14Z</time>
        <sat>6</sat>
      </trkpt>
      <trkpt lat="40.641659" lon="-0.032575">
        <ele>979.0</ele>
        <time>2015-10-20T15:48:20Z</time>
        <sat>6</sat>
      </trkpt>
      <trkpt lat="40.641542" lon="-0.032534">
        <ele>977.1</ele>
        <time>2015-10-20T15:48:27Z</time>
        <sat>5</sat>
      </trkpt>
      <trkpt lat="40.641420" lon="-0.032475">
        <ele>975.7</ele>
        <time>2015-10-20T15:48:34Z</time>
        <sat>6</sat>
      </trkpt>
      <trkpt lat="40.641333" lon="-0.032408">
        <ele>974.6</ele>
        <time>2015-10-20T15:48:40Z</time>
        <sat>6</sat>
      </trkpt>
      <trkpt lat="40.641245" lon="-0.032370">
        <ele>974.0</ele>
        <time>2015-10-20T15:48:45Z</time>
        <sat>6</sat>
      </trkpt>
      <trkpt lat="40.641160" lon="-0.032319">
        <ele>974.0</ele>
        <time>2015-10-20T15:48:51Z</time>
        <sat>6</sat>
      </trkpt>
      <trkpt lat="40.641075" lon="-0.032276">
        <ele>974.5</ele>
        <time>2015-10-20T15:48:56Z</time>
        <sat>6</sat>
      </trkpt>
      <trkpt lat="40.640970" lon="-0.032186">
        <ele>974.0</ele>
        <time>2015-10-20T15:49:03Z</time>
        <sat>6</sat>
      </trkpt>
      <trkpt lat="40.640872" lon="-0.032125">
        <ele>975.1</ele>
        <time>2015-10-20T15:49:09Z</time>
        <sat>7</sat>
      </trkpt>
      <trkpt lat="40.640777" lon="-0.032073">
        <ele>976.2</ele>
        <time>2015-10-20T15:49:15Z</time>
        <sat>6</sat>
      </trkpt>
      <trkpt lat="40.640688" lon="-0.032020">
        <ele>980.9</ele>
        <time>2015-10-20T15:49:21Z</time>
        <sat>7</sat>
      </trkpt>
      <trkpt lat="40.640610" lon="-0.031941">
        <ele>981.0</ele>
        <time>2015-10-20T15:49:26Z</time>
        <sat>7</sat>
      </trkpt>
      <trkpt lat="40.640522" lon="-0.031869">
        <ele>987.2</ele>
        <time>2015-10-20T15:49:32Z</time>
        <sat>7</sat>
      </trkpt>
      <trkpt lat="40.640440" lon="-0.031798">
        <ele>994.4</ele>
        <time>2015-10-20T15:49:38Z</time>
        <sat>6</sat>
      </trkpt>
      <trkpt lat="40.640367" lon="-0.031690">
        <ele>983.2</ele>
        <time>2015-10-20T15:49:44Z</time>
        <sat>7</sat>
      </trkpt>
      <trkpt lat="40.640272" lon="-0.031578">
        <ele>982.8</ele>
        <time>2015-10-20T15:49:51Z</time>
        <sat>6</sat>
      </trkpt>
      <trkpt lat="40.640202" lon="-0.031468">
        <ele>978.0</ele>
        <time>2015-10-20T15:49:58Z</time>
        <sat>7</sat>
      </trkpt>
      <trkpt lat="40.640159" lon="-0.031326">
        <ele>974.0</ele>
        <time>2015-10-20T15:50:04Z</time>
        <sat>7</sat>
      </trkpt>
      <trkpt lat="40.640118" lon="-0.031216">
        <ele>971.8</ele>
        <time>2015-10-20T15:50:10Z</time>
        <sat>7</sat>
      </trkpt>
      <trkpt lat="40.640075" lon="-0.031108">
        <ele>971.9</ele>
        <time>2015-10-20T15:50:15Z</time>
        <sat>7</sat>
      </trkpt>
      <trkpt lat="40.640003" lon="-0.031013">
        <ele>972.0</ele>
        <time>2015-10-20T15:50:21Z</time>
        <sat>7</sat>
      </trkpt>
      <trkpt lat="40.639964" lon="-0.030900">
        <ele>971.6</ele>
        <time>2015-10-20T15:50:26Z</time>
        <sat>7</sat>
      </trkpt>
      <trkpt lat="40.639898" lon="-0.030803">
        <ele>971.8</ele>
        <time>2015-10-20T15:50:32Z</time>
        <sat>7</sat>
      </trkpt>
      <trkpt lat="40.639807" lon="-0.030746">
        <ele>973.1</ele>
        <time>2015-10-20T15:50:38Z</time>
        <sat>7</sat>
      </trkpt>
      <trkpt lat="40.639702" lon="-0.030676">
        <ele>973.3</ele>
        <time>2015-10-20T15:50:44Z</time>
        <sat>7</sat>
      </trkpt>
      <trkpt lat="40.639622" lon="-0.030621">
        <ele>973.9</ele>
        <time>2015-10-20T15:50:49Z</time>
        <sat>7</sat>
      </trkpt>
      <trkpt lat="40.639540" lon="-0.030496">
        <ele>971.3</ele>
        <time>2015-10-20T15:50:57Z</time>
        <sat>7</sat>
      </trkpt>
      <trkpt lat="40.639434" lon="-0.030394">
        <ele>969.1</ele>
        <time>2015-10-20T15:51:04Z</time>
        <sat>7</sat>
      </trkpt>
      <trkpt lat="40.639333" lon="-0.030351">
        <ele>969.8</ele>
        <time>2015-10-20T15:51:10Z</time>
        <sat>7</sat>
      </trkpt>
      <trkpt lat="40.639220" lon="-0.030294">
        <ele>972.9</ele>
        <time>2015-10-20T15:51:17Z</time>
        <sat>6</sat>
      </trkpt>
      <trkpt lat="40.639148" lon="-0.030216">
        <ele>974.2</ele>
        <time>2015-10-20T15:51:22Z</time>
        <sat>7</sat>
      </trkpt>
      <trkpt lat="40.639045" lon="-0.030118">
        <ele>979.7</ele>
        <time>2015-10-20T15:51:30Z</time>
        <sat>7</sat>
      </trkpt>
      <trkpt lat="40.638969" lon="-0.030036">
        <ele>981.9</ele>
        <time>2015-10-20T15:51:35Z</time>
        <sat>7</sat>
      </trkpt>
      <trkpt lat="40.638885" lon="-0.029901">
        <ele>978.6</ele>
        <time>2015-10-20T15:51:43Z</time>
        <sat>7</sat>
      </trkpt>
      <trkpt lat="40.638795" lon="-0.029771">
        <ele>974.3</ele>
        <time>2015-10-20T15:51:51Z</time>
        <sat>7</sat>
      </trkpt>
      <trkpt lat="40.638724" lon="-0.029685">
        <ele>977.6</ele>
        <time>2015-10-20T15:51:56Z</time>
        <sat>7</sat>
      </trkpt>
      <trkpt lat="40.638654" lon="-0.029553">
        <ele>966.5</ele>
        <time>2015-10-20T15:52:03Z</time>
        <sat>7</sat>
      </trkpt>
      <trkpt lat="40.638560" lon="-0.029448">
        <ele>964.7</ele>
        <time>2015-10-20T15:52:10Z</time>
        <sat>7</sat>
      </trkpt>
      <trkpt lat="40.638482" lon="-0.029336">
        <ele>963.9</ele>
        <time>2015-10-20T15:52:17Z</time>
        <sat>7</sat>
      </trkpt>
      <trkpt lat="40.638422" lon="-0.029243">
        <ele>961.8</ele>
        <time>2015-10-20T15:52:22Z</time>
        <sat>7</sat>
      </trkpt>
      <trkpt lat="40.638352" lon="-0.029128">
        <ele>960.3</ele>
        <time>2015-10-20T15:52:28Z</time>
        <sat>7</sat>
      </trkpt>
      <trkpt lat="40.638292" lon="-0.029008">
        <ele>958.7</ele>
        <time>2015-10-20T15:52:35Z</time>
        <sat>7</sat>
      </trkpt>
      <trkpt lat="40.638192" lon="-0.028923">
        <ele>959.1</ele>
        <time>2015-10-20T15:52:41Z</time>
        <sat>7</sat>
      </trkpt>
      <trkpt lat="40.638100" lon="-0.028825">
        <ele>959.4</ele>
        <time>2015-10-20T15:52:48Z</time>
        <sat>7</sat>
      </trkpt>
      <trkpt lat="40.638028" lon="-0.028736">
        <ele>959.3</ele>
        <time>2015-10-20T15:52:54Z</time>
        <sat>7</sat>
      </trkpt>
      <trkpt lat="40.637934" lon="-0.028661">
        <ele>960.7</ele>
        <time>2015-10-20T15:53:00Z</time>
        <sat>7</sat>
      </trkpt>
      <trkpt lat="40.637844" lon="-0.028609">
        <ele>963.0</ele>
        <time>2015-10-20T15:53:06Z</time>
        <sat>7</sat>
      </trkpt>
      <trkpt lat="40.637768" lon="-0.028543">
        <ele>964.1</ele>
        <time>2015-10-20T15:53:11Z</time>
        <sat>7</sat>
      </trkpt>
      <trkpt lat="40.637690" lon="-0.028443">
        <ele>963.1</ele>
        <time>2015-10-20T15:53:17Z</time>
        <sat>7</sat>
      </trkpt>
      <trkpt lat="40.637624" lon="-0.028331">
        <ele>962.7</ele>
        <time>2015-10-20T15:53:23Z</time>
        <sat>7</sat>
      </trkpt>
      <trkpt lat="40.637540" lon="-0.028203">
        <ele>963.2</ele>
        <time>2015-10-20T15:53:31Z</time>
        <sat>7</sat>
      </trkpt>
      <trkpt lat="40.637494" lon="-0.028046">
        <ele>961.4</ele>
        <time>2015-10-20T15:53:38Z</time>
        <sat>7</sat>
      </trkpt>
      <trkpt lat="40.637443" lon="-0.027911">
        <ele>961.5</ele>
        <time>2015-10-20T15:53:44Z</time>
        <sat>7</sat>
      </trkpt>
      <trkpt lat="40.637367" lon="-0.027783">
        <ele>961.0</ele>
        <time>2015-10-20T15:53:52Z</time>
        <sat>7</sat>
      </trkpt>
      <trkpt lat="40.637313" lon="-0.027640">
        <ele>959.6</ele>
        <time>2015-10-20T15:53:58Z</time>
        <sat>7</sat>
      </trkpt>
      <trkpt lat="40.637116" lon="-0.027199">
        <ele>957.1</ele>
        <time>2015-10-20T15:54:21Z</time>
      </trkpt>
      <trkpt lat="40.636998" lon="-0.027006">
        <ele>954.2</ele>
        <time>2015-10-20T15:54:31Z</time>
      </trkpt>
      <trkpt lat="40.636865" lon="-0.026778">
        <ele>951.2</ele>
        <time>2015-10-20T15:54:44Z</time>
        <sat>7</sat>
      </trkpt>
      <trkpt lat="40.636777" lon="-0.026681">
        <ele>950.7</ele>
        <time>2015-10-20T15:54:51Z</time>
        <sat>7</sat>
      </trkpt>
      <trkpt lat="40.636698" lon="-0.026573">
        <ele>950.7</ele>
        <time>2015-10-20T15:54:57Z</time>
        <sat>7</sat>
      </trkpt>
      <trkpt lat="40.636604" lon="-0.026471">
        <ele>950.3</ele>
        <time>2015-10-20T15:55:04Z</time>
        <sat>7</sat>
      </trkpt>
      <trkpt lat="40.636499" lon="-0.026348">
        <ele>950.4</ele>
        <time>2015-10-20T15:55:12Z</time>
        <sat>7</sat>
      </trkpt>
      <trkpt lat="40.636423" lon="-0.026276">
        <ele>951.0</ele>
        <time>2015-10-20T15:55:17Z</time>
        <sat>7</sat>
      </trkpt>
      <trkpt lat="40.636322" lon="-0.026169">
        <ele>950.9</ele>
        <time>2015-10-20T15:55:25Z</time>
        <sat>7</sat>
      </trkpt>
      <trkpt lat="40.636255" lon="-0.026086">
        <ele>950.5</ele>
        <time>2015-10-20T15:55:30Z</time>
        <sat>7</sat>
      </trkpt>
      <trkpt lat="40.636160" lon="-0.025978">
        <ele>951.2</ele>
        <time>2015-10-20T15:55:37Z</time>
        <sat>7</sat>
      </trkpt>
      <trkpt lat="40.636105" lon="-0.025863">
        <ele>950.5</ele>
        <time>2015-10-20T15:55:43Z</time>
        <sat>7</sat>
      </trkpt>
      <trkpt lat="40.636034" lon="-0.025775">
        <ele>950.5</ele>
        <time>2015-10-20T15:55:49Z</time>
        <sat>6</sat>
      </trkpt>
      <trkpt lat="40.635968" lon="-0.025656">
        <ele>948.8</ele>
        <time>2015-10-20T15:55:55Z</time>
        <sat>7</sat>
      </trkpt>
      <trkpt lat="40.635898" lon="-0.025558">
        <ele>950.0</ele>
        <time>2015-10-20T15:56:01Z</time>
        <sat>7</sat>
      </trkpt>
      <trkpt lat="40.635810" lon="-0.025473">
        <ele>950.4</ele>
        <time>2015-10-20T15:56:07Z</time>
        <sat>8</sat>
      </trkpt>
      <trkpt lat="40.635745" lon="-0.025378">
        <ele>950.2</ele>
        <time>2015-10-20T15:56:13Z</time>
        <sat>8</sat>
      </trkpt>
      <trkpt lat="40.635670" lon="-0.025231">
        <ele>947.9</ele>
        <time>2015-10-20T15:56:20Z</time>
        <sat>8</sat>
      </trkpt>
      <trkpt lat="40.635605" lon="-0.025126">
        <ele>947.1</ele>
        <time>2015-10-20T15:56:26Z</time>
        <sat>8</sat>
      </trkpt>
      <trkpt lat="40.635535" lon="-0.025048">
        <ele>947.6</ele>
        <time>2015-10-20T15:56:31Z</time>
        <sat>8</sat>
      </trkpt>
      <trkpt lat="40.635415" lon="-0.024966">
        <ele>948.5</ele>
        <time>2015-10-20T15:56:39Z</time>
        <sat>8</sat>
      </trkpt>
      <trkpt lat="40.635325" lon="-0.024901">
        <ele>947.9</ele>
        <time>2015-10-20T15:56:45Z</time>
        <sat>7</sat>
      </trkpt>
      <trkpt lat="40.635230" lon="-0.024828">
        <ele>946.5</ele>
        <time>2015-10-20T15:56:51Z</time>
        <sat>8</sat>
      </trkpt>
      <trkpt lat="40.635157" lon="-0.024750">
        <ele>944.8</ele>
        <time>2015-10-20T15:56:57Z</time>
        <sat>8</sat>
      </trkpt>
      <trkpt lat="40.635052" lon="-0.024663">
        <ele>943.1</ele>
        <time>2015-10-20T15:57:04Z</time>
        <sat>8</sat>
      </trkpt>
      <trkpt lat="40.634942" lon="-0.024586">
        <ele>940.6</ele>
        <time>2015-10-20T15:57:11Z</time>
        <sat>8</sat>
      </trkpt>
      <trkpt lat="40.634840" lon="-0.024511">
        <ele>938.4</ele>
        <time>2015-10-20T15:57:18Z</time>
        <sat>7</sat>
      </trkpt>
      <trkpt lat="40.634739" lon="-0.024438">
        <ele>935.9</ele>
        <time>2015-10-20T15:57:24Z</time>
        <sat>7</sat>
      </trkpt>
      <trkpt lat="40.634647" lon="-0.024363">
        <ele>934.1</ele>
        <time>2015-10-20T15:57:30Z</time>
        <sat>7</sat>
      </trkpt>
      <trkpt lat="40.634520" lon="-0.024308">
        <ele>933.7</ele>
        <time>2015-10-20T15:57:38Z</time>
        <sat>7</sat>
      </trkpt>
      <trkpt lat="40.634442" lon="-0.024241">
        <ele>932.5</ele>
        <time>2015-10-20T15:57:43Z</time>
        <sat>7</sat>
      </trkpt>
      <trkpt lat="40.634347" lon="-0.024168">
        <ele>931.4</ele>
        <time>2015-10-20T15:57:50Z</time>
        <sat>7</sat>
      </trkpt>
      <trkpt lat="40.634230" lon="-0.024095">
        <ele>930.7</ele>
        <time>2015-10-20T15:57:57Z</time>
        <sat>7</sat>
      </trkpt>
      <trkpt lat="40.634149" lon="-0.024015">
        <ele>931.6</ele>
        <time>2015-10-20T15:58:03Z</time>
        <sat>7</sat>
      </trkpt>
      <trkpt lat="40.634073" lon="-0.023931">
        <ele>930.8</ele>
        <time>2015-10-20T15:58:09Z</time>
        <sat>5</sat>
      </trkpt>
      <trkpt lat="40.634118" lon="-0.023816">
        <ele>927.9</ele>
        <time>2015-10-20T15:58:14Z</time>
        <sat>7</sat>
      </trkpt>
      <trkpt lat="40.634190" lon="-0.023740">
        <ele>925.6</ele>
        <time>2015-10-20T15:58:19Z</time>
        <sat>6</sat>
      </trkpt>
      <trkpt lat="40.634182" lon="-0.023619">
        <ele>924.3</ele>
        <time>2015-10-20T15:58:25Z</time>
        <sat>7</sat>
      </trkpt>
      <trkpt lat="40.634182" lon="-0.023619">
        <ele>924.3</ele>
        <time>2015-10-20T15:58:25Z</time>
        <sat>7</sat>
      </trkpt>
      <trkpt lat="40.634177" lon="-0.023616">
        <ele>924.3</ele>
        <time>2015-10-20T15:58:25Z</time>
        <sat>6</sat>
      </trkpt>
      <trkpt lat="40.634092" lon="-0.023551">
        <ele>925.5</ele>
        <time>2015-10-20T15:58:31Z</time>
        <sat>7</sat>
      </trkpt>
      <trkpt lat="40.634007" lon="-0.023478">
        <ele>927.1</ele>
        <time>2015-10-20T15:58:36Z</time>
        <sat>6</sat>
      </trkpt>
      <trkpt lat="40.633935" lon="-0.023403">
        <ele>928.8</ele>
        <time>2015-10-20T15:58:42Z</time>
        <sat>7</sat>
      </trkpt>
      <trkpt lat="40.633862" lon="-0.023321">
        <ele>930.4</ele>
        <time>2015-10-20T15:58:47Z</time>
        <sat>7</sat>
      </trkpt>
      <trkpt lat="40.633790" lon="-0.023245">
        <ele>931.9</ele>
        <time>2015-10-20T15:58:52Z</time>
        <sat>7</sat>
      </trkpt>
      <trkpt lat="40.633717" lon="-0.023325">
        <ele>933.5</ele>
        <time>2015-10-20T15:58:58Z</time>
        <sat>7</sat>
      </trkpt>
      <trkpt lat="40.633704" lon="-0.023458">
        <ele>934.8</ele>
        <time>2015-10-20T15:59:04Z</time>
        <sat>7</sat>
      </trkpt>
      <trkpt lat="40.633714" lon="-0.023578">
        <ele>935.7</ele>
        <time>2015-10-20T15:59:09Z</time>
        <sat>7</sat>
      </trkpt>
      <trkpt lat="40.633694" lon="-0.023696">
        <ele>938.4</ele>
        <time>2015-10-20T15:59:14Z</time>
        <sat>6</sat>
      </trkpt>
      <trkpt lat="40.633602" lon="-0.023726">
        <ele>939.6</ele>
        <time>2015-10-20T15:59:20Z</time>
        <sat>6</sat>
      </trkpt>
      <trkpt lat="40.633515" lon="-0.023681">
        <ele>941.7</ele>
        <time>2015-10-20T15:59:25Z</time>
        <sat>6</sat>
      </trkpt>
      <trkpt lat="40.633435" lon="-0.023603">
        <ele>943.1</ele>
        <time>2015-10-20T15:59:31Z</time>
        <sat>6</sat>
      </trkpt>
      <trkpt lat="40.633370" lon="-0.023506">
        <ele>944.8</ele>
        <time>2015-10-20T15:59:36Z</time>
        <sat>6</sat>
      </trkpt>
      <trkpt lat="40.633303" lon="-0.023406">
        <ele>946.7</ele>
        <time>2015-10-20T15:59:42Z</time>
        <sat>6</sat>
      </trkpt>
      <trkpt lat="40.633244" lon="-0.023296">
        <ele>948.7</ele>
        <time>2015-10-20T15:59:48Z</time>
        <sat>6</sat>
      </trkpt>
      <trkpt lat="40.633175" lon="-0.023216">
        <ele>950.5</ele>
        <time>2015-10-20T15:59:53Z</time>
        <sat>6</sat>
      </trkpt>
      <trkpt lat="40.633107" lon="-0.023120">
        <ele>951.7</ele>
        <time>2015-10-20T15:59:59Z</time>
        <sat>6</sat>
      </trkpt>
      <trkpt lat="40.633052" lon="-0.023020">
        <ele>953.2</ele>
        <time>2015-10-20T16:00:04Z</time>
        <sat>6</sat>
      </trkpt>
      <trkpt lat="40.632997" lon="-0.022921">
        <ele>954.7</ele>
        <time>2015-10-20T16:00:10Z</time>
        <sat>6</sat>
      </trkpt>
      <trkpt lat="40.632942" lon="-0.022816">
        <ele>955.9</ele>
        <time>2015-10-20T16:00:15Z</time>
        <sat>6</sat>
      </trkpt>
      <trkpt lat="40.632875" lon="-0.022726">
        <ele>956.8</ele>
        <time>2015-10-20T16:00:21Z</time>
        <sat>8</sat>
      </trkpt>
      <trkpt lat="40.632787" lon="-0.022665">
        <ele>958.2</ele>
        <time>2015-10-20T16:00:26Z</time>
        <sat>8</sat>
      </trkpt>
      <trkpt lat="40.632699" lon="-0.022611">
        <ele>959.9</ele>
        <time>2015-10-20T16:00:32Z</time>
        <sat>8</sat>
      </trkpt>
      <trkpt lat="40.632614" lon="-0.022570">
        <ele>962.2</ele>
        <time>2015-10-20T16:00:37Z</time>
        <sat>8</sat>
      </trkpt>
      <trkpt lat="40.632518" lon="-0.022611">
        <ele>963.2</ele>
        <time>2015-10-20T16:00:43Z</time>
        <sat>8</sat>
      </trkpt>
      <trkpt lat="40.632438" lon="-0.022695">
        <ele>963.8</ele>
        <time>2015-10-20T16:00:49Z</time>
        <sat>8</sat>
      </trkpt>
      <trkpt lat="40.632416" lon="-0.022818">
        <ele>964.3</ele>
        <time>2015-10-20T16:00:54Z</time>
        <sat>8</sat>
      </trkpt>
      <trkpt lat="40.632355" lon="-0.022945">
        <ele>964.4</ele>
        <time>2015-10-20T16:01:01Z</time>
        <sat>8</sat>
      </trkpt>
      <trkpt lat="40.632285" lon="-0.023039">
        <ele>964.5</ele>
        <time>2015-10-20T16:01:06Z</time>
        <sat>8</sat>
      </trkpt>
      <trkpt lat="40.632208" lon="-0.023135">
        <ele>965.1</ele>
        <time>2015-10-20T16:01:12Z</time>
        <sat>8</sat>
      </trkpt>
      <trkpt lat="40.632144" lon="-0.023251">
        <ele>965.3</ele>
        <time>2015-10-20T16:01:19Z</time>
        <sat>8</sat>
      </trkpt>
      <trkpt lat="40.632093" lon="-0.023383">
        <ele>965.7</ele>
        <time>2015-10-20T16:01:25Z</time>
        <sat>8</sat>
      </trkpt>
      <trkpt lat="40.632047" lon="-0.023516">
        <ele>966.1</ele>
        <time>2015-10-20T16:01:31Z</time>
        <sat>8</sat>
      </trkpt>
      <trkpt lat="40.631997" lon="-0.023623">
        <ele>966.1</ele>
        <time>2015-10-20T16:01:37Z</time>
        <sat>8</sat>
      </trkpt>
      <trkpt lat="40.631935" lon="-0.023728">
        <ele>965.8</ele>
        <time>2015-10-20T16:01:43Z</time>
        <sat>8</sat>
      </trkpt>
      <trkpt lat="40.631868" lon="-0.023821">
        <ele>966.0</ele>
        <time>2015-10-20T16:01:48Z</time>
        <sat>8</sat>
      </trkpt>
      <trkpt lat="40.631790" lon="-0.023924">
        <ele>966.6</ele>
        <time>2015-10-20T16:01:54Z</time>
        <sat>8</sat>
      </trkpt>
      <trkpt lat="40.631717" lon="-0.024020">
        <ele>968.1</ele>
        <time>2015-10-20T16:02:00Z</time>
        <sat>8</sat>
      </trkpt>
      <trkpt lat="40.631687" lon="-0.024151">
        <ele>970.0</ele>
        <time>2015-10-20T16:02:06Z</time>
        <sat>8</sat>
      </trkpt>
      <trkpt lat="40.631685" lon="-0.024149">
        <ele>970.0</ele>
        <time>2015-10-20T16:02:06Z</time>
        <sat>11</sat>
      </trkpt>
      <trkpt lat="40.631681" lon="-0.024152">
        <ele>969.9</ele>
        <time>2015-10-20T16:02:07Z</time>
        <sat>11</sat>
      </trkpt>
      <trkpt lat="40.631633" lon="-0.024093">
        <ele>968.9</ele>
        <time>2015-10-20T16:02:10Z</time>
        <sat>11</sat>
      </trkpt>
      <trkpt lat="40.631570" lon="-0.023970">
        <ele>967.5</ele>
        <time>2015-10-20T16:02:17Z</time>
        <sat>11</sat>
      </trkpt>
      <trkpt lat="40.631518" lon="-0.023860">
        <ele>968.3</ele>
        <time>2015-10-20T16:02:23Z</time>
        <sat>11</sat>
      </trkpt>
      <trkpt lat="40.631475" lon="-0.023753">
        <ele>968.5</ele>
        <time>2015-10-20T16:02:28Z</time>
        <sat>11</sat>
      </trkpt>
      <trkpt lat="40.631420" lon="-0.023636">
        <ele>968.0</ele>
        <time>2015-10-20T16:02:34Z</time>
        <sat>11</sat>
      </trkpt>
      <trkpt lat="40.631359" lon="-0.023495">
        <ele>967.1</ele>
        <time>2015-10-20T16:02:41Z</time>
        <sat>11</sat>
      </trkpt>
      <trkpt lat="40.631290" lon="-0.023323">
        <ele>965.8</ele>
        <time>2015-10-20T16:02:49Z</time>
        <sat>11</sat>
      </trkpt>
      <trkpt lat="40.631237" lon="-0.023144">
        <ele>964.0</ele>
        <time>2015-10-20T16:02:58Z</time>
        <sat>11</sat>
      </trkpt>
      <trkpt lat="40.631170" lon="-0.022965">
        <ele>962.1</ele>
        <time>2015-10-20T16:03:06Z</time>
        <sat>11</sat>
      </trkpt>
      <trkpt lat="40.631117" lon="-0.022806">
        <ele>960.9</ele>
        <time>2015-10-20T16:03:14Z</time>
        <sat>11</sat>
      </trkpt>
      <trkpt lat="40.631082" lon="-0.022691">
        <ele>960.7</ele>
        <time>2015-10-20T16:03:19Z</time>
        <sat>11</sat>
      </trkpt>
      <trkpt lat="40.631050" lon="-0.022571">
        <ele>959.6</ele>
        <time>2015-10-20T16:03:25Z</time>
        <sat>11</sat>
      </trkpt>
      <trkpt lat="40.630957" lon="-0.022493">
        <ele>960.5</ele>
        <time>2015-10-20T16:03:31Z</time>
        <sat>11</sat>
      </trkpt>
      <trkpt lat="40.630902" lon="-0.022398">
        <ele>960.5</ele>
        <time>2015-10-20T16:03:36Z</time>
        <sat>11</sat>
      </trkpt>
      <trkpt lat="40.630901" lon="-0.022387">
        <ele>960.4</ele>
        <time>2015-10-20T16:03:37Z</time>
        <sat>9</sat>
      </trkpt>
      <trkpt lat="40.630809" lon="-0.022288">
        <ele>961.0</ele>
        <time>2015-10-20T16:03:43Z</time>
      </trkpt>
      <trkpt lat="40.630762" lon="-0.022252">
        <ele>960.8</ele>
        <time>2015-10-20T16:03:47Z</time>
        <sat>10</sat>
      </trkpt>
      <trkpt lat="40.630720" lon="-0.022215">
        <ele>960.5</ele>
        <time>2015-10-20T16:03:49Z</time>
      </trkpt>
      <trkpt lat="40.630685" lon="-0.022233">
        <ele>959.6</ele>
        <time>2015-10-20T16:03:52Z</time>
        <sat>10</sat>
      </trkpt>
      <trkpt lat="40.630664" lon="-0.022262">
        <ele>958.3</ele>
        <time>2015-10-20T16:03:53Z</time>
      </trkpt>
      <trkpt lat="40.630682" lon="-0.022356">
        <ele>957.9</ele>
        <time>2015-10-20T16:03:58Z</time>
        <sat>10</sat>
      </trkpt>
      <trkpt lat="40.630684" lon="-0.022479">
        <ele>955.2</ele>
        <time>2015-10-20T16:04:03Z</time>
        <sat>11</sat>
      </trkpt>
      <trkpt lat="40.630637" lon="-0.022598">
        <ele>952.4</ele>
        <time>2015-10-20T16:04:09Z</time>
        <sat>11</sat>
      </trkpt>
      <trkpt lat="40.630532" lon="-0.022678">
        <ele>951.2</ele>
        <time>2015-10-20T16:04:16Z</time>
        <sat>11</sat>
      </trkpt>
      <trkpt lat="40.630454" lon="-0.022736">
        <ele>951.0</ele>
        <time>2015-10-20T16:04:21Z</time>
        <sat>11</sat>
      </trkpt>
      <trkpt lat="40.630349" lon="-0.022751">
        <ele>950.4</ele>
        <time>2015-10-20T16:04:27Z</time>
        <sat>11</sat>
      </trkpt>
      <trkpt lat="40.630257" lon="-0.022683">
        <ele>952.2</ele>
        <time>2015-10-20T16:04:33Z</time>
        <sat>11</sat>
      </trkpt>
      <trkpt lat="40.630172" lon="-0.022726">
        <ele>955.0</ele>
        <time>2015-10-20T16:04:38Z</time>
        <sat>11</sat>
      </trkpt>
      <trkpt lat="40.630082" lon="-0.022785">
        <ele>956.2</ele>
        <time>2015-10-20T16:04:44Z</time>
        <sat>11</sat>
      </trkpt>
      <trkpt lat="40.629985" lon="-0.022760">
        <ele>955.5</ele>
        <time>2015-10-20T16:04:49Z</time>
        <sat>11</sat>
      </trkpt>
      <trkpt lat="40.629897" lon="-0.022704">
        <ele>956.5</ele>
        <time>2015-10-20T16:04:55Z</time>
        <sat>11</sat>
      </trkpt>
      <trkpt lat="40.629799" lon="-0.022665">
        <ele>957.6</ele>
        <time>2015-10-20T16:05:01Z</time>
        <sat>11</sat>
      </trkpt>
      <trkpt lat="40.629699" lon="-0.022633">
        <ele>959.0</ele>
        <time>2015-10-20T16:05:07Z</time>
        <sat>5</sat>
      </trkpt>
      <trkpt lat="40.629602" lon="-0.022598">
        <ele>958.9</ele>
        <time>2015-10-20T16:05:12Z</time>
        <sat>6</sat>
      </trkpt>
      <trkpt lat="40.629507" lon="-0.022640">
        <ele>959.8</ele>
        <time>2015-10-20T16:05:18Z</time>
        <sat>6</sat>
      </trkpt>
      <trkpt lat="40.629440" lon="-0.022724">
        <ele>960.0</ele>
        <time>2015-10-20T16:05:23Z</time>
        <sat>6</sat>
      </trkpt>
      <trkpt lat="40.629362" lon="-0.022823">
        <ele>959.8</ele>
        <time>2015-10-20T16:05:30Z</time>
        <sat>6</sat>
      </trkpt>
      <trkpt lat="40.629278" lon="-0.022913">
        <ele>960.3</ele>
        <time>2015-10-20T16:05:36Z</time>
        <sat>6</sat>
      </trkpt>
      <trkpt lat="40.629209" lon="-0.023000">
        <ele>960.9</ele>
        <time>2015-10-20T16:05:41Z</time>
        <sat>11</sat>
      </trkpt>
      <trkpt lat="40.629144" lon="-0.023085">
        <ele>959.5</ele>
        <time>2015-10-20T16:05:47Z</time>
        <sat>11</sat>
      </trkpt>
      <trkpt lat="40.629075" lon="-0.023230">
        <ele>957.4</ele>
        <time>2015-10-20T16:05:54Z</time>
        <sat>11</sat>
      </trkpt>
      <trkpt lat="40.629037" lon="-0.023343">
        <ele>956.3</ele>
        <time>2015-10-20T16:05:59Z</time>
        <sat>11</sat>
      </trkpt>
      <trkpt lat="40.629014" lon="-0.023471">
        <ele>954.8</ele>
        <time>2015-10-20T16:06:05Z</time>
        <sat>11</sat>
      </trkpt>
      <trkpt lat="40.628988" lon="-0.023611">
        <ele>953.4</ele>
        <time>2015-10-20T16:06:11Z</time>
        <sat>10</sat>
      </trkpt>
      <trkpt lat="40.628975" lon="-0.023776">
        <ele>951.5</ele>
        <time>2015-10-20T16:06:19Z</time>
        <sat>10</sat>
      </trkpt>
      <trkpt lat="40.628962" lon="-0.023915">
        <ele>950.2</ele>
        <time>2015-10-20T16:06:25Z</time>
        <sat>10</sat>
      </trkpt>
      <trkpt lat="40.628925" lon="-0.024031">
        <ele>947.9</ele>
        <time>2015-10-20T16:06:30Z</time>
        <sat>10</sat>
      </trkpt>
      <trkpt lat="40.628880" lon="-0.024191">
        <ele>948.2</ele>
        <time>2015-10-20T16:06:37Z</time>
        <sat>11</sat>
      </trkpt>
      <trkpt lat="40.628822" lon="-0.024310">
        <ele>946.6</ele>
        <time>2015-10-20T16:06:44Z</time>
        <sat>11</sat>
      </trkpt>
      <trkpt lat="40.628723" lon="-0.024318">
        <ele>947.5</ele>
        <time>2015-10-20T16:06:49Z</time>
        <sat>11</sat>
      </trkpt>
      <trkpt lat="40.628637" lon="-0.024283">
        <ele>948.6</ele>
        <time>2015-10-20T16:06:54Z</time>
        <sat>11</sat>
      </trkpt>
      <trkpt lat="40.628542" lon="-0.024251">
        <ele>948.4</ele>
        <time>2015-10-20T16:07:00Z</time>
        <sat>11</sat>
      </trkpt>
      <trkpt lat="40.628452" lon="-0.024266">
        <ele>945.7</ele>
        <time>2015-10-20T16:07:05Z</time>
        <sat>11</sat>
      </trkpt>
      <trkpt lat="40.628355" lon="-0.024308">
        <ele>943.4</ele>
        <time>2015-10-20T16:07:11Z</time>
        <sat>11</sat>
      </trkpt>
      <trkpt lat="40.628244" lon="-0.024331">
        <ele>940.8</ele>
        <time>2015-10-20T16:07:17Z</time>
        <sat>11</sat>
      </trkpt>
      <trkpt lat="40.628172" lon="-0.024251">
        <ele>937.3</ele>
        <time>2015-10-20T16:07:23Z</time>
        <sat>11</sat>
      </trkpt>
      <trkpt lat="40.628104" lon="-0.024335">
        <ele>935.6</ele>
        <time>2015-10-20T16:07:28Z</time>
        <sat>11</sat>
      </trkpt>
      <trkpt lat="40.628037" lon="-0.024470">
        <ele>933.1</ele>
        <time>2015-10-20T16:07:35Z</time>
        <sat>11</sat>
      </trkpt>
      <trkpt lat="40.627982" lon="-0.024568">
        <ele>930.7</ele>
        <time>2015-10-20T16:07:40Z</time>
        <sat>10</sat>
      </trkpt>
      <trkpt lat="40.627924" lon="-0.024673">
        <ele>927.9</ele>
        <time>2015-10-20T16:07:46Z</time>
        <sat>10</sat>
      </trkpt>
      <trkpt lat="40.627899" lon="-0.024744">
        <ele>926.0</ele>
        <time>2015-10-20T16:07:49Z</time>
      </trkpt>
      <trkpt lat="40.627848" lon="-0.024739">
        <ele>923.6</ele>
        <time>2015-10-20T16:07:52Z</time>
        <sat>10</sat>
      </trkpt>
      <trkpt lat="40.627805" lon="-0.024701">
        <ele>921.7</ele>
        <time>2015-10-20T16:07:55Z</time>
      </trkpt>
      <trkpt lat="40.627792" lon="-0.024628">
        <ele>922.2</ele>
        <time>2015-10-20T16:07:59Z</time>
        <sat>10</sat>
      </trkpt>
      <trkpt lat="40.627740" lon="-0.024530">
        <ele>920.0</ele>
        <time>2015-10-20T16:08:04Z</time>
        <sat>6</sat>
      </trkpt>
      <trkpt lat="40.627712" lon="-0.024413">
        <ele>918.9</ele>
        <time>2015-10-20T16:08:09Z</time>
        <sat>6</sat>
      </trkpt>
      <trkpt lat="40.627670" lon="-0.024472">
        <ele>919.1</ele>
        <time>2015-10-20T16:08:13Z</time>
      </trkpt>
      <trkpt lat="40.627662" lon="-0.024543">
        <ele>919.2</ele>
        <time>2015-10-20T16:08:16Z</time>
        <sat>6</sat>
      </trkpt>
      <trkpt lat="40.627677" lon="-0.024666">
        <ele>915.6</ele>
        <time>2015-10-20T16:08:21Z</time>
        <sat>11</sat>
      </trkpt>
      <trkpt lat="40.627717" lon="-0.024785">
        <ele>914.0</ele>
        <time>2015-10-20T16:08:27Z</time>
        <sat>10</sat>
      </trkpt>
      <trkpt lat="40.627747" lon="-0.024913">
        <ele>912.3</ele>
        <time>2015-10-20T16:08:33Z</time>
        <sat>10</sat>
      </trkpt>
      <trkpt lat="40.627779" lon="-0.025086">
        <ele>909.1</ele>
        <time>2015-10-20T16:08:40Z</time>
        <sat>10</sat>
      </trkpt>
      <trkpt lat="40.627775" lon="-0.025226">
        <ele>906.9</ele>
        <time>2015-10-20T16:08:46Z</time>
        <sat>10</sat>
      </trkpt>
      <trkpt lat="40.627789" lon="-0.025393">
        <ele>904.2</ele>
        <time>2015-10-20T16:08:54Z</time>
        <sat>10</sat>
      </trkpt>
      <trkpt lat="40.627809" lon="-0.025535">
        <ele>902.4</ele>
        <time>2015-10-20T16:09:00Z</time>
        <sat>10</sat>
      </trkpt>
      <trkpt lat="40.627826" lon="-0.025678">
        <ele>900.4</ele>
        <time>2015-10-20T16:09:06Z</time>
        <sat>10</sat>
      </trkpt>
      <trkpt lat="40.627847" lon="-0.025843">
        <ele>898.1</ele>
        <time>2015-10-20T16:09:14Z</time>
        <sat>10</sat>
      </trkpt>
      <trkpt lat="40.627855" lon="-0.026010">
        <ele>895.6</ele>
        <time>2015-10-20T16:09:21Z</time>
        <sat>10</sat>
      </trkpt>
      <trkpt lat="40.627907" lon="-0.026131">
        <ele>895.2</ele>
        <time>2015-10-20T16:09:27Z</time>
        <sat>10</sat>
      </trkpt>
      <trkpt lat="40.627943" lon="-0.026298">
        <ele>892.8</ele>
        <time>2015-10-20T16:09:34Z</time>
        <sat>10</sat>
      </trkpt>
      <trkpt lat="40.627975" lon="-0.026415">
        <ele>890.9</ele>
        <time>2015-10-20T16:09:40Z</time>
        <sat>10</sat>
      </trkpt>
      <trkpt lat="40.627989" lon="-0.026536">
        <ele>888.9</ele>
        <time>2015-10-20T16:09:45Z</time>
        <sat>10</sat>
      </trkpt>
      <trkpt lat="40.627982" lon="-0.026656">
        <ele>886.7</ele>
        <time>2015-10-20T16:09:50Z</time>
        <sat>10</sat>
      </trkpt>
      <trkpt lat="40.627978" lon="-0.026798">
        <ele>883.9</ele>
        <time>2015-10-20T16:09:56Z</time>
        <sat>10</sat>
      </trkpt>
      <trkpt lat="40.628035" lon="-0.026901">
        <ele>883.4</ele>
        <time>2015-10-20T16:10:02Z</time>
        <sat>10</sat>
      </trkpt>
      <trkpt lat="40.628073" lon="-0.027053">
        <ele>880.9</ele>
        <time>2015-10-20T16:10:09Z</time>
        <sat>10</sat>
      </trkpt>
      <trkpt lat="40.628080" lon="-0.027213">
        <ele>878.9</ele>
        <time>2015-10-20T16:10:16Z</time>
        <sat>10</sat>
      </trkpt>
      <trkpt lat="40.628073" lon="-0.027333">
        <ele>877.4</ele>
        <time>2015-10-20T16:10:21Z</time>
        <sat>10</sat>
      </trkpt>
      <trkpt lat="40.628027" lon="-0.027455">
        <ele>874.8</ele>
        <time>2015-10-20T16:10:27Z</time>
        <sat>10</sat>
      </trkpt>
      <trkpt lat="40.628037" lon="-0.027575">
        <ele>873.3</ele>
        <time>2015-10-20T16:10:32Z</time>
        <sat>10</sat>
      </trkpt>
      <trkpt lat="40.628115" lon="-0.027713">
        <ele>872.7</ele>
        <time>2015-10-20T16:10:40Z</time>
        <sat>10</sat>
      </trkpt>
      <trkpt lat="40.628158" lon="-0.027825">
        <ele>871.8</ele>
        <time>2015-10-20T16:10:45Z</time>
        <sat>11</sat>
      </trkpt>
      <trkpt lat="40.628192" lon="-0.027938">
        <ele>869.6</ele>
        <time>2015-10-20T16:10:50Z</time>
        <sat>9</sat>
      </trkpt>
      <trkpt lat="40.628230" lon="-0.028056">
        <ele>868.0</ele>
        <time>2015-10-20T16:10:56Z</time>
        <sat>9</sat>
      </trkpt>
      <trkpt lat="40.628280" lon="-0.028158">
        <ele>867.8</ele>
        <time>2015-10-20T16:11:01Z</time>
        <sat>8</sat>
      </trkpt>
      <trkpt lat="40.628188" lon="-0.028140">
        <ele>866.0</ele>
        <time>2015-10-20T16:11:07Z</time>
        <sat>9</sat>
      </trkpt>
      <trkpt lat="40.628105" lon="-0.028073">
        <ele>866.3</ele>
        <time>2015-10-20T16:11:12Z</time>
        <sat>9</sat>
      </trkpt>
      <trkpt lat="40.628009" lon="-0.028090">
        <ele>869.5</ele>
        <time>2015-10-20T16:11:18Z</time>
        <sat>7</sat>
      </trkpt>
      <trkpt lat="40.627928" lon="-0.028025">
        <ele>870.0</ele>
        <time>2015-10-20T16:11:23Z</time>
        <sat>9</sat>
      </trkpt>
      <trkpt lat="40.627845" lon="-0.027976">
        <ele>871.9</ele>
        <time>2015-10-20T16:11:28Z</time>
        <sat>8</sat>
      </trkpt>
      <trkpt lat="40.627782" lon="-0.027891">
        <ele>872.7</ele>
        <time>2015-10-20T16:11:34Z</time>
        <sat>9</sat>
      </trkpt>
      <trkpt lat="40.627723" lon="-0.027800">
        <ele>871.8</ele>
        <time>2015-10-20T16:11:39Z</time>
        <sat>9</sat>
      </trkpt>
      <trkpt lat="40.627654" lon="-0.027710">
        <ele>872.5</ele>
        <time>2015-10-20T16:11:44Z</time>
        <sat>9</sat>
      </trkpt>
      <trkpt lat="40.627579" lon="-0.027635">
        <ele>873.1</ele>
        <time>2015-10-20T16:11:50Z</time>
        <sat>9</sat>
      </trkpt>
      <trkpt lat="40.627512" lon="-0.027538">
        <ele>873.1</ele>
        <time>2015-10-20T16:11:55Z</time>
        <sat>9</sat>
      </trkpt>
      <trkpt lat="40.627459" lon="-0.027433">
        <ele>871.7</ele>
        <time>2015-10-20T16:12:01Z</time>
        <sat>9</sat>
      </trkpt>
      <trkpt lat="40.627400" lon="-0.027341">
        <ele>871.4</ele>
        <time>2015-10-20T16:12:06Z</time>
        <sat>9</sat>
      </trkpt>
      <trkpt lat="40.627345" lon="-0.027245">
        <ele>870.8</ele>
        <time>2015-10-20T16:12:11Z</time>
        <sat>9</sat>
      </trkpt>
      <trkpt lat="40.627288" lon="-0.027145">
        <ele>870.3</ele>
        <time>2015-10-20T16:12:17Z</time>
        <sat>9</sat>
      </trkpt>
      <trkpt lat="40.627210" lon="-0.027050">
        <ele>871.0</ele>
        <time>2015-10-20T16:12:23Z</time>
        <sat>9</sat>
      </trkpt>
      <trkpt lat="40.627138" lon="-0.026954">
        <ele>871.0</ele>
        <time>2015-10-20T16:12:29Z</time>
        <sat>11</sat>
      </trkpt>
      <trkpt lat="40.627082" lon="-0.026851">
        <ele>871.7</ele>
        <time>2015-10-20T16:12:34Z</time>
        <sat>11</sat>
      </trkpt>
      <trkpt lat="40.627007" lon="-0.026756">
        <ele>874.6</ele>
        <time>2015-10-20T16:12:40Z</time>
        <sat>11</sat>
      </trkpt>
      <trkpt lat="40.626942" lon="-0.026665">
        <ele>877.5</ele>
        <time>2015-10-20T16:12:46Z</time>
        <sat>11</sat>
      </trkpt>
      <trkpt lat="40.626863" lon="-0.026595">
        <ele>879.2</ele>
        <time>2015-10-20T16:12:51Z</time>
        <sat>11</sat>
      </trkpt>
      <trkpt lat="40.626782" lon="-0.026523">
        <ele>879.2</ele>
        <time>2015-10-20T16:12:57Z</time>
        <sat>10</sat>
      </trkpt>
      <trkpt lat="40.626694" lon="-0.026463">
        <ele>878.7</ele>
        <time>2015-10-20T16:13:02Z</time>
        <sat>11</sat>
      </trkpt>
      <trkpt lat="40.626617" lon="-0.026378">
        <ele>878.8</ele>
        <time>2015-10-20T16:13:08Z</time>
        <sat>11</sat>
      </trkpt>
      <trkpt lat="40.626560" lon="-0.026284">
        <ele>878.9</ele>
        <time>2015-10-20T16:13:13Z</time>
        <sat>11</sat>
      </trkpt>
      <trkpt lat="40.626520" lon="-0.026164">
        <ele>880.5</ele>
        <time>2015-10-20T16:13:19Z</time>
        <sat>11</sat>
      </trkpt>
      <trkpt lat="40.626483" lon="-0.026054">
        <ele>883.8</ele>
        <time>2015-10-20T16:13:24Z</time>
        <sat>11</sat>
      </trkpt>
      <trkpt lat="40.626432" lon="-0.025943">
        <ele>884.7</ele>
        <time>2015-10-20T16:13:30Z</time>
        <sat>10</sat>
      </trkpt>
      <trkpt lat="40.626355" lon="-0.025851">
        <ele>885.5</ele>
        <time>2015-10-20T16:13:36Z</time>
        <sat>11</sat>
      </trkpt>
      <trkpt lat="40.626281" lon="-0.025783">
        <ele>885.5</ele>
        <time>2015-10-20T16:13:41Z</time>
        <sat>10</sat>
      </trkpt>
      <trkpt lat="40.626204" lon="-0.025716">
        <ele>885.2</ele>
        <time>2015-10-20T16:13:46Z</time>
        <sat>11</sat>
      </trkpt>
      <trkpt lat="40.626127" lon="-0.025625">
        <ele>884.7</ele>
        <time>2015-10-20T16:13:52Z</time>
        <sat>11</sat>
      </trkpt>
      <trkpt lat="40.626062" lon="-0.025496">
        <ele>883.5</ele>
        <time>2015-10-20T16:13:59Z</time>
        <sat>11</sat>
      </trkpt>
      <trkpt lat="40.625980" lon="-0.025403">
        <ele>882.0</ele>
        <time>2015-10-20T16:14:05Z</time>
        <sat>11</sat>
      </trkpt>
      <trkpt lat="40.625927" lon="-0.025303">
        <ele>880.3</ele>
        <time>2015-10-20T16:14:10Z</time>
        <sat>11</sat>
      </trkpt>
      <trkpt lat="40.625847" lon="-0.025169">
        <ele>880.5</ele>
        <time>2015-10-20T16:14:18Z</time>
        <sat>11</sat>
      </trkpt>
      <trkpt lat="40.625765" lon="-0.025086">
        <ele>879.8</ele>
        <time>2015-10-20T16:14:23Z</time>
        <sat>11</sat>
      </trkpt>
      <trkpt lat="40.625738" lon="-0.024951">
        <ele>877.3</ele>
        <time>2015-10-20T16:14:30Z</time>
        <sat>11</sat>
      </trkpt>
      <trkpt lat="40.625664" lon="-0.024855">
        <ele>880.6</ele>
        <time>2015-10-20T16:14:36Z</time>
        <sat>11</sat>
      </trkpt>
      <trkpt lat="40.625660" lon="-0.024730">
        <ele>878.4</ele>
        <time>2015-10-20T16:14:41Z</time>
        <sat>11</sat>
      </trkpt>
      <trkpt lat="40.625639" lon="-0.024589">
        <ele>879.0</ele>
        <time>2015-10-20T16:14:47Z</time>
        <sat>11</sat>
      </trkpt>
      <trkpt lat="40.625613" lon="-0.024466">
        <ele>879.1</ele>
        <time>2015-10-20T16:14:53Z</time>
        <sat>11</sat>
      </trkpt>
      <trkpt lat="40.625643" lon="-0.024405">
        <ele>877.7</ele>
        <time>2015-10-20T16:14:56Z</time>
        <sat>11</sat>
      </trkpt>
      <trkpt lat="40.625645" lon="-0.024408">
        <ele>877.6</ele>
        <time>2015-10-20T16:14:56Z</time>
      </trkpt>
      <trkpt lat="40.625657" lon="-0.024144">
        <ele>876.8</ele>
        <time>2015-10-20T16:15:08Z</time>
      </trkpt>
      <trkpt lat="40.625672" lon="-0.023943">
        <ele>876.0</ele>
        <time>2015-10-20T16:15:16Z</time>
      </trkpt>
      <trkpt lat="40.625687" lon="-0.023721">
        <ele>874.1</ele>
        <time>2015-10-20T16:15:26Z</time>
      </trkpt>
      <trkpt lat="40.625684" lon="-0.023508">
        <ele>871.4</ele>
        <time>2015-10-20T16:15:35Z</time>
      </trkpt>
      <trkpt lat="40.625643" lon="-0.023301">
        <ele>869.5</ele>
        <time>2015-10-20T16:15:44Z</time>
      </trkpt>
      <trkpt lat="40.625554" lon="-0.023117">
        <ele>868.3</ele>
        <time>2015-10-20T16:15:54Z</time>
      </trkpt>
      <trkpt lat="40.625356" lon="-0.022884">
        <ele>866.7</ele>
        <time>2015-10-20T16:16:09Z</time>
      </trkpt>
      <trkpt lat="40.625259" lon="-0.022755">
        <ele>865.3</ele>
        <time>2015-10-20T16:16:17Z</time>
      </trkpt>
      <trkpt lat="40.625173" lon="-0.022619">
        <ele>864.4</ele>
        <time>2015-10-20T16:16:25Z</time>
      </trkpt>
      <trkpt lat="40.625056" lon="-0.022319">
        <ele>860.5</ele>
        <time>2015-10-20T16:16:39Z</time>
      </trkpt>
      <trkpt lat="40.624950" lon="-0.022042">
        <ele>857.2</ele>
        <time>2015-10-20T16:16:53Z</time>
      </trkpt>
      <trkpt lat="40.624845" lon="-0.021800">
        <ele>855.3</ele>
        <time>2015-10-20T16:17:05Z</time>
      </trkpt>
      <trkpt lat="40.624809" lon="-0.021515">
        <ele>852.9</ele>
        <time>2015-10-20T16:17:17Z</time>
      </trkpt>
      <trkpt lat="40.624743" lon="-0.021309">
        <ele>852.6</ele>
        <time>2015-10-20T16:17:27Z</time>
      </trkpt>
      <trkpt lat="40.624672" lon="-0.021078">
        <ele>849.8</ele>
        <time>2015-10-20T16:17:38Z</time>
      </trkpt>
      <trkpt lat="40.624574" lon="-0.020860">
        <ele>845.3</ele>
        <time>2015-10-20T16:17:49Z</time>
      </trkpt>
      <trkpt lat="40.624462" lon="-0.020630">
        <ele>842.1</ele>
        <time>2015-10-20T16:18:01Z</time>
      </trkpt>
      <trkpt lat="40.624352" lon="-0.020422">
        <ele>841.2</ele>
        <time>2015-10-20T16:18:12Z</time>
      </trkpt>
      <trkpt lat="40.624193" lon="-0.020229">
        <ele>843.1</ele>
        <time>2015-10-20T16:18:24Z</time>
      </trkpt>
      <trkpt lat="40.624188" lon="-0.020219">
        <ele>842.9</ele>
        <time>2015-10-20T16:18:25Z</time>
      </trkpt>
      <trkpt lat="40.624188" lon="-0.020219">
        <ele>842.9</ele>
        <time>2015-10-20T16:18:25Z</time>
        <sat>11</sat>
      </trkpt>
      <trkpt lat="40.624087" lon="-0.020117">
        <ele>845.2</ele>
        <time>2015-10-20T16:18:32Z</time>
      </trkpt>
      <trkpt lat="40.624087" lon="-0.020117">
        <ele>845.2</ele>
        <time>2015-10-20T16:18:32Z</time>
      </trkpt>
      <trkpt lat="40.624086" lon="-0.020117">
        <ele>845.2</ele>
        <time>2015-10-20T16:18:32Z</time>
      </trkpt>
      <trkpt lat="40.623771" lon="-0.020241">
        <ele>854.7</ele>
        <time>2015-10-20T16:18:51Z</time>
      </trkpt>
      <trkpt lat="40.623405" lon="-0.020307">
        <ele>856.3</ele>
        <time>2015-10-20T16:19:12Z</time>
      </trkpt>
      <trkpt lat="40.623140" lon="-0.020286">
        <ele>858.7</ele>
        <time>2015-10-20T16:19:27Z</time>
      </trkpt>
      <trkpt lat="40.622961" lon="-0.020011">
        <ele>861.2</ele>
        <time>2015-10-20T16:19:43Z</time>
      </trkpt>
      <trkpt lat="40.622783" lon="-0.019754">
        <ele>865.1</ele>
        <time>2015-10-20T16:19:58Z</time>
      </trkpt>
      <trkpt lat="40.622662" lon="-0.019803">
        <ele>866.0</ele>
        <time>2015-10-20T16:20:05Z</time>
      </trkpt>
      <trkpt lat="40.622681" lon="-0.019955">
        <ele>866.5</ele>
        <time>2015-10-20T16:20:12Z</time>
      </trkpt>
      <trkpt lat="40.622738" lon="-0.020067">
        <ele>866.7</ele>
        <time>2015-10-20T16:20:18Z</time>
      </trkpt>
      <trkpt lat="40.622788" lon="-0.020156">
        <ele>866.5</ele>
        <time>2015-10-20T16:20:23Z</time>
      </trkpt>
      <trkpt lat="40.622799" lon="-0.020258">
        <ele>867.6</ele>
        <time>2015-10-20T16:20:27Z</time>
      </trkpt>
      <trkpt lat="40.623202" lon="-0.020850">
        <ele>865.9</ele>
        <time>2015-10-20T16:21:02Z</time>
      </trkpt>
      <trkpt lat="40.623225" lon="-0.020844">
        <ele>866.0</ele>
        <time>2015-10-20T16:21:03Z</time>
      </trkpt>
      <trkpt lat="40.623304" lon="-0.020932">
        <ele>867.2</ele>
        <time>2015-10-20T16:21:09Z</time>
      </trkpt>
      <trkpt lat="40.623187" lon="-0.020961">
        <ele>869.0</ele>
        <time>2015-10-20T16:21:16Z</time>
      </trkpt>
      <trkpt lat="40.622708" lon="-0.020717">
        <ele>880.6</ele>
        <time>2015-10-20T16:21:45Z</time>
      </trkpt>
      <trkpt lat="40.622566" lon="-0.020518">
        <ele>878.6</ele>
        <time>2015-10-20T16:21:57Z</time>
      </trkpt>
      <trkpt lat="40.622518" lon="-0.020700">
        <ele>887.2</ele>
        <time>2015-10-20T16:22:05Z</time>
      </trkpt>
      <trkpt lat="40.622596" lon="-0.021005">
        <ele>889.9</ele>
        <time>2015-10-20T16:22:19Z</time>
      </trkpt>
      <trkpt lat="40.622739" lon="-0.021286">
        <ele>886.3</ele>
        <time>2015-10-20T16:22:34Z</time>
      </trkpt>
      <trkpt lat="40.623123" lon="-0.021722">
        <ele>885.3</ele>
        <time>2015-10-20T16:23:03Z</time>
      </trkpt>
      <trkpt lat="40.623755" lon="-0.021833">
        <ele>882.9</ele>
        <time>2015-10-20T16:23:39Z</time>
      </trkpt>
      <trkpt lat="40.624079" lon="-0.022162">
        <ele>881.0</ele>
        <time>2015-10-20T16:24:03Z</time>
      </trkpt>
      <trkpt lat="40.624472" lon="-0.022950">
        <ele>884.8</ele>
        <time>2015-10-20T16:24:44Z</time>
      </trkpt>
      <trkpt lat="40.624781" lon="-0.023293">
        <ele>885.1</ele>
        <time>2015-10-20T16:25:07Z</time>
      </trkpt>
      <trkpt lat="40.625050" lon="-0.023421">
        <ele>883.0</ele>
        <time>2015-10-20T16:25:23Z</time>
        <sat>11</sat>
      </trkpt>
      <trkpt lat="40.625266" lon="-0.023783">
        <ele>886.5</ele>
        <time>2015-10-20T16:25:43Z</time>
      </trkpt>
      <trkpt lat="40.625280" lon="-0.023789">
        <ele>886.2</ele>
        <time>2015-10-20T16:25:44Z</time>
        <sat>11</sat>
      </trkpt>
      <trkpt lat="40.625275" lon="-0.023798">
        <ele>886.5</ele>
        <time>2015-10-20T16:25:44Z</time>
        <sat>8</sat>
      </trkpt>
      <trkpt lat="40.625265" lon="-0.023917">
        <ele>888.1</ele>
        <time>2015-10-20T16:25:50Z</time>
        <sat>8</sat>
      </trkpt>
      <trkpt lat="40.625246" lon="-0.024056">
        <ele>889.5</ele>
        <time>2015-10-20T16:25:56Z</time>
        <sat>8</sat>
      </trkpt>
      <trkpt lat="40.625214" lon="-0.024178">
        <ele>890.7</ele>
        <time>2015-10-20T16:26:01Z</time>
        <sat>8</sat>
      </trkpt>
      <trkpt lat="40.625192" lon="-0.024309">
        <ele>891.8</ele>
        <time>2015-10-20T16:26:07Z</time>
        <sat>7</sat>
      </trkpt>
      <trkpt lat="40.625187" lon="-0.024445">
        <ele>891.7</ele>
        <time>2015-10-20T16:26:13Z</time>
        <sat>7</sat>
      </trkpt>
      <trkpt lat="40.625170" lon="-0.024579">
        <ele>892.1</ele>
        <time>2015-10-20T16:26:19Z</time>
        <sat>7</sat>
      </trkpt>
      <trkpt lat="40.625147" lon="-0.024713">
        <ele>892.9</ele>
        <time>2015-10-20T16:26:25Z</time>
        <sat>6</sat>
      </trkpt>
      <trkpt lat="40.625124" lon="-0.024833">
        <ele>894.4</ele>
        <time>2015-10-20T16:26:30Z</time>
        <sat>6</sat>
      </trkpt>
      <trkpt lat="40.625084" lon="-0.024949">
        <ele>895.8</ele>
        <time>2015-10-20T16:26:36Z</time>
        <sat>6</sat>
      </trkpt>
      <trkpt lat="40.625052" lon="-0.025076">
        <ele>897.0</ele>
        <time>2015-10-20T16:26:42Z</time>
        <sat>6</sat>
      </trkpt>
      <trkpt lat="40.625040" lon="-0.025210">
        <ele>896.5</ele>
        <time>2015-10-20T16:26:47Z</time>
        <sat>6</sat>
      </trkpt>
      <trkpt lat="40.625065" lon="-0.025335">
        <ele>896.4</ele>
        <time>2015-10-20T16:26:53Z</time>
        <sat>6</sat>
      </trkpt>
      <trkpt lat="40.625099" lon="-0.025450">
        <ele>896.6</ele>
        <time>2015-10-20T16:26:58Z</time>
        <sat>5</sat>
      </trkpt>
      <trkpt lat="40.625157" lon="-0.025560">
        <ele>897.9</ele>
        <time>2015-10-20T16:27:04Z</time>
        <sat>5</sat>
      </trkpt>
      <trkpt lat="40.625234" lon="-0.025658">
        <ele>897.3</ele>
        <time>2015-10-20T16:27:10Z</time>
        <sat>5</sat>
      </trkpt>
      <trkpt lat="40.625304" lon="-0.025756">
        <ele>897.5</ele>
        <time>2015-10-20T16:27:16Z</time>
        <sat>5</sat>
      </trkpt>
      <trkpt lat="40.625367" lon="-0.025864">
        <ele>899.5</ele>
        <time>2015-10-20T16:27:22Z</time>
        <sat>5</sat>
      </trkpt>
      <trkpt lat="40.625427" lon="-0.025953">
        <ele>900.5</ele>
        <time>2015-10-20T16:27:27Z</time>
        <sat>5</sat>
      </trkpt>
      <trkpt lat="40.625486" lon="-0.026046">
        <ele>900.5</ele>
        <time>2015-10-20T16:27:32Z</time>
        <sat>5</sat>
      </trkpt>
      <trkpt lat="40.625547" lon="-0.026132">
        <ele>902.6</ele>
        <time>2015-10-20T16:27:38Z</time>
        <sat>5</sat>
      </trkpt>
      <trkpt lat="40.625614" lon="-0.026236">
        <ele>905.1</ele>
        <time>2015-10-20T16:27:44Z</time>
        <sat>5</sat>
      </trkpt>
      <trkpt lat="40.625689" lon="-0.026318">
        <ele>903.6</ele>
        <time>2015-10-20T16:27:49Z</time>
        <sat>5</sat>
      </trkpt>
      <trkpt lat="40.625759" lon="-0.026399">
        <ele>903.7</ele>
        <time>2015-10-20T16:27:54Z</time>
        <sat>5</sat>
      </trkpt>
      <trkpt lat="40.625832" lon="-0.026486">
        <ele>904.6</ele>
        <time>2015-10-20T16:28:00Z</time>
        <sat>5</sat>
      </trkpt>
      <trkpt lat="40.625891" lon="-0.026618">
        <ele>906.8</ele>
        <time>2015-10-20T16:28:07Z</time>
        <sat>5</sat>
      </trkpt>
      <trkpt lat="40.625927" lon="-0.026731">
        <ele>909.4</ele>
        <time>2015-10-20T16:28:12Z</time>
        <sat>5</sat>
      </trkpt>
      <trkpt lat="40.625969" lon="-0.026858">
        <ele>910.8</ele>
        <time>2015-10-20T16:28:18Z</time>
        <sat>5</sat>
      </trkpt>
      <trkpt lat="40.626019" lon="-0.026968">
        <ele>910.6</ele>
        <time>2015-10-20T16:28:24Z</time>
        <sat>5</sat>
      </trkpt>
      <trkpt lat="40.626102" lon="-0.027063">
        <ele>910.6</ele>
        <time>2015-10-20T16:28:30Z</time>
        <sat>5</sat>
      </trkpt>
      <trkpt lat="40.626193" lon="-0.027121">
        <ele>908.9</ele>
        <time>2015-10-20T16:28:36Z</time>
        <sat>5</sat>
      </trkpt>
      <trkpt lat="40.626281" lon="-0.027176">
        <ele>904.9</ele>
        <time>2015-10-20T16:28:41Z</time>
        <sat>5</sat>
      </trkpt>
      <trkpt lat="40.626369" lon="-0.027255">
        <ele>904.8</ele>
        <time>2015-10-20T16:28:47Z</time>
        <sat>6</sat>
      </trkpt>
      <trkpt lat="40.626449" lon="-0.027346">
        <ele>907.0</ele>
        <time>2015-10-20T16:28:53Z</time>
        <sat>6</sat>
      </trkpt>
      <trkpt lat="40.626522" lon="-0.027418">
        <ele>908.2</ele>
        <time>2015-10-20T16:28:59Z</time>
        <sat>6</sat>
      </trkpt>
      <trkpt lat="40.626589" lon="-0.027501">
        <ele>909.9</ele>
        <time>2015-10-20T16:29:04Z</time>
        <sat>6</sat>
      </trkpt>
      <trkpt lat="40.626666" lon="-0.027604">
        <ele>911.0</ele>
        <time>2015-10-20T16:29:10Z</time>
        <sat>6</sat>
      </trkpt>
      <trkpt lat="40.626734" lon="-0.027728">
        <ele>913.2</ele>
        <time>2015-10-20T16:29:17Z</time>
        <sat>6</sat>
      </trkpt>
      <trkpt lat="40.626801" lon="-0.027839">
        <ele>914.6</ele>
        <time>2015-10-20T16:29:23Z</time>
        <sat>7</sat>
      </trkpt>
      <trkpt lat="40.626855" lon="-0.027939">
        <ele>915.8</ele>
        <time>2015-10-20T16:29:28Z</time>
        <sat>7</sat>
      </trkpt>
      <trkpt lat="40.626931" lon="-0.028038">
        <ele>915.8</ele>
        <time>2015-10-20T16:29:34Z</time>
        <sat>7</sat>
      </trkpt>
      <trkpt lat="40.627009" lon="-0.028118">
        <ele>915.0</ele>
        <time>2015-10-20T16:29:40Z</time>
        <sat>7</sat>
      </trkpt>
      <trkpt lat="40.627070" lon="-0.028208">
        <ele>916.0</ele>
        <time>2015-10-20T16:29:45Z</time>
        <sat>7</sat>
      </trkpt>
      <trkpt lat="40.627149" lon="-0.028301">
        <ele>917.5</ele>
        <time>2015-10-20T16:29:51Z</time>
        <sat>7</sat>
      </trkpt>
      <trkpt lat="40.627209" lon="-0.028393">
        <ele>918.8</ele>
        <time>2015-10-20T16:29:57Z</time>
        <sat>7</sat>
      </trkpt>
      <trkpt lat="40.627274" lon="-0.028489">
        <ele>920.5</ele>
        <time>2015-10-20T16:30:02Z</time>
        <sat>7</sat>
      </trkpt>
      <trkpt lat="40.627314" lon="-0.028616">
        <ele>922.3</ele>
        <time>2015-10-20T16:30:08Z</time>
        <sat>7</sat>
      </trkpt>
      <trkpt lat="40.627356" lon="-0.028753">
        <ele>923.7</ele>
        <time>2015-10-20T16:30:15Z</time>
        <sat>7</sat>
      </trkpt>
      <trkpt lat="40.627376" lon="-0.028883">
        <ele>924.8</ele>
        <time>2015-10-20T16:30:20Z</time>
        <sat>7</sat>
      </trkpt>
      <trkpt lat="40.627405" lon="-0.029014">
        <ele>925.2</ele>
        <time>2015-10-20T16:30:26Z</time>
        <sat>7</sat>
      </trkpt>
      <trkpt lat="40.627437" lon="-0.029138">
        <ele>925.4</ele>
        <time>2015-10-20T16:30:32Z</time>
        <sat>6</sat>
      </trkpt>
      <trkpt lat="40.627472" lon="-0.029267">
        <ele>926.1</ele>
        <time>2015-10-20T16:30:38Z</time>
        <sat>7</sat>
      </trkpt>
      <trkpt lat="40.627476" lon="-0.029416">
        <ele>927.4</ele>
        <time>2015-10-20T16:30:44Z</time>
        <sat>8</sat>
      </trkpt>
      <trkpt lat="40.627466" lon="-0.029551">
        <ele>930.4</ele>
        <time>2015-10-20T16:30:50Z</time>
        <sat>8</sat>
      </trkpt>
      <trkpt lat="40.627464" lon="-0.029683">
        <ele>930.9</ele>
        <time>2015-10-20T16:30:56Z</time>
        <sat>7</sat>
      </trkpt>
      <trkpt lat="40.627466" lon="-0.029810">
        <ele>930.2</ele>
        <time>2015-10-20T16:31:01Z</time>
        <sat>6</sat>
      </trkpt>
      <trkpt lat="40.627464" lon="-0.029950">
        <ele>929.6</ele>
        <time>2015-10-20T16:31:07Z</time>
        <sat>6</sat>
      </trkpt>
      <trkpt lat="40.627462" lon="-0.030089">
        <ele>930.0</ele>
        <time>2015-10-20T16:31:14Z</time>
        <sat>6</sat>
      </trkpt>
      <trkpt lat="40.627472" lon="-0.030238">
        <ele>929.4</ele>
        <time>2015-10-20T16:31:20Z</time>
        <sat>6</sat>
      </trkpt>
      <trkpt lat="40.627471" lon="-0.030378">
        <ele>929.9</ele>
        <time>2015-10-20T16:31:26Z</time>
        <sat>6</sat>
      </trkpt>
      <trkpt lat="40.627454" lon="-0.030541">
        <ele>930.6</ele>
        <time>2015-10-20T16:31:33Z</time>
        <sat>6</sat>
      </trkpt>
      <trkpt lat="40.627467" lon="-0.030700">
        <ele>929.1</ele>
        <time>2015-10-20T16:31:40Z</time>
        <sat>6</sat>
      </trkpt>
      <trkpt lat="40.627481" lon="-0.030851">
        <ele>929.3</ele>
        <time>2015-10-20T16:31:47Z</time>
        <sat>6</sat>
      </trkpt>
      <trkpt lat="40.627497" lon="-0.030968">
        <ele>928.8</ele>
        <time>2015-10-20T16:31:52Z</time>
        <sat>6</sat>
      </trkpt>
      <trkpt lat="40.627514" lon="-0.031099">
        <ele>928.9</ele>
        <time>2015-10-20T16:31:58Z</time>
        <sat>6</sat>
      </trkpt>
      <trkpt lat="40.627509" lon="-0.031223">
        <ele>930.4</ele>
        <time>2015-10-20T16:32:03Z</time>
        <sat>6</sat>
      </trkpt>
      <trkpt lat="40.627509" lon="-0.031353">
        <ele>931.6</ele>
        <time>2015-10-20T16:32:09Z</time>
        <sat>6</sat>
      </trkpt>
      <trkpt lat="40.627566" lon="-0.031456">
        <ele>930.1</ele>
        <time>2015-10-20T16:32:14Z</time>
        <sat>7</sat>
      </trkpt>
      <trkpt lat="40.627542" lon="-0.031599">
        <ele>932.6</ele>
        <time>2015-10-20T16:32:21Z</time>
        <sat>7</sat>
      </trkpt>
      <trkpt lat="40.627543" lon="-0.031837">
        <ele>933.8</ele>
        <time>2015-10-20T16:32:31Z</time>
        <sat>7</sat>
      </trkpt>
      <trkpt lat="40.627566" lon="-0.031972">
        <ele>935.1</ele>
        <time>2015-10-20T16:32:37Z</time>
        <sat>7</sat>
      </trkpt>
      <trkpt lat="40.627681" lon="-0.032063">
        <ele>937.1</ele>
        <time>2015-10-20T16:32:45Z</time>
        <sat>7</sat>
      </trkpt>
      <trkpt lat="40.627785" lon="-0.032084">
        <ele>939.4</ele>
        <time>2015-10-20T16:32:51Z</time>
        <sat>7</sat>
      </trkpt>
      <trkpt lat="40.627864" lon="-0.032113">
        <ele>940.8</ele>
        <time>2015-10-20T16:32:55Z</time>
        <sat>7</sat>
      </trkpt>
      <trkpt lat="40.627950" lon="-0.032186">
        <ele>942.5</ele>
        <time>2015-10-20T16:33:01Z</time>
        <sat>7</sat>
      </trkpt>
      <trkpt lat="40.628025" lon="-0.032260">
        <ele>944.4</ele>
        <time>2015-10-20T16:33:07Z</time>
        <sat>7</sat>
      </trkpt>
      <trkpt lat="40.628097" lon="-0.032399">
        <ele>946.8</ele>
        <time>2015-10-20T16:33:14Z</time>
        <sat>7</sat>
      </trkpt>
      <trkpt lat="40.628035" lon="-0.032466">
        <ele>948.7</ele>
        <time>2015-10-20T16:33:18Z</time>
        <sat>7</sat>
      </trkpt>
      <trkpt lat="40.627976" lon="-0.032443">
        <ele>949.2</ele>
        <time>2015-10-20T16:33:22Z</time>
        <sat>7</sat>
      </trkpt>
      <trkpt lat="40.627878" lon="-0.032454">
        <ele>950.7</ele>
        <time>2015-10-20T16:33:28Z</time>
        <sat>6</sat>
      </trkpt>
      <trkpt lat="40.627785" lon="-0.032464">
        <ele>952.2</ele>
        <time>2015-10-20T16:33:33Z</time>
        <sat>7</sat>
      </trkpt>
      <trkpt lat="40.627687" lon="-0.032462">
        <ele>954.6</ele>
        <time>2015-10-20T16:33:39Z</time>
        <sat>6</sat>
      </trkpt>
      <trkpt lat="40.627593" lon="-0.032453">
        <ele>956.5</ele>
        <time>2015-10-20T16:33:44Z</time>
        <sat>7</sat>
      </trkpt>
      <trkpt lat="40.627504" lon="-0.032406">
        <ele>958.6</ele>
        <time>2015-10-20T16:33:49Z</time>
        <sat>7</sat>
      </trkpt>
      <trkpt lat="40.627405" lon="-0.032378">
        <ele>960.7</ele>
        <time>2015-10-20T16:33:55Z</time>
        <sat>7</sat>
      </trkpt>
      <trkpt lat="40.627317" lon="-0.032369">
        <ele>962.0</ele>
        <time>2015-10-20T16:34:00Z</time>
        <sat>7</sat>
      </trkpt>
      <trkpt lat="40.627218" lon="-0.032354">
        <ele>964.1</ele>
        <time>2015-10-20T16:34:06Z</time>
        <sat>7</sat>
      </trkpt>
      <trkpt lat="40.627129" lon="-0.032326">
        <ele>964.4</ele>
        <time>2015-10-20T16:34:11Z</time>
        <sat>7</sat>
      </trkpt>
      <trkpt lat="40.627040" lon="-0.032304">
        <ele>965.9</ele>
        <time>2015-10-20T16:34:16Z</time>
        <sat>7</sat>
      </trkpt>
      <trkpt lat="40.626951" lon="-0.032275">
        <ele>963.8</ele>
        <time>2015-10-20T16:34:22Z</time>
        <sat>7</sat>
      </trkpt>
      <trkpt lat="40.626860" lon="-0.032338">
        <ele>964.2</ele>
        <time>2015-10-20T16:34:27Z</time>
        <sat>7</sat>
      </trkpt>
      <trkpt lat="40.626778" lon="-0.032425">
        <ele>965.0</ele>
        <time>2015-10-20T16:34:33Z</time>
        <sat>7</sat>
      </trkpt>
      <trkpt lat="40.626778" lon="-0.032425">
        <ele>965.0</ele>
        <time>2015-10-20T16:34:33Z</time>
        <sat>7</sat>
      </trkpt>
      <trkpt lat="40.626696" lon="-0.032434">
        <ele>965.5</ele>
        <time>2015-10-20T16:34:38Z</time>
        <sat>7</sat>
      </trkpt>
      <trkpt lat="40.626643" lon="-0.032441">
        <ele>965.6</ele>
        <time>2015-10-20T16:34:41Z</time>
        <sat>7</sat>
      </trkpt>
      <trkpt lat="40.626585" lon="-0.032448">
        <ele>966.0</ele>
        <time>2015-10-20T16:34:45Z</time>
        <sat>7</sat>
      </trkpt>
      <trkpt lat="40.626520" lon="-0.032451">
        <ele>966.3</ele>
        <time>2015-10-20T16:34:48Z</time>
        <sat>7</sat>
      </trkpt>
      <trkpt lat="40.626449" lon="-0.032470">
        <ele>967.1</ele>
        <time>2015-10-20T16:34:52Z</time>
        <sat>8</sat>
      </trkpt>
      <trkpt lat="40.626314" lon="-0.032463">
        <ele>967.2</ele>
        <time>2015-10-20T16:35:00Z</time>
        <sat>8</sat>
      </trkpt>
      <trkpt lat="40.626197" lon="-0.032446">
        <ele>967.3</ele>
        <time>2015-10-20T16:35:07Z</time>
        <sat>8</sat>
      </trkpt>
      <trkpt lat="40.626094" lon="-0.032419">
        <ele>967.8</ele>
        <time>2015-10-20T16:35:13Z</time>
        <sat>8</sat>
      </trkpt>
      <trkpt lat="40.625973" lon="-0.032430">
        <ele>968.5</ele>
        <time>2015-10-20T16:35:20Z</time>
        <sat>8</sat>
      </trkpt>
      <trkpt lat="40.625855" lon="-0.032387">
        <ele>968.4</ele>
        <time>2015-10-20T16:35:27Z</time>
        <sat>8</sat>
      </trkpt>
      <trkpt lat="40.625786" lon="-0.032336">
        <ele>968.8</ele>
        <time>2015-10-20T16:35:31Z</time>
        <sat>8</sat>
      </trkpt>
      <trkpt lat="40.625674" lon="-0.032316">
        <ele>969.2</ele>
        <time>2015-10-20T16:35:38Z</time>
        <sat>9</sat>
      </trkpt>
      <trkpt lat="40.625581" lon="-0.032301">
        <ele>969.7</ele>
        <time>2015-10-20T16:35:43Z</time>
        <sat>9</sat>
      </trkpt>
      <trkpt lat="40.625474" lon="-0.032280">
        <ele>969.8</ele>
        <time>2015-10-20T16:35:49Z</time>
        <sat>9</sat>
      </trkpt>
      <trkpt lat="40.625362" lon="-0.032260">
        <ele>970.3</ele>
        <time>2015-10-20T16:35:56Z</time>
        <sat>9</sat>
      </trkpt>
      <trkpt lat="40.625269" lon="-0.032232">
        <ele>970.6</ele>
        <time>2015-10-20T16:36:01Z</time>
        <sat>9</sat>
      </trkpt>
      <trkpt lat="40.625171" lon="-0.032204">
        <ele>971.3</ele>
        <time>2015-10-20T16:36:07Z</time>
        <sat>9</sat>
      </trkpt>
      <trkpt lat="40.625066" lon="-0.032251">
        <ele>972.0</ele>
        <time>2015-10-20T16:36:13Z</time>
        <sat>9</sat>
      </trkpt>
      <trkpt lat="40.624945" lon="-0.032342">
        <ele>973.5</ele>
        <time>2015-10-20T16:36:21Z</time>
        <sat>9</sat>
      </trkpt>
      <trkpt lat="40.624901" lon="-0.032438">
        <ele>973.6</ele>
        <time>2015-10-20T16:36:26Z</time>
        <sat>9</sat>
      </trkpt>
      <trkpt lat="40.624903" lon="-0.032436">
        <ele>973.6</ele>
        <time>2015-10-20T16:36:26Z</time>
        <sat>9</sat>
      </trkpt>
      <trkpt lat="40.624911" lon="-0.032492">
        <ele>973.9</ele>
        <time>2015-10-20T16:36:29Z</time>
      </trkpt>
      <trkpt lat="40.624884" lon="-0.032644">
        <ele>975.1</ele>
        <time>2015-10-20T16:36:36Z</time>
      </trkpt>
      <trkpt lat="40.624773" lon="-0.032945">
        <ele>976.5</ele>
        <time>2015-10-20T16:36:50Z</time>
      </trkpt>
      <trkpt lat="40.624658" lon="-0.032994">
        <ele>977.2</ele>
        <time>2015-10-20T16:36:57Z</time>
      </trkpt>
      <trkpt lat="40.624650" lon="-0.033114">
        <ele>979.2</ele>
        <time>2015-10-20T16:37:02Z</time>
      </trkpt>
      <trkpt lat="40.624678" lon="-0.033266">
        <ele>981.8</ele>
        <time>2015-10-20T16:37:09Z</time>
      </trkpt>
      <trkpt lat="40.624661" lon="-0.033391">
        <ele>982.0</ele>
        <time>2015-10-20T16:37:15Z</time>
      </trkpt>
      <trkpt lat="40.624619" lon="-0.033505">
        <ele>982.7</ele>
        <time>2015-10-20T16:37:20Z</time>
      </trkpt>
      <trkpt lat="40.624563" lon="-0.033656">
        <ele>983.6</ele>
        <time>2015-10-20T16:37:27Z</time>
      </trkpt>
      <trkpt lat="40.624483" lon="-0.033720">
        <ele>983.3</ele>
        <time>2015-10-20T16:37:33Z</time>
      </trkpt>
      <trkpt lat="40.624456" lon="-0.033836">
        <ele>984.3</ele>
        <time>2015-10-20T16:37:38Z</time>
      </trkpt>
      <trkpt lat="40.624397" lon="-0.033934">
        <ele>984.6</ele>
        <time>2015-10-20T16:37:43Z</time>
      </trkpt>
      <trkpt lat="40.624340" lon="-0.034034">
        <ele>985.3</ele>
        <time>2015-10-20T16:37:49Z</time>
      </trkpt>
      <trkpt lat="40.624297" lon="-0.034148">
        <ele>986.6</ele>
        <time>2015-10-20T16:37:54Z</time>
      </trkpt>
      <trkpt lat="40.624256" lon="-0.034253">
        <ele>987.9</ele>
        <time>2015-10-20T16:37:59Z</time>
      </trkpt>
      <trkpt lat="40.624146" lon="-0.034382">
        <ele>988.9</ele>
        <time>2015-10-20T16:38:08Z</time>
      </trkpt>
      <trkpt lat="40.624102" lon="-0.034489">
        <ele>990.3</ele>
        <time>2015-10-20T16:38:13Z</time>
      </trkpt>
      <trkpt lat="40.624069" lon="-0.034606">
        <ele>990.7</ele>
        <time>2015-10-20T16:38:19Z</time>
      </trkpt>
      <trkpt lat="40.624048" lon="-0.034725">
        <ele>991.6</ele>
        <time>2015-10-20T16:38:24Z</time>
      </trkpt>
      <trkpt lat="40.624022" lon="-0.034840">
        <ele>993.2</ele>
        <time>2015-10-20T16:38:29Z</time>
      </trkpt>
      <trkpt lat="40.623974" lon="-0.035089">
        <ele>996.0</ele>
        <time>2015-10-20T16:38:40Z</time>
      </trkpt>
      <trkpt lat="40.623972" lon="-0.035210">
        <ele>997.0</ele>
        <time>2015-10-20T16:38:45Z</time>
      </trkpt>
      <trkpt lat="40.623927" lon="-0.035325">
        <ele>998.2</ele>
        <time>2015-10-20T16:38:51Z</time>
      </trkpt>
      <trkpt lat="40.623894" lon="-0.035442">
        <ele>999.3</ele>
        <time>2015-10-20T16:38:57Z</time>
      </trkpt>
      <trkpt lat="40.623884" lon="-0.035562">
        <ele>1000.7</ele>
        <time>2015-10-20T16:39:02Z</time>
      </trkpt>
      <trkpt lat="40.623839" lon="-0.035672">
        <ele>1002.0</ele>
        <time>2015-10-20T16:39:07Z</time>
      </trkpt>
      <trkpt lat="40.623801" lon="-0.035916">
        <ele>1004.3</ele>
        <time>2015-10-20T16:39:18Z</time>
      </trkpt>
      <trkpt lat="40.623764" lon="-0.036033">
        <ele>1005.7</ele>
        <time>2015-10-20T16:39:24Z</time>
      </trkpt>
      <trkpt lat="40.623731" lon="-0.036275">
        <ele>1008.4</ele>
        <time>2015-10-20T16:39:34Z</time>
      </trkpt>
      <trkpt lat="40.623693" lon="-0.036383">
        <ele>1011.4</ele>
        <time>2015-10-20T16:39:39Z</time>
      </trkpt>
      <trkpt lat="40.623664" lon="-0.036500">
        <ele>1013.1</ele>
        <time>2015-10-20T16:39:45Z</time>
      </trkpt>
      <trkpt lat="40.623668" lon="-0.036627">
        <ele>1014.5</ele>
        <time>2015-10-20T16:39:50Z</time>
      </trkpt>
      <trkpt lat="40.623593" lon="-0.036840">
        <ele>1018.8</ele>
        <time>2015-10-20T16:40:00Z</time>
      </trkpt>
      <trkpt lat="40.623505" lon="-0.036799">
        <ele>1021.4</ele>
        <time>2015-10-20T16:40:06Z</time>
      </trkpt>
      <trkpt lat="40.623453" lon="-0.036701">
        <ele>1024.2</ele>
        <time>2015-10-20T16:40:11Z</time>
      </trkpt>
      <trkpt lat="40.623420" lon="-0.036579">
        <ele>1025.2</ele>
        <time>2015-10-20T16:40:17Z</time>
      </trkpt>
      <trkpt lat="40.623376" lon="-0.036461">
        <ele>1026.8</ele>
        <time>2015-10-20T16:40:22Z</time>
      </trkpt>
      <trkpt lat="40.623301" lon="-0.036230">
        <ele>1029.1</ele>
        <time>2015-10-20T16:40:33Z</time>
      </trkpt>
      <trkpt lat="40.623269" lon="-0.036104">
        <ele>1029.5</ele>
        <time>2015-10-20T16:40:39Z</time>
      </trkpt>
      <trkpt lat="40.623218" lon="-0.035997">
        <ele>1029.7</ele>
        <time>2015-10-20T16:40:44Z</time>
      </trkpt>
      <trkpt lat="40.623153" lon="-0.035897">
        <ele>1029.7</ele>
        <time>2015-10-20T16:40:50Z</time>
      </trkpt>
      <trkpt lat="40.623077" lon="-0.035826">
        <ele>1029.6</ele>
        <time>2015-10-20T16:40:55Z</time>
      </trkpt>
      <trkpt lat="40.623012" lon="-0.035740">
        <ele>1029.2</ele>
        <time>2015-10-20T16:41:01Z</time>
      </trkpt>
      <trkpt lat="40.622860" lon="-0.035589">
        <ele>1029.9</ele>
        <time>2015-10-20T16:41:12Z</time>
      </trkpt>
      <trkpt lat="40.622791" lon="-0.035491">
        <ele>1030.6</ele>
        <time>2015-10-20T16:41:17Z</time>
      </trkpt>
      <trkpt lat="40.622717" lon="-0.035414">
        <ele>1031.4</ele>
        <time>2015-10-20T16:41:23Z</time>
      </trkpt>
      <trkpt lat="40.622686" lon="-0.035527">
        <ele>1034.1</ele>
        <time>2015-10-20T16:41:28Z</time>
      </trkpt>
      <trkpt lat="40.622735" lon="-0.035642">
        <ele>1034.8</ele>
        <time>2015-10-20T16:41:34Z</time>
      </trkpt>
      <trkpt lat="40.622762" lon="-0.035764">
        <ele>1035.8</ele>
        <time>2015-10-20T16:41:39Z</time>
      </trkpt>
      <trkpt lat="40.622840" lon="-0.035985">
        <ele>1038.4</ele>
        <time>2015-10-20T16:41:50Z</time>
      </trkpt>
      <trkpt lat="40.622878" lon="-0.036094">
        <ele>1038.8</ele>
        <time>2015-10-20T16:41:55Z</time>
      </trkpt>
      <trkpt lat="40.622935" lon="-0.036188">
        <ele>1039.2</ele>
        <time>2015-10-20T16:42:00Z</time>
      </trkpt>
      <trkpt lat="40.622968" lon="-0.036317">
        <ele>1041.4</ele>
        <time>2015-10-20T16:42:06Z</time>
      </trkpt>
      <trkpt lat="40.622991" lon="-0.036552">
        <ele>1044.6</ele>
        <time>2015-10-20T16:42:16Z</time>
      </trkpt>
      <trkpt lat="40.622971" lon="-0.036676">
        <ele>1045.5</ele>
        <time>2015-10-20T16:42:22Z</time>
      </trkpt>
      <trkpt lat="40.622936" lon="-0.036795">
        <ele>1047.4</ele>
        <time>2015-10-20T16:42:27Z</time>
      </trkpt>
      <trkpt lat="40.622863" lon="-0.037024">
        <ele>1050.5</ele>
        <time>2015-10-20T16:42:38Z</time>
      </trkpt>
      <trkpt lat="40.622807" lon="-0.037126">
        <ele>1052.6</ele>
        <time>2015-10-20T16:42:44Z</time>
      </trkpt>
      <trkpt lat="40.622757" lon="-0.037227">
        <ele>1053.8</ele>
        <time>2015-10-20T16:42:49Z</time>
      </trkpt>
      <trkpt lat="40.622710" lon="-0.037342">
        <ele>1055.2</ele>
        <time>2015-10-20T16:42:55Z</time>
      </trkpt>
      <trkpt lat="40.622698" lon="-0.037471">
        <ele>1055.9</ele>
        <time>2015-10-20T16:43:00Z</time>
      </trkpt>
      <trkpt lat="40.622691" lon="-0.037595">
        <ele>1056.3</ele>
        <time>2015-10-20T16:43:06Z</time>
      </trkpt>
      <trkpt lat="40.622563" lon="-0.037772">
        <ele>1059.4</ele>
        <time>2015-10-20T16:43:16Z</time>
      </trkpt>
      <trkpt lat="40.622502" lon="-0.037872">
        <ele>1060.7</ele>
        <time>2015-10-20T16:43:22Z</time>
      </trkpt>
      <trkpt lat="40.622436" lon="-0.037955">
        <ele>1062.3</ele>
        <time>2015-10-20T16:43:27Z</time>
      </trkpt>
      <trkpt lat="40.622402" lon="-0.038074">
        <ele>1062.9</ele>
        <time>2015-10-20T16:43:33Z</time>
      </trkpt>
      <trkpt lat="40.622314" lon="-0.038141">
        <ele>1064.7</ele>
        <time>2015-10-20T16:43:38Z</time>
      </trkpt>
      <trkpt lat="40.622155" lon="-0.038376">
        <ele>1067.8</ele>
        <time>2015-10-20T16:43:52Z</time>
      </trkpt>
      <trkpt lat="40.622162" lon="-0.038379">
        <ele>1067.7</ele>
        <time>2015-10-20T16:43:53Z</time>
      </trkpt>
      <trkpt lat="40.622162" lon="-0.038381">
        <ele>1067.7</ele>
        <time>2015-10-20T16:43:53Z</time>
        <sat>8</sat>
      </trkpt>
      <trkpt lat="40.622124" lon="-0.038519">
        <ele>1068.2</ele>
        <time>2015-10-20T16:43:59Z</time>
        <sat>8</sat>
      </trkpt>
      <trkpt lat="40.622070" lon="-0.038641">
        <ele>1069.0</ele>
        <time>2015-10-20T16:44:05Z</time>
        <sat>8</sat>
      </trkpt>
      <trkpt lat="40.622031" lon="-0.038760">
        <ele>1069.4</ele>
        <time>2015-10-20T16:44:11Z</time>
        <sat>8</sat>
      </trkpt>
      <trkpt lat="40.622029" lon="-0.038883">
        <ele>1068.1</ele>
        <time>2015-10-20T16:44:16Z</time>
        <sat>8</sat>
      </trkpt>
      <trkpt lat="40.622102" lon="-0.038996">
        <ele>1068.1</ele>
        <time>2015-10-20T16:44:23Z</time>
        <sat>8</sat>
      </trkpt>
      <trkpt lat="40.622189" lon="-0.039087">
        <ele>1068.9</ele>
        <time>2015-10-20T16:44:29Z</time>
        <sat>8</sat>
      </trkpt>
      <trkpt lat="40.622279" lon="-0.039151">
        <ele>1069.0</ele>
        <time>2015-10-20T16:44:35Z</time>
        <sat>8</sat>
      </trkpt>
      <trkpt lat="40.622381" lon="-0.039176">
        <ele>1068.3</ele>
        <time>2015-10-20T16:44:41Z</time>
        <sat>8</sat>
      </trkpt>
      <trkpt lat="40.622472" lon="-0.039193">
        <ele>1068.5</ele>
        <time>2015-10-20T16:44:46Z</time>
        <sat>8</sat>
      </trkpt>
      <trkpt lat="40.622567" lon="-0.039179">
        <ele>1068.6</ele>
        <time>2015-10-20T16:44:51Z</time>
        <sat>8</sat>
      </trkpt>
      <trkpt lat="40.622669" lon="-0.039151">
        <ele>1068.3</ele>
        <time>2015-10-20T16:44:57Z</time>
        <sat>8</sat>
      </trkpt>
      <trkpt lat="40.622764" lon="-0.039127">
        <ele>1068.0</ele>
        <time>2015-10-20T16:45:03Z</time>
        <sat>8</sat>
      </trkpt>
      <trkpt lat="40.622876" lon="-0.039112">
        <ele>1068.9</ele>
        <time>2015-10-20T16:45:09Z</time>
        <sat>8</sat>
      </trkpt>
      <trkpt lat="40.622976" lon="-0.039097">
        <ele>1069.6</ele>
        <time>2015-10-20T16:45:15Z</time>
        <sat>8</sat>
      </trkpt>
      <trkpt lat="40.623074" lon="-0.039087">
        <ele>1070.4</ele>
        <time>2015-10-20T16:45:21Z</time>
        <sat>8</sat>
      </trkpt>
      <trkpt lat="40.623164" lon="-0.039066">
        <ele>1070.8</ele>
        <time>2015-10-20T16:45:26Z</time>
        <sat>8</sat>
      </trkpt>
      <trkpt lat="40.623254" lon="-0.039019">
        <ele>1072.7</ele>
        <time>2015-10-20T16:45:31Z</time>
        <sat>8</sat>
      </trkpt>
      <trkpt lat="40.623254" lon="-0.039019">
        <ele>1072.7</ele>
        <time>2015-10-20T16:45:31Z</time>
        <sat>8</sat>
      </trkpt>
      <trkpt lat="40.623354" lon="-0.038979">
        <ele>1075.8</ele>
        <time>2015-10-20T16:45:37Z</time>
        <sat>8</sat>
      </trkpt>
      <trkpt lat="40.623453" lon="-0.038971">
        <ele>1077.4</ele>
        <time>2015-10-20T16:45:43Z</time>
        <sat>8</sat>
      </trkpt>
      <trkpt lat="40.623534" lon="-0.039034">
        <ele>1079.3</ele>
        <time>2015-10-20T16:45:48Z</time>
        <sat>8</sat>
      </trkpt>
      <trkpt lat="40.623534" lon="-0.039164">
        <ele>1081.4</ele>
        <time>2015-10-20T16:45:54Z</time>
        <sat>8</sat>
      </trkpt>
      <trkpt lat="40.623491" lon="-0.039276">
        <ele>1082.9</ele>
        <time>2015-10-20T16:46:00Z</time>
        <sat>8</sat>
      </trkpt>
      <trkpt lat="40.623468" lon="-0.039394">
        <ele>1084.7</ele>
        <time>2015-10-20T16:46:05Z</time>
        <sat>8</sat>
      </trkpt>
      <trkpt lat="40.623409" lon="-0.039494">
        <ele>1085.9</ele>
        <time>2015-10-20T16:46:10Z</time>
        <sat>8</sat>
      </trkpt>
      <trkpt lat="40.623356" lon="-0.039591">
        <ele>1087.2</ele>
        <time>2015-10-20T16:46:16Z</time>
        <sat>8</sat>
      </trkpt>
      <trkpt lat="40.623274" lon="-0.039672">
        <ele>1088.4</ele>
        <time>2015-10-20T16:46:21Z</time>
        <sat>8</sat>
      </trkpt>
      <trkpt lat="40.623189" lon="-0.039739">
        <ele>1089.6</ele>
        <time>2015-10-20T16:46:27Z</time>
        <sat>8</sat>
      </trkpt>
      <trkpt lat="40.623105" lon="-0.039804">
        <ele>1090.9</ele>
        <time>2015-10-20T16:46:33Z</time>
        <sat>8</sat>
      </trkpt>
      <trkpt lat="40.623019" lon="-0.039874">
        <ele>1092.4</ele>
        <time>2015-10-20T16:46:38Z</time>
        <sat>8</sat>
      </trkpt>
      <trkpt lat="40.622932" lon="-0.039931">
        <ele>1093.3</ele>
        <time>2015-10-20T16:46:44Z</time>
        <sat>8</sat>
      </trkpt>
      <trkpt lat="40.622857" lon="-0.040011">
        <ele>1094.4</ele>
        <time>2015-10-20T16:46:49Z</time>
        <sat>8</sat>
      </trkpt>
      <trkpt lat="40.622787" lon="-0.040103">
        <ele>1095.8</ele>
        <time>2015-10-20T16:46:55Z</time>
        <sat>8</sat>
      </trkpt>
      <trkpt lat="40.622721" lon="-0.040188">
        <ele>1096.9</ele>
        <time>2015-10-20T16:47:00Z</time>
        <sat>8</sat>
      </trkpt>
      <trkpt lat="40.622649" lon="-0.040271">
        <ele>1098.5</ele>
        <time>2015-10-20T16:47:06Z</time>
        <sat>8</sat>
      </trkpt>
      <trkpt lat="40.622562" lon="-0.040328">
        <ele>1099.0</ele>
        <time>2015-10-20T16:47:11Z</time>
        <sat>8</sat>
      </trkpt>
      <trkpt lat="40.622487" lon="-0.040426">
        <ele>1100.1</ele>
        <time>2015-10-20T16:47:17Z</time>
        <sat>8</sat>
      </trkpt>
      <trkpt lat="40.622492" lon="-0.040556">
        <ele>1101.4</ele>
        <time>2015-10-20T16:47:23Z</time>
        <sat>8</sat>
      </trkpt>
      <trkpt lat="40.622535" lon="-0.040694">
        <ele>1102.0</ele>
        <time>2015-10-20T16:47:30Z</time>
        <sat>8</sat>
      </trkpt>
      <trkpt lat="40.622549" lon="-0.040834">
        <ele>1102.7</ele>
        <time>2015-10-20T16:47:36Z</time>
        <sat>8</sat>
      </trkpt>
      <trkpt lat="40.622525" lon="-0.040973">
        <ele>1103.5</ele>
        <time>2015-10-20T16:47:42Z</time>
        <sat>8</sat>
      </trkpt>
      <trkpt lat="40.622504" lon="-0.041089">
        <ele>1103.8</ele>
        <time>2015-10-20T16:47:47Z</time>
        <sat>8</sat>
      </trkpt>
      <trkpt lat="40.622497" lon="-0.041235">
        <ele>1103.7</ele>
        <time>2015-10-20T16:47:53Z</time>
        <sat>8</sat>
      </trkpt>
      <trkpt lat="40.622487" lon="-0.041406">
        <ele>1103.7</ele>
        <time>2015-10-20T16:48:01Z</time>
        <sat>8</sat>
      </trkpt>
      <trkpt lat="40.622487" lon="-0.041406">
        <ele>1103.7</ele>
        <time>2015-10-20T16:48:01Z</time>
        <sat>8</sat>
      </trkpt>
      <trkpt lat="40.622484" lon="-0.041529">
        <ele>1103.8</ele>
        <time>2015-10-20T16:48:06Z</time>
        <sat>8</sat>
      </trkpt>
      <trkpt lat="40.622479" lon="-0.041654">
        <ele>1103.5</ele>
        <time>2015-10-20T16:48:12Z</time>
        <sat>8</sat>
      </trkpt>
      <trkpt lat="40.622479" lon="-0.041780">
        <ele>1103.4</ele>
        <time>2015-10-20T16:48:17Z</time>
        <sat>8</sat>
      </trkpt>
      <trkpt lat="40.622489" lon="-0.041906">
        <ele>1103.5</ele>
        <time>2015-10-20T16:48:23Z</time>
        <sat>8</sat>
      </trkpt>
      <trkpt lat="40.622496" lon="-0.042031">
        <ele>1103.6</ele>
        <time>2015-10-20T16:48:28Z</time>
        <sat>8</sat>
      </trkpt>
      <trkpt lat="40.622509" lon="-0.042158">
        <ele>1103.8</ele>
        <time>2015-10-20T16:48:34Z</time>
        <sat>8</sat>
      </trkpt>
      <trkpt lat="40.622520" lon="-0.042288">
        <ele>1104.0</ele>
        <time>2015-10-20T16:48:39Z</time>
        <sat>8</sat>
      </trkpt>
      <trkpt lat="40.622527" lon="-0.042421">
        <ele>1104.2</ele>
        <time>2015-10-20T16:48:45Z</time>
        <sat>8</sat>
      </trkpt>
      <trkpt lat="40.622542" lon="-0.042543">
        <ele>1104.3</ele>
        <time>2015-10-20T16:48:50Z</time>
        <sat>8</sat>
      </trkpt>
      <trkpt lat="40.622554" lon="-0.042664">
        <ele>1104.5</ele>
        <time>2015-10-20T16:48:56Z</time>
        <sat>8</sat>
      </trkpt>
      <trkpt lat="40.622562" lon="-0.042786">
        <ele>1104.8</ele>
        <time>2015-10-20T16:49:01Z</time>
        <sat>8</sat>
      </trkpt>
      <trkpt lat="40.622574" lon="-0.042906">
        <ele>1105.0</ele>
        <time>2015-10-20T16:49:06Z</time>
        <sat>8</sat>
      </trkpt>
      <trkpt lat="40.622587" lon="-0.043027">
        <ele>1105.1</ele>
        <time>2015-10-20T16:49:12Z</time>
        <sat>8</sat>
      </trkpt>
      <trkpt lat="40.622601" lon="-0.043154">
        <ele>1105.1</ele>
        <time>2015-10-20T16:49:17Z</time>
        <sat>8</sat>
      </trkpt>
      <trkpt lat="40.622607" lon="-0.043284">
        <ele>1105.1</ele>
        <time>2015-10-20T16:49:23Z</time>
        <sat>8</sat>
      </trkpt>
      <trkpt lat="40.622612" lon="-0.043421">
        <ele>1105.2</ele>
        <time>2015-10-20T16:49:29Z</time>
        <sat>8</sat>
      </trkpt>
      <trkpt lat="40.622619" lon="-0.043559">
        <ele>1105.3</ele>
        <time>2015-10-20T16:49:35Z</time>
        <sat>8</sat>
      </trkpt>
      <trkpt lat="40.622625" lon="-0.043706">
        <ele>1105.3</ele>
        <time>2015-10-20T16:49:41Z</time>
        <sat>8</sat>
      </trkpt>
      <trkpt lat="40.622634" lon="-0.043854">
        <ele>1105.2</ele>
        <time>2015-10-20T16:49:48Z</time>
        <sat>8</sat>
      </trkpt>
      <trkpt lat="40.622644" lon="-0.044006">
        <ele>1105.0</ele>
        <time>2015-10-20T16:49:54Z</time>
        <sat>8</sat>
      </trkpt>
      <trkpt lat="40.622649" lon="-0.044162">
        <ele>1105.0</ele>
        <time>2015-10-20T16:50:01Z</time>
        <sat>8</sat>
      </trkpt>
      <trkpt lat="40.622664" lon="-0.044318">
        <ele>1104.9</ele>
        <time>2015-10-20T16:50:08Z</time>
        <sat>8</sat>
      </trkpt>
      <trkpt lat="40.622684" lon="-0.044471">
        <ele>1105.0</ele>
        <time>2015-10-20T16:50:15Z</time>
        <sat>8</sat>
      </trkpt>
      <trkpt lat="40.622707" lon="-0.044618">
        <ele>1105.2</ele>
        <time>2015-10-20T16:50:21Z</time>
        <sat>8</sat>
      </trkpt>
      <trkpt lat="40.622732" lon="-0.044756">
        <ele>1105.3</ele>
        <time>2015-10-20T16:50:27Z</time>
        <sat>8</sat>
      </trkpt>
      <trkpt lat="40.622754" lon="-0.044878">
        <ele>1105.7</ele>
        <time>2015-10-20T16:50:33Z</time>
        <sat>8</sat>
      </trkpt>
      <trkpt lat="40.622775" lon="-0.045022">
        <ele>1106.0</ele>
        <time>2015-10-20T16:50:39Z</time>
        <sat>8</sat>
      </trkpt>
      <trkpt lat="40.622792" lon="-0.045156">
        <ele>1106.4</ele>
        <time>2015-10-20T16:50:45Z</time>
        <sat>8</sat>
      </trkpt>
      <trkpt lat="40.622792" lon="-0.045156">
        <ele>1106.4</ele>
        <time>2015-10-20T16:50:45Z</time>
        <sat>8</sat>
      </trkpt>
      <trkpt lat="40.622721" lon="-0.045234">
        <ele>1105.7</ele>
        <time>2015-10-20T16:50:50Z</time>
        <sat>8</sat>
      </trkpt>
      <trkpt lat="40.622657" lon="-0.045362">
        <ele>1104.4</ele>
        <time>2015-10-20T16:50:57Z</time>
        <sat>8</sat>
      </trkpt>
      <trkpt lat="40.622627" lon="-0.045522">
        <ele>1104.0</ele>
        <time>2015-10-20T16:51:04Z</time>
        <sat>8</sat>
      </trkpt>
      <trkpt lat="40.622594" lon="-0.045639">
        <ele>1103.7</ele>
        <time>2015-10-20T16:51:09Z</time>
        <sat>8</sat>
      </trkpt>
      <trkpt lat="40.622581" lon="-0.045799">
        <ele>1104.2</ele>
        <time>2015-10-20T16:51:16Z</time>
        <sat>8</sat>
      </trkpt>
      <trkpt lat="40.622577" lon="-0.045949">
        <ele>1104.1</ele>
        <time>2015-10-20T16:51:23Z</time>
        <sat>8</sat>
      </trkpt>
      <trkpt lat="40.622594" lon="-0.046086">
        <ele>1104.6</ele>
        <time>2015-10-20T16:51:29Z</time>
        <sat>8</sat>
      </trkpt>
      <trkpt lat="40.622617" lon="-0.046208">
        <ele>1105.4</ele>
        <time>2015-10-20T16:51:34Z</time>
        <sat>8</sat>
      </trkpt>
      <trkpt lat="40.622609" lon="-0.046329">
        <ele>1104.8</ele>
        <time>2015-10-20T16:51:40Z</time>
        <sat>8</sat>
      </trkpt>
      <trkpt lat="40.622579" lon="-0.046479">
        <ele>1104.5</ele>
        <time>2015-10-20T16:51:46Z</time>
        <sat>8</sat>
      </trkpt>
      <trkpt lat="40.622532" lon="-0.046616">
        <ele>1104.5</ele>
        <time>2015-10-20T16:51:53Z</time>
        <sat>8</sat>
      </trkpt>
      <trkpt lat="40.622456" lon="-0.046742">
        <ele>1104.2</ele>
        <time>2015-10-20T16:52:00Z</time>
        <sat>8</sat>
      </trkpt>
      <trkpt lat="40.622444" lon="-0.046868">
        <ele>1104.4</ele>
        <time>2015-10-20T16:52:05Z</time>
        <sat>8</sat>
      </trkpt>
      <trkpt lat="40.622457" lon="-0.047013">
        <ele>1104.7</ele>
        <time>2015-10-20T16:52:12Z</time>
        <sat>8</sat>
      </trkpt>
      <trkpt lat="40.622486" lon="-0.047141">
        <ele>1103.9</ele>
        <time>2015-10-20T16:52:18Z</time>
        <sat>8</sat>
      </trkpt>
      <trkpt lat="40.622482" lon="-0.047291">
        <ele>1102.5</ele>
        <time>2015-10-20T16:52:24Z</time>
        <sat>8</sat>
      </trkpt>
      <trkpt lat="40.622425" lon="-0.047387">
        <ele>1102.0</ele>
        <time>2015-10-20T16:52:29Z</time>
        <sat>8</sat>
      </trkpt>
      <trkpt lat="40.622397" lon="-0.047519">
        <ele>1100.1</ele>
        <time>2015-10-20T16:52:35Z</time>
        <sat>8</sat>
      </trkpt>
      <trkpt lat="40.622367" lon="-0.047648">
        <ele>1097.4</ele>
        <time>2015-10-20T16:52:41Z</time>
        <sat>8</sat>
      </trkpt>
      <trkpt lat="40.622367" lon="-0.047773">
        <ele>1095.3</ele>
        <time>2015-10-20T16:52:47Z</time>
        <sat>7</sat>
      </trkpt>
      <trkpt lat="40.622402" lon="-0.047923">
        <ele>1093.7</ele>
        <time>2015-10-20T16:52:53Z</time>
        <sat>7</sat>
      </trkpt>
      <trkpt lat="40.622446" lon="-0.048029">
        <ele>1093.5</ele>
        <time>2015-10-20T16:52:59Z</time>
        <sat>7</sat>
      </trkpt>
      <trkpt lat="40.622496" lon="-0.048183">
        <ele>1092.2</ele>
        <time>2015-10-20T16:53:06Z</time>
        <sat>7</sat>
      </trkpt>
      <trkpt lat="40.622537" lon="-0.048296">
        <ele>1091.6</ele>
        <time>2015-10-20T16:53:11Z</time>
        <sat>7</sat>
      </trkpt>
      <trkpt lat="40.622593" lon="-0.048402">
        <ele>1091.2</ele>
        <time>2015-10-20T16:53:17Z</time>
        <sat>7</sat>
      </trkpt>
      <trkpt lat="40.622634" lon="-0.048517">
        <ele>1090.1</ele>
        <time>2015-10-20T16:53:23Z</time>
        <sat>7</sat>
      </trkpt>
      <trkpt lat="40.622669" lon="-0.048631">
        <ele>1088.7</ele>
        <time>2015-10-20T16:53:28Z</time>
        <sat>7</sat>
      </trkpt>
      <trkpt lat="40.622689" lon="-0.048754">
        <ele>1087.6</ele>
        <time>2015-10-20T16:53:33Z</time>
        <sat>7</sat>
      </trkpt>
      <trkpt lat="40.622727" lon="-0.048879">
        <ele>1086.7</ele>
        <time>2015-10-20T16:53:39Z</time>
        <sat>7</sat>
      </trkpt>
      <trkpt lat="40.622735" lon="-0.049064">
        <ele>1084.7</ele>
        <time>2015-10-20T16:53:47Z</time>
        <sat>7</sat>
      </trkpt>
      <trkpt lat="40.622759" lon="-0.049196">
        <ele>1083.6</ele>
        <time>2015-10-20T16:53:53Z</time>
        <sat>7</sat>
      </trkpt>
      <trkpt lat="40.622802" lon="-0.049316">
        <ele>1082.7</ele>
        <time>2015-10-20T16:53:59Z</time>
        <sat>7</sat>
      </trkpt>
      <trkpt lat="40.622877" lon="-0.049444">
        <ele>1081.3</ele>
        <time>2015-10-20T16:54:06Z</time>
        <sat>7</sat>
      </trkpt>
      <trkpt lat="40.622929" lon="-0.049546">
        <ele>1079.7</ele>
        <time>2015-10-20T16:54:11Z</time>
        <sat>7</sat>
      </trkpt>
      <trkpt lat="40.622989" lon="-0.049644">
        <ele>1078.3</ele>
        <time>2015-10-20T16:54:17Z</time>
        <sat>7</sat>
      </trkpt>
      <trkpt lat="40.623082" lon="-0.049716">
        <ele>1078.4</ele>
        <time>2015-10-20T16:54:23Z</time>
        <sat>7</sat>
      </trkpt>
      <trkpt lat="40.623167" lon="-0.049789">
        <ele>1078.8</ele>
        <time>2015-10-20T16:54:29Z</time>
        <sat>7</sat>
      </trkpt>
      <trkpt lat="40.623107" lon="-0.049903">
        <ele>1076.9</ele>
        <time>2015-10-20T16:54:35Z</time>
        <sat>7</sat>
      </trkpt>
      <trkpt lat="40.623032" lon="-0.050004">
        <ele>1075.4</ele>
        <time>2015-10-20T16:54:41Z</time>
        <sat>7</sat>
      </trkpt>
      <trkpt lat="40.622969" lon="-0.050136">
        <ele>1074.6</ele>
        <time>2015-10-20T16:54:48Z</time>
        <sat>8</sat>
      </trkpt>
      <trkpt lat="40.622922" lon="-0.050260">
        <ele>1074.9</ele>
        <time>2015-10-20T16:54:54Z</time>
        <sat>8</sat>
      </trkpt>
      <trkpt lat="40.622862" lon="-0.050387">
        <ele>1074.9</ele>
        <time>2015-10-20T16:55:00Z</time>
        <sat>7</sat>
      </trkpt>
      <trkpt lat="40.622784" lon="-0.050517">
        <ele>1074.1</ele>
        <time>2015-10-20T16:55:07Z</time>
        <sat>7</sat>
      </trkpt>
      <trkpt lat="40.622716" lon="-0.050642">
        <ele>1072.9</ele>
        <time>2015-10-20T16:55:14Z</time>
        <sat>8</sat>
      </trkpt>
      <trkpt lat="40.622669" lon="-0.050774">
        <ele>1072.7</ele>
        <time>2015-10-20T16:55:20Z</time>
        <sat>8</sat>
      </trkpt>
      <trkpt lat="40.622630" lon="-0.050905">
        <ele>1072.6</ele>
        <time>2015-10-20T16:55:26Z</time>
        <sat>8</sat>
      </trkpt>
      <trkpt lat="40.622582" lon="-0.051057">
        <ele>1072.1</ele>
        <time>2015-10-20T16:55:34Z</time>
        <sat>8</sat>
      </trkpt>
      <trkpt lat="40.622536" lon="-0.051203">
        <ele>1071.1</ele>
        <time>2015-10-20T16:55:40Z</time>
        <sat>8</sat>
      </trkpt>
      <trkpt lat="40.622572" lon="-0.051378">
        <ele>1070.9</ele>
        <time>2015-10-20T16:55:48Z</time>
        <sat>8</sat>
      </trkpt>
      <trkpt lat="40.622595" lon="-0.051519">
        <ele>1070.1</ele>
        <time>2015-10-20T16:55:55Z</time>
        <sat>8</sat>
      </trkpt>
      <trkpt lat="40.622647" lon="-0.051658">
        <ele>1069.8</ele>
        <time>2015-10-20T16:56:01Z</time>
        <sat>8</sat>
      </trkpt>
      <trkpt lat="40.622704" lon="-0.051788">
        <ele>1069.6</ele>
        <time>2015-10-20T16:56:08Z</time>
        <sat>8</sat>
      </trkpt>
      <trkpt lat="40.622769" lon="-0.051906">
        <ele>1069.7</ele>
        <time>2015-10-20T16:56:14Z</time>
        <sat>8</sat>
      </trkpt>
      <trkpt lat="40.622865" lon="-0.051978">
        <ele>1070.2</ele>
        <time>2015-10-20T16:56:20Z</time>
        <sat>8</sat>
      </trkpt>
      <trkpt lat="40.622954" lon="-0.052061">
        <ele>1068.8</ele>
        <time>2015-10-20T16:56:27Z</time>
        <sat>8</sat>
      </trkpt>
      <trkpt lat="40.623047" lon="-0.052123">
        <ele>1068.4</ele>
        <time>2015-10-20T16:56:33Z</time>
        <sat>8</sat>
      </trkpt>
      <trkpt lat="40.623136" lon="-0.052189">
        <ele>1067.0</ele>
        <time>2015-10-20T16:56:38Z</time>
        <sat>8</sat>
      </trkpt>
      <trkpt lat="40.623232" lon="-0.052260">
        <ele>1065.4</ele>
        <time>2015-10-20T16:56:45Z</time>
        <sat>8</sat>
      </trkpt>
      <trkpt lat="40.623334" lon="-0.052333">
        <ele>1064.3</ele>
        <time>2015-10-20T16:56:51Z</time>
        <sat>7</sat>
      </trkpt>
      <trkpt lat="40.623431" lon="-0.052386">
        <ele>1063.7</ele>
        <time>2015-10-20T16:56:57Z</time>
        <sat>7</sat>
      </trkpt>
      <trkpt lat="40.623496" lon="-0.052529">
        <ele>1061.3</ele>
        <time>2015-10-20T16:57:05Z</time>
        <sat>7</sat>
      </trkpt>
      <trkpt lat="40.623530" lon="-0.052674">
        <ele>1062.4</ele>
        <time>2015-10-20T16:57:11Z</time>
        <sat>7</sat>
      </trkpt>
      <trkpt lat="40.623557" lon="-0.052794">
        <ele>1063.6</ele>
        <time>2015-10-20T16:57:17Z</time>
        <sat>7</sat>
      </trkpt>
      <trkpt lat="40.623587" lon="-0.052946">
        <ele>1065.0</ele>
        <time>2015-10-20T16:57:23Z</time>
        <sat>8</sat>
      </trkpt>
      <trkpt lat="40.623624" lon="-0.053066">
        <ele>1065.7</ele>
        <time>2015-10-20T16:57:29Z</time>
        <sat>8</sat>
      </trkpt>
      <trkpt lat="40.623684" lon="-0.053211">
        <ele>1065.0</ele>
        <time>2015-10-20T16:57:36Z</time>
        <sat>8</sat>
      </trkpt>
      <trkpt lat="40.623730" lon="-0.053338">
        <ele>1064.6</ele>
        <time>2015-10-20T16:57:42Z</time>
        <sat>7</sat>
      </trkpt>
      <trkpt lat="40.623761" lon="-0.053481">
        <ele>1062.4</ele>
        <time>2015-10-20T16:57:49Z</time>
        <sat>7</sat>
      </trkpt>
      <trkpt lat="40.623742" lon="-0.053605">
        <ele>1061.1</ele>
        <time>2015-10-20T16:57:54Z</time>
        <sat>6</sat>
      </trkpt>
      <trkpt lat="40.623679" lon="-0.053753">
        <ele>1059.8</ele>
        <time>2015-10-20T16:58:02Z</time>
        <sat>8</sat>
      </trkpt>
      <trkpt lat="40.623625" lon="-0.053850">
        <ele>1060.3</ele>
        <time>2015-10-20T16:58:07Z</time>
        <sat>8</sat>
      </trkpt>
      <trkpt lat="40.623552" lon="-0.053941">
        <ele>1058.8</ele>
        <time>2015-10-20T16:58:13Z</time>
        <sat>8</sat>
      </trkpt>
      <trkpt lat="40.623461" lon="-0.054035">
        <ele>1057.5</ele>
        <time>2015-10-20T16:58:19Z</time>
        <sat>8</sat>
      </trkpt>
      <trkpt lat="40.623374" lon="-0.054131">
        <ele>1056.0</ele>
        <time>2015-10-20T16:58:26Z</time>
        <sat>8</sat>
      </trkpt>
      <trkpt lat="40.623312" lon="-0.054266">
        <ele>1054.5</ele>
        <time>2015-10-20T16:58:33Z</time>
        <sat>8</sat>
      </trkpt>
      <trkpt lat="40.623274" lon="-0.054391">
        <ele>1052.7</ele>
        <time>2015-10-20T16:58:38Z</time>
        <sat>8</sat>
      </trkpt>
      <trkpt lat="40.623300" lon="-0.054513">
        <ele>1051.2</ele>
        <time>2015-10-20T16:58:44Z</time>
        <sat>7</sat>
      </trkpt>
      <trkpt lat="40.623412" lon="-0.054561">
        <ele>1050.8</ele>
        <time>2015-10-20T16:58:51Z</time>
        <sat>7</sat>
      </trkpt>
      <trkpt lat="40.623490" lon="-0.054666">
        <ele>1047.8</ele>
        <time>2015-10-20T16:58:57Z</time>
        <sat>7</sat>
      </trkpt>
      <trkpt lat="40.623529" lon="-0.054784">
        <ele>1046.2</ele>
        <time>2015-10-20T16:59:03Z</time>
        <sat>7</sat>
      </trkpt>
      <trkpt lat="40.623532" lon="-0.054913">
        <ele>1044.7</ele>
        <time>2015-10-20T16:59:08Z</time>
        <sat>8</sat>
      </trkpt>
      <trkpt lat="40.623474" lon="-0.055070">
        <ele>1044.0</ele>
        <time>2015-10-20T16:59:16Z</time>
        <sat>8</sat>
      </trkpt>
      <trkpt lat="40.623430" lon="-0.055231">
        <ele>1045.6</ele>
        <time>2015-10-20T16:59:23Z</time>
        <sat>8</sat>
      </trkpt>
      <trkpt lat="40.623390" lon="-0.055365">
        <ele>1045.6</ele>
        <time>2015-10-20T16:59:29Z</time>
        <sat>8</sat>
      </trkpt>
      <trkpt lat="40.623325" lon="-0.055476">
        <ele>1044.5</ele>
        <time>2015-10-20T16:59:36Z</time>
        <sat>8</sat>
      </trkpt>
      <trkpt lat="40.623288" lon="-0.055631">
        <ele>1044.1</ele>
        <time>2015-10-20T16:59:43Z</time>
        <sat>8</sat>
      </trkpt>
      <trkpt lat="40.623322" lon="-0.055796">
        <ele>1043.8</ele>
        <time>2015-10-20T16:59:50Z</time>
        <sat>8</sat>
      </trkpt>
      <trkpt lat="40.623357" lon="-0.055964">
        <ele>1043.8</ele>
        <time>2015-10-20T16:59:58Z</time>
        <sat>8</sat>
      </trkpt>
      <trkpt lat="40.623400" lon="-0.056083">
        <ele>1043.0</ele>
        <time>2015-10-20T17:00:03Z</time>
        <sat>7</sat>
      </trkpt>
      <trkpt lat="40.623437" lon="-0.056209">
        <ele>1042.2</ele>
        <time>2015-10-20T17:00:09Z</time>
        <sat>7</sat>
      </trkpt>
      <trkpt lat="40.623479" lon="-0.056331">
        <ele>1041.6</ele>
        <time>2015-10-20T17:00:15Z</time>
        <sat>7</sat>
      </trkpt>
      <trkpt lat="40.623499" lon="-0.056451">
        <ele>1040.8</ele>
        <time>2015-10-20T17:00:20Z</time>
        <sat>7</sat>
      </trkpt>
      <trkpt lat="40.623532" lon="-0.056564">
        <ele>1040.1</ele>
        <time>2015-10-20T17:00:26Z</time>
        <sat>7</sat>
      </trkpt>
      <trkpt lat="40.623584" lon="-0.056683">
        <ele>1039.8</ele>
        <time>2015-10-20T17:00:32Z</time>
        <sat>7</sat>
      </trkpt>
      <trkpt lat="40.623620" lon="-0.056793">
        <ele>1040.0</ele>
        <time>2015-10-20T17:00:37Z</time>
        <sat>7</sat>
      </trkpt>
      <trkpt lat="40.623667" lon="-0.056940">
        <ele>1040.1</ele>
        <time>2015-10-20T17:00:44Z</time>
        <sat>7</sat>
      </trkpt>
      <trkpt lat="40.623722" lon="-0.057061">
        <ele>1040.4</ele>
        <time>2015-10-20T17:00:50Z</time>
        <sat>8</sat>
      </trkpt>
      <trkpt lat="40.623750" lon="-0.057214">
        <ele>1039.1</ele>
        <time>2015-10-20T17:00:57Z</time>
        <sat>8</sat>
      </trkpt>
      <trkpt lat="40.623762" lon="-0.057343">
        <ele>1038.0</ele>
        <time>2015-10-20T17:01:02Z</time>
        <sat>8</sat>
      </trkpt>
      <trkpt lat="40.623765" lon="-0.057466">
        <ele>1037.6</ele>
        <time>2015-10-20T17:01:08Z</time>
        <sat>8</sat>
      </trkpt>
      <trkpt lat="40.623769" lon="-0.057594">
        <ele>1037.8</ele>
        <time>2015-10-20T17:01:13Z</time>
        <sat>8</sat>
      </trkpt>
      <trkpt lat="40.623765" lon="-0.057733">
        <ele>1038.5</ele>
        <time>2015-10-20T17:01:19Z</time>
        <sat>8</sat>
      </trkpt>
      <trkpt lat="40.623769" lon="-0.057871">
        <ele>1039.9</ele>
        <time>2015-10-20T17:01:25Z</time>
        <sat>8</sat>
      </trkpt>
      <trkpt lat="40.623770" lon="-0.058008">
        <ele>1041.7</ele>
        <time>2015-10-20T17:01:31Z</time>
        <sat>8</sat>
      </trkpt>
      <trkpt lat="40.623712" lon="-0.058114">
        <ele>1042.7</ele>
        <time>2015-10-20T17:01:37Z</time>
        <sat>9</sat>
      </trkpt>
      <trkpt lat="40.623714" lon="-0.058238">
        <ele>1043.4</ele>
        <time>2015-10-20T17:01:42Z</time>
        <sat>9</sat>
      </trkpt>
      <trkpt lat="40.623755" lon="-0.058351">
        <ele>1044.0</ele>
        <time>2015-10-20T17:01:48Z</time>
        <sat>9</sat>
      </trkpt>
      <trkpt lat="40.623782" lon="-0.058468">
        <ele>1045.0</ele>
        <time>2015-10-20T17:01:53Z</time>
        <sat>8</sat>
      </trkpt>
      <trkpt lat="40.623811" lon="-0.058603">
        <ele>1046.1</ele>
        <time>2015-10-20T17:01:59Z</time>
        <sat>9</sat>
      </trkpt>
      <trkpt lat="40.623840" lon="-0.058719">
        <ele>1046.7</ele>
        <time>2015-10-20T17:02:04Z</time>
        <sat>9</sat>
      </trkpt>
      <trkpt lat="40.623869" lon="-0.058836">
        <ele>1047.6</ele>
        <time>2015-10-20T17:02:10Z</time>
        <sat>9</sat>
      </trkpt>
      <trkpt lat="40.623887" lon="-0.058955">
        <ele>1047.9</ele>
        <time>2015-10-20T17:02:15Z</time>
        <sat>9</sat>
      </trkpt>
      <trkpt lat="40.623899" lon="-0.059078">
        <ele>1048.6</ele>
        <time>2015-10-20T17:02:20Z</time>
        <sat>9</sat>
      </trkpt>
      <trkpt lat="40.623919" lon="-0.059213">
        <ele>1049.4</ele>
        <time>2015-10-20T17:02:26Z</time>
        <sat>9</sat>
      </trkpt>
      <trkpt lat="40.623922" lon="-0.059351">
        <ele>1049.6</ele>
        <time>2015-10-20T17:02:32Z</time>
        <sat>9</sat>
      </trkpt>
      <trkpt lat="40.623917" lon="-0.059498">
        <ele>1049.1</ele>
        <time>2015-10-20T17:02:39Z</time>
        <sat>8</sat>
      </trkpt>
      <trkpt lat="40.623922" lon="-0.059620">
        <ele>1049.6</ele>
        <time>2015-10-20T17:02:44Z</time>
        <sat>9</sat>
      </trkpt>
      <trkpt lat="40.623926" lon="-0.059771">
        <ele>1050.0</ele>
        <time>2015-10-20T17:02:51Z</time>
        <sat>9</sat>
      </trkpt>
      <trkpt lat="40.623942" lon="-0.059918">
        <ele>1050.3</ele>
        <time>2015-10-20T17:02:57Z</time>
        <sat>9</sat>
      </trkpt>
      <trkpt lat="40.623974" lon="-0.060076">
        <ele>1049.7</ele>
        <time>2015-10-20T17:03:04Z</time>
        <sat>8</sat>
      </trkpt>
      <trkpt lat="40.623980" lon="-0.060230">
        <ele>1048.7</ele>
        <time>2015-10-20T17:03:11Z</time>
        <sat>9</sat>
      </trkpt>
      <trkpt lat="40.623984" lon="-0.060371">
        <ele>1048.6</ele>
        <time>2015-10-20T17:03:17Z</time>
        <sat>9</sat>
      </trkpt>
      <trkpt lat="40.623947" lon="-0.060498">
        <ele>1047.1</ele>
        <time>2015-10-20T17:03:23Z</time>
        <sat>9</sat>
      </trkpt>
      <trkpt lat="40.623902" lon="-0.060611">
        <ele>1046.5</ele>
        <time>2015-10-20T17:03:28Z</time>
        <sat>9</sat>
      </trkpt>
      <trkpt lat="40.623839" lon="-0.060746">
        <ele>1046.4</ele>
        <time>2015-10-20T17:03:35Z</time>
        <sat>9</sat>
      </trkpt>
      <trkpt lat="40.623789" lon="-0.060900">
        <ele>1045.5</ele>
        <time>2015-10-20T17:03:42Z</time>
        <sat>9</sat>
      </trkpt>
      <trkpt lat="40.623769" lon="-0.061026">
        <ele>1044.8</ele>
        <time>2015-10-20T17:03:48Z</time>
        <sat>8</sat>
      </trkpt>
      <trkpt lat="40.623724" lon="-0.061178">
        <ele>1044.1</ele>
        <time>2015-10-20T17:03:55Z</time>
        <sat>9</sat>
      </trkpt>
      <trkpt lat="40.623679" lon="-0.061289">
        <ele>1043.2</ele>
        <time>2015-10-20T17:04:01Z</time>
        <sat>9</sat>
      </trkpt>
      <trkpt lat="40.623655" lon="-0.061421">
        <ele>1042.5</ele>
        <time>2015-10-20T17:04:07Z</time>
        <sat>9</sat>
      </trkpt>
      <trkpt lat="40.623634" lon="-0.061550">
        <ele>1041.9</ele>
        <time>2015-10-20T17:04:12Z</time>
        <sat>8</sat>
      </trkpt>
      <trkpt lat="40.623569" lon="-0.061704">
        <ele>1040.9</ele>
        <time>2015-10-20T17:04:20Z</time>
        <sat>9</sat>
      </trkpt>
      <trkpt lat="40.623534" lon="-0.061814">
        <ele>1040.0</ele>
        <time>2015-10-20T17:04:25Z</time>
        <sat>9</sat>
      </trkpt>
      <trkpt lat="40.623499" lon="-0.061934">
        <ele>1039.6</ele>
        <time>2015-10-20T17:04:31Z</time>
        <sat>9</sat>
      </trkpt>
      <trkpt lat="40.623449" lon="-0.062108">
        <ele>1038.1</ele>
        <time>2015-10-20T17:04:39Z</time>
        <sat>8</sat>
      </trkpt>
      <trkpt lat="40.623417" lon="-0.062236">
        <ele>1037.2</ele>
        <time>2015-10-20T17:04:45Z</time>
        <sat>8</sat>
      </trkpt>
      <trkpt lat="40.623405" lon="-0.062378">
        <ele>1036.9</ele>
        <time>2015-10-20T17:04:51Z</time>
        <sat>7</sat>
      </trkpt>
      <trkpt lat="40.623392" lon="-0.062518">
        <ele>1035.9</ele>
        <time>2015-10-20T17:04:57Z</time>
        <sat>8</sat>
      </trkpt>
      <trkpt lat="40.623365" lon="-0.062653">
        <ele>1035.1</ele>
        <time>2015-10-20T17:05:03Z</time>
        <sat>8</sat>
      </trkpt>
      <trkpt lat="40.623352" lon="-0.062798">
        <ele>1034.0</ele>
        <time>2015-10-20T17:05:09Z</time>
        <sat>8</sat>
      </trkpt>
      <trkpt lat="40.623327" lon="-0.062934">
        <ele>1033.4</ele>
        <time>2015-10-20T17:05:15Z</time>
        <sat>8</sat>
      </trkpt>
      <trkpt lat="40.623309" lon="-0.063054">
        <ele>1032.4</ele>
        <time>2015-10-20T17:05:21Z</time>
        <sat>9</sat>
      </trkpt>
      <trkpt lat="40.623307" lon="-0.063179">
        <ele>1032.2</ele>
        <time>2015-10-20T17:05:26Z</time>
        <sat>8</sat>
      </trkpt>
      <trkpt lat="40.623284" lon="-0.063294">
        <ele>1031.4</ele>
        <time>2015-10-20T17:05:31Z</time>
        <sat>7</sat>
      </trkpt>
      <trkpt lat="40.623257" lon="-0.063440">
        <ele>1030.5</ele>
        <time>2015-10-20T17:05:38Z</time>
        <sat>8</sat>
      </trkpt>
      <trkpt lat="40.623227" lon="-0.063571">
        <ele>1029.5</ele>
        <time>2015-10-20T17:05:44Z</time>
        <sat>7</sat>
      </trkpt>
      <trkpt lat="40.623182" lon="-0.063723">
        <ele>1028.1</ele>
        <time>2015-10-20T17:05:51Z</time>
        <sat>9</sat>
      </trkpt>
      <trkpt lat="40.623147" lon="-0.063841">
        <ele>1026.2</ele>
        <time>2015-10-20T17:05:56Z</time>
        <sat>9</sat>
      </trkpt>
      <trkpt lat="40.623092" lon="-0.063958">
        <ele>1024.4</ele>
        <time>2015-10-20T17:06:02Z</time>
        <sat>9</sat>
      </trkpt>
      <trkpt lat="40.623029" lon="-0.064048">
        <ele>1022.4</ele>
        <time>2015-10-20T17:06:08Z</time>
        <sat>9</sat>
      </trkpt>
      <trkpt lat="40.622916" lon="-0.064106">
        <ele>1021.0</ele>
        <time>2015-10-20T17:06:15Z</time>
        <sat>8</sat>
      </trkpt>
      <trkpt lat="40.622824" lon="-0.064168">
        <ele>1021.2</ele>
        <time>2015-10-20T17:06:20Z</time>
        <sat>9</sat>
      </trkpt>
      <trkpt lat="40.622741" lon="-0.064231">
        <ele>1021.8</ele>
        <time>2015-10-20T17:06:26Z</time>
        <sat>9</sat>
      </trkpt>
      <trkpt lat="40.622662" lon="-0.064301">
        <ele>1022.0</ele>
        <time>2015-10-20T17:06:31Z</time>
        <sat>9</sat>
      </trkpt>
      <trkpt lat="40.622610" lon="-0.064408">
        <ele>1020.2</ele>
        <time>2015-10-20T17:06:37Z</time>
        <sat>10</sat>
      </trkpt>
      <trkpt lat="40.622566" lon="-0.064518">
        <ele>1018.7</ele>
        <time>2015-10-20T17:06:42Z</time>
        <sat>9</sat>
      </trkpt>
      <trkpt lat="40.622510" lon="-0.064619">
        <ele>1016.8</ele>
        <time>2015-10-20T17:06:48Z</time>
        <sat>9</sat>
      </trkpt>
      <trkpt lat="40.622451" lon="-0.064734">
        <ele>1015.9</ele>
        <time>2015-10-20T17:06:54Z</time>
        <sat>9</sat>
      </trkpt>
      <trkpt lat="40.622404" lon="-0.064861">
        <ele>1015.2</ele>
        <time>2015-10-20T17:07:00Z</time>
        <sat>9</sat>
      </trkpt>
      <trkpt lat="40.622344" lon="-0.064953">
        <ele>1015.2</ele>
        <time>2015-10-20T17:07:05Z</time>
        <sat>9</sat>
      </trkpt>
      <trkpt lat="40.622289" lon="-0.065068">
        <ele>1014.2</ele>
        <time>2015-10-20T17:07:11Z</time>
        <sat>9</sat>
      </trkpt>
      <trkpt lat="40.622270" lon="-0.065226">
        <ele>1013.1</ele>
        <time>2015-10-20T17:07:18Z</time>
        <sat>9</sat>
      </trkpt>
      <trkpt lat="40.622254" lon="-0.065365">
        <ele>1011.6</ele>
        <time>2015-10-20T17:07:24Z</time>
        <sat>9</sat>
      </trkpt>
      <trkpt lat="40.622206" lon="-0.065511">
        <ele>1009.6</ele>
        <time>2015-10-20T17:07:31Z</time>
        <sat>9</sat>
      </trkpt>
      <trkpt lat="40.622155" lon="-0.065651">
        <ele>1008.1</ele>
        <time>2015-10-20T17:07:38Z</time>
        <sat>9</sat>
      </trkpt>
      <trkpt lat="40.622127" lon="-0.065786">
        <ele>1007.1</ele>
        <time>2015-10-20T17:07:44Z</time>
        <sat>9</sat>
      </trkpt>
      <trkpt lat="40.622082" lon="-0.065891">
        <ele>1005.4</ele>
        <time>2015-10-20T17:07:49Z</time>
        <sat>9</sat>
      </trkpt>
      <trkpt lat="40.622060" lon="-0.066016">
        <ele>1004.0</ele>
        <time>2015-10-20T17:07:55Z</time>
        <sat>9</sat>
      </trkpt>
      <trkpt lat="40.622042" lon="-0.066149">
        <ele>1002.3</ele>
        <time>2015-10-20T17:08:00Z</time>
        <sat>9</sat>
      </trkpt>
      <trkpt lat="40.622007" lon="-0.066309">
        <ele>1000.1</ele>
        <time>2015-10-20T17:08:08Z</time>
        <sat>9</sat>
      </trkpt>
      <trkpt lat="40.621964" lon="-0.066502">
        <ele>997.2</ele>
        <time>2015-10-20T17:08:16Z</time>
        <sat>8</sat>
      </trkpt>
      <trkpt lat="40.621912" lon="-0.066681">
        <ele>994.6</ele>
        <time>2015-10-20T17:08:25Z</time>
        <sat>8</sat>
      </trkpt>
      <trkpt lat="40.621876" lon="-0.066821">
        <ele>992.7</ele>
        <time>2015-10-20T17:08:31Z</time>
        <sat>9</sat>
      </trkpt>
      <trkpt lat="40.621846" lon="-0.066958">
        <ele>990.5</ele>
        <time>2015-10-20T17:08:37Z</time>
        <sat>9</sat>
      </trkpt>
      <trkpt lat="40.621769" lon="-0.067061">
        <ele>988.0</ele>
        <time>2015-10-20T17:08:44Z</time>
        <sat>9</sat>
      </trkpt>
      <trkpt lat="40.621774" lon="-0.067208">
        <ele>985.6</ele>
        <time>2015-10-20T17:08:50Z</time>
        <sat>8</sat>
      </trkpt>
      <trkpt lat="40.621819" lon="-0.067331">
        <ele>983.8</ele>
        <time>2015-10-20T17:08:56Z</time>
        <sat>8</sat>
      </trkpt>
      <trkpt lat="40.621752" lon="-0.067426">
        <ele>981.5</ele>
        <time>2015-10-20T17:09:02Z</time>
        <sat>9</sat>
      </trkpt>
      <trkpt lat="40.621757" lon="-0.067559">
        <ele>980.2</ele>
        <time>2015-10-20T17:09:07Z</time>
        <sat>8</sat>
      </trkpt>
      <trkpt lat="40.621732" lon="-0.067737">
        <ele>977.0</ele>
        <time>2015-10-20T17:09:15Z</time>
        <sat>9</sat>
      </trkpt>
      <trkpt lat="40.621714" lon="-0.067884">
        <ele>974.5</ele>
        <time>2015-10-20T17:09:22Z</time>
        <sat>9</sat>
      </trkpt>
      <trkpt lat="40.621690" lon="-0.068004">
        <ele>972.8</ele>
        <time>2015-10-20T17:09:27Z</time>
        <sat>9</sat>
      </trkpt>
      <trkpt lat="40.621639" lon="-0.068106">
        <ele>971.3</ele>
        <time>2015-10-20T17:09:32Z</time>
        <sat>9</sat>
      </trkpt>
      <trkpt lat="40.621639" lon="-0.068259">
        <ele>969.3</ele>
        <time>2015-10-20T17:09:39Z</time>
        <sat>9</sat>
      </trkpt>
      <trkpt lat="40.621672" lon="-0.068373">
        <ele>967.9</ele>
        <time>2015-10-20T17:09:44Z</time>
        <sat>9</sat>
      </trkpt>
      <trkpt lat="40.621759" lon="-0.068404">
        <ele>967.2</ele>
        <time>2015-10-20T17:09:49Z</time>
        <sat>8</sat>
      </trkpt>
      <trkpt lat="40.621837" lon="-0.068464">
        <ele>965.8</ele>
        <time>2015-10-20T17:09:55Z</time>
        <sat>9</sat>
      </trkpt>
      <trkpt lat="40.621790" lon="-0.068576">
        <ele>964.8</ele>
        <time>2015-10-20T17:10:00Z</time>
        <sat>9</sat>
      </trkpt>
      <trkpt lat="40.621774" lon="-0.068734">
        <ele>962.6</ele>
        <time>2015-10-20T17:10:07Z</time>
        <sat>9</sat>
      </trkpt>
      <trkpt lat="40.621769" lon="-0.068861">
        <ele>961.0</ele>
        <time>2015-10-20T17:10:13Z</time>
        <sat>9</sat>
      </trkpt>
      <trkpt lat="40.621752" lon="-0.068984">
        <ele>959.5</ele>
        <time>2015-10-20T17:10:18Z</time>
        <sat>9</sat>
      </trkpt>
      <trkpt lat="40.621710" lon="-0.069118">
        <ele>958.5</ele>
        <time>2015-10-20T17:10:24Z</time>
        <sat>9</sat>
      </trkpt>
      <trkpt lat="40.621664" lon="-0.069255">
        <ele>957.5</ele>
        <time>2015-10-20T17:10:31Z</time>
        <sat>9</sat>
      </trkpt>
      <trkpt lat="40.621619" lon="-0.069372">
        <ele>955.8</ele>
        <time>2015-10-20T17:10:37Z</time>
        <sat>9</sat>
      </trkpt>
      <trkpt lat="40.621636" lon="-0.069506">
        <ele>954.0</ele>
        <time>2015-10-20T17:10:42Z</time>
        <sat>9</sat>
      </trkpt>
      <trkpt lat="40.621686" lon="-0.069626">
        <ele>951.2</ele>
        <time>2015-10-20T17:10:48Z</time>
        <sat>9</sat>
      </trkpt>
      <trkpt lat="40.621719" lon="-0.069773">
        <ele>949.2</ele>
        <time>2015-10-20T17:10:55Z</time>
        <sat>9</sat>
      </trkpt>
      <trkpt lat="40.621732" lon="-0.069908">
        <ele>946.7</ele>
        <time>2015-10-20T17:11:01Z</time>
        <sat>9</sat>
      </trkpt>
      <trkpt lat="40.621817" lon="-0.069983">
        <ele>944.7</ele>
        <time>2015-10-20T17:11:07Z</time>
        <sat>8</sat>
      </trkpt>
      <trkpt lat="40.621849" lon="-0.070099">
        <ele>942.9</ele>
        <time>2015-10-20T17:11:12Z</time>
        <sat>8</sat>
      </trkpt>
      <trkpt lat="40.621881" lon="-0.070268">
        <ele>940.8</ele>
        <time>2015-10-20T17:11:20Z</time>
        <sat>9</sat>
      </trkpt>
      <trkpt lat="40.621886" lon="-0.070397">
        <ele>938.9</ele>
        <time>2015-10-20T17:11:25Z</time>
        <sat>8</sat>
      </trkpt>
      <trkpt lat="40.621901" lon="-0.070539">
        <ele>937.3</ele>
        <time>2015-10-20T17:11:32Z</time>
        <sat>8</sat>
      </trkpt>
      <trkpt lat="40.621934" lon="-0.070686">
        <ele>935.8</ele>
        <time>2015-10-20T17:11:38Z</time>
        <sat>8</sat>
      </trkpt>
      <trkpt lat="40.621954" lon="-0.070827">
        <ele>934.2</ele>
        <time>2015-10-20T17:11:44Z</time>
        <sat>8</sat>
      </trkpt>
      <trkpt lat="40.621979" lon="-0.070952">
        <ele>933.6</ele>
        <time>2015-10-20T17:11:50Z</time>
        <sat>8</sat>
      </trkpt>
      <trkpt lat="40.622020" lon="-0.071069">
        <ele>932.2</ele>
        <time>2015-10-20T17:11:56Z</time>
        <sat>8</sat>
      </trkpt>
      <trkpt lat="40.622067" lon="-0.071175">
        <ele>931.0</ele>
        <time>2015-10-20T17:12:01Z</time>
        <sat>8</sat>
      </trkpt>
      <trkpt lat="40.622127" lon="-0.071267">
        <ele>928.8</ele>
        <time>2015-10-20T17:12:06Z</time>
        <sat>8</sat>
      </trkpt>
      <trkpt lat="40.622174" lon="-0.071396">
        <ele>926.0</ele>
        <time>2015-10-20T17:12:12Z</time>
        <sat>8</sat>
      </trkpt>
      <trkpt lat="40.622174" lon="-0.071516">
        <ele>924.3</ele>
        <time>2015-10-20T17:12:18Z</time>
        <sat>8</sat>
      </trkpt>
      <trkpt lat="40.622116" lon="-0.071616">
        <ele>922.5</ele>
        <time>2015-10-20T17:12:23Z</time>
        <sat>7</sat>
      </trkpt>
      <trkpt lat="40.622045" lon="-0.071708">
        <ele>921.1</ele>
        <time>2015-10-20T17:12:29Z</time>
        <sat>8</sat>
      </trkpt>
      <trkpt lat="40.621959" lon="-0.071781">
        <ele>920.1</ele>
        <time>2015-10-20T17:12:35Z</time>
        <sat>8</sat>
      </trkpt>
      <trkpt lat="40.621877" lon="-0.071857">
        <ele>919.3</ele>
        <time>2015-10-20T17:12:40Z</time>
        <sat>8</sat>
      </trkpt>
      <trkpt lat="40.621972" lon="-0.071877">
        <ele>917.7</ele>
        <time>2015-10-20T17:12:46Z</time>
        <sat>7</sat>
      </trkpt>
      <trkpt lat="40.621916" lon="-0.071972">
        <ele>915.5</ele>
        <time>2015-10-20T17:12:51Z</time>
        <sat>7</sat>
      </trkpt>
      <trkpt lat="40.621832" lon="-0.072041">
        <ele>913.0</ele>
        <time>2015-10-20T17:12:57Z</time>
        <sat>7</sat>
      </trkpt>
      <trkpt lat="40.621735" lon="-0.072074">
        <ele>910.1</ele>
        <time>2015-10-20T17:13:02Z</time>
        <sat>7</sat>
      </trkpt>
      <trkpt lat="40.621707" lon="-0.072187">
        <ele>907.2</ele>
        <time>2015-10-20T17:13:08Z</time>
        <sat>6</sat>
      </trkpt>
      <trkpt lat="40.621781" lon="-0.072271">
        <ele>906.3</ele>
        <time>2015-10-20T17:13:13Z</time>
        <sat>6</sat>
      </trkpt>
      <trkpt lat="40.621866" lon="-0.072191">
        <ele>906.5</ele>
        <time>2015-10-20T17:13:19Z</time>
        <sat>6</sat>
      </trkpt>
      <trkpt lat="40.621967" lon="-0.072168">
        <ele>904.3</ele>
        <time>2015-10-20T17:13:25Z</time>
        <sat>6</sat>
      </trkpt>
      <trkpt lat="40.621997" lon="-0.072287">
        <ele>904.1</ele>
        <time>2015-10-20T17:13:31Z</time>
        <sat>6</sat>
      </trkpt>
      <trkpt lat="40.622006" lon="-0.072417">
        <ele>906.7</ele>
        <time>2015-10-20T17:13:36Z</time>
        <sat>6</sat>
      </trkpt>
      <trkpt lat="40.621999" lon="-0.072536">
        <ele>908.0</ele>
        <time>2015-10-20T17:13:41Z</time>
        <sat>7</sat>
      </trkpt>
      <trkpt lat="40.621969" lon="-0.072653">
        <ele>909.7</ele>
        <time>2015-10-20T17:13:47Z</time>
        <sat>7</sat>
      </trkpt>
      <trkpt lat="40.622016" lon="-0.072762">
        <ele>913.0</ele>
        <time>2015-10-20T17:13:52Z</time>
        <sat>9</sat>
      </trkpt>
      <trkpt lat="40.622097" lon="-0.072819">
        <ele>913.4</ele>
        <time>2015-10-20T17:13:57Z</time>
        <sat>9</sat>
      </trkpt>
      <trkpt lat="40.622197" lon="-0.072796">
        <ele>914.1</ele>
        <time>2015-10-20T17:14:03Z</time>
        <sat>8</sat>
      </trkpt>
      <trkpt lat="40.622301" lon="-0.072751">
        <ele>915.0</ele>
        <time>2015-10-20T17:14:09Z</time>
        <sat>8</sat>
      </trkpt>
      <trkpt lat="40.622389" lon="-0.072706">
        <ele>916.0</ele>
        <time>2015-10-20T17:14:15Z</time>
        <sat>8</sat>
      </trkpt>
      <trkpt lat="40.622487" lon="-0.072726">
        <ele>917.4</ele>
        <time>2015-10-20T17:14:21Z</time>
        <sat>8</sat>
      </trkpt>
      <trkpt lat="40.622547" lon="-0.072838">
        <ele>917.7</ele>
        <time>2015-10-20T17:14:26Z</time>
        <sat>8</sat>
      </trkpt>
      <trkpt lat="40.622605" lon="-0.072957">
        <ele>918.5</ele>
        <time>2015-10-20T17:14:33Z</time>
        <sat>8</sat>
      </trkpt>
      <trkpt lat="40.622654" lon="-0.073082">
        <ele>918.6</ele>
        <time>2015-10-20T17:14:39Z</time>
        <sat>9</sat>
      </trkpt>
      <trkpt lat="40.622700" lon="-0.073199">
        <ele>918.7</ele>
        <time>2015-10-20T17:14:44Z</time>
        <sat>9</sat>
      </trkpt>
      <trkpt lat="40.622747" lon="-0.073306">
        <ele>918.7</ele>
        <time>2015-10-20T17:14:50Z</time>
        <sat>9</sat>
      </trkpt>
      <trkpt lat="40.622829" lon="-0.073416">
        <ele>919.0</ele>
        <time>2015-10-20T17:14:57Z</time>
        <sat>9</sat>
      </trkpt>
      <trkpt lat="40.622907" lon="-0.073501">
        <ele>918.7</ele>
        <time>2015-10-20T17:15:02Z</time>
        <sat>10</sat>
      </trkpt>
      <trkpt lat="40.623002" lon="-0.073579">
        <ele>918.4</ele>
        <time>2015-10-20T17:15:09Z</time>
        <sat>10</sat>
      </trkpt>
      <trkpt lat="40.623086" lon="-0.073639">
        <ele>918.3</ele>
        <time>2015-10-20T17:15:14Z</time>
        <sat>9</sat>
      </trkpt>
      <trkpt lat="40.623159" lon="-0.073710">
        <ele>918.0</ele>
        <time>2015-10-20T17:15:19Z</time>
        <sat>9</sat>
      </trkpt>
      <trkpt lat="40.623255" lon="-0.073772">
        <ele>917.7</ele>
        <time>2015-10-20T17:15:26Z</time>
        <sat>9</sat>
      </trkpt>
      <trkpt lat="40.623361" lon="-0.073831">
        <ele>917.7</ele>
        <time>2015-10-20T17:15:32Z</time>
        <sat>9</sat>
      </trkpt>
      <trkpt lat="40.623454" lon="-0.073896">
        <ele>917.6</ele>
        <time>2015-10-20T17:15:38Z</time>
        <sat>9</sat>
      </trkpt>
      <trkpt lat="40.623544" lon="-0.073939">
        <ele>917.8</ele>
        <time>2015-10-20T17:15:44Z</time>
        <sat>8</sat>
      </trkpt>
      <trkpt lat="40.623649" lon="-0.074019">
        <ele>917.7</ele>
        <time>2015-10-20T17:15:50Z</time>
        <sat>8</sat>
      </trkpt>
      <trkpt lat="40.623735" lon="-0.074112">
        <ele>917.8</ele>
        <time>2015-10-20T17:15:57Z</time>
        <sat>8</sat>
      </trkpt>
      <trkpt lat="40.623782" lon="-0.074229">
        <ele>916.2</ele>
        <time>2015-10-20T17:16:03Z</time>
        <sat>8</sat>
      </trkpt>
      <trkpt lat="40.623845" lon="-0.074348">
        <ele>916.0</ele>
        <time>2015-10-20T17:16:09Z</time>
        <sat>9</sat>
      </trkpt>
      <trkpt lat="40.623896" lon="-0.074491">
        <ele>914.5</ele>
        <time>2015-10-20T17:16:16Z</time>
        <sat>9</sat>
      </trkpt>
      <trkpt lat="40.623929" lon="-0.074629">
        <ele>913.3</ele>
        <time>2015-10-20T17:16:22Z</time>
        <sat>9</sat>
      </trkpt>
      <trkpt lat="40.623932" lon="-0.074766">
        <ele>911.9</ele>
        <time>2015-10-20T17:16:28Z</time>
        <sat>9</sat>
      </trkpt>
      <trkpt lat="40.623847" lon="-0.074894">
        <ele>910.1</ele>
        <time>2015-10-20T17:16:35Z</time>
        <sat>9</sat>
      </trkpt>
      <trkpt lat="40.623792" lon="-0.075006">
        <ele>909.2</ele>
        <time>2015-10-20T17:16:41Z</time>
        <sat>9</sat>
      </trkpt>
      <trkpt lat="40.623767" lon="-0.075161">
        <ele>907.2</ele>
        <time>2015-10-20T17:16:48Z</time>
        <sat>9</sat>
      </trkpt>
      <trkpt lat="40.623752" lon="-0.075314">
        <ele>905.5</ele>
        <time>2015-10-20T17:16:55Z</time>
        <sat>9</sat>
      </trkpt>
      <trkpt lat="40.623684" lon="-0.075461">
        <ele>902.7</ele>
        <time>2015-10-20T17:17:02Z</time>
        <sat>9</sat>
      </trkpt>
      <trkpt lat="40.623642" lon="-0.075589">
        <ele>900.4</ele>
        <time>2015-10-20T17:17:08Z</time>
        <sat>9</sat>
      </trkpt>
      <trkpt lat="40.623644" lon="-0.075721">
        <ele>899.7</ele>
        <time>2015-10-20T17:17:14Z</time>
        <sat>9</sat>
      </trkpt>
      <trkpt lat="40.623637" lon="-0.075839">
        <ele>900.2</ele>
        <time>2015-10-20T17:17:19Z</time>
        <sat>10</sat>
      </trkpt>
      <trkpt lat="40.623637" lon="-0.075839">
        <ele>900.2</ele>
        <time>2015-10-20T17:17:19Z</time>
        <sat>10</sat>
      </trkpt>
      <trkpt lat="40.623561" lon="-0.075918">
        <ele>899.1</ele>
        <time>2015-10-20T17:17:25Z</time>
        <sat>8</sat>
      </trkpt>
      <trkpt lat="40.623469" lon="-0.076006">
        <ele>897.9</ele>
        <time>2015-10-20T17:17:31Z</time>
        <sat>8</sat>
      </trkpt>
      <trkpt lat="40.623362" lon="-0.076078">
        <ele>897.7</ele>
        <time>2015-10-20T17:17:38Z</time>
        <sat>8</sat>
      </trkpt>
      <trkpt lat="40.623264" lon="-0.076159">
        <ele>897.1</ele>
        <time>2015-10-20T17:17:45Z</time>
        <sat>8</sat>
      </trkpt>
      <trkpt lat="40.623190" lon="-0.076229">
        <ele>896.5</ele>
        <time>2015-10-20T17:17:50Z</time>
        <sat>8</sat>
      </trkpt>
      <trkpt lat="40.623077" lon="-0.076296">
        <ele>896.5</ele>
        <time>2015-10-20T17:17:57Z</time>
        <sat>8</sat>
      </trkpt>
      <trkpt lat="40.623006" lon="-0.076404">
        <ele>895.5</ele>
        <time>2015-10-20T17:18:03Z</time>
        <sat>8</sat>
      </trkpt>
      <trkpt lat="40.622935" lon="-0.076536">
        <ele>893.8</ele>
        <time>2015-10-20T17:18:10Z</time>
        <sat>8</sat>
      </trkpt>
      <trkpt lat="40.622859" lon="-0.076621">
        <ele>893.2</ele>
        <time>2015-10-20T17:18:16Z</time>
        <sat>9</sat>
      </trkpt>
      <trkpt lat="40.622813" lon="-0.076618">
        <ele>893.6</ele>
        <time>2015-10-20T17:18:18Z</time>
      </trkpt>
      <trkpt lat="40.622760" lon="-0.076665">
        <ele>892.9</ele>
        <time>2015-10-20T17:18:22Z</time>
      </trkpt>
      <trkpt lat="40.622747" lon="-0.076657">
        <ele>892.9</ele>
        <time>2015-10-20T17:18:23Z</time>
      </trkpt>
      <trkpt lat="40.622872" lon="-0.076975">
        <ele>888.5</ele>
        <time>2015-10-20T17:18:39Z</time>
      </trkpt>
      <trkpt lat="40.622956" lon="-0.077137">
        <ele>890.4</ele>
        <time>2015-10-20T17:18:47Z</time>
      </trkpt>
      <trkpt lat="40.623047" lon="-0.077123">
        <ele>890.9</ele>
        <time>2015-10-20T17:18:52Z</time>
      </trkpt>
      <trkpt lat="40.623122" lon="-0.077137">
        <ele>891.7</ele>
        <time>2015-10-20T17:18:57Z</time>
      </trkpt>
      <trkpt lat="40.623363" lon="-0.077400">
        <ele>895.7</ele>
        <time>2015-10-20T17:19:15Z</time>
      </trkpt>
      <trkpt lat="40.623702" lon="-0.077475">
        <ele>899.8</ele>
        <time>2015-10-20T17:19:34Z</time>
      </trkpt>
      <trkpt lat="40.623807" lon="-0.077456">
        <ele>901.8</ele>
        <time>2015-10-20T17:19:40Z</time>
      </trkpt>
      <trkpt lat="40.623867" lon="-0.077424">
        <ele>902.7</ele>
        <time>2015-10-20T17:19:44Z</time>
      </trkpt>
      <trkpt lat="40.623932" lon="-0.077418">
        <ele>903.5</ele>
        <time>2015-10-20T17:19:48Z</time>
      </trkpt>
      <trkpt lat="40.623988" lon="-0.077455">
        <ele>904.7</ele>
        <time>2015-10-20T17:19:51Z</time>
      </trkpt>
      <trkpt lat="40.624008" lon="-0.077500">
        <ele>905.2</ele>
        <time>2015-10-20T17:19:53Z</time>
      </trkpt>
      <trkpt lat="40.624010" lon="-0.077505">
        <ele>905.3</ele>
        <time>2015-10-20T17:19:54Z</time>
      </trkpt>
      <trkpt lat="40.624010" lon="-0.077578">
        <ele>905.7</ele>
        <time>2015-10-20T17:19:57Z</time>
      </trkpt>
      <trkpt lat="40.623962" lon="-0.077705">
        <ele>905.9</ele>
        <time>2015-10-20T17:20:03Z</time>
      </trkpt>
      <trkpt lat="40.623928" lon="-0.077840">
        <ele>906.3</ele>
        <time>2015-10-20T17:20:09Z</time>
      </trkpt>
      <trkpt lat="40.623869" lon="-0.077979">
        <ele>907.1</ele>
        <time>2015-10-20T17:20:16Z</time>
      </trkpt>
      <trkpt lat="40.623797" lon="-0.078131">
        <ele>909.1</ele>
        <time>2015-10-20T17:20:24Z</time>
      </trkpt>
      <trkpt lat="40.623694" lon="-0.078334">
        <ele>911.5</ele>
        <time>2015-10-20T17:20:35Z</time>
      </trkpt>
      <trkpt lat="40.623626" lon="-0.078515">
        <ele>913.4</ele>
        <time>2015-10-20T17:20:43Z</time>
      </trkpt>
      <trkpt lat="40.623644" lon="-0.078723">
        <ele>915.0</ele>
        <time>2015-10-20T17:20:52Z</time>
      </trkpt>
      <trkpt lat="40.623716" lon="-0.078951">
        <ele>915.1</ele>
        <time>2015-10-20T17:21:03Z</time>
      </trkpt>
      <trkpt lat="40.623824" lon="-0.079223">
        <ele>915.9</ele>
        <time>2015-10-20T17:21:16Z</time>
      </trkpt>
      <trkpt lat="40.624090" lon="-0.079717">
        <ele>917.1</ele>
        <time>2015-10-20T17:21:43Z</time>
      </trkpt>
      <trkpt lat="40.624144" lon="-0.079823">
        <ele>917.1</ele>
        <time>2015-10-20T17:21:48Z</time>
      </trkpt>
      <trkpt lat="40.624196" lon="-0.079988">
        <ele>916.9</ele>
        <time>2015-10-20T17:21:56Z</time>
      </trkpt>
      <trkpt lat="40.624237" lon="-0.080381">
        <ele>916.4</ele>
        <time>2015-10-20T17:22:13Z</time>
      </trkpt>
      <trkpt lat="40.624248" lon="-0.080571">
        <ele>915.7</ele>
        <time>2015-10-20T17:22:21Z</time>
      </trkpt>
      <trkpt lat="40.624294" lon="-0.080709">
        <ele>915.9</ele>
        <time>2015-10-20T17:22:28Z</time>
      </trkpt>
      <trkpt lat="40.624384" lon="-0.080887">
        <ele>915.9</ele>
        <time>2015-10-20T17:22:37Z</time>
      </trkpt>
      <trkpt lat="40.624489" lon="-0.081129">
        <ele>915.9</ele>
        <time>2015-10-20T17:22:49Z</time>
      </trkpt>
      <trkpt lat="40.624631" lon="-0.081458">
        <ele>915.8</ele>
        <time>2015-10-20T17:23:06Z</time>
      </trkpt>
      <trkpt lat="40.624683" lon="-0.081550">
        <ele>916.1</ele>
        <time>2015-10-20T17:23:11Z</time>
      </trkpt>
      <trkpt lat="40.624734" lon="-0.081633">
        <ele>916.1</ele>
        <time>2015-10-20T17:23:15Z</time>
      </trkpt>
      <trkpt lat="40.624750" lon="-0.081667">
        <ele>916.1</ele>
        <time>2015-10-20T17:23:17Z</time>
      </trkpt>
      <trkpt lat="40.624784" lon="-0.081716">
        <ele>916.1</ele>
        <time>2015-10-20T17:23:20Z</time>
      </trkpt>
      <trkpt lat="40.624817" lon="-0.081767">
        <ele>916.1</ele>
        <time>2015-10-20T17:23:23Z</time>
      </trkpt>
      <trkpt lat="40.624868" lon="-0.081816">
        <ele>916.0</ele>
        <time>2015-10-20T17:23:27Z</time>
      </trkpt>
      <trkpt lat="40.624900" lon="-0.081850">
        <ele>916.0</ele>
        <time>2015-10-20T17:23:29Z</time>
      </trkpt>
      <trkpt lat="40.624933" lon="-0.081900">
        <ele>915.9</ele>
        <time>2015-10-20T17:23:32Z</time>
      </trkpt>
      <trkpt lat="40.624967" lon="-0.081950">
        <ele>915.9</ele>
        <time>2015-10-20T17:23:35Z</time>
      </trkpt>
      <trkpt lat="40.625000" lon="-0.082017">
        <ele>915.6</ele>
        <time>2015-10-20T17:23:38Z</time>
      </trkpt>
      <trkpt lat="40.625033" lon="-0.082066">
        <ele>915.5</ele>
        <time>2015-10-20T17:23:41Z</time>
      </trkpt>
      <trkpt lat="40.625067" lon="-0.082133">
        <ele>915.5</ele>
        <time>2015-10-20T17:23:45Z</time>
      </trkpt>
      <trkpt lat="40.625085" lon="-0.082183">
        <ele>915.3</ele>
        <time>2015-10-20T17:23:47Z</time>
      </trkpt>
      <trkpt lat="40.625117" lon="-0.082250">
        <ele>915.1</ele>
        <time>2015-10-20T17:23:50Z</time>
      </trkpt>
      <trkpt lat="40.625135" lon="-0.082317">
        <ele>914.6</ele>
        <time>2015-10-20T17:23:53Z</time>
      </trkpt>
      <trkpt lat="40.625167" lon="-0.082367">
        <ele>914.8</ele>
        <time>2015-10-20T17:23:56Z</time>
      </trkpt>
      <trkpt lat="40.625201" lon="-0.082416">
        <ele>914.8</ele>
        <time>2015-10-20T17:23:59Z</time>
      </trkpt>
      <trkpt lat="40.625235" lon="-0.082467">
        <ele>914.8</ele>
        <time>2015-10-20T17:24:02Z</time>
      </trkpt>
      <trkpt lat="40.625267" lon="-0.082516">
        <ele>914.7</ele>
        <time>2015-10-20T17:24:05Z</time>
      </trkpt>
      <trkpt lat="40.625301" lon="-0.082567">
        <ele>914.6</ele>
        <time>2015-10-20T17:24:08Z</time>
      </trkpt>
      <trkpt lat="40.625334" lon="-0.082633">
        <ele>914.6</ele>
        <time>2015-10-20T17:24:11Z</time>
      </trkpt>
      <trkpt lat="40.625350" lon="-0.082683">
        <ele>914.6</ele>
        <time>2015-10-20T17:24:14Z</time>
      </trkpt>
      <trkpt lat="40.625367" lon="-0.082750">
        <ele>914.5</ele>
        <time>2015-10-20T17:24:17Z</time>
      </trkpt>
      <trkpt lat="40.625400" lon="-0.082800">
        <ele>914.9</ele>
        <time>2015-10-20T17:24:20Z</time>
      </trkpt>
      <trkpt lat="40.625417" lon="-0.082883">
        <ele>914.3</ele>
        <time>2015-10-20T17:24:23Z</time>
      </trkpt>
      <trkpt lat="40.625434" lon="-0.082950">
        <ele>914.0</ele>
        <time>2015-10-20T17:24:26Z</time>
      </trkpt>
      <trkpt lat="40.625467" lon="-0.083017">
        <ele>914.1</ele>
        <time>2015-10-20T17:24:30Z</time>
      </trkpt>
      <trkpt lat="40.625483" lon="-0.083100">
        <ele>913.7</ele>
        <time>2015-10-20T17:24:34Z</time>
      </trkpt>
      <trkpt lat="40.625517" lon="-0.083183">
        <ele>914.0</ele>
        <time>2015-10-20T17:24:38Z</time>
      </trkpt>
      <trkpt lat="40.625534" lon="-0.083250">
        <ele>913.8</ele>
        <time>2015-10-20T17:24:41Z</time>
      </trkpt>
      <trkpt lat="40.625550" lon="-0.083333">
        <ele>913.9</ele>
        <time>2015-10-20T17:24:44Z</time>
      </trkpt>
      <trkpt lat="40.625568" lon="-0.083416">
        <ele>913.8</ele>
        <time>2015-10-20T17:24:48Z</time>
      </trkpt>
      <trkpt lat="40.625583" lon="-0.083500">
        <ele>913.2</ele>
        <time>2015-10-20T17:24:52Z</time>
      </trkpt>
      <trkpt lat="40.625602" lon="-0.083583">
        <ele>913.1</ele>
        <time>2015-10-20T17:24:56Z</time>
      </trkpt>
      <trkpt lat="40.625617" lon="-0.083667">
        <ele>913.1</ele>
        <time>2015-10-20T17:24:59Z</time>
      </trkpt>
      <trkpt lat="40.625634" lon="-0.083750">
        <ele>913.0</ele>
        <time>2015-10-20T17:25:03Z</time>
      </trkpt>
      <trkpt lat="40.625634" lon="-0.083817">
        <ele>913.0</ele>
        <time>2015-10-20T17:25:06Z</time>
      </trkpt>
      <trkpt lat="40.625651" lon="-0.083883">
        <ele>913.5</ele>
        <time>2015-10-20T17:25:09Z</time>
      </trkpt>
      <trkpt lat="40.625685" lon="-0.083983">
        <ele>916.0</ele>
        <time>2015-10-20T17:25:14Z</time>
      </trkpt>
      <trkpt lat="40.625734" lon="-0.084083">
        <ele>916.8</ele>
        <time>2015-10-20T17:25:19Z</time>
      </trkpt>
      <trkpt lat="40.625767" lon="-0.084183">
        <ele>917.0</ele>
        <time>2015-10-20T17:25:24Z</time>
      </trkpt>
      <trkpt lat="40.625817" lon="-0.084267">
        <ele>918.0</ele>
        <time>2015-10-20T17:25:28Z</time>
      </trkpt>
      <trkpt lat="40.625884" lon="-0.084367">
        <ele>919.4</ele>
        <time>2015-10-20T17:25:34Z</time>
      </trkpt>
      <trkpt lat="40.625917" lon="-0.084467">
        <ele>920.1</ele>
        <time>2015-10-20T17:25:39Z</time>
      </trkpt>
      <trkpt lat="40.625950" lon="-0.084550">
        <ele>921.0</ele>
        <time>2015-10-20T17:25:43Z</time>
      </trkpt>
      <trkpt lat="40.625984" lon="-0.084633">
        <ele>921.6</ele>
        <time>2015-10-20T17:25:47Z</time>
      </trkpt>
      <trkpt lat="40.626017" lon="-0.084733">
        <ele>922.1</ele>
        <time>2015-10-20T17:25:52Z</time>
      </trkpt>
      <trkpt lat="40.626050" lon="-0.084817">
        <ele>922.5</ele>
        <time>2015-10-20T17:25:56Z</time>
      </trkpt>
      <trkpt lat="40.626084" lon="-0.084900">
        <ele>923.0</ele>
        <time>2015-10-20T17:26:00Z</time>
      </trkpt>
      <trkpt lat="40.626118" lon="-0.085000">
        <ele>923.2</ele>
        <time>2015-10-20T17:26:05Z</time>
      </trkpt>
      <trkpt lat="40.626150" lon="-0.085100">
        <ele>924.0</ele>
        <time>2015-10-20T17:26:09Z</time>
      </trkpt>
      <trkpt lat="40.626183" lon="-0.085200">
        <ele>924.6</ele>
        <time>2015-10-20T17:26:14Z</time>
      </trkpt>
      <trkpt lat="40.626218" lon="-0.085283">
        <ele>925.4</ele>
        <time>2015-10-20T17:26:18Z</time>
      </trkpt>
      <trkpt lat="40.626218" lon="-0.085316">
        <ele>925.2</ele>
        <time>2015-10-20T17:26:20Z</time>
      </trkpt>
      <trkpt lat="40.626267" lon="-0.085467">
        <ele>925.3</ele>
        <time>2015-10-20T17:26:27Z</time>
      </trkpt>
      <trkpt lat="40.626283" lon="-0.085567">
        <ele>925.0</ele>
        <time>2015-10-20T17:26:31Z</time>
      </trkpt>
      <trkpt lat="40.626283" lon="-0.085616">
        <ele>924.7</ele>
        <time>2015-10-20T17:26:33Z</time>
      </trkpt>
      <trkpt lat="40.626301" lon="-0.085683">
        <ele>924.3</ele>
        <time>2015-10-20T17:26:37Z</time>
      </trkpt>
      <trkpt lat="40.626317" lon="-0.085765">
        <ele>923.9</ele>
        <time>2015-10-20T17:26:40Z</time>
      </trkpt>
      <trkpt lat="40.626335" lon="-0.085833">
        <ele>923.6</ele>
        <time>2015-10-20T17:26:43Z</time>
      </trkpt>
      <trkpt lat="40.626350" lon="-0.085917">
        <ele>923.5</ele>
        <time>2015-10-20T17:26:47Z</time>
      </trkpt>
      <trkpt lat="40.626367" lon="-0.086000">
        <ele>922.5</ele>
        <time>2015-10-20T17:26:51Z</time>
      </trkpt>
      <trkpt lat="40.626400" lon="-0.086083">
        <ele>922.8</ele>
        <time>2015-10-20T17:26:55Z</time>
      </trkpt>
      <trkpt lat="40.626417" lon="-0.086150">
        <ele>922.2</ele>
        <time>2015-10-20T17:26:58Z</time>
      </trkpt>
      <trkpt lat="40.626450" lon="-0.086233">
        <ele>921.8</ele>
        <time>2015-10-20T17:27:02Z</time>
      </trkpt>
      <trkpt lat="40.626483" lon="-0.086315">
        <ele>921.5</ele>
        <time>2015-10-20T17:27:06Z</time>
      </trkpt>
      <trkpt lat="40.626500" lon="-0.086400">
        <ele>921.0</ele>
        <time>2015-10-20T17:27:10Z</time>
      </trkpt>
      <trkpt lat="40.626518" lon="-0.086483">
        <ele>920.5</ele>
        <time>2015-10-20T17:27:14Z</time>
      </trkpt>
      <trkpt lat="40.626534" lon="-0.086583">
        <ele>920.8</ele>
        <time>2015-10-20T17:27:18Z</time>
      </trkpt>
      <trkpt lat="40.626550" lon="-0.086666">
        <ele>921.4</ele>
        <time>2015-10-20T17:27:22Z</time>
      </trkpt>
      <trkpt lat="40.626583" lon="-0.086750">
        <ele>921.2</ele>
        <time>2015-10-20T17:27:26Z</time>
      </trkpt>
      <trkpt lat="40.626618" lon="-0.086850">
        <ele>921.8</ele>
        <time>2015-10-20T17:27:31Z</time>
      </trkpt>
      <trkpt lat="40.626650" lon="-0.086916">
        <ele>920.9</ele>
        <time>2015-10-20T17:27:34Z</time>
      </trkpt>
      <trkpt lat="40.626700" lon="-0.086999">
        <ele>920.7</ele>
        <time>2015-10-20T17:27:39Z</time>
      </trkpt>
      <trkpt lat="40.626734" lon="-0.087067">
        <ele>919.6</ele>
        <time>2015-10-20T17:27:42Z</time>
      </trkpt>
      <trkpt lat="40.626751" lon="-0.087167">
        <ele>917.8</ele>
        <time>2015-10-20T17:27:47Z</time>
      </trkpt>
      <trkpt lat="40.626768" lon="-0.087266">
        <ele>917.4</ele>
        <time>2015-10-20T17:27:51Z</time>
      </trkpt>
      <trkpt lat="40.626768" lon="-0.087366">
        <ele>916.8</ele>
        <time>2015-10-20T17:27:55Z</time>
      </trkpt>
      <trkpt lat="40.626768" lon="-0.087466">
        <ele>916.7</ele>
        <time>2015-10-20T17:28:00Z</time>
      </trkpt>
      <trkpt lat="40.626784" lon="-0.087549">
        <ele>916.8</ele>
        <time>2015-10-20T17:28:03Z</time>
      </trkpt>
      <trkpt lat="40.626784" lon="-0.087633">
        <ele>917.0</ele>
        <time>2015-10-20T17:28:07Z</time>
      </trkpt>
      <trkpt lat="40.626817" lon="-0.087717">
        <ele>917.9</ele>
        <time>2015-10-20T17:28:11Z</time>
      </trkpt>
      <trkpt lat="40.626851" lon="-0.087782">
        <ele>917.9</ele>
        <time>2015-10-20T17:28:15Z</time>
      </trkpt>
      <trkpt lat="40.626884" lon="-0.087833">
        <ele>917.7</ele>
        <time>2015-10-20T17:28:18Z</time>
      </trkpt>
      <trkpt lat="40.626950" lon="-0.087882">
        <ele>917.8</ele>
        <time>2015-10-20T17:28:22Z</time>
      </trkpt>
      <trkpt lat="40.627001" lon="-0.087916">
        <ele>917.4</ele>
        <time>2015-10-20T17:28:25Z</time>
      </trkpt>
      <trkpt lat="40.627050" lon="-0.087950">
        <ele>917.5</ele>
        <time>2015-10-20T17:28:28Z</time>
      </trkpt>
      <trkpt lat="40.627101" lon="-0.087982">
        <ele>917.0</ele>
        <time>2015-10-20T17:28:31Z</time>
      </trkpt>
      <trkpt lat="40.627150" lon="-0.088016">
        <ele>917.6</ele>
        <time>2015-10-20T17:28:35Z</time>
      </trkpt>
      <trkpt lat="40.627200" lon="-0.088065">
        <ele>917.5</ele>
        <time>2015-10-20T17:28:38Z</time>
      </trkpt>
      <trkpt lat="40.627250" lon="-0.088100">
        <ele>916.8</ele>
        <time>2015-10-20T17:28:41Z</time>
      </trkpt>
      <trkpt lat="40.627300" lon="-0.088133">
        <ele>916.8</ele>
        <time>2015-10-20T17:28:45Z</time>
      </trkpt>
      <trkpt lat="40.627350" lon="-0.088167">
        <ele>916.3</ele>
        <time>2015-10-20T17:28:48Z</time>
      </trkpt>
      <trkpt lat="40.627401" lon="-0.088183">
        <ele>916.8</ele>
        <time>2015-10-20T17:28:51Z</time>
      </trkpt>
      <trkpt lat="40.627450" lon="-0.088215">
        <ele>916.4</ele>
        <time>2015-10-20T17:28:54Z</time>
      </trkpt>
      <trkpt lat="40.627483" lon="-0.088233">
        <ele>916.6</ele>
        <time>2015-10-20T17:28:56Z</time>
      </trkpt>
      <trkpt lat="40.627585" lon="-0.088249">
        <ele>917.6</ele>
        <time>2015-10-20T17:29:02Z</time>
      </trkpt>
      <trkpt lat="40.627634" lon="-0.088267">
        <ele>917.5</ele>
        <time>2015-10-20T17:29:05Z</time>
      </trkpt>
      <trkpt lat="40.627700" lon="-0.088300">
        <ele>918.0</ele>
        <time>2015-10-20T17:29:09Z</time>
      </trkpt>
      <trkpt lat="40.627768" lon="-0.088316">
        <ele>918.3</ele>
        <time>2015-10-20T17:29:13Z</time>
      </trkpt>
      <trkpt lat="40.627833" lon="-0.088349">
        <ele>918.7</ele>
        <time>2015-10-20T17:29:17Z</time>
      </trkpt>
      <trkpt lat="40.627900" lon="-0.088366">
        <ele>919.0</ele>
        <time>2015-10-20T17:29:21Z</time>
      </trkpt>
      <trkpt lat="40.627967" lon="-0.088417">
        <ele>919.6</ele>
        <time>2015-10-20T17:29:25Z</time>
      </trkpt>
      <trkpt lat="40.628000" lon="-0.088432">
        <ele>920.0</ele>
        <time>2015-10-20T17:29:27Z</time>
      </trkpt>
      <trkpt lat="40.628101" lon="-0.088500">
        <ele>921.1</ele>
        <time>2015-10-20T17:29:34Z</time>
      </trkpt>
      <trkpt lat="40.628150" lon="-0.088582">
        <ele>921.5</ele>
        <time>2015-10-20T17:29:38Z</time>
      </trkpt>
      <trkpt lat="40.628217" lon="-0.088650">
        <ele>922.1</ele>
        <time>2015-10-20T17:29:43Z</time>
      </trkpt>
      <trkpt lat="40.628284" lon="-0.088700">
        <ele>922.8</ele>
        <time>2015-10-20T17:29:47Z</time>
      </trkpt>
      <trkpt lat="40.628367" lon="-0.088733">
        <ele>923.5</ele>
        <time>2015-10-20T17:29:52Z</time>
      </trkpt>
      <trkpt lat="40.628434" lon="-0.088765">
        <ele>924.4</ele>
        <time>2015-10-20T17:29:56Z</time>
      </trkpt>
      <trkpt lat="40.628517" lon="-0.088783">
        <ele>924.6</ele>
        <time>2015-10-20T17:30:01Z</time>
      </trkpt>
      <trkpt lat="40.628568" lon="-0.088816">
        <ele>924.6</ele>
        <time>2015-10-20T17:30:04Z</time>
      </trkpt>
      <trkpt lat="40.628634" lon="-0.088850">
        <ele>924.0</ele>
        <time>2015-10-20T17:30:09Z</time>
      </trkpt>
      <trkpt lat="40.628700" lon="-0.088882">
        <ele>924.0</ele>
        <time>2015-10-20T17:30:13Z</time>
      </trkpt>
      <trkpt lat="40.628784" lon="-0.088933">
        <ele>924.2</ele>
        <time>2015-10-20T17:30:18Z</time>
      </trkpt>
      <trkpt lat="40.628867" lon="-0.088967">
        <ele>925.0</ele>
        <time>2015-10-20T17:30:23Z</time>
      </trkpt>
      <trkpt lat="40.628935" lon="-0.089000">
        <ele>925.1</ele>
        <time>2015-10-20T17:30:27Z</time>
      </trkpt>
      <trkpt lat="40.629000" lon="-0.089050">
        <ele>925.0</ele>
        <time>2015-10-20T17:30:31Z</time>
      </trkpt>
      <trkpt lat="40.629067" lon="-0.089116">
        <ele>924.6</ele>
        <time>2015-10-20T17:30:36Z</time>
      </trkpt>
      <trkpt lat="40.629118" lon="-0.089200">
        <ele>924.5</ele>
        <time>2015-10-20T17:30:41Z</time>
      </trkpt>
      <trkpt lat="40.629150" lon="-0.089300">
        <ele>927.1</ele>
        <time>2015-10-20T17:30:45Z</time>
      </trkpt>
      <trkpt lat="40.629150" lon="-0.089300">
        <ele>927.1</ele>
        <time>2015-10-20T17:30:45Z</time>
      </trkpt>
      <trkpt lat="40.629150" lon="-0.089415">
        <ele>928.4</ele>
        <time>2015-10-20T17:30:50Z</time>
      </trkpt>
      <trkpt lat="40.629150" lon="-0.089433">
        <ele>928.7</ele>
        <time>2015-10-20T17:30:51Z</time>
      </trkpt>
      <trkpt lat="40.629167" lon="-0.089617">
        <ele>931.8</ele>
        <time>2015-10-20T17:30:59Z</time>
      </trkpt>
      <trkpt lat="40.629184" lon="-0.089716">
        <ele>933.5</ele>
        <time>2015-10-20T17:31:04Z</time>
      </trkpt>
      <trkpt lat="40.629184" lon="-0.089833">
        <ele>935.3</ele>
        <time>2015-10-20T17:31:09Z</time>
      </trkpt>
      <trkpt lat="40.629201" lon="-0.089950">
        <ele>937.1</ele>
        <time>2015-10-20T17:31:14Z</time>
      </trkpt>
      <trkpt lat="40.629217" lon="-0.090049">
        <ele>938.6</ele>
        <time>2015-10-20T17:31:18Z</time>
      </trkpt>
      <trkpt lat="40.629250" lon="-0.090149">
        <ele>940.0</ele>
        <time>2015-10-20T17:31:23Z</time>
      </trkpt>
      <trkpt lat="40.629283" lon="-0.090249">
        <ele>941.6</ele>
        <time>2015-10-20T17:31:28Z</time>
      </trkpt>
      <trkpt lat="40.629317" lon="-0.090350">
        <ele>943.0</ele>
        <time>2015-10-20T17:31:33Z</time>
      </trkpt>
      <trkpt lat="40.629383" lon="-0.090416">
        <ele>944.3</ele>
        <time>2015-10-20T17:31:37Z</time>
      </trkpt>
    </trkseg>
  </trk>
</gpx>
