<?xml version="1.0" encoding="UTF-8" standalone="no" ?>
<gpx xmlns="http://www.topografix.com/GPX/1/1" creator="CompeGPS" version="1.1" xmlns:xsi="http://www.w3.org/2001/XMLSchema-instance" xsi:schemaLocation="http://www.topografix.com/GPX/1/1 http://www.topografix.com/GPX/1/1/gpx.xsd http://www.garmin.com/xmlschemas/GpxExtensions/v3 http://www.garmin.com/xmlschemas/GpxExtensionsv3.xsd http://www.garmin.com/xmlschemas/TrackPointExtension/v1 http://www.garmin.com/xmlschemas/TrackPointExtensionv1.xsd" xmlns:gpxtpx="http://www.garmin.com/xmlschemas/TrackPointExtension/v1">
  <metadata>
    <link href="http://www.compegps.com">
      <text>CompeGPS TEAM, SL</text>
    </link>
    <time>2014-04-14T21:25:23Z</time>
    <bounds maxlat="40.674245" maxlon="-0.098864" minlat="40.608594" minlon="-0.217854"/>
  </metadata>
  <trk>
    <name>LeftDarckSide</name>
    <trkseg>
      <trkpt lat="40.621528" lon="-0.099035">
        <ele>968.8</ele>
        <time>2014-04-14T21:24:40Z</time>
      </trkpt>
      <trkpt lat="40.621672" lon="-0.098980">
        <ele>967.5</ele>
        <time>2014-04-14T21:24:47Z</time>
      </trkpt>
      <trkpt lat="40.621769" lon="-0.099068">
        <ele>966.3</ele>
        <time>2014-04-14T21:24:53Z</time>
      </trkpt>
      <trkpt lat="40.621830" lon="-0.099265">
        <ele>966.3</ele>
        <time>2014-04-14T21:25:01Z</time>
      </trkpt>
      <trkpt lat="40.621866" lon="-0.099462">
        <ele>964.9</ele>
        <time>2014-04-14T21:25:09Z</time>
      </trkpt>
      <trkpt lat="40.621934" lon="-0.099607">
        <ele>963.7</ele>
        <time>2014-04-14T21:25:15Z</time>
      </trkpt>
      <trkpt lat="40.621972" lon="-0.099708">
        <ele>963.1</ele>
        <time>2014-04-14T21:25:19Z</time>
        <sat>9</sat>
      </trkpt>
      <trkpt lat="40.622026" lon="-0.099865">
        <ele>962.2</ele>
        <time>2014-04-14T21:25:26Z</time>
        <sat>9</sat>
      </trkpt>
      <trkpt lat="40.622119" lon="-0.099979">
        <ele>960.7</ele>
        <time>2014-04-14T21:25:32Z</time>
        <sat>9</sat>
      </trkpt>
      <trkpt lat="40.622228" lon="-0.100064">
        <ele>960.1</ele>
        <time>2014-04-14T21:25:39Z</time>
        <sat>9</sat>
      </trkpt>
      <trkpt lat="40.622309" lon="-0.100128">
        <ele>959.5</ele>
        <time>2014-04-14T21:25:43Z</time>
        <sat>9</sat>
      </trkpt>
      <trkpt lat="40.622390" lon="-0.100213">
        <ele>958.8</ele>
        <time>2014-04-14T21:25:49Z</time>
        <sat>9</sat>
      </trkpt>
      <trkpt lat="40.622445" lon="-0.100342">
        <ele>958.2</ele>
        <time>2014-04-14T21:25:54Z</time>
        <sat>9</sat>
      </trkpt>
      <trkpt lat="40.622467" lon="-0.100491">
        <ele>957.9</ele>
        <time>2014-04-14T21:26:00Z</time>
        <sat>8</sat>
      </trkpt>
      <trkpt lat="40.622494" lon="-0.100648">
        <ele>957.4</ele>
        <time>2014-04-14T21:26:06Z</time>
        <sat>8</sat>
      </trkpt>
      <trkpt lat="40.622581" lon="-0.100769">
        <ele>956.6</ele>
        <time>2014-04-14T21:26:12Z</time>
        <sat>8</sat>
      </trkpt>
      <trkpt lat="40.622706" lon="-0.100811">
        <ele>956.1</ele>
        <time>2014-04-14T21:26:19Z</time>
        <sat>9</sat>
      </trkpt>
      <trkpt lat="40.622831" lon="-0.100826">
        <ele>955.0</ele>
        <time>2014-04-14T21:26:25Z</time>
        <sat>9</sat>
      </trkpt>
      <trkpt lat="40.622967" lon="-0.100804">
        <ele>954.6</ele>
        <time>2014-04-14T21:26:32Z</time>
        <sat>9</sat>
      </trkpt>
      <trkpt lat="40.623113" lon="-0.100761">
        <ele>953.5</ele>
        <time>2014-04-14T21:26:39Z</time>
        <sat>9</sat>
      </trkpt>
      <trkpt lat="40.623265" lon="-0.100718">
        <ele>952.9</ele>
        <time>2014-04-14T21:26:47Z</time>
        <sat>9</sat>
      </trkpt>
      <trkpt lat="40.623428" lon="-0.100661">
        <ele>951.1</ele>
        <time>2014-04-14T21:26:56Z</time>
        <sat>9</sat>
      </trkpt>
      <trkpt lat="40.623586" lon="-0.100587">
        <ele>949.6</ele>
        <time>2014-04-14T21:27:04Z</time>
        <sat>9</sat>
      </trkpt>
      <trkpt lat="40.623739" lon="-0.100533">
        <ele>948.4</ele>
        <time>2014-04-14T21:27:12Z</time>
        <sat>9</sat>
      </trkpt>
      <trkpt lat="40.623877" lon="-0.100471">
        <ele>947.1</ele>
        <time>2014-04-14T21:27:19Z</time>
        <sat>9</sat>
      </trkpt>
      <trkpt lat="40.623877" lon="-0.100471">
        <ele>947.1</ele>
        <time>2014-04-14T21:27:19Z</time>
        <sat>9</sat>
      </trkpt>
      <trkpt lat="40.623929" lon="-0.100599">
        <ele>947.1</ele>
        <time>2014-04-14T21:27:25Z</time>
        <sat>9</sat>
      </trkpt>
      <trkpt lat="40.624091" lon="-0.100597">
        <ele>945.6</ele>
        <time>2014-04-14T21:27:33Z</time>
        <sat>8</sat>
      </trkpt>
      <trkpt lat="40.624184" lon="-0.100576">
        <ele>944.9</ele>
        <time>2014-04-14T21:27:38Z</time>
        <sat>7</sat>
      </trkpt>
      <trkpt lat="40.624299" lon="-0.100501">
        <ele>944.7</ele>
        <time>2014-04-14T21:27:44Z</time>
        <sat>7</sat>
      </trkpt>
      <trkpt lat="40.624397" lon="-0.100472">
        <ele>944.5</ele>
        <time>2014-04-14T21:27:49Z</time>
        <sat>6</sat>
      </trkpt>
      <trkpt lat="40.624389" lon="-0.100603">
        <ele>941.3</ele>
        <time>2014-04-14T21:27:54Z</time>
        <sat>7</sat>
      </trkpt>
      <trkpt lat="40.624432" lon="-0.100738">
        <ele>938.5</ele>
        <time>2014-04-14T21:28:00Z</time>
        <sat>7</sat>
      </trkpt>
      <trkpt lat="40.624471" lon="-0.100846">
        <ele>936.5</ele>
        <time>2014-04-14T21:28:04Z</time>
        <sat>8</sat>
      </trkpt>
      <trkpt lat="40.624559" lon="-0.100937">
        <ele>934.8</ele>
        <time>2014-04-14T21:28:10Z</time>
        <sat>8</sat>
      </trkpt>
      <trkpt lat="40.624651" lon="-0.100989">
        <ele>933.0</ele>
        <time>2014-04-14T21:28:15Z</time>
        <sat>8</sat>
      </trkpt>
      <trkpt lat="40.624745" lon="-0.101029">
        <ele>930.8</ele>
        <time>2014-04-14T21:28:20Z</time>
        <sat>9</sat>
      </trkpt>
      <trkpt lat="40.624940" lon="-0.101056">
        <ele>926.4</ele>
        <time>2014-04-14T21:28:30Z</time>
        <sat>9</sat>
      </trkpt>
      <trkpt lat="40.625060" lon="-0.101036">
        <ele>923.6</ele>
        <time>2014-04-14T21:28:36Z</time>
        <sat>9</sat>
      </trkpt>
      <trkpt lat="40.625205" lon="-0.101017">
        <ele>920.5</ele>
        <time>2014-04-14T21:28:43Z</time>
        <sat>7</sat>
      </trkpt>
      <trkpt lat="40.625326" lon="-0.101008">
        <ele>919.0</ele>
        <time>2014-04-14T21:28:49Z</time>
        <sat>8</sat>
      </trkpt>
      <trkpt lat="40.625448" lon="-0.101012">
        <ele>917.0</ele>
        <time>2014-04-14T21:28:55Z</time>
        <sat>8</sat>
      </trkpt>
      <trkpt lat="40.625564" lon="-0.101046">
        <ele>915.3</ele>
        <time>2014-04-14T21:29:01Z</time>
        <sat>9</sat>
      </trkpt>
      <trkpt lat="40.625698" lon="-0.101080">
        <ele>913.1</ele>
        <time>2014-04-14T21:29:08Z</time>
        <sat>9</sat>
      </trkpt>
      <trkpt lat="40.625791" lon="-0.101107">
        <ele>911.7</ele>
        <time>2014-04-14T21:29:13Z</time>
        <sat>9</sat>
      </trkpt>
      <trkpt lat="40.625915" lon="-0.101179">
        <ele>911.1</ele>
        <time>2014-04-14T21:29:19Z</time>
        <sat>9</sat>
      </trkpt>
      <trkpt lat="40.625999" lon="-0.101224">
        <ele>911.5</ele>
        <time>2014-04-14T21:29:24Z</time>
        <sat>8</sat>
      </trkpt>
      <trkpt lat="40.626083" lon="-0.101285">
        <ele>910.2</ele>
        <time>2014-04-14T21:29:29Z</time>
        <sat>8</sat>
      </trkpt>
      <trkpt lat="40.626171" lon="-0.101330">
        <ele>909.3</ele>
        <time>2014-04-14T21:29:33Z</time>
        <sat>8</sat>
      </trkpt>
      <trkpt lat="40.626294" lon="-0.101380">
        <ele>909.1</ele>
        <time>2014-04-14T21:29:40Z</time>
        <sat>8</sat>
      </trkpt>
      <trkpt lat="40.626350" lon="-0.101423">
        <ele>909.0</ele>
        <time>2014-04-14T21:29:43Z</time>
        <sat>8</sat>
      </trkpt>
      <trkpt lat="40.626459" lon="-0.101448">
        <ele>907.5</ele>
        <time>2014-04-14T21:29:49Z</time>
        <sat>8</sat>
      </trkpt>
      <trkpt lat="40.626572" lon="-0.101464">
        <ele>905.9</ele>
        <time>2014-04-14T21:29:54Z</time>
        <sat>8</sat>
      </trkpt>
      <trkpt lat="40.626677" lon="-0.101483">
        <ele>904.0</ele>
        <time>2014-04-14T21:30:00Z</time>
        <sat>8</sat>
      </trkpt>
      <trkpt lat="40.626784" lon="-0.101508">
        <ele>903.0</ele>
        <time>2014-04-14T21:30:05Z</time>
        <sat>8</sat>
      </trkpt>
      <trkpt lat="40.626901" lon="-0.101524">
        <ele>903.2</ele>
        <time>2014-04-14T21:30:11Z</time>
        <sat>8</sat>
      </trkpt>
      <trkpt lat="40.626996" lon="-0.101540">
        <ele>902.4</ele>
        <time>2014-04-14T21:30:16Z</time>
        <sat>9</sat>
      </trkpt>
      <trkpt lat="40.627095" lon="-0.101601">
        <ele>901.8</ele>
        <time>2014-04-14T21:30:21Z</time>
        <sat>9</sat>
      </trkpt>
      <trkpt lat="40.627180" lon="-0.101670">
        <ele>904.7</ele>
        <time>2014-04-14T21:30:26Z</time>
        <sat>9</sat>
      </trkpt>
      <trkpt lat="40.627237" lon="-0.101796">
        <ele>902.6</ele>
        <time>2014-04-14T21:30:32Z</time>
        <sat>9</sat>
      </trkpt>
      <trkpt lat="40.627271" lon="-0.101961">
        <ele>899.5</ele>
        <time>2014-04-14T21:30:38Z</time>
        <sat>10</sat>
      </trkpt>
      <trkpt lat="40.627357" lon="-0.102079">
        <ele>897.9</ele>
        <time>2014-04-14T21:30:45Z</time>
        <sat>9</sat>
      </trkpt>
      <trkpt lat="40.627461" lon="-0.102052">
        <ele>901.2</ele>
        <time>2014-04-14T21:30:50Z</time>
        <sat>9</sat>
      </trkpt>
      <trkpt lat="40.627557" lon="-0.102092">
        <ele>900.8</ele>
        <time>2014-04-14T21:30:55Z</time>
        <sat>8</sat>
      </trkpt>
      <trkpt lat="40.627661" lon="-0.102117">
        <ele>899.8</ele>
        <time>2014-04-14T21:31:00Z</time>
        <sat>9</sat>
      </trkpt>
      <trkpt lat="40.627779" lon="-0.102124">
        <ele>899.9</ele>
        <time>2014-04-14T21:31:06Z</time>
        <sat>9</sat>
      </trkpt>
      <trkpt lat="40.627871" lon="-0.102122">
        <ele>899.1</ele>
        <time>2014-04-14T21:31:11Z</time>
        <sat>9</sat>
      </trkpt>
      <trkpt lat="40.627966" lon="-0.102119">
        <ele>898.4</ele>
        <time>2014-04-14T21:31:15Z</time>
        <sat>9</sat>
      </trkpt>
      <trkpt lat="40.628084" lon="-0.102095">
        <ele>898.1</ele>
        <time>2014-04-14T21:31:21Z</time>
        <sat>9</sat>
      </trkpt>
      <trkpt lat="40.628189" lon="-0.102054">
        <ele>898.4</ele>
        <time>2014-04-14T21:31:27Z</time>
        <sat>9</sat>
      </trkpt>
      <trkpt lat="40.628279" lon="-0.102002">
        <ele>899.1</ele>
        <time>2014-04-14T21:31:32Z</time>
        <sat>10</sat>
      </trkpt>
      <trkpt lat="40.628376" lon="-0.101936">
        <ele>899.7</ele>
        <time>2014-04-14T21:31:37Z</time>
        <sat>10</sat>
      </trkpt>
      <trkpt lat="40.628481" lon="-0.101892">
        <ele>900.5</ele>
        <time>2014-04-14T21:31:43Z</time>
        <sat>10</sat>
      </trkpt>
      <trkpt lat="40.628586" lon="-0.101861">
        <ele>900.9</ele>
        <time>2014-04-14T21:31:48Z</time>
        <sat>10</sat>
      </trkpt>
      <trkpt lat="40.628692" lon="-0.101883">
        <ele>900.1</ele>
        <time>2014-04-14T21:31:54Z</time>
        <sat>10</sat>
      </trkpt>
      <trkpt lat="40.628794" lon="-0.101912">
        <ele>899.1</ele>
        <time>2014-04-14T21:31:59Z</time>
        <sat>10</sat>
      </trkpt>
      <trkpt lat="40.628886" lon="-0.101906">
        <ele>898.4</ele>
        <time>2014-04-14T21:32:03Z</time>
        <sat>10</sat>
      </trkpt>
      <trkpt lat="40.628989" lon="-0.101870">
        <ele>897.0</ele>
        <time>2014-04-14T21:32:09Z</time>
        <sat>10</sat>
      </trkpt>
      <trkpt lat="40.629106" lon="-0.101921">
        <ele>892.9</ele>
        <time>2014-04-14T21:32:15Z</time>
        <sat>10</sat>
      </trkpt>
      <trkpt lat="40.629217" lon="-0.101883">
        <ele>890.3</ele>
        <time>2014-04-14T21:32:21Z</time>
        <sat>10</sat>
      </trkpt>
      <trkpt lat="40.629319" lon="-0.101827">
        <ele>889.4</ele>
        <time>2014-04-14T21:32:26Z</time>
        <sat>10</sat>
      </trkpt>
      <trkpt lat="40.629412" lon="-0.101799">
        <ele>889.2</ele>
        <time>2014-04-14T21:32:31Z</time>
        <sat>10</sat>
      </trkpt>
      <trkpt lat="40.629506" lon="-0.101775">
        <ele>889.1</ele>
        <time>2014-04-14T21:32:36Z</time>
        <sat>9</sat>
      </trkpt>
      <trkpt lat="40.629604" lon="-0.101770">
        <ele>888.5</ele>
        <time>2014-04-14T21:32:41Z</time>
        <sat>8</sat>
      </trkpt>
      <trkpt lat="40.629725" lon="-0.101769">
        <ele>886.5</ele>
        <time>2014-04-14T21:32:47Z</time>
        <sat>9</sat>
      </trkpt>
      <trkpt lat="40.629839" lon="-0.101746">
        <ele>883.8</ele>
        <time>2014-04-14T21:32:52Z</time>
        <sat>10</sat>
      </trkpt>
      <trkpt lat="40.629926" lon="-0.101701">
        <ele>882.0</ele>
        <time>2014-04-14T21:32:57Z</time>
        <sat>9</sat>
      </trkpt>
      <trkpt lat="40.630006" lon="-0.101582">
        <ele>881.2</ele>
        <time>2014-04-14T21:33:03Z</time>
        <sat>10</sat>
      </trkpt>
      <trkpt lat="40.630064" lon="-0.101462">
        <ele>880.3</ele>
        <time>2014-04-14T21:33:09Z</time>
        <sat>10</sat>
      </trkpt>
      <trkpt lat="40.630141" lon="-0.101329">
        <ele>879.6</ele>
        <time>2014-04-14T21:33:15Z</time>
        <sat>10</sat>
      </trkpt>
      <trkpt lat="40.630221" lon="-0.101234">
        <ele>880.4</ele>
        <time>2014-04-14T21:33:20Z</time>
        <sat>10</sat>
      </trkpt>
      <trkpt lat="40.630327" lon="-0.101234">
        <ele>879.6</ele>
        <time>2014-04-14T21:33:26Z</time>
        <sat>10</sat>
      </trkpt>
      <trkpt lat="40.630426" lon="-0.101276">
        <ele>883.6</ele>
        <time>2014-04-14T21:33:31Z</time>
        <sat>10</sat>
      </trkpt>
      <trkpt lat="40.630496" lon="-0.101352">
        <ele>885.6</ele>
        <time>2014-04-14T21:33:35Z</time>
        <sat>10</sat>
      </trkpt>
      <trkpt lat="40.630546" lon="-0.101457">
        <ele>886.4</ele>
        <time>2014-04-14T21:33:40Z</time>
        <sat>10</sat>
      </trkpt>
      <trkpt lat="40.630587" lon="-0.101582">
        <ele>887.0</ele>
        <time>2014-04-14T21:33:45Z</time>
        <sat>10</sat>
      </trkpt>
      <trkpt lat="40.630594" lon="-0.101709">
        <ele>887.4</ele>
        <time>2014-04-14T21:33:50Z</time>
        <sat>10</sat>
      </trkpt>
      <trkpt lat="40.630601" lon="-0.101836">
        <ele>888.2</ele>
        <time>2014-04-14T21:33:55Z</time>
        <sat>10</sat>
      </trkpt>
      <trkpt lat="40.630607" lon="-0.101954">
        <ele>889.6</ele>
        <time>2014-04-14T21:33:59Z</time>
        <sat>10</sat>
      </trkpt>
      <trkpt lat="40.630694" lon="-0.102007">
        <ele>890.6</ele>
        <time>2014-04-14T21:34:04Z</time>
        <sat>10</sat>
      </trkpt>
      <trkpt lat="40.630791" lon="-0.102036">
        <ele>890.5</ele>
        <time>2014-04-14T21:34:09Z</time>
        <sat>10</sat>
      </trkpt>
      <trkpt lat="40.630877" lon="-0.102086">
        <ele>892.1</ele>
        <time>2014-04-14T21:34:14Z</time>
        <sat>10</sat>
      </trkpt>
      <trkpt lat="40.630941" lon="-0.102171">
        <ele>892.7</ele>
        <time>2014-04-14T21:34:18Z</time>
        <sat>10</sat>
      </trkpt>
      <trkpt lat="40.631032" lon="-0.102242">
        <ele>892.5</ele>
        <time>2014-04-14T21:34:24Z</time>
        <sat>10</sat>
      </trkpt>
      <trkpt lat="40.631121" lon="-0.102294">
        <ele>892.2</ele>
        <time>2014-04-14T21:34:29Z</time>
        <sat>10</sat>
      </trkpt>
      <trkpt lat="40.631226" lon="-0.102324">
        <ele>892.5</ele>
        <time>2014-04-14T21:34:34Z</time>
        <sat>10</sat>
      </trkpt>
      <trkpt lat="40.631315" lon="-0.102347">
        <ele>892.8</ele>
        <time>2014-04-14T21:34:38Z</time>
        <sat>10</sat>
      </trkpt>
      <trkpt lat="40.631421" lon="-0.102386">
        <ele>893.2</ele>
        <time>2014-04-14T21:34:44Z</time>
        <sat>9</sat>
      </trkpt>
      <trkpt lat="40.631524" lon="-0.102437">
        <ele>893.5</ele>
        <time>2014-04-14T21:34:49Z</time>
        <sat>9</sat>
      </trkpt>
      <trkpt lat="40.631609" lon="-0.102501">
        <ele>894.6</ele>
        <time>2014-04-14T21:34:54Z</time>
        <sat>9</sat>
      </trkpt>
      <trkpt lat="40.631702" lon="-0.102562">
        <ele>895.6</ele>
        <time>2014-04-14T21:35:00Z</time>
        <sat>9</sat>
      </trkpt>
      <trkpt lat="40.631799" lon="-0.102616">
        <ele>895.6</ele>
        <time>2014-04-14T21:35:05Z</time>
        <sat>9</sat>
      </trkpt>
      <trkpt lat="40.631799" lon="-0.102616">
        <ele>895.6</ele>
        <time>2014-04-14T21:35:05Z</time>
        <sat>9</sat>
      </trkpt>
      <trkpt lat="40.631904" lon="-0.102669">
        <ele>895.1</ele>
        <time>2014-04-14T21:35:10Z</time>
        <sat>9</sat>
      </trkpt>
      <trkpt lat="40.631989" lon="-0.102719">
        <ele>895.0</ele>
        <time>2014-04-14T21:35:15Z</time>
        <sat>9</sat>
      </trkpt>
      <trkpt lat="40.632064" lon="-0.102799">
        <ele>894.7</ele>
        <time>2014-04-14T21:35:20Z</time>
        <sat>9</sat>
      </trkpt>
      <trkpt lat="40.632134" lon="-0.102900">
        <ele>894.3</ele>
        <time>2014-04-14T21:35:25Z</time>
        <sat>9</sat>
      </trkpt>
      <trkpt lat="40.632179" lon="-0.103026">
        <ele>893.3</ele>
        <time>2014-04-14T21:35:30Z</time>
        <sat>9</sat>
      </trkpt>
      <trkpt lat="40.632149" lon="-0.103174">
        <ele>890.7</ele>
        <time>2014-04-14T21:35:36Z</time>
        <sat>9</sat>
      </trkpt>
      <trkpt lat="40.632076" lon="-0.103289">
        <ele>890.2</ele>
        <time>2014-04-14T21:35:42Z</time>
        <sat>10</sat>
      </trkpt>
      <trkpt lat="40.631989" lon="-0.103364">
        <ele>890.7</ele>
        <time>2014-04-14T21:35:47Z</time>
        <sat>10</sat>
      </trkpt>
      <trkpt lat="40.631911" lon="-0.103429">
        <ele>891.4</ele>
        <time>2014-04-14T21:35:52Z</time>
        <sat>10</sat>
      </trkpt>
      <trkpt lat="40.631814" lon="-0.103502">
        <ele>892.2</ele>
        <time>2014-04-14T21:35:57Z</time>
        <sat>10</sat>
      </trkpt>
      <trkpt lat="40.631712" lon="-0.103569">
        <ele>893.1</ele>
        <time>2014-04-14T21:36:03Z</time>
        <sat>10</sat>
      </trkpt>
      <trkpt lat="40.631609" lon="-0.103632">
        <ele>893.8</ele>
        <time>2014-04-14T21:36:09Z</time>
        <sat>10</sat>
      </trkpt>
      <trkpt lat="40.631502" lon="-0.103680">
        <ele>894.7</ele>
        <time>2014-04-14T21:36:14Z</time>
        <sat>10</sat>
      </trkpt>
      <trkpt lat="40.631396" lon="-0.103716">
        <ele>895.3</ele>
        <time>2014-04-14T21:36:20Z</time>
        <sat>10</sat>
      </trkpt>
      <trkpt lat="40.631286" lon="-0.103747">
        <ele>895.6</ele>
        <time>2014-04-14T21:36:25Z</time>
        <sat>10</sat>
      </trkpt>
      <trkpt lat="40.631176" lon="-0.103779">
        <ele>896.2</ele>
        <time>2014-04-14T21:36:31Z</time>
        <sat>10</sat>
      </trkpt>
      <trkpt lat="40.631064" lon="-0.103795">
        <ele>896.7</ele>
        <time>2014-04-14T21:36:37Z</time>
        <sat>10</sat>
      </trkpt>
      <trkpt lat="40.630952" lon="-0.103807">
        <ele>897.3</ele>
        <time>2014-04-14T21:36:42Z</time>
        <sat>10</sat>
      </trkpt>
      <trkpt lat="40.630839" lon="-0.103797">
        <ele>897.7</ele>
        <time>2014-04-14T21:36:48Z</time>
        <sat>10</sat>
      </trkpt>
      <trkpt lat="40.630724" lon="-0.103780">
        <ele>897.5</ele>
        <time>2014-04-14T21:36:54Z</time>
        <sat>10</sat>
      </trkpt>
      <trkpt lat="40.630612" lon="-0.103765">
        <ele>897.7</ele>
        <time>2014-04-14T21:36:59Z</time>
        <sat>10</sat>
      </trkpt>
      <trkpt lat="40.630502" lon="-0.103764">
        <ele>898.5</ele>
        <time>2014-04-14T21:37:05Z</time>
        <sat>10</sat>
      </trkpt>
      <trkpt lat="40.630396" lon="-0.103792">
        <ele>899.4</ele>
        <time>2014-04-14T21:37:10Z</time>
        <sat>10</sat>
      </trkpt>
      <trkpt lat="40.630309" lon="-0.103866">
        <ele>900.6</ele>
        <time>2014-04-14T21:37:16Z</time>
        <sat>10</sat>
      </trkpt>
      <trkpt lat="40.630244" lon="-0.103972">
        <ele>901.3</ele>
        <time>2014-04-14T21:37:21Z</time>
        <sat>10</sat>
      </trkpt>
      <trkpt lat="40.630184" lon="-0.104090">
        <ele>902.2</ele>
        <time>2014-04-14T21:37:26Z</time>
        <sat>10</sat>
      </trkpt>
      <trkpt lat="40.630152" lon="-0.104217">
        <ele>903.1</ele>
        <time>2014-04-14T21:37:31Z</time>
        <sat>10</sat>
      </trkpt>
      <trkpt lat="40.630156" lon="-0.104350">
        <ele>904.2</ele>
        <time>2014-04-14T21:37:36Z</time>
        <sat>10</sat>
      </trkpt>
      <trkpt lat="40.630178" lon="-0.104480">
        <ele>905.3</ele>
        <time>2014-04-14T21:37:41Z</time>
        <sat>10</sat>
      </trkpt>
      <trkpt lat="40.630217" lon="-0.104602">
        <ele>906.2</ele>
        <time>2014-04-14T21:37:46Z</time>
        <sat>10</sat>
      </trkpt>
      <trkpt lat="40.630266" lon="-0.104721">
        <ele>906.8</ele>
        <time>2014-04-14T21:37:51Z</time>
        <sat>10</sat>
      </trkpt>
      <trkpt lat="40.630319" lon="-0.104832">
        <ele>907.6</ele>
        <time>2014-04-14T21:37:56Z</time>
        <sat>10</sat>
      </trkpt>
      <trkpt lat="40.630374" lon="-0.104942">
        <ele>908.9</ele>
        <time>2014-04-14T21:38:01Z</time>
        <sat>10</sat>
      </trkpt>
      <trkpt lat="40.630428" lon="-0.105051">
        <ele>909.9</ele>
        <time>2014-04-14T21:38:06Z</time>
        <sat>10</sat>
      </trkpt>
      <trkpt lat="40.630481" lon="-0.105161">
        <ele>910.5</ele>
        <time>2014-04-14T21:38:11Z</time>
        <sat>10</sat>
      </trkpt>
      <trkpt lat="40.630530" lon="-0.105272">
        <ele>910.8</ele>
        <time>2014-04-14T21:38:16Z</time>
        <sat>10</sat>
      </trkpt>
      <trkpt lat="40.630584" lon="-0.105382">
        <ele>911.2</ele>
        <time>2014-04-14T21:38:21Z</time>
        <sat>10</sat>
      </trkpt>
      <trkpt lat="40.630634" lon="-0.105491">
        <ele>911.7</ele>
        <time>2014-04-14T21:38:26Z</time>
        <sat>10</sat>
      </trkpt>
      <trkpt lat="40.630684" lon="-0.105599">
        <ele>912.5</ele>
        <time>2014-04-14T21:38:31Z</time>
        <sat>10</sat>
      </trkpt>
      <trkpt lat="40.630734" lon="-0.105710">
        <ele>913.5</ele>
        <time>2014-04-14T21:38:36Z</time>
        <sat>10</sat>
      </trkpt>
      <trkpt lat="40.630787" lon="-0.105824">
        <ele>914.6</ele>
        <time>2014-04-14T21:38:41Z</time>
        <sat>10</sat>
      </trkpt>
      <trkpt lat="40.630847" lon="-0.105929">
        <ele>915.9</ele>
        <time>2014-04-14T21:38:46Z</time>
        <sat>10</sat>
      </trkpt>
      <trkpt lat="40.630919" lon="-0.106017">
        <ele>916.9</ele>
        <time>2014-04-14T21:38:51Z</time>
        <sat>10</sat>
      </trkpt>
      <trkpt lat="40.631001" lon="-0.106094">
        <ele>917.7</ele>
        <time>2014-04-14T21:38:56Z</time>
        <sat>10</sat>
      </trkpt>
      <trkpt lat="40.631084" lon="-0.106171">
        <ele>918.0</ele>
        <time>2014-04-14T21:39:01Z</time>
        <sat>10</sat>
      </trkpt>
      <trkpt lat="40.631167" lon="-0.106245">
        <ele>918.3</ele>
        <time>2014-04-14T21:39:06Z</time>
        <sat>10</sat>
      </trkpt>
      <trkpt lat="40.631251" lon="-0.106316">
        <ele>919.0</ele>
        <time>2014-04-14T21:39:11Z</time>
        <sat>10</sat>
      </trkpt>
      <trkpt lat="40.631334" lon="-0.106386">
        <ele>919.9</ele>
        <time>2014-04-14T21:39:16Z</time>
        <sat>10</sat>
      </trkpt>
      <trkpt lat="40.631413" lon="-0.106467">
        <ele>920.4</ele>
        <time>2014-04-14T21:39:21Z</time>
        <sat>10</sat>
      </trkpt>
      <trkpt lat="40.631482" lon="-0.106569">
        <ele>921.0</ele>
        <time>2014-04-14T21:39:26Z</time>
        <sat>10</sat>
      </trkpt>
      <trkpt lat="40.631529" lon="-0.106690">
        <ele>921.1</ele>
        <time>2014-04-14T21:39:31Z</time>
        <sat>9</sat>
      </trkpt>
      <trkpt lat="40.631564" lon="-0.106820">
        <ele>921.5</ele>
        <time>2014-04-14T21:39:36Z</time>
        <sat>10</sat>
      </trkpt>
      <trkpt lat="40.631596" lon="-0.106952">
        <ele>922.0</ele>
        <time>2014-04-14T21:39:42Z</time>
        <sat>10</sat>
      </trkpt>
      <trkpt lat="40.631624" lon="-0.107077">
        <ele>922.5</ele>
        <time>2014-04-14T21:39:47Z</time>
        <sat>10</sat>
      </trkpt>
      <trkpt lat="40.631652" lon="-0.107202">
        <ele>923.1</ele>
        <time>2014-04-14T21:39:52Z</time>
        <sat>10</sat>
      </trkpt>
      <trkpt lat="40.631692" lon="-0.107322">
        <ele>924.0</ele>
        <time>2014-04-14T21:39:56Z</time>
        <sat>10</sat>
      </trkpt>
      <trkpt lat="40.631756" lon="-0.107421">
        <ele>925.4</ele>
        <time>2014-04-14T21:40:01Z</time>
        <sat>10</sat>
      </trkpt>
      <trkpt lat="40.631864" lon="-0.107417">
        <ele>927.0</ele>
        <time>2014-04-14T21:40:07Z</time>
        <sat>10</sat>
      </trkpt>
      <trkpt lat="40.631912" lon="-0.107299">
        <ele>927.9</ele>
        <time>2014-04-14T21:40:12Z</time>
        <sat>10</sat>
      </trkpt>
      <trkpt lat="40.631907" lon="-0.107170">
        <ele>928.5</ele>
        <time>2014-04-14T21:40:17Z</time>
        <sat>10</sat>
      </trkpt>
      <trkpt lat="40.631881" lon="-0.107025">
        <ele>928.6</ele>
        <time>2014-04-14T21:40:22Z</time>
        <sat>10</sat>
      </trkpt>
      <trkpt lat="40.631857" lon="-0.106886">
        <ele>928.6</ele>
        <time>2014-04-14T21:40:28Z</time>
        <sat>10</sat>
      </trkpt>
      <trkpt lat="40.631831" lon="-0.106744">
        <ele>928.2</ele>
        <time>2014-04-14T21:40:33Z</time>
        <sat>10</sat>
      </trkpt>
      <trkpt lat="40.631804" lon="-0.106596">
        <ele>928.5</ele>
        <time>2014-04-14T21:40:39Z</time>
        <sat>10</sat>
      </trkpt>
      <trkpt lat="40.631776" lon="-0.106453">
        <ele>929.1</ele>
        <time>2014-04-14T21:40:45Z</time>
        <sat>10</sat>
      </trkpt>
      <trkpt lat="40.631751" lon="-0.106317">
        <ele>929.8</ele>
        <time>2014-04-14T21:40:50Z</time>
        <sat>10</sat>
      </trkpt>
      <trkpt lat="40.631722" lon="-0.106187">
        <ele>930.9</ele>
        <time>2014-04-14T21:40:55Z</time>
        <sat>9</sat>
      </trkpt>
      <trkpt lat="40.631687" lon="-0.106067">
        <ele>931.8</ele>
        <time>2014-04-14T21:41:00Z</time>
        <sat>9</sat>
      </trkpt>
      <trkpt lat="40.631640" lon="-0.105944">
        <ele>932.7</ele>
        <time>2014-04-14T21:41:05Z</time>
        <sat>9</sat>
      </trkpt>
      <trkpt lat="40.631584" lon="-0.105827">
        <ele>933.9</ele>
        <time>2014-04-14T21:41:11Z</time>
        <sat>9</sat>
      </trkpt>
      <trkpt lat="40.631528" lon="-0.105707">
        <ele>934.9</ele>
        <time>2014-04-14T21:41:16Z</time>
        <sat>9</sat>
      </trkpt>
      <trkpt lat="40.631474" lon="-0.105589">
        <ele>935.7</ele>
        <time>2014-04-14T21:41:21Z</time>
        <sat>9</sat>
      </trkpt>
      <trkpt lat="40.631414" lon="-0.105477">
        <ele>936.3</ele>
        <time>2014-04-14T21:41:26Z</time>
        <sat>10</sat>
      </trkpt>
      <trkpt lat="40.631361" lon="-0.105358">
        <ele>936.7</ele>
        <time>2014-04-14T21:41:32Z</time>
        <sat>9</sat>
      </trkpt>
      <trkpt lat="40.631318" lon="-0.105234">
        <ele>936.7</ele>
        <time>2014-04-14T21:41:37Z</time>
        <sat>10</sat>
      </trkpt>
      <trkpt lat="40.631292" lon="-0.105102">
        <ele>937.3</ele>
        <time>2014-04-14T21:41:42Z</time>
        <sat>10</sat>
      </trkpt>
      <trkpt lat="40.631332" lon="-0.104976">
        <ele>938.0</ele>
        <time>2014-04-14T21:41:47Z</time>
        <sat>10</sat>
      </trkpt>
      <trkpt lat="40.631425" lon="-0.104914">
        <ele>937.4</ele>
        <time>2014-04-14T21:41:52Z</time>
        <sat>10</sat>
      </trkpt>
      <trkpt lat="40.631534" lon="-0.104917">
        <ele>937.2</ele>
        <time>2014-04-14T21:41:58Z</time>
        <sat>10</sat>
      </trkpt>
      <trkpt lat="40.631640" lon="-0.104927">
        <ele>936.6</ele>
        <time>2014-04-14T21:42:03Z</time>
        <sat>10</sat>
      </trkpt>
      <trkpt lat="40.631746" lon="-0.104949">
        <ele>936.2</ele>
        <time>2014-04-14T21:42:09Z</time>
        <sat>10</sat>
      </trkpt>
      <trkpt lat="40.631850" lon="-0.104987">
        <ele>936.4</ele>
        <time>2014-04-14T21:42:14Z</time>
        <sat>10</sat>
      </trkpt>
      <trkpt lat="40.631956" lon="-0.105051">
        <ele>937.2</ele>
        <time>2014-04-14T21:42:20Z</time>
        <sat>10</sat>
      </trkpt>
      <trkpt lat="40.632051" lon="-0.105125">
        <ele>936.9</ele>
        <time>2014-04-14T21:42:25Z</time>
        <sat>10</sat>
      </trkpt>
      <trkpt lat="40.632139" lon="-0.105219">
        <ele>937.5</ele>
        <time>2014-04-14T21:42:31Z</time>
        <sat>10</sat>
      </trkpt>
      <trkpt lat="40.632208" lon="-0.105299">
        <ele>938.5</ele>
        <time>2014-04-14T21:42:36Z</time>
        <sat>10</sat>
      </trkpt>
      <trkpt lat="40.632289" lon="-0.105414">
        <ele>939.0</ele>
        <time>2014-04-14T21:42:42Z</time>
        <sat>10</sat>
      </trkpt>
      <trkpt lat="40.632356" lon="-0.105534">
        <ele>939.4</ele>
        <time>2014-04-14T21:42:47Z</time>
        <sat>10</sat>
      </trkpt>
      <trkpt lat="40.632397" lon="-0.105644">
        <ele>939.8</ele>
        <time>2014-04-14T21:42:52Z</time>
        <sat>10</sat>
      </trkpt>
      <trkpt lat="40.632444" lon="-0.105761">
        <ele>940.1</ele>
        <time>2014-04-14T21:42:57Z</time>
        <sat>10</sat>
      </trkpt>
      <trkpt lat="40.632486" lon="-0.105886">
        <ele>941.2</ele>
        <time>2014-04-14T21:43:02Z</time>
        <sat>10</sat>
      </trkpt>
      <trkpt lat="40.632533" lon="-0.106009">
        <ele>942.3</ele>
        <time>2014-04-14T21:43:07Z</time>
        <sat>10</sat>
      </trkpt>
      <trkpt lat="40.632574" lon="-0.106127">
        <ele>944.0</ele>
        <time>2014-04-14T21:43:12Z</time>
        <sat>10</sat>
      </trkpt>
      <trkpt lat="40.632612" lon="-0.106247">
        <ele>946.0</ele>
        <time>2014-04-14T21:43:17Z</time>
        <sat>10</sat>
      </trkpt>
      <trkpt lat="40.632654" lon="-0.106360">
        <ele>947.0</ele>
        <time>2014-04-14T21:43:22Z</time>
        <sat>10</sat>
      </trkpt>
      <trkpt lat="40.632702" lon="-0.106502">
        <ele>947.9</ele>
        <time>2014-04-14T21:43:28Z</time>
        <sat>10</sat>
      </trkpt>
      <trkpt lat="40.632739" lon="-0.106614">
        <ele>948.7</ele>
        <time>2014-04-14T21:43:32Z</time>
        <sat>9</sat>
      </trkpt>
      <trkpt lat="40.632781" lon="-0.106732">
        <ele>949.3</ele>
        <time>2014-04-14T21:43:37Z</time>
        <sat>10</sat>
      </trkpt>
      <trkpt lat="40.632819" lon="-0.106847">
        <ele>949.6</ele>
        <time>2014-04-14T21:43:42Z</time>
        <sat>10</sat>
      </trkpt>
      <trkpt lat="40.632869" lon="-0.106986">
        <ele>950.0</ele>
        <time>2014-04-14T21:43:48Z</time>
        <sat>10</sat>
      </trkpt>
      <trkpt lat="40.632914" lon="-0.107114">
        <ele>951.3</ele>
        <time>2014-04-14T21:43:53Z</time>
        <sat>10</sat>
      </trkpt>
      <trkpt lat="40.632964" lon="-0.107237">
        <ele>951.9</ele>
        <time>2014-04-14T21:43:59Z</time>
        <sat>9</sat>
      </trkpt>
      <trkpt lat="40.633024" lon="-0.107346">
        <ele>952.6</ele>
        <time>2014-04-14T21:44:04Z</time>
        <sat>9</sat>
      </trkpt>
      <trkpt lat="40.633092" lon="-0.107434">
        <ele>953.5</ele>
        <time>2014-04-14T21:44:09Z</time>
        <sat>9</sat>
      </trkpt>
      <trkpt lat="40.633172" lon="-0.107515">
        <ele>954.0</ele>
        <time>2014-04-14T21:44:14Z</time>
        <sat>9</sat>
      </trkpt>
      <trkpt lat="40.633264" lon="-0.107602">
        <ele>954.6</ele>
        <time>2014-04-14T21:44:19Z</time>
        <sat>9</sat>
      </trkpt>
      <trkpt lat="40.633347" lon="-0.107685">
        <ele>954.8</ele>
        <time>2014-04-14T21:44:25Z</time>
        <sat>9</sat>
      </trkpt>
      <trkpt lat="40.633430" lon="-0.107766">
        <ele>955.3</ele>
        <time>2014-04-14T21:44:30Z</time>
        <sat>9</sat>
      </trkpt>
      <trkpt lat="40.633511" lon="-0.107850">
        <ele>955.9</ele>
        <time>2014-04-14T21:44:35Z</time>
        <sat>9</sat>
      </trkpt>
      <trkpt lat="40.633587" lon="-0.107935">
        <ele>956.6</ele>
        <time>2014-04-14T21:44:40Z</time>
        <sat>9</sat>
      </trkpt>
      <trkpt lat="40.633662" lon="-0.108009">
        <ele>957.4</ele>
        <time>2014-04-14T21:44:45Z</time>
        <sat>10</sat>
      </trkpt>
      <trkpt lat="40.633739" lon="-0.108084">
        <ele>958.3</ele>
        <time>2014-04-14T21:44:49Z</time>
        <sat>10</sat>
      </trkpt>
      <trkpt lat="40.633817" lon="-0.108167">
        <ele>959.0</ele>
        <time>2014-04-14T21:44:54Z</time>
        <sat>9</sat>
      </trkpt>
      <trkpt lat="40.633897" lon="-0.108254">
        <ele>959.7</ele>
        <time>2014-04-14T21:44:59Z</time>
        <sat>9</sat>
      </trkpt>
      <trkpt lat="40.633972" lon="-0.108355">
        <ele>960.3</ele>
        <time>2014-04-14T21:45:05Z</time>
        <sat>9</sat>
      </trkpt>
      <trkpt lat="40.634022" lon="-0.108480">
        <ele>960.7</ele>
        <time>2014-04-14T21:45:10Z</time>
        <sat>9</sat>
      </trkpt>
      <trkpt lat="40.634054" lon="-0.108611">
        <ele>961.2</ele>
        <time>2014-04-14T21:45:15Z</time>
        <sat>9</sat>
      </trkpt>
      <trkpt lat="40.634076" lon="-0.108757">
        <ele>962.1</ele>
        <time>2014-04-14T21:45:21Z</time>
        <sat>10</sat>
      </trkpt>
      <trkpt lat="40.634097" lon="-0.108904">
        <ele>963.2</ele>
        <time>2014-04-14T21:45:27Z</time>
        <sat>10</sat>
      </trkpt>
      <trkpt lat="40.634137" lon="-0.109040">
        <ele>964.7</ele>
        <time>2014-04-14T21:45:32Z</time>
        <sat>10</sat>
      </trkpt>
      <trkpt lat="40.634205" lon="-0.109140">
        <ele>965.2</ele>
        <time>2014-04-14T21:45:37Z</time>
        <sat>9</sat>
      </trkpt>
      <trkpt lat="40.634286" lon="-0.109227">
        <ele>965.4</ele>
        <time>2014-04-14T21:45:43Z</time>
        <sat>9</sat>
      </trkpt>
      <trkpt lat="40.634372" lon="-0.109312">
        <ele>965.8</ele>
        <time>2014-04-14T21:45:48Z</time>
        <sat>9</sat>
      </trkpt>
      <trkpt lat="40.634455" lon="-0.109389">
        <ele>966.8</ele>
        <time>2014-04-14T21:45:53Z</time>
        <sat>9</sat>
      </trkpt>
      <trkpt lat="40.634539" lon="-0.109465">
        <ele>967.6</ele>
        <time>2014-04-14T21:45:58Z</time>
        <sat>9</sat>
      </trkpt>
      <trkpt lat="40.634621" lon="-0.109544">
        <ele>968.5</ele>
        <time>2014-04-14T21:46:03Z</time>
        <sat>9</sat>
      </trkpt>
      <trkpt lat="40.634704" lon="-0.109625">
        <ele>969.3</ele>
        <time>2014-04-14T21:46:08Z</time>
        <sat>9</sat>
      </trkpt>
      <trkpt lat="40.634790" lon="-0.109704">
        <ele>969.9</ele>
        <time>2014-04-14T21:46:14Z</time>
        <sat>9</sat>
      </trkpt>
      <trkpt lat="40.634881" lon="-0.109779">
        <ele>970.5</ele>
        <time>2014-04-14T21:46:19Z</time>
        <sat>9</sat>
      </trkpt>
      <trkpt lat="40.634977" lon="-0.109842">
        <ele>971.7</ele>
        <time>2014-04-14T21:46:24Z</time>
        <sat>9</sat>
      </trkpt>
      <trkpt lat="40.635069" lon="-0.109917">
        <ele>972.8</ele>
        <time>2014-04-14T21:46:30Z</time>
        <sat>9</sat>
      </trkpt>
      <trkpt lat="40.635152" lon="-0.110021">
        <ele>973.1</ele>
        <time>2014-04-14T21:46:36Z</time>
        <sat>9</sat>
      </trkpt>
      <trkpt lat="40.635225" lon="-0.110130">
        <ele>973.2</ele>
        <time>2014-04-14T21:46:41Z</time>
        <sat>9</sat>
      </trkpt>
      <trkpt lat="40.635284" lon="-0.110255">
        <ele>973.1</ele>
        <time>2014-04-14T21:46:47Z</time>
        <sat>9</sat>
      </trkpt>
      <trkpt lat="40.635316" lon="-0.110392">
        <ele>973.2</ele>
        <time>2014-04-14T21:46:52Z</time>
        <sat>9</sat>
      </trkpt>
      <trkpt lat="40.635344" lon="-0.110520">
        <ele>974.1</ele>
        <time>2014-04-14T21:46:57Z</time>
        <sat>9</sat>
      </trkpt>
      <trkpt lat="40.635402" lon="-0.110629">
        <ele>974.8</ele>
        <time>2014-04-14T21:47:02Z</time>
        <sat>9</sat>
      </trkpt>
      <trkpt lat="40.635487" lon="-0.110707">
        <ele>975.7</ele>
        <time>2014-04-14T21:47:07Z</time>
        <sat>9</sat>
      </trkpt>
      <trkpt lat="40.635584" lon="-0.110754">
        <ele>976.2</ele>
        <time>2014-04-14T21:47:13Z</time>
        <sat>9</sat>
      </trkpt>
      <trkpt lat="40.635684" lon="-0.110793">
        <ele>976.5</ele>
        <time>2014-04-14T21:47:18Z</time>
        <sat>9</sat>
      </trkpt>
      <trkpt lat="40.635782" lon="-0.110832">
        <ele>977.9</ele>
        <time>2014-04-14T21:47:23Z</time>
        <sat>9</sat>
      </trkpt>
      <trkpt lat="40.635879" lon="-0.110892">
        <ele>978.9</ele>
        <time>2014-04-14T21:47:28Z</time>
        <sat>9</sat>
      </trkpt>
      <trkpt lat="40.635966" lon="-0.110980">
        <ele>979.0</ele>
        <time>2014-04-14T21:47:34Z</time>
        <sat>9</sat>
      </trkpt>
      <trkpt lat="40.636034" lon="-0.111090">
        <ele>979.3</ele>
        <time>2014-04-14T21:47:39Z</time>
        <sat>10</sat>
      </trkpt>
      <trkpt lat="40.636091" lon="-0.111200">
        <ele>980.2</ele>
        <time>2014-04-14T21:47:44Z</time>
        <sat>10</sat>
      </trkpt>
      <trkpt lat="40.636125" lon="-0.111329">
        <ele>980.6</ele>
        <time>2014-04-14T21:47:49Z</time>
        <sat>10</sat>
      </trkpt>
      <trkpt lat="40.636105" lon="-0.111480">
        <ele>979.3</ele>
        <time>2014-04-14T21:47:55Z</time>
        <sat>10</sat>
      </trkpt>
      <trkpt lat="40.636025" lon="-0.111583">
        <ele>979.5</ele>
        <time>2014-04-14T21:48:01Z</time>
        <sat>10</sat>
      </trkpt>
      <trkpt lat="40.635930" lon="-0.111644">
        <ele>980.2</ele>
        <time>2014-04-14T21:48:06Z</time>
        <sat>10</sat>
      </trkpt>
      <trkpt lat="40.635837" lon="-0.111715">
        <ele>981.0</ele>
        <time>2014-04-14T21:48:11Z</time>
        <sat>10</sat>
      </trkpt>
      <trkpt lat="40.635765" lon="-0.111834">
        <ele>981.7</ele>
        <time>2014-04-14T21:48:17Z</time>
        <sat>10</sat>
      </trkpt>
      <trkpt lat="40.635737" lon="-0.111975">
        <ele>982.5</ele>
        <time>2014-04-14T21:48:23Z</time>
        <sat>10</sat>
      </trkpt>
      <trkpt lat="40.635738" lon="-0.112119">
        <ele>983.6</ele>
        <time>2014-04-14T21:48:28Z</time>
        <sat>10</sat>
      </trkpt>
      <trkpt lat="40.635767" lon="-0.112253">
        <ele>984.5</ele>
        <time>2014-04-14T21:48:34Z</time>
        <sat>10</sat>
      </trkpt>
      <trkpt lat="40.635810" lon="-0.112385">
        <ele>985.2</ele>
        <time>2014-04-14T21:48:39Z</time>
        <sat>10</sat>
      </trkpt>
      <trkpt lat="40.635864" lon="-0.112515">
        <ele>986.0</ele>
        <time>2014-04-14T21:48:45Z</time>
        <sat>10</sat>
      </trkpt>
      <trkpt lat="40.635919" lon="-0.112644">
        <ele>987.0</ele>
        <time>2014-04-14T21:48:50Z</time>
        <sat>10</sat>
      </trkpt>
      <trkpt lat="40.635969" lon="-0.112772">
        <ele>987.8</ele>
        <time>2014-04-14T21:48:56Z</time>
        <sat>10</sat>
      </trkpt>
      <trkpt lat="40.636017" lon="-0.112905">
        <ele>988.4</ele>
        <time>2014-04-14T21:49:01Z</time>
        <sat>10</sat>
      </trkpt>
      <trkpt lat="40.636051" lon="-0.113018">
        <ele>988.9</ele>
        <time>2014-04-14T21:49:06Z</time>
        <sat>10</sat>
      </trkpt>
      <trkpt lat="40.636071" lon="-0.113141">
        <ele>988.8</ele>
        <time>2014-04-14T21:49:11Z</time>
        <sat>10</sat>
      </trkpt>
      <trkpt lat="40.636081" lon="-0.113262">
        <ele>989.1</ele>
        <time>2014-04-14T21:49:15Z</time>
        <sat>10</sat>
      </trkpt>
      <trkpt lat="40.636087" lon="-0.113389">
        <ele>989.6</ele>
        <time>2014-04-14T21:49:20Z</time>
        <sat>10</sat>
      </trkpt>
      <trkpt lat="40.636094" lon="-0.113509">
        <ele>990.2</ele>
        <time>2014-04-14T21:49:25Z</time>
        <sat>10</sat>
      </trkpt>
      <trkpt lat="40.636102" lon="-0.113654">
        <ele>991.1</ele>
        <time>2014-04-14T21:49:30Z</time>
        <sat>10</sat>
      </trkpt>
      <trkpt lat="40.636109" lon="-0.113805">
        <ele>991.3</ele>
        <time>2014-04-14T21:49:36Z</time>
        <sat>10</sat>
      </trkpt>
      <trkpt lat="40.636119" lon="-0.113957">
        <ele>991.5</ele>
        <time>2014-04-14T21:49:42Z</time>
        <sat>10</sat>
      </trkpt>
      <trkpt lat="40.636127" lon="-0.114105">
        <ele>991.9</ele>
        <time>2014-04-14T21:49:47Z</time>
        <sat>10</sat>
      </trkpt>
      <trkpt lat="40.636135" lon="-0.114255">
        <ele>992.6</ele>
        <time>2014-04-14T21:49:53Z</time>
        <sat>10</sat>
      </trkpt>
      <trkpt lat="40.636142" lon="-0.114399">
        <ele>993.4</ele>
        <time>2014-04-14T21:49:59Z</time>
        <sat>10</sat>
      </trkpt>
      <trkpt lat="40.636149" lon="-0.114540">
        <ele>994.2</ele>
        <time>2014-04-14T21:50:04Z</time>
        <sat>10</sat>
      </trkpt>
      <trkpt lat="40.636161" lon="-0.114682">
        <ele>994.5</ele>
        <time>2014-04-14T21:50:09Z</time>
        <sat>10</sat>
      </trkpt>
      <trkpt lat="40.636174" lon="-0.114826">
        <ele>994.7</ele>
        <time>2014-04-14T21:50:15Z</time>
        <sat>10</sat>
      </trkpt>
      <trkpt lat="40.636177" lon="-0.114967">
        <ele>994.7</ele>
        <time>2014-04-14T21:50:20Z</time>
        <sat>10</sat>
      </trkpt>
      <trkpt lat="40.636177" lon="-0.114967">
        <ele>994.7</ele>
        <time>2014-04-14T21:50:20Z</time>
        <sat>10</sat>
      </trkpt>
      <trkpt lat="40.636164" lon="-0.115091">
        <ele>994.8</ele>
        <time>2014-04-14T21:50:25Z</time>
        <sat>10</sat>
      </trkpt>
      <trkpt lat="40.636129" lon="-0.115221">
        <ele>995.7</ele>
        <time>2014-04-14T21:50:30Z</time>
        <sat>10</sat>
      </trkpt>
      <trkpt lat="40.636086" lon="-0.115336">
        <ele>996.8</ele>
        <time>2014-04-14T21:50:35Z</time>
        <sat>10</sat>
      </trkpt>
      <trkpt lat="40.636025" lon="-0.115429">
        <ele>997.8</ele>
        <time>2014-04-14T21:50:40Z</time>
        <sat>10</sat>
      </trkpt>
      <trkpt lat="40.635947" lon="-0.115519">
        <ele>998.6</ele>
        <time>2014-04-14T21:50:45Z</time>
        <sat>10</sat>
      </trkpt>
      <trkpt lat="40.635875" lon="-0.115612">
        <ele>999.6</ele>
        <time>2014-04-14T21:50:50Z</time>
        <sat>10</sat>
      </trkpt>
      <trkpt lat="40.635807" lon="-0.115709">
        <ele>1001.1</ele>
        <time>2014-04-14T21:50:55Z</time>
        <sat>10</sat>
      </trkpt>
      <trkpt lat="40.635741" lon="-0.115817">
        <ele>1002.5</ele>
        <time>2014-04-14T21:51:00Z</time>
        <sat>10</sat>
      </trkpt>
      <trkpt lat="40.635676" lon="-0.115927">
        <ele>1003.5</ele>
        <time>2014-04-14T21:51:06Z</time>
        <sat>10</sat>
      </trkpt>
      <trkpt lat="40.635607" lon="-0.116034">
        <ele>1004.5</ele>
        <time>2014-04-14T21:51:11Z</time>
        <sat>10</sat>
      </trkpt>
      <trkpt lat="40.635537" lon="-0.116127">
        <ele>1005.6</ele>
        <time>2014-04-14T21:51:16Z</time>
        <sat>10</sat>
      </trkpt>
      <trkpt lat="40.635456" lon="-0.116207">
        <ele>1006.3</ele>
        <time>2014-04-14T21:51:21Z</time>
        <sat>10</sat>
      </trkpt>
      <trkpt lat="40.635377" lon="-0.116289">
        <ele>1007.1</ele>
        <time>2014-04-14T21:51:26Z</time>
        <sat>10</sat>
      </trkpt>
      <trkpt lat="40.635301" lon="-0.116369">
        <ele>1008.0</ele>
        <time>2014-04-14T21:51:31Z</time>
        <sat>10</sat>
      </trkpt>
      <trkpt lat="40.635222" lon="-0.116451">
        <ele>1010.6</ele>
        <time>2014-04-14T21:51:36Z</time>
        <sat>10</sat>
      </trkpt>
      <trkpt lat="40.635147" lon="-0.116529">
        <ele>1013.0</ele>
        <time>2014-04-14T21:51:41Z</time>
        <sat>10</sat>
      </trkpt>
      <trkpt lat="40.635061" lon="-0.116609">
        <ele>1013.7</ele>
        <time>2014-04-14T21:51:46Z</time>
        <sat>10</sat>
      </trkpt>
      <trkpt lat="40.634983" lon="-0.116674">
        <ele>1014.3</ele>
        <time>2014-04-14T21:51:51Z</time>
        <sat>10</sat>
      </trkpt>
      <trkpt lat="40.634912" lon="-0.116751">
        <ele>1014.2</ele>
        <time>2014-04-14T21:51:55Z</time>
        <sat>10</sat>
      </trkpt>
      <trkpt lat="40.634834" lon="-0.116829">
        <ele>1013.0</ele>
        <time>2014-04-14T21:52:00Z</time>
        <sat>10</sat>
      </trkpt>
      <trkpt lat="40.634759" lon="-0.116937">
        <ele>1013.5</ele>
        <time>2014-04-14T21:52:06Z</time>
        <sat>10</sat>
      </trkpt>
      <trkpt lat="40.634709" lon="-0.117038">
        <ele>1014.2</ele>
        <time>2014-04-14T21:52:10Z</time>
        <sat>10</sat>
      </trkpt>
      <trkpt lat="40.634651" lon="-0.117174">
        <ele>1014.3</ele>
        <time>2014-04-14T21:52:16Z</time>
        <sat>10</sat>
      </trkpt>
      <trkpt lat="40.634616" lon="-0.117284">
        <ele>1014.7</ele>
        <time>2014-04-14T21:52:21Z</time>
        <sat>10</sat>
      </trkpt>
      <trkpt lat="40.634596" lon="-0.117427">
        <ele>1015.8</ele>
        <time>2014-04-14T21:52:26Z</time>
        <sat>10</sat>
      </trkpt>
      <trkpt lat="40.634594" lon="-0.117576">
        <ele>1016.3</ele>
        <time>2014-04-14T21:52:32Z</time>
        <sat>10</sat>
      </trkpt>
      <trkpt lat="40.634591" lon="-0.117704">
        <ele>1015.0</ele>
        <time>2014-04-14T21:52:37Z</time>
        <sat>10</sat>
      </trkpt>
      <trkpt lat="40.634586" lon="-0.117835">
        <ele>1013.7</ele>
        <time>2014-04-14T21:52:42Z</time>
        <sat>10</sat>
      </trkpt>
      <trkpt lat="40.634581" lon="-0.117967">
        <ele>1013.2</ele>
        <time>2014-04-14T21:52:47Z</time>
        <sat>10</sat>
      </trkpt>
      <trkpt lat="40.634574" lon="-0.118100">
        <ele>1012.5</ele>
        <time>2014-04-14T21:52:52Z</time>
        <sat>10</sat>
      </trkpt>
      <trkpt lat="40.634579" lon="-0.118229">
        <ele>1011.7</ele>
        <time>2014-04-14T21:52:57Z</time>
        <sat>10</sat>
      </trkpt>
      <trkpt lat="40.634577" lon="-0.118366">
        <ele>1011.1</ele>
        <time>2014-04-14T21:53:02Z</time>
        <sat>10</sat>
      </trkpt>
      <trkpt lat="40.634576" lon="-0.118506">
        <ele>1011.2</ele>
        <time>2014-04-14T21:53:07Z</time>
        <sat>10</sat>
      </trkpt>
      <trkpt lat="40.634560" lon="-0.118650">
        <ele>1011.4</ele>
        <time>2014-04-14T21:53:13Z</time>
        <sat>10</sat>
      </trkpt>
      <trkpt lat="40.634539" lon="-0.118797">
        <ele>1011.4</ele>
        <time>2014-04-14T21:53:18Z</time>
        <sat>10</sat>
      </trkpt>
      <trkpt lat="40.634519" lon="-0.118942">
        <ele>1011.5</ele>
        <time>2014-04-14T21:53:24Z</time>
        <sat>10</sat>
      </trkpt>
      <trkpt lat="40.634492" lon="-0.119082">
        <ele>1011.2</ele>
        <time>2014-04-14T21:53:29Z</time>
        <sat>10</sat>
      </trkpt>
      <trkpt lat="40.634459" lon="-0.119219">
        <ele>1010.4</ele>
        <time>2014-04-14T21:53:35Z</time>
        <sat>10</sat>
      </trkpt>
      <trkpt lat="40.634429" lon="-0.119357">
        <ele>1009.9</ele>
        <time>2014-04-14T21:53:40Z</time>
        <sat>10</sat>
      </trkpt>
      <trkpt lat="40.634413" lon="-0.119505">
        <ele>1008.8</ele>
        <time>2014-04-14T21:53:46Z</time>
        <sat>10</sat>
      </trkpt>
      <trkpt lat="40.634402" lon="-0.119672">
        <ele>1007.3</ele>
        <time>2014-04-14T21:53:52Z</time>
        <sat>10</sat>
      </trkpt>
      <trkpt lat="40.634399" lon="-0.119860">
        <ele>1005.3</ele>
        <time>2014-04-14T21:54:00Z</time>
        <sat>10</sat>
      </trkpt>
      <trkpt lat="40.634406" lon="-0.120057">
        <ele>1004.7</ele>
        <time>2014-04-14T21:54:07Z</time>
        <sat>10</sat>
      </trkpt>
      <trkpt lat="40.634391" lon="-0.120237">
        <ele>1005.2</ele>
        <time>2014-04-14T21:54:14Z</time>
        <sat>10</sat>
      </trkpt>
      <trkpt lat="40.634356" lon="-0.120390">
        <ele>1004.9</ele>
        <time>2014-04-14T21:54:20Z</time>
        <sat>10</sat>
      </trkpt>
      <trkpt lat="40.634314" lon="-0.120521">
        <ele>1004.8</ele>
        <time>2014-04-14T21:54:25Z</time>
        <sat>9</sat>
      </trkpt>
      <trkpt lat="40.634279" lon="-0.120636">
        <ele>1005.2</ele>
        <time>2014-04-14T21:54:30Z</time>
        <sat>9</sat>
      </trkpt>
      <trkpt lat="40.634256" lon="-0.120799">
        <ele>1005.1</ele>
        <time>2014-04-14T21:54:36Z</time>
        <sat>10</sat>
      </trkpt>
      <trkpt lat="40.634269" lon="-0.120968">
        <ele>1005.7</ele>
        <time>2014-04-14T21:54:43Z</time>
        <sat>10</sat>
      </trkpt>
      <trkpt lat="40.634299" lon="-0.121137">
        <ele>1007.3</ele>
        <time>2014-04-14T21:54:49Z</time>
        <sat>10</sat>
      </trkpt>
      <trkpt lat="40.634316" lon="-0.121299">
        <ele>1009.0</ele>
        <time>2014-04-14T21:54:56Z</time>
        <sat>10</sat>
      </trkpt>
      <trkpt lat="40.634327" lon="-0.121452">
        <ele>1008.1</ele>
        <time>2014-04-14T21:55:01Z</time>
        <sat>10</sat>
      </trkpt>
      <trkpt lat="40.634371" lon="-0.121607">
        <ele>1006.8</ele>
        <time>2014-04-14T21:55:08Z</time>
        <sat>9</sat>
      </trkpt>
      <trkpt lat="40.634430" lon="-0.121700">
        <ele>1006.5</ele>
        <time>2014-04-14T21:55:12Z</time>
        <sat>9</sat>
      </trkpt>
      <trkpt lat="40.634517" lon="-0.121802">
        <ele>1005.6</ele>
        <time>2014-04-14T21:55:18Z</time>
        <sat>9</sat>
      </trkpt>
      <trkpt lat="40.634614" lon="-0.121934">
        <ele>1003.2</ele>
        <time>2014-04-14T21:55:25Z</time>
        <sat>10</sat>
      </trkpt>
      <trkpt lat="40.634704" lon="-0.122092">
        <ele>1002.5</ele>
        <time>2014-04-14T21:55:33Z</time>
        <sat>10</sat>
      </trkpt>
      <trkpt lat="40.634793" lon="-0.122230">
        <ele>1002.4</ele>
        <time>2014-04-14T21:55:39Z</time>
        <sat>10</sat>
      </trkpt>
      <trkpt lat="40.634881" lon="-0.122330">
        <ele>1002.1</ele>
        <time>2014-04-14T21:55:45Z</time>
        <sat>10</sat>
      </trkpt>
      <trkpt lat="40.634947" lon="-0.122412">
        <ele>1002.9</ele>
        <time>2014-04-14T21:55:50Z</time>
        <sat>10</sat>
      </trkpt>
      <trkpt lat="40.635024" lon="-0.122527">
        <ele>1004.6</ele>
        <time>2014-04-14T21:55:56Z</time>
        <sat>9</sat>
      </trkpt>
      <trkpt lat="40.635081" lon="-0.122639">
        <ele>1005.5</ele>
        <time>2014-04-14T21:56:01Z</time>
        <sat>8</sat>
      </trkpt>
      <trkpt lat="40.635131" lon="-0.122757">
        <ele>1006.5</ele>
        <time>2014-04-14T21:56:06Z</time>
        <sat>9</sat>
      </trkpt>
      <trkpt lat="40.635192" lon="-0.122872">
        <ele>1006.9</ele>
        <time>2014-04-14T21:56:11Z</time>
        <sat>9</sat>
      </trkpt>
      <trkpt lat="40.635261" lon="-0.122984">
        <ele>1006.7</ele>
        <time>2014-04-14T21:56:17Z</time>
        <sat>9</sat>
      </trkpt>
      <trkpt lat="40.635337" lon="-0.123085">
        <ele>1005.8</ele>
        <time>2014-04-14T21:56:22Z</time>
        <sat>8</sat>
      </trkpt>
      <trkpt lat="40.635414" lon="-0.123178">
        <ele>1004.9</ele>
        <time>2014-04-14T21:56:27Z</time>
        <sat>8</sat>
      </trkpt>
      <trkpt lat="40.635491" lon="-0.123272">
        <ele>1005.8</ele>
        <time>2014-04-14T21:56:33Z</time>
        <sat>8</sat>
      </trkpt>
      <trkpt lat="40.635574" lon="-0.123359">
        <ele>1006.9</ele>
        <time>2014-04-14T21:56:38Z</time>
        <sat>8</sat>
      </trkpt>
      <trkpt lat="40.635657" lon="-0.123444">
        <ele>1007.1</ele>
        <time>2014-04-14T21:56:43Z</time>
        <sat>8</sat>
      </trkpt>
      <trkpt lat="40.635739" lon="-0.123539">
        <ele>1006.3</ele>
        <time>2014-04-14T21:56:49Z</time>
        <sat>8</sat>
      </trkpt>
      <trkpt lat="40.635807" lon="-0.123645">
        <ele>1006.6</ele>
        <time>2014-04-14T21:56:54Z</time>
        <sat>8</sat>
      </trkpt>
      <trkpt lat="40.635861" lon="-0.123758">
        <ele>1007.2</ele>
        <time>2014-04-14T21:56:59Z</time>
        <sat>8</sat>
      </trkpt>
      <trkpt lat="40.635907" lon="-0.123873">
        <ele>1008.2</ele>
        <time>2014-04-14T21:57:04Z</time>
        <sat>8</sat>
      </trkpt>
      <trkpt lat="40.635942" lon="-0.123990">
        <ele>1009.0</ele>
        <time>2014-04-14T21:57:09Z</time>
        <sat>8</sat>
      </trkpt>
      <trkpt lat="40.635977" lon="-0.124109">
        <ele>1007.6</ele>
        <time>2014-04-14T21:57:14Z</time>
        <sat>8</sat>
      </trkpt>
      <trkpt lat="40.636017" lon="-0.124245">
        <ele>1004.4</ele>
        <time>2014-04-14T21:57:19Z</time>
        <sat>9</sat>
      </trkpt>
      <trkpt lat="40.636042" lon="-0.124371">
        <ele>1004.0</ele>
        <time>2014-04-14T21:57:24Z</time>
        <sat>9</sat>
      </trkpt>
      <trkpt lat="40.636049" lon="-0.124494">
        <ele>1006.3</ele>
        <time>2014-04-14T21:57:29Z</time>
        <sat>9</sat>
      </trkpt>
      <trkpt lat="40.636057" lon="-0.124619">
        <ele>1008.5</ele>
        <time>2014-04-14T21:57:33Z</time>
        <sat>9</sat>
      </trkpt>
      <trkpt lat="40.636081" lon="-0.124749">
        <ele>1010.2</ele>
        <time>2014-04-14T21:57:39Z</time>
        <sat>10</sat>
      </trkpt>
      <trkpt lat="40.636121" lon="-0.124861">
        <ele>1012.1</ele>
        <time>2014-04-14T21:57:43Z</time>
        <sat>10</sat>
      </trkpt>
      <trkpt lat="40.636171" lon="-0.124964">
        <ele>1013.4</ele>
        <time>2014-04-14T21:57:48Z</time>
        <sat>10</sat>
      </trkpt>
      <trkpt lat="40.636219" lon="-0.125067">
        <ele>1014.9</ele>
        <time>2014-04-14T21:57:52Z</time>
        <sat>10</sat>
      </trkpt>
      <trkpt lat="40.636269" lon="-0.125171">
        <ele>1016.1</ele>
        <time>2014-04-14T21:57:57Z</time>
        <sat>10</sat>
      </trkpt>
      <trkpt lat="40.636329" lon="-0.125276">
        <ele>1016.9</ele>
        <time>2014-04-14T21:58:02Z</time>
        <sat>10</sat>
      </trkpt>
      <trkpt lat="40.636401" lon="-0.125367">
        <ele>1018.2</ele>
        <time>2014-04-14T21:58:07Z</time>
        <sat>10</sat>
      </trkpt>
      <trkpt lat="40.636479" lon="-0.125449">
        <ele>1019.6</ele>
        <time>2014-04-14T21:58:12Z</time>
        <sat>10</sat>
      </trkpt>
      <trkpt lat="40.636555" lon="-0.125517">
        <ele>1020.4</ele>
        <time>2014-04-14T21:58:17Z</time>
        <sat>10</sat>
      </trkpt>
      <trkpt lat="40.636626" lon="-0.125592">
        <ele>1021.3</ele>
        <time>2014-04-14T21:58:21Z</time>
        <sat>10</sat>
      </trkpt>
      <trkpt lat="40.636714" lon="-0.125672">
        <ele>1022.4</ele>
        <time>2014-04-14T21:58:27Z</time>
        <sat>10</sat>
      </trkpt>
      <trkpt lat="40.636796" lon="-0.125727">
        <ele>1023.4</ele>
        <time>2014-04-14T21:58:31Z</time>
        <sat>10</sat>
      </trkpt>
      <trkpt lat="40.636893" lon="-0.125799">
        <ele>1023.8</ele>
        <time>2014-04-14T21:58:37Z</time>
        <sat>10</sat>
      </trkpt>
      <trkpt lat="40.636972" lon="-0.125885">
        <ele>1022.8</ele>
        <time>2014-04-14T21:58:42Z</time>
        <sat>10</sat>
      </trkpt>
      <trkpt lat="40.637032" lon="-0.125979">
        <ele>1021.3</ele>
        <time>2014-04-14T21:58:47Z</time>
        <sat>10</sat>
      </trkpt>
      <trkpt lat="40.637084" lon="-0.126115">
        <ele>1019.3</ele>
        <time>2014-04-14T21:58:52Z</time>
        <sat>10</sat>
      </trkpt>
      <trkpt lat="40.637139" lon="-0.126267">
        <ele>1017.3</ele>
        <time>2014-04-14T21:58:59Z</time>
        <sat>10</sat>
      </trkpt>
      <trkpt lat="40.637212" lon="-0.126404">
        <ele>1017.0</ele>
        <time>2014-04-14T21:59:05Z</time>
        <sat>10</sat>
      </trkpt>
      <trkpt lat="40.637296" lon="-0.126504">
        <ele>1016.9</ele>
        <time>2014-04-14T21:59:11Z</time>
        <sat>10</sat>
      </trkpt>
      <trkpt lat="40.637371" lon="-0.126595">
        <ele>1017.2</ele>
        <time>2014-04-14T21:59:16Z</time>
        <sat>10</sat>
      </trkpt>
      <trkpt lat="40.637469" lon="-0.126702">
        <ele>1018.0</ele>
        <time>2014-04-14T21:59:22Z</time>
        <sat>10</sat>
      </trkpt>
      <trkpt lat="40.637568" lon="-0.126774">
        <ele>1018.1</ele>
        <time>2014-04-14T21:59:28Z</time>
        <sat>10</sat>
      </trkpt>
      <trkpt lat="40.637669" lon="-0.126819">
        <ele>1018.2</ele>
        <time>2014-04-14T21:59:33Z</time>
        <sat>10</sat>
      </trkpt>
      <trkpt lat="40.637766" lon="-0.126861">
        <ele>1019.5</ele>
        <time>2014-04-14T21:59:38Z</time>
        <sat>10</sat>
      </trkpt>
      <trkpt lat="40.637874" lon="-0.126910">
        <ele>1019.9</ele>
        <time>2014-04-14T21:59:44Z</time>
        <sat>10</sat>
      </trkpt>
      <trkpt lat="40.637957" lon="-0.126976">
        <ele>1019.8</ele>
        <time>2014-04-14T21:59:49Z</time>
        <sat>10</sat>
      </trkpt>
      <trkpt lat="40.638036" lon="-0.127089">
        <ele>1019.7</ele>
        <time>2014-04-14T21:59:55Z</time>
        <sat>10</sat>
      </trkpt>
      <trkpt lat="40.638092" lon="-0.127182">
        <ele>1018.5</ele>
        <time>2014-04-14T21:59:59Z</time>
        <sat>11</sat>
      </trkpt>
      <trkpt lat="40.638152" lon="-0.127281">
        <ele>1017.8</ele>
        <time>2014-04-14T22:00:04Z</time>
        <sat>11</sat>
      </trkpt>
      <trkpt lat="40.638216" lon="-0.127380">
        <ele>1018.2</ele>
        <time>2014-04-14T22:00:09Z</time>
        <sat>10</sat>
      </trkpt>
      <trkpt lat="40.638279" lon="-0.127474">
        <ele>1018.1</ele>
        <time>2014-04-14T22:00:14Z</time>
        <sat>9</sat>
      </trkpt>
      <trkpt lat="40.638344" lon="-0.127566">
        <ele>1017.3</ele>
        <time>2014-04-14T22:00:19Z</time>
        <sat>9</sat>
      </trkpt>
      <trkpt lat="40.638402" lon="-0.127665">
        <ele>1016.0</ele>
        <time>2014-04-14T22:00:23Z</time>
        <sat>10</sat>
      </trkpt>
      <trkpt lat="40.638455" lon="-0.127772">
        <ele>1014.9</ele>
        <time>2014-04-14T22:00:28Z</time>
        <sat>9</sat>
      </trkpt>
      <trkpt lat="40.638517" lon="-0.127867">
        <ele>1016.3</ele>
        <time>2014-04-14T22:00:33Z</time>
        <sat>9</sat>
      </trkpt>
      <trkpt lat="40.638589" lon="-0.127944">
        <ele>1016.9</ele>
        <time>2014-04-14T22:00:38Z</time>
        <sat>9</sat>
      </trkpt>
      <trkpt lat="40.638684" lon="-0.128037">
        <ele>1017.5</ele>
        <time>2014-04-14T22:00:43Z</time>
        <sat>9</sat>
      </trkpt>
      <trkpt lat="40.638764" lon="-0.128137">
        <ele>1017.4</ele>
        <time>2014-04-14T22:00:49Z</time>
        <sat>10</sat>
      </trkpt>
      <trkpt lat="40.638836" lon="-0.128254">
        <ele>1017.3</ele>
        <time>2014-04-14T22:00:55Z</time>
        <sat>10</sat>
      </trkpt>
      <trkpt lat="40.638893" lon="-0.128380">
        <ele>1017.6</ele>
        <time>2014-04-14T22:01:00Z</time>
        <sat>10</sat>
      </trkpt>
      <trkpt lat="40.638932" lon="-0.128507">
        <ele>1018.3</ele>
        <time>2014-04-14T22:01:05Z</time>
        <sat>10</sat>
      </trkpt>
      <trkpt lat="40.638961" lon="-0.128650">
        <ele>1018.8</ele>
        <time>2014-04-14T22:01:11Z</time>
        <sat>10</sat>
      </trkpt>
      <trkpt lat="40.638979" lon="-0.128772">
        <ele>1018.6</ele>
        <time>2014-04-14T22:01:16Z</time>
        <sat>10</sat>
      </trkpt>
      <trkpt lat="40.639008" lon="-0.128909">
        <ele>1018.1</ele>
        <time>2014-04-14T22:01:21Z</time>
        <sat>10</sat>
      </trkpt>
      <trkpt lat="40.639049" lon="-0.129049">
        <ele>1016.9</ele>
        <time>2014-04-14T22:01:27Z</time>
        <sat>10</sat>
      </trkpt>
      <trkpt lat="40.639102" lon="-0.129197">
        <ele>1015.7</ele>
        <time>2014-04-14T22:01:33Z</time>
        <sat>10</sat>
      </trkpt>
      <trkpt lat="40.639164" lon="-0.129359">
        <ele>1015.0</ele>
        <time>2014-04-14T22:01:40Z</time>
        <sat>10</sat>
      </trkpt>
      <trkpt lat="40.639234" lon="-0.129532">
        <ele>1013.9</ele>
        <time>2014-04-14T22:01:47Z</time>
        <sat>10</sat>
      </trkpt>
      <trkpt lat="40.639311" lon="-0.129704">
        <ele>1013.0</ele>
        <time>2014-04-14T22:01:55Z</time>
        <sat>10</sat>
      </trkpt>
      <trkpt lat="40.639396" lon="-0.129870">
        <ele>1010.3</ele>
        <time>2014-04-14T22:02:03Z</time>
        <sat>10</sat>
      </trkpt>
      <trkpt lat="40.639487" lon="-0.130030">
        <ele>1007.8</ele>
        <time>2014-04-14T22:02:10Z</time>
        <sat>10</sat>
      </trkpt>
      <trkpt lat="40.639581" lon="-0.130205">
        <ele>1007.5</ele>
        <time>2014-04-14T22:02:18Z</time>
        <sat>10</sat>
      </trkpt>
      <trkpt lat="40.639674" lon="-0.130387">
        <ele>1006.8</ele>
        <time>2014-04-14T22:02:27Z</time>
        <sat>10</sat>
      </trkpt>
      <trkpt lat="40.639774" lon="-0.130561">
        <ele>1006.1</ele>
        <time>2014-04-14T22:02:35Z</time>
        <sat>10</sat>
      </trkpt>
      <trkpt lat="40.639900" lon="-0.130674">
        <ele>1005.7</ele>
        <time>2014-04-14T22:02:43Z</time>
        <sat>10</sat>
      </trkpt>
      <trkpt lat="40.640013" lon="-0.130769">
        <ele>1006.8</ele>
        <time>2014-04-14T22:02:49Z</time>
        <sat>10</sat>
      </trkpt>
      <trkpt lat="40.640106" lon="-0.130855">
        <ele>1007.4</ele>
        <time>2014-04-14T22:02:55Z</time>
        <sat>10</sat>
      </trkpt>
      <trkpt lat="40.640177" lon="-0.130949">
        <ele>1006.8</ele>
        <time>2014-04-14T22:03:00Z</time>
        <sat>10</sat>
      </trkpt>
      <trkpt lat="40.640244" lon="-0.131059">
        <ele>1005.7</ele>
        <time>2014-04-14T22:03:05Z</time>
        <sat>10</sat>
      </trkpt>
      <trkpt lat="40.640314" lon="-0.131197">
        <ele>1004.0</ele>
        <time>2014-04-14T22:03:12Z</time>
        <sat>10</sat>
      </trkpt>
      <trkpt lat="40.640387" lon="-0.131362">
        <ele>1002.0</ele>
        <time>2014-04-14T22:03:19Z</time>
        <sat>10</sat>
      </trkpt>
      <trkpt lat="40.640474" lon="-0.131534">
        <ele>999.5</ele>
        <time>2014-04-14T22:03:27Z</time>
        <sat>10</sat>
      </trkpt>
      <trkpt lat="40.640586" lon="-0.131667">
        <ele>997.6</ele>
        <time>2014-04-14T22:03:34Z</time>
        <sat>10</sat>
      </trkpt>
      <trkpt lat="40.640732" lon="-0.131762">
        <ele>996.1</ele>
        <time>2014-04-14T22:03:42Z</time>
        <sat>10</sat>
      </trkpt>
      <trkpt lat="40.640882" lon="-0.131870">
        <ele>994.7</ele>
        <time>2014-04-14T22:03:51Z</time>
        <sat>10</sat>
      </trkpt>
      <trkpt lat="40.641009" lon="-0.132024">
        <ele>992.9</ele>
        <time>2014-04-14T22:04:00Z</time>
        <sat>11</sat>
      </trkpt>
      <trkpt lat="40.641106" lon="-0.132200">
        <ele>993.9</ele>
        <time>2014-04-14T22:04:08Z</time>
        <sat>11</sat>
      </trkpt>
      <trkpt lat="40.641179" lon="-0.132394">
        <ele>994.9</ele>
        <time>2014-04-14T22:04:16Z</time>
        <sat>11</sat>
      </trkpt>
      <trkpt lat="40.641253" lon="-0.132594">
        <ele>993.2</ele>
        <time>2014-04-14T22:04:25Z</time>
        <sat>11</sat>
      </trkpt>
      <trkpt lat="40.641337" lon="-0.132784">
        <ele>994.6</ele>
        <time>2014-04-14T22:04:33Z</time>
        <sat>11</sat>
      </trkpt>
      <trkpt lat="40.641431" lon="-0.132964">
        <ele>994.9</ele>
        <time>2014-04-14T22:04:41Z</time>
        <sat>11</sat>
      </trkpt>
      <trkpt lat="40.641526" lon="-0.133136">
        <ele>992.9</ele>
        <time>2014-04-14T22:04:49Z</time>
        <sat>11</sat>
      </trkpt>
      <trkpt lat="40.641609" lon="-0.133309">
        <ele>993.1</ele>
        <time>2014-04-14T22:04:57Z</time>
        <sat>11</sat>
      </trkpt>
      <trkpt lat="40.641681" lon="-0.133487">
        <ele>994.5</ele>
        <time>2014-04-14T22:05:05Z</time>
        <sat>11</sat>
      </trkpt>
      <trkpt lat="40.641732" lon="-0.133659">
        <ele>993.0</ele>
        <time>2014-04-14T22:05:12Z</time>
        <sat>11</sat>
      </trkpt>
      <trkpt lat="40.641756" lon="-0.133820">
        <ele>991.6</ele>
        <time>2014-04-14T22:05:18Z</time>
        <sat>11</sat>
      </trkpt>
      <trkpt lat="40.641754" lon="-0.133975">
        <ele>991.8</ele>
        <time>2014-04-14T22:05:24Z</time>
        <sat>11</sat>
      </trkpt>
      <trkpt lat="40.641731" lon="-0.134132">
        <ele>992.1</ele>
        <time>2014-04-14T22:05:30Z</time>
        <sat>11</sat>
      </trkpt>
      <trkpt lat="40.641704" lon="-0.134294">
        <ele>992.0</ele>
        <time>2014-04-14T22:05:36Z</time>
        <sat>11</sat>
      </trkpt>
      <trkpt lat="40.641694" lon="-0.134459">
        <ele>992.1</ele>
        <time>2014-04-14T22:05:43Z</time>
        <sat>11</sat>
      </trkpt>
      <trkpt lat="40.641706" lon="-0.134620">
        <ele>993.4</ele>
        <time>2014-04-14T22:05:49Z</time>
        <sat>11</sat>
      </trkpt>
      <trkpt lat="40.641736" lon="-0.134779">
        <ele>994.4</ele>
        <time>2014-04-14T22:05:55Z</time>
        <sat>11</sat>
      </trkpt>
      <trkpt lat="40.641784" lon="-0.134937">
        <ele>994.7</ele>
        <time>2014-04-14T22:06:01Z</time>
        <sat>11</sat>
      </trkpt>
      <trkpt lat="40.641831" lon="-0.135087">
        <ele>994.8</ele>
        <time>2014-04-14T22:06:07Z</time>
        <sat>10</sat>
      </trkpt>
      <trkpt lat="40.641864" lon="-0.135230">
        <ele>995.0</ele>
        <time>2014-04-14T22:06:13Z</time>
        <sat>11</sat>
      </trkpt>
      <trkpt lat="40.641884" lon="-0.135370">
        <ele>995.2</ele>
        <time>2014-04-14T22:06:19Z</time>
        <sat>10</sat>
      </trkpt>
      <trkpt lat="40.641884" lon="-0.135510">
        <ele>994.9</ele>
        <time>2014-04-14T22:06:24Z</time>
        <sat>11</sat>
      </trkpt>
      <trkpt lat="40.641876" lon="-0.135650">
        <ele>994.5</ele>
        <time>2014-04-14T22:06:29Z</time>
        <sat>11</sat>
      </trkpt>
      <trkpt lat="40.641867" lon="-0.135780">
        <ele>994.4</ele>
        <time>2014-04-14T22:06:34Z</time>
        <sat>11</sat>
      </trkpt>
      <trkpt lat="40.641866" lon="-0.135904">
        <ele>994.5</ele>
        <time>2014-04-14T22:06:39Z</time>
        <sat>11</sat>
      </trkpt>
      <trkpt lat="40.641866" lon="-0.136082">
        <ele>994.6</ele>
        <time>2014-04-14T22:06:46Z</time>
        <sat>11</sat>
      </trkpt>
      <trkpt lat="40.641867" lon="-0.136207">
        <ele>994.6</ele>
        <time>2014-04-14T22:06:50Z</time>
        <sat>11</sat>
      </trkpt>
      <trkpt lat="40.641872" lon="-0.136332">
        <ele>994.4</ele>
        <time>2014-04-14T22:06:55Z</time>
        <sat>11</sat>
      </trkpt>
      <trkpt lat="40.641882" lon="-0.136455">
        <ele>994.2</ele>
        <time>2014-04-14T22:07:00Z</time>
        <sat>11</sat>
      </trkpt>
      <trkpt lat="40.641899" lon="-0.136572">
        <ele>994.2</ele>
        <time>2014-04-14T22:07:04Z</time>
        <sat>11</sat>
      </trkpt>
      <trkpt lat="40.641919" lon="-0.136690">
        <ele>994.2</ele>
        <time>2014-04-14T22:07:09Z</time>
        <sat>11</sat>
      </trkpt>
      <trkpt lat="40.641937" lon="-0.136809">
        <ele>994.4</ele>
        <time>2014-04-14T22:07:14Z</time>
        <sat>11</sat>
      </trkpt>
      <trkpt lat="40.641952" lon="-0.136927">
        <ele>994.5</ele>
        <time>2014-04-14T22:07:18Z</time>
        <sat>10</sat>
      </trkpt>
      <trkpt lat="40.641972" lon="-0.137050">
        <ele>994.8</ele>
        <time>2014-04-14T22:07:23Z</time>
        <sat>11</sat>
      </trkpt>
      <trkpt lat="40.642006" lon="-0.137172">
        <ele>995.1</ele>
        <time>2014-04-14T22:07:28Z</time>
        <sat>11</sat>
      </trkpt>
      <trkpt lat="40.642044" lon="-0.137294">
        <ele>995.5</ele>
        <time>2014-04-14T22:07:33Z</time>
        <sat>11</sat>
      </trkpt>
      <trkpt lat="40.642084" lon="-0.137419">
        <ele>995.5</ele>
        <time>2014-04-14T22:07:38Z</time>
        <sat>11</sat>
      </trkpt>
      <trkpt lat="40.642127" lon="-0.137540">
        <ele>995.4</ele>
        <time>2014-04-14T22:07:43Z</time>
        <sat>11</sat>
      </trkpt>
      <trkpt lat="40.642169" lon="-0.137657">
        <ele>996.2</ele>
        <time>2014-04-14T22:07:48Z</time>
        <sat>11</sat>
      </trkpt>
      <trkpt lat="40.642249" lon="-0.137797">
        <ele>996.6</ele>
        <time>2014-04-14T22:07:55Z</time>
        <sat>11</sat>
      </trkpt>
      <trkpt lat="40.642339" lon="-0.137917">
        <ele>997.0</ele>
        <time>2014-04-14T22:08:01Z</time>
        <sat>11</sat>
      </trkpt>
      <trkpt lat="40.642436" lon="-0.138007">
        <ele>997.1</ele>
        <time>2014-04-14T22:08:07Z</time>
        <sat>10</sat>
      </trkpt>
      <trkpt lat="40.642541" lon="-0.138062">
        <ele>997.3</ele>
        <time>2014-04-14T22:08:13Z</time>
        <sat>10</sat>
      </trkpt>
      <trkpt lat="40.642652" lon="-0.138080">
        <ele>997.5</ele>
        <time>2014-04-14T22:08:18Z</time>
        <sat>10</sat>
      </trkpt>
      <trkpt lat="40.642769" lon="-0.138045">
        <ele>996.7</ele>
        <time>2014-04-14T22:08:24Z</time>
        <sat>10</sat>
      </trkpt>
      <trkpt lat="40.642861" lon="-0.137989">
        <ele>996.5</ele>
        <time>2014-04-14T22:08:29Z</time>
        <sat>10</sat>
      </trkpt>
      <trkpt lat="40.642961" lon="-0.137932">
        <ele>995.8</ele>
        <time>2014-04-14T22:08:35Z</time>
        <sat>9</sat>
      </trkpt>
      <trkpt lat="40.643066" lon="-0.137929">
        <ele>996.5</ele>
        <time>2014-04-14T22:08:40Z</time>
        <sat>9</sat>
      </trkpt>
      <trkpt lat="40.643144" lon="-0.137987">
        <ele>997.5</ele>
        <time>2014-04-14T22:08:45Z</time>
        <sat>9</sat>
      </trkpt>
      <trkpt lat="40.643217" lon="-0.138107">
        <ele>996.5</ele>
        <time>2014-04-14T22:08:50Z</time>
        <sat>9</sat>
      </trkpt>
      <trkpt lat="40.643226" lon="-0.138229">
        <ele>995.5</ele>
        <time>2014-04-14T22:08:55Z</time>
        <sat>9</sat>
      </trkpt>
      <trkpt lat="40.643137" lon="-0.138283">
        <ele>993.9</ele>
        <time>2014-04-14T22:09:00Z</time>
        <sat>9</sat>
      </trkpt>
      <trkpt lat="40.643076" lon="-0.138382">
        <ele>993.9</ele>
        <time>2014-04-14T22:09:05Z</time>
        <sat>11</sat>
      </trkpt>
      <trkpt lat="40.642999" lon="-0.138503">
        <ele>993.9</ele>
        <time>2014-04-14T22:09:11Z</time>
        <sat>10</sat>
      </trkpt>
      <trkpt lat="40.642929" lon="-0.138635">
        <ele>993.9</ele>
        <time>2014-04-14T22:09:17Z</time>
        <sat>11</sat>
      </trkpt>
      <trkpt lat="40.642869" lon="-0.138772">
        <ele>994.3</ele>
        <time>2014-04-14T22:09:23Z</time>
        <sat>11</sat>
      </trkpt>
      <trkpt lat="40.642804" lon="-0.138914">
        <ele>994.7</ele>
        <time>2014-04-14T22:09:29Z</time>
        <sat>11</sat>
      </trkpt>
      <trkpt lat="40.642745" lon="-0.139071">
        <ele>994.8</ele>
        <time>2014-04-14T22:09:36Z</time>
        <sat>10</sat>
      </trkpt>
      <trkpt lat="40.642707" lon="-0.139186">
        <ele>994.8</ele>
        <time>2014-04-14T22:09:41Z</time>
        <sat>10</sat>
      </trkpt>
      <trkpt lat="40.642674" lon="-0.139310">
        <ele>995.1</ele>
        <time>2014-04-14T22:09:46Z</time>
        <sat>10</sat>
      </trkpt>
      <trkpt lat="40.642644" lon="-0.139439">
        <ele>995.1</ele>
        <time>2014-04-14T22:09:51Z</time>
        <sat>10</sat>
      </trkpt>
      <trkpt lat="40.642620" lon="-0.139567">
        <ele>995.1</ele>
        <time>2014-04-14T22:09:56Z</time>
        <sat>10</sat>
      </trkpt>
      <trkpt lat="40.642591" lon="-0.139690">
        <ele>995.1</ele>
        <time>2014-04-14T22:10:01Z</time>
        <sat>10</sat>
      </trkpt>
      <trkpt lat="40.642539" lon="-0.139790">
        <ele>994.4</ele>
        <time>2014-04-14T22:10:05Z</time>
        <sat>10</sat>
      </trkpt>
      <trkpt lat="40.642510" lon="-0.139904">
        <ele>994.3</ele>
        <time>2014-04-14T22:10:10Z</time>
        <sat>10</sat>
      </trkpt>
      <trkpt lat="40.642530" lon="-0.140049">
        <ele>995.2</ele>
        <time>2014-04-14T22:10:15Z</time>
        <sat>9</sat>
      </trkpt>
      <trkpt lat="40.642500" lon="-0.140182">
        <ele>994.8</ele>
        <time>2014-04-14T22:10:21Z</time>
        <sat>9</sat>
      </trkpt>
      <trkpt lat="40.642426" lon="-0.140292">
        <ele>993.2</ele>
        <time>2014-04-14T22:10:26Z</time>
        <sat>9</sat>
      </trkpt>
      <trkpt lat="40.642377" lon="-0.140397">
        <ele>992.9</ele>
        <time>2014-04-14T22:10:31Z</time>
        <sat>9</sat>
      </trkpt>
      <trkpt lat="40.642327" lon="-0.140511">
        <ele>993.5</ele>
        <time>2014-04-14T22:10:36Z</time>
        <sat>9</sat>
      </trkpt>
      <trkpt lat="40.642244" lon="-0.140608">
        <ele>993.0</ele>
        <time>2014-04-14T22:10:41Z</time>
        <sat>9</sat>
      </trkpt>
      <trkpt lat="40.642139" lon="-0.140711">
        <ele>991.6</ele>
        <time>2014-04-14T22:10:48Z</time>
        <sat>9</sat>
      </trkpt>
      <trkpt lat="40.642072" lon="-0.140792">
        <ele>990.5</ele>
        <time>2014-04-14T22:10:53Z</time>
        <sat>8</sat>
      </trkpt>
      <trkpt lat="40.641977" lon="-0.140904">
        <ele>988.9</ele>
        <time>2014-04-14T22:10:59Z</time>
        <sat>8</sat>
      </trkpt>
      <trkpt lat="40.641912" lon="-0.141034">
        <ele>988.8</ele>
        <time>2014-04-14T22:11:05Z</time>
        <sat>8</sat>
      </trkpt>
      <trkpt lat="40.641859" lon="-0.141165">
        <ele>991.5</ele>
        <time>2014-04-14T22:11:10Z</time>
        <sat>9</sat>
      </trkpt>
      <trkpt lat="40.641791" lon="-0.141282">
        <ele>990.9</ele>
        <time>2014-04-14T22:11:16Z</time>
        <sat>7</sat>
      </trkpt>
      <trkpt lat="40.641745" lon="-0.141407">
        <ele>990.6</ele>
        <time>2014-04-14T22:11:21Z</time>
        <sat>6</sat>
      </trkpt>
      <trkpt lat="40.641722" lon="-0.141527">
        <ele>990.9</ele>
        <time>2014-04-14T22:11:26Z</time>
        <sat>7</sat>
      </trkpt>
      <trkpt lat="40.641689" lon="-0.141675">
        <ele>991.0</ele>
        <time>2014-04-14T22:11:32Z</time>
        <sat>8</sat>
      </trkpt>
      <trkpt lat="40.641657" lon="-0.141805">
        <ele>990.5</ele>
        <time>2014-04-14T22:11:37Z</time>
        <sat>8</sat>
      </trkpt>
      <trkpt lat="40.641625" lon="-0.141966">
        <ele>989.4</ele>
        <time>2014-04-14T22:11:43Z</time>
        <sat>7</sat>
      </trkpt>
      <trkpt lat="40.641605" lon="-0.142092">
        <ele>988.7</ele>
        <time>2014-04-14T22:11:48Z</time>
        <sat>7</sat>
      </trkpt>
      <trkpt lat="40.641582" lon="-0.142224">
        <ele>988.2</ele>
        <time>2014-04-14T22:11:53Z</time>
        <sat>8</sat>
      </trkpt>
      <trkpt lat="40.641564" lon="-0.142374">
        <ele>987.3</ele>
        <time>2014-04-14T22:11:59Z</time>
        <sat>9</sat>
      </trkpt>
      <trkpt lat="40.641552" lon="-0.142508">
        <ele>986.6</ele>
        <time>2014-04-14T22:12:04Z</time>
        <sat>9</sat>
      </trkpt>
      <trkpt lat="40.641534" lon="-0.142636">
        <ele>985.0</ele>
        <time>2014-04-14T22:12:09Z</time>
        <sat>8</sat>
      </trkpt>
      <trkpt lat="40.641524" lon="-0.142760">
        <ele>984.9</ele>
        <time>2014-04-14T22:12:14Z</time>
        <sat>9</sat>
      </trkpt>
      <trkpt lat="40.641524" lon="-0.142760">
        <ele>984.9</ele>
        <time>2014-04-14T22:12:14Z</time>
        <sat>9</sat>
      </trkpt>
      <trkpt lat="40.641534" lon="-0.142878">
        <ele>985.6</ele>
        <time>2014-04-14T22:12:18Z</time>
        <sat>9</sat>
      </trkpt>
      <trkpt lat="40.641572" lon="-0.143000">
        <ele>986.9</ele>
        <time>2014-04-14T22:12:23Z</time>
        <sat>9</sat>
      </trkpt>
      <trkpt lat="40.641650" lon="-0.143070">
        <ele>990.0</ele>
        <time>2014-04-14T22:12:28Z</time>
        <sat>9</sat>
      </trkpt>
      <trkpt lat="40.641684" lon="-0.142952">
        <ele>991.4</ele>
        <time>2014-04-14T22:12:33Z</time>
        <sat>9</sat>
      </trkpt>
      <trkpt lat="40.641715" lon="-0.142835">
        <ele>992.6</ele>
        <time>2014-04-14T22:12:38Z</time>
        <sat>9</sat>
      </trkpt>
      <trkpt lat="40.641744" lon="-0.142715">
        <ele>994.1</ele>
        <time>2014-04-14T22:12:43Z</time>
        <sat>9</sat>
      </trkpt>
      <trkpt lat="40.641756" lon="-0.142587">
        <ele>995.8</ele>
        <time>2014-04-14T22:12:47Z</time>
        <sat>9</sat>
      </trkpt>
      <trkpt lat="40.641760" lon="-0.142460">
        <ele>997.5</ele>
        <time>2014-04-14T22:12:52Z</time>
        <sat>9</sat>
      </trkpt>
      <trkpt lat="40.641844" lon="-0.142411">
        <ele>1001.7</ele>
        <time>2014-04-14T22:12:57Z</time>
        <sat>9</sat>
      </trkpt>
      <trkpt lat="40.641886" lon="-0.142520">
        <ele>1002.0</ele>
        <time>2014-04-14T22:13:01Z</time>
        <sat>9</sat>
      </trkpt>
      <trkpt lat="40.641912" lon="-0.142643">
        <ele>1002.6</ele>
        <time>2014-04-14T22:13:06Z</time>
        <sat>9</sat>
      </trkpt>
      <trkpt lat="40.642004" lon="-0.142657">
        <ele>1004.9</ele>
        <time>2014-04-14T22:13:11Z</time>
        <sat>9</sat>
      </trkpt>
      <trkpt lat="40.642022" lon="-0.142784">
        <ele>1005.5</ele>
        <time>2014-04-14T22:13:16Z</time>
        <sat>9</sat>
      </trkpt>
      <trkpt lat="40.642007" lon="-0.142902">
        <ele>1006.1</ele>
        <time>2014-04-14T22:13:20Z</time>
        <sat>9</sat>
      </trkpt>
      <trkpt lat="40.642004" lon="-0.143035">
        <ele>1008.2</ele>
        <time>2014-04-14T22:13:25Z</time>
        <sat>8</sat>
      </trkpt>
      <trkpt lat="40.642096" lon="-0.142993">
        <ele>1010.6</ele>
        <time>2014-04-14T22:13:30Z</time>
        <sat>9</sat>
      </trkpt>
      <trkpt lat="40.642184" lon="-0.142950">
        <ele>1010.9</ele>
        <time>2014-04-14T22:13:35Z</time>
        <sat>9</sat>
      </trkpt>
      <trkpt lat="40.642280" lon="-0.142929">
        <ele>1011.5</ele>
        <time>2014-04-14T22:13:40Z</time>
        <sat>9</sat>
      </trkpt>
      <trkpt lat="40.642372" lon="-0.142950">
        <ele>1012.9</ele>
        <time>2014-04-14T22:13:45Z</time>
        <sat>9</sat>
      </trkpt>
      <trkpt lat="40.642462" lon="-0.142930">
        <ele>1013.5</ele>
        <time>2014-04-14T22:13:49Z</time>
        <sat>9</sat>
      </trkpt>
      <trkpt lat="40.642554" lon="-0.142939">
        <ele>1013.8</ele>
        <time>2014-04-14T22:13:54Z</time>
        <sat>9</sat>
      </trkpt>
      <trkpt lat="40.642651" lon="-0.142965">
        <ele>1014.4</ele>
        <time>2014-04-14T22:13:59Z</time>
        <sat>9</sat>
      </trkpt>
      <trkpt lat="40.642724" lon="-0.143039">
        <ele>1015.7</ele>
        <time>2014-04-14T22:14:03Z</time>
        <sat>9</sat>
      </trkpt>
      <trkpt lat="40.642807" lon="-0.143124">
        <ele>1017.2</ele>
        <time>2014-04-14T22:14:09Z</time>
        <sat>9</sat>
      </trkpt>
      <trkpt lat="40.642900" lon="-0.143098">
        <ele>1018.3</ele>
        <time>2014-04-14T22:14:13Z</time>
        <sat>9</sat>
      </trkpt>
      <trkpt lat="40.642994" lon="-0.143088">
        <ele>1019.9</ele>
        <time>2014-04-14T22:14:18Z</time>
        <sat>9</sat>
      </trkpt>
      <trkpt lat="40.643100" lon="-0.143129">
        <ele>1020.6</ele>
        <time>2014-04-14T22:14:24Z</time>
        <sat>9</sat>
      </trkpt>
      <trkpt lat="40.643202" lon="-0.143185">
        <ele>1020.1</ele>
        <time>2014-04-14T22:14:29Z</time>
        <sat>9</sat>
      </trkpt>
      <trkpt lat="40.643301" lon="-0.143235">
        <ele>1018.6</ele>
        <time>2014-04-14T22:14:34Z</time>
        <sat>9</sat>
      </trkpt>
      <trkpt lat="40.643417" lon="-0.143264">
        <ele>1017.4</ele>
        <time>2014-04-14T22:14:40Z</time>
        <sat>9</sat>
      </trkpt>
      <trkpt lat="40.643535" lon="-0.143290">
        <ele>1016.9</ele>
        <time>2014-04-14T22:14:46Z</time>
        <sat>9</sat>
      </trkpt>
      <trkpt lat="40.643659" lon="-0.143350">
        <ele>1015.5</ele>
        <time>2014-04-14T22:14:53Z</time>
        <sat>9</sat>
      </trkpt>
      <trkpt lat="40.643765" lon="-0.143343">
        <ele>1015.5</ele>
        <time>2014-04-14T22:14:58Z</time>
        <sat>9</sat>
      </trkpt>
      <trkpt lat="40.643892" lon="-0.143337">
        <ele>1015.4</ele>
        <time>2014-04-14T22:15:05Z</time>
        <sat>9</sat>
      </trkpt>
      <trkpt lat="40.643987" lon="-0.143323">
        <ele>1015.9</ele>
        <time>2014-04-14T22:15:09Z</time>
        <sat>9</sat>
      </trkpt>
      <trkpt lat="40.644115" lon="-0.143307">
        <ele>1015.8</ele>
        <time>2014-04-14T22:15:16Z</time>
        <sat>9</sat>
      </trkpt>
      <trkpt lat="40.644219" lon="-0.143255">
        <ele>1014.9</ele>
        <time>2014-04-14T22:15:21Z</time>
        <sat>9</sat>
      </trkpt>
      <trkpt lat="40.644310" lon="-0.143190">
        <ele>1014.8</ele>
        <time>2014-04-14T22:15:27Z</time>
        <sat>9</sat>
      </trkpt>
      <trkpt lat="40.644410" lon="-0.143180">
        <ele>1013.8</ele>
        <time>2014-04-14T22:15:32Z</time>
        <sat>9</sat>
      </trkpt>
      <trkpt lat="40.644514" lon="-0.143178">
        <ele>1012.5</ele>
        <time>2014-04-14T22:15:37Z</time>
        <sat>9</sat>
      </trkpt>
      <trkpt lat="40.644615" lon="-0.143154">
        <ele>1011.7</ele>
        <time>2014-04-14T22:15:42Z</time>
        <sat>9</sat>
      </trkpt>
      <trkpt lat="40.644732" lon="-0.143112">
        <ele>1009.2</ele>
        <time>2014-04-14T22:15:48Z</time>
        <sat>9</sat>
      </trkpt>
      <trkpt lat="40.644854" lon="-0.143119">
        <ele>1005.5</ele>
        <time>2014-04-14T22:15:54Z</time>
        <sat>9</sat>
      </trkpt>
      <trkpt lat="40.644935" lon="-0.143262">
        <ele>1005.0</ele>
        <time>2014-04-14T22:16:01Z</time>
        <sat>9</sat>
      </trkpt>
      <trkpt lat="40.644935" lon="-0.143262">
        <ele>1005.0</ele>
        <time>2014-04-14T22:16:01Z</time>
        <sat>9</sat>
      </trkpt>
      <trkpt lat="40.645011" lon="-0.143345">
        <ele>1005.9</ele>
        <time>2014-04-14T22:16:06Z</time>
        <sat>9</sat>
      </trkpt>
      <trkpt lat="40.645087" lon="-0.143417">
        <ele>1007.3</ele>
        <time>2014-04-14T22:16:10Z</time>
        <sat>9</sat>
      </trkpt>
      <trkpt lat="40.645174" lon="-0.143490">
        <ele>1009.1</ele>
        <time>2014-04-14T22:16:16Z</time>
        <sat>9</sat>
      </trkpt>
      <trkpt lat="40.645255" lon="-0.143557">
        <ele>1011.2</ele>
        <time>2014-04-14T22:16:20Z</time>
        <sat>9</sat>
      </trkpt>
      <trkpt lat="40.645325" lon="-0.143640">
        <ele>1013.6</ele>
        <time>2014-04-14T22:16:25Z</time>
        <sat>9</sat>
      </trkpt>
      <trkpt lat="40.645382" lon="-0.143737">
        <ele>1015.2</ele>
        <time>2014-04-14T22:16:30Z</time>
        <sat>9</sat>
      </trkpt>
      <trkpt lat="40.645442" lon="-0.143831">
        <ele>1015.9</ele>
        <time>2014-04-14T22:16:34Z</time>
        <sat>9</sat>
      </trkpt>
      <trkpt lat="40.645519" lon="-0.143926">
        <ele>1016.8</ele>
        <time>2014-04-14T22:16:40Z</time>
        <sat>9</sat>
      </trkpt>
      <trkpt lat="40.645616" lon="-0.143967">
        <ele>1016.0</ele>
        <time>2014-04-14T22:16:45Z</time>
        <sat>9</sat>
      </trkpt>
      <trkpt lat="40.645704" lon="-0.143919">
        <ele>1014.3</ele>
        <time>2014-04-14T22:16:50Z</time>
        <sat>9</sat>
      </trkpt>
      <trkpt lat="40.645826" lon="-0.143856">
        <ele>1013.5</ele>
        <time>2014-04-14T22:16:56Z</time>
        <sat>9</sat>
      </trkpt>
      <trkpt lat="40.645929" lon="-0.143831">
        <ele>1012.5</ele>
        <time>2014-04-14T22:17:01Z</time>
        <sat>9</sat>
      </trkpt>
      <trkpt lat="40.646042" lon="-0.143817">
        <ele>1011.3</ele>
        <time>2014-04-14T22:17:07Z</time>
        <sat>9</sat>
      </trkpt>
      <trkpt lat="40.646172" lon="-0.143852">
        <ele>1010.9</ele>
        <time>2014-04-14T22:17:14Z</time>
        <sat>9</sat>
      </trkpt>
      <trkpt lat="40.646282" lon="-0.143965">
        <ele>1008.8</ele>
        <time>2014-04-14T22:17:21Z</time>
        <sat>9</sat>
      </trkpt>
      <trkpt lat="40.646368" lon="-0.144117">
        <ele>1006.4</ele>
        <time>2014-04-14T22:17:28Z</time>
        <sat>8</sat>
      </trkpt>
      <trkpt lat="40.646473" lon="-0.144264">
        <ele>1005.2</ele>
        <time>2014-04-14T22:17:36Z</time>
        <sat>9</sat>
      </trkpt>
      <trkpt lat="40.646586" lon="-0.144421">
        <ele>1003.7</ele>
        <time>2014-04-14T22:17:44Z</time>
        <sat>9</sat>
      </trkpt>
      <trkpt lat="40.646675" lon="-0.144587">
        <ele>1001.7</ele>
        <time>2014-04-14T22:17:51Z</time>
        <sat>9</sat>
      </trkpt>
      <trkpt lat="40.646779" lon="-0.144706">
        <ele>1000.4</ele>
        <time>2014-04-14T22:17:58Z</time>
        <sat>9</sat>
      </trkpt>
      <trkpt lat="40.646897" lon="-0.144791">
        <ele>999.6</ele>
        <time>2014-04-14T22:18:05Z</time>
        <sat>9</sat>
      </trkpt>
      <trkpt lat="40.647025" lon="-0.144875">
        <ele>998.2</ele>
        <time>2014-04-14T22:18:12Z</time>
        <sat>9</sat>
      </trkpt>
      <trkpt lat="40.647131" lon="-0.144978">
        <ele>996.6</ele>
        <time>2014-04-14T22:18:19Z</time>
        <sat>9</sat>
      </trkpt>
      <trkpt lat="40.647237" lon="-0.145050">
        <ele>995.5</ele>
        <time>2014-04-14T22:18:25Z</time>
        <sat>9</sat>
      </trkpt>
      <trkpt lat="40.647341" lon="-0.145057">
        <ele>994.9</ele>
        <time>2014-04-14T22:18:30Z</time>
        <sat>9</sat>
      </trkpt>
      <trkpt lat="40.647429" lon="-0.145016">
        <ele>995.2</ele>
        <time>2014-04-14T22:18:35Z</time>
        <sat>9</sat>
      </trkpt>
      <trkpt lat="40.647497" lon="-0.144913">
        <ele>996.3</ele>
        <time>2014-04-14T22:18:40Z</time>
        <sat>9</sat>
      </trkpt>
      <trkpt lat="40.647571" lon="-0.144828">
        <ele>997.1</ele>
        <time>2014-04-14T22:18:45Z</time>
        <sat>9</sat>
      </trkpt>
      <trkpt lat="40.647651" lon="-0.144767">
        <ele>997.7</ele>
        <time>2014-04-14T22:18:49Z</time>
        <sat>9</sat>
      </trkpt>
      <trkpt lat="40.647651" lon="-0.144767">
        <ele>997.7</ele>
        <time>2014-04-14T22:18:49Z</time>
        <sat>9</sat>
      </trkpt>
      <trkpt lat="40.647736" lon="-0.144722">
        <ele>998.0</ele>
        <time>2014-04-14T22:18:54Z</time>
        <sat>9</sat>
      </trkpt>
      <trkpt lat="40.647835" lon="-0.144747">
        <ele>997.0</ele>
        <time>2014-04-14T22:18:59Z</time>
        <sat>9</sat>
      </trkpt>
      <trkpt lat="40.647932" lon="-0.144820">
        <ele>996.0</ele>
        <time>2014-04-14T22:19:05Z</time>
        <sat>9</sat>
      </trkpt>
      <trkpt lat="40.648034" lon="-0.144886">
        <ele>996.2</ele>
        <time>2014-04-14T22:19:10Z</time>
        <sat>9</sat>
      </trkpt>
      <trkpt lat="40.648129" lon="-0.144931">
        <ele>996.8</ele>
        <time>2014-04-14T22:19:15Z</time>
        <sat>9</sat>
      </trkpt>
      <trkpt lat="40.648225" lon="-0.144959">
        <ele>997.7</ele>
        <time>2014-04-14T22:19:20Z</time>
        <sat>9</sat>
      </trkpt>
      <trkpt lat="40.648320" lon="-0.144989">
        <ele>998.5</ele>
        <time>2014-04-14T22:19:25Z</time>
        <sat>9</sat>
      </trkpt>
      <trkpt lat="40.648413" lon="-0.145047">
        <ele>999.0</ele>
        <time>2014-04-14T22:19:30Z</time>
        <sat>9</sat>
      </trkpt>
      <trkpt lat="40.648489" lon="-0.145115">
        <ele>998.2</ele>
        <time>2014-04-14T22:19:35Z</time>
        <sat>9</sat>
      </trkpt>
      <trkpt lat="40.648582" lon="-0.145178">
        <ele>996.9</ele>
        <time>2014-04-14T22:19:40Z</time>
        <sat>9</sat>
      </trkpt>
      <trkpt lat="40.648665" lon="-0.145243">
        <ele>996.0</ele>
        <time>2014-04-14T22:19:45Z</time>
        <sat>9</sat>
      </trkpt>
      <trkpt lat="40.648754" lon="-0.145219">
        <ele>996.7</ele>
        <time>2014-04-14T22:19:50Z</time>
        <sat>9</sat>
      </trkpt>
      <trkpt lat="40.648848" lon="-0.145206">
        <ele>997.2</ele>
        <time>2014-04-14T22:19:54Z</time>
        <sat>9</sat>
      </trkpt>
      <trkpt lat="40.648937" lon="-0.145226">
        <ele>997.4</ele>
        <time>2014-04-14T22:19:59Z</time>
        <sat>9</sat>
      </trkpt>
      <trkpt lat="40.649041" lon="-0.145228">
        <ele>998.1</ele>
        <time>2014-04-14T22:20:04Z</time>
        <sat>9</sat>
      </trkpt>
      <trkpt lat="40.649123" lon="-0.145289">
        <ele>998.0</ele>
        <time>2014-04-14T22:20:09Z</time>
        <sat>9</sat>
      </trkpt>
      <trkpt lat="40.649214" lon="-0.145349">
        <ele>998.2</ele>
        <time>2014-04-14T22:20:14Z</time>
        <sat>9</sat>
      </trkpt>
      <trkpt lat="40.649300" lon="-0.145411">
        <ele>998.5</ele>
        <time>2014-04-14T22:20:19Z</time>
        <sat>9</sat>
      </trkpt>
      <trkpt lat="40.649394" lon="-0.145446">
        <ele>999.6</ele>
        <time>2014-04-14T22:20:24Z</time>
        <sat>9</sat>
      </trkpt>
      <trkpt lat="40.649494" lon="-0.145485">
        <ele>1000.5</ele>
        <time>2014-04-14T22:20:29Z</time>
        <sat>9</sat>
      </trkpt>
      <trkpt lat="40.649574" lon="-0.145540">
        <ele>1001.3</ele>
        <time>2014-04-14T22:20:33Z</time>
        <sat>9</sat>
      </trkpt>
      <trkpt lat="40.649667" lon="-0.145541">
        <ele>1002.7</ele>
        <time>2014-04-14T22:20:38Z</time>
        <sat>9</sat>
      </trkpt>
      <trkpt lat="40.649763" lon="-0.145514">
        <ele>1004.1</ele>
        <time>2014-04-14T22:20:43Z</time>
        <sat>9</sat>
      </trkpt>
      <trkpt lat="40.649852" lon="-0.145546">
        <ele>1004.7</ele>
        <time>2014-04-14T22:20:47Z</time>
        <sat>9</sat>
      </trkpt>
      <trkpt lat="40.649932" lon="-0.145634">
        <ele>1005.1</ele>
        <time>2014-04-14T22:20:53Z</time>
        <sat>9</sat>
      </trkpt>
      <trkpt lat="40.649982" lon="-0.145734">
        <ele>1005.4</ele>
        <time>2014-04-14T22:20:57Z</time>
        <sat>8</sat>
      </trkpt>
      <trkpt lat="40.650044" lon="-0.145824">
        <ele>1005.2</ele>
        <time>2014-04-14T22:21:02Z</time>
        <sat>9</sat>
      </trkpt>
      <trkpt lat="40.650105" lon="-0.145945">
        <ele>1005.8</ele>
        <time>2014-04-14T22:21:07Z</time>
        <sat>9</sat>
      </trkpt>
      <trkpt lat="40.650159" lon="-0.146060">
        <ele>1006.9</ele>
        <time>2014-04-14T22:21:12Z</time>
        <sat>9</sat>
      </trkpt>
      <trkpt lat="40.650170" lon="-0.146184">
        <ele>1006.5</ele>
        <time>2014-04-14T22:21:17Z</time>
        <sat>9</sat>
      </trkpt>
      <trkpt lat="40.650207" lon="-0.146306">
        <ele>1008.3</ele>
        <time>2014-04-14T22:21:22Z</time>
        <sat>8</sat>
      </trkpt>
      <trkpt lat="40.650274" lon="-0.146396">
        <ele>1008.5</ele>
        <time>2014-04-14T22:21:27Z</time>
        <sat>8</sat>
      </trkpt>
      <trkpt lat="40.650274" lon="-0.146396">
        <ele>1008.5</ele>
        <time>2014-04-14T22:21:27Z</time>
        <sat>8</sat>
      </trkpt>
      <trkpt lat="40.650295" lon="-0.146496">
        <ele>1008.0</ele>
        <time>2014-04-14T22:21:31Z</time>
        <sat>9</sat>
      </trkpt>
      <trkpt lat="40.650316" lon="-0.146645">
        <ele>1005.9</ele>
        <time>2014-04-14T22:21:37Z</time>
        <sat>9</sat>
      </trkpt>
      <trkpt lat="40.650319" lon="-0.146815">
        <ele>1002.9</ele>
        <time>2014-04-14T22:21:43Z</time>
        <sat>9</sat>
      </trkpt>
      <trkpt lat="40.650303" lon="-0.146953">
        <ele>1001.3</ele>
        <time>2014-04-14T22:21:48Z</time>
        <sat>9</sat>
      </trkpt>
      <trkpt lat="40.650271" lon="-0.147103">
        <ele>999.5</ele>
        <time>2014-04-14T22:21:54Z</time>
        <sat>9</sat>
      </trkpt>
      <trkpt lat="40.650250" lon="-0.147290">
        <ele>996.3</ele>
        <time>2014-04-14T22:22:02Z</time>
        <sat>9</sat>
      </trkpt>
      <trkpt lat="40.650263" lon="-0.147512">
        <ele>992.1</ele>
        <time>2014-04-14T22:22:10Z</time>
        <sat>9</sat>
      </trkpt>
      <trkpt lat="40.650265" lon="-0.147634">
        <ele>990.6</ele>
        <time>2014-04-14T22:22:15Z</time>
        <sat>9</sat>
      </trkpt>
      <trkpt lat="40.650264" lon="-0.147763">
        <ele>989.3</ele>
        <time>2014-04-14T22:22:19Z</time>
        <sat>9</sat>
      </trkpt>
      <trkpt lat="40.650260" lon="-0.147897">
        <ele>988.2</ele>
        <time>2014-04-14T22:22:25Z</time>
        <sat>9</sat>
      </trkpt>
      <trkpt lat="40.650253" lon="-0.148026">
        <ele>987.2</ele>
        <time>2014-04-14T22:22:29Z</time>
        <sat>9</sat>
      </trkpt>
      <trkpt lat="40.650278" lon="-0.148147">
        <ele>986.0</ele>
        <time>2014-04-14T22:22:34Z</time>
        <sat>9</sat>
      </trkpt>
      <trkpt lat="40.650237" lon="-0.148371">
        <ele>985.4</ele>
        <time>2014-04-14T22:22:43Z</time>
        <sat>9</sat>
      </trkpt>
      <trkpt lat="40.650237" lon="-0.148371">
        <ele>985.4</ele>
        <time>2014-04-14T22:22:43Z</time>
        <sat>9</sat>
      </trkpt>
      <trkpt lat="40.650237" lon="-0.148595">
        <ele>985.7</ele>
        <time>2014-04-14T22:22:52Z</time>
        <sat>9</sat>
      </trkpt>
      <trkpt lat="40.650232" lon="-0.148680">
        <ele>986.2</ele>
        <time>2014-04-14T22:22:55Z</time>
        <sat>9</sat>
      </trkpt>
      <trkpt lat="40.650188" lon="-0.148803">
        <ele>988.1</ele>
        <time>2014-04-14T22:23:00Z</time>
        <sat>9</sat>
      </trkpt>
      <trkpt lat="40.650280" lon="-0.148819">
        <ele>986.6</ele>
        <time>2014-04-14T22:23:05Z</time>
        <sat>9</sat>
      </trkpt>
      <trkpt lat="40.650384" lon="-0.148876">
        <ele>986.1</ele>
        <time>2014-04-14T22:23:10Z</time>
        <sat>9</sat>
      </trkpt>
      <trkpt lat="40.650471" lon="-0.148958">
        <ele>984.5</ele>
        <time>2014-04-14T22:23:16Z</time>
        <sat>8</sat>
      </trkpt>
      <trkpt lat="40.650540" lon="-0.149059">
        <ele>984.0</ele>
        <time>2014-04-14T22:23:21Z</time>
        <sat>8</sat>
      </trkpt>
      <trkpt lat="40.650610" lon="-0.149145">
        <ele>983.9</ele>
        <time>2014-04-14T22:23:25Z</time>
        <sat>7</sat>
      </trkpt>
      <trkpt lat="40.650700" lon="-0.149218">
        <ele>982.1</ele>
        <time>2014-04-14T22:23:31Z</time>
        <sat>7</sat>
      </trkpt>
      <trkpt lat="40.650797" lon="-0.149262">
        <ele>979.6</ele>
        <time>2014-04-14T22:23:36Z</time>
        <sat>7</sat>
      </trkpt>
      <trkpt lat="40.650905" lon="-0.149366">
        <ele>979.1</ele>
        <time>2014-04-14T22:23:43Z</time>
        <sat>7</sat>
      </trkpt>
      <trkpt lat="40.651010" lon="-0.149433">
        <ele>976.9</ele>
        <time>2014-04-14T22:23:48Z</time>
        <sat>7</sat>
      </trkpt>
      <trkpt lat="40.651089" lon="-0.149505">
        <ele>976.3</ele>
        <time>2014-04-14T22:23:53Z</time>
        <sat>7</sat>
      </trkpt>
      <trkpt lat="40.651169" lon="-0.149578">
        <ele>974.6</ele>
        <time>2014-04-14T22:23:58Z</time>
        <sat>7</sat>
      </trkpt>
      <trkpt lat="40.651224" lon="-0.149679">
        <ele>975.4</ele>
        <time>2014-04-14T22:24:03Z</time>
        <sat>7</sat>
      </trkpt>
      <trkpt lat="40.651313" lon="-0.149672">
        <ele>965.9</ele>
        <time>2014-04-14T22:24:07Z</time>
        <sat>7</sat>
      </trkpt>
      <trkpt lat="40.651376" lon="-0.149819">
        <ele>965.4</ele>
        <time>2014-04-14T22:24:14Z</time>
        <sat>7</sat>
      </trkpt>
      <trkpt lat="40.651424" lon="-0.149925">
        <ele>965.5</ele>
        <time>2014-04-14T22:24:18Z</time>
        <sat>7</sat>
      </trkpt>
      <trkpt lat="40.651473" lon="-0.150078">
        <ele>968.2</ele>
        <time>2014-04-14T22:24:25Z</time>
        <sat>7</sat>
      </trkpt>
      <trkpt lat="40.651535" lon="-0.150184">
        <ele>966.9</ele>
        <time>2014-04-14T22:24:30Z</time>
        <sat>7</sat>
      </trkpt>
      <trkpt lat="40.651615" lon="-0.150256">
        <ele>959.3</ele>
        <time>2014-04-14T22:24:35Z</time>
        <sat>7</sat>
      </trkpt>
      <trkpt lat="40.651712" lon="-0.150319">
        <ele>954.8</ele>
        <time>2014-04-14T22:24:40Z</time>
        <sat>7</sat>
      </trkpt>
      <trkpt lat="40.651660" lon="-0.150189">
        <ele>953.7</ele>
        <time>2014-04-14T22:24:46Z</time>
        <sat>7</sat>
      </trkpt>
      <trkpt lat="40.651619" lon="-0.150079">
        <ele>952.5</ele>
        <time>2014-04-14T22:24:50Z</time>
        <sat>7</sat>
      </trkpt>
      <trkpt lat="40.651719" lon="-0.150090">
        <ele>948.6</ele>
        <time>2014-04-14T22:24:55Z</time>
        <sat>7</sat>
      </trkpt>
      <trkpt lat="40.651713" lon="-0.149969">
        <ele>945.0</ele>
        <time>2014-04-14T22:25:00Z</time>
        <sat>7</sat>
      </trkpt>
      <trkpt lat="40.651793" lon="-0.150060">
        <ele>945.4</ele>
        <time>2014-04-14T22:25:05Z</time>
        <sat>7</sat>
      </trkpt>
      <trkpt lat="40.651852" lon="-0.150170">
        <ele>945.0</ele>
        <time>2014-04-14T22:25:10Z</time>
        <sat>7</sat>
      </trkpt>
      <trkpt lat="40.651939" lon="-0.150289">
        <ele>941.8</ele>
        <time>2014-04-14T22:25:17Z</time>
        <sat>7</sat>
      </trkpt>
      <trkpt lat="40.652001" lon="-0.150380">
        <ele>941.2</ele>
        <time>2014-04-14T22:25:21Z</time>
        <sat>7</sat>
      </trkpt>
      <trkpt lat="40.652100" lon="-0.150499">
        <ele>942.7</ele>
        <time>2014-04-14T22:25:28Z</time>
        <sat>7</sat>
      </trkpt>
      <trkpt lat="40.652161" lon="-0.150591">
        <ele>944.2</ele>
        <time>2014-04-14T22:25:33Z</time>
        <sat>7</sat>
      </trkpt>
      <trkpt lat="40.652237" lon="-0.150664">
        <ele>940.0</ele>
        <time>2014-04-14T22:25:37Z</time>
        <sat>7</sat>
      </trkpt>
      <trkpt lat="40.652293" lon="-0.150788">
        <ele>938.3</ele>
        <time>2014-04-14T22:25:43Z</time>
        <sat>7</sat>
      </trkpt>
      <trkpt lat="40.652363" lon="-0.150912">
        <ele>937.7</ele>
        <time>2014-04-14T22:25:49Z</time>
        <sat>7</sat>
      </trkpt>
      <trkpt lat="40.652477" lon="-0.150960">
        <ele>934.0</ele>
        <time>2014-04-14T22:25:55Z</time>
        <sat>7</sat>
      </trkpt>
      <trkpt lat="40.652599" lon="-0.150980">
        <ele>930.0</ele>
        <time>2014-04-14T22:26:01Z</time>
        <sat>7</sat>
      </trkpt>
      <trkpt lat="40.652697" lon="-0.151047">
        <ele>924.4</ele>
        <time>2014-04-14T22:26:06Z</time>
        <sat>8</sat>
      </trkpt>
      <trkpt lat="40.652759" lon="-0.151181">
        <ele>922.1</ele>
        <time>2014-04-14T22:26:12Z</time>
        <sat>8</sat>
      </trkpt>
      <trkpt lat="40.652819" lon="-0.151319">
        <ele>922.1</ele>
        <time>2014-04-14T22:26:18Z</time>
        <sat>7</sat>
      </trkpt>
      <trkpt lat="40.652902" lon="-0.151406">
        <ele>917.7</ele>
        <time>2014-04-14T22:26:24Z</time>
        <sat>7</sat>
      </trkpt>
      <trkpt lat="40.652985" lon="-0.151492">
        <ele>914.4</ele>
        <time>2014-04-14T22:26:29Z</time>
        <sat>7</sat>
      </trkpt>
      <trkpt lat="40.653044" lon="-0.151593">
        <ele>914.2</ele>
        <time>2014-04-14T22:26:34Z</time>
        <sat>7</sat>
      </trkpt>
      <trkpt lat="40.653106" lon="-0.151713">
        <ele>911.0</ele>
        <time>2014-04-14T22:26:39Z</time>
        <sat>7</sat>
      </trkpt>
      <trkpt lat="40.653169" lon="-0.151819">
        <ele>910.7</ele>
        <time>2014-04-14T22:26:44Z</time>
        <sat>7</sat>
      </trkpt>
      <trkpt lat="40.653270" lon="-0.151923">
        <ele>910.1</ele>
        <time>2014-04-14T22:26:51Z</time>
        <sat>7</sat>
      </trkpt>
      <trkpt lat="40.653361" lon="-0.152042">
        <ele>906.8</ele>
        <time>2014-04-14T22:26:57Z</time>
        <sat>7</sat>
      </trkpt>
      <trkpt lat="40.653448" lon="-0.152152">
        <ele>902.9</ele>
        <time>2014-04-14T22:27:03Z</time>
        <sat>7</sat>
      </trkpt>
      <trkpt lat="40.653526" lon="-0.152275">
        <ele>904.0</ele>
        <time>2014-04-14T22:27:09Z</time>
        <sat>7</sat>
      </trkpt>
      <trkpt lat="40.653591" lon="-0.152363">
        <ele>906.0</ele>
        <time>2014-04-14T22:27:14Z</time>
        <sat>7</sat>
      </trkpt>
      <trkpt lat="40.653675" lon="-0.152463">
        <ele>906.0</ele>
        <time>2014-04-14T22:27:20Z</time>
        <sat>7</sat>
      </trkpt>
      <trkpt lat="40.653768" lon="-0.152549">
        <ele>901.4</ele>
        <time>2014-04-14T22:27:25Z</time>
        <sat>7</sat>
      </trkpt>
      <trkpt lat="40.653858" lon="-0.152602">
        <ele>896.9</ele>
        <time>2014-04-14T22:27:30Z</time>
        <sat>8</sat>
      </trkpt>
      <trkpt lat="40.653967" lon="-0.152688">
        <ele>894.0</ele>
        <time>2014-04-14T22:27:37Z</time>
        <sat>8</sat>
      </trkpt>
      <trkpt lat="40.654039" lon="-0.152761">
        <ele>891.4</ele>
        <time>2014-04-14T22:27:41Z</time>
        <sat>8</sat>
      </trkpt>
      <trkpt lat="40.654128" lon="-0.152781">
        <ele>886.3</ele>
        <time>2014-04-14T22:27:46Z</time>
        <sat>8</sat>
      </trkpt>
      <trkpt lat="40.654152" lon="-0.152650">
        <ele>883.1</ele>
        <time>2014-04-14T22:27:51Z</time>
        <sat>8</sat>
      </trkpt>
      <trkpt lat="40.654221" lon="-0.152568">
        <ele>879.0</ele>
        <time>2014-04-14T22:27:55Z</time>
        <sat>8</sat>
      </trkpt>
      <trkpt lat="40.654284" lon="-0.152646">
        <ele>877.4</ele>
        <time>2014-04-14T22:28:00Z</time>
        <sat>8</sat>
      </trkpt>
      <trkpt lat="40.654325" lon="-0.152808">
        <ele>877.1</ele>
        <time>2014-04-14T22:28:06Z</time>
        <sat>8</sat>
      </trkpt>
      <trkpt lat="40.654363" lon="-0.152947">
        <ele>876.5</ele>
        <time>2014-04-14T22:28:12Z</time>
        <sat>8</sat>
      </trkpt>
      <trkpt lat="40.654435" lon="-0.153030">
        <ele>873.8</ele>
        <time>2014-04-14T22:28:17Z</time>
        <sat>8</sat>
      </trkpt>
      <trkpt lat="40.654477" lon="-0.153145">
        <ele>874.0</ele>
        <time>2014-04-14T22:28:22Z</time>
        <sat>8</sat>
      </trkpt>
      <trkpt lat="40.654522" lon="-0.153293">
        <ele>871.1</ele>
        <time>2014-04-14T22:28:28Z</time>
        <sat>8</sat>
      </trkpt>
      <trkpt lat="40.654585" lon="-0.153408">
        <ele>864.2</ele>
        <time>2014-04-14T22:28:33Z</time>
        <sat>7</sat>
      </trkpt>
      <trkpt lat="40.654657" lon="-0.153490">
        <ele>860.4</ele>
        <time>2014-04-14T22:28:38Z</time>
        <sat>7</sat>
      </trkpt>
      <trkpt lat="40.654747" lon="-0.153544">
        <ele>859.0</ele>
        <time>2014-04-14T22:28:43Z</time>
        <sat>7</sat>
      </trkpt>
      <trkpt lat="40.654827" lon="-0.153668">
        <ele>862.2</ele>
        <time>2014-04-14T22:28:49Z</time>
        <sat>8</sat>
      </trkpt>
      <trkpt lat="40.654890" lon="-0.153769">
        <ele>858.9</ele>
        <time>2014-04-14T22:28:54Z</time>
        <sat>8</sat>
      </trkpt>
      <trkpt lat="40.654973" lon="-0.153846">
        <ele>852.4</ele>
        <time>2014-04-14T22:28:59Z</time>
        <sat>8</sat>
      </trkpt>
      <trkpt lat="40.655046" lon="-0.153960">
        <ele>849.8</ele>
        <time>2014-04-14T22:29:05Z</time>
        <sat>8</sat>
      </trkpt>
      <trkpt lat="40.655151" lon="-0.154055">
        <ele>848.0</ele>
        <time>2014-04-14T22:29:11Z</time>
        <sat>8</sat>
      </trkpt>
      <trkpt lat="40.655248" lon="-0.154141">
        <ele>846.1</ele>
        <time>2014-04-14T22:29:17Z</time>
        <sat>8</sat>
      </trkpt>
      <trkpt lat="40.655304" lon="-0.154261">
        <ele>843.2</ele>
        <time>2014-04-14T22:29:22Z</time>
        <sat>8</sat>
      </trkpt>
      <trkpt lat="40.655352" lon="-0.154381">
        <ele>840.7</ele>
        <time>2014-04-14T22:29:27Z</time>
        <sat>8</sat>
      </trkpt>
      <trkpt lat="40.655429" lon="-0.154524">
        <ele>839.7</ele>
        <time>2014-04-14T22:29:34Z</time>
        <sat>8</sat>
      </trkpt>
      <trkpt lat="40.655506" lon="-0.154653">
        <ele>841.2</ele>
        <time>2014-04-14T22:29:40Z</time>
        <sat>8</sat>
      </trkpt>
      <trkpt lat="40.655582" lon="-0.154744">
        <ele>838.7</ele>
        <time>2014-04-14T22:29:45Z</time>
        <sat>8</sat>
      </trkpt>
      <trkpt lat="40.655659" lon="-0.154863">
        <ele>835.2</ele>
        <time>2014-04-14T22:29:51Z</time>
        <sat>8</sat>
      </trkpt>
      <trkpt lat="40.655721" lon="-0.154960">
        <ele>833.5</ele>
        <time>2014-04-14T22:29:56Z</time>
        <sat>8</sat>
      </trkpt>
      <trkpt lat="40.655766" lon="-0.155061">
        <ele>833.7</ele>
        <time>2014-04-14T22:30:00Z</time>
        <sat>8</sat>
      </trkpt>
      <trkpt lat="40.655807" lon="-0.155191">
        <ele>835.0</ele>
        <time>2014-04-14T22:30:06Z</time>
        <sat>8</sat>
      </trkpt>
      <trkpt lat="40.655895" lon="-0.155291">
        <ele>833.7</ele>
        <time>2014-04-14T22:30:12Z</time>
        <sat>8</sat>
      </trkpt>
      <trkpt lat="40.655964" lon="-0.155439">
        <ele>832.1</ele>
        <time>2014-04-14T22:30:18Z</time>
        <sat>8</sat>
      </trkpt>
      <trkpt lat="40.655997" lon="-0.155491">
        <ele>830.6</ele>
        <time>2014-04-14T22:30:21Z</time>
        <sat>8</sat>
      </trkpt>
      <trkpt lat="40.655958" lon="-0.155650">
        <ele>831.5</ele>
        <time>2014-04-14T22:30:27Z</time>
        <sat>8</sat>
      </trkpt>
      <trkpt lat="40.655939" lon="-0.155811">
        <ele>832.1</ele>
        <time>2014-04-14T22:30:33Z</time>
        <sat>8</sat>
      </trkpt>
      <trkpt lat="40.655915" lon="-0.155942">
        <ele>831.1</ele>
        <time>2014-04-14T22:30:38Z</time>
        <sat>8</sat>
      </trkpt>
      <trkpt lat="40.655862" lon="-0.156039">
        <ele>830.3</ele>
        <time>2014-04-14T22:30:43Z</time>
        <sat>8</sat>
      </trkpt>
      <trkpt lat="40.655822" lon="-0.156170">
        <ele>828.4</ele>
        <time>2014-04-14T22:30:48Z</time>
        <sat>8</sat>
      </trkpt>
      <trkpt lat="40.655800" lon="-0.156294">
        <ele>826.5</ele>
        <time>2014-04-14T22:30:53Z</time>
        <sat>7</sat>
      </trkpt>
      <trkpt lat="40.655789" lon="-0.156422">
        <ele>825.2</ele>
        <time>2014-04-14T22:30:58Z</time>
        <sat>8</sat>
      </trkpt>
      <trkpt lat="40.655800" lon="-0.156562">
        <ele>823.7</ele>
        <time>2014-04-14T22:31:03Z</time>
        <sat>8</sat>
      </trkpt>
      <trkpt lat="40.655777" lon="-0.156699">
        <ele>822.8</ele>
        <time>2014-04-14T22:31:09Z</time>
        <sat>8</sat>
      </trkpt>
      <trkpt lat="40.655741" lon="-0.156822">
        <ele>822.6</ele>
        <time>2014-04-14T22:31:14Z</time>
        <sat>8</sat>
      </trkpt>
      <trkpt lat="40.655694" lon="-0.156947">
        <ele>823.8</ele>
        <time>2014-04-14T22:31:19Z</time>
        <sat>8</sat>
      </trkpt>
      <trkpt lat="40.655644" lon="-0.157072">
        <ele>824.9</ele>
        <time>2014-04-14T22:31:24Z</time>
        <sat>8</sat>
      </trkpt>
      <trkpt lat="40.655602" lon="-0.157205">
        <ele>823.2</ele>
        <time>2014-04-14T22:31:30Z</time>
        <sat>8</sat>
      </trkpt>
      <trkpt lat="40.655562" lon="-0.157317">
        <ele>822.0</ele>
        <time>2014-04-14T22:31:35Z</time>
        <sat>8</sat>
      </trkpt>
      <trkpt lat="40.655492" lon="-0.157402">
        <ele>823.4</ele>
        <time>2014-04-14T22:31:39Z</time>
        <sat>8</sat>
      </trkpt>
      <trkpt lat="40.655421" lon="-0.157481">
        <ele>825.3</ele>
        <time>2014-04-14T22:31:44Z</time>
        <sat>8</sat>
      </trkpt>
      <trkpt lat="40.655377" lon="-0.157591">
        <ele>826.2</ele>
        <time>2014-04-14T22:31:49Z</time>
        <sat>8</sat>
      </trkpt>
      <trkpt lat="40.655359" lon="-0.157717">
        <ele>825.7</ele>
        <time>2014-04-14T22:31:54Z</time>
        <sat>8</sat>
      </trkpt>
      <trkpt lat="40.655354" lon="-0.157839">
        <ele>824.7</ele>
        <time>2014-04-14T22:31:58Z</time>
        <sat>8</sat>
      </trkpt>
      <trkpt lat="40.655355" lon="-0.157962">
        <ele>824.6</ele>
        <time>2014-04-14T22:32:03Z</time>
        <sat>8</sat>
      </trkpt>
      <trkpt lat="40.655365" lon="-0.158092">
        <ele>824.6</ele>
        <time>2014-04-14T22:32:08Z</time>
        <sat>8</sat>
      </trkpt>
      <trkpt lat="40.655362" lon="-0.158225">
        <ele>825.2</ele>
        <time>2014-04-14T22:32:13Z</time>
        <sat>8</sat>
      </trkpt>
      <trkpt lat="40.655396" lon="-0.158350">
        <ele>824.1</ele>
        <time>2014-04-14T22:32:18Z</time>
        <sat>8</sat>
      </trkpt>
      <trkpt lat="40.655427" lon="-0.158486">
        <ele>823.2</ele>
        <time>2014-04-14T22:32:23Z</time>
        <sat>8</sat>
      </trkpt>
      <trkpt lat="40.655440" lon="-0.158624">
        <ele>823.5</ele>
        <time>2014-04-14T22:32:29Z</time>
        <sat>8</sat>
      </trkpt>
      <trkpt lat="40.655454" lon="-0.158752">
        <ele>823.9</ele>
        <time>2014-04-14T22:32:33Z</time>
        <sat>8</sat>
      </trkpt>
      <trkpt lat="40.655475" lon="-0.158882">
        <ele>824.0</ele>
        <time>2014-04-14T22:32:39Z</time>
        <sat>8</sat>
      </trkpt>
      <trkpt lat="40.655492" lon="-0.159015">
        <ele>824.4</ele>
        <time>2014-04-14T22:32:44Z</time>
        <sat>8</sat>
      </trkpt>
      <trkpt lat="40.655497" lon="-0.159137">
        <ele>825.0</ele>
        <time>2014-04-14T22:32:48Z</time>
        <sat>8</sat>
      </trkpt>
      <trkpt lat="40.655514" lon="-0.159257">
        <ele>824.8</ele>
        <time>2014-04-14T22:32:53Z</time>
        <sat>8</sat>
      </trkpt>
      <trkpt lat="40.655536" lon="-0.159385">
        <ele>824.4</ele>
        <time>2014-04-14T22:32:58Z</time>
        <sat>8</sat>
      </trkpt>
      <trkpt lat="40.655565" lon="-0.159517">
        <ele>823.9</ele>
        <time>2014-04-14T22:33:03Z</time>
        <sat>8</sat>
      </trkpt>
      <trkpt lat="40.655574" lon="-0.159649">
        <ele>824.5</ele>
        <time>2014-04-14T22:33:08Z</time>
        <sat>8</sat>
      </trkpt>
      <trkpt lat="40.655599" lon="-0.159770">
        <ele>825.1</ele>
        <time>2014-04-14T22:33:13Z</time>
        <sat>8</sat>
      </trkpt>
      <trkpt lat="40.655611" lon="-0.159894">
        <ele>826.1</ele>
        <time>2014-04-14T22:33:18Z</time>
        <sat>8</sat>
      </trkpt>
      <trkpt lat="40.655631" lon="-0.160027">
        <ele>825.9</ele>
        <time>2014-04-14T22:33:23Z</time>
        <sat>8</sat>
      </trkpt>
      <trkpt lat="40.655636" lon="-0.160156">
        <ele>826.1</ele>
        <time>2014-04-14T22:33:28Z</time>
        <sat>8</sat>
      </trkpt>
      <trkpt lat="40.655659" lon="-0.160271">
        <ele>826.8</ele>
        <time>2014-04-14T22:33:32Z</time>
        <sat>8</sat>
      </trkpt>
      <trkpt lat="40.655695" lon="-0.160390">
        <ele>827.2</ele>
        <time>2014-04-14T22:33:37Z</time>
        <sat>8</sat>
      </trkpt>
      <trkpt lat="40.655714" lon="-0.160513">
        <ele>828.5</ele>
        <time>2014-04-14T22:33:42Z</time>
        <sat>8</sat>
      </trkpt>
      <trkpt lat="40.655729" lon="-0.160635">
        <ele>829.5</ele>
        <time>2014-04-14T22:33:47Z</time>
        <sat>8</sat>
      </trkpt>
      <trkpt lat="40.655734" lon="-0.160756">
        <ele>830.2</ele>
        <time>2014-04-14T22:33:51Z</time>
        <sat>8</sat>
      </trkpt>
      <trkpt lat="40.655834" lon="-0.160795">
        <ele>826.1</ele>
        <time>2014-04-14T22:33:56Z</time>
        <sat>8</sat>
      </trkpt>
      <trkpt lat="40.655922" lon="-0.160825">
        <ele>824.8</ele>
        <time>2014-04-14T22:34:01Z</time>
        <sat>8</sat>
      </trkpt>
      <trkpt lat="40.655992" lon="-0.160907">
        <ele>824.8</ele>
        <time>2014-04-14T22:34:06Z</time>
        <sat>8</sat>
      </trkpt>
      <trkpt lat="40.656062" lon="-0.161014">
        <ele>825.2</ele>
        <time>2014-04-14T22:34:11Z</time>
        <sat>8</sat>
      </trkpt>
      <trkpt lat="40.656167" lon="-0.161032">
        <ele>824.8</ele>
        <time>2014-04-14T22:34:16Z</time>
        <sat>8</sat>
      </trkpt>
      <trkpt lat="40.656245" lon="-0.161129">
        <ele>823.3</ele>
        <time>2014-04-14T22:34:22Z</time>
        <sat>8</sat>
      </trkpt>
      <trkpt lat="40.656321" lon="-0.161235">
        <ele>820.8</ele>
        <time>2014-04-14T22:34:27Z</time>
        <sat>8</sat>
      </trkpt>
      <trkpt lat="40.656254" lon="-0.161327">
        <ele>819.4</ele>
        <time>2014-04-14T22:34:32Z</time>
        <sat>8</sat>
      </trkpt>
      <trkpt lat="40.656291" lon="-0.161484">
        <ele>816.1</ele>
        <time>2014-04-14T22:34:38Z</time>
        <sat>8</sat>
      </trkpt>
      <trkpt lat="40.656375" lon="-0.161585">
        <ele>812.6</ele>
        <time>2014-04-14T22:34:44Z</time>
        <sat>8</sat>
      </trkpt>
      <trkpt lat="40.656445" lon="-0.161689">
        <ele>808.4</ele>
        <time>2014-04-14T22:34:49Z</time>
        <sat>8</sat>
      </trkpt>
      <trkpt lat="40.656496" lon="-0.161825">
        <ele>805.6</ele>
        <time>2014-04-14T22:34:55Z</time>
        <sat>8</sat>
      </trkpt>
      <trkpt lat="40.656604" lon="-0.161949">
        <ele>802.8</ele>
        <time>2014-04-14T22:35:02Z</time>
        <sat>8</sat>
      </trkpt>
      <trkpt lat="40.656712" lon="-0.162057">
        <ele>800.3</ele>
        <time>2014-04-14T22:35:09Z</time>
        <sat>8</sat>
      </trkpt>
      <trkpt lat="40.656844" lon="-0.162147">
        <ele>800.0</ele>
        <time>2014-04-14T22:35:16Z</time>
        <sat>8</sat>
      </trkpt>
      <trkpt lat="40.656974" lon="-0.162222">
        <ele>801.4</ele>
        <time>2014-04-14T22:35:23Z</time>
        <sat>8</sat>
      </trkpt>
      <trkpt lat="40.657078" lon="-0.162292">
        <ele>799.0</ele>
        <time>2014-04-14T22:35:29Z</time>
        <sat>8</sat>
      </trkpt>
      <trkpt lat="40.657193" lon="-0.162330">
        <ele>797.5</ele>
        <time>2014-04-14T22:35:35Z</time>
        <sat>8</sat>
      </trkpt>
      <trkpt lat="40.657335" lon="-0.162379">
        <ele>795.3</ele>
        <time>2014-04-14T22:35:43Z</time>
        <sat>8</sat>
      </trkpt>
      <trkpt lat="40.657441" lon="-0.162426">
        <ele>792.4</ele>
        <time>2014-04-14T22:35:48Z</time>
        <sat>8</sat>
      </trkpt>
      <trkpt lat="40.657529" lon="-0.162457">
        <ele>790.3</ele>
        <time>2014-04-14T22:35:53Z</time>
        <sat>8</sat>
      </trkpt>
      <trkpt lat="40.657651" lon="-0.162518">
        <ele>787.5</ele>
        <time>2014-04-14T22:35:59Z</time>
        <sat>8</sat>
      </trkpt>
      <trkpt lat="40.657747" lon="-0.162592">
        <ele>785.8</ele>
        <time>2014-04-14T22:36:05Z</time>
        <sat>8</sat>
      </trkpt>
      <trkpt lat="40.657841" lon="-0.162664">
        <ele>783.7</ele>
        <time>2014-04-14T22:36:10Z</time>
        <sat>8</sat>
      </trkpt>
      <trkpt lat="40.657917" lon="-0.162737">
        <ele>781.9</ele>
        <time>2014-04-14T22:36:15Z</time>
        <sat>8</sat>
      </trkpt>
      <trkpt lat="40.658024" lon="-0.162748">
        <ele>781.0</ele>
        <time>2014-04-14T22:36:20Z</time>
        <sat>8</sat>
      </trkpt>
      <trkpt lat="40.658129" lon="-0.162787">
        <ele>777.6</ele>
        <time>2014-04-14T22:36:26Z</time>
        <sat>8</sat>
      </trkpt>
      <trkpt lat="40.658262" lon="-0.162807">
        <ele>772.3</ele>
        <time>2014-04-14T22:36:33Z</time>
        <sat>8</sat>
      </trkpt>
      <trkpt lat="40.658389" lon="-0.162777">
        <ele>768.0</ele>
        <time>2014-04-14T22:36:39Z</time>
        <sat>8</sat>
      </trkpt>
      <trkpt lat="40.658502" lon="-0.162719">
        <ele>763.8</ele>
        <time>2014-04-14T22:36:45Z</time>
        <sat>8</sat>
      </trkpt>
      <trkpt lat="40.658579" lon="-0.162649">
        <ele>761.3</ele>
        <time>2014-04-14T22:36:50Z</time>
        <sat>8</sat>
      </trkpt>
      <trkpt lat="40.658675" lon="-0.162565">
        <ele>757.0</ele>
        <time>2014-04-14T22:36:55Z</time>
        <sat>8</sat>
      </trkpt>
      <trkpt lat="40.658777" lon="-0.162503">
        <ele>752.1</ele>
        <time>2014-04-14T22:37:01Z</time>
        <sat>8</sat>
      </trkpt>
      <trkpt lat="40.658869" lon="-0.162459">
        <ele>748.6</ele>
        <time>2014-04-14T22:37:06Z</time>
        <sat>8</sat>
      </trkpt>
      <trkpt lat="40.658959" lon="-0.162460">
        <ele>745.3</ele>
        <time>2014-04-14T22:37:10Z</time>
        <sat>8</sat>
      </trkpt>
      <trkpt lat="40.659059" lon="-0.162440">
        <ele>741.3</ele>
        <time>2014-04-14T22:37:16Z</time>
        <sat>8</sat>
      </trkpt>
      <trkpt lat="40.659137" lon="-0.162380">
        <ele>738.2</ele>
        <time>2014-04-14T22:37:20Z</time>
        <sat>7</sat>
      </trkpt>
      <trkpt lat="40.659204" lon="-0.162170">
        <ele>736.1</ele>
        <time>2014-04-14T22:37:29Z</time>
        <sat>8</sat>
      </trkpt>
      <trkpt lat="40.659277" lon="-0.162094">
        <ele>732.2</ele>
        <time>2014-04-14T22:37:33Z</time>
        <sat>8</sat>
      </trkpt>
      <trkpt lat="40.659349" lon="-0.162019">
        <ele>727.3</ele>
        <time>2014-04-14T22:37:38Z</time>
        <sat>8</sat>
      </trkpt>
      <trkpt lat="40.659379" lon="-0.161900">
        <ele>724.6</ele>
        <time>2014-04-14T22:37:43Z</time>
        <sat>8</sat>
      </trkpt>
      <trkpt lat="40.659377" lon="-0.161748">
        <ele>723.8</ele>
        <time>2014-04-14T22:37:48Z</time>
        <sat>8</sat>
      </trkpt>
      <trkpt lat="40.659404" lon="-0.161580">
        <ele>720.7</ele>
        <time>2014-04-14T22:37:55Z</time>
        <sat>8</sat>
      </trkpt>
      <trkpt lat="40.659436" lon="-0.161454">
        <ele>717.4</ele>
        <time>2014-04-14T22:38:00Z</time>
        <sat>8</sat>
      </trkpt>
      <trkpt lat="40.659462" lon="-0.161335">
        <ele>715.2</ele>
        <time>2014-04-14T22:38:05Z</time>
        <sat>8</sat>
      </trkpt>
      <trkpt lat="40.659537" lon="-0.161407">
        <ele>713.7</ele>
        <time>2014-04-14T22:38:09Z</time>
        <sat>8</sat>
      </trkpt>
      <trkpt lat="40.659600" lon="-0.161498">
        <ele>712.8</ele>
        <time>2014-04-14T22:38:14Z</time>
        <sat>8</sat>
      </trkpt>
      <trkpt lat="40.659599" lon="-0.161623">
        <ele>712.7</ele>
        <time>2014-04-14T22:38:19Z</time>
        <sat>8</sat>
      </trkpt>
      <trkpt lat="40.659669" lon="-0.161712">
        <ele>712.7</ele>
        <time>2014-04-14T22:38:24Z</time>
        <sat>8</sat>
      </trkpt>
      <trkpt lat="40.659720" lon="-0.161812">
        <ele>712.8</ele>
        <time>2014-04-14T22:38:28Z</time>
        <sat>8</sat>
      </trkpt>
      <trkpt lat="40.659681" lon="-0.161920">
        <ele>712.3</ele>
        <time>2014-04-14T22:38:33Z</time>
        <sat>8</sat>
      </trkpt>
      <trkpt lat="40.659749" lon="-0.162002">
        <ele>712.3</ele>
        <time>2014-04-14T22:38:37Z</time>
        <sat>8</sat>
      </trkpt>
      <trkpt lat="40.659777" lon="-0.162115">
        <ele>712.2</ele>
        <time>2014-04-14T22:38:42Z</time>
        <sat>8</sat>
      </trkpt>
      <trkpt lat="40.659864" lon="-0.162183">
        <ele>712.7</ele>
        <time>2014-04-14T22:38:47Z</time>
        <sat>8</sat>
      </trkpt>
      <trkpt lat="40.659917" lon="-0.162297">
        <ele>712.4</ele>
        <time>2014-04-14T22:38:52Z</time>
        <sat>8</sat>
      </trkpt>
      <trkpt lat="40.659983" lon="-0.162402">
        <ele>711.8</ele>
        <time>2014-04-14T22:38:57Z</time>
        <sat>8</sat>
      </trkpt>
      <trkpt lat="40.660042" lon="-0.162511">
        <ele>711.6</ele>
        <time>2014-04-14T22:39:02Z</time>
        <sat>8</sat>
      </trkpt>
      <trkpt lat="40.660112" lon="-0.162594">
        <ele>711.8</ele>
        <time>2014-04-14T22:39:07Z</time>
        <sat>8</sat>
      </trkpt>
      <trkpt lat="40.660179" lon="-0.162675">
        <ele>712.2</ele>
        <time>2014-04-14T22:39:12Z</time>
        <sat>8</sat>
      </trkpt>
      <trkpt lat="40.660196" lon="-0.162804">
        <ele>712.2</ele>
        <time>2014-04-14T22:39:17Z</time>
        <sat>8</sat>
      </trkpt>
      <trkpt lat="40.660250" lon="-0.162909">
        <ele>712.1</ele>
        <time>2014-04-14T22:39:21Z</time>
        <sat>8</sat>
      </trkpt>
      <trkpt lat="40.660327" lon="-0.162972">
        <ele>712.2</ele>
        <time>2014-04-14T22:39:26Z</time>
        <sat>8</sat>
      </trkpt>
      <trkpt lat="40.660377" lon="-0.163091">
        <ele>711.9</ele>
        <time>2014-04-14T22:39:31Z</time>
        <sat>8</sat>
      </trkpt>
      <trkpt lat="40.660412" lon="-0.163217">
        <ele>711.3</ele>
        <time>2014-04-14T22:39:36Z</time>
        <sat>8</sat>
      </trkpt>
      <trkpt lat="40.660462" lon="-0.163319">
        <ele>710.9</ele>
        <time>2014-04-14T22:39:41Z</time>
        <sat>8</sat>
      </trkpt>
      <trkpt lat="40.660512" lon="-0.163435">
        <ele>710.6</ele>
        <time>2014-04-14T22:39:46Z</time>
        <sat>8</sat>
      </trkpt>
      <trkpt lat="40.660557" lon="-0.163554">
        <ele>710.6</ele>
        <time>2014-04-14T22:39:51Z</time>
        <sat>8</sat>
      </trkpt>
      <trkpt lat="40.660620" lon="-0.163641">
        <ele>710.8</ele>
        <time>2014-04-14T22:39:55Z</time>
        <sat>8</sat>
      </trkpt>
      <trkpt lat="40.660699" lon="-0.163719">
        <ele>710.6</ele>
        <time>2014-04-14T22:40:00Z</time>
        <sat>8</sat>
      </trkpt>
      <trkpt lat="40.660797" lon="-0.163772">
        <ele>710.5</ele>
        <time>2014-04-14T22:40:06Z</time>
        <sat>8</sat>
      </trkpt>
      <trkpt lat="40.660874" lon="-0.163850">
        <ele>710.0</ele>
        <time>2014-04-14T22:40:11Z</time>
        <sat>8</sat>
      </trkpt>
      <trkpt lat="40.660947" lon="-0.163935">
        <ele>709.7</ele>
        <time>2014-04-14T22:40:15Z</time>
        <sat>8</sat>
      </trkpt>
      <trkpt lat="40.661026" lon="-0.164020">
        <ele>710.0</ele>
        <time>2014-04-14T22:40:20Z</time>
        <sat>8</sat>
      </trkpt>
      <trkpt lat="40.661091" lon="-0.164103">
        <ele>710.7</ele>
        <time>2014-04-14T22:40:25Z</time>
        <sat>8</sat>
      </trkpt>
      <trkpt lat="40.661169" lon="-0.164175">
        <ele>711.8</ele>
        <time>2014-04-14T22:40:30Z</time>
        <sat>8</sat>
      </trkpt>
      <trkpt lat="40.661239" lon="-0.164255">
        <ele>712.2</ele>
        <time>2014-04-14T22:40:34Z</time>
        <sat>8</sat>
      </trkpt>
      <trkpt lat="40.661336" lon="-0.164267">
        <ele>714.4</ele>
        <time>2014-04-14T22:40:39Z</time>
        <sat>8</sat>
      </trkpt>
      <trkpt lat="40.661336" lon="-0.164267">
        <ele>714.4</ele>
        <time>2014-04-14T22:40:39Z</time>
        <sat>8</sat>
      </trkpt>
      <trkpt lat="40.661375" lon="-0.164384">
        <ele>714.4</ele>
        <time>2014-04-14T22:40:44Z</time>
        <sat>8</sat>
      </trkpt>
      <trkpt lat="40.661411" lon="-0.164504">
        <ele>714.1</ele>
        <time>2014-04-14T22:40:49Z</time>
        <sat>7</sat>
      </trkpt>
      <trkpt lat="40.661446" lon="-0.164627">
        <ele>714.2</ele>
        <time>2014-04-14T22:40:54Z</time>
        <sat>9</sat>
      </trkpt>
      <trkpt lat="40.661482" lon="-0.164754">
        <ele>713.0</ele>
        <time>2014-04-14T22:40:59Z</time>
        <sat>9</sat>
      </trkpt>
      <trkpt lat="40.661531" lon="-0.164862">
        <ele>711.5</ele>
        <time>2014-04-14T22:41:04Z</time>
        <sat>9</sat>
      </trkpt>
      <trkpt lat="40.661605" lon="-0.164965">
        <ele>709.0</ele>
        <time>2014-04-14T22:41:09Z</time>
        <sat>9</sat>
      </trkpt>
      <trkpt lat="40.661699" lon="-0.165049">
        <ele>708.3</ele>
        <time>2014-04-14T22:41:15Z</time>
        <sat>9</sat>
      </trkpt>
      <trkpt lat="40.661777" lon="-0.165122">
        <ele>710.2</ele>
        <time>2014-04-14T22:41:20Z</time>
        <sat>9</sat>
      </trkpt>
      <trkpt lat="40.661860" lon="-0.165180">
        <ele>711.3</ele>
        <time>2014-04-14T22:41:25Z</time>
        <sat>9</sat>
      </trkpt>
      <trkpt lat="40.661945" lon="-0.165220">
        <ele>712.8</ele>
        <time>2014-04-14T22:41:29Z</time>
        <sat>8</sat>
      </trkpt>
      <trkpt lat="40.662039" lon="-0.165277">
        <ele>713.9</ele>
        <time>2014-04-14T22:41:34Z</time>
        <sat>9</sat>
      </trkpt>
      <trkpt lat="40.662122" lon="-0.165354">
        <ele>715.4</ele>
        <time>2014-04-14T22:41:39Z</time>
        <sat>9</sat>
      </trkpt>
      <trkpt lat="40.662202" lon="-0.165427">
        <ele>716.7</ele>
        <time>2014-04-14T22:41:44Z</time>
        <sat>9</sat>
      </trkpt>
      <trkpt lat="40.662290" lon="-0.165485">
        <ele>717.2</ele>
        <time>2014-04-14T22:41:49Z</time>
        <sat>9</sat>
      </trkpt>
      <trkpt lat="40.662380" lon="-0.165540">
        <ele>717.7</ele>
        <time>2014-04-14T22:41:54Z</time>
        <sat>9</sat>
      </trkpt>
      <trkpt lat="40.662482" lon="-0.165591">
        <ele>718.4</ele>
        <time>2014-04-14T22:41:59Z</time>
        <sat>9</sat>
      </trkpt>
      <trkpt lat="40.662571" lon="-0.165632">
        <ele>718.9</ele>
        <time>2014-04-14T22:42:04Z</time>
        <sat>9</sat>
      </trkpt>
      <trkpt lat="40.662659" lon="-0.165704">
        <ele>719.0</ele>
        <time>2014-04-14T22:42:09Z</time>
        <sat>9</sat>
      </trkpt>
      <trkpt lat="40.662730" lon="-0.165780">
        <ele>719.2</ele>
        <time>2014-04-14T22:42:14Z</time>
        <sat>9</sat>
      </trkpt>
      <trkpt lat="40.662817" lon="-0.165862">
        <ele>719.6</ele>
        <time>2014-04-14T22:42:19Z</time>
        <sat>9</sat>
      </trkpt>
      <trkpt lat="40.662922" lon="-0.165942">
        <ele>719.4</ele>
        <time>2014-04-14T22:42:25Z</time>
        <sat>9</sat>
      </trkpt>
      <trkpt lat="40.662992" lon="-0.166024">
        <ele>719.0</ele>
        <time>2014-04-14T22:42:30Z</time>
        <sat>9</sat>
      </trkpt>
      <trkpt lat="40.663079" lon="-0.166125">
        <ele>717.8</ele>
        <time>2014-04-14T22:42:36Z</time>
        <sat>9</sat>
      </trkpt>
      <trkpt lat="40.663172" lon="-0.166242">
        <ele>717.5</ele>
        <time>2014-04-14T22:42:42Z</time>
        <sat>9</sat>
      </trkpt>
      <trkpt lat="40.663242" lon="-0.166345">
        <ele>716.7</ele>
        <time>2014-04-14T22:42:48Z</time>
        <sat>9</sat>
      </trkpt>
      <trkpt lat="40.663320" lon="-0.166452">
        <ele>715.7</ele>
        <time>2014-04-14T22:42:53Z</time>
        <sat>9</sat>
      </trkpt>
      <trkpt lat="40.663407" lon="-0.166537">
        <ele>715.4</ele>
        <time>2014-04-14T22:42:59Z</time>
        <sat>9</sat>
      </trkpt>
      <trkpt lat="40.663490" lon="-0.166597">
        <ele>715.3</ele>
        <time>2014-04-14T22:43:03Z</time>
        <sat>9</sat>
      </trkpt>
      <trkpt lat="40.663580" lon="-0.166644">
        <ele>715.7</ele>
        <time>2014-04-14T22:43:08Z</time>
        <sat>9</sat>
      </trkpt>
      <trkpt lat="40.663668" lon="-0.166711">
        <ele>716.0</ele>
        <time>2014-04-14T22:43:13Z</time>
        <sat>8</sat>
      </trkpt>
      <trkpt lat="40.663745" lon="-0.166812">
        <ele>715.3</ele>
        <time>2014-04-14T22:43:19Z</time>
        <sat>8</sat>
      </trkpt>
      <trkpt lat="40.663794" lon="-0.166932">
        <ele>714.1</ele>
        <time>2014-04-14T22:43:24Z</time>
        <sat>8</sat>
      </trkpt>
      <trkpt lat="40.663849" lon="-0.167051">
        <ele>713.4</ele>
        <time>2014-04-14T22:43:29Z</time>
        <sat>8</sat>
      </trkpt>
      <trkpt lat="40.663917" lon="-0.167159">
        <ele>712.4</ele>
        <time>2014-04-14T22:43:34Z</time>
        <sat>8</sat>
      </trkpt>
      <trkpt lat="40.663987" lon="-0.167279">
        <ele>712.5</ele>
        <time>2014-04-14T22:43:40Z</time>
        <sat>8</sat>
      </trkpt>
      <trkpt lat="40.664049" lon="-0.167407">
        <ele>712.1</ele>
        <time>2014-04-14T22:43:46Z</time>
        <sat>7</sat>
      </trkpt>
      <trkpt lat="40.664117" lon="-0.167542">
        <ele>712.3</ele>
        <time>2014-04-14T22:43:52Z</time>
        <sat>8</sat>
      </trkpt>
      <trkpt lat="40.664190" lon="-0.167670">
        <ele>711.0</ele>
        <time>2014-04-14T22:43:58Z</time>
        <sat>8</sat>
      </trkpt>
      <trkpt lat="40.664274" lon="-0.167785">
        <ele>709.6</ele>
        <time>2014-04-14T22:44:04Z</time>
        <sat>8</sat>
      </trkpt>
      <trkpt lat="40.664371" lon="-0.167873">
        <ele>709.5</ele>
        <time>2014-04-14T22:44:10Z</time>
        <sat>8</sat>
      </trkpt>
      <trkpt lat="40.664481" lon="-0.167959">
        <ele>708.9</ele>
        <time>2014-04-14T22:44:17Z</time>
        <sat>8</sat>
      </trkpt>
      <trkpt lat="40.664584" lon="-0.168047">
        <ele>707.8</ele>
        <time>2014-04-14T22:44:23Z</time>
        <sat>8</sat>
      </trkpt>
      <trkpt lat="40.664664" lon="-0.168149">
        <ele>706.3</ele>
        <time>2014-04-14T22:44:28Z</time>
        <sat>8</sat>
      </trkpt>
      <trkpt lat="40.664744" lon="-0.168270">
        <ele>708.1</ele>
        <time>2014-04-14T22:44:34Z</time>
        <sat>8</sat>
      </trkpt>
      <trkpt lat="40.664806" lon="-0.168364">
        <ele>708.7</ele>
        <time>2014-04-14T22:44:39Z</time>
        <sat>8</sat>
      </trkpt>
      <trkpt lat="40.664871" lon="-0.168455">
        <ele>709.9</ele>
        <time>2014-04-14T22:44:44Z</time>
        <sat>8</sat>
      </trkpt>
      <trkpt lat="40.664942" lon="-0.168553">
        <ele>710.7</ele>
        <time>2014-04-14T22:44:49Z</time>
        <sat>7</sat>
      </trkpt>
      <trkpt lat="40.665012" lon="-0.168653">
        <ele>710.8</ele>
        <time>2014-04-14T22:44:54Z</time>
        <sat>7</sat>
      </trkpt>
      <trkpt lat="40.665080" lon="-0.168756">
        <ele>710.7</ele>
        <time>2014-04-14T22:44:59Z</time>
        <sat>7</sat>
      </trkpt>
      <trkpt lat="40.665141" lon="-0.168852">
        <ele>711.2</ele>
        <time>2014-04-14T22:45:04Z</time>
        <sat>8</sat>
      </trkpt>
      <trkpt lat="40.665207" lon="-0.168939">
        <ele>712.0</ele>
        <time>2014-04-14T22:45:09Z</time>
        <sat>8</sat>
      </trkpt>
      <trkpt lat="40.665272" lon="-0.169030">
        <ele>712.3</ele>
        <time>2014-04-14T22:45:14Z</time>
        <sat>7</sat>
      </trkpt>
      <trkpt lat="40.665337" lon="-0.169129">
        <ele>712.4</ele>
        <time>2014-04-14T22:45:18Z</time>
        <sat>7</sat>
      </trkpt>
      <trkpt lat="40.665399" lon="-0.169222">
        <ele>712.7</ele>
        <time>2014-04-14T22:45:23Z</time>
        <sat>7</sat>
      </trkpt>
      <trkpt lat="40.665476" lon="-0.169339">
        <ele>713.3</ele>
        <time>2014-04-14T22:45:29Z</time>
        <sat>7</sat>
      </trkpt>
      <trkpt lat="40.665544" lon="-0.169458">
        <ele>714.1</ele>
        <time>2014-04-14T22:45:35Z</time>
        <sat>7</sat>
      </trkpt>
      <trkpt lat="40.665604" lon="-0.169584">
        <ele>713.7</ele>
        <time>2014-04-14T22:45:40Z</time>
        <sat>7</sat>
      </trkpt>
      <trkpt lat="40.665650" lon="-0.169707">
        <ele>712.6</ele>
        <time>2014-04-14T22:45:46Z</time>
        <sat>7</sat>
      </trkpt>
      <trkpt lat="40.665691" lon="-0.169832">
        <ele>713.0</ele>
        <time>2014-04-14T22:45:51Z</time>
        <sat>7</sat>
      </trkpt>
      <trkpt lat="40.665720" lon="-0.169949">
        <ele>713.6</ele>
        <time>2014-04-14T22:45:55Z</time>
        <sat>7</sat>
      </trkpt>
      <trkpt lat="40.665769" lon="-0.170062">
        <ele>714.7</ele>
        <time>2014-04-14T22:46:00Z</time>
        <sat>7</sat>
      </trkpt>
      <trkpt lat="40.665829" lon="-0.170159">
        <ele>715.8</ele>
        <time>2014-04-14T22:46:05Z</time>
        <sat>7</sat>
      </trkpt>
      <trkpt lat="40.665921" lon="-0.170242">
        <ele>716.7</ele>
        <time>2014-04-14T22:46:11Z</time>
        <sat>7</sat>
      </trkpt>
      <trkpt lat="40.666017" lon="-0.170301">
        <ele>717.2</ele>
        <time>2014-04-14T22:46:16Z</time>
        <sat>7</sat>
      </trkpt>
      <trkpt lat="40.666106" lon="-0.170367">
        <ele>717.6</ele>
        <time>2014-04-14T22:46:21Z</time>
        <sat>8</sat>
      </trkpt>
      <trkpt lat="40.666162" lon="-0.170462">
        <ele>717.9</ele>
        <time>2014-04-14T22:46:26Z</time>
        <sat>7</sat>
      </trkpt>
      <trkpt lat="40.666185" lon="-0.170592">
        <ele>717.4</ele>
        <time>2014-04-14T22:46:31Z</time>
        <sat>8</sat>
      </trkpt>
      <trkpt lat="40.666190" lon="-0.170717">
        <ele>716.8</ele>
        <time>2014-04-14T22:46:35Z</time>
        <sat>9</sat>
      </trkpt>
      <trkpt lat="40.666214" lon="-0.170862">
        <ele>716.6</ele>
        <time>2014-04-14T22:46:41Z</time>
        <sat>9</sat>
      </trkpt>
      <trkpt lat="40.666252" lon="-0.170984">
        <ele>716.8</ele>
        <time>2014-04-14T22:46:46Z</time>
        <sat>9</sat>
      </trkpt>
      <trkpt lat="40.666309" lon="-0.171109">
        <ele>717.0</ele>
        <time>2014-04-14T22:46:52Z</time>
        <sat>9</sat>
      </trkpt>
      <trkpt lat="40.666372" lon="-0.171226">
        <ele>716.9</ele>
        <time>2014-04-14T22:46:57Z</time>
        <sat>9</sat>
      </trkpt>
      <trkpt lat="40.666440" lon="-0.171331">
        <ele>716.1</ele>
        <time>2014-04-14T22:47:02Z</time>
        <sat>9</sat>
      </trkpt>
      <trkpt lat="40.666529" lon="-0.171419">
        <ele>715.2</ele>
        <time>2014-04-14T22:47:08Z</time>
        <sat>9</sat>
      </trkpt>
      <trkpt lat="40.666612" lon="-0.171492">
        <ele>714.8</ele>
        <time>2014-04-14T22:47:13Z</time>
        <sat>9</sat>
      </trkpt>
      <trkpt lat="40.666712" lon="-0.171571">
        <ele>714.8</ele>
        <time>2014-04-14T22:47:19Z</time>
        <sat>8</sat>
      </trkpt>
      <trkpt lat="40.666799" lon="-0.171651">
        <ele>714.6</ele>
        <time>2014-04-14T22:47:24Z</time>
        <sat>8</sat>
      </trkpt>
      <trkpt lat="40.666874" lon="-0.171739">
        <ele>714.6</ele>
        <time>2014-04-14T22:47:29Z</time>
        <sat>7</sat>
      </trkpt>
      <trkpt lat="40.666944" lon="-0.171815">
        <ele>714.2</ele>
        <time>2014-04-14T22:47:34Z</time>
        <sat>8</sat>
      </trkpt>
      <trkpt lat="40.667041" lon="-0.171886">
        <ele>714.1</ele>
        <time>2014-04-14T22:47:39Z</time>
        <sat>8</sat>
      </trkpt>
      <trkpt lat="40.667114" lon="-0.171991">
        <ele>715.0</ele>
        <time>2014-04-14T22:47:44Z</time>
        <sat>7</sat>
      </trkpt>
      <trkpt lat="40.667109" lon="-0.172139">
        <ele>716.2</ele>
        <time>2014-04-14T22:47:50Z</time>
        <sat>8</sat>
      </trkpt>
      <trkpt lat="40.667049" lon="-0.172257">
        <ele>716.3</ele>
        <time>2014-04-14T22:47:56Z</time>
        <sat>8</sat>
      </trkpt>
      <trkpt lat="40.666947" lon="-0.172337">
        <ele>715.5</ele>
        <time>2014-04-14T22:48:01Z</time>
        <sat>8</sat>
      </trkpt>
      <trkpt lat="40.666842" lon="-0.172399">
        <ele>715.2</ele>
        <time>2014-04-14T22:48:07Z</time>
        <sat>8</sat>
      </trkpt>
      <trkpt lat="40.666760" lon="-0.172479">
        <ele>715.3</ele>
        <time>2014-04-14T22:48:12Z</time>
        <sat>8</sat>
      </trkpt>
      <trkpt lat="40.666750" lon="-0.172625">
        <ele>716.4</ele>
        <time>2014-04-14T22:48:18Z</time>
        <sat>8</sat>
      </trkpt>
      <trkpt lat="40.666827" lon="-0.172719">
        <ele>717.5</ele>
        <time>2014-04-14T22:48:23Z</time>
        <sat>9</sat>
      </trkpt>
      <trkpt lat="40.666934" lon="-0.172761">
        <ele>717.8</ele>
        <time>2014-04-14T22:48:29Z</time>
        <sat>9</sat>
      </trkpt>
      <trkpt lat="40.667042" lon="-0.172800">
        <ele>717.5</ele>
        <time>2014-04-14T22:48:34Z</time>
        <sat>9</sat>
      </trkpt>
      <trkpt lat="40.667146" lon="-0.172866">
        <ele>716.6</ele>
        <time>2014-04-14T22:48:40Z</time>
        <sat>9</sat>
      </trkpt>
      <trkpt lat="40.667212" lon="-0.172976">
        <ele>715.1</ele>
        <time>2014-04-14T22:48:45Z</time>
        <sat>9</sat>
      </trkpt>
      <trkpt lat="40.667227" lon="-0.173122">
        <ele>714.7</ele>
        <time>2014-04-14T22:48:51Z</time>
        <sat>9</sat>
      </trkpt>
      <trkpt lat="40.667194" lon="-0.173247">
        <ele>713.9</ele>
        <time>2014-04-14T22:48:56Z</time>
        <sat>9</sat>
      </trkpt>
      <trkpt lat="40.667124" lon="-0.173354">
        <ele>712.2</ele>
        <time>2014-04-14T22:49:01Z</time>
        <sat>8</sat>
      </trkpt>
      <trkpt lat="40.667069" lon="-0.173492">
        <ele>712.5</ele>
        <time>2014-04-14T22:49:07Z</time>
        <sat>8</sat>
      </trkpt>
      <trkpt lat="40.667049" lon="-0.173637">
        <ele>714.2</ele>
        <time>2014-04-14T22:49:13Z</time>
        <sat>8</sat>
      </trkpt>
      <trkpt lat="40.667047" lon="-0.173757">
        <ele>715.6</ele>
        <time>2014-04-14T22:49:17Z</time>
        <sat>9</sat>
      </trkpt>
      <trkpt lat="40.667047" lon="-0.173899">
        <ele>715.8</ele>
        <time>2014-04-14T22:49:23Z</time>
        <sat>9</sat>
      </trkpt>
      <trkpt lat="40.667069" lon="-0.174057">
        <ele>715.1</ele>
        <time>2014-04-14T22:49:29Z</time>
        <sat>9</sat>
      </trkpt>
      <trkpt lat="40.667116" lon="-0.174187">
        <ele>714.6</ele>
        <time>2014-04-14T22:49:34Z</time>
        <sat>8</sat>
      </trkpt>
      <trkpt lat="40.667180" lon="-0.174309">
        <ele>714.0</ele>
        <time>2014-04-14T22:49:40Z</time>
        <sat>8</sat>
      </trkpt>
      <trkpt lat="40.667252" lon="-0.174436">
        <ele>713.7</ele>
        <time>2014-04-14T22:49:46Z</time>
        <sat>8</sat>
      </trkpt>
      <trkpt lat="40.667327" lon="-0.174561">
        <ele>713.4</ele>
        <time>2014-04-14T22:49:52Z</time>
        <sat>8</sat>
      </trkpt>
      <trkpt lat="40.667395" lon="-0.174692">
        <ele>713.3</ele>
        <time>2014-04-14T22:49:58Z</time>
        <sat>8</sat>
      </trkpt>
      <trkpt lat="40.667457" lon="-0.174845">
        <ele>713.0</ele>
        <time>2014-04-14T22:50:05Z</time>
        <sat>8</sat>
      </trkpt>
      <trkpt lat="40.667510" lon="-0.175006">
        <ele>712.4</ele>
        <time>2014-04-14T22:50:11Z</time>
        <sat>8</sat>
      </trkpt>
      <trkpt lat="40.667552" lon="-0.175167">
        <ele>712.0</ele>
        <time>2014-04-14T22:50:18Z</time>
        <sat>8</sat>
      </trkpt>
      <trkpt lat="40.667592" lon="-0.175332">
        <ele>711.8</ele>
        <time>2014-04-14T22:50:24Z</time>
        <sat>8</sat>
      </trkpt>
      <trkpt lat="40.667625" lon="-0.175504">
        <ele>712.1</ele>
        <time>2014-04-14T22:50:31Z</time>
        <sat>8</sat>
      </trkpt>
      <trkpt lat="40.667644" lon="-0.175622">
        <ele>712.3</ele>
        <time>2014-04-14T22:50:36Z</time>
        <sat>8</sat>
      </trkpt>
      <trkpt lat="40.667679" lon="-0.175794">
        <ele>712.2</ele>
        <time>2014-04-14T22:50:42Z</time>
        <sat>8</sat>
      </trkpt>
      <trkpt lat="40.667706" lon="-0.175908">
        <ele>711.9</ele>
        <time>2014-04-14T22:50:47Z</time>
        <sat>8</sat>
      </trkpt>
      <trkpt lat="40.667734" lon="-0.176022">
        <ele>711.5</ele>
        <time>2014-04-14T22:50:52Z</time>
        <sat>8</sat>
      </trkpt>
      <trkpt lat="40.667777" lon="-0.176180">
        <ele>711.7</ele>
        <time>2014-04-14T22:50:58Z</time>
        <sat>8</sat>
      </trkpt>
      <trkpt lat="40.667802" lon="-0.176329">
        <ele>713.1</ele>
        <time>2014-04-14T22:51:04Z</time>
        <sat>8</sat>
      </trkpt>
      <trkpt lat="40.667824" lon="-0.176476">
        <ele>714.6</ele>
        <time>2014-04-14T22:51:09Z</time>
        <sat>8</sat>
      </trkpt>
      <trkpt lat="40.667855" lon="-0.176622">
        <ele>715.0</ele>
        <time>2014-04-14T22:51:15Z</time>
        <sat>8</sat>
      </trkpt>
      <trkpt lat="40.667889" lon="-0.176759">
        <ele>714.8</ele>
        <time>2014-04-14T22:51:21Z</time>
        <sat>8</sat>
      </trkpt>
      <trkpt lat="40.667931" lon="-0.176896">
        <ele>715.1</ele>
        <time>2014-04-14T22:51:26Z</time>
        <sat>8</sat>
      </trkpt>
      <trkpt lat="40.667949" lon="-0.177036">
        <ele>714.9</ele>
        <time>2014-04-14T22:51:32Z</time>
        <sat>8</sat>
      </trkpt>
      <trkpt lat="40.667919" lon="-0.177189">
        <ele>713.8</ele>
        <time>2014-04-14T22:51:38Z</time>
        <sat>8</sat>
      </trkpt>
      <trkpt lat="40.667892" lon="-0.177315">
        <ele>712.5</ele>
        <time>2014-04-14T22:51:43Z</time>
        <sat>7</sat>
      </trkpt>
      <trkpt lat="40.667857" lon="-0.177457">
        <ele>711.0</ele>
        <time>2014-04-14T22:51:48Z</time>
        <sat>7</sat>
      </trkpt>
      <trkpt lat="40.667844" lon="-0.177607">
        <ele>710.3</ele>
        <time>2014-04-14T22:51:54Z</time>
        <sat>7</sat>
      </trkpt>
      <trkpt lat="40.667849" lon="-0.177742">
        <ele>710.3</ele>
        <time>2014-04-14T22:51:59Z</time>
        <sat>7</sat>
      </trkpt>
      <trkpt lat="40.667855" lon="-0.177914">
        <ele>710.4</ele>
        <time>2014-04-14T22:52:06Z</time>
        <sat>7</sat>
      </trkpt>
      <trkpt lat="40.667867" lon="-0.178082">
        <ele>710.9</ele>
        <time>2014-04-14T22:52:12Z</time>
        <sat>7</sat>
      </trkpt>
      <trkpt lat="40.667885" lon="-0.178239">
        <ele>711.7</ele>
        <time>2014-04-14T22:52:18Z</time>
        <sat>7</sat>
      </trkpt>
      <trkpt lat="40.667889" lon="-0.178391">
        <ele>712.0</ele>
        <time>2014-04-14T22:52:24Z</time>
        <sat>7</sat>
      </trkpt>
      <trkpt lat="40.667850" lon="-0.178540">
        <ele>711.1</ele>
        <time>2014-04-14T22:52:30Z</time>
        <sat>7</sat>
      </trkpt>
      <trkpt lat="40.667819" lon="-0.178682">
        <ele>710.7</ele>
        <time>2014-04-14T22:52:35Z</time>
        <sat>7</sat>
      </trkpt>
      <trkpt lat="40.667802" lon="-0.178839">
        <ele>710.8</ele>
        <time>2014-04-14T22:52:41Z</time>
        <sat>8</sat>
      </trkpt>
      <trkpt lat="40.667787" lon="-0.178996">
        <ele>710.9</ele>
        <time>2014-04-14T22:52:47Z</time>
        <sat>8</sat>
      </trkpt>
      <trkpt lat="40.667760" lon="-0.179156">
        <ele>709.5</ele>
        <time>2014-04-14T22:52:54Z</time>
        <sat>8</sat>
      </trkpt>
      <trkpt lat="40.667750" lon="-0.179277">
        <ele>709.2</ele>
        <time>2014-04-14T22:52:58Z</time>
        <sat>8</sat>
      </trkpt>
      <trkpt lat="40.667750" lon="-0.179398">
        <ele>708.9</ele>
        <time>2014-04-14T22:53:03Z</time>
        <sat>8</sat>
      </trkpt>
      <trkpt lat="40.667749" lon="-0.179567">
        <ele>708.4</ele>
        <time>2014-04-14T22:53:09Z</time>
        <sat>8</sat>
      </trkpt>
      <trkpt lat="40.667747" lon="-0.179747">
        <ele>708.1</ele>
        <time>2014-04-14T22:53:16Z</time>
        <sat>8</sat>
      </trkpt>
      <trkpt lat="40.667747" lon="-0.179879">
        <ele>707.9</ele>
        <time>2014-04-14T22:53:21Z</time>
        <sat>8</sat>
      </trkpt>
      <trkpt lat="40.667739" lon="-0.180016">
        <ele>706.9</ele>
        <time>2014-04-14T22:53:26Z</time>
        <sat>8</sat>
      </trkpt>
      <trkpt lat="40.667727" lon="-0.180166">
        <ele>704.6</ele>
        <time>2014-04-14T22:53:32Z</time>
        <sat>8</sat>
      </trkpt>
      <trkpt lat="40.667742" lon="-0.180332">
        <ele>703.4</ele>
        <time>2014-04-14T22:53:38Z</time>
        <sat>8</sat>
      </trkpt>
      <trkpt lat="40.667760" lon="-0.180502">
        <ele>703.0</ele>
        <time>2014-04-14T22:53:45Z</time>
        <sat>8</sat>
      </trkpt>
      <trkpt lat="40.667745" lon="-0.180645">
        <ele>702.9</ele>
        <time>2014-04-14T22:53:50Z</time>
        <sat>8</sat>
      </trkpt>
      <trkpt lat="40.667699" lon="-0.180773">
        <ele>703.4</ele>
        <time>2014-04-14T22:53:56Z</time>
        <sat>8</sat>
      </trkpt>
      <trkpt lat="40.667605" lon="-0.180875">
        <ele>702.7</ele>
        <time>2014-04-14T22:54:02Z</time>
        <sat>8</sat>
      </trkpt>
      <trkpt lat="40.667492" lon="-0.180961">
        <ele>700.9</ele>
        <time>2014-04-14T22:54:08Z</time>
        <sat>8</sat>
      </trkpt>
      <trkpt lat="40.667371" lon="-0.181047">
        <ele>699.9</ele>
        <time>2014-04-14T22:54:15Z</time>
        <sat>8</sat>
      </trkpt>
      <trkpt lat="40.667259" lon="-0.181149">
        <ele>699.1</ele>
        <time>2014-04-14T22:54:22Z</time>
        <sat>8</sat>
      </trkpt>
      <trkpt lat="40.667170" lon="-0.181286">
        <ele>698.8</ele>
        <time>2014-04-14T22:54:29Z</time>
        <sat>8</sat>
      </trkpt>
      <trkpt lat="40.667111" lon="-0.181457">
        <ele>696.9</ele>
        <time>2014-04-14T22:54:36Z</time>
        <sat>8</sat>
      </trkpt>
      <trkpt lat="40.667072" lon="-0.181662">
        <ele>694.9</ele>
        <time>2014-04-14T22:54:44Z</time>
        <sat>8</sat>
      </trkpt>
      <trkpt lat="40.667022" lon="-0.181873">
        <ele>693.2</ele>
        <time>2014-04-14T22:54:52Z</time>
        <sat>8</sat>
      </trkpt>
      <trkpt lat="40.666999" lon="-0.181988">
        <ele>692.4</ele>
        <time>2014-04-14T22:54:57Z</time>
        <sat>8</sat>
      </trkpt>
      <trkpt lat="40.666985" lon="-0.182105">
        <ele>691.5</ele>
        <time>2014-04-14T22:55:01Z</time>
        <sat>8</sat>
      </trkpt>
      <trkpt lat="40.666979" lon="-0.182224">
        <ele>690.7</ele>
        <time>2014-04-14T22:55:06Z</time>
        <sat>8</sat>
      </trkpt>
      <trkpt lat="40.666979" lon="-0.182454">
        <ele>689.3</ele>
        <time>2014-04-14T22:55:15Z</time>
        <sat>8</sat>
      </trkpt>
      <trkpt lat="40.666979" lon="-0.182677">
        <ele>688.8</ele>
        <time>2014-04-14T22:55:23Z</time>
        <sat>8</sat>
      </trkpt>
      <trkpt lat="40.666967" lon="-0.182887">
        <ele>688.8</ele>
        <time>2014-04-14T22:55:31Z</time>
        <sat>8</sat>
      </trkpt>
      <trkpt lat="40.666955" lon="-0.183077">
        <ele>689.0</ele>
        <time>2014-04-14T22:55:38Z</time>
        <sat>7</sat>
      </trkpt>
      <trkpt lat="40.666955" lon="-0.183255">
        <ele>688.9</ele>
        <time>2014-04-14T22:55:45Z</time>
        <sat>8</sat>
      </trkpt>
      <trkpt lat="40.666957" lon="-0.183426">
        <ele>688.6</ele>
        <time>2014-04-14T22:55:52Z</time>
        <sat>8</sat>
      </trkpt>
      <trkpt lat="40.666954" lon="-0.183600">
        <ele>688.0</ele>
        <time>2014-04-14T22:55:58Z</time>
        <sat>8</sat>
      </trkpt>
      <trkpt lat="40.666954" lon="-0.183785">
        <ele>687.2</ele>
        <time>2014-04-14T22:56:05Z</time>
        <sat>8</sat>
      </trkpt>
      <trkpt lat="40.666959" lon="-0.183982">
        <ele>685.5</ele>
        <time>2014-04-14T22:56:13Z</time>
        <sat>8</sat>
      </trkpt>
      <trkpt lat="40.666970" lon="-0.184182">
        <ele>683.9</ele>
        <time>2014-04-14T22:56:20Z</time>
        <sat>8</sat>
      </trkpt>
      <trkpt lat="40.666980" lon="-0.184369">
        <ele>683.0</ele>
        <time>2014-04-14T22:56:27Z</time>
        <sat>8</sat>
      </trkpt>
      <trkpt lat="40.666987" lon="-0.184537">
        <ele>682.1</ele>
        <time>2014-04-14T22:56:34Z</time>
        <sat>9</sat>
      </trkpt>
      <trkpt lat="40.666999" lon="-0.184684">
        <ele>681.5</ele>
        <time>2014-04-14T22:56:39Z</time>
        <sat>9</sat>
      </trkpt>
      <trkpt lat="40.667038" lon="-0.185013">
        <ele>679.3</ele>
        <time>2014-04-14T22:56:52Z</time>
        <sat>8</sat>
      </trkpt>
      <trkpt lat="40.667040" lon="-0.185017">
        <ele>679.3</ele>
        <time>2014-04-14T22:56:52Z</time>
        <sat>7</sat>
      </trkpt>
      <trkpt lat="40.667042" lon="-0.185017">
        <ele>679.4</ele>
        <time>2014-04-14T22:56:52Z</time>
        <sat>9</sat>
      </trkpt>
      <trkpt lat="40.667107" lon="-0.185139">
        <ele>680.0</ele>
        <time>2014-04-14T22:56:58Z</time>
        <sat>8</sat>
      </trkpt>
      <trkpt lat="40.667187" lon="-0.185257">
        <ele>680.2</ele>
        <time>2014-04-14T22:57:04Z</time>
        <sat>8</sat>
      </trkpt>
      <trkpt lat="40.667290" lon="-0.185345">
        <ele>680.3</ele>
        <time>2014-04-14T22:57:10Z</time>
        <sat>8</sat>
      </trkpt>
      <trkpt lat="40.667355" lon="-0.185439">
        <ele>679.4</ele>
        <time>2014-04-14T22:57:15Z</time>
        <sat>8</sat>
      </trkpt>
      <trkpt lat="40.667420" lon="-0.185537">
        <ele>678.4</ele>
        <time>2014-04-14T22:57:20Z</time>
        <sat>9</sat>
      </trkpt>
      <trkpt lat="40.667480" lon="-0.185647">
        <ele>677.6</ele>
        <time>2014-04-14T22:57:25Z</time>
        <sat>8</sat>
      </trkpt>
      <trkpt lat="40.667535" lon="-0.185767">
        <ele>676.8</ele>
        <time>2014-04-14T22:57:30Z</time>
        <sat>8</sat>
      </trkpt>
      <trkpt lat="40.667587" lon="-0.185897">
        <ele>675.8</ele>
        <time>2014-04-14T22:57:36Z</time>
        <sat>8</sat>
      </trkpt>
      <trkpt lat="40.667630" lon="-0.186035">
        <ele>674.7</ele>
        <time>2014-04-14T22:57:42Z</time>
        <sat>8</sat>
      </trkpt>
      <trkpt lat="40.667680" lon="-0.186165">
        <ele>673.6</ele>
        <time>2014-04-14T22:57:47Z</time>
        <sat>8</sat>
      </trkpt>
      <trkpt lat="40.667758" lon="-0.186240">
        <ele>672.3</ele>
        <time>2014-04-14T22:57:52Z</time>
        <sat>8</sat>
      </trkpt>
      <trkpt lat="40.667862" lon="-0.186277">
        <ele>673.0</ele>
        <time>2014-04-14T22:57:57Z</time>
        <sat>9</sat>
      </trkpt>
      <trkpt lat="40.667950" lon="-0.186321">
        <ele>673.2</ele>
        <time>2014-04-14T22:58:02Z</time>
        <sat>9</sat>
      </trkpt>
      <trkpt lat="40.668038" lon="-0.186392">
        <ele>673.9</ele>
        <time>2014-04-14T22:58:07Z</time>
        <sat>8</sat>
      </trkpt>
      <trkpt lat="40.668117" lon="-0.186490">
        <ele>674.6</ele>
        <time>2014-04-14T22:58:13Z</time>
        <sat>8</sat>
      </trkpt>
      <trkpt lat="40.668193" lon="-0.186599">
        <ele>674.7</ele>
        <time>2014-04-14T22:58:18Z</time>
        <sat>8</sat>
      </trkpt>
      <trkpt lat="40.668249" lon="-0.186717">
        <ele>674.1</ele>
        <time>2014-04-14T22:58:24Z</time>
        <sat>7</sat>
      </trkpt>
      <trkpt lat="40.668282" lon="-0.186856">
        <ele>672.7</ele>
        <time>2014-04-14T22:58:29Z</time>
        <sat>7</sat>
      </trkpt>
      <trkpt lat="40.668307" lon="-0.186971">
        <ele>671.7</ele>
        <time>2014-04-14T22:58:34Z</time>
        <sat>7</sat>
      </trkpt>
      <trkpt lat="40.668352" lon="-0.187074">
        <ele>671.2</ele>
        <time>2014-04-14T22:58:38Z</time>
        <sat>8</sat>
      </trkpt>
      <trkpt lat="40.668445" lon="-0.187127">
        <ele>671.3</ele>
        <time>2014-04-14T22:58:43Z</time>
        <sat>8</sat>
      </trkpt>
      <trkpt lat="40.668537" lon="-0.187072">
        <ele>673.9</ele>
        <time>2014-04-14T22:58:48Z</time>
        <sat>9</sat>
      </trkpt>
      <trkpt lat="40.668632" lon="-0.187018">
        <ele>675.7</ele>
        <time>2014-04-14T22:58:54Z</time>
        <sat>9</sat>
      </trkpt>
      <trkpt lat="40.668759" lon="-0.186999">
        <ele>672.8</ele>
        <time>2014-04-14T22:59:00Z</time>
        <sat>9</sat>
      </trkpt>
      <trkpt lat="40.668817" lon="-0.187106">
        <ele>671.1</ele>
        <time>2014-04-14T22:59:05Z</time>
        <sat>9</sat>
      </trkpt>
      <trkpt lat="40.668862" lon="-0.187222">
        <ele>671.0</ele>
        <time>2014-04-14T22:59:10Z</time>
        <sat>9</sat>
      </trkpt>
      <trkpt lat="40.668930" lon="-0.187307">
        <ele>671.2</ele>
        <time>2014-04-14T22:59:15Z</time>
        <sat>9</sat>
      </trkpt>
      <trkpt lat="40.669005" lon="-0.187399">
        <ele>671.3</ele>
        <time>2014-04-14T22:59:20Z</time>
        <sat>9</sat>
      </trkpt>
      <trkpt lat="40.669073" lon="-0.187485">
        <ele>671.5</ele>
        <time>2014-04-14T22:59:24Z</time>
        <sat>8</sat>
      </trkpt>
      <trkpt lat="40.669142" lon="-0.187570">
        <ele>671.7</ele>
        <time>2014-04-14T22:59:29Z</time>
        <sat>8</sat>
      </trkpt>
      <trkpt lat="40.669214" lon="-0.187654">
        <ele>671.9</ele>
        <time>2014-04-14T22:59:34Z</time>
        <sat>8</sat>
      </trkpt>
      <trkpt lat="40.669285" lon="-0.187734">
        <ele>672.1</ele>
        <time>2014-04-14T22:59:39Z</time>
        <sat>9</sat>
      </trkpt>
      <trkpt lat="40.669359" lon="-0.187815">
        <ele>672.4</ele>
        <time>2014-04-14T22:59:43Z</time>
        <sat>8</sat>
      </trkpt>
      <trkpt lat="40.669428" lon="-0.187891">
        <ele>672.8</ele>
        <time>2014-04-14T22:59:48Z</time>
        <sat>8</sat>
      </trkpt>
      <trkpt lat="40.669507" lon="-0.187984">
        <ele>673.4</ele>
        <time>2014-04-14T22:59:53Z</time>
        <sat>7</sat>
      </trkpt>
      <trkpt lat="40.669559" lon="-0.188104">
        <ele>673.8</ele>
        <time>2014-04-14T22:59:58Z</time>
        <sat>7</sat>
      </trkpt>
      <trkpt lat="40.669580" lon="-0.188220">
        <ele>673.8</ele>
        <time>2014-04-14T23:00:03Z</time>
        <sat>7</sat>
      </trkpt>
      <trkpt lat="40.669595" lon="-0.188354">
        <ele>673.9</ele>
        <time>2014-04-14T23:00:08Z</time>
        <sat>7</sat>
      </trkpt>
      <trkpt lat="40.669609" lon="-0.188497">
        <ele>674.0</ele>
        <time>2014-04-14T23:00:14Z</time>
        <sat>7</sat>
      </trkpt>
      <trkpt lat="40.669618" lon="-0.188645">
        <ele>674.2</ele>
        <time>2014-04-14T23:00:19Z</time>
        <sat>7</sat>
      </trkpt>
      <trkpt lat="40.669630" lon="-0.188787">
        <ele>674.3</ele>
        <time>2014-04-14T23:00:25Z</time>
        <sat>7</sat>
      </trkpt>
      <trkpt lat="40.669649" lon="-0.188924">
        <ele>674.8</ele>
        <time>2014-04-14T23:00:30Z</time>
        <sat>7</sat>
      </trkpt>
      <trkpt lat="40.669677" lon="-0.189055">
        <ele>675.0</ele>
        <time>2014-04-14T23:00:35Z</time>
        <sat>7</sat>
      </trkpt>
      <trkpt lat="40.669702" lon="-0.189189">
        <ele>675.5</ele>
        <time>2014-04-14T23:00:40Z</time>
        <sat>8</sat>
      </trkpt>
      <trkpt lat="40.669720" lon="-0.189324">
        <ele>676.1</ele>
        <time>2014-04-14T23:00:45Z</time>
        <sat>9</sat>
      </trkpt>
      <trkpt lat="40.669747" lon="-0.189448">
        <ele>677.0</ele>
        <time>2014-04-14T23:00:50Z</time>
        <sat>9</sat>
      </trkpt>
      <trkpt lat="40.669764" lon="-0.189567">
        <ele>677.7</ele>
        <time>2014-04-14T23:00:55Z</time>
        <sat>9</sat>
      </trkpt>
      <trkpt lat="40.669775" lon="-0.189691">
        <ele>678.1</ele>
        <time>2014-04-14T23:01:00Z</time>
        <sat>9</sat>
      </trkpt>
      <trkpt lat="40.669767" lon="-0.189845">
        <ele>678.3</ele>
        <time>2014-04-14T23:01:06Z</time>
        <sat>9</sat>
      </trkpt>
      <trkpt lat="40.669749" lon="-0.189997">
        <ele>678.6</ele>
        <time>2014-04-14T23:01:11Z</time>
        <sat>10</sat>
      </trkpt>
      <trkpt lat="40.669727" lon="-0.190113">
        <ele>678.7</ele>
        <time>2014-04-14T23:01:16Z</time>
        <sat>10</sat>
      </trkpt>
      <trkpt lat="40.669740" lon="-0.190239">
        <ele>678.8</ele>
        <time>2014-04-14T23:01:21Z</time>
        <sat>10</sat>
      </trkpt>
      <trkpt lat="40.669820" lon="-0.190330">
        <ele>679.4</ele>
        <time>2014-04-14T23:01:26Z</time>
        <sat>10</sat>
      </trkpt>
      <trkpt lat="40.669912" lon="-0.190384">
        <ele>679.7</ele>
        <time>2014-04-14T23:01:31Z</time>
        <sat>10</sat>
      </trkpt>
      <trkpt lat="40.670012" lon="-0.190444">
        <ele>679.4</ele>
        <time>2014-04-14T23:01:37Z</time>
        <sat>10</sat>
      </trkpt>
      <trkpt lat="40.670098" lon="-0.190495">
        <ele>678.9</ele>
        <time>2014-04-14T23:01:41Z</time>
        <sat>10</sat>
      </trkpt>
      <trkpt lat="40.670197" lon="-0.190515">
        <ele>678.1</ele>
        <time>2014-04-14T23:01:46Z</time>
        <sat>10</sat>
      </trkpt>
      <trkpt lat="40.670323" lon="-0.190472">
        <ele>676.7</ele>
        <time>2014-04-14T23:01:53Z</time>
        <sat>10</sat>
      </trkpt>
      <trkpt lat="40.670425" lon="-0.190392">
        <ele>675.4</ele>
        <time>2014-04-14T23:01:59Z</time>
        <sat>10</sat>
      </trkpt>
      <trkpt lat="40.670537" lon="-0.190309">
        <ele>675.1</ele>
        <time>2014-04-14T23:02:05Z</time>
        <sat>10</sat>
      </trkpt>
      <trkpt lat="40.670655" lon="-0.190254">
        <ele>674.9</ele>
        <time>2014-04-14T23:02:12Z</time>
        <sat>10</sat>
      </trkpt>
      <trkpt lat="40.670767" lon="-0.190219">
        <ele>675.1</ele>
        <time>2014-04-14T23:02:17Z</time>
        <sat>10</sat>
      </trkpt>
      <trkpt lat="40.670864" lon="-0.190194">
        <ele>675.1</ele>
        <time>2014-04-14T23:02:22Z</time>
        <sat>10</sat>
      </trkpt>
      <trkpt lat="40.670962" lon="-0.190179">
        <ele>674.9</ele>
        <time>2014-04-14T23:02:27Z</time>
        <sat>10</sat>
      </trkpt>
      <trkpt lat="40.671067" lon="-0.190172">
        <ele>674.5</ele>
        <time>2014-04-14T23:02:32Z</time>
        <sat>10</sat>
      </trkpt>
      <trkpt lat="40.671164" lon="-0.190197">
        <ele>673.6</ele>
        <time>2014-04-14T23:02:37Z</time>
        <sat>10</sat>
      </trkpt>
      <trkpt lat="40.671257" lon="-0.190294">
        <ele>671.6</ele>
        <time>2014-04-14T23:02:43Z</time>
        <sat>10</sat>
      </trkpt>
      <trkpt lat="40.671257" lon="-0.190294">
        <ele>671.6</ele>
        <time>2014-04-14T23:02:43Z</time>
        <sat>10</sat>
      </trkpt>
      <trkpt lat="40.671261" lon="-0.190437">
        <ele>669.9</ele>
        <time>2014-04-14T23:02:49Z</time>
        <sat>10</sat>
      </trkpt>
      <trkpt lat="40.671190" lon="-0.190514">
        <ele>669.6</ele>
        <time>2014-04-14T23:02:53Z</time>
        <sat>10</sat>
      </trkpt>
      <trkpt lat="40.671095" lon="-0.190584">
        <ele>669.2</ele>
        <time>2014-04-14T23:02:59Z</time>
        <sat>10</sat>
      </trkpt>
      <trkpt lat="40.670987" lon="-0.190666">
        <ele>668.8</ele>
        <time>2014-04-14T23:03:05Z</time>
        <sat>10</sat>
      </trkpt>
      <trkpt lat="40.670873" lon="-0.190752">
        <ele>668.5</ele>
        <time>2014-04-14T23:03:12Z</time>
        <sat>10</sat>
      </trkpt>
      <trkpt lat="40.670757" lon="-0.190842">
        <ele>667.9</ele>
        <time>2014-04-14T23:03:18Z</time>
        <sat>10</sat>
      </trkpt>
      <trkpt lat="40.670675" lon="-0.190901">
        <ele>667.6</ele>
        <time>2014-04-14T23:03:23Z</time>
        <sat>10</sat>
      </trkpt>
      <trkpt lat="40.670596" lon="-0.190964">
        <ele>667.4</ele>
        <time>2014-04-14T23:03:28Z</time>
        <sat>10</sat>
      </trkpt>
      <trkpt lat="40.670510" lon="-0.191021">
        <ele>667.2</ele>
        <time>2014-04-14T23:03:32Z</time>
        <sat>10</sat>
      </trkpt>
      <trkpt lat="40.670427" lon="-0.191085">
        <ele>667.0</ele>
        <time>2014-04-14T23:03:37Z</time>
        <sat>10</sat>
      </trkpt>
      <trkpt lat="40.670344" lon="-0.191150">
        <ele>666.6</ele>
        <time>2014-04-14T23:03:42Z</time>
        <sat>10</sat>
      </trkpt>
      <trkpt lat="40.670257" lon="-0.191212">
        <ele>666.3</ele>
        <time>2014-04-14T23:03:47Z</time>
        <sat>10</sat>
      </trkpt>
      <trkpt lat="40.670172" lon="-0.191274">
        <ele>666.1</ele>
        <time>2014-04-14T23:03:52Z</time>
        <sat>10</sat>
      </trkpt>
      <trkpt lat="40.670087" lon="-0.191334">
        <ele>666.0</ele>
        <time>2014-04-14T23:03:57Z</time>
        <sat>10</sat>
      </trkpt>
      <trkpt lat="40.670002" lon="-0.191387">
        <ele>666.0</ele>
        <time>2014-04-14T23:04:01Z</time>
        <sat>10</sat>
      </trkpt>
      <trkpt lat="40.669927" lon="-0.191494">
        <ele>665.7</ele>
        <time>2014-04-14T23:04:07Z</time>
        <sat>10</sat>
      </trkpt>
      <trkpt lat="40.670034" lon="-0.191537">
        <ele>664.8</ele>
        <time>2014-04-14T23:04:12Z</time>
        <sat>10</sat>
      </trkpt>
      <trkpt lat="40.670129" lon="-0.191485">
        <ele>664.4</ele>
        <time>2014-04-14T23:04:18Z</time>
        <sat>10</sat>
      </trkpt>
      <trkpt lat="40.670229" lon="-0.191434">
        <ele>664.2</ele>
        <time>2014-04-14T23:04:23Z</time>
        <sat>10</sat>
      </trkpt>
      <trkpt lat="40.670335" lon="-0.191380">
        <ele>663.8</ele>
        <time>2014-04-14T23:04:29Z</time>
        <sat>10</sat>
      </trkpt>
      <trkpt lat="40.670442" lon="-0.191331">
        <ele>663.4</ele>
        <time>2014-04-14T23:04:34Z</time>
        <sat>10</sat>
      </trkpt>
      <trkpt lat="40.670548" lon="-0.191274">
        <ele>663.3</ele>
        <time>2014-04-14T23:04:40Z</time>
        <sat>10</sat>
      </trkpt>
      <trkpt lat="40.670655" lon="-0.191217">
        <ele>663.1</ele>
        <time>2014-04-14T23:04:46Z</time>
        <sat>10</sat>
      </trkpt>
      <trkpt lat="40.670760" lon="-0.191164">
        <ele>662.9</ele>
        <time>2014-04-14T23:04:52Z</time>
        <sat>10</sat>
      </trkpt>
      <trkpt lat="40.670867" lon="-0.191140">
        <ele>662.8</ele>
        <time>2014-04-14T23:04:57Z</time>
        <sat>10</sat>
      </trkpt>
      <trkpt lat="40.670954" lon="-0.191200">
        <ele>662.4</ele>
        <time>2014-04-14T23:05:02Z</time>
        <sat>10</sat>
      </trkpt>
      <trkpt lat="40.670995" lon="-0.191307">
        <ele>660.8</ele>
        <time>2014-04-14T23:05:06Z</time>
        <sat>10</sat>
      </trkpt>
      <trkpt lat="40.671019" lon="-0.191470">
        <ele>655.5</ele>
        <time>2014-04-14T23:05:13Z</time>
        <sat>10</sat>
      </trkpt>
      <trkpt lat="40.671047" lon="-0.191619">
        <ele>655.1</ele>
        <time>2014-04-14T23:05:18Z</time>
        <sat>10</sat>
      </trkpt>
      <trkpt lat="40.671067" lon="-0.191760">
        <ele>656.7</ele>
        <time>2014-04-14T23:05:24Z</time>
        <sat>10</sat>
      </trkpt>
      <trkpt lat="40.671090" lon="-0.191920">
        <ele>658.5</ele>
        <time>2014-04-14T23:05:30Z</time>
        <sat>10</sat>
      </trkpt>
      <trkpt lat="40.671112" lon="-0.192077">
        <ele>660.2</ele>
        <time>2014-04-14T23:05:36Z</time>
        <sat>8</sat>
      </trkpt>
      <trkpt lat="40.671140" lon="-0.192243">
        <ele>661.7</ele>
        <time>2014-04-14T23:05:43Z</time>
        <sat>8</sat>
      </trkpt>
      <trkpt lat="40.671155" lon="-0.192366">
        <ele>662.0</ele>
        <time>2014-04-14T23:05:47Z</time>
        <sat>8</sat>
      </trkpt>
      <trkpt lat="40.671172" lon="-0.192494">
        <ele>662.1</ele>
        <time>2014-04-14T23:05:52Z</time>
        <sat>8</sat>
      </trkpt>
      <trkpt lat="40.671189" lon="-0.192620">
        <ele>661.5</ele>
        <time>2014-04-14T23:05:57Z</time>
        <sat>8</sat>
      </trkpt>
      <trkpt lat="40.671207" lon="-0.192742">
        <ele>661.7</ele>
        <time>2014-04-14T23:06:02Z</time>
        <sat>8</sat>
      </trkpt>
      <trkpt lat="40.671225" lon="-0.192862">
        <ele>661.8</ele>
        <time>2014-04-14T23:06:07Z</time>
        <sat>8</sat>
      </trkpt>
      <trkpt lat="40.671250" lon="-0.192979">
        <ele>661.9</ele>
        <time>2014-04-14T23:06:11Z</time>
        <sat>8</sat>
      </trkpt>
      <trkpt lat="40.671312" lon="-0.193132">
        <ele>662.3</ele>
        <time>2014-04-14T23:06:18Z</time>
        <sat>8</sat>
      </trkpt>
      <trkpt lat="40.671410" lon="-0.193232">
        <ele>662.6</ele>
        <time>2014-04-14T23:06:24Z</time>
        <sat>8</sat>
      </trkpt>
      <trkpt lat="40.671522" lon="-0.193282">
        <ele>663.0</ele>
        <time>2014-04-14T23:06:30Z</time>
        <sat>8</sat>
      </trkpt>
      <trkpt lat="40.671637" lon="-0.193312">
        <ele>663.7</ele>
        <time>2014-04-14T23:06:36Z</time>
        <sat>8</sat>
      </trkpt>
      <trkpt lat="40.671745" lon="-0.193324">
        <ele>664.3</ele>
        <time>2014-04-14T23:06:41Z</time>
        <sat>8</sat>
      </trkpt>
      <trkpt lat="40.671854" lon="-0.193342">
        <ele>665.0</ele>
        <time>2014-04-14T23:06:47Z</time>
        <sat>8</sat>
      </trkpt>
      <trkpt lat="40.671959" lon="-0.193332">
        <ele>665.2</ele>
        <time>2014-04-14T23:06:52Z</time>
        <sat>8</sat>
      </trkpt>
      <trkpt lat="40.672067" lon="-0.193319">
        <ele>665.5</ele>
        <time>2014-04-14T23:06:57Z</time>
        <sat>8</sat>
      </trkpt>
      <trkpt lat="40.672172" lon="-0.193297">
        <ele>665.6</ele>
        <time>2014-04-14T23:07:03Z</time>
        <sat>7</sat>
      </trkpt>
      <trkpt lat="40.672270" lon="-0.193270">
        <ele>666.0</ele>
        <time>2014-04-14T23:07:08Z</time>
        <sat>7</sat>
      </trkpt>
      <trkpt lat="40.672367" lon="-0.193237">
        <ele>666.5</ele>
        <time>2014-04-14T23:07:13Z</time>
        <sat>7</sat>
      </trkpt>
      <trkpt lat="40.672464" lon="-0.193202">
        <ele>667.1</ele>
        <time>2014-04-14T23:07:18Z</time>
        <sat>7</sat>
      </trkpt>
      <trkpt lat="40.672557" lon="-0.193167">
        <ele>667.3</ele>
        <time>2014-04-14T23:07:22Z</time>
        <sat>7</sat>
      </trkpt>
      <trkpt lat="40.672675" lon="-0.193146">
        <ele>667.5</ele>
        <time>2014-04-14T23:07:28Z</time>
        <sat>7</sat>
      </trkpt>
      <trkpt lat="40.672790" lon="-0.193155">
        <ele>667.9</ele>
        <time>2014-04-14T23:07:34Z</time>
        <sat>7</sat>
      </trkpt>
      <trkpt lat="40.672887" lon="-0.193212">
        <ele>668.4</ele>
        <time>2014-04-14T23:07:40Z</time>
        <sat>8</sat>
      </trkpt>
      <trkpt lat="40.672956" lon="-0.193324">
        <ele>669.0</ele>
        <time>2014-04-14T23:07:45Z</time>
        <sat>9</sat>
      </trkpt>
      <trkpt lat="40.673010" lon="-0.193452">
        <ele>669.9</ele>
        <time>2014-04-14T23:07:51Z</time>
        <sat>9</sat>
      </trkpt>
      <trkpt lat="40.673057" lon="-0.193582">
        <ele>670.6</ele>
        <time>2014-04-14T23:07:56Z</time>
        <sat>8</sat>
      </trkpt>
      <trkpt lat="40.673110" lon="-0.193707">
        <ele>671.1</ele>
        <time>2014-04-14T23:08:01Z</time>
        <sat>8</sat>
      </trkpt>
      <trkpt lat="40.673159" lon="-0.193835">
        <ele>672.1</ele>
        <time>2014-04-14T23:08:07Z</time>
        <sat>8</sat>
      </trkpt>
      <trkpt lat="40.673200" lon="-0.193960">
        <ele>673.2</ele>
        <time>2014-04-14T23:08:12Z</time>
        <sat>8</sat>
      </trkpt>
      <trkpt lat="40.673237" lon="-0.194094">
        <ele>674.0</ele>
        <time>2014-04-14T23:08:17Z</time>
        <sat>8</sat>
      </trkpt>
      <trkpt lat="40.673261" lon="-0.194232">
        <ele>674.4</ele>
        <time>2014-04-14T23:08:23Z</time>
        <sat>8</sat>
      </trkpt>
      <trkpt lat="40.673269" lon="-0.194372">
        <ele>675.0</ele>
        <time>2014-04-14T23:08:28Z</time>
        <sat>8</sat>
      </trkpt>
      <trkpt lat="40.673286" lon="-0.194519">
        <ele>676.0</ele>
        <time>2014-04-14T23:08:34Z</time>
        <sat>8</sat>
      </trkpt>
      <trkpt lat="40.673330" lon="-0.194655">
        <ele>677.3</ele>
        <time>2014-04-14T23:08:39Z</time>
        <sat>9</sat>
      </trkpt>
      <trkpt lat="40.673401" lon="-0.194769">
        <ele>678.2</ele>
        <time>2014-04-14T23:08:45Z</time>
        <sat>8</sat>
      </trkpt>
      <trkpt lat="40.673479" lon="-0.194869">
        <ele>678.6</ele>
        <time>2014-04-14T23:08:50Z</time>
        <sat>8</sat>
      </trkpt>
      <trkpt lat="40.673560" lon="-0.194955">
        <ele>679.4</ele>
        <time>2014-04-14T23:08:56Z</time>
        <sat>8</sat>
      </trkpt>
      <trkpt lat="40.673639" lon="-0.195030">
        <ele>679.8</ele>
        <time>2014-04-14T23:09:01Z</time>
        <sat>8</sat>
      </trkpt>
      <trkpt lat="40.673731" lon="-0.195067">
        <ele>680.6</ele>
        <time>2014-04-14T23:09:05Z</time>
        <sat>8</sat>
      </trkpt>
      <trkpt lat="40.673820" lon="-0.195055">
        <ele>682.7</ele>
        <time>2014-04-14T23:09:10Z</time>
        <sat>8</sat>
      </trkpt>
      <trkpt lat="40.673820" lon="-0.195055">
        <ele>682.7</ele>
        <time>2014-04-14T23:09:10Z</time>
        <sat>8</sat>
      </trkpt>
      <trkpt lat="40.673842" lon="-0.195197">
        <ele>684.1</ele>
        <time>2014-04-14T23:09:15Z</time>
        <sat>7</sat>
      </trkpt>
      <trkpt lat="40.673849" lon="-0.195322">
        <ele>686.7</ele>
        <time>2014-04-14T23:09:20Z</time>
        <sat>8</sat>
      </trkpt>
      <trkpt lat="40.673866" lon="-0.195447">
        <ele>688.7</ele>
        <time>2014-04-14T23:09:25Z</time>
        <sat>8</sat>
      </trkpt>
      <trkpt lat="40.673887" lon="-0.195567">
        <ele>689.5</ele>
        <time>2014-04-14T23:09:30Z</time>
        <sat>8</sat>
      </trkpt>
      <trkpt lat="40.673927" lon="-0.195689">
        <ele>692.1</ele>
        <time>2014-04-14T23:09:35Z</time>
        <sat>8</sat>
      </trkpt>
      <trkpt lat="40.673957" lon="-0.195822">
        <ele>695.6</ele>
        <time>2014-04-14T23:09:40Z</time>
        <sat>8</sat>
      </trkpt>
      <trkpt lat="40.673976" lon="-0.195952">
        <ele>697.8</ele>
        <time>2014-04-14T23:09:45Z</time>
        <sat>8</sat>
      </trkpt>
      <trkpt lat="40.674000" lon="-0.196067">
        <ele>699.2</ele>
        <time>2014-04-14T23:09:49Z</time>
        <sat>8</sat>
      </trkpt>
      <trkpt lat="40.674025" lon="-0.196190">
        <ele>700.4</ele>
        <time>2014-04-14T23:09:54Z</time>
        <sat>8</sat>
      </trkpt>
      <trkpt lat="40.674059" lon="-0.196312">
        <ele>701.6</ele>
        <time>2014-04-14T23:09:59Z</time>
        <sat>8</sat>
      </trkpt>
      <trkpt lat="40.674085" lon="-0.196432">
        <ele>702.6</ele>
        <time>2014-04-14T23:10:04Z</time>
        <sat>9</sat>
      </trkpt>
      <trkpt lat="40.674118" lon="-0.196547">
        <ele>703.8</ele>
        <time>2014-04-14T23:10:09Z</time>
        <sat>9</sat>
      </trkpt>
      <trkpt lat="40.674144" lon="-0.196662">
        <ele>704.9</ele>
        <time>2014-04-14T23:10:13Z</time>
        <sat>9</sat>
      </trkpt>
      <trkpt lat="40.674164" lon="-0.196785">
        <ele>705.3</ele>
        <time>2014-04-14T23:10:18Z</time>
        <sat>9</sat>
      </trkpt>
      <trkpt lat="40.674179" lon="-0.196905">
        <ele>705.8</ele>
        <time>2014-04-14T23:10:23Z</time>
        <sat>10</sat>
      </trkpt>
      <trkpt lat="40.674245" lon="-0.196997">
        <ele>706.3</ele>
        <time>2014-04-14T23:10:27Z</time>
        <sat>10</sat>
      </trkpt>
      <trkpt lat="40.674245" lon="-0.196997">
        <ele>706.3</ele>
        <time>2014-04-14T23:10:27Z</time>
        <sat>10</sat>
      </trkpt>
      <trkpt lat="40.674232" lon="-0.197117">
        <ele>706.7</ele>
        <time>2014-04-14T23:10:32Z</time>
        <sat>10</sat>
      </trkpt>
      <trkpt lat="40.674212" lon="-0.197256">
        <ele>707.2</ele>
        <time>2014-04-14T23:10:37Z</time>
        <sat>10</sat>
      </trkpt>
      <trkpt lat="40.674192" lon="-0.197395">
        <ele>707.7</ele>
        <time>2014-04-14T23:10:43Z</time>
        <sat>6</sat>
      </trkpt>
      <trkpt lat="40.674165" lon="-0.197525">
        <ele>708.1</ele>
        <time>2014-04-14T23:10:48Z</time>
        <sat>8</sat>
      </trkpt>
      <trkpt lat="40.674140" lon="-0.197659">
        <ele>708.3</ele>
        <time>2014-04-14T23:10:53Z</time>
        <sat>8</sat>
      </trkpt>
      <trkpt lat="40.674110" lon="-0.197801">
        <ele>708.7</ele>
        <time>2014-04-14T23:10:59Z</time>
        <sat>6</sat>
      </trkpt>
      <trkpt lat="40.674072" lon="-0.197916">
        <ele>709.1</ele>
        <time>2014-04-14T23:11:03Z</time>
        <sat>8</sat>
      </trkpt>
      <trkpt lat="40.674037" lon="-0.198031">
        <ele>709.3</ele>
        <time>2014-04-14T23:11:08Z</time>
        <sat>8</sat>
      </trkpt>
      <trkpt lat="40.673988" lon="-0.198140">
        <ele>709.6</ele>
        <time>2014-04-14T23:11:13Z</time>
        <sat>8</sat>
      </trkpt>
      <trkpt lat="40.673942" lon="-0.198249">
        <ele>709.8</ele>
        <time>2014-04-14T23:11:18Z</time>
        <sat>8</sat>
      </trkpt>
      <trkpt lat="40.673894" lon="-0.198370">
        <ele>710.2</ele>
        <time>2014-04-14T23:11:23Z</time>
        <sat>8</sat>
      </trkpt>
      <trkpt lat="40.673842" lon="-0.198487">
        <ele>710.7</ele>
        <time>2014-04-14T23:11:28Z</time>
        <sat>8</sat>
      </trkpt>
      <trkpt lat="40.673842" lon="-0.198487">
        <ele>710.7</ele>
        <time>2014-04-14T23:11:28Z</time>
        <sat>8</sat>
      </trkpt>
      <trkpt lat="40.673789" lon="-0.198600">
        <ele>711.3</ele>
        <time>2014-04-14T23:11:33Z</time>
        <sat>8</sat>
      </trkpt>
      <trkpt lat="40.673744" lon="-0.198718">
        <ele>711.5</ele>
        <time>2014-04-14T23:11:38Z</time>
        <sat>8</sat>
      </trkpt>
      <trkpt lat="40.673709" lon="-0.198839">
        <ele>711.7</ele>
        <time>2014-04-14T23:11:43Z</time>
        <sat>8</sat>
      </trkpt>
      <trkpt lat="40.673677" lon="-0.198958">
        <ele>713.1</ele>
        <time>2014-04-14T23:11:48Z</time>
        <sat>8</sat>
      </trkpt>
      <trkpt lat="40.673659" lon="-0.199077">
        <ele>714.2</ele>
        <time>2014-04-14T23:11:52Z</time>
        <sat>10</sat>
      </trkpt>
      <trkpt lat="40.673619" lon="-0.199192">
        <ele>716.9</ele>
        <time>2014-04-14T23:11:57Z</time>
        <sat>10</sat>
      </trkpt>
      <trkpt lat="40.673602" lon="-0.199319">
        <ele>718.6</ele>
        <time>2014-04-14T23:12:02Z</time>
        <sat>9</sat>
      </trkpt>
      <trkpt lat="40.673602" lon="-0.199447">
        <ele>718.6</ele>
        <time>2014-04-14T23:12:07Z</time>
        <sat>9</sat>
      </trkpt>
      <trkpt lat="40.673617" lon="-0.199584">
        <ele>718.1</ele>
        <time>2014-04-14T23:12:12Z</time>
        <sat>9</sat>
      </trkpt>
      <trkpt lat="40.673637" lon="-0.199702">
        <ele>717.3</ele>
        <time>2014-04-14T23:12:17Z</time>
        <sat>9</sat>
      </trkpt>
      <trkpt lat="40.673637" lon="-0.199825">
        <ele>717.3</ele>
        <time>2014-04-14T23:12:21Z</time>
        <sat>10</sat>
      </trkpt>
      <trkpt lat="40.673627" lon="-0.199957">
        <ele>717.8</ele>
        <time>2014-04-14T23:12:26Z</time>
        <sat>10</sat>
      </trkpt>
      <trkpt lat="40.673605" lon="-0.200083">
        <ele>718.9</ele>
        <time>2014-04-14T23:12:31Z</time>
        <sat>8</sat>
      </trkpt>
      <trkpt lat="40.673580" lon="-0.200214">
        <ele>719.7</ele>
        <time>2014-04-14T23:12:36Z</time>
        <sat>8</sat>
      </trkpt>
      <trkpt lat="40.673599" lon="-0.200347">
        <ele>719.2</ele>
        <time>2014-04-14T23:12:42Z</time>
        <sat>9</sat>
      </trkpt>
      <trkpt lat="40.673595" lon="-0.200482">
        <ele>719.2</ele>
        <time>2014-04-14T23:12:47Z</time>
        <sat>8</sat>
      </trkpt>
      <trkpt lat="40.673584" lon="-0.200607">
        <ele>719.4</ele>
        <time>2014-04-14T23:12:52Z</time>
        <sat>8</sat>
      </trkpt>
      <trkpt lat="40.673565" lon="-0.200742">
        <ele>720.3</ele>
        <time>2014-04-14T23:12:57Z</time>
        <sat>9</sat>
      </trkpt>
      <trkpt lat="40.673530" lon="-0.200885">
        <ele>721.2</ele>
        <time>2014-04-14T23:13:02Z</time>
        <sat>8</sat>
      </trkpt>
      <trkpt lat="40.673521" lon="-0.201010">
        <ele>721.0</ele>
        <time>2014-04-14T23:13:07Z</time>
        <sat>8</sat>
      </trkpt>
      <trkpt lat="40.673537" lon="-0.201142">
        <ele>720.4</ele>
        <time>2014-04-14T23:13:12Z</time>
        <sat>7</sat>
      </trkpt>
      <trkpt lat="40.673611" lon="-0.201371">
        <ele>718.6</ele>
        <time>2014-04-14T23:13:22Z</time>
        <sat>7</sat>
      </trkpt>
      <trkpt lat="40.673617" lon="-0.201383">
        <ele>718.4</ele>
        <time>2014-04-14T23:13:22Z</time>
        <sat>8</sat>
      </trkpt>
      <trkpt lat="40.673619" lon="-0.201385">
        <ele>718.4</ele>
        <time>2014-04-14T23:13:22Z</time>
      </trkpt>
      <trkpt lat="40.673644" lon="-0.201470">
        <ele>718.1</ele>
        <time>2014-04-14T23:13:26Z</time>
      </trkpt>
      <trkpt lat="40.673644" lon="-0.201472">
        <ele>718.1</ele>
        <time>2014-04-14T23:13:26Z</time>
      </trkpt>
      <trkpt lat="40.673716" lon="-0.201657">
        <ele>717.8</ele>
        <time>2014-04-14T23:13:34Z</time>
      </trkpt>
      <trkpt lat="40.673716" lon="-0.201657">
        <ele>717.8</ele>
        <time>2014-04-14T23:13:34Z</time>
      </trkpt>
      <trkpt lat="40.673712" lon="-0.201682">
        <ele>718.1</ele>
        <time>2014-04-14T23:13:35Z</time>
      </trkpt>
      <trkpt lat="40.673858" lon="-0.201973">
        <ele>717.5</ele>
        <time>2014-04-14T23:13:48Z</time>
      </trkpt>
      <trkpt lat="40.673897" lon="-0.202229">
        <ele>719.0</ele>
        <time>2014-04-14T23:13:58Z</time>
      </trkpt>
      <trkpt lat="40.673955" lon="-0.202531">
        <ele>719.4</ele>
        <time>2014-04-14T23:14:10Z</time>
      </trkpt>
      <trkpt lat="40.674027" lon="-0.202836">
        <ele>719.9</ele>
        <time>2014-04-14T23:14:22Z</time>
      </trkpt>
      <trkpt lat="40.674078" lon="-0.203247">
        <ele>721.4</ele>
        <time>2014-04-14T23:14:38Z</time>
      </trkpt>
      <trkpt lat="40.674128" lon="-0.203548">
        <ele>722.0</ele>
        <time>2014-04-14T23:14:49Z</time>
      </trkpt>
      <trkpt lat="40.674059" lon="-0.203810">
        <ele>723.4</ele>
        <time>2014-04-14T23:15:00Z</time>
      </trkpt>
      <trkpt lat="40.673950" lon="-0.204101">
        <ele>725.2</ele>
        <time>2014-04-14T23:15:12Z</time>
      </trkpt>
      <trkpt lat="40.673950" lon="-0.204101">
        <ele>725.2</ele>
        <time>2014-04-14T23:15:12Z</time>
      </trkpt>
      <trkpt lat="40.673924" lon="-0.204449">
        <ele>726.0</ele>
        <time>2014-04-14T23:15:26Z</time>
      </trkpt>
      <trkpt lat="40.673846" lon="-0.204884">
        <ele>727.3</ele>
        <time>2014-04-14T23:15:42Z</time>
      </trkpt>
      <trkpt lat="40.673745" lon="-0.205331">
        <ele>729.0</ele>
        <time>2014-04-14T23:16:00Z</time>
      </trkpt>
      <trkpt lat="40.673665" lon="-0.205546">
        <ele>729.9</ele>
        <time>2014-04-14T23:16:09Z</time>
      </trkpt>
      <trkpt lat="40.673572" lon="-0.205712">
        <ele>730.2</ele>
        <time>2014-04-14T23:16:17Z</time>
      </trkpt>
      <trkpt lat="40.673269" lon="-0.206055">
        <ele>730.8</ele>
        <time>2014-04-14T23:16:37Z</time>
      </trkpt>
      <trkpt lat="40.673177" lon="-0.206192">
        <ele>731.6</ele>
        <time>2014-04-14T23:16:44Z</time>
      </trkpt>
      <trkpt lat="40.673103" lon="-0.206321">
        <ele>732.4</ele>
        <time>2014-04-14T23:16:50Z</time>
      </trkpt>
      <trkpt lat="40.672912" lon="-0.206548">
        <ele>733.4</ele>
        <time>2014-04-14T23:17:03Z</time>
      </trkpt>
      <trkpt lat="40.672653" lon="-0.206696">
        <ele>734.0</ele>
        <time>2014-04-14T23:17:17Z</time>
      </trkpt>
      <trkpt lat="40.672395" lon="-0.206798">
        <ele>735.5</ele>
        <time>2014-04-14T23:17:31Z</time>
      </trkpt>
      <trkpt lat="40.672163" lon="-0.206932">
        <ele>737.0</ele>
        <time>2014-04-14T23:17:43Z</time>
      </trkpt>
      <trkpt lat="40.671894" lon="-0.207115">
        <ele>739.5</ele>
        <time>2014-04-14T23:17:58Z</time>
      </trkpt>
      <trkpt lat="40.671278" lon="-0.207831">
        <ele>742.6</ele>
        <time>2014-04-14T23:18:40Z</time>
      </trkpt>
      <trkpt lat="40.670973" lon="-0.208175">
        <ele>742.1</ele>
        <time>2014-04-14T23:19:00Z</time>
      </trkpt>
      <trkpt lat="40.670973" lon="-0.208175">
        <ele>742.1</ele>
        <time>2014-04-14T23:19:00Z</time>
      </trkpt>
      <trkpt lat="40.670952" lon="-0.208142">
        <ele>742.0</ele>
        <time>2014-04-14T23:19:01Z</time>
      </trkpt>
      <trkpt lat="40.670890" lon="-0.208158">
        <ele>741.3</ele>
        <time>2014-04-14T23:19:04Z</time>
      </trkpt>
      <trkpt lat="40.670841" lon="-0.208186">
        <ele>740.6</ele>
        <time>2014-04-14T23:19:07Z</time>
      </trkpt>
      <trkpt lat="40.670778" lon="-0.208231">
        <ele>739.8</ele>
        <time>2014-04-14T23:19:11Z</time>
      </trkpt>
      <trkpt lat="40.670726" lon="-0.208345">
        <ele>739.8</ele>
        <time>2014-04-14T23:19:16Z</time>
      </trkpt>
      <trkpt lat="40.670689" lon="-0.208427">
        <ele>739.4</ele>
        <time>2014-04-14T23:19:19Z</time>
      </trkpt>
      <trkpt lat="40.670660" lon="-0.208509">
        <ele>739.0</ele>
        <time>2014-04-14T23:19:23Z</time>
      </trkpt>
      <trkpt lat="40.670631" lon="-0.208593">
        <ele>738.6</ele>
        <time>2014-04-14T23:19:26Z</time>
      </trkpt>
      <trkpt lat="40.670597" lon="-0.208688">
        <ele>738.4</ele>
        <time>2014-04-14T23:19:30Z</time>
      </trkpt>
      <trkpt lat="40.670500" lon="-0.208841">
        <ele>737.7</ele>
        <time>2014-04-14T23:19:38Z</time>
      </trkpt>
      <trkpt lat="40.670328" lon="-0.208848">
        <ele>733.8</ele>
        <time>2014-04-14T23:19:46Z</time>
      </trkpt>
      <trkpt lat="40.670238" lon="-0.208845">
        <ele>731.2</ele>
        <time>2014-04-14T23:19:51Z</time>
      </trkpt>
      <trkpt lat="40.670210" lon="-0.208814">
        <ele>730.2</ele>
        <time>2014-04-14T23:19:53Z</time>
      </trkpt>
      <trkpt lat="40.670172" lon="-0.208790">
        <ele>728.9</ele>
        <time>2014-04-14T23:19:55Z</time>
      </trkpt>
      <trkpt lat="40.670143" lon="-0.208751">
        <ele>727.8</ele>
        <time>2014-04-14T23:19:57Z</time>
      </trkpt>
      <trkpt lat="40.670092" lon="-0.208721">
        <ele>725.8</ele>
        <time>2014-04-14T23:20:00Z</time>
      </trkpt>
      <trkpt lat="40.670033" lon="-0.208701">
        <ele>723.2</ele>
        <time>2014-04-14T23:20:03Z</time>
      </trkpt>
      <trkpt lat="40.669979" lon="-0.208863">
        <ele>722.5</ele>
        <time>2014-04-14T23:20:09Z</time>
      </trkpt>
      <trkpt lat="40.669980" lon="-0.208874">
        <ele>722.6</ele>
        <time>2014-04-14T23:20:10Z</time>
      </trkpt>
      <trkpt lat="40.669894" lon="-0.209131">
        <ele>719.7</ele>
        <time>2014-04-14T23:20:21Z</time>
      </trkpt>
      <trkpt lat="40.669844" lon="-0.209298">
        <ele>717.5</ele>
        <time>2014-04-14T23:20:27Z</time>
      </trkpt>
      <trkpt lat="40.669761" lon="-0.209514">
        <ele>715.8</ele>
        <time>2014-04-14T23:20:37Z</time>
      </trkpt>
      <trkpt lat="40.669761" lon="-0.209514">
        <ele>715.8</ele>
        <time>2014-04-14T23:20:37Z</time>
      </trkpt>
      <trkpt lat="40.669622" lon="-0.209595">
        <ele>716.3</ele>
        <time>2014-04-14T23:20:44Z</time>
      </trkpt>
      <trkpt lat="40.669443" lon="-0.209734">
        <ele>718.2</ele>
        <time>2014-04-14T23:20:55Z</time>
      </trkpt>
      <trkpt lat="40.669176" lon="-0.209923">
        <ele>718.4</ele>
        <time>2014-04-14T23:21:10Z</time>
      </trkpt>
      <trkpt lat="40.669043" lon="-0.210023">
        <ele>718.8</ele>
        <time>2014-04-14T23:21:17Z</time>
      </trkpt>
      <trkpt lat="40.668809" lon="-0.210180">
        <ele>719.1</ele>
        <time>2014-04-14T23:21:31Z</time>
      </trkpt>
      <trkpt lat="40.668575" lon="-0.210336">
        <ele>720.1</ele>
        <time>2014-04-14T23:21:44Z</time>
      </trkpt>
      <trkpt lat="40.668344" lon="-0.210431">
        <ele>720.4</ele>
        <time>2014-04-14T23:21:56Z</time>
      </trkpt>
      <trkpt lat="40.668161" lon="-0.210531">
        <ele>720.5</ele>
        <time>2014-04-14T23:22:06Z</time>
      </trkpt>
      <trkpt lat="40.668161" lon="-0.210531">
        <ele>720.5</ele>
        <time>2014-04-14T23:22:06Z</time>
      </trkpt>
      <trkpt lat="40.668070" lon="-0.210650">
        <ele>720.5</ele>
        <time>2014-04-14T23:22:12Z</time>
      </trkpt>
      <trkpt lat="40.668028" lon="-0.210765">
        <ele>720.7</ele>
        <time>2014-04-14T23:22:17Z</time>
      </trkpt>
      <trkpt lat="40.667953" lon="-0.210949">
        <ele>720.8</ele>
        <time>2014-04-14T23:22:25Z</time>
      </trkpt>
      <trkpt lat="40.667902" lon="-0.211096">
        <ele>720.9</ele>
        <time>2014-04-14T23:22:31Z</time>
      </trkpt>
      <trkpt lat="40.667844" lon="-0.211514">
        <ele>723.0</ele>
        <time>2014-04-14T23:22:47Z</time>
      </trkpt>
      <trkpt lat="40.667781" lon="-0.211661">
        <ele>723.4</ele>
        <time>2014-04-14T23:22:54Z</time>
      </trkpt>
      <trkpt lat="40.667728" lon="-0.211714">
        <ele>723.4</ele>
        <time>2014-04-14T23:22:57Z</time>
      </trkpt>
      <trkpt lat="40.667578" lon="-0.211948">
        <ele>726.2</ele>
        <time>2014-04-14T23:23:08Z</time>
      </trkpt>
      <trkpt lat="40.667581" lon="-0.211965">
        <ele>725.9</ele>
        <time>2014-04-14T23:23:09Z</time>
      </trkpt>
      <trkpt lat="40.667594" lon="-0.212049">
        <ele>725.3</ele>
        <time>2014-04-14T23:23:12Z</time>
      </trkpt>
      <trkpt lat="40.667565" lon="-0.212283">
        <ele>727.4</ele>
        <time>2014-04-14T23:23:21Z</time>
      </trkpt>
      <trkpt lat="40.667543" lon="-0.212477">
        <ele>728.5</ele>
        <time>2014-04-14T23:23:29Z</time>
      </trkpt>
      <trkpt lat="40.667477" lon="-0.212669">
        <ele>729.7</ele>
        <time>2014-04-14T23:23:37Z</time>
      </trkpt>
      <trkpt lat="40.667433" lon="-0.212837">
        <ele>731.3</ele>
        <time>2014-04-14T23:23:44Z</time>
      </trkpt>
      <trkpt lat="40.667400" lon="-0.212983">
        <ele>732.1</ele>
        <time>2014-04-14T23:23:49Z</time>
      </trkpt>
      <trkpt lat="40.667364" lon="-0.213078">
        <ele>732.3</ele>
        <time>2014-04-14T23:23:53Z</time>
      </trkpt>
      <trkpt lat="40.667278" lon="-0.213295">
        <ele>732.6</ele>
        <time>2014-04-14T23:24:03Z</time>
      </trkpt>
      <trkpt lat="40.667235" lon="-0.213482">
        <ele>732.5</ele>
        <time>2014-04-14T23:24:10Z</time>
      </trkpt>
      <trkpt lat="40.667092" lon="-0.213745">
        <ele>733.3</ele>
        <time>2014-04-14T23:24:22Z</time>
      </trkpt>
      <trkpt lat="40.666911" lon="-0.214032">
        <ele>734.9</ele>
        <time>2014-04-14T23:24:37Z</time>
      </trkpt>
      <trkpt lat="40.666660" lon="-0.214282">
        <ele>738.2</ele>
        <time>2014-04-14T23:24:52Z</time>
      </trkpt>
      <trkpt lat="40.666585" lon="-0.214427">
        <ele>741.0</ele>
        <time>2014-04-14T23:24:59Z</time>
      </trkpt>
      <trkpt lat="40.666375" lon="-0.214478">
        <ele>740.9</ele>
        <time>2014-04-14T23:25:10Z</time>
      </trkpt>
      <trkpt lat="40.666244" lon="-0.214603">
        <ele>741.6</ele>
        <time>2014-04-14T23:25:18Z</time>
      </trkpt>
      <trkpt lat="40.666244" lon="-0.214603">
        <ele>741.6</ele>
        <time>2014-04-14T23:25:18Z</time>
      </trkpt>
      <trkpt lat="40.666109" lon="-0.214810">
        <ele>743.6</ele>
        <time>2014-04-14T23:25:28Z</time>
      </trkpt>
      <trkpt lat="40.665975" lon="-0.214965">
        <ele>743.1</ele>
        <time>2014-04-14T23:25:37Z</time>
      </trkpt>
      <trkpt lat="40.665992" lon="-0.215097">
        <ele>743.4</ele>
        <time>2014-04-14T23:25:42Z</time>
      </trkpt>
      <trkpt lat="40.666008" lon="-0.215229">
        <ele>743.8</ele>
        <time>2014-04-14T23:25:47Z</time>
      </trkpt>
      <trkpt lat="40.666094" lon="-0.215382">
        <ele>744.5</ele>
        <time>2014-04-14T23:25:54Z</time>
      </trkpt>
      <trkpt lat="40.666110" lon="-0.215582">
        <ele>745.5</ele>
        <time>2014-04-14T23:26:02Z</time>
      </trkpt>
      <trkpt lat="40.666144" lon="-0.216082">
        <ele>747.1</ele>
        <time>2014-04-14T23:26:21Z</time>
      </trkpt>
      <trkpt lat="40.666094" lon="-0.216382">
        <ele>747.8</ele>
        <time>2014-04-14T23:26:33Z</time>
      </trkpt>
      <trkpt lat="40.666061" lon="-0.216665">
        <ele>750.2</ele>
        <time>2014-04-14T23:26:44Z</time>
      </trkpt>
      <trkpt lat="40.666028" lon="-0.216815">
        <ele>750.0</ele>
        <time>2014-04-14T23:26:50Z</time>
      </trkpt>
      <trkpt lat="40.666010" lon="-0.217032">
        <ele>749.9</ele>
        <time>2014-04-14T23:26:58Z</time>
      </trkpt>
      <trkpt lat="40.666010" lon="-0.217265">
        <ele>750.0</ele>
        <time>2014-04-14T23:27:07Z</time>
      </trkpt>
      <trkpt lat="40.666011" lon="-0.217668">
        <ele>750.7</ele>
        <time>2014-04-14T23:27:22Z</time>
      </trkpt>
      <trkpt lat="40.665933" lon="-0.217816">
        <ele>751.0</ele>
        <time>2014-04-14T23:27:29Z</time>
      </trkpt>
      <trkpt lat="40.665861" lon="-0.217832">
        <ele>751.6</ele>
        <time>2014-04-14T23:27:32Z</time>
      </trkpt>
      <trkpt lat="40.665858" lon="-0.217854">
        <ele>751.7</ele>
        <time>2014-04-14T23:27:33Z</time>
      </trkpt>
      <trkpt lat="40.665858" lon="-0.217854">
        <ele>751.7</ele>
        <time>2014-04-14T23:27:33Z</time>
      </trkpt>
      <trkpt lat="40.665777" lon="-0.217832">
        <ele>753.8</ele>
        <time>2014-04-14T23:27:37Z</time>
      </trkpt>
      <trkpt lat="40.665768" lon="-0.217722">
        <ele>755.9</ele>
        <time>2014-04-14T23:27:42Z</time>
      </trkpt>
      <trkpt lat="40.665720" lon="-0.217359">
        <ele>761.6</ele>
        <time>2014-04-14T23:27:56Z</time>
      </trkpt>
      <trkpt lat="40.665648" lon="-0.217034">
        <ele>768.1</ele>
        <time>2014-04-14T23:28:08Z</time>
      </trkpt>
      <trkpt lat="40.665606" lon="-0.216712">
        <ele>772.7</ele>
        <time>2014-04-14T23:28:21Z</time>
      </trkpt>
      <trkpt lat="40.665613" lon="-0.216611">
        <ele>772.8</ele>
        <time>2014-04-14T23:28:25Z</time>
      </trkpt>
      <trkpt lat="40.665586" lon="-0.216398">
        <ele>774.0</ele>
        <time>2014-04-14T23:28:33Z</time>
      </trkpt>
      <trkpt lat="40.665550" lon="-0.216288">
        <ele>775.6</ele>
        <time>2014-04-14T23:28:37Z</time>
      </trkpt>
      <trkpt lat="40.665500" lon="-0.216214">
        <ele>777.5</ele>
        <time>2014-04-14T23:28:41Z</time>
      </trkpt>
      <trkpt lat="40.665374" lon="-0.216340">
        <ele>780.9</ele>
        <time>2014-04-14T23:28:49Z</time>
      </trkpt>
      <trkpt lat="40.665302" lon="-0.216268">
        <ele>781.8</ele>
        <time>2014-04-14T23:28:54Z</time>
      </trkpt>
      <trkpt lat="40.665197" lon="-0.216284">
        <ele>783.3</ele>
        <time>2014-04-14T23:28:59Z</time>
      </trkpt>
      <trkpt lat="40.665126" lon="-0.216277">
        <ele>784.6</ele>
        <time>2014-04-14T23:29:02Z</time>
      </trkpt>
      <trkpt lat="40.665039" lon="-0.216143">
        <ele>788.1</ele>
        <time>2014-04-14T23:29:09Z</time>
      </trkpt>
      <trkpt lat="40.664975" lon="-0.215949">
        <ele>790.2</ele>
        <time>2014-04-14T23:29:17Z</time>
      </trkpt>
      <trkpt lat="40.664906" lon="-0.215761">
        <ele>792.2</ele>
        <time>2014-04-14T23:29:25Z</time>
      </trkpt>
      <trkpt lat="40.664842" lon="-0.215725">
        <ele>793.2</ele>
        <time>2014-04-14T23:29:29Z</time>
      </trkpt>
      <trkpt lat="40.664760" lon="-0.215717">
        <ele>794.0</ele>
        <time>2014-04-14T23:29:33Z</time>
      </trkpt>
      <trkpt lat="40.664622" lon="-0.215666">
        <ele>794.8</ele>
        <time>2014-04-14T23:29:40Z</time>
      </trkpt>
      <trkpt lat="40.664532" lon="-0.215670">
        <ele>795.4</ele>
        <time>2014-04-14T23:29:44Z</time>
      </trkpt>
      <trkpt lat="40.664474" lon="-0.215644">
        <ele>796.4</ele>
        <time>2014-04-14T23:29:47Z</time>
      </trkpt>
      <trkpt lat="40.664399" lon="-0.215543">
        <ele>798.4</ele>
        <time>2014-04-14T23:29:53Z</time>
      </trkpt>
      <trkpt lat="40.664309" lon="-0.215390">
        <ele>801.0</ele>
        <time>2014-04-14T23:30:00Z</time>
      </trkpt>
      <trkpt lat="40.664097" lon="-0.215287">
        <ele>804.2</ele>
        <time>2014-04-14T23:30:11Z</time>
      </trkpt>
      <trkpt lat="40.664158" lon="-0.215020">
        <ele>805.1</ele>
        <time>2014-04-14T23:30:22Z</time>
      </trkpt>
      <trkpt lat="40.664183" lon="-0.214666">
        <ele>804.4</ele>
        <time>2014-04-14T23:30:35Z</time>
      </trkpt>
      <trkpt lat="40.664134" lon="-0.214342">
        <ele>805.5</ele>
        <time>2014-04-14T23:30:48Z</time>
      </trkpt>
      <trkpt lat="40.664034" lon="-0.214030">
        <ele>806.8</ele>
        <time>2014-04-14T23:31:01Z</time>
      </trkpt>
      <trkpt lat="40.663945" lon="-0.213720">
        <ele>808.8</ele>
        <time>2014-04-14T23:31:13Z</time>
      </trkpt>
      <trkpt lat="40.663884" lon="-0.213562">
        <ele>809.3</ele>
        <time>2014-04-14T23:31:20Z</time>
      </trkpt>
      <trkpt lat="40.663785" lon="-0.213375">
        <ele>809.6</ele>
        <time>2014-04-14T23:31:29Z</time>
      </trkpt>
      <trkpt lat="40.663692" lon="-0.213317">
        <ele>810.7</ele>
        <time>2014-04-14T23:31:34Z</time>
      </trkpt>
      <trkpt lat="40.663490" lon="-0.213290">
        <ele>817.4</ele>
        <time>2014-04-14T23:31:44Z</time>
      </trkpt>
      <trkpt lat="40.663416" lon="-0.213253">
        <ele>819.1</ele>
        <time>2014-04-14T23:31:48Z</time>
      </trkpt>
      <trkpt lat="40.663244" lon="-0.213065">
        <ele>822.5</ele>
        <time>2014-04-14T23:31:59Z</time>
      </trkpt>
      <trkpt lat="40.663141" lon="-0.212880">
        <ele>825.7</ele>
        <time>2014-04-14T23:32:08Z</time>
      </trkpt>
      <trkpt lat="40.663060" lon="-0.212731">
        <ele>827.5</ele>
        <time>2014-04-14T23:32:15Z</time>
      </trkpt>
      <trkpt lat="40.662958" lon="-0.212643">
        <ele>832.0</ele>
        <time>2014-04-14T23:32:21Z</time>
      </trkpt>
      <trkpt lat="40.662896" lon="-0.212548">
        <ele>832.5</ele>
        <time>2014-04-14T23:32:26Z</time>
      </trkpt>
      <trkpt lat="40.662823" lon="-0.212512">
        <ele>833.5</ele>
        <time>2014-04-14T23:32:30Z</time>
      </trkpt>
      <trkpt lat="40.662748" lon="-0.212531">
        <ele>835.9</ele>
        <time>2014-04-14T23:32:34Z</time>
      </trkpt>
      <trkpt lat="40.662739" lon="-0.212528">
        <ele>836.0</ele>
        <time>2014-04-14T23:32:34Z</time>
      </trkpt>
      <trkpt lat="40.662726" lon="-0.212630">
        <ele>840.0</ele>
        <time>2014-04-14T23:32:38Z</time>
      </trkpt>
      <trkpt lat="40.662756" lon="-0.212693">
        <ele>841.6</ele>
        <time>2014-04-14T23:32:41Z</time>
      </trkpt>
      <trkpt lat="40.662796" lon="-0.212731">
        <ele>841.7</ele>
        <time>2014-04-14T23:32:43Z</time>
      </trkpt>
      <trkpt lat="40.662838" lon="-0.212769">
        <ele>841.3</ele>
        <time>2014-04-14T23:32:46Z</time>
      </trkpt>
      <trkpt lat="40.662874" lon="-0.212830">
        <ele>841.2</ele>
        <time>2014-04-14T23:32:49Z</time>
      </trkpt>
      <trkpt lat="40.662884" lon="-0.212914">
        <ele>842.4</ele>
        <time>2014-04-14T23:32:52Z</time>
      </trkpt>
      <trkpt lat="40.662873" lon="-0.212960">
        <ele>843.6</ele>
        <time>2014-04-14T23:32:54Z</time>
      </trkpt>
      <trkpt lat="40.662828" lon="-0.213004">
        <ele>844.9</ele>
        <time>2014-04-14T23:32:57Z</time>
      </trkpt>
      <trkpt lat="40.662759" lon="-0.213026">
        <ele>845.7</ele>
        <time>2014-04-14T23:33:00Z</time>
      </trkpt>
      <trkpt lat="40.662687" lon="-0.213042">
        <ele>846.4</ele>
        <time>2014-04-14T23:33:04Z</time>
      </trkpt>
      <trkpt lat="40.662608" lon="-0.213055">
        <ele>846.7</ele>
        <time>2014-04-14T23:33:08Z</time>
      </trkpt>
      <trkpt lat="40.662498" lon="-0.213061">
        <ele>847.0</ele>
        <time>2014-04-14T23:33:13Z</time>
      </trkpt>
      <trkpt lat="40.662302" lon="-0.213064">
        <ele>847.8</ele>
        <time>2014-04-14T23:33:23Z</time>
      </trkpt>
      <trkpt lat="40.662138" lon="-0.213089">
        <ele>848.8</ele>
        <time>2014-04-14T23:33:31Z</time>
      </trkpt>
      <trkpt lat="40.661945" lon="-0.213066">
        <ele>851.0</ele>
        <time>2014-04-14T23:33:41Z</time>
      </trkpt>
      <trkpt lat="40.661945" lon="-0.213066">
        <ele>851.0</ele>
        <time>2014-04-14T23:33:41Z</time>
      </trkpt>
      <trkpt lat="40.661867" lon="-0.213103">
        <ele>851.8</ele>
        <time>2014-04-14T23:33:45Z</time>
      </trkpt>
      <trkpt lat="40.661775" lon="-0.213107">
        <ele>852.2</ele>
        <time>2014-04-14T23:33:50Z</time>
      </trkpt>
      <trkpt lat="40.661510" lon="-0.213069">
        <ele>854.5</ele>
        <time>2014-04-14T23:34:03Z</time>
      </trkpt>
      <trkpt lat="40.661327" lon="-0.213046">
        <ele>857.0</ele>
        <time>2014-04-14T23:34:12Z</time>
      </trkpt>
      <trkpt lat="40.660950" lon="-0.212996">
        <ele>859.5</ele>
        <time>2014-04-14T23:34:31Z</time>
      </trkpt>
      <trkpt lat="40.660811" lon="-0.212966">
        <ele>861.2</ele>
        <time>2014-04-14T23:34:38Z</time>
      </trkpt>
      <trkpt lat="40.660672" lon="-0.212911">
        <ele>862.1</ele>
        <time>2014-04-14T23:34:46Z</time>
      </trkpt>
      <trkpt lat="40.660544" lon="-0.212898">
        <ele>863.7</ele>
        <time>2014-04-14T23:34:52Z</time>
      </trkpt>
      <trkpt lat="40.660257" lon="-0.212891">
        <ele>865.3</ele>
        <time>2014-04-14T23:35:06Z</time>
      </trkpt>
      <trkpt lat="40.660055" lon="-0.212950">
        <ele>863.9</ele>
        <time>2014-04-14T23:35:17Z</time>
      </trkpt>
      <trkpt lat="40.659864" lon="-0.212990">
        <ele>862.0</ele>
        <time>2014-04-14T23:35:26Z</time>
      </trkpt>
      <trkpt lat="40.659563" lon="-0.213054">
        <ele>859.6</ele>
        <time>2014-04-14T23:35:42Z</time>
      </trkpt>
      <trkpt lat="40.659232" lon="-0.213178">
        <ele>857.8</ele>
        <time>2014-04-14T23:35:59Z</time>
      </trkpt>
      <trkpt lat="40.659136" lon="-0.213208">
        <ele>857.2</ele>
        <time>2014-04-14T23:36:04Z</time>
      </trkpt>
      <trkpt lat="40.658854" lon="-0.213371">
        <ele>854.9</ele>
        <time>2014-04-14T23:36:19Z</time>
      </trkpt>
      <trkpt lat="40.658816" lon="-0.213453">
        <ele>854.1</ele>
        <time>2014-04-14T23:36:23Z</time>
      </trkpt>
      <trkpt lat="40.658726" lon="-0.213506">
        <ele>853.2</ele>
        <time>2014-04-14T23:36:28Z</time>
      </trkpt>
      <trkpt lat="40.658644" lon="-0.213522">
        <ele>852.8</ele>
        <time>2014-04-14T23:36:32Z</time>
      </trkpt>
      <trkpt lat="40.658523" lon="-0.213471">
        <ele>852.0</ele>
        <time>2014-04-14T23:36:38Z</time>
      </trkpt>
      <trkpt lat="40.658400" lon="-0.213266">
        <ele>850.6</ele>
        <time>2014-04-14T23:36:48Z</time>
      </trkpt>
      <trkpt lat="40.658326" lon="-0.213086">
        <ele>849.5</ele>
        <time>2014-04-14T23:36:56Z</time>
      </trkpt>
      <trkpt lat="40.658269" lon="-0.212970">
        <ele>849.1</ele>
        <time>2014-04-14T23:37:01Z</time>
      </trkpt>
      <trkpt lat="40.658296" lon="-0.212847">
        <ele>851.1</ele>
        <time>2014-04-14T23:37:06Z</time>
      </trkpt>
      <trkpt lat="40.658348" lon="-0.212767">
        <ele>853.2</ele>
        <time>2014-04-14T23:37:10Z</time>
      </trkpt>
      <trkpt lat="40.658352" lon="-0.212714">
        <ele>853.8</ele>
        <time>2014-04-14T23:37:12Z</time>
      </trkpt>
      <trkpt lat="40.658348" lon="-0.212672">
        <ele>854.1</ele>
        <time>2014-04-14T23:37:14Z</time>
      </trkpt>
      <trkpt lat="40.658346" lon="-0.212668">
        <ele>854.1</ele>
        <time>2014-04-14T23:37:14Z</time>
      </trkpt>
      <trkpt lat="40.658345" lon="-0.212668">
        <ele>854.0</ele>
        <time>2014-04-14T23:37:14Z</time>
        <sat>9</sat>
      </trkpt>
      <trkpt lat="40.658267" lon="-0.212568">
        <ele>854.8</ele>
        <time>2014-04-14T23:37:19Z</time>
        <sat>9</sat>
      </trkpt>
      <trkpt lat="40.658214" lon="-0.212473">
        <ele>855.8</ele>
        <time>2014-04-14T23:37:24Z</time>
        <sat>9</sat>
      </trkpt>
      <trkpt lat="40.658126" lon="-0.212454">
        <ele>856.7</ele>
        <time>2014-04-14T23:37:28Z</time>
        <sat>9</sat>
      </trkpt>
      <trkpt lat="40.658054" lon="-0.212506">
        <ele>857.6</ele>
        <time>2014-04-14T23:37:32Z</time>
        <sat>9</sat>
      </trkpt>
      <trkpt lat="40.658002" lon="-0.212584">
        <ele>857.3</ele>
        <time>2014-04-14T23:37:36Z</time>
        <sat>9</sat>
      </trkpt>
      <trkpt lat="40.657949" lon="-0.212646">
        <ele>857.0</ele>
        <time>2014-04-14T23:37:40Z</time>
        <sat>9</sat>
      </trkpt>
      <trkpt lat="40.657893" lon="-0.212706">
        <ele>856.8</ele>
        <time>2014-04-14T23:37:43Z</time>
        <sat>9</sat>
      </trkpt>
      <trkpt lat="40.657826" lon="-0.212784">
        <ele>856.7</ele>
        <time>2014-04-14T23:37:48Z</time>
        <sat>9</sat>
      </trkpt>
      <trkpt lat="40.657776" lon="-0.212831">
        <ele>857.1</ele>
        <time>2014-04-14T23:37:51Z</time>
        <sat>9</sat>
      </trkpt>
      <trkpt lat="40.657700" lon="-0.212894">
        <ele>857.9</ele>
        <time>2014-04-14T23:37:55Z</time>
        <sat>9</sat>
      </trkpt>
      <trkpt lat="40.657619" lon="-0.212931">
        <ele>858.8</ele>
        <time>2014-04-14T23:38:00Z</time>
        <sat>9</sat>
      </trkpt>
      <trkpt lat="40.657544" lon="-0.212966">
        <ele>859.1</ele>
        <time>2014-04-14T23:38:04Z</time>
        <sat>9</sat>
      </trkpt>
      <trkpt lat="40.657473" lon="-0.212996">
        <ele>859.4</ele>
        <time>2014-04-14T23:38:07Z</time>
        <sat>8</sat>
      </trkpt>
      <trkpt lat="40.657448" lon="-0.212997">
        <ele>859.7</ele>
        <time>2014-04-14T23:38:09Z</time>
        <sat>8</sat>
      </trkpt>
      <trkpt lat="40.657328" lon="-0.213014">
        <ele>860.8</ele>
        <time>2014-04-14T23:38:15Z</time>
        <sat>8</sat>
      </trkpt>
      <trkpt lat="40.657258" lon="-0.213006">
        <ele>861.6</ele>
        <time>2014-04-14T23:38:18Z</time>
        <sat>9</sat>
      </trkpt>
      <trkpt lat="40.657170" lon="-0.212997">
        <ele>862.5</ele>
        <time>2014-04-14T23:38:23Z</time>
        <sat>9</sat>
      </trkpt>
      <trkpt lat="40.657084" lon="-0.212979">
        <ele>863.7</ele>
        <time>2014-04-14T23:38:27Z</time>
        <sat>9</sat>
      </trkpt>
      <trkpt lat="40.657003" lon="-0.212956">
        <ele>864.6</ele>
        <time>2014-04-14T23:38:31Z</time>
        <sat>9</sat>
      </trkpt>
      <trkpt lat="40.656916" lon="-0.212932">
        <ele>865.1</ele>
        <time>2014-04-14T23:38:36Z</time>
        <sat>9</sat>
      </trkpt>
      <trkpt lat="40.656851" lon="-0.212901">
        <ele>864.7</ele>
        <time>2014-04-14T23:38:39Z</time>
        <sat>9</sat>
      </trkpt>
      <trkpt lat="40.656813" lon="-0.212832">
        <ele>865.0</ele>
        <time>2014-04-14T23:38:42Z</time>
        <sat>9</sat>
      </trkpt>
      <trkpt lat="40.656768" lon="-0.212774">
        <ele>865.7</ele>
        <time>2014-04-14T23:38:46Z</time>
        <sat>9</sat>
      </trkpt>
      <trkpt lat="40.656710" lon="-0.212722">
        <ele>866.3</ele>
        <time>2014-04-14T23:38:49Z</time>
        <sat>9</sat>
      </trkpt>
      <trkpt lat="40.656655" lon="-0.212651">
        <ele>866.0</ele>
        <time>2014-04-14T23:38:53Z</time>
        <sat>9</sat>
      </trkpt>
      <trkpt lat="40.656613" lon="-0.212554">
        <ele>865.4</ele>
        <time>2014-04-14T23:38:57Z</time>
        <sat>9</sat>
      </trkpt>
      <trkpt lat="40.656575" lon="-0.212491">
        <ele>864.7</ele>
        <time>2014-04-14T23:39:00Z</time>
        <sat>10</sat>
      </trkpt>
      <trkpt lat="40.656528" lon="-0.212426">
        <ele>863.9</ele>
        <time>2014-04-14T23:39:04Z</time>
        <sat>10</sat>
      </trkpt>
      <trkpt lat="40.656501" lon="-0.212339">
        <ele>863.9</ele>
        <time>2014-04-14T23:39:07Z</time>
        <sat>10</sat>
      </trkpt>
      <trkpt lat="40.656493" lon="-0.212233">
        <ele>864.3</ele>
        <time>2014-04-14T23:39:11Z</time>
        <sat>9</sat>
      </trkpt>
      <trkpt lat="40.656486" lon="-0.212171">
        <ele>864.5</ele>
        <time>2014-04-14T23:39:14Z</time>
        <sat>10</sat>
      </trkpt>
      <trkpt lat="40.656468" lon="-0.212114">
        <ele>864.4</ele>
        <time>2014-04-14T23:39:16Z</time>
        <sat>10</sat>
      </trkpt>
      <trkpt lat="40.656436" lon="-0.212067">
        <ele>863.6</ele>
        <time>2014-04-14T23:39:18Z</time>
        <sat>9</sat>
      </trkpt>
      <trkpt lat="40.656402" lon="-0.212019">
        <ele>862.7</ele>
        <time>2014-04-14T23:39:21Z</time>
        <sat>9</sat>
      </trkpt>
      <trkpt lat="40.656365" lon="-0.211971">
        <ele>861.9</ele>
        <time>2014-04-14T23:39:23Z</time>
        <sat>10</sat>
      </trkpt>
      <trkpt lat="40.656328" lon="-0.211923">
        <ele>861.4</ele>
        <time>2014-04-14T23:39:26Z</time>
        <sat>10</sat>
      </trkpt>
      <trkpt lat="40.656288" lon="-0.211874">
        <ele>860.7</ele>
        <time>2014-04-14T23:39:29Z</time>
        <sat>10</sat>
      </trkpt>
      <trkpt lat="40.656248" lon="-0.211831">
        <ele>860.1</ele>
        <time>2014-04-14T23:39:31Z</time>
        <sat>10</sat>
      </trkpt>
      <trkpt lat="40.656210" lon="-0.211783">
        <ele>859.8</ele>
        <time>2014-04-14T23:39:34Z</time>
        <sat>10</sat>
      </trkpt>
      <trkpt lat="40.656179" lon="-0.211734">
        <ele>859.9</ele>
        <time>2014-04-14T23:39:36Z</time>
        <sat>10</sat>
      </trkpt>
      <trkpt lat="40.656126" lon="-0.211649">
        <ele>861.1</ele>
        <time>2014-04-14T23:39:40Z</time>
        <sat>10</sat>
      </trkpt>
      <trkpt lat="40.656081" lon="-0.211568">
        <ele>861.9</ele>
        <time>2014-04-14T23:39:44Z</time>
        <sat>10</sat>
      </trkpt>
      <trkpt lat="40.656042" lon="-0.211491">
        <ele>862.2</ele>
        <time>2014-04-14T23:39:48Z</time>
        <sat>10</sat>
      </trkpt>
      <trkpt lat="40.656023" lon="-0.211453">
        <ele>862.1</ele>
        <time>2014-04-14T23:39:50Z</time>
        <sat>10</sat>
      </trkpt>
      <trkpt lat="40.655949" lon="-0.211348">
        <ele>861.8</ele>
        <time>2014-04-14T23:39:55Z</time>
        <sat>10</sat>
      </trkpt>
      <trkpt lat="40.655910" lon="-0.211319">
        <ele>861.6</ele>
        <time>2014-04-14T23:39:57Z</time>
        <sat>10</sat>
      </trkpt>
      <trkpt lat="40.655866" lon="-0.211286">
        <ele>860.6</ele>
        <time>2014-04-14T23:40:00Z</time>
        <sat>10</sat>
      </trkpt>
      <trkpt lat="40.655828" lon="-0.211241">
        <ele>858.5</ele>
        <time>2014-04-14T23:40:02Z</time>
        <sat>10</sat>
      </trkpt>
      <trkpt lat="40.655790" lon="-0.211187">
        <ele>857.8</ele>
        <time>2014-04-14T23:40:05Z</time>
        <sat>10</sat>
      </trkpt>
      <trkpt lat="40.655746" lon="-0.211139">
        <ele>855.9</ele>
        <time>2014-04-14T23:40:08Z</time>
        <sat>10</sat>
      </trkpt>
      <trkpt lat="40.655705" lon="-0.211094">
        <ele>854.9</ele>
        <time>2014-04-14T23:40:11Z</time>
        <sat>9</sat>
      </trkpt>
      <trkpt lat="40.655668" lon="-0.211049">
        <ele>856.1</ele>
        <time>2014-04-14T23:40:13Z</time>
        <sat>9</sat>
      </trkpt>
      <trkpt lat="40.655629" lon="-0.211006">
        <ele>857.2</ele>
        <time>2014-04-14T23:40:16Z</time>
        <sat>9</sat>
      </trkpt>
      <trkpt lat="40.655593" lon="-0.210966">
        <ele>858.7</ele>
        <time>2014-04-14T23:40:18Z</time>
        <sat>9</sat>
      </trkpt>
      <trkpt lat="40.655534" lon="-0.210884">
        <ele>863.1</ele>
        <time>2014-04-14T23:40:22Z</time>
        <sat>9</sat>
      </trkpt>
      <trkpt lat="40.655513" lon="-0.210778">
        <ele>865.0</ele>
        <time>2014-04-14T23:40:27Z</time>
        <sat>9</sat>
      </trkpt>
      <trkpt lat="40.655453" lon="-0.210695">
        <ele>864.3</ele>
        <time>2014-04-14T23:40:31Z</time>
        <sat>9</sat>
      </trkpt>
      <trkpt lat="40.655384" lon="-0.210624">
        <ele>861.9</ele>
        <time>2014-04-14T23:40:35Z</time>
        <sat>9</sat>
      </trkpt>
      <trkpt lat="40.655318" lon="-0.210579">
        <ele>862.2</ele>
        <time>2014-04-14T23:40:39Z</time>
        <sat>9</sat>
      </trkpt>
      <trkpt lat="40.655248" lon="-0.210522">
        <ele>864.3</ele>
        <time>2014-04-14T23:40:43Z</time>
        <sat>9</sat>
      </trkpt>
      <trkpt lat="40.655193" lon="-0.210461">
        <ele>865.6</ele>
        <time>2014-04-14T23:40:47Z</time>
        <sat>8</sat>
      </trkpt>
      <trkpt lat="40.655130" lon="-0.210397">
        <ele>866.8</ele>
        <time>2014-04-14T23:40:51Z</time>
        <sat>9</sat>
      </trkpt>
      <trkpt lat="40.655095" lon="-0.210311">
        <ele>868.5</ele>
        <time>2014-04-14T23:40:54Z</time>
        <sat>9</sat>
      </trkpt>
      <trkpt lat="40.655036" lon="-0.210221">
        <ele>869.3</ele>
        <time>2014-04-14T23:40:59Z</time>
        <sat>9</sat>
      </trkpt>
      <trkpt lat="40.654993" lon="-0.210151">
        <ele>872.6</ele>
        <time>2014-04-14T23:41:02Z</time>
        <sat>8</sat>
      </trkpt>
      <trkpt lat="40.654918" lon="-0.210091">
        <ele>872.0</ele>
        <time>2014-04-14T23:41:07Z</time>
        <sat>7</sat>
      </trkpt>
      <trkpt lat="40.654866" lon="-0.210010">
        <ele>872.1</ele>
        <time>2014-04-14T23:41:11Z</time>
        <sat>9</sat>
      </trkpt>
      <trkpt lat="40.654806" lon="-0.209928">
        <ele>870.6</ele>
        <time>2014-04-14T23:41:15Z</time>
        <sat>9</sat>
      </trkpt>
      <trkpt lat="40.654786" lon="-0.209905">
        <ele>870.4</ele>
        <time>2014-04-14T23:41:16Z</time>
        <sat>9</sat>
      </trkpt>
      <trkpt lat="40.654693" lon="-0.209793">
        <ele>870.6</ele>
        <time>2014-04-14T23:41:23Z</time>
        <sat>10</sat>
      </trkpt>
      <trkpt lat="40.654675" lon="-0.209698">
        <ele>871.0</ele>
        <time>2014-04-14T23:41:26Z</time>
        <sat>10</sat>
      </trkpt>
      <trkpt lat="40.654675" lon="-0.209580">
        <ele>870.7</ele>
        <time>2014-04-14T23:41:31Z</time>
        <sat>10</sat>
      </trkpt>
      <trkpt lat="40.654680" lon="-0.209473">
        <ele>871.8</ele>
        <time>2014-04-14T23:41:35Z</time>
        <sat>10</sat>
      </trkpt>
      <trkpt lat="40.654691" lon="-0.209360">
        <ele>872.5</ele>
        <time>2014-04-14T23:41:39Z</time>
        <sat>9</sat>
      </trkpt>
      <trkpt lat="40.654661" lon="-0.209272">
        <ele>872.5</ele>
        <time>2014-04-14T23:41:43Z</time>
        <sat>9</sat>
      </trkpt>
      <trkpt lat="40.654638" lon="-0.209165">
        <ele>873.4</ele>
        <time>2014-04-14T23:41:47Z</time>
        <sat>10</sat>
      </trkpt>
      <trkpt lat="40.654578" lon="-0.209080">
        <ele>873.6</ele>
        <time>2014-04-14T23:41:52Z</time>
        <sat>10</sat>
      </trkpt>
      <trkpt lat="40.654531" lon="-0.208980">
        <ele>874.1</ele>
        <time>2014-04-14T23:41:56Z</time>
        <sat>10</sat>
      </trkpt>
      <trkpt lat="40.654524" lon="-0.208967">
        <ele>874.1</ele>
        <time>2014-04-14T23:41:57Z</time>
        <sat>10</sat>
      </trkpt>
      <trkpt lat="40.654475" lon="-0.208782">
        <ele>874.5</ele>
        <time>2014-04-14T23:42:04Z</time>
        <sat>10</sat>
      </trkpt>
      <trkpt lat="40.654448" lon="-0.208678">
        <ele>872.2</ele>
        <time>2014-04-14T23:42:08Z</time>
        <sat>10</sat>
      </trkpt>
      <trkpt lat="40.654429" lon="-0.208597">
        <ele>870.0</ele>
        <time>2014-04-14T23:42:11Z</time>
        <sat>10</sat>
      </trkpt>
      <trkpt lat="40.654404" lon="-0.208485">
        <ele>870.5</ele>
        <time>2014-04-14T23:42:16Z</time>
        <sat>10</sat>
      </trkpt>
      <trkpt lat="40.654394" lon="-0.208387">
        <ele>872.4</ele>
        <time>2014-04-14T23:42:20Z</time>
        <sat>10</sat>
      </trkpt>
      <trkpt lat="40.654391" lon="-0.208299">
        <ele>872.3</ele>
        <time>2014-04-14T23:42:23Z</time>
        <sat>10</sat>
      </trkpt>
      <trkpt lat="40.654391" lon="-0.208207">
        <ele>872.1</ele>
        <time>2014-04-14T23:42:26Z</time>
        <sat>10</sat>
      </trkpt>
      <trkpt lat="40.654391" lon="-0.208093">
        <ele>871.7</ele>
        <time>2014-04-14T23:42:31Z</time>
        <sat>9</sat>
      </trkpt>
      <trkpt lat="40.654392" lon="-0.208001">
        <ele>871.7</ele>
        <time>2014-04-14T23:42:34Z</time>
        <sat>10</sat>
      </trkpt>
      <trkpt lat="40.654389" lon="-0.207888">
        <ele>871.2</ele>
        <time>2014-04-14T23:42:39Z</time>
        <sat>10</sat>
      </trkpt>
      <trkpt lat="40.654414" lon="-0.207783">
        <ele>870.6</ele>
        <time>2014-04-14T23:42:43Z</time>
        <sat>10</sat>
      </trkpt>
      <trkpt lat="40.654436" lon="-0.207710">
        <ele>870.4</ele>
        <time>2014-04-14T23:42:46Z</time>
        <sat>10</sat>
      </trkpt>
      <trkpt lat="40.654466" lon="-0.207637">
        <ele>871.1</ele>
        <time>2014-04-14T23:42:49Z</time>
        <sat>9</sat>
      </trkpt>
      <trkpt lat="40.654482" lon="-0.207548">
        <ele>871.1</ele>
        <time>2014-04-14T23:42:52Z</time>
        <sat>9</sat>
      </trkpt>
      <trkpt lat="40.654491" lon="-0.207433">
        <ele>871.3</ele>
        <time>2014-04-14T23:42:57Z</time>
        <sat>9</sat>
      </trkpt>
      <trkpt lat="40.654472" lon="-0.207318">
        <ele>871.1</ele>
        <time>2014-04-14T23:43:01Z</time>
        <sat>9</sat>
      </trkpt>
      <trkpt lat="40.654464" lon="-0.207228">
        <ele>870.5</ele>
        <time>2014-04-14T23:43:05Z</time>
        <sat>10</sat>
      </trkpt>
      <trkpt lat="40.654460" lon="-0.207117">
        <ele>869.0</ele>
        <time>2014-04-14T23:43:09Z</time>
        <sat>10</sat>
      </trkpt>
      <trkpt lat="40.654491" lon="-0.207013">
        <ele>869.1</ele>
        <time>2014-04-14T23:43:13Z</time>
        <sat>10</sat>
      </trkpt>
      <trkpt lat="40.654511" lon="-0.206935">
        <ele>868.6</ele>
        <time>2014-04-14T23:43:16Z</time>
        <sat>10</sat>
      </trkpt>
      <trkpt lat="40.654534" lon="-0.206842">
        <ele>868.7</ele>
        <time>2014-04-14T23:43:20Z</time>
        <sat>9</sat>
      </trkpt>
      <trkpt lat="40.654544" lon="-0.206787">
        <ele>868.5</ele>
        <time>2014-04-14T23:43:22Z</time>
        <sat>9</sat>
      </trkpt>
      <trkpt lat="40.654529" lon="-0.206637">
        <ele>865.0</ele>
        <time>2014-04-14T23:43:28Z</time>
        <sat>9</sat>
      </trkpt>
      <trkpt lat="40.654519" lon="-0.206556">
        <ele>862.3</ele>
        <time>2014-04-14T23:43:31Z</time>
        <sat>10</sat>
      </trkpt>
      <trkpt lat="40.654529" lon="-0.206470">
        <ele>862.4</ele>
        <time>2014-04-14T23:43:34Z</time>
        <sat>9</sat>
      </trkpt>
      <trkpt lat="40.654537" lon="-0.206380">
        <ele>862.2</ele>
        <time>2014-04-14T23:43:38Z</time>
        <sat>9</sat>
      </trkpt>
      <trkpt lat="40.654551" lon="-0.206267">
        <ele>861.4</ele>
        <time>2014-04-14T23:43:42Z</time>
        <sat>10</sat>
      </trkpt>
      <trkpt lat="40.654602" lon="-0.206174">
        <ele>867.9</ele>
        <time>2014-04-14T23:43:46Z</time>
        <sat>9</sat>
      </trkpt>
      <trkpt lat="40.654644" lon="-0.206085">
        <ele>867.8</ele>
        <time>2014-04-14T23:43:50Z</time>
        <sat>9</sat>
      </trkpt>
      <trkpt lat="40.654692" lon="-0.205999">
        <ele>868.0</ele>
        <time>2014-04-14T23:43:54Z</time>
        <sat>9</sat>
      </trkpt>
      <trkpt lat="40.654694" lon="-0.205912">
        <ele>867.5</ele>
        <time>2014-04-14T23:43:58Z</time>
        <sat>9</sat>
      </trkpt>
      <trkpt lat="40.654727" lon="-0.205838">
        <ele>867.7</ele>
        <time>2014-04-14T23:44:01Z</time>
        <sat>10</sat>
      </trkpt>
      <trkpt lat="40.654727" lon="-0.205714">
        <ele>866.8</ele>
        <time>2014-04-14T23:44:06Z</time>
        <sat>10</sat>
      </trkpt>
      <trkpt lat="40.654729" lon="-0.205626">
        <ele>866.4</ele>
        <time>2014-04-14T23:44:09Z</time>
        <sat>10</sat>
      </trkpt>
      <trkpt lat="40.654749" lon="-0.205514">
        <ele>865.4</ele>
        <time>2014-04-14T23:44:13Z</time>
        <sat>8</sat>
      </trkpt>
      <trkpt lat="40.654782" lon="-0.205428">
        <ele>866.4</ele>
        <time>2014-04-14T23:44:17Z</time>
        <sat>9</sat>
      </trkpt>
      <trkpt lat="40.654806" lon="-0.205348">
        <ele>867.1</ele>
        <time>2014-04-14T23:44:20Z</time>
        <sat>9</sat>
      </trkpt>
      <trkpt lat="40.654841" lon="-0.205323">
        <ele>869.2</ele>
        <time>2014-04-14T23:44:22Z</time>
        <sat>8</sat>
      </trkpt>
      <trkpt lat="40.654828" lon="-0.205213">
        <ele>866.2</ele>
        <time>2014-04-14T23:44:27Z</time>
        <sat>8</sat>
      </trkpt>
      <trkpt lat="40.654837" lon="-0.205132">
        <ele>865.6</ele>
        <time>2014-04-14T23:44:30Z</time>
        <sat>7</sat>
      </trkpt>
      <trkpt lat="40.654729" lon="-0.205064">
        <ele>861.4</ele>
        <time>2014-04-14T23:44:36Z</time>
        <sat>7</sat>
      </trkpt>
      <trkpt lat="40.654676" lon="-0.205159">
        <ele>857.3</ele>
        <time>2014-04-14T23:44:40Z</time>
        <sat>7</sat>
      </trkpt>
      <trkpt lat="40.654659" lon="-0.205157">
        <ele>856.6</ele>
        <time>2014-04-14T23:44:41Z</time>
        <sat>7</sat>
      </trkpt>
      <trkpt lat="40.654512" lon="-0.205119">
        <ele>849.3</ele>
        <time>2014-04-14T23:44:48Z</time>
        <sat>7</sat>
      </trkpt>
      <trkpt lat="40.654499" lon="-0.205127">
        <ele>847.9</ele>
        <time>2014-04-14T23:44:49Z</time>
        <sat>7</sat>
      </trkpt>
      <trkpt lat="40.654341" lon="-0.205087">
        <ele>847.2</ele>
        <time>2014-04-14T23:44:57Z</time>
        <sat>7</sat>
      </trkpt>
      <trkpt lat="40.654284" lon="-0.205020">
        <ele>851.0</ele>
        <time>2014-04-14T23:45:01Z</time>
        <sat>7</sat>
      </trkpt>
      <trkpt lat="40.654229" lon="-0.204927">
        <ele>853.9</ele>
        <time>2014-04-14T23:45:06Z</time>
        <sat>7</sat>
      </trkpt>
      <trkpt lat="40.654179" lon="-0.204852">
        <ele>853.1</ele>
        <time>2014-04-14T23:45:09Z</time>
        <sat>7</sat>
      </trkpt>
      <trkpt lat="40.654134" lon="-0.204753">
        <ele>852.7</ele>
        <time>2014-04-14T23:45:14Z</time>
        <sat>8</sat>
      </trkpt>
      <trkpt lat="40.654082" lon="-0.204675">
        <ele>846.7</ele>
        <time>2014-04-14T23:45:18Z</time>
        <sat>8</sat>
      </trkpt>
      <trkpt lat="40.654007" lon="-0.204620">
        <ele>841.1</ele>
        <time>2014-04-14T23:45:22Z</time>
        <sat>8</sat>
      </trkpt>
      <trkpt lat="40.653984" lon="-0.204509">
        <ele>843.7</ele>
        <time>2014-04-14T23:45:26Z</time>
        <sat>9</sat>
      </trkpt>
      <trkpt lat="40.653986" lon="-0.204504">
        <ele>844.0</ele>
        <time>2014-04-14T23:45:27Z</time>
        <sat>9</sat>
      </trkpt>
      <trkpt lat="40.653912" lon="-0.204318">
        <ele>844.9</ele>
        <time>2014-04-14T23:45:34Z</time>
        <sat>8</sat>
      </trkpt>
      <trkpt lat="40.653839" lon="-0.204284">
        <ele>837.5</ele>
        <time>2014-04-14T23:45:38Z</time>
        <sat>8</sat>
      </trkpt>
      <trkpt lat="40.653779" lon="-0.204267">
        <ele>835.0</ele>
        <time>2014-04-14T23:45:41Z</time>
        <sat>10</sat>
      </trkpt>
      <trkpt lat="40.653756" lon="-0.204243">
        <ele>834.6</ele>
        <time>2014-04-14T23:45:43Z</time>
      </trkpt>
      <trkpt lat="40.653712" lon="-0.204228">
        <ele>833.1</ele>
        <time>2014-04-14T23:45:45Z</time>
      </trkpt>
      <trkpt lat="40.653698" lon="-0.204230">
        <ele>832.6</ele>
        <time>2014-04-14T23:45:46Z</time>
        <sat>10</sat>
      </trkpt>
      <trkpt lat="40.653689" lon="-0.204228">
        <ele>832.4</ele>
        <time>2014-04-14T23:45:46Z</time>
      </trkpt>
      <trkpt lat="40.653612" lon="-0.204203">
        <ele>830.6</ele>
        <time>2014-04-14T23:45:50Z</time>
        <sat>10</sat>
      </trkpt>
      <trkpt lat="40.653552" lon="-0.204160">
        <ele>829.7</ele>
        <time>2014-04-14T23:45:54Z</time>
        <sat>10</sat>
      </trkpt>
      <trkpt lat="40.653502" lon="-0.204135">
        <ele>827.6</ele>
        <time>2014-04-14T23:45:56Z</time>
        <sat>10</sat>
      </trkpt>
      <trkpt lat="40.653478" lon="-0.204143">
        <ele>826.4</ele>
        <time>2014-04-14T23:45:58Z</time>
      </trkpt>
      <trkpt lat="40.653427" lon="-0.204150">
        <ele>823.7</ele>
        <time>2014-04-14T23:46:00Z</time>
      </trkpt>
      <trkpt lat="40.653396" lon="-0.204124">
        <ele>821.8</ele>
        <time>2014-04-14T23:46:02Z</time>
        <sat>10</sat>
      </trkpt>
      <trkpt lat="40.653391" lon="-0.204101">
        <ele>821.6</ele>
        <time>2014-04-14T23:46:03Z</time>
      </trkpt>
      <trkpt lat="40.653379" lon="-0.204103">
        <ele>821.1</ele>
        <time>2014-04-14T23:46:04Z</time>
      </trkpt>
      <trkpt lat="40.653372" lon="-0.204113">
        <ele>820.8</ele>
        <time>2014-04-14T23:46:04Z</time>
      </trkpt>
      <trkpt lat="40.653370" lon="-0.204141">
        <ele>820.7</ele>
        <time>2014-04-14T23:46:05Z</time>
      </trkpt>
      <trkpt lat="40.653352" lon="-0.204208">
        <ele>819.9</ele>
        <time>2014-04-14T23:46:08Z</time>
        <sat>10</sat>
      </trkpt>
      <trkpt lat="40.653342" lon="-0.204248">
        <ele>819.4</ele>
        <time>2014-04-14T23:46:09Z</time>
      </trkpt>
      <trkpt lat="40.653311" lon="-0.204287">
        <ele>817.6</ele>
        <time>2014-04-14T23:46:12Z</time>
        <sat>10</sat>
      </trkpt>
      <trkpt lat="40.653302" lon="-0.204313">
        <ele>817.0</ele>
        <time>2014-04-14T23:46:13Z</time>
      </trkpt>
      <trkpt lat="40.653282" lon="-0.204323">
        <ele>816.4</ele>
        <time>2014-04-14T23:46:14Z</time>
      </trkpt>
      <trkpt lat="40.653237" lon="-0.204318">
        <ele>815.3</ele>
        <time>2014-04-14T23:46:16Z</time>
        <sat>10</sat>
      </trkpt>
      <trkpt lat="40.653172" lon="-0.204275">
        <ele>814.2</ele>
        <time>2014-04-14T23:46:20Z</time>
        <sat>10</sat>
      </trkpt>
      <trkpt lat="40.653112" lon="-0.204212">
        <ele>813.2</ele>
        <time>2014-04-14T23:46:23Z</time>
        <sat>10</sat>
      </trkpt>
      <trkpt lat="40.653051" lon="-0.204145">
        <ele>811.7</ele>
        <time>2014-04-14T23:46:27Z</time>
        <sat>10</sat>
      </trkpt>
      <trkpt lat="40.652982" lon="-0.204101">
        <ele>809.6</ele>
        <time>2014-04-14T23:46:31Z</time>
        <sat>10</sat>
      </trkpt>
      <trkpt lat="40.652895" lon="-0.204081">
        <ele>806.8</ele>
        <time>2014-04-14T23:46:36Z</time>
        <sat>10</sat>
      </trkpt>
      <trkpt lat="40.652834" lon="-0.204045">
        <ele>805.5</ele>
        <time>2014-04-14T23:46:39Z</time>
        <sat>10</sat>
      </trkpt>
      <trkpt lat="40.652782" lon="-0.204047">
        <ele>804.4</ele>
        <time>2014-04-14T23:46:42Z</time>
        <sat>10</sat>
      </trkpt>
      <trkpt lat="40.652754" lon="-0.204103">
        <ele>803.3</ele>
        <time>2014-04-14T23:46:44Z</time>
      </trkpt>
      <trkpt lat="40.652736" lon="-0.204225">
        <ele>801.6</ele>
        <time>2014-04-14T23:46:49Z</time>
        <sat>10</sat>
      </trkpt>
      <trkpt lat="40.652729" lon="-0.204313">
        <ele>800.7</ele>
        <time>2014-04-14T23:46:52Z</time>
        <sat>10</sat>
      </trkpt>
      <trkpt lat="40.652724" lon="-0.204379">
        <ele>800.0</ele>
        <time>2014-04-14T23:46:55Z</time>
      </trkpt>
      <trkpt lat="40.652707" lon="-0.204380">
        <ele>799.5</ele>
        <time>2014-04-14T23:46:56Z</time>
      </trkpt>
      <trkpt lat="40.652654" lon="-0.204317">
        <ele>798.5</ele>
        <time>2014-04-14T23:46:59Z</time>
        <sat>10</sat>
      </trkpt>
      <trkpt lat="40.652614" lon="-0.204223">
        <ele>798.3</ele>
        <time>2014-04-14T23:47:03Z</time>
        <sat>10</sat>
      </trkpt>
      <trkpt lat="40.652565" lon="-0.204165">
        <ele>797.5</ele>
        <time>2014-04-14T23:47:07Z</time>
      </trkpt>
      <trkpt lat="40.652529" lon="-0.204212">
        <ele>795.4</ele>
        <time>2014-04-14T23:47:09Z</time>
        <sat>10</sat>
      </trkpt>
      <trkpt lat="40.652504" lon="-0.204290">
        <ele>794.2</ele>
        <time>2014-04-14T23:47:12Z</time>
        <sat>10</sat>
      </trkpt>
      <trkpt lat="40.652436" lon="-0.204359">
        <ele>791.9</ele>
        <time>2014-04-14T23:47:17Z</time>
        <sat>10</sat>
      </trkpt>
      <trkpt lat="40.652350" lon="-0.204375">
        <ele>789.1</ele>
        <time>2014-04-14T23:47:21Z</time>
        <sat>10</sat>
      </trkpt>
      <trkpt lat="40.652281" lon="-0.204387">
        <ele>787.1</ele>
        <time>2014-04-14T23:47:25Z</time>
        <sat>10</sat>
      </trkpt>
      <trkpt lat="40.652206" lon="-0.204379">
        <ele>785.4</ele>
        <time>2014-04-14T23:47:28Z</time>
        <sat>10</sat>
      </trkpt>
      <trkpt lat="40.652119" lon="-0.204369">
        <ele>783.7</ele>
        <time>2014-04-14T23:47:33Z</time>
        <sat>10</sat>
      </trkpt>
      <trkpt lat="40.652074" lon="-0.204370">
        <ele>782.7</ele>
        <time>2014-04-14T23:47:35Z</time>
        <sat>10</sat>
      </trkpt>
      <trkpt lat="40.652027" lon="-0.204372">
        <ele>781.8</ele>
        <time>2014-04-14T23:47:37Z</time>
        <sat>10</sat>
      </trkpt>
      <trkpt lat="40.651977" lon="-0.204374">
        <ele>780.8</ele>
        <time>2014-04-14T23:47:40Z</time>
        <sat>10</sat>
      </trkpt>
      <trkpt lat="40.651899" lon="-0.204352">
        <ele>779.6</ele>
        <time>2014-04-14T23:47:44Z</time>
        <sat>10</sat>
      </trkpt>
      <trkpt lat="40.651829" lon="-0.204290">
        <ele>778.1</ele>
        <time>2014-04-14T23:47:48Z</time>
        <sat>10</sat>
      </trkpt>
      <trkpt lat="40.651767" lon="-0.204284">
        <ele>776.5</ele>
        <time>2014-04-14T23:47:51Z</time>
        <sat>10</sat>
      </trkpt>
      <trkpt lat="40.651702" lon="-0.204282">
        <ele>774.8</ele>
        <time>2014-04-14T23:47:54Z</time>
        <sat>10</sat>
      </trkpt>
      <trkpt lat="40.651668" lon="-0.204253">
        <ele>773.8</ele>
        <time>2014-04-14T23:47:56Z</time>
      </trkpt>
      <trkpt lat="40.651642" lon="-0.204208">
        <ele>772.9</ele>
        <time>2014-04-14T23:47:58Z</time>
        <sat>10</sat>
      </trkpt>
      <trkpt lat="40.651613" lon="-0.204187">
        <ele>771.9</ele>
        <time>2014-04-14T23:48:00Z</time>
      </trkpt>
      <trkpt lat="40.651569" lon="-0.204177">
        <ele>770.6</ele>
        <time>2014-04-14T23:48:02Z</time>
        <sat>10</sat>
      </trkpt>
      <trkpt lat="40.651512" lon="-0.204140">
        <ele>769.4</ele>
        <time>2014-04-14T23:48:06Z</time>
        <sat>10</sat>
      </trkpt>
      <trkpt lat="40.651448" lon="-0.204120">
        <ele>767.6</ele>
        <time>2014-04-14T23:48:09Z</time>
        <sat>10</sat>
      </trkpt>
      <trkpt lat="40.651369" lon="-0.204064">
        <ele>766.0</ele>
        <time>2014-04-14T23:48:13Z</time>
        <sat>10</sat>
      </trkpt>
      <trkpt lat="40.651340" lon="-0.204042">
        <ele>765.4</ele>
        <time>2014-04-14T23:48:15Z</time>
        <sat>10</sat>
      </trkpt>
      <trkpt lat="40.651292" lon="-0.203986">
        <ele>765.0</ele>
        <time>2014-04-14T23:48:18Z</time>
      </trkpt>
      <trkpt lat="40.651264" lon="-0.203971">
        <ele>764.6</ele>
        <time>2014-04-14T23:48:20Z</time>
      </trkpt>
      <trkpt lat="40.651232" lon="-0.203973">
        <ele>763.8</ele>
        <time>2014-04-14T23:48:21Z</time>
        <sat>10</sat>
      </trkpt>
      <trkpt lat="40.651176" lon="-0.203945">
        <ele>762.6</ele>
        <time>2014-04-14T23:48:24Z</time>
        <sat>10</sat>
      </trkpt>
      <trkpt lat="40.651135" lon="-0.203915">
        <ele>761.6</ele>
        <time>2014-04-14T23:48:27Z</time>
        <sat>10</sat>
      </trkpt>
      <trkpt lat="40.651064" lon="-0.203845">
        <ele>760.4</ele>
        <time>2014-04-14T23:48:31Z</time>
        <sat>10</sat>
      </trkpt>
      <trkpt lat="40.651012" lon="-0.203755">
        <ele>760.0</ele>
        <time>2014-04-14T23:48:35Z</time>
        <sat>10</sat>
      </trkpt>
      <trkpt lat="40.650991" lon="-0.203645">
        <ele>758.3</ele>
        <time>2014-04-14T23:48:40Z</time>
        <sat>10</sat>
      </trkpt>
      <trkpt lat="40.650976" lon="-0.203557">
        <ele>758.0</ele>
        <time>2014-04-14T23:48:43Z</time>
        <sat>10</sat>
      </trkpt>
      <trkpt lat="40.650949" lon="-0.203449">
        <ele>757.9</ele>
        <time>2014-04-14T23:48:47Z</time>
        <sat>10</sat>
      </trkpt>
      <trkpt lat="40.650867" lon="-0.203413">
        <ele>753.9</ele>
        <time>2014-04-14T23:48:52Z</time>
        <sat>10</sat>
      </trkpt>
      <trkpt lat="40.650824" lon="-0.203311">
        <ele>751.7</ele>
        <time>2014-04-14T23:48:56Z</time>
        <sat>10</sat>
      </trkpt>
      <trkpt lat="40.650807" lon="-0.203279">
        <ele>751.1</ele>
        <time>2014-04-14T23:48:58Z</time>
      </trkpt>
      <trkpt lat="40.650787" lon="-0.203282">
        <ele>750.0</ele>
        <time>2014-04-14T23:48:59Z</time>
      </trkpt>
      <trkpt lat="40.650780" lon="-0.203311">
        <ele>749.4</ele>
        <time>2014-04-14T23:49:00Z</time>
      </trkpt>
      <trkpt lat="40.650783" lon="-0.203340">
        <ele>749.3</ele>
        <time>2014-04-14T23:49:01Z</time>
      </trkpt>
      <trkpt lat="40.650787" lon="-0.203377">
        <ele>749.3</ele>
        <time>2014-04-14T23:49:02Z</time>
      </trkpt>
      <trkpt lat="40.650782" lon="-0.203415">
        <ele>749.1</ele>
        <time>2014-04-14T23:49:04Z</time>
      </trkpt>
      <trkpt lat="40.650782" lon="-0.203444">
        <ele>749.4</ele>
        <time>2014-04-14T23:49:05Z</time>
      </trkpt>
      <trkpt lat="40.650778" lon="-0.203453">
        <ele>749.2</ele>
        <time>2014-04-14T23:49:05Z</time>
      </trkpt>
      <trkpt lat="40.650764" lon="-0.203443">
        <ele>748.4</ele>
        <time>2014-04-14T23:49:06Z</time>
      </trkpt>
      <trkpt lat="40.650747" lon="-0.203419">
        <ele>747.6</ele>
        <time>2014-04-14T23:49:07Z</time>
        <sat>10</sat>
      </trkpt>
      <trkpt lat="40.650694" lon="-0.203357">
        <ele>746.1</ele>
        <time>2014-04-14T23:49:11Z</time>
        <sat>10</sat>
      </trkpt>
      <trkpt lat="40.650679" lon="-0.203354">
        <ele>745.8</ele>
        <time>2014-04-14T23:49:12Z</time>
        <sat>10</sat>
      </trkpt>
      <trkpt lat="40.650607" lon="-0.203376">
        <ele>743.8</ele>
        <time>2014-04-14T23:49:15Z</time>
      </trkpt>
      <trkpt lat="40.650543" lon="-0.203339">
        <ele>742.0</ele>
        <time>2014-04-14T23:49:19Z</time>
        <sat>10</sat>
      </trkpt>
      <trkpt lat="40.650479" lon="-0.203323">
        <ele>740.4</ele>
        <time>2014-04-14T23:49:22Z</time>
        <sat>10</sat>
      </trkpt>
      <trkpt lat="40.650411" lon="-0.203279">
        <ele>738.2</ele>
        <time>2014-04-14T23:49:26Z</time>
        <sat>10</sat>
      </trkpt>
      <trkpt lat="40.650356" lon="-0.203225">
        <ele>736.6</ele>
        <time>2014-04-14T23:49:29Z</time>
        <sat>10</sat>
      </trkpt>
      <trkpt lat="40.650290" lon="-0.203170">
        <ele>735.3</ele>
        <time>2014-04-14T23:49:33Z</time>
        <sat>10</sat>
      </trkpt>
      <trkpt lat="40.650267" lon="-0.203120">
        <ele>735.0</ele>
        <time>2014-04-14T23:49:35Z</time>
      </trkpt>
      <trkpt lat="40.650237" lon="-0.203103">
        <ele>733.9</ele>
        <time>2014-04-14T23:49:37Z</time>
      </trkpt>
      <trkpt lat="40.650207" lon="-0.203129">
        <ele>732.5</ele>
        <time>2014-04-14T23:49:39Z</time>
      </trkpt>
      <trkpt lat="40.650208" lon="-0.203187">
        <ele>732.8</ele>
        <time>2014-04-14T23:49:41Z</time>
        <sat>9</sat>
      </trkpt>
      <trkpt lat="40.650210" lon="-0.203272">
        <ele>733.3</ele>
        <time>2014-04-14T23:49:44Z</time>
      </trkpt>
      <trkpt lat="40.650210" lon="-0.203303">
        <ele>733.5</ele>
        <time>2014-04-14T23:49:46Z</time>
        <sat>10</sat>
      </trkpt>
      <trkpt lat="40.650202" lon="-0.203337">
        <ele>733.0</ele>
        <time>2014-04-14T23:49:47Z</time>
      </trkpt>
      <trkpt lat="40.650186" lon="-0.203384">
        <ele>732.0</ele>
        <time>2014-04-14T23:49:49Z</time>
        <sat>10</sat>
      </trkpt>
      <trkpt lat="40.650161" lon="-0.203485">
        <ele>729.1</ele>
        <time>2014-04-14T23:49:53Z</time>
        <sat>9</sat>
      </trkpt>
      <trkpt lat="40.650175" lon="-0.203603">
        <ele>728.4</ele>
        <time>2014-04-14T23:49:57Z</time>
        <sat>9</sat>
      </trkpt>
      <trkpt lat="40.650168" lon="-0.203690">
        <ele>726.3</ele>
        <time>2014-04-14T23:50:01Z</time>
        <sat>9</sat>
      </trkpt>
      <trkpt lat="40.650156" lon="-0.203786">
        <ele>724.2</ele>
        <time>2014-04-14T23:50:04Z</time>
        <sat>9</sat>
      </trkpt>
      <trkpt lat="40.650143" lon="-0.203880">
        <ele>722.8</ele>
        <time>2014-04-14T23:50:08Z</time>
        <sat>9</sat>
      </trkpt>
      <trkpt lat="40.650141" lon="-0.203984">
        <ele>721.7</ele>
        <time>2014-04-14T23:50:12Z</time>
        <sat>9</sat>
      </trkpt>
      <trkpt lat="40.650154" lon="-0.204099">
        <ele>721.4</ele>
        <time>2014-04-14T23:50:16Z</time>
        <sat>9</sat>
      </trkpt>
      <trkpt lat="40.650148" lon="-0.204120">
        <ele>720.5</ele>
        <time>2014-04-14T23:50:17Z</time>
      </trkpt>
      <trkpt lat="40.650152" lon="-0.204137">
        <ele>720.7</ele>
        <time>2014-04-14T23:50:18Z</time>
      </trkpt>
      <trkpt lat="40.650143" lon="-0.204152">
        <ele>719.8</ele>
        <time>2014-04-14T23:50:19Z</time>
      </trkpt>
      <trkpt lat="40.650136" lon="-0.204160">
        <ele>719.1</ele>
        <time>2014-04-14T23:50:19Z</time>
      </trkpt>
      <trkpt lat="40.650127" lon="-0.204152">
        <ele>718.3</ele>
        <time>2014-04-14T23:50:20Z</time>
      </trkpt>
      <trkpt lat="40.650122" lon="-0.204124">
        <ele>718.2</ele>
        <time>2014-04-14T23:50:21Z</time>
      </trkpt>
      <trkpt lat="40.650116" lon="-0.204124">
        <ele>717.6</ele>
        <time>2014-04-14T23:50:21Z</time>
      </trkpt>
      <trkpt lat="40.650108" lon="-0.204083">
        <ele>717.4</ele>
        <time>2014-04-14T23:50:23Z</time>
      </trkpt>
      <trkpt lat="40.650095" lon="-0.204012">
        <ele>717.0</ele>
        <time>2014-04-14T23:50:25Z</time>
        <sat>9</sat>
      </trkpt>
      <trkpt lat="40.650091" lon="-0.203982">
        <ele>716.9</ele>
        <time>2014-04-14T23:50:27Z</time>
        <sat>9</sat>
      </trkpt>
      <trkpt lat="40.650051" lon="-0.203820">
        <ele>714.7</ele>
        <time>2014-04-14T23:50:33Z</time>
        <sat>9</sat>
      </trkpt>
      <trkpt lat="40.650049" lon="-0.203717">
        <ele>715.7</ele>
        <time>2014-04-14T23:50:37Z</time>
        <sat>9</sat>
      </trkpt>
      <trkpt lat="40.650019" lon="-0.203646">
        <ele>714.1</ele>
        <time>2014-04-14T23:50:40Z</time>
        <sat>9</sat>
      </trkpt>
      <trkpt lat="40.649986" lon="-0.203567">
        <ele>712.1</ele>
        <time>2014-04-14T23:50:44Z</time>
        <sat>9</sat>
      </trkpt>
      <trkpt lat="40.649976" lon="-0.203482">
        <ele>712.2</ele>
        <time>2014-04-14T23:50:47Z</time>
        <sat>9</sat>
      </trkpt>
      <trkpt lat="40.649985" lon="-0.203395">
        <ele>713.8</ele>
        <time>2014-04-14T23:50:50Z</time>
        <sat>8</sat>
      </trkpt>
      <trkpt lat="40.649981" lon="-0.203306">
        <ele>714.2</ele>
        <time>2014-04-14T23:50:53Z</time>
        <sat>8</sat>
      </trkpt>
      <trkpt lat="40.649928" lon="-0.203224">
        <ele>710.0</ele>
        <time>2014-04-14T23:50:58Z</time>
        <sat>9</sat>
      </trkpt>
      <trkpt lat="40.649873" lon="-0.203165">
        <ele>705.4</ele>
        <time>2014-04-14T23:51:01Z</time>
        <sat>9</sat>
      </trkpt>
      <trkpt lat="40.649856" lon="-0.203092">
        <ele>704.7</ele>
        <time>2014-04-14T23:51:04Z</time>
        <sat>9</sat>
      </trkpt>
      <trkpt lat="40.649843" lon="-0.202982">
        <ele>704.6</ele>
        <time>2014-04-14T23:51:08Z</time>
        <sat>9</sat>
      </trkpt>
      <trkpt lat="40.649843" lon="-0.202872">
        <ele>705.3</ele>
        <time>2014-04-14T23:51:12Z</time>
        <sat>9</sat>
      </trkpt>
      <trkpt lat="40.649821" lon="-0.202762">
        <ele>705.9</ele>
        <time>2014-04-14T23:51:17Z</time>
        <sat>9</sat>
      </trkpt>
      <trkpt lat="40.649789" lon="-0.202685">
        <ele>705.1</ele>
        <time>2014-04-14T23:51:20Z</time>
        <sat>9</sat>
      </trkpt>
      <trkpt lat="40.649740" lon="-0.202610">
        <ele>702.2</ele>
        <time>2014-04-14T23:51:24Z</time>
        <sat>9</sat>
      </trkpt>
      <trkpt lat="40.649696" lon="-0.202526">
        <ele>698.6</ele>
        <time>2014-04-14T23:51:28Z</time>
        <sat>9</sat>
      </trkpt>
      <trkpt lat="40.649689" lon="-0.202466">
        <ele>698.0</ele>
        <time>2014-04-14T23:51:30Z</time>
      </trkpt>
      <trkpt lat="40.649690" lon="-0.202443">
        <ele>698.1</ele>
        <time>2014-04-14T23:51:31Z</time>
      </trkpt>
      <trkpt lat="40.649671" lon="-0.202433">
        <ele>696.6</ele>
        <time>2014-04-14T23:51:32Z</time>
      </trkpt>
      <trkpt lat="40.649648" lon="-0.202435">
        <ele>695.0</ele>
        <time>2014-04-14T23:51:33Z</time>
      </trkpt>
      <trkpt lat="40.649630" lon="-0.202475">
        <ele>694.2</ele>
        <time>2014-04-14T23:51:35Z</time>
      </trkpt>
      <trkpt lat="40.649621" lon="-0.202543">
        <ele>693.8</ele>
        <time>2014-04-14T23:51:37Z</time>
        <sat>9</sat>
      </trkpt>
      <trkpt lat="40.649603" lon="-0.202621">
        <ele>693.1</ele>
        <time>2014-04-14T23:51:41Z</time>
        <sat>9</sat>
      </trkpt>
      <trkpt lat="40.649585" lon="-0.202699">
        <ele>692.3</ele>
        <time>2014-04-14T23:51:44Z</time>
        <sat>9</sat>
      </trkpt>
      <trkpt lat="40.649558" lon="-0.202805">
        <ele>689.1</ele>
        <time>2014-04-14T23:51:48Z</time>
        <sat>8</sat>
      </trkpt>
      <trkpt lat="40.649535" lon="-0.202902">
        <ele>687.7</ele>
        <time>2014-04-14T23:51:52Z</time>
        <sat>9</sat>
      </trkpt>
      <trkpt lat="40.649476" lon="-0.202934">
        <ele>686.8</ele>
        <time>2014-04-14T23:51:55Z</time>
        <sat>9</sat>
      </trkpt>
      <trkpt lat="40.649340" lon="-0.202946">
        <ele>687.0</ele>
        <time>2014-04-14T23:52:02Z</time>
        <sat>9</sat>
      </trkpt>
      <trkpt lat="40.649318" lon="-0.202945">
        <ele>686.9</ele>
        <time>2014-04-14T23:52:03Z</time>
      </trkpt>
      <trkpt lat="40.649300" lon="-0.202909">
        <ele>686.6</ele>
        <time>2014-04-14T23:52:04Z</time>
        <sat>9</sat>
      </trkpt>
      <trkpt lat="40.649300" lon="-0.202909">
        <ele>686.6</ele>
        <time>2014-04-14T23:52:04Z</time>
        <sat>9</sat>
      </trkpt>
      <trkpt lat="40.649226" lon="-0.202840">
        <ele>685.0</ele>
        <time>2014-04-14T23:52:09Z</time>
        <sat>8</sat>
      </trkpt>
      <trkpt lat="40.649175" lon="-0.202766">
        <ele>684.8</ele>
        <time>2014-04-14T23:52:13Z</time>
        <sat>9</sat>
      </trkpt>
      <trkpt lat="40.649137" lon="-0.202653">
        <ele>684.9</ele>
        <time>2014-04-14T23:52:17Z</time>
        <sat>9</sat>
      </trkpt>
      <trkpt lat="40.649104" lon="-0.202548">
        <ele>684.9</ele>
        <time>2014-04-14T23:52:22Z</time>
        <sat>9</sat>
      </trkpt>
      <trkpt lat="40.649078" lon="-0.202487">
        <ele>684.9</ele>
        <time>2014-04-14T23:52:24Z</time>
        <sat>9</sat>
      </trkpt>
      <trkpt lat="40.649032" lon="-0.202274">
        <ele>684.6</ele>
        <time>2014-04-14T23:52:33Z</time>
      </trkpt>
      <trkpt lat="40.648976" lon="-0.202040">
        <ele>684.6</ele>
        <time>2014-04-14T23:52:42Z</time>
      </trkpt>
      <trkpt lat="40.648896" lon="-0.201819">
        <ele>684.3</ele>
        <time>2014-04-14T23:52:51Z</time>
      </trkpt>
      <trkpt lat="40.648827" lon="-0.201597">
        <ele>683.6</ele>
        <time>2014-04-14T23:53:01Z</time>
      </trkpt>
      <trkpt lat="40.648733" lon="-0.201716">
        <ele>682.4</ele>
        <time>2014-04-14T23:53:07Z</time>
      </trkpt>
      <trkpt lat="40.648584" lon="-0.201927">
        <ele>682.4</ele>
        <time>2014-04-14T23:53:18Z</time>
      </trkpt>
      <trkpt lat="40.648432" lon="-0.201973">
        <ele>684.2</ele>
        <time>2014-04-14T23:53:26Z</time>
      </trkpt>
      <trkpt lat="40.648195" lon="-0.201941">
        <ele>686.3</ele>
        <time>2014-04-14T23:53:38Z</time>
      </trkpt>
      <trkpt lat="40.648013" lon="-0.201791">
        <ele>687.5</ele>
        <time>2014-04-14T23:53:49Z</time>
      </trkpt>
      <trkpt lat="40.647659" lon="-0.201439">
        <ele>689.9</ele>
        <time>2014-04-14T23:54:11Z</time>
      </trkpt>
      <trkpt lat="40.647294" lon="-0.201087">
        <ele>690.4</ele>
        <time>2014-04-14T23:54:33Z</time>
      </trkpt>
      <trkpt lat="40.646929" lon="-0.200723">
        <ele>692.4</ele>
        <time>2014-04-14T23:54:56Z</time>
      </trkpt>
      <trkpt lat="40.646767" lon="-0.200565">
        <ele>695.4</ele>
        <time>2014-04-14T23:55:06Z</time>
      </trkpt>
      <trkpt lat="40.646747" lon="-0.200540">
        <ele>696.0</ele>
        <time>2014-04-14T23:55:08Z</time>
      </trkpt>
      <trkpt lat="40.646745" lon="-0.200306">
        <ele>697.6</ele>
        <time>2014-04-14T23:55:17Z</time>
      </trkpt>
      <trkpt lat="40.646745" lon="-0.200306">
        <ele>697.6</ele>
        <time>2014-04-14T23:55:17Z</time>
      </trkpt>
      <trkpt lat="40.646657" lon="-0.200271">
        <ele>698.3</ele>
        <time>2014-04-14T23:55:21Z</time>
      </trkpt>
      <trkpt lat="40.646657" lon="-0.200271">
        <ele>698.3</ele>
        <time>2014-04-14T23:55:21Z</time>
      </trkpt>
      <trkpt lat="40.646713" lon="-0.199878">
        <ele>698.1</ele>
        <time>2014-04-14T23:55:36Z</time>
      </trkpt>
      <trkpt lat="40.646742" lon="-0.199369">
        <ele>697.7</ele>
        <time>2014-04-14T23:55:56Z</time>
      </trkpt>
      <trkpt lat="40.646753" lon="-0.198807">
        <ele>697.6</ele>
        <time>2014-04-14T23:56:17Z</time>
      </trkpt>
      <trkpt lat="40.646761" lon="-0.198275">
        <ele>694.4</ele>
        <time>2014-04-14T23:56:37Z</time>
      </trkpt>
      <trkpt lat="40.646770" lon="-0.197739">
        <ele>692.7</ele>
        <time>2014-04-14T23:56:58Z</time>
      </trkpt>
      <trkpt lat="40.646763" lon="-0.197561">
        <ele>692.5</ele>
        <time>2014-04-14T23:57:04Z</time>
      </trkpt>
      <trkpt lat="40.646733" lon="-0.197453">
        <ele>691.8</ele>
        <time>2014-04-14T23:57:09Z</time>
      </trkpt>
      <trkpt lat="40.646684" lon="-0.197362">
        <ele>691.6</ele>
        <time>2014-04-14T23:57:13Z</time>
      </trkpt>
      <trkpt lat="40.646616" lon="-0.197288">
        <ele>691.3</ele>
        <time>2014-04-14T23:57:17Z</time>
      </trkpt>
      <trkpt lat="40.646529" lon="-0.197214">
        <ele>691.4</ele>
        <time>2014-04-14T23:57:23Z</time>
      </trkpt>
      <trkpt lat="40.646437" lon="-0.197183">
        <ele>691.1</ele>
        <time>2014-04-14T23:57:27Z</time>
      </trkpt>
      <trkpt lat="40.646297" lon="-0.197229">
        <ele>691.0</ele>
        <time>2014-04-14T23:57:35Z</time>
      </trkpt>
      <trkpt lat="40.646110" lon="-0.197354">
        <ele>690.6</ele>
        <time>2014-04-14T23:57:45Z</time>
      </trkpt>
      <trkpt lat="40.645802" lon="-0.197581">
        <ele>689.2</ele>
        <time>2014-04-14T23:58:03Z</time>
      </trkpt>
      <trkpt lat="40.645585" lon="-0.197706">
        <ele>687.8</ele>
        <time>2014-04-14T23:58:15Z</time>
      </trkpt>
      <trkpt lat="40.645435" lon="-0.197722">
        <ele>687.8</ele>
        <time>2014-04-14T23:58:22Z</time>
      </trkpt>
      <trkpt lat="40.645318" lon="-0.197691">
        <ele>687.9</ele>
        <time>2014-04-14T23:58:28Z</time>
      </trkpt>
      <trkpt lat="40.645220" lon="-0.197557">
        <ele>687.8</ele>
        <time>2014-04-14T23:58:35Z</time>
      </trkpt>
      <trkpt lat="40.645007" lon="-0.197179">
        <ele>687.0</ele>
        <time>2014-04-14T23:58:53Z</time>
      </trkpt>
      <trkpt lat="40.644835" lon="-0.196910">
        <ele>687.7</ele>
        <time>2014-04-14T23:59:06Z</time>
      </trkpt>
      <trkpt lat="40.644835" lon="-0.196910">
        <ele>687.7</ele>
        <time>2014-04-14T23:59:06Z</time>
      </trkpt>
      <trkpt lat="40.644718" lon="-0.196950">
        <ele>688.0</ele>
        <time>2014-04-14T23:59:12Z</time>
      </trkpt>
      <trkpt lat="40.644544" lon="-0.197021">
        <ele>688.0</ele>
        <time>2014-04-14T23:59:21Z</time>
      </trkpt>
      <trkpt lat="40.644355" lon="-0.197118">
        <ele>687.8</ele>
        <time>2014-04-14T23:59:32Z</time>
      </trkpt>
      <trkpt lat="40.644255" lon="-0.197231">
        <ele>687.4</ele>
        <time>2014-04-14T23:59:38Z</time>
      </trkpt>
      <trkpt lat="40.644155" lon="-0.197320">
        <ele>686.6</ele>
        <time>2014-04-14T23:59:44Z</time>
      </trkpt>
      <trkpt lat="40.644074" lon="-0.197483">
        <ele>684.7</ele>
        <time>2014-04-14T23:59:52Z</time>
      </trkpt>
      <trkpt lat="40.643941" lon="-0.197728">
        <ele>683.3</ele>
        <time>2014-04-15T00:00:03Z</time>
      </trkpt>
      <trkpt lat="40.643726" lon="-0.198034">
        <ele>682.7</ele>
        <time>2014-04-15T00:00:19Z</time>
      </trkpt>
      <trkpt lat="40.643695" lon="-0.198010">
        <ele>683.0</ele>
        <time>2014-04-15T00:00:21Z</time>
      </trkpt>
      <trkpt lat="40.643580" lon="-0.197715">
        <ele>687.3</ele>
        <time>2014-04-15T00:00:33Z</time>
      </trkpt>
      <trkpt lat="40.643450" lon="-0.197419">
        <ele>690.1</ele>
        <time>2014-04-15T00:00:46Z</time>
      </trkpt>
      <trkpt lat="40.643341" lon="-0.197142">
        <ele>691.1</ele>
        <time>2014-04-15T00:00:58Z</time>
      </trkpt>
      <trkpt lat="40.643189" lon="-0.196705">
        <ele>691.1</ele>
        <time>2014-04-15T00:01:16Z</time>
      </trkpt>
      <trkpt lat="40.643016" lon="-0.196266">
        <ele>692.3</ele>
        <time>2014-04-15T00:01:35Z</time>
      </trkpt>
      <trkpt lat="40.642884" lon="-0.195923">
        <ele>693.5</ele>
        <time>2014-04-15T00:01:50Z</time>
      </trkpt>
      <trkpt lat="40.642844" lon="-0.195804">
        <ele>695.8</ele>
        <time>2014-04-15T00:01:55Z</time>
      </trkpt>
      <trkpt lat="40.642835" lon="-0.195688">
        <ele>697.8</ele>
        <time>2014-04-15T00:01:59Z</time>
      </trkpt>
      <trkpt lat="40.642863" lon="-0.195603">
        <ele>699.3</ele>
        <time>2014-04-15T00:02:03Z</time>
      </trkpt>
      <trkpt lat="40.642962" lon="-0.195461">
        <ele>701.0</ele>
        <time>2014-04-15T00:02:10Z</time>
      </trkpt>
      <trkpt lat="40.643072" lon="-0.195328">
        <ele>701.9</ele>
        <time>2014-04-15T00:02:17Z</time>
      </trkpt>
      <trkpt lat="40.643117" lon="-0.195249">
        <ele>702.8</ele>
        <time>2014-04-15T00:02:21Z</time>
      </trkpt>
      <trkpt lat="40.643179" lon="-0.195066">
        <ele>704.1</ele>
        <time>2014-04-15T00:02:29Z</time>
      </trkpt>
      <trkpt lat="40.643314" lon="-0.194643">
        <ele>706.1</ele>
        <time>2014-04-15T00:02:46Z</time>
      </trkpt>
      <trkpt lat="40.643356" lon="-0.194505">
        <ele>706.1</ele>
        <time>2014-04-15T00:02:52Z</time>
      </trkpt>
      <trkpt lat="40.643412" lon="-0.194400">
        <ele>706.6</ele>
        <time>2014-04-15T00:02:57Z</time>
      </trkpt>
      <trkpt lat="40.643489" lon="-0.194329">
        <ele>706.6</ele>
        <time>2014-04-15T00:03:01Z</time>
      </trkpt>
      <trkpt lat="40.643626" lon="-0.194237">
        <ele>707.6</ele>
        <time>2014-04-15T00:03:09Z</time>
      </trkpt>
      <trkpt lat="40.643779" lon="-0.194123">
        <ele>708.2</ele>
        <time>2014-04-15T00:03:18Z</time>
      </trkpt>
      <trkpt lat="40.643855" lon="-0.194040">
        <ele>708.3</ele>
        <time>2014-04-15T00:03:23Z</time>
      </trkpt>
      <trkpt lat="40.643967" lon="-0.193874">
        <ele>708.4</ele>
        <time>2014-04-15T00:03:31Z</time>
      </trkpt>
      <trkpt lat="40.644059" lon="-0.193767">
        <ele>708.4</ele>
        <time>2014-04-15T00:03:37Z</time>
      </trkpt>
      <trkpt lat="40.644155" lon="-0.193689">
        <ele>709.3</ele>
        <time>2014-04-15T00:03:43Z</time>
      </trkpt>
      <trkpt lat="40.644261" lon="-0.193609">
        <ele>710.2</ele>
        <time>2014-04-15T00:03:49Z</time>
      </trkpt>
      <trkpt lat="40.644356" lon="-0.193517">
        <ele>710.9</ele>
        <time>2014-04-15T00:03:55Z</time>
      </trkpt>
      <trkpt lat="40.644451" lon="-0.193406">
        <ele>711.1</ele>
        <time>2014-04-15T00:04:01Z</time>
      </trkpt>
      <trkpt lat="40.644530" lon="-0.193253">
        <ele>712.2</ele>
        <time>2014-04-15T00:04:08Z</time>
      </trkpt>
      <trkpt lat="40.644569" lon="-0.193165">
        <ele>712.2</ele>
        <time>2014-04-15T00:04:12Z</time>
      </trkpt>
      <trkpt lat="40.644635" lon="-0.193079">
        <ele>712.1</ele>
        <time>2014-04-15T00:04:17Z</time>
      </trkpt>
      <trkpt lat="40.644761" lon="-0.192945">
        <ele>712.9</ele>
        <time>2014-04-15T00:04:25Z</time>
      </trkpt>
      <trkpt lat="40.644892" lon="-0.192803">
        <ele>713.7</ele>
        <time>2014-04-15T00:04:34Z</time>
      </trkpt>
      <trkpt lat="40.644990" lon="-0.192738">
        <ele>714.5</ele>
        <time>2014-04-15T00:04:39Z</time>
      </trkpt>
      <trkpt lat="40.645102" lon="-0.192666">
        <ele>715.9</ele>
        <time>2014-04-15T00:04:45Z</time>
      </trkpt>
      <trkpt lat="40.645235" lon="-0.192593">
        <ele>715.0</ele>
        <time>2014-04-15T00:04:53Z</time>
      </trkpt>
      <trkpt lat="40.645286" lon="-0.192535">
        <ele>714.9</ele>
        <time>2014-04-15T00:04:56Z</time>
      </trkpt>
      <trkpt lat="40.645306" lon="-0.192490">
        <ele>715.2</ele>
        <time>2014-04-15T00:04:58Z</time>
      </trkpt>
      <trkpt lat="40.645309" lon="-0.192437">
        <ele>716.1</ele>
        <time>2014-04-15T00:05:00Z</time>
      </trkpt>
      <trkpt lat="40.645323" lon="-0.192379">
        <ele>716.8</ele>
        <time>2014-04-15T00:05:02Z</time>
      </trkpt>
      <trkpt lat="40.645348" lon="-0.192307">
        <ele>717.5</ele>
        <time>2014-04-15T00:05:05Z</time>
      </trkpt>
      <trkpt lat="40.645381" lon="-0.192249">
        <ele>718.2</ele>
        <time>2014-04-15T00:05:08Z</time>
      </trkpt>
      <trkpt lat="40.645434" lon="-0.192211">
        <ele>718.6</ele>
        <time>2014-04-15T00:05:11Z</time>
      </trkpt>
      <trkpt lat="40.645569" lon="-0.192179">
        <ele>720.4</ele>
        <time>2014-04-15T00:05:18Z</time>
      </trkpt>
      <trkpt lat="40.645712" lon="-0.192146">
        <ele>721.2</ele>
        <time>2014-04-15T00:05:25Z</time>
      </trkpt>
      <trkpt lat="40.645924" lon="-0.192064">
        <ele>721.1</ele>
        <time>2014-04-15T00:05:36Z</time>
      </trkpt>
      <trkpt lat="40.646043" lon="-0.192014">
        <ele>723.1</ele>
        <time>2014-04-15T00:05:42Z</time>
      </trkpt>
      <trkpt lat="40.646273" lon="-0.191909">
        <ele>726.4</ele>
        <time>2014-04-15T00:05:55Z</time>
      </trkpt>
      <trkpt lat="40.646386" lon="-0.191832">
        <ele>727.6</ele>
        <time>2014-04-15T00:06:01Z</time>
      </trkpt>
      <trkpt lat="40.646513" lon="-0.191767">
        <ele>728.3</ele>
        <time>2014-04-15T00:06:08Z</time>
      </trkpt>
      <trkpt lat="40.646616" lon="-0.191740">
        <ele>729.8</ele>
        <time>2014-04-15T00:06:13Z</time>
      </trkpt>
      <trkpt lat="40.646831" lon="-0.191702">
        <ele>731.8</ele>
        <time>2014-04-15T00:06:24Z</time>
      </trkpt>
      <trkpt lat="40.647050" lon="-0.191668">
        <ele>733.2</ele>
        <time>2014-04-15T00:06:35Z</time>
      </trkpt>
      <trkpt lat="40.647178" lon="-0.191680">
        <ele>733.2</ele>
        <time>2014-04-15T00:06:41Z</time>
      </trkpt>
      <trkpt lat="40.647407" lon="-0.191707">
        <ele>732.9</ele>
        <time>2014-04-15T00:06:53Z</time>
      </trkpt>
      <trkpt lat="40.647532" lon="-0.191709">
        <ele>731.4</ele>
        <time>2014-04-15T00:06:59Z</time>
      </trkpt>
      <trkpt lat="40.647658" lon="-0.191653">
        <ele>732.1</ele>
        <time>2014-04-15T00:07:06Z</time>
      </trkpt>
      <trkpt lat="40.647698" lon="-0.191602">
        <ele>732.7</ele>
        <time>2014-04-15T00:07:09Z</time>
      </trkpt>
      <trkpt lat="40.647701" lon="-0.191597">
        <ele>732.7</ele>
        <time>2014-04-15T00:07:09Z</time>
      </trkpt>
      <trkpt lat="40.647701" lon="-0.191600">
        <ele>732.7</ele>
        <time>2014-04-15T00:07:09Z</time>
      </trkpt>
      <trkpt lat="40.647701" lon="-0.191499">
        <ele>734.7</ele>
        <time>2014-04-15T00:07:13Z</time>
      </trkpt>
      <trkpt lat="40.647710" lon="-0.191453">
        <ele>735.4</ele>
        <time>2014-04-15T00:07:14Z</time>
      </trkpt>
      <trkpt lat="40.647710" lon="-0.191453">
        <ele>735.4</ele>
        <time>2014-04-15T00:07:14Z</time>
      </trkpt>
      <trkpt lat="40.647710" lon="-0.191436">
        <ele>735.7</ele>
        <time>2014-04-15T00:07:15Z</time>
      </trkpt>
      <trkpt lat="40.647701" lon="-0.191423">
        <ele>736.1</ele>
        <time>2014-04-15T00:07:16Z</time>
      </trkpt>
      <trkpt lat="40.647693" lon="-0.191237">
        <ele>738.6</ele>
        <time>2014-04-15T00:07:23Z</time>
      </trkpt>
      <trkpt lat="40.647676" lon="-0.191120">
        <ele>739.9</ele>
        <time>2014-04-15T00:07:27Z</time>
      </trkpt>
      <trkpt lat="40.647660" lon="-0.191037">
        <ele>740.2</ele>
        <time>2014-04-15T00:07:31Z</time>
      </trkpt>
      <trkpt lat="40.647643" lon="-0.190920">
        <ele>740.2</ele>
        <time>2014-04-15T00:07:35Z</time>
      </trkpt>
      <trkpt lat="40.647626" lon="-0.190838">
        <ele>740.8</ele>
        <time>2014-04-15T00:07:38Z</time>
      </trkpt>
      <trkpt lat="40.647576" lon="-0.190737">
        <ele>742.7</ele>
        <time>2014-04-15T00:07:43Z</time>
      </trkpt>
      <trkpt lat="40.647527" lon="-0.190655">
        <ele>744.7</ele>
        <time>2014-04-15T00:07:47Z</time>
      </trkpt>
      <trkpt lat="40.647434" lon="-0.190616">
        <ele>746.4</ele>
        <time>2014-04-15T00:07:52Z</time>
      </trkpt>
      <trkpt lat="40.647367" lon="-0.190683">
        <ele>748.2</ele>
        <time>2014-04-15T00:07:56Z</time>
      </trkpt>
      <trkpt lat="40.647367" lon="-0.190783">
        <ele>748.6</ele>
        <time>2014-04-15T00:08:00Z</time>
      </trkpt>
      <trkpt lat="40.647367" lon="-0.190816">
        <ele>748.8</ele>
        <time>2014-04-15T00:08:01Z</time>
      </trkpt>
      <trkpt lat="40.647384" lon="-0.191016">
        <ele>749.9</ele>
        <time>2014-04-15T00:08:09Z</time>
      </trkpt>
      <trkpt lat="40.647404" lon="-0.191152">
        <ele>748.5</ele>
        <time>2014-04-15T00:08:14Z</time>
      </trkpt>
      <trkpt lat="40.647384" lon="-0.191233">
        <ele>748.0</ele>
        <time>2014-04-15T00:08:17Z</time>
      </trkpt>
      <trkpt lat="40.647297" lon="-0.191216">
        <ele>748.6</ele>
        <time>2014-04-15T00:08:22Z</time>
      </trkpt>
      <trkpt lat="40.647217" lon="-0.191149">
        <ele>750.4</ele>
        <time>2014-04-15T00:08:26Z</time>
      </trkpt>
      <trkpt lat="40.647167" lon="-0.191083">
        <ele>751.2</ele>
        <time>2014-04-15T00:08:30Z</time>
      </trkpt>
      <trkpt lat="40.647134" lon="-0.190983">
        <ele>752.7</ele>
        <time>2014-04-15T00:08:34Z</time>
      </trkpt>
      <trkpt lat="40.647117" lon="-0.190866">
        <ele>755.0</ele>
        <time>2014-04-15T00:08:38Z</time>
      </trkpt>
      <trkpt lat="40.647100" lon="-0.190766">
        <ele>758.8</ele>
        <time>2014-04-15T00:08:42Z</time>
      </trkpt>
      <trkpt lat="40.647067" lon="-0.190649">
        <ele>760.2</ele>
        <time>2014-04-15T00:08:47Z</time>
      </trkpt>
      <trkpt lat="40.647067" lon="-0.190649">
        <ele>760.2</ele>
        <time>2014-04-15T00:08:47Z</time>
      </trkpt>
      <trkpt lat="40.646951" lon="-0.190516">
        <ele>763.4</ele>
        <time>2014-04-15T00:08:55Z</time>
      </trkpt>
      <trkpt lat="40.646884" lon="-0.190466">
        <ele>764.0</ele>
        <time>2014-04-15T00:08:59Z</time>
      </trkpt>
      <trkpt lat="40.646801" lon="-0.190399">
        <ele>765.2</ele>
        <time>2014-04-15T00:09:04Z</time>
      </trkpt>
      <trkpt lat="40.646734" lon="-0.190349">
        <ele>766.5</ele>
        <time>2014-04-15T00:09:07Z</time>
      </trkpt>
      <trkpt lat="40.646667" lon="-0.190299">
        <ele>767.7</ele>
        <time>2014-04-15T00:09:11Z</time>
      </trkpt>
      <trkpt lat="40.646584" lon="-0.190233">
        <ele>767.9</ele>
        <time>2014-04-15T00:09:16Z</time>
      </trkpt>
      <trkpt lat="40.646534" lon="-0.190183">
        <ele>768.4</ele>
        <time>2014-04-15T00:09:19Z</time>
      </trkpt>
      <trkpt lat="40.646467" lon="-0.190116">
        <ele>769.8</ele>
        <time>2014-04-15T00:09:23Z</time>
      </trkpt>
      <trkpt lat="40.646401" lon="-0.190049">
        <ele>771.9</ele>
        <time>2014-04-15T00:09:28Z</time>
      </trkpt>
      <trkpt lat="40.646334" lon="-0.189983">
        <ele>772.6</ele>
        <time>2014-04-15T00:09:32Z</time>
      </trkpt>
      <trkpt lat="40.646317" lon="-0.189966">
        <ele>772.4</ele>
        <time>2014-04-15T00:09:33Z</time>
      </trkpt>
      <trkpt lat="40.646184" lon="-0.189883">
        <ele>774.4</ele>
        <time>2014-04-15T00:09:40Z</time>
      </trkpt>
      <trkpt lat="40.646100" lon="-0.189849">
        <ele>777.1</ele>
        <time>2014-04-15T00:09:45Z</time>
      </trkpt>
      <trkpt lat="40.646034" lon="-0.189816">
        <ele>777.6</ele>
        <time>2014-04-15T00:09:48Z</time>
      </trkpt>
      <trkpt lat="40.645950" lon="-0.189816">
        <ele>779.2</ele>
        <time>2014-04-15T00:09:52Z</time>
      </trkpt>
      <trkpt lat="40.645867" lon="-0.189816">
        <ele>780.5</ele>
        <time>2014-04-15T00:09:56Z</time>
      </trkpt>
      <trkpt lat="40.645784" lon="-0.189849">
        <ele>781.7</ele>
        <time>2014-04-15T00:10:01Z</time>
      </trkpt>
      <trkpt lat="40.645701" lon="-0.189916">
        <ele>783.4</ele>
        <time>2014-04-15T00:10:06Z</time>
      </trkpt>
      <trkpt lat="40.645634" lon="-0.189966">
        <ele>784.6</ele>
        <time>2014-04-15T00:10:10Z</time>
      </trkpt>
      <trkpt lat="40.645567" lon="-0.190016">
        <ele>785.3</ele>
        <time>2014-04-15T00:10:13Z</time>
      </trkpt>
      <trkpt lat="40.645484" lon="-0.190066">
        <ele>784.7</ele>
        <time>2014-04-15T00:10:18Z</time>
      </trkpt>
      <trkpt lat="40.645467" lon="-0.190066">
        <ele>784.6</ele>
        <time>2014-04-15T00:10:19Z</time>
      </trkpt>
      <trkpt lat="40.645317" lon="-0.190033">
        <ele>784.8</ele>
        <time>2014-04-15T00:10:26Z</time>
      </trkpt>
      <trkpt lat="40.645251" lon="-0.189966">
        <ele>787.1</ele>
        <time>2014-04-15T00:10:31Z</time>
      </trkpt>
      <trkpt lat="40.645167" lon="-0.189916">
        <ele>789.4</ele>
        <time>2014-04-15T00:10:35Z</time>
      </trkpt>
      <trkpt lat="40.645100" lon="-0.189849">
        <ele>791.1</ele>
        <time>2014-04-15T00:10:39Z</time>
      </trkpt>
      <trkpt lat="40.645034" lon="-0.189783">
        <ele>793.1</ele>
        <time>2014-04-15T00:10:44Z</time>
      </trkpt>
      <trkpt lat="40.644967" lon="-0.189700">
        <ele>795.2</ele>
        <time>2014-04-15T00:10:48Z</time>
      </trkpt>
      <trkpt lat="40.644934" lon="-0.189599">
        <ele>796.4</ele>
        <time>2014-04-15T00:10:52Z</time>
      </trkpt>
      <trkpt lat="40.644934" lon="-0.189599">
        <ele>796.4</ele>
        <time>2014-04-15T00:10:52Z</time>
      </trkpt>
      <trkpt lat="40.644934" lon="-0.189599">
        <ele>796.4</ele>
        <time>2014-04-15T00:10:52Z</time>
      </trkpt>
      <trkpt lat="40.644935" lon="-0.189601">
        <ele>796.4</ele>
        <time>2014-04-15T00:10:52Z</time>
        <sat>9</sat>
        <extensions>
          <gpxtpx:TrackPointExtension>
            <gpxtpx:hr>166</gpxtpx:hr>
          </gpxtpx:TrackPointExtension>
        </extensions>
      </trkpt>
      <trkpt lat="40.644892" lon="-0.189543">
        <ele>797.4</ele>
        <time>2014-04-15T00:10:55Z</time>
        <sat>9</sat>
      </trkpt>
      <trkpt lat="40.644817" lon="-0.189484">
        <ele>798.8</ele>
        <time>2014-04-15T00:11:00Z</time>
        <sat>9</sat>
        <extensions>
          <gpxtpx:TrackPointExtension>
            <gpxtpx:hr>165</gpxtpx:hr>
          </gpxtpx:TrackPointExtension>
        </extensions>
      </trkpt>
      <trkpt lat="40.644752" lon="-0.189424">
        <ele>800.4</ele>
        <time>2014-04-15T00:11:04Z</time>
        <sat>9</sat>
        <extensions>
          <gpxtpx:TrackPointExtension>
            <gpxtpx:hr>163</gpxtpx:hr>
          </gpxtpx:TrackPointExtension>
        </extensions>
      </trkpt>
      <trkpt lat="40.644684" lon="-0.189363">
        <ele>802.1</ele>
        <time>2014-04-15T00:11:08Z</time>
        <sat>9</sat>
        <extensions>
          <gpxtpx:TrackPointExtension>
            <gpxtpx:hr>163</gpxtpx:hr>
          </gpxtpx:TrackPointExtension>
        </extensions>
      </trkpt>
      <trkpt lat="40.644612" lon="-0.189311">
        <ele>803.6</ele>
        <time>2014-04-15T00:11:12Z</time>
        <sat>9</sat>
        <extensions>
          <gpxtpx:TrackPointExtension>
            <gpxtpx:hr>163</gpxtpx:hr>
          </gpxtpx:TrackPointExtension>
        </extensions>
      </trkpt>
      <trkpt lat="40.644612" lon="-0.189311">
        <ele>803.6</ele>
        <time>2014-04-15T00:11:12Z</time>
        <sat>9</sat>
        <extensions>
          <gpxtpx:TrackPointExtension>
            <gpxtpx:hr>163</gpxtpx:hr>
          </gpxtpx:TrackPointExtension>
        </extensions>
      </trkpt>
      <trkpt lat="40.644604" lon="-0.189304">
        <ele>803.7</ele>
        <time>2014-04-15T00:11:13Z</time>
        <sat>9</sat>
        <extensions>
          <gpxtpx:TrackPointExtension>
            <gpxtpx:hr>163</gpxtpx:hr>
          </gpxtpx:TrackPointExtension>
        </extensions>
      </trkpt>
      <trkpt lat="40.644486" lon="-0.189184">
        <ele>806.8</ele>
        <time>2014-04-15T00:11:20Z</time>
        <sat>9</sat>
        <extensions>
          <gpxtpx:TrackPointExtension>
            <gpxtpx:hr>159</gpxtpx:hr>
          </gpxtpx:TrackPointExtension>
        </extensions>
      </trkpt>
      <trkpt lat="40.644434" lon="-0.189088">
        <ele>810.9</ele>
        <time>2014-04-15T00:11:24Z</time>
        <sat>9</sat>
        <extensions>
          <gpxtpx:TrackPointExtension>
            <gpxtpx:hr>163</gpxtpx:hr>
          </gpxtpx:TrackPointExtension>
        </extensions>
      </trkpt>
      <trkpt lat="40.644432" lon="-0.189083">
        <ele>811.1</ele>
        <time>2014-04-15T00:11:25Z</time>
        <sat>9</sat>
        <extensions>
          <gpxtpx:TrackPointExtension>
            <gpxtpx:hr>163</gpxtpx:hr>
          </gpxtpx:TrackPointExtension>
        </extensions>
      </trkpt>
      <trkpt lat="40.644367" lon="-0.188895">
        <ele>816.8</ele>
        <time>2014-04-15T00:11:32Z</time>
        <sat>9</sat>
        <extensions>
          <gpxtpx:TrackPointExtension>
            <gpxtpx:hr>160</gpxtpx:hr>
          </gpxtpx:TrackPointExtension>
        </extensions>
      </trkpt>
      <trkpt lat="40.644280" lon="-0.188883">
        <ele>820.0</ele>
        <time>2014-04-15T00:11:37Z</time>
        <sat>9</sat>
      </trkpt>
      <trkpt lat="40.644200" lon="-0.188838">
        <ele>822.4</ele>
        <time>2014-04-15T00:11:41Z</time>
        <sat>9</sat>
      </trkpt>
      <trkpt lat="40.644195" lon="-0.188836">
        <ele>822.6</ele>
        <time>2014-04-15T00:11:41Z</time>
        <sat>9</sat>
      </trkpt>
      <trkpt lat="40.644069" lon="-0.188693">
        <ele>827.7</ele>
        <time>2014-04-15T00:11:50Z</time>
        <sat>9</sat>
        <extensions>
          <gpxtpx:TrackPointExtension>
            <gpxtpx:hr>159</gpxtpx:hr>
          </gpxtpx:TrackPointExtension>
        </extensions>
      </trkpt>
      <trkpt lat="40.643990" lon="-0.188636">
        <ele>829.7</ele>
        <time>2014-04-15T00:11:54Z</time>
        <sat>9</sat>
      </trkpt>
      <trkpt lat="40.643927" lon="-0.188553">
        <ele>831.4</ele>
        <time>2014-04-15T00:11:59Z</time>
        <sat>9</sat>
        <extensions>
          <gpxtpx:TrackPointExtension>
            <gpxtpx:hr>157</gpxtpx:hr>
          </gpxtpx:TrackPointExtension>
        </extensions>
      </trkpt>
      <trkpt lat="40.643860" lon="-0.188476">
        <ele>833.5</ele>
        <time>2014-04-15T00:12:03Z</time>
        <sat>9</sat>
        <extensions>
          <gpxtpx:TrackPointExtension>
            <gpxtpx:hr>156</gpxtpx:hr>
          </gpxtpx:TrackPointExtension>
        </extensions>
      </trkpt>
      <trkpt lat="40.643857" lon="-0.188471">
        <ele>833.6</ele>
        <time>2014-04-15T00:12:03Z</time>
        <sat>9</sat>
        <extensions>
          <gpxtpx:TrackPointExtension>
            <gpxtpx:hr>156</gpxtpx:hr>
          </gpxtpx:TrackPointExtension>
        </extensions>
      </trkpt>
      <trkpt lat="40.643754" lon="-0.188291">
        <ele>838.2</ele>
        <time>2014-04-15T00:12:12Z</time>
        <sat>9</sat>
        <extensions>
          <gpxtpx:TrackPointExtension>
            <gpxtpx:hr>154</gpxtpx:hr>
          </gpxtpx:TrackPointExtension>
        </extensions>
      </trkpt>
      <trkpt lat="40.643684" lon="-0.188226">
        <ele>840.4</ele>
        <time>2014-04-15T00:12:16Z</time>
        <sat>9</sat>
      </trkpt>
      <trkpt lat="40.643604" lon="-0.188184">
        <ele>843.1</ele>
        <time>2014-04-15T00:12:21Z</time>
        <sat>8</sat>
      </trkpt>
      <trkpt lat="40.643524" lon="-0.188140">
        <ele>847.5</ele>
        <time>2014-04-15T00:12:25Z</time>
        <sat>6</sat>
      </trkpt>
      <trkpt lat="40.643519" lon="-0.188132">
        <ele>847.9</ele>
        <time>2014-04-15T00:12:25Z</time>
        <sat>6</sat>
      </trkpt>
      <trkpt lat="40.643394" lon="-0.187981">
        <ele>852.8</ele>
        <time>2014-04-15T00:12:34Z</time>
        <sat>8</sat>
        <extensions>
          <gpxtpx:TrackPointExtension>
            <gpxtpx:hr>158</gpxtpx:hr>
          </gpxtpx:TrackPointExtension>
        </extensions>
      </trkpt>
      <trkpt lat="40.643337" lon="-0.187903">
        <ele>854.4</ele>
        <time>2014-04-15T00:12:38Z</time>
        <sat>8</sat>
        <extensions>
          <gpxtpx:TrackPointExtension>
            <gpxtpx:hr>158</gpxtpx:hr>
          </gpxtpx:TrackPointExtension>
        </extensions>
      </trkpt>
      <trkpt lat="40.643287" lon="-0.187811">
        <ele>855.6</ele>
        <time>2014-04-15T00:12:42Z</time>
        <sat>8</sat>
      </trkpt>
      <trkpt lat="40.643207" lon="-0.187759">
        <ele>858.1</ele>
        <time>2014-04-15T00:12:47Z</time>
        <sat>8</sat>
      </trkpt>
      <trkpt lat="40.643199" lon="-0.187758">
        <ele>858.4</ele>
        <time>2014-04-15T00:12:47Z</time>
        <sat>8</sat>
      </trkpt>
      <trkpt lat="40.643044" lon="-0.187736">
        <ele>861.7</ele>
        <time>2014-04-15T00:12:55Z</time>
        <sat>8</sat>
        <extensions>
          <gpxtpx:TrackPointExtension>
            <gpxtpx:hr>156</gpxtpx:hr>
          </gpxtpx:TrackPointExtension>
        </extensions>
      </trkpt>
      <trkpt lat="40.642984" lon="-0.187653">
        <ele>863.6</ele>
        <time>2014-04-15T00:12:59Z</time>
        <sat>8</sat>
      </trkpt>
      <trkpt lat="40.642909" lon="-0.187606">
        <ele>865.2</ele>
        <time>2014-04-15T00:13:03Z</time>
        <sat>8</sat>
      </trkpt>
      <trkpt lat="40.642824" lon="-0.187598">
        <ele>866.7</ele>
        <time>2014-04-15T00:13:08Z</time>
        <sat>8</sat>
      </trkpt>
      <trkpt lat="40.642745" lon="-0.187555">
        <ele>869.3</ele>
        <time>2014-04-15T00:13:12Z</time>
        <sat>8</sat>
        <extensions>
          <gpxtpx:TrackPointExtension>
            <gpxtpx:hr>156</gpxtpx:hr>
          </gpxtpx:TrackPointExtension>
        </extensions>
      </trkpt>
      <trkpt lat="40.642740" lon="-0.187552">
        <ele>869.5</ele>
        <time>2014-04-15T00:13:12Z</time>
        <sat>8</sat>
        <extensions>
          <gpxtpx:TrackPointExtension>
            <gpxtpx:hr>156</gpxtpx:hr>
          </gpxtpx:TrackPointExtension>
        </extensions>
      </trkpt>
      <trkpt lat="40.642572" lon="-0.187556">
        <ele>879.6</ele>
        <time>2014-04-15T00:13:21Z</time>
        <sat>8</sat>
        <extensions>
          <gpxtpx:TrackPointExtension>
            <gpxtpx:hr>160</gpxtpx:hr>
          </gpxtpx:TrackPointExtension>
        </extensions>
      </trkpt>
      <trkpt lat="40.642487" lon="-0.187584">
        <ele>885.0</ele>
        <time>2014-04-15T00:13:25Z</time>
        <sat>8</sat>
      </trkpt>
      <trkpt lat="40.642399" lon="-0.187591">
        <ele>887.6</ele>
        <time>2014-04-15T00:13:29Z</time>
        <sat>8</sat>
      </trkpt>
      <trkpt lat="40.642394" lon="-0.187591">
        <ele>887.6</ele>
        <time>2014-04-15T00:13:30Z</time>
        <sat>8</sat>
      </trkpt>
      <trkpt lat="40.642236" lon="-0.187519">
        <ele>894.4</ele>
        <time>2014-04-15T00:13:38Z</time>
        <sat>7</sat>
      </trkpt>
      <trkpt lat="40.642162" lon="-0.187451">
        <ele>899.0</ele>
        <time>2014-04-15T00:13:43Z</time>
        <sat>6</sat>
        <extensions>
          <gpxtpx:TrackPointExtension>
            <gpxtpx:hr>160</gpxtpx:hr>
          </gpxtpx:TrackPointExtension>
        </extensions>
      </trkpt>
      <trkpt lat="40.642090" lon="-0.187388">
        <ele>901.9</ele>
        <time>2014-04-15T00:13:47Z</time>
        <sat>6</sat>
        <extensions>
          <gpxtpx:TrackPointExtension>
            <gpxtpx:hr>163</gpxtpx:hr>
          </gpxtpx:TrackPointExtension>
        </extensions>
      </trkpt>
      <trkpt lat="40.642087" lon="-0.187381">
        <ele>902.3</ele>
        <time>2014-04-15T00:13:47Z</time>
        <sat>6</sat>
        <extensions>
          <gpxtpx:TrackPointExtension>
            <gpxtpx:hr>163</gpxtpx:hr>
          </gpxtpx:TrackPointExtension>
        </extensions>
      </trkpt>
      <trkpt lat="40.641972" lon="-0.187218">
        <ele>907.1</ele>
        <time>2014-04-15T00:13:56Z</time>
        <sat>7</sat>
      </trkpt>
      <trkpt lat="40.641899" lon="-0.187159">
        <ele>906.1</ele>
        <time>2014-04-15T00:14:00Z</time>
        <sat>7</sat>
        <extensions>
          <gpxtpx:TrackPointExtension>
            <gpxtpx:hr>159</gpxtpx:hr>
          </gpxtpx:TrackPointExtension>
        </extensions>
      </trkpt>
      <trkpt lat="40.641955" lon="-0.187071">
        <ele>912.9</ele>
        <time>2014-04-15T00:14:04Z</time>
        <sat>8</sat>
      </trkpt>
      <trkpt lat="40.641964" lon="-0.187073">
        <ele>913.3</ele>
        <time>2014-04-15T00:14:05Z</time>
        <sat>8</sat>
      </trkpt>
      <trkpt lat="40.642117" lon="-0.187127">
        <ele>913.6</ele>
        <time>2014-04-15T00:14:13Z</time>
        <sat>8</sat>
        <extensions>
          <gpxtpx:TrackPointExtension>
            <gpxtpx:hr>164</gpxtpx:hr>
          </gpxtpx:TrackPointExtension>
        </extensions>
      </trkpt>
      <trkpt lat="40.642122" lon="-0.187130">
        <ele>913.5</ele>
        <time>2014-04-15T00:14:13Z</time>
        <sat>8</sat>
        <extensions>
          <gpxtpx:TrackPointExtension>
            <gpxtpx:hr>164</gpxtpx:hr>
          </gpxtpx:TrackPointExtension>
        </extensions>
      </trkpt>
      <trkpt lat="40.642217" lon="-0.187121">
        <ele>911.6</ele>
        <time>2014-04-15T00:14:18Z</time>
        <sat>9</sat>
        <extensions>
          <gpxtpx:TrackPointExtension>
            <gpxtpx:hr>121</gpxtpx:hr>
          </gpxtpx:TrackPointExtension>
        </extensions>
      </trkpt>
      <trkpt lat="40.642334" lon="-0.187091">
        <ele>910.5</ele>
        <time>2014-04-15T00:14:24Z</time>
        <sat>9</sat>
        <extensions>
          <gpxtpx:TrackPointExtension>
            <gpxtpx:hr>124</gpxtpx:hr>
          </gpxtpx:TrackPointExtension>
        </extensions>
      </trkpt>
      <trkpt lat="40.642382" lon="-0.187001">
        <ele>908.6</ele>
        <time>2014-04-15T00:14:28Z</time>
        <sat>9</sat>
        <extensions>
          <gpxtpx:TrackPointExtension>
            <gpxtpx:hr>124</gpxtpx:hr>
          </gpxtpx:TrackPointExtension>
        </extensions>
      </trkpt>
      <trkpt lat="40.642379" lon="-0.186900">
        <ele>906.4</ele>
        <time>2014-04-15T00:14:32Z</time>
        <sat>7</sat>
        <extensions>
          <gpxtpx:TrackPointExtension>
            <gpxtpx:hr>130</gpxtpx:hr>
          </gpxtpx:TrackPointExtension>
        </extensions>
      </trkpt>
      <trkpt lat="40.642351" lon="-0.186821">
        <ele>907.3</ele>
        <time>2014-04-15T00:14:35Z</time>
        <sat>7</sat>
        <extensions>
          <gpxtpx:TrackPointExtension>
            <gpxtpx:hr>131</gpxtpx:hr>
          </gpxtpx:TrackPointExtension>
        </extensions>
      </trkpt>
      <trkpt lat="40.642324" lon="-0.186728">
        <ele>907.0</ele>
        <time>2014-04-15T00:14:39Z</time>
        <sat>7</sat>
        <extensions>
          <gpxtpx:TrackPointExtension>
            <gpxtpx:hr>129</gpxtpx:hr>
          </gpxtpx:TrackPointExtension>
        </extensions>
      </trkpt>
      <trkpt lat="40.642297" lon="-0.186631">
        <ele>908.0</ele>
        <time>2014-04-15T00:14:43Z</time>
        <sat>7</sat>
        <extensions>
          <gpxtpx:TrackPointExtension>
            <gpxtpx:hr>128</gpxtpx:hr>
          </gpxtpx:TrackPointExtension>
        </extensions>
      </trkpt>
      <trkpt lat="40.642271" lon="-0.186526">
        <ele>909.0</ele>
        <time>2014-04-15T00:14:47Z</time>
        <sat>6</sat>
        <extensions>
          <gpxtpx:TrackPointExtension>
            <gpxtpx:hr>129</gpxtpx:hr>
          </gpxtpx:TrackPointExtension>
        </extensions>
      </trkpt>
      <trkpt lat="40.642277" lon="-0.186436">
        <ele>910.0</ele>
        <time>2014-04-15T00:14:50Z</time>
        <sat>6</sat>
        <extensions>
          <gpxtpx:TrackPointExtension>
            <gpxtpx:hr>132</gpxtpx:hr>
          </gpxtpx:TrackPointExtension>
        </extensions>
      </trkpt>
      <trkpt lat="40.642276" lon="-0.186336">
        <ele>910.0</ele>
        <time>2014-04-15T00:14:54Z</time>
        <sat>6</sat>
        <extensions>
          <gpxtpx:TrackPointExtension>
            <gpxtpx:hr>136</gpxtpx:hr>
          </gpxtpx:TrackPointExtension>
        </extensions>
      </trkpt>
      <trkpt lat="40.642300" lon="-0.186249">
        <ele>913.0</ele>
        <time>2014-04-15T00:14:58Z</time>
        <sat>6</sat>
        <extensions>
          <gpxtpx:TrackPointExtension>
            <gpxtpx:hr>142</gpxtpx:hr>
          </gpxtpx:TrackPointExtension>
        </extensions>
      </trkpt>
      <trkpt lat="40.642320" lon="-0.186143">
        <ele>915.0</ele>
        <time>2014-04-15T00:15:02Z</time>
        <sat>7</sat>
        <extensions>
          <gpxtpx:TrackPointExtension>
            <gpxtpx:hr>143</gpxtpx:hr>
          </gpxtpx:TrackPointExtension>
        </extensions>
      </trkpt>
      <trkpt lat="40.642336" lon="-0.186029">
        <ele>915.9</ele>
        <time>2014-04-15T00:15:06Z</time>
        <sat>7</sat>
        <extensions>
          <gpxtpx:TrackPointExtension>
            <gpxtpx:hr>146</gpxtpx:hr>
          </gpxtpx:TrackPointExtension>
        </extensions>
      </trkpt>
      <trkpt lat="40.642322" lon="-0.185929">
        <ele>913.1</ele>
        <time>2014-04-15T00:15:10Z</time>
        <sat>8</sat>
        <extensions>
          <gpxtpx:TrackPointExtension>
            <gpxtpx:hr>150</gpxtpx:hr>
          </gpxtpx:TrackPointExtension>
        </extensions>
      </trkpt>
      <trkpt lat="40.642314" lon="-0.185819">
        <ele>914.6</ele>
        <time>2014-04-15T00:15:14Z</time>
        <sat>8</sat>
        <extensions>
          <gpxtpx:TrackPointExtension>
            <gpxtpx:hr>154</gpxtpx:hr>
          </gpxtpx:TrackPointExtension>
        </extensions>
      </trkpt>
      <trkpt lat="40.642295" lon="-0.185709">
        <ele>916.5</ele>
        <time>2014-04-15T00:15:18Z</time>
        <sat>8</sat>
        <extensions>
          <gpxtpx:TrackPointExtension>
            <gpxtpx:hr>158</gpxtpx:hr>
          </gpxtpx:TrackPointExtension>
        </extensions>
      </trkpt>
      <trkpt lat="40.642290" lon="-0.185691">
        <ele>916.8</ele>
        <time>2014-04-15T00:15:19Z</time>
        <sat>8</sat>
        <extensions>
          <gpxtpx:TrackPointExtension>
            <gpxtpx:hr>157</gpxtpx:hr>
          </gpxtpx:TrackPointExtension>
        </extensions>
      </trkpt>
      <trkpt lat="40.642227" lon="-0.185524">
        <ele>920.8</ele>
        <time>2014-04-15T00:15:26Z</time>
        <sat>8</sat>
        <extensions>
          <gpxtpx:TrackPointExtension>
            <gpxtpx:hr>157</gpxtpx:hr>
          </gpxtpx:TrackPointExtension>
        </extensions>
      </trkpt>
      <trkpt lat="40.642177" lon="-0.185426">
        <ele>919.4</ele>
        <time>2014-04-15T00:15:31Z</time>
        <sat>8</sat>
        <extensions>
          <gpxtpx:TrackPointExtension>
            <gpxtpx:hr>160</gpxtpx:hr>
          </gpxtpx:TrackPointExtension>
        </extensions>
      </trkpt>
      <trkpt lat="40.642136" lon="-0.185327">
        <ele>914.8</ele>
        <time>2014-04-15T00:15:35Z</time>
        <sat>8</sat>
        <extensions>
          <gpxtpx:TrackPointExtension>
            <gpxtpx:hr>167</gpxtpx:hr>
          </gpxtpx:TrackPointExtension>
        </extensions>
      </trkpt>
      <trkpt lat="40.642090" lon="-0.185234">
        <ele>912.1</ele>
        <time>2014-04-15T00:15:39Z</time>
        <sat>8</sat>
        <extensions>
          <gpxtpx:TrackPointExtension>
            <gpxtpx:hr>166</gpxtpx:hr>
          </gpxtpx:TrackPointExtension>
        </extensions>
      </trkpt>
      <trkpt lat="40.642041" lon="-0.185149">
        <ele>914.0</ele>
        <time>2014-04-15T00:15:43Z</time>
        <sat>8</sat>
        <extensions>
          <gpxtpx:TrackPointExtension>
            <gpxtpx:hr>165</gpxtpx:hr>
          </gpxtpx:TrackPointExtension>
        </extensions>
      </trkpt>
      <trkpt lat="40.641995" lon="-0.185066">
        <ele>917.0</ele>
        <time>2014-04-15T00:15:47Z</time>
        <sat>8</sat>
        <extensions>
          <gpxtpx:TrackPointExtension>
            <gpxtpx:hr>163</gpxtpx:hr>
          </gpxtpx:TrackPointExtension>
        </extensions>
      </trkpt>
      <trkpt lat="40.641965" lon="-0.184958">
        <ele>918.1</ele>
        <time>2014-04-15T00:15:52Z</time>
        <sat>7</sat>
        <extensions>
          <gpxtpx:TrackPointExtension>
            <gpxtpx:hr>163</gpxtpx:hr>
          </gpxtpx:TrackPointExtension>
        </extensions>
      </trkpt>
      <trkpt lat="40.641924" lon="-0.184871">
        <ele>920.7</ele>
        <time>2014-04-15T00:15:56Z</time>
        <sat>8</sat>
        <extensions>
          <gpxtpx:TrackPointExtension>
            <gpxtpx:hr>162</gpxtpx:hr>
          </gpxtpx:TrackPointExtension>
        </extensions>
      </trkpt>
      <trkpt lat="40.641916" lon="-0.184856">
        <ele>921.0</ele>
        <time>2014-04-15T00:15:56Z</time>
        <sat>8</sat>
        <extensions>
          <gpxtpx:TrackPointExtension>
            <gpxtpx:hr>162</gpxtpx:hr>
          </gpxtpx:TrackPointExtension>
        </extensions>
      </trkpt>
      <trkpt lat="40.641814" lon="-0.184704">
        <ele>923.9</ele>
        <time>2014-04-15T00:16:04Z</time>
        <sat>7</sat>
        <extensions>
          <gpxtpx:TrackPointExtension>
            <gpxtpx:hr>141</gpxtpx:hr>
          </gpxtpx:TrackPointExtension>
        </extensions>
      </trkpt>
      <trkpt lat="40.641811" lon="-0.184696">
        <ele>923.8</ele>
        <time>2014-04-15T00:16:04Z</time>
        <sat>7</sat>
        <extensions>
          <gpxtpx:TrackPointExtension>
            <gpxtpx:hr>141</gpxtpx:hr>
          </gpxtpx:TrackPointExtension>
        </extensions>
      </trkpt>
      <trkpt lat="40.641682" lon="-0.184564">
        <ele>924.4</ele>
        <time>2014-04-15T00:16:12Z</time>
        <sat>8</sat>
        <extensions>
          <gpxtpx:TrackPointExtension>
            <gpxtpx:hr>153</gpxtpx:hr>
          </gpxtpx:TrackPointExtension>
        </extensions>
      </trkpt>
      <trkpt lat="40.641604" lon="-0.184516">
        <ele>926.4</ele>
        <time>2014-04-15T00:16:17Z</time>
        <sat>7</sat>
        <extensions>
          <gpxtpx:TrackPointExtension>
            <gpxtpx:hr>152</gpxtpx:hr>
          </gpxtpx:TrackPointExtension>
        </extensions>
      </trkpt>
      <trkpt lat="40.641544" lon="-0.184429">
        <ele>925.1</ele>
        <time>2014-04-15T00:16:21Z</time>
        <sat>6</sat>
        <extensions>
          <gpxtpx:TrackPointExtension>
            <gpxtpx:hr>150</gpxtpx:hr>
          </gpxtpx:TrackPointExtension>
        </extensions>
      </trkpt>
      <trkpt lat="40.641490" lon="-0.184361">
        <ele>924.6</ele>
        <time>2014-04-15T00:16:25Z</time>
        <sat>7</sat>
        <extensions>
          <gpxtpx:TrackPointExtension>
            <gpxtpx:hr>149</gpxtpx:hr>
          </gpxtpx:TrackPointExtension>
        </extensions>
      </trkpt>
      <trkpt lat="40.641422" lon="-0.184291">
        <ele>925.6</ele>
        <time>2014-04-15T00:16:29Z</time>
        <sat>7</sat>
      </trkpt>
      <trkpt lat="40.641407" lon="-0.184272">
        <ele>925.7</ele>
        <time>2014-04-15T00:16:30Z</time>
        <sat>7</sat>
        <extensions>
          <gpxtpx:TrackPointExtension>
            <gpxtpx:hr>149</gpxtpx:hr>
          </gpxtpx:TrackPointExtension>
        </extensions>
      </trkpt>
      <trkpt lat="40.641294" lon="-0.184146">
        <ele>926.0</ele>
        <time>2014-04-15T00:16:38Z</time>
        <sat>7</sat>
        <extensions>
          <gpxtpx:TrackPointExtension>
            <gpxtpx:hr>148</gpxtpx:hr>
          </gpxtpx:TrackPointExtension>
        </extensions>
      </trkpt>
      <trkpt lat="40.641222" lon="-0.184082">
        <ele>923.6</ele>
        <time>2014-04-15T00:16:42Z</time>
        <sat>8</sat>
        <extensions>
          <gpxtpx:TrackPointExtension>
            <gpxtpx:hr>147</gpxtpx:hr>
          </gpxtpx:TrackPointExtension>
        </extensions>
      </trkpt>
      <trkpt lat="40.641144" lon="-0.184027">
        <ele>921.5</ele>
        <time>2014-04-15T00:16:46Z</time>
        <sat>8</sat>
        <extensions>
          <gpxtpx:TrackPointExtension>
            <gpxtpx:hr>147</gpxtpx:hr>
          </gpxtpx:TrackPointExtension>
        </extensions>
      </trkpt>
      <trkpt lat="40.641059" lon="-0.184005">
        <ele>922.3</ele>
        <time>2014-04-15T00:16:51Z</time>
        <sat>7</sat>
        <extensions>
          <gpxtpx:TrackPointExtension>
            <gpxtpx:hr>151</gpxtpx:hr>
          </gpxtpx:TrackPointExtension>
        </extensions>
      </trkpt>
      <trkpt lat="40.640994" lon="-0.183954">
        <ele>919.9</ele>
        <time>2014-04-15T00:16:55Z</time>
        <sat>7</sat>
        <extensions>
          <gpxtpx:TrackPointExtension>
            <gpxtpx:hr>155</gpxtpx:hr>
          </gpxtpx:TrackPointExtension>
        </extensions>
      </trkpt>
      <trkpt lat="40.640934" lon="-0.183874">
        <ele>917.1</ele>
        <time>2014-04-15T00:16:59Z</time>
        <sat>6</sat>
        <extensions>
          <gpxtpx:TrackPointExtension>
            <gpxtpx:hr>160</gpxtpx:hr>
          </gpxtpx:TrackPointExtension>
        </extensions>
      </trkpt>
      <trkpt lat="40.640859" lon="-0.183822">
        <ele>920.0</ele>
        <time>2014-04-15T00:17:03Z</time>
        <sat>7</sat>
        <extensions>
          <gpxtpx:TrackPointExtension>
            <gpxtpx:hr>164</gpxtpx:hr>
          </gpxtpx:TrackPointExtension>
        </extensions>
      </trkpt>
      <trkpt lat="40.640774" lon="-0.183813">
        <ele>924.3</ele>
        <time>2014-04-15T00:17:07Z</time>
        <sat>5</sat>
      </trkpt>
      <trkpt lat="40.640706" lon="-0.183767">
        <ele>925.1</ele>
        <time>2014-04-15T00:17:11Z</time>
        <sat>5</sat>
        <extensions>
          <gpxtpx:TrackPointExtension>
            <gpxtpx:hr>164</gpxtpx:hr>
          </gpxtpx:TrackPointExtension>
        </extensions>
      </trkpt>
      <trkpt lat="40.640645" lon="-0.183691">
        <ele>924.8</ele>
        <time>2014-04-15T00:17:15Z</time>
        <sat>5</sat>
        <extensions>
          <gpxtpx:TrackPointExtension>
            <gpxtpx:hr>162</gpxtpx:hr>
          </gpxtpx:TrackPointExtension>
        </extensions>
      </trkpt>
      <trkpt lat="40.640595" lon="-0.183617">
        <ele>924.0</ele>
        <time>2014-04-15T00:17:19Z</time>
        <sat>6</sat>
        <extensions>
          <gpxtpx:TrackPointExtension>
            <gpxtpx:hr>162</gpxtpx:hr>
          </gpxtpx:TrackPointExtension>
        </extensions>
      </trkpt>
      <trkpt lat="40.640535" lon="-0.183549">
        <ele>924.1</ele>
        <time>2014-04-15T00:17:23Z</time>
        <sat>6</sat>
        <extensions>
          <gpxtpx:TrackPointExtension>
            <gpxtpx:hr>163</gpxtpx:hr>
          </gpxtpx:TrackPointExtension>
        </extensions>
      </trkpt>
      <trkpt lat="40.640525" lon="-0.183537">
        <ele>924.1</ele>
        <time>2014-04-15T00:17:24Z</time>
        <sat>6</sat>
        <extensions>
          <gpxtpx:TrackPointExtension>
            <gpxtpx:hr>163</gpxtpx:hr>
          </gpxtpx:TrackPointExtension>
        </extensions>
      </trkpt>
      <trkpt lat="40.640402" lon="-0.183416">
        <ele>927.1</ele>
        <time>2014-04-15T00:17:31Z</time>
        <sat>7</sat>
        <extensions>
          <gpxtpx:TrackPointExtension>
            <gpxtpx:hr>163</gpxtpx:hr>
          </gpxtpx:TrackPointExtension>
        </extensions>
      </trkpt>
      <trkpt lat="40.640342" lon="-0.183334">
        <ele>925.8</ele>
        <time>2014-04-15T00:17:36Z</time>
        <sat>7</sat>
        <extensions>
          <gpxtpx:TrackPointExtension>
            <gpxtpx:hr>164</gpxtpx:hr>
          </gpxtpx:TrackPointExtension>
        </extensions>
      </trkpt>
      <trkpt lat="40.640275" lon="-0.183266">
        <ele>926.4</ele>
        <time>2014-04-15T00:17:40Z</time>
        <sat>7</sat>
        <extensions>
          <gpxtpx:TrackPointExtension>
            <gpxtpx:hr>163</gpxtpx:hr>
          </gpxtpx:TrackPointExtension>
        </extensions>
      </trkpt>
      <trkpt lat="40.640221" lon="-0.183196">
        <ele>927.1</ele>
        <time>2014-04-15T00:17:44Z</time>
        <sat>7</sat>
        <extensions>
          <gpxtpx:TrackPointExtension>
            <gpxtpx:hr>162</gpxtpx:hr>
          </gpxtpx:TrackPointExtension>
        </extensions>
      </trkpt>
      <trkpt lat="40.640149" lon="-0.183134">
        <ele>928.6</ele>
        <time>2014-04-15T00:17:48Z</time>
        <sat>7</sat>
        <extensions>
          <gpxtpx:TrackPointExtension>
            <gpxtpx:hr>159</gpxtpx:hr>
          </gpxtpx:TrackPointExtension>
        </extensions>
      </trkpt>
      <trkpt lat="40.640077" lon="-0.183074">
        <ele>930.3</ele>
        <time>2014-04-15T00:17:52Z</time>
        <sat>7</sat>
        <extensions>
          <gpxtpx:TrackPointExtension>
            <gpxtpx:hr>159</gpxtpx:hr>
          </gpxtpx:TrackPointExtension>
        </extensions>
      </trkpt>
      <trkpt lat="40.640024" lon="-0.182983">
        <ele>930.5</ele>
        <time>2014-04-15T00:17:57Z</time>
        <sat>7</sat>
        <extensions>
          <gpxtpx:TrackPointExtension>
            <gpxtpx:hr>159</gpxtpx:hr>
          </gpxtpx:TrackPointExtension>
        </extensions>
      </trkpt>
      <trkpt lat="40.639959" lon="-0.182918">
        <ele>932.1</ele>
        <time>2014-04-15T00:18:01Z</time>
        <sat>8</sat>
        <extensions>
          <gpxtpx:TrackPointExtension>
            <gpxtpx:hr>159</gpxtpx:hr>
          </gpxtpx:TrackPointExtension>
        </extensions>
      </trkpt>
      <trkpt lat="40.639897" lon="-0.182857">
        <ele>933.8</ele>
        <time>2014-04-15T00:18:05Z</time>
        <sat>8</sat>
        <extensions>
          <gpxtpx:TrackPointExtension>
            <gpxtpx:hr>159</gpxtpx:hr>
          </gpxtpx:TrackPointExtension>
        </extensions>
      </trkpt>
      <trkpt lat="40.639839" lon="-0.182784">
        <ele>933.8</ele>
        <time>2014-04-15T00:18:09Z</time>
        <sat>8</sat>
        <extensions>
          <gpxtpx:TrackPointExtension>
            <gpxtpx:hr>158</gpxtpx:hr>
          </gpxtpx:TrackPointExtension>
        </extensions>
      </trkpt>
      <trkpt lat="40.639827" lon="-0.182761">
        <ele>933.4</ele>
        <time>2014-04-15T00:18:10Z</time>
        <sat>8</sat>
        <extensions>
          <gpxtpx:TrackPointExtension>
            <gpxtpx:hr>158</gpxtpx:hr>
          </gpxtpx:TrackPointExtension>
        </extensions>
      </trkpt>
      <trkpt lat="40.639732" lon="-0.182622">
        <ele>934.0</ele>
        <time>2014-04-15T00:18:17Z</time>
        <sat>8</sat>
        <extensions>
          <gpxtpx:TrackPointExtension>
            <gpxtpx:hr>156</gpxtpx:hr>
          </gpxtpx:TrackPointExtension>
        </extensions>
      </trkpt>
      <trkpt lat="40.639677" lon="-0.182532">
        <ele>935.9</ele>
        <time>2014-04-15T00:18:21Z</time>
        <sat>8</sat>
        <extensions>
          <gpxtpx:TrackPointExtension>
            <gpxtpx:hr>156</gpxtpx:hr>
          </gpxtpx:TrackPointExtension>
        </extensions>
      </trkpt>
      <trkpt lat="40.639632" lon="-0.182443">
        <ele>935.5</ele>
        <time>2014-04-15T00:18:25Z</time>
        <sat>8</sat>
        <extensions>
          <gpxtpx:TrackPointExtension>
            <gpxtpx:hr>156</gpxtpx:hr>
          </gpxtpx:TrackPointExtension>
        </extensions>
      </trkpt>
      <trkpt lat="40.639569" lon="-0.182364">
        <ele>935.1</ele>
        <time>2014-04-15T00:18:30Z</time>
        <sat>8</sat>
        <extensions>
          <gpxtpx:TrackPointExtension>
            <gpxtpx:hr>156</gpxtpx:hr>
          </gpxtpx:TrackPointExtension>
        </extensions>
      </trkpt>
      <trkpt lat="40.639520" lon="-0.182284">
        <ele>934.2</ele>
        <time>2014-04-15T00:18:34Z</time>
        <sat>8</sat>
        <extensions>
          <gpxtpx:TrackPointExtension>
            <gpxtpx:hr>158</gpxtpx:hr>
          </gpxtpx:TrackPointExtension>
        </extensions>
      </trkpt>
      <trkpt lat="40.639452" lon="-0.182211">
        <ele>934.4</ele>
        <time>2014-04-15T00:18:38Z</time>
        <sat>8</sat>
        <extensions>
          <gpxtpx:TrackPointExtension>
            <gpxtpx:hr>160</gpxtpx:hr>
          </gpxtpx:TrackPointExtension>
        </extensions>
      </trkpt>
      <trkpt lat="40.639382" lon="-0.182146">
        <ele>935.9</ele>
        <time>2014-04-15T00:18:42Z</time>
        <sat>8</sat>
        <extensions>
          <gpxtpx:TrackPointExtension>
            <gpxtpx:hr>162</gpxtpx:hr>
          </gpxtpx:TrackPointExtension>
        </extensions>
      </trkpt>
      <trkpt lat="40.639297" lon="-0.182121">
        <ele>939.8</ele>
        <time>2014-04-15T00:18:47Z</time>
        <sat>8</sat>
        <extensions>
          <gpxtpx:TrackPointExtension>
            <gpxtpx:hr>165</gpxtpx:hr>
          </gpxtpx:TrackPointExtension>
        </extensions>
      </trkpt>
      <trkpt lat="40.639229" lon="-0.182068">
        <ele>941.1</ele>
        <time>2014-04-15T00:18:51Z</time>
        <sat>7</sat>
        <extensions>
          <gpxtpx:TrackPointExtension>
            <gpxtpx:hr>166</gpxtpx:hr>
          </gpxtpx:TrackPointExtension>
        </extensions>
      </trkpt>
      <trkpt lat="40.639211" lon="-0.182059">
        <ele>941.6</ele>
        <time>2014-04-15T00:18:52Z</time>
        <sat>7</sat>
        <extensions>
          <gpxtpx:TrackPointExtension>
            <gpxtpx:hr>165</gpxtpx:hr>
          </gpxtpx:TrackPointExtension>
        </extensions>
      </trkpt>
      <trkpt lat="40.639096" lon="-0.181954">
        <ele>942.4</ele>
        <time>2014-04-15T00:18:59Z</time>
        <sat>7</sat>
        <extensions>
          <gpxtpx:TrackPointExtension>
            <gpxtpx:hr>165</gpxtpx:hr>
          </gpxtpx:TrackPointExtension>
        </extensions>
      </trkpt>
      <trkpt lat="40.639040" lon="-0.181889">
        <ele>942.6</ele>
        <time>2014-04-15T00:19:02Z</time>
        <sat>7</sat>
        <extensions>
          <gpxtpx:TrackPointExtension>
            <gpxtpx:hr>164</gpxtpx:hr>
          </gpxtpx:TrackPointExtension>
        </extensions>
      </trkpt>
      <trkpt lat="40.638986" lon="-0.181796">
        <ele>942.0</ele>
        <time>2014-04-15T00:19:07Z</time>
        <sat>7</sat>
        <extensions>
          <gpxtpx:TrackPointExtension>
            <gpxtpx:hr>149</gpxtpx:hr>
          </gpxtpx:TrackPointExtension>
        </extensions>
      </trkpt>
      <trkpt lat="40.638986" lon="-0.181794">
        <ele>941.9</ele>
        <time>2014-04-15T00:19:07Z</time>
        <sat>7</sat>
        <extensions>
          <gpxtpx:TrackPointExtension>
            <gpxtpx:hr>149</gpxtpx:hr>
          </gpxtpx:TrackPointExtension>
        </extensions>
      </trkpt>
      <trkpt lat="40.638852" lon="-0.181670">
        <ele>939.6</ele>
        <time>2014-04-15T00:19:15Z</time>
        <sat>7</sat>
        <extensions>
          <gpxtpx:TrackPointExtension>
            <gpxtpx:hr>136</gpxtpx:hr>
          </gpxtpx:TrackPointExtension>
        </extensions>
      </trkpt>
      <trkpt lat="40.638786" lon="-0.181597">
        <ele>934.1</ele>
        <time>2014-04-15T00:19:19Z</time>
        <sat>7</sat>
        <extensions>
          <gpxtpx:TrackPointExtension>
            <gpxtpx:hr>137</gpxtpx:hr>
          </gpxtpx:TrackPointExtension>
        </extensions>
      </trkpt>
      <trkpt lat="40.638712" lon="-0.181538">
        <ele>934.8</ele>
        <time>2014-04-15T00:19:24Z</time>
        <sat>7</sat>
        <extensions>
          <gpxtpx:TrackPointExtension>
            <gpxtpx:hr>139</gpxtpx:hr>
          </gpxtpx:TrackPointExtension>
        </extensions>
      </trkpt>
      <trkpt lat="40.638644" lon="-0.181464">
        <ele>937.3</ele>
        <time>2014-04-15T00:19:28Z</time>
        <sat>7</sat>
        <extensions>
          <gpxtpx:TrackPointExtension>
            <gpxtpx:hr>141</gpxtpx:hr>
          </gpxtpx:TrackPointExtension>
        </extensions>
      </trkpt>
      <trkpt lat="40.638584" lon="-0.181386">
        <ele>938.4</ele>
        <time>2014-04-15T00:19:32Z</time>
        <sat>7</sat>
        <extensions>
          <gpxtpx:TrackPointExtension>
            <gpxtpx:hr>145</gpxtpx:hr>
          </gpxtpx:TrackPointExtension>
        </extensions>
      </trkpt>
      <trkpt lat="40.638529" lon="-0.181330">
        <ele>939.1</ele>
        <time>2014-04-15T00:19:36Z</time>
        <sat>7</sat>
        <extensions>
          <gpxtpx:TrackPointExtension>
            <gpxtpx:hr>146</gpxtpx:hr>
          </gpxtpx:TrackPointExtension>
        </extensions>
      </trkpt>
      <trkpt lat="40.638469" lon="-0.181246">
        <ele>938.5</ele>
        <time>2014-04-15T00:19:40Z</time>
        <sat>7</sat>
        <extensions>
          <gpxtpx:TrackPointExtension>
            <gpxtpx:hr>145</gpxtpx:hr>
          </gpxtpx:TrackPointExtension>
        </extensions>
      </trkpt>
      <trkpt lat="40.638410" lon="-0.181176">
        <ele>937.7</ele>
        <time>2014-04-15T00:19:44Z</time>
        <sat>7</sat>
        <extensions>
          <gpxtpx:TrackPointExtension>
            <gpxtpx:hr>146</gpxtpx:hr>
          </gpxtpx:TrackPointExtension>
        </extensions>
      </trkpt>
      <trkpt lat="40.638332" lon="-0.181127">
        <ele>939.2</ele>
        <time>2014-04-15T00:19:48Z</time>
        <sat>8</sat>
        <extensions>
          <gpxtpx:TrackPointExtension>
            <gpxtpx:hr>149</gpxtpx:hr>
          </gpxtpx:TrackPointExtension>
        </extensions>
      </trkpt>
      <trkpt lat="40.638264" lon="-0.181063">
        <ele>941.4</ele>
        <time>2014-04-15T00:19:53Z</time>
        <sat>8</sat>
        <extensions>
          <gpxtpx:TrackPointExtension>
            <gpxtpx:hr>154</gpxtpx:hr>
          </gpxtpx:TrackPointExtension>
        </extensions>
      </trkpt>
      <trkpt lat="40.638251" lon="-0.181051">
        <ele>941.8</ele>
        <time>2014-04-15T00:19:53Z</time>
        <sat>7</sat>
        <extensions>
          <gpxtpx:TrackPointExtension>
            <gpxtpx:hr>154</gpxtpx:hr>
          </gpxtpx:TrackPointExtension>
        </extensions>
      </trkpt>
      <trkpt lat="40.638139" lon="-0.180904">
        <ele>942.8</ele>
        <time>2014-04-15T00:20:01Z</time>
        <sat>7</sat>
        <extensions>
          <gpxtpx:TrackPointExtension>
            <gpxtpx:hr>165</gpxtpx:hr>
          </gpxtpx:TrackPointExtension>
        </extensions>
      </trkpt>
      <trkpt lat="40.638101" lon="-0.180797">
        <ele>939.9</ele>
        <time>2014-04-15T00:20:06Z</time>
        <sat>8</sat>
        <extensions>
          <gpxtpx:TrackPointExtension>
            <gpxtpx:hr>135</gpxtpx:hr>
          </gpxtpx:TrackPointExtension>
        </extensions>
      </trkpt>
      <trkpt lat="40.638086" lon="-0.180789">
        <ele>940.2</ele>
        <time>2014-04-15T00:20:07Z</time>
        <sat>8</sat>
        <extensions>
          <gpxtpx:TrackPointExtension>
            <gpxtpx:hr>135</gpxtpx:hr>
          </gpxtpx:TrackPointExtension>
        </extensions>
      </trkpt>
      <trkpt lat="40.637977" lon="-0.180693">
        <ele>940.9</ele>
        <time>2014-04-15T00:20:13Z</time>
        <sat>7</sat>
        <extensions>
          <gpxtpx:TrackPointExtension>
            <gpxtpx:hr>136</gpxtpx:hr>
          </gpxtpx:TrackPointExtension>
        </extensions>
      </trkpt>
      <trkpt lat="40.637922" lon="-0.180601">
        <ele>944.6</ele>
        <time>2014-04-15T00:20:18Z</time>
        <sat>8</sat>
        <extensions>
          <gpxtpx:TrackPointExtension>
            <gpxtpx:hr>145</gpxtpx:hr>
          </gpxtpx:TrackPointExtension>
        </extensions>
      </trkpt>
      <trkpt lat="40.637879" lon="-0.180499">
        <ele>946.8</ele>
        <time>2014-04-15T00:20:22Z</time>
        <sat>8</sat>
        <extensions>
          <gpxtpx:TrackPointExtension>
            <gpxtpx:hr>157</gpxtpx:hr>
          </gpxtpx:TrackPointExtension>
        </extensions>
      </trkpt>
      <trkpt lat="40.637857" lon="-0.180392">
        <ele>946.5</ele>
        <time>2014-04-15T00:20:26Z</time>
        <sat>8</sat>
        <extensions>
          <gpxtpx:TrackPointExtension>
            <gpxtpx:hr>162</gpxtpx:hr>
          </gpxtpx:TrackPointExtension>
        </extensions>
      </trkpt>
      <trkpt lat="40.637870" lon="-0.180310">
        <ele>944.6</ele>
        <time>2014-04-15T00:20:29Z</time>
        <sat>8</sat>
        <extensions>
          <gpxtpx:TrackPointExtension>
            <gpxtpx:hr>164</gpxtpx:hr>
          </gpxtpx:TrackPointExtension>
        </extensions>
      </trkpt>
      <trkpt lat="40.637854" lon="-0.180213">
        <ele>944.4</ele>
        <time>2014-04-15T00:20:33Z</time>
        <sat>8</sat>
        <extensions>
          <gpxtpx:TrackPointExtension>
            <gpxtpx:hr>165</gpxtpx:hr>
          </gpxtpx:TrackPointExtension>
        </extensions>
      </trkpt>
      <trkpt lat="40.637817" lon="-0.180122">
        <ele>944.0</ele>
        <time>2014-04-15T00:20:37Z</time>
        <sat>8</sat>
        <extensions>
          <gpxtpx:TrackPointExtension>
            <gpxtpx:hr>167</gpxtpx:hr>
          </gpxtpx:TrackPointExtension>
        </extensions>
      </trkpt>
      <trkpt lat="40.637739" lon="-0.180067">
        <ele>946.1</ele>
        <time>2014-04-15T00:20:41Z</time>
        <sat>8</sat>
        <extensions>
          <gpxtpx:TrackPointExtension>
            <gpxtpx:hr>166</gpxtpx:hr>
          </gpxtpx:TrackPointExtension>
        </extensions>
      </trkpt>
      <trkpt lat="40.637666" lon="-0.180000">
        <ele>947.4</ele>
        <time>2014-04-15T00:20:46Z</time>
        <sat>5</sat>
        <extensions>
          <gpxtpx:TrackPointExtension>
            <gpxtpx:hr>162</gpxtpx:hr>
          </gpxtpx:TrackPointExtension>
        </extensions>
      </trkpt>
      <trkpt lat="40.637605" lon="-0.179939">
        <ele>947.3</ele>
        <time>2014-04-15T00:20:50Z</time>
        <sat>8</sat>
        <extensions>
          <gpxtpx:TrackPointExtension>
            <gpxtpx:hr>158</gpxtpx:hr>
          </gpxtpx:TrackPointExtension>
        </extensions>
      </trkpt>
      <trkpt lat="40.637592" lon="-0.179929">
        <ele>947.4</ele>
        <time>2014-04-15T00:20:51Z</time>
        <sat>7</sat>
        <extensions>
          <gpxtpx:TrackPointExtension>
            <gpxtpx:hr>158</gpxtpx:hr>
          </gpxtpx:TrackPointExtension>
        </extensions>
      </trkpt>
      <trkpt lat="40.637471" lon="-0.179824">
        <ele>950.6</ele>
        <time>2014-04-15T00:20:58Z</time>
        <sat>8</sat>
        <extensions>
          <gpxtpx:TrackPointExtension>
            <gpxtpx:hr>158</gpxtpx:hr>
          </gpxtpx:TrackPointExtension>
        </extensions>
      </trkpt>
      <trkpt lat="40.637392" lon="-0.179789">
        <ele>953.5</ele>
        <time>2014-04-15T00:21:02Z</time>
        <sat>7</sat>
        <extensions>
          <gpxtpx:TrackPointExtension>
            <gpxtpx:hr>161</gpxtpx:hr>
          </gpxtpx:TrackPointExtension>
        </extensions>
      </trkpt>
      <trkpt lat="40.637331" lon="-0.179729">
        <ele>952.1</ele>
        <time>2014-04-15T00:21:06Z</time>
        <sat>7</sat>
        <extensions>
          <gpxtpx:TrackPointExtension>
            <gpxtpx:hr>166</gpxtpx:hr>
          </gpxtpx:TrackPointExtension>
        </extensions>
      </trkpt>
      <trkpt lat="40.637267" lon="-0.179677">
        <ele>954.1</ele>
        <time>2014-04-15T00:21:09Z</time>
        <sat>7</sat>
        <extensions>
          <gpxtpx:TrackPointExtension>
            <gpxtpx:hr>167</gpxtpx:hr>
          </gpxtpx:TrackPointExtension>
        </extensions>
      </trkpt>
      <trkpt lat="40.637201" lon="-0.179604">
        <ele>952.2</ele>
        <time>2014-04-15T00:21:14Z</time>
        <sat>7</sat>
        <extensions>
          <gpxtpx:TrackPointExtension>
            <gpxtpx:hr>167</gpxtpx:hr>
          </gpxtpx:TrackPointExtension>
        </extensions>
      </trkpt>
      <trkpt lat="40.637134" lon="-0.179528">
        <ele>952.5</ele>
        <time>2014-04-15T00:21:18Z</time>
        <sat>7</sat>
        <extensions>
          <gpxtpx:TrackPointExtension>
            <gpxtpx:hr>167</gpxtpx:hr>
          </gpxtpx:TrackPointExtension>
        </extensions>
      </trkpt>
      <trkpt lat="40.637079" lon="-0.179456">
        <ele>952.3</ele>
        <time>2014-04-15T00:21:22Z</time>
        <sat>7</sat>
        <extensions>
          <gpxtpx:TrackPointExtension>
            <gpxtpx:hr>167</gpxtpx:hr>
          </gpxtpx:TrackPointExtension>
        </extensions>
      </trkpt>
      <trkpt lat="40.637019" lon="-0.179376">
        <ele>951.9</ele>
        <time>2014-04-15T00:21:26Z</time>
        <sat>8</sat>
        <extensions>
          <gpxtpx:TrackPointExtension>
            <gpxtpx:hr>166</gpxtpx:hr>
          </gpxtpx:TrackPointExtension>
        </extensions>
      </trkpt>
      <trkpt lat="40.636952" lon="-0.179320">
        <ele>952.4</ele>
        <time>2014-04-15T00:21:30Z</time>
        <sat>8</sat>
        <extensions>
          <gpxtpx:TrackPointExtension>
            <gpxtpx:hr>168</gpxtpx:hr>
          </gpxtpx:TrackPointExtension>
        </extensions>
      </trkpt>
      <trkpt lat="40.636884" lon="-0.179249">
        <ele>954.7</ele>
        <time>2014-04-15T00:21:35Z</time>
        <sat>8</sat>
        <extensions>
          <gpxtpx:TrackPointExtension>
            <gpxtpx:hr>170</gpxtpx:hr>
          </gpxtpx:TrackPointExtension>
        </extensions>
      </trkpt>
      <trkpt lat="40.636817" lon="-0.179176">
        <ele>958.9</ele>
        <time>2014-04-15T00:21:39Z</time>
        <sat>8</sat>
        <extensions>
          <gpxtpx:TrackPointExtension>
            <gpxtpx:hr>173</gpxtpx:hr>
          </gpxtpx:TrackPointExtension>
        </extensions>
      </trkpt>
      <trkpt lat="40.636809" lon="-0.179172">
        <ele>959.4</ele>
        <time>2014-04-15T00:21:39Z</time>
        <sat>8</sat>
        <extensions>
          <gpxtpx:TrackPointExtension>
            <gpxtpx:hr>174</gpxtpx:hr>
          </gpxtpx:TrackPointExtension>
        </extensions>
      </trkpt>
      <trkpt lat="40.636717" lon="-0.178987">
        <ele>958.3</ele>
        <time>2014-04-15T00:21:48Z</time>
        <sat>8</sat>
        <extensions>
          <gpxtpx:TrackPointExtension>
            <gpxtpx:hr>170</gpxtpx:hr>
          </gpxtpx:TrackPointExtension>
        </extensions>
      </trkpt>
      <trkpt lat="40.636666" lon="-0.178896">
        <ele>958.8</ele>
        <time>2014-04-15T00:21:52Z</time>
        <sat>8</sat>
        <extensions>
          <gpxtpx:TrackPointExtension>
            <gpxtpx:hr>165</gpxtpx:hr>
          </gpxtpx:TrackPointExtension>
        </extensions>
      </trkpt>
      <trkpt lat="40.636614" lon="-0.178806">
        <ele>962.0</ele>
        <time>2014-04-15T00:21:56Z</time>
        <sat>8</sat>
        <extensions>
          <gpxtpx:TrackPointExtension>
            <gpxtpx:hr>157</gpxtpx:hr>
          </gpxtpx:TrackPointExtension>
        </extensions>
      </trkpt>
      <trkpt lat="40.636629" lon="-0.178691">
        <ele>960.2</ele>
        <time>2014-04-15T00:22:01Z</time>
        <sat>8</sat>
        <extensions>
          <gpxtpx:TrackPointExtension>
            <gpxtpx:hr>135</gpxtpx:hr>
          </gpxtpx:TrackPointExtension>
        </extensions>
      </trkpt>
      <trkpt lat="40.636631" lon="-0.178677">
        <ele>960.0</ele>
        <time>2014-04-15T00:22:01Z</time>
        <sat>8</sat>
        <extensions>
          <gpxtpx:TrackPointExtension>
            <gpxtpx:hr>135</gpxtpx:hr>
          </gpxtpx:TrackPointExtension>
        </extensions>
      </trkpt>
      <trkpt lat="40.636539" lon="-0.178506">
        <ele>961.0</ele>
        <time>2014-04-15T00:22:09Z</time>
        <sat>8</sat>
        <extensions>
          <gpxtpx:TrackPointExtension>
            <gpxtpx:hr>137</gpxtpx:hr>
          </gpxtpx:TrackPointExtension>
        </extensions>
      </trkpt>
      <trkpt lat="40.636492" lon="-0.178418">
        <ele>960.7</ele>
        <time>2014-04-15T00:22:13Z</time>
        <sat>8</sat>
        <extensions>
          <gpxtpx:TrackPointExtension>
            <gpxtpx:hr>149</gpxtpx:hr>
          </gpxtpx:TrackPointExtension>
        </extensions>
      </trkpt>
      <trkpt lat="40.636436" lon="-0.178341">
        <ele>960.1</ele>
        <time>2014-04-15T00:22:18Z</time>
        <sat>8</sat>
        <extensions>
          <gpxtpx:TrackPointExtension>
            <gpxtpx:hr>159</gpxtpx:hr>
          </gpxtpx:TrackPointExtension>
        </extensions>
      </trkpt>
      <trkpt lat="40.636370" lon="-0.178289">
        <ele>960.9</ele>
        <time>2014-04-15T00:22:21Z</time>
        <sat>8</sat>
        <extensions>
          <gpxtpx:TrackPointExtension>
            <gpxtpx:hr>161</gpxtpx:hr>
          </gpxtpx:TrackPointExtension>
        </extensions>
      </trkpt>
      <trkpt lat="40.636299" lon="-0.178226">
        <ele>962.4</ele>
        <time>2014-04-15T00:22:26Z</time>
        <sat>8</sat>
        <extensions>
          <gpxtpx:TrackPointExtension>
            <gpxtpx:hr>162</gpxtpx:hr>
          </gpxtpx:TrackPointExtension>
        </extensions>
      </trkpt>
      <trkpt lat="40.636254" lon="-0.178147">
        <ele>962.0</ele>
        <time>2014-04-15T00:22:29Z</time>
        <sat>8</sat>
        <extensions>
          <gpxtpx:TrackPointExtension>
            <gpxtpx:hr>165</gpxtpx:hr>
          </gpxtpx:TrackPointExtension>
        </extensions>
      </trkpt>
      <trkpt lat="40.636187" lon="-0.178073">
        <ele>962.6</ele>
        <time>2014-04-15T00:22:34Z</time>
        <sat>8</sat>
        <extensions>
          <gpxtpx:TrackPointExtension>
            <gpxtpx:hr>167</gpxtpx:hr>
          </gpxtpx:TrackPointExtension>
        </extensions>
      </trkpt>
      <trkpt lat="40.636170" lon="-0.178065">
        <ele>963.0</ele>
        <time>2014-04-15T00:22:35Z</time>
        <sat>8</sat>
      </trkpt>
      <trkpt lat="40.636054" lon="-0.177983">
        <ele>964.4</ele>
        <time>2014-04-15T00:22:41Z</time>
        <sat>7</sat>
        <extensions>
          <gpxtpx:TrackPointExtension>
            <gpxtpx:hr>168</gpxtpx:hr>
          </gpxtpx:TrackPointExtension>
        </extensions>
      </trkpt>
      <trkpt lat="40.635999" lon="-0.177894">
        <ele>964.4</ele>
        <time>2014-04-15T00:22:46Z</time>
        <sat>9</sat>
        <extensions>
          <gpxtpx:TrackPointExtension>
            <gpxtpx:hr>168</gpxtpx:hr>
          </gpxtpx:TrackPointExtension>
        </extensions>
      </trkpt>
      <trkpt lat="40.635922" lon="-0.177859">
        <ele>967.1</ele>
        <time>2014-04-15T00:22:50Z</time>
        <sat>9</sat>
        <extensions>
          <gpxtpx:TrackPointExtension>
            <gpxtpx:hr>168</gpxtpx:hr>
          </gpxtpx:TrackPointExtension>
        </extensions>
      </trkpt>
      <trkpt lat="40.635851" lon="-0.177812">
        <ele>968.0</ele>
        <time>2014-04-15T00:22:54Z</time>
        <sat>9</sat>
        <extensions>
          <gpxtpx:TrackPointExtension>
            <gpxtpx:hr>168</gpxtpx:hr>
          </gpxtpx:TrackPointExtension>
        </extensions>
      </trkpt>
      <trkpt lat="40.635782" lon="-0.177776">
        <ele>967.9</ele>
        <time>2014-04-15T00:22:57Z</time>
        <sat>9</sat>
        <extensions>
          <gpxtpx:TrackPointExtension>
            <gpxtpx:hr>168</gpxtpx:hr>
          </gpxtpx:TrackPointExtension>
        </extensions>
      </trkpt>
      <trkpt lat="40.635714" lon="-0.177734">
        <ele>967.8</ele>
        <time>2014-04-15T00:23:01Z</time>
        <sat>10</sat>
        <extensions>
          <gpxtpx:TrackPointExtension>
            <gpxtpx:hr>168</gpxtpx:hr>
          </gpxtpx:TrackPointExtension>
        </extensions>
      </trkpt>
      <trkpt lat="40.635636" lon="-0.177681">
        <ele>967.7</ele>
        <time>2014-04-15T00:23:06Z</time>
        <sat>9</sat>
        <extensions>
          <gpxtpx:TrackPointExtension>
            <gpxtpx:hr>168</gpxtpx:hr>
          </gpxtpx:TrackPointExtension>
        </extensions>
      </trkpt>
      <trkpt lat="40.635552" lon="-0.177691">
        <ele>968.7</ele>
        <time>2014-04-15T00:23:10Z</time>
        <sat>8</sat>
        <extensions>
          <gpxtpx:TrackPointExtension>
            <gpxtpx:hr>167</gpxtpx:hr>
          </gpxtpx:TrackPointExtension>
        </extensions>
      </trkpt>
      <trkpt lat="40.635500" lon="-0.177754">
        <ele>969.7</ele>
        <time>2014-04-15T00:23:13Z</time>
        <sat>8</sat>
        <extensions>
          <gpxtpx:TrackPointExtension>
            <gpxtpx:hr>167</gpxtpx:hr>
          </gpxtpx:TrackPointExtension>
        </extensions>
      </trkpt>
      <trkpt lat="40.635434" lon="-0.177819">
        <ele>970.1</ele>
        <time>2014-04-15T00:23:17Z</time>
        <sat>8</sat>
        <extensions>
          <gpxtpx:TrackPointExtension>
            <gpxtpx:hr>165</gpxtpx:hr>
          </gpxtpx:TrackPointExtension>
        </extensions>
      </trkpt>
      <trkpt lat="40.635346" lon="-0.177819">
        <ele>969.7</ele>
        <time>2014-04-15T00:23:22Z</time>
        <sat>8</sat>
        <extensions>
          <gpxtpx:TrackPointExtension>
            <gpxtpx:hr>164</gpxtpx:hr>
          </gpxtpx:TrackPointExtension>
        </extensions>
      </trkpt>
      <trkpt lat="40.635270" lon="-0.177777">
        <ele>970.2</ele>
        <time>2014-04-15T00:23:26Z</time>
        <sat>7</sat>
        <extensions>
          <gpxtpx:TrackPointExtension>
            <gpxtpx:hr>163</gpxtpx:hr>
          </gpxtpx:TrackPointExtension>
        </extensions>
      </trkpt>
      <trkpt lat="40.635254" lon="-0.177771">
        <ele>970.4</ele>
        <time>2014-04-15T00:23:27Z</time>
        <sat>7</sat>
        <extensions>
          <gpxtpx:TrackPointExtension>
            <gpxtpx:hr>162</gpxtpx:hr>
          </gpxtpx:TrackPointExtension>
        </extensions>
      </trkpt>
      <trkpt lat="40.635201" lon="-0.177611">
        <ele>971.4</ele>
        <time>2014-04-15T00:23:33Z</time>
        <sat>8</sat>
      </trkpt>
      <trkpt lat="40.635206" lon="-0.177508">
        <ele>971.8</ele>
        <time>2014-04-15T00:23:37Z</time>
        <sat>8</sat>
        <extensions>
          <gpxtpx:TrackPointExtension>
            <gpxtpx:hr>160</gpxtpx:hr>
          </gpxtpx:TrackPointExtension>
        </extensions>
      </trkpt>
      <trkpt lat="40.635209" lon="-0.177403">
        <ele>972.7</ele>
        <time>2014-04-15T00:23:41Z</time>
        <sat>8</sat>
        <extensions>
          <gpxtpx:TrackPointExtension>
            <gpxtpx:hr>160</gpxtpx:hr>
          </gpxtpx:TrackPointExtension>
        </extensions>
      </trkpt>
      <trkpt lat="40.635221" lon="-0.177296">
        <ele>972.5</ele>
        <time>2014-04-15T00:23:45Z</time>
        <sat>8</sat>
        <extensions>
          <gpxtpx:TrackPointExtension>
            <gpxtpx:hr>160</gpxtpx:hr>
          </gpxtpx:TrackPointExtension>
        </extensions>
      </trkpt>
      <trkpt lat="40.635217" lon="-0.177179">
        <ele>971.6</ele>
        <time>2014-04-15T00:23:50Z</time>
        <sat>8</sat>
        <extensions>
          <gpxtpx:TrackPointExtension>
            <gpxtpx:hr>159</gpxtpx:hr>
          </gpxtpx:TrackPointExtension>
        </extensions>
      </trkpt>
      <trkpt lat="40.635187" lon="-0.177074">
        <ele>971.8</ele>
        <time>2014-04-15T00:23:54Z</time>
        <sat>8</sat>
        <extensions>
          <gpxtpx:TrackPointExtension>
            <gpxtpx:hr>157</gpxtpx:hr>
          </gpxtpx:TrackPointExtension>
        </extensions>
      </trkpt>
      <trkpt lat="40.635144" lon="-0.176996">
        <ele>972.1</ele>
        <time>2014-04-15T00:23:58Z</time>
        <sat>8</sat>
        <extensions>
          <gpxtpx:TrackPointExtension>
            <gpxtpx:hr>157</gpxtpx:hr>
          </gpxtpx:TrackPointExtension>
        </extensions>
      </trkpt>
      <trkpt lat="40.635106" lon="-0.176907">
        <ele>971.9</ele>
        <time>2014-04-15T00:24:02Z</time>
        <sat>8</sat>
        <extensions>
          <gpxtpx:TrackPointExtension>
            <gpxtpx:hr>143</gpxtpx:hr>
          </gpxtpx:TrackPointExtension>
        </extensions>
      </trkpt>
      <trkpt lat="40.635102" lon="-0.176887">
        <ele>971.8</ele>
        <time>2014-04-15T00:24:02Z</time>
        <sat>8</sat>
        <extensions>
          <gpxtpx:TrackPointExtension>
            <gpxtpx:hr>141</gpxtpx:hr>
          </gpxtpx:TrackPointExtension>
        </extensions>
      </trkpt>
      <trkpt lat="40.635042" lon="-0.176733">
        <ele>972.0</ele>
        <time>2014-04-15T00:24:09Z</time>
        <sat>8</sat>
        <extensions>
          <gpxtpx:TrackPointExtension>
            <gpxtpx:hr>137</gpxtpx:hr>
          </gpxtpx:TrackPointExtension>
        </extensions>
      </trkpt>
      <trkpt lat="40.635015" lon="-0.176640">
        <ele>971.6</ele>
        <time>2014-04-15T00:24:13Z</time>
        <sat>8</sat>
        <extensions>
          <gpxtpx:TrackPointExtension>
            <gpxtpx:hr>134</gpxtpx:hr>
          </gpxtpx:TrackPointExtension>
        </extensions>
      </trkpt>
      <trkpt lat="40.634991" lon="-0.176531">
        <ele>970.7</ele>
        <time>2014-04-15T00:24:17Z</time>
        <sat>8</sat>
        <extensions>
          <gpxtpx:TrackPointExtension>
            <gpxtpx:hr>133</gpxtpx:hr>
          </gpxtpx:TrackPointExtension>
        </extensions>
      </trkpt>
      <trkpt lat="40.634934" lon="-0.176454">
        <ele>971.8</ele>
        <time>2014-04-15T00:24:21Z</time>
        <sat>8</sat>
      </trkpt>
      <trkpt lat="40.634877" lon="-0.176410">
        <ele>972.4</ele>
        <time>2014-04-15T00:24:25Z</time>
        <sat>9</sat>
        <extensions>
          <gpxtpx:TrackPointExtension>
            <gpxtpx:hr>130</gpxtpx:hr>
          </gpxtpx:TrackPointExtension>
        </extensions>
      </trkpt>
      <trkpt lat="40.634846" lon="-0.176346">
        <ele>971.2</ele>
        <time>2014-04-15T00:24:27Z</time>
        <sat>9</sat>
        <extensions>
          <gpxtpx:TrackPointExtension>
            <gpxtpx:hr>128</gpxtpx:hr>
          </gpxtpx:TrackPointExtension>
        </extensions>
      </trkpt>
      <trkpt lat="40.634810" lon="-0.176261">
        <ele>969.6</ele>
        <time>2014-04-15T00:24:31Z</time>
        <sat>8</sat>
        <extensions>
          <gpxtpx:TrackPointExtension>
            <gpxtpx:hr>128</gpxtpx:hr>
          </gpxtpx:TrackPointExtension>
        </extensions>
      </trkpt>
      <trkpt lat="40.634764" lon="-0.176184">
        <ele>968.6</ele>
        <time>2014-04-15T00:24:35Z</time>
        <sat>8</sat>
        <extensions>
          <gpxtpx:TrackPointExtension>
            <gpxtpx:hr>128</gpxtpx:hr>
          </gpxtpx:TrackPointExtension>
        </extensions>
      </trkpt>
      <trkpt lat="40.634705" lon="-0.176122">
        <ele>968.5</ele>
        <time>2014-04-15T00:24:39Z</time>
        <sat>8</sat>
        <extensions>
          <gpxtpx:TrackPointExtension>
            <gpxtpx:hr>127</gpxtpx:hr>
          </gpxtpx:TrackPointExtension>
        </extensions>
      </trkpt>
      <trkpt lat="40.634647" lon="-0.176068">
        <ele>968.7</ele>
        <time>2014-04-15T00:24:42Z</time>
        <sat>8</sat>
        <extensions>
          <gpxtpx:TrackPointExtension>
            <gpxtpx:hr>126</gpxtpx:hr>
          </gpxtpx:TrackPointExtension>
        </extensions>
      </trkpt>
      <trkpt lat="40.634589" lon="-0.176004">
        <ele>968.6</ele>
        <time>2014-04-15T00:24:46Z</time>
        <sat>8</sat>
        <extensions>
          <gpxtpx:TrackPointExtension>
            <gpxtpx:hr>127</gpxtpx:hr>
          </gpxtpx:TrackPointExtension>
        </extensions>
      </trkpt>
      <trkpt lat="40.634546" lon="-0.175936">
        <ele>968.6</ele>
        <time>2014-04-15T00:24:49Z</time>
        <sat>8</sat>
        <extensions>
          <gpxtpx:TrackPointExtension>
            <gpxtpx:hr>128</gpxtpx:hr>
          </gpxtpx:TrackPointExtension>
        </extensions>
      </trkpt>
      <trkpt lat="40.634495" lon="-0.175854">
        <ele>968.9</ele>
        <time>2014-04-15T00:24:53Z</time>
        <sat>8</sat>
        <extensions>
          <gpxtpx:TrackPointExtension>
            <gpxtpx:hr>130</gpxtpx:hr>
          </gpxtpx:TrackPointExtension>
        </extensions>
      </trkpt>
      <trkpt lat="40.634439" lon="-0.175787">
        <ele>969.9</ele>
        <time>2014-04-15T00:24:57Z</time>
        <sat>8</sat>
        <extensions>
          <gpxtpx:TrackPointExtension>
            <gpxtpx:hr>133</gpxtpx:hr>
          </gpxtpx:TrackPointExtension>
        </extensions>
      </trkpt>
      <trkpt lat="40.634382" lon="-0.175732">
        <ele>971.2</ele>
        <time>2014-04-15T00:25:01Z</time>
        <sat>8</sat>
        <extensions>
          <gpxtpx:TrackPointExtension>
            <gpxtpx:hr>133</gpxtpx:hr>
          </gpxtpx:TrackPointExtension>
        </extensions>
      </trkpt>
      <trkpt lat="40.634330" lon="-0.175679">
        <ele>972.4</ele>
        <time>2014-04-15T00:25:04Z</time>
        <sat>8</sat>
        <extensions>
          <gpxtpx:TrackPointExtension>
            <gpxtpx:hr>134</gpxtpx:hr>
          </gpxtpx:TrackPointExtension>
        </extensions>
      </trkpt>
      <trkpt lat="40.634279" lon="-0.175618">
        <ele>973.2</ele>
        <time>2014-04-15T00:25:07Z</time>
        <sat>8</sat>
        <extensions>
          <gpxtpx:TrackPointExtension>
            <gpxtpx:hr>135</gpxtpx:hr>
          </gpxtpx:TrackPointExtension>
        </extensions>
      </trkpt>
      <trkpt lat="40.634234" lon="-0.175551">
        <ele>973.6</ele>
        <time>2014-04-15T00:25:11Z</time>
        <sat>8</sat>
        <extensions>
          <gpxtpx:TrackPointExtension>
            <gpxtpx:hr>136</gpxtpx:hr>
          </gpxtpx:TrackPointExtension>
        </extensions>
      </trkpt>
      <trkpt lat="40.634196" lon="-0.175456">
        <ele>973.3</ele>
        <time>2014-04-15T00:25:15Z</time>
        <sat>8</sat>
        <extensions>
          <gpxtpx:TrackPointExtension>
            <gpxtpx:hr>142</gpxtpx:hr>
          </gpxtpx:TrackPointExtension>
        </extensions>
      </trkpt>
      <trkpt lat="40.634167" lon="-0.175377">
        <ele>973.0</ele>
        <time>2014-04-15T00:25:18Z</time>
        <sat>8</sat>
        <extensions>
          <gpxtpx:TrackPointExtension>
            <gpxtpx:hr>147</gpxtpx:hr>
          </gpxtpx:TrackPointExtension>
        </extensions>
      </trkpt>
      <trkpt lat="40.634140" lon="-0.175285">
        <ele>972.4</ele>
        <time>2014-04-15T00:25:22Z</time>
        <sat>8</sat>
        <extensions>
          <gpxtpx:TrackPointExtension>
            <gpxtpx:hr>151</gpxtpx:hr>
          </gpxtpx:TrackPointExtension>
        </extensions>
      </trkpt>
      <trkpt lat="40.634142" lon="-0.175168">
        <ele>970.2</ele>
        <time>2014-04-15T00:25:26Z</time>
        <sat>8</sat>
        <extensions>
          <gpxtpx:TrackPointExtension>
            <gpxtpx:hr>153</gpxtpx:hr>
          </gpxtpx:TrackPointExtension>
        </extensions>
      </trkpt>
      <trkpt lat="40.634084" lon="-0.175087">
        <ele>972.8</ele>
        <time>2014-04-15T00:25:31Z</time>
        <sat>8</sat>
        <extensions>
          <gpxtpx:TrackPointExtension>
            <gpxtpx:hr>154</gpxtpx:hr>
          </gpxtpx:TrackPointExtension>
        </extensions>
      </trkpt>
      <trkpt lat="40.634072" lon="-0.175085">
        <ele>973.4</ele>
        <time>2014-04-15T00:25:31Z</time>
        <sat>8</sat>
        <extensions>
          <gpxtpx:TrackPointExtension>
            <gpxtpx:hr>154</gpxtpx:hr>
          </gpxtpx:TrackPointExtension>
        </extensions>
      </trkpt>
      <trkpt lat="40.634016" lon="-0.175014">
        <ele>974.8</ele>
        <time>2014-04-15T00:25:35Z</time>
        <sat>8</sat>
        <extensions>
          <gpxtpx:TrackPointExtension>
            <gpxtpx:hr>154</gpxtpx:hr>
          </gpxtpx:TrackPointExtension>
        </extensions>
      </trkpt>
      <trkpt lat="40.634017" lon="-0.175016">
        <ele>974.8</ele>
        <time>2014-04-15T00:25:35Z</time>
      </trkpt>
      <trkpt lat="40.633967" lon="-0.174916">
        <ele>973.4</ele>
        <time>2014-04-15T00:25:40Z</time>
      </trkpt>
      <trkpt lat="40.633951" lon="-0.174815">
        <ele>970.4</ele>
        <time>2014-04-15T00:25:44Z</time>
      </trkpt>
      <trkpt lat="40.633917" lon="-0.174715">
        <ele>968.6</ele>
        <time>2014-04-15T00:25:48Z</time>
      </trkpt>
      <trkpt lat="40.633867" lon="-0.174632">
        <ele>970.2</ele>
        <time>2014-04-15T00:25:52Z</time>
      </trkpt>
      <trkpt lat="40.633800" lon="-0.174549">
        <ele>974.0</ele>
        <time>2014-04-15T00:25:56Z</time>
      </trkpt>
      <trkpt lat="40.633800" lon="-0.174549">
        <ele>974.0</ele>
        <time>2014-04-15T00:25:56Z</time>
      </trkpt>
      <trkpt lat="40.633700" lon="-0.174383">
        <ele>978.1</ele>
        <time>2014-04-15T00:26:05Z</time>
      </trkpt>
      <trkpt lat="40.633651" lon="-0.174265">
        <ele>977.9</ele>
        <time>2014-04-15T00:26:10Z</time>
      </trkpt>
      <trkpt lat="40.633600" lon="-0.174182">
        <ele>978.4</ele>
        <time>2014-04-15T00:26:14Z</time>
      </trkpt>
      <trkpt lat="40.633567" lon="-0.174082">
        <ele>977.1</ele>
        <time>2014-04-15T00:26:18Z</time>
      </trkpt>
      <trkpt lat="40.633534" lon="-0.173999">
        <ele>976.7</ele>
        <time>2014-04-15T00:26:21Z</time>
      </trkpt>
      <trkpt lat="40.633484" lon="-0.173916">
        <ele>976.3</ele>
        <time>2014-04-15T00:26:25Z</time>
      </trkpt>
      <trkpt lat="40.633450" lon="-0.173816">
        <ele>975.5</ele>
        <time>2014-04-15T00:26:30Z</time>
      </trkpt>
      <trkpt lat="40.633434" lon="-0.173733">
        <ele>975.6</ele>
        <time>2014-04-15T00:26:33Z</time>
      </trkpt>
      <trkpt lat="40.633401" lon="-0.173632">
        <ele>976.4</ele>
        <time>2014-04-15T00:26:37Z</time>
      </trkpt>
      <trkpt lat="40.633384" lon="-0.173616">
        <ele>977.2</ele>
        <time>2014-04-15T00:26:38Z</time>
      </trkpt>
      <trkpt lat="40.633317" lon="-0.173449">
        <ele>976.7</ele>
        <time>2014-04-15T00:26:45Z</time>
      </trkpt>
      <trkpt lat="40.633284" lon="-0.173383">
        <ele>975.4</ele>
        <time>2014-04-15T00:26:48Z</time>
      </trkpt>
      <trkpt lat="40.633234" lon="-0.173283">
        <ele>972.8</ele>
        <time>2014-04-15T00:26:53Z</time>
      </trkpt>
      <trkpt lat="40.633201" lon="-0.173199">
        <ele>972.1</ele>
        <time>2014-04-15T00:26:56Z</time>
      </trkpt>
      <trkpt lat="40.633150" lon="-0.173116">
        <ele>975.2</ele>
        <time>2014-04-15T00:27:00Z</time>
      </trkpt>
      <trkpt lat="40.633117" lon="-0.173033">
        <ele>977.3</ele>
        <time>2014-04-15T00:27:04Z</time>
      </trkpt>
      <trkpt lat="40.633067" lon="-0.172966">
        <ele>980.4</ele>
        <time>2014-04-15T00:27:07Z</time>
      </trkpt>
      <trkpt lat="40.633017" lon="-0.172882">
        <ele>981.4</ele>
        <time>2014-04-15T00:27:12Z</time>
      </trkpt>
      <trkpt lat="40.632967" lon="-0.172832">
        <ele>982.5</ele>
        <time>2014-04-15T00:27:15Z</time>
      </trkpt>
      <trkpt lat="40.632884" lon="-0.172766">
        <ele>984.8</ele>
        <time>2014-04-15T00:27:20Z</time>
      </trkpt>
      <trkpt lat="40.632800" lon="-0.172732">
        <ele>988.1</ele>
        <time>2014-04-15T00:27:24Z</time>
      </trkpt>
      <trkpt lat="40.632734" lon="-0.172683">
        <ele>989.6</ele>
        <time>2014-04-15T00:27:28Z</time>
      </trkpt>
      <trkpt lat="40.632684" lon="-0.172583">
        <ele>988.4</ele>
        <time>2014-04-15T00:27:32Z</time>
      </trkpt>
      <trkpt lat="40.632651" lon="-0.172516">
        <ele>987.8</ele>
        <time>2014-04-15T00:27:35Z</time>
      </trkpt>
      <trkpt lat="40.632617" lon="-0.172432">
        <ele>987.0</ele>
        <time>2014-04-15T00:27:39Z</time>
      </trkpt>
      <trkpt lat="40.632584" lon="-0.172366">
        <ele>987.2</ele>
        <time>2014-04-15T00:27:42Z</time>
      </trkpt>
      <trkpt lat="40.632534" lon="-0.172266">
        <ele>987.3</ele>
        <time>2014-04-15T00:27:46Z</time>
      </trkpt>
      <trkpt lat="40.632484" lon="-0.172199">
        <ele>987.4</ele>
        <time>2014-04-15T00:27:50Z</time>
      </trkpt>
      <trkpt lat="40.632467" lon="-0.172166">
        <ele>986.6</ele>
        <time>2014-04-15T00:27:52Z</time>
      </trkpt>
      <trkpt lat="40.632334" lon="-0.172083">
        <ele>988.9</ele>
        <time>2014-04-15T00:27:59Z</time>
      </trkpt>
      <trkpt lat="40.632284" lon="-0.172016">
        <ele>989.7</ele>
        <time>2014-04-15T00:28:02Z</time>
      </trkpt>
      <trkpt lat="40.632217" lon="-0.171966">
        <ele>994.1</ele>
        <time>2014-04-15T00:28:06Z</time>
      </trkpt>
      <trkpt lat="40.632167" lon="-0.171849">
        <ele>994.1</ele>
        <time>2014-04-15T00:28:11Z</time>
      </trkpt>
      <trkpt lat="40.632134" lon="-0.171766">
        <ele>993.2</ele>
        <time>2014-04-15T00:28:15Z</time>
      </trkpt>
      <trkpt lat="40.632101" lon="-0.171649">
        <ele>989.5</ele>
        <time>2014-04-15T00:28:20Z</time>
      </trkpt>
      <trkpt lat="40.632084" lon="-0.171566">
        <ele>986.9</ele>
        <time>2014-04-15T00:28:23Z</time>
      </trkpt>
      <trkpt lat="40.632051" lon="-0.171483">
        <ele>986.6</ele>
        <time>2014-04-15T00:28:27Z</time>
      </trkpt>
      <trkpt lat="40.632034" lon="-0.171383">
        <ele>986.2</ele>
        <time>2014-04-15T00:28:30Z</time>
      </trkpt>
      <trkpt lat="40.632017" lon="-0.171299">
        <ele>985.8</ele>
        <time>2014-04-15T00:28:34Z</time>
      </trkpt>
      <trkpt lat="40.631984" lon="-0.171216">
        <ele>987.4</ele>
        <time>2014-04-15T00:28:37Z</time>
      </trkpt>
      <trkpt lat="40.631967" lon="-0.171150">
        <ele>988.2</ele>
        <time>2014-04-15T00:28:40Z</time>
      </trkpt>
      <trkpt lat="40.631934" lon="-0.171033">
        <ele>989.4</ele>
        <time>2014-04-15T00:28:45Z</time>
      </trkpt>
      <trkpt lat="40.631917" lon="-0.170949">
        <ele>989.5</ele>
        <time>2014-04-15T00:28:48Z</time>
      </trkpt>
      <trkpt lat="40.631900" lon="-0.170883">
        <ele>989.7</ele>
        <time>2014-04-15T00:28:51Z</time>
      </trkpt>
      <trkpt lat="40.631884" lon="-0.170799">
        <ele>989.6</ele>
        <time>2014-04-15T00:28:54Z</time>
      </trkpt>
      <trkpt lat="40.631851" lon="-0.170683">
        <ele>989.3</ele>
        <time>2014-04-15T00:28:59Z</time>
      </trkpt>
      <trkpt lat="40.631834" lon="-0.170583">
        <ele>987.4</ele>
        <time>2014-04-15T00:29:03Z</time>
      </trkpt>
      <trkpt lat="40.631800" lon="-0.170499">
        <ele>986.2</ele>
        <time>2014-04-15T00:29:06Z</time>
      </trkpt>
      <trkpt lat="40.631784" lon="-0.170416">
        <ele>984.4</ele>
        <time>2014-04-15T00:29:09Z</time>
      </trkpt>
      <trkpt lat="40.631751" lon="-0.170316">
        <ele>984.4</ele>
        <time>2014-04-15T00:29:14Z</time>
      </trkpt>
      <trkpt lat="40.631717" lon="-0.170216">
        <ele>986.1</ele>
        <time>2014-04-15T00:29:18Z</time>
      </trkpt>
      <trkpt lat="40.631700" lon="-0.170182">
        <ele>987.1</ele>
        <time>2014-04-15T00:29:19Z</time>
      </trkpt>
      <trkpt lat="40.631651" lon="-0.170033">
        <ele>988.8</ele>
        <time>2014-04-15T00:29:25Z</time>
      </trkpt>
      <trkpt lat="40.631600" lon="-0.169933">
        <ele>991.9</ele>
        <time>2014-04-15T00:29:30Z</time>
      </trkpt>
      <trkpt lat="40.631567" lon="-0.169815">
        <ele>993.5</ele>
        <time>2014-04-15T00:29:35Z</time>
      </trkpt>
      <trkpt lat="40.631517" lon="-0.169749">
        <ele>997.7</ele>
        <time>2014-04-15T00:29:38Z</time>
      </trkpt>
      <trkpt lat="40.631467" lon="-0.169666">
        <ele>1001.1</ele>
        <time>2014-04-15T00:29:42Z</time>
      </trkpt>
      <trkpt lat="40.631434" lon="-0.169550">
        <ele>1002.8</ele>
        <time>2014-04-15T00:29:47Z</time>
      </trkpt>
      <trkpt lat="40.631401" lon="-0.169466">
        <ele>1004.6</ele>
        <time>2014-04-15T00:29:51Z</time>
      </trkpt>
      <trkpt lat="40.631367" lon="-0.169350">
        <ele>1002.3</ele>
        <time>2014-04-15T00:29:55Z</time>
      </trkpt>
      <trkpt lat="40.631334" lon="-0.169266">
        <ele>999.2</ele>
        <time>2014-04-15T00:29:59Z</time>
      </trkpt>
      <trkpt lat="40.631301" lon="-0.169183">
        <ele>996.3</ele>
        <time>2014-04-15T00:30:02Z</time>
      </trkpt>
      <trkpt lat="40.631284" lon="-0.169099">
        <ele>993.4</ele>
        <time>2014-04-15T00:30:06Z</time>
      </trkpt>
      <trkpt lat="40.631250" lon="-0.168983">
        <ele>993.5</ele>
        <time>2014-04-15T00:30:10Z</time>
      </trkpt>
      <trkpt lat="40.631234" lon="-0.168900">
        <ele>993.6</ele>
        <time>2014-04-15T00:30:14Z</time>
      </trkpt>
      <trkpt lat="40.631201" lon="-0.168800">
        <ele>995.3</ele>
        <time>2014-04-15T00:30:18Z</time>
      </trkpt>
      <trkpt lat="40.631167" lon="-0.168716">
        <ele>998.0</ele>
        <time>2014-04-15T00:30:21Z</time>
      </trkpt>
      <trkpt lat="40.631117" lon="-0.168633">
        <ele>1004.1</ele>
        <time>2014-04-15T00:30:26Z</time>
      </trkpt>
      <trkpt lat="40.631034" lon="-0.168566">
        <ele>1012.3</ele>
        <time>2014-04-15T00:30:30Z</time>
      </trkpt>
      <trkpt lat="40.631017" lon="-0.168549">
        <ele>1013.4</ele>
        <time>2014-04-15T00:30:31Z</time>
      </trkpt>
      <trkpt lat="40.630934" lon="-0.168399">
        <ele>1010.0</ele>
        <time>2014-04-15T00:30:38Z</time>
      </trkpt>
      <trkpt lat="40.630900" lon="-0.168316">
        <ele>1005.6</ele>
        <time>2014-04-15T00:30:42Z</time>
      </trkpt>
      <trkpt lat="40.630867" lon="-0.168200">
        <ele>1000.7</ele>
        <time>2014-04-15T00:30:47Z</time>
      </trkpt>
      <trkpt lat="40.630817" lon="-0.168100">
        <ele>1002.9</ele>
        <time>2014-04-15T00:30:51Z</time>
      </trkpt>
      <trkpt lat="40.630800" lon="-0.168015">
        <ele>1001.7</ele>
        <time>2014-04-15T00:30:55Z</time>
      </trkpt>
      <trkpt lat="40.630784" lon="-0.167915">
        <ele>1001.7</ele>
        <time>2014-04-15T00:30:59Z</time>
      </trkpt>
      <trkpt lat="40.630784" lon="-0.167799">
        <ele>999.1</ele>
        <time>2014-04-15T00:31:03Z</time>
      </trkpt>
      <trkpt lat="40.630784" lon="-0.167683">
        <ele>999.1</ele>
        <time>2014-04-15T00:31:07Z</time>
      </trkpt>
      <trkpt lat="40.630784" lon="-0.167566">
        <ele>999.6</ele>
        <time>2014-04-15T00:31:12Z</time>
      </trkpt>
      <trkpt lat="40.630767" lon="-0.167466">
        <ele>1002.5</ele>
        <time>2014-04-15T00:31:16Z</time>
      </trkpt>
      <trkpt lat="40.630734" lon="-0.167366">
        <ele>1005.5</ele>
        <time>2014-04-15T00:31:20Z</time>
      </trkpt>
      <trkpt lat="40.630717" lon="-0.167266">
        <ele>1004.4</ele>
        <time>2014-04-15T00:31:24Z</time>
      </trkpt>
      <trkpt lat="40.630684" lon="-0.167199">
        <ele>1006.1</ele>
        <time>2014-04-15T00:31:27Z</time>
      </trkpt>
      <trkpt lat="40.630651" lon="-0.167116">
        <ele>1008.3</ele>
        <time>2014-04-15T00:31:30Z</time>
      </trkpt>
      <trkpt lat="40.630634" lon="-0.167016">
        <ele>1005.6</ele>
        <time>2014-04-15T00:31:34Z</time>
      </trkpt>
      <trkpt lat="40.630600" lon="-0.166916">
        <ele>1001.5</ele>
        <time>2014-04-15T00:31:38Z</time>
      </trkpt>
      <trkpt lat="40.630584" lon="-0.166816">
        <ele>998.8</ele>
        <time>2014-04-15T00:31:42Z</time>
      </trkpt>
      <trkpt lat="40.630534" lon="-0.166732">
        <ele>1001.0</ele>
        <time>2014-04-15T00:31:46Z</time>
      </trkpt>
      <trkpt lat="40.630501" lon="-0.166616">
        <ele>1000.8</ele>
        <time>2014-04-15T00:31:51Z</time>
      </trkpt>
      <trkpt lat="40.630467" lon="-0.166533">
        <ele>1000.4</ele>
        <time>2014-04-15T00:31:55Z</time>
      </trkpt>
      <trkpt lat="40.630434" lon="-0.166433">
        <ele>1000.5</ele>
        <time>2014-04-15T00:31:59Z</time>
      </trkpt>
      <trkpt lat="40.630417" lon="-0.166416">
        <ele>1001.5</ele>
        <time>2014-04-15T00:32:00Z</time>
      </trkpt>
      <trkpt lat="40.630350" lon="-0.166300">
        <ele>1009.1</ele>
        <time>2014-04-15T00:32:05Z</time>
      </trkpt>
      <trkpt lat="40.630284" lon="-0.166216">
        <ele>1013.0</ele>
        <time>2014-04-15T00:32:10Z</time>
      </trkpt>
      <trkpt lat="40.630234" lon="-0.166116">
        <ele>1011.5</ele>
        <time>2014-04-15T00:32:14Z</time>
      </trkpt>
      <trkpt lat="40.630184" lon="-0.166033">
        <ele>1010.5</ele>
        <time>2014-04-15T00:32:18Z</time>
      </trkpt>
      <trkpt lat="40.630134" lon="-0.165949">
        <ele>1009.3</ele>
        <time>2014-04-15T00:32:23Z</time>
      </trkpt>
      <trkpt lat="40.630084" lon="-0.165849">
        <ele>1009.6</ele>
        <time>2014-04-15T00:32:27Z</time>
      </trkpt>
      <trkpt lat="40.630034" lon="-0.165783">
        <ele>1010.6</ele>
        <time>2014-04-15T00:32:31Z</time>
      </trkpt>
      <trkpt lat="40.629984" lon="-0.165699">
        <ele>1011.4</ele>
        <time>2014-04-15T00:32:35Z</time>
      </trkpt>
      <trkpt lat="40.629951" lon="-0.165616">
        <ele>1011.5</ele>
        <time>2014-04-15T00:32:38Z</time>
      </trkpt>
      <trkpt lat="40.629884" lon="-0.165516">
        <ele>1012.4</ele>
        <time>2014-04-15T00:32:43Z</time>
      </trkpt>
      <trkpt lat="40.629834" lon="-0.165433">
        <ele>1013.0</ele>
        <time>2014-04-15T00:32:47Z</time>
      </trkpt>
      <trkpt lat="40.629784" lon="-0.165383">
        <ele>1014.4</ele>
        <time>2014-04-15T00:32:50Z</time>
      </trkpt>
      <trkpt lat="40.629734" lon="-0.165266">
        <ele>1015.7</ele>
        <time>2014-04-15T00:32:56Z</time>
      </trkpt>
      <trkpt lat="40.629717" lon="-0.165183">
        <ele>1015.4</ele>
        <time>2014-04-15T00:32:59Z</time>
      </trkpt>
      <trkpt lat="40.629684" lon="-0.165100">
        <ele>1015.8</ele>
        <time>2014-04-15T00:33:02Z</time>
      </trkpt>
      <trkpt lat="40.629651" lon="-0.165016">
        <ele>1016.3</ele>
        <time>2014-04-15T00:33:06Z</time>
      </trkpt>
      <trkpt lat="40.629634" lon="-0.164983">
        <ele>1017.1</ele>
        <time>2014-04-15T00:33:08Z</time>
      </trkpt>
      <trkpt lat="40.629584" lon="-0.164850">
        <ele>1016.0</ele>
        <time>2014-04-15T00:33:13Z</time>
      </trkpt>
      <trkpt lat="40.629567" lon="-0.164766">
        <ele>1014.9</ele>
        <time>2014-04-15T00:33:16Z</time>
      </trkpt>
      <trkpt lat="40.629517" lon="-0.164666">
        <ele>1015.0</ele>
        <time>2014-04-15T00:33:21Z</time>
      </trkpt>
      <trkpt lat="40.629467" lon="-0.164599">
        <ele>1015.4</ele>
        <time>2014-04-15T00:33:25Z</time>
      </trkpt>
      <trkpt lat="40.629401" lon="-0.164533">
        <ele>1016.2</ele>
        <time>2014-04-15T00:33:29Z</time>
      </trkpt>
      <trkpt lat="40.629350" lon="-0.164483">
        <ele>1016.6</ele>
        <time>2014-04-15T00:33:32Z</time>
      </trkpt>
      <trkpt lat="40.629284" lon="-0.164450">
        <ele>1017.7</ele>
        <time>2014-04-15T00:33:35Z</time>
      </trkpt>
      <trkpt lat="40.629217" lon="-0.164400">
        <ele>1018.2</ele>
        <time>2014-04-15T00:33:39Z</time>
      </trkpt>
      <trkpt lat="40.629151" lon="-0.164333">
        <ele>1018.3</ele>
        <time>2014-04-15T00:33:43Z</time>
      </trkpt>
      <trkpt lat="40.629084" lon="-0.164266">
        <ele>1018.2</ele>
        <time>2014-04-15T00:33:48Z</time>
      </trkpt>
      <trkpt lat="40.629034" lon="-0.164216">
        <ele>1017.4</ele>
        <time>2014-04-15T00:33:51Z</time>
      </trkpt>
      <trkpt lat="40.628984" lon="-0.164166">
        <ele>1017.0</ele>
        <time>2014-04-15T00:33:54Z</time>
      </trkpt>
      <trkpt lat="40.628917" lon="-0.164083">
        <ele>1016.3</ele>
        <time>2014-04-15T00:33:59Z</time>
      </trkpt>
      <trkpt lat="40.628867" lon="-0.164016">
        <ele>1017.1</ele>
        <time>2014-04-15T00:34:02Z</time>
      </trkpt>
      <trkpt lat="40.628817" lon="-0.163933">
        <ele>1018.1</ele>
        <time>2014-04-15T00:34:06Z</time>
      </trkpt>
      <trkpt lat="40.628767" lon="-0.163866">
        <ele>1019.0</ele>
        <time>2014-04-15T00:34:10Z</time>
      </trkpt>
      <trkpt lat="40.628717" lon="-0.163816">
        <ele>1019.7</ele>
        <time>2014-04-15T00:34:13Z</time>
      </trkpt>
      <trkpt lat="40.628651" lon="-0.163750">
        <ele>1019.6</ele>
        <time>2014-04-15T00:34:17Z</time>
      </trkpt>
      <trkpt lat="40.628584" lon="-0.163699">
        <ele>1020.2</ele>
        <time>2014-04-15T00:34:21Z</time>
      </trkpt>
      <trkpt lat="40.628517" lon="-0.163633">
        <ele>1020.8</ele>
        <time>2014-04-15T00:34:25Z</time>
      </trkpt>
      <trkpt lat="40.628467" lon="-0.163566">
        <ele>1021.4</ele>
        <time>2014-04-15T00:34:29Z</time>
      </trkpt>
      <trkpt lat="40.628467" lon="-0.163533">
        <ele>1020.3</ele>
        <time>2014-04-15T00:34:30Z</time>
      </trkpt>
      <trkpt lat="40.628401" lon="-0.163399">
        <ele>1020.2</ele>
        <time>2014-04-15T00:34:36Z</time>
      </trkpt>
      <trkpt lat="40.628351" lon="-0.163300">
        <ele>1020.2</ele>
        <time>2014-04-15T00:34:40Z</time>
      </trkpt>
      <trkpt lat="40.628317" lon="-0.163216">
        <ele>1019.7</ele>
        <time>2014-04-15T00:34:44Z</time>
      </trkpt>
      <trkpt lat="40.628268" lon="-0.163133">
        <ele>1020.8</ele>
        <time>2014-04-15T00:34:48Z</time>
      </trkpt>
      <trkpt lat="40.628234" lon="-0.163033">
        <ele>1021.5</ele>
        <time>2014-04-15T00:34:52Z</time>
      </trkpt>
      <trkpt lat="40.628184" lon="-0.162966">
        <ele>1023.8</ele>
        <time>2014-04-15T00:34:56Z</time>
      </trkpt>
      <trkpt lat="40.628134" lon="-0.162866">
        <ele>1025.9</ele>
        <time>2014-04-15T00:35:00Z</time>
      </trkpt>
      <trkpt lat="40.628084" lon="-0.162783">
        <ele>1028.0</ele>
        <time>2014-04-15T00:35:04Z</time>
      </trkpt>
      <trkpt lat="40.628051" lon="-0.162699">
        <ele>1026.8</ele>
        <time>2014-04-15T00:35:08Z</time>
      </trkpt>
      <trkpt lat="40.628001" lon="-0.162616">
        <ele>1024.8</ele>
        <time>2014-04-15T00:35:12Z</time>
      </trkpt>
      <trkpt lat="40.628001" lon="-0.162616">
        <ele>1024.8</ele>
        <time>2014-04-15T00:35:12Z</time>
      </trkpt>
      <trkpt lat="40.627967" lon="-0.162533">
        <ele>1022.0</ele>
        <time>2014-04-15T00:35:16Z</time>
      </trkpt>
      <trkpt lat="40.627967" lon="-0.162533">
        <ele>1022.0</ele>
        <time>2014-04-15T00:35:16Z</time>
      </trkpt>
      <trkpt lat="40.627901" lon="-0.162449">
        <ele>1025.8</ele>
        <time>2014-04-15T00:35:20Z</time>
      </trkpt>
      <trkpt lat="40.627901" lon="-0.162433">
        <ele>1025.5</ele>
        <time>2014-04-15T00:35:21Z</time>
      </trkpt>
      <trkpt lat="40.627851" lon="-0.162249">
        <ele>1027.7</ele>
        <time>2014-04-15T00:35:28Z</time>
      </trkpt>
      <trkpt lat="40.627818" lon="-0.162183">
        <ele>1029.9</ele>
        <time>2014-04-15T00:35:31Z</time>
      </trkpt>
      <trkpt lat="40.627767" lon="-0.162083">
        <ele>1032.2</ele>
        <time>2014-04-15T00:35:36Z</time>
      </trkpt>
      <trkpt lat="40.627701" lon="-0.162016">
        <ele>1034.8</ele>
        <time>2014-04-15T00:35:40Z</time>
      </trkpt>
      <trkpt lat="40.627651" lon="-0.161933">
        <ele>1035.2</ele>
        <time>2014-04-15T00:35:44Z</time>
      </trkpt>
      <trkpt lat="40.627601" lon="-0.161866">
        <ele>1035.0</ele>
        <time>2014-04-15T00:35:48Z</time>
      </trkpt>
      <trkpt lat="40.627534" lon="-0.161816">
        <ele>1035.8</ele>
        <time>2014-04-15T00:35:51Z</time>
      </trkpt>
      <trkpt lat="40.627467" lon="-0.161716">
        <ele>1034.4</ele>
        <time>2014-04-15T00:35:56Z</time>
      </trkpt>
      <trkpt lat="40.627417" lon="-0.161616">
        <ele>1034.4</ele>
        <time>2014-04-15T00:36:01Z</time>
      </trkpt>
      <trkpt lat="40.627367" lon="-0.161533">
        <ele>1035.1</ele>
        <time>2014-04-15T00:36:05Z</time>
      </trkpt>
      <trkpt lat="40.627317" lon="-0.161449">
        <ele>1035.3</ele>
        <time>2014-04-15T00:36:09Z</time>
      </trkpt>
      <trkpt lat="40.627301" lon="-0.161416">
        <ele>1034.9</ele>
        <time>2014-04-15T00:36:11Z</time>
      </trkpt>
      <trkpt lat="40.627201" lon="-0.161300">
        <ele>1035.6</ele>
        <time>2014-04-15T00:36:17Z</time>
      </trkpt>
      <trkpt lat="40.627134" lon="-0.161216">
        <ele>1037.9</ele>
        <time>2014-04-15T00:36:22Z</time>
      </trkpt>
      <trkpt lat="40.627085" lon="-0.161132">
        <ele>1038.4</ele>
        <time>2014-04-15T00:36:26Z</time>
      </trkpt>
      <trkpt lat="40.627034" lon="-0.161066">
        <ele>1038.5</ele>
        <time>2014-04-15T00:36:29Z</time>
      </trkpt>
      <trkpt lat="40.627001" lon="-0.160950">
        <ele>1034.9</ele>
        <time>2014-04-15T00:36:34Z</time>
      </trkpt>
      <trkpt lat="40.626934" lon="-0.160866">
        <ele>1036.0</ele>
        <time>2014-04-15T00:36:39Z</time>
      </trkpt>
      <trkpt lat="40.626884" lon="-0.160782">
        <ele>1038.0</ele>
        <time>2014-04-15T00:36:43Z</time>
      </trkpt>
      <trkpt lat="40.626834" lon="-0.160699">
        <ele>1040.8</ele>
        <time>2014-04-15T00:36:47Z</time>
      </trkpt>
      <trkpt lat="40.626784" lon="-0.160616">
        <ele>1042.6</ele>
        <time>2014-04-15T00:36:51Z</time>
      </trkpt>
      <trkpt lat="40.626734" lon="-0.160549">
        <ele>1044.5</ele>
        <time>2014-04-15T00:36:54Z</time>
      </trkpt>
      <trkpt lat="40.626701" lon="-0.160433">
        <ele>1043.7</ele>
        <time>2014-04-15T00:36:59Z</time>
      </trkpt>
      <trkpt lat="40.626651" lon="-0.160366">
        <ele>1045.1</ele>
        <time>2014-04-15T00:37:03Z</time>
      </trkpt>
      <trkpt lat="40.626601" lon="-0.160266">
        <ele>1045.2</ele>
        <time>2014-04-15T00:37:07Z</time>
      </trkpt>
      <trkpt lat="40.626567" lon="-0.160199">
        <ele>1045.1</ele>
        <time>2014-04-15T00:37:10Z</time>
      </trkpt>
      <trkpt lat="40.626551" lon="-0.160166">
        <ele>1045.0</ele>
        <time>2014-04-15T00:37:12Z</time>
      </trkpt>
      <trkpt lat="40.626468" lon="-0.160033">
        <ele>1046.6</ele>
        <time>2014-04-15T00:37:18Z</time>
      </trkpt>
      <trkpt lat="40.626417" lon="-0.159950">
        <ele>1047.1</ele>
        <time>2014-04-15T00:37:22Z</time>
      </trkpt>
      <trkpt lat="40.626368" lon="-0.159899">
        <ele>1048.0</ele>
        <time>2014-04-15T00:37:26Z</time>
      </trkpt>
      <trkpt lat="40.626317" lon="-0.159832">
        <ele>1049.1</ele>
        <time>2014-04-15T00:37:29Z</time>
      </trkpt>
      <trkpt lat="40.626251" lon="-0.159733">
        <ele>1051.5</ele>
        <time>2014-04-15T00:37:34Z</time>
      </trkpt>
      <trkpt lat="40.626217" lon="-0.159633">
        <ele>1050.1</ele>
        <time>2014-04-15T00:37:38Z</time>
      </trkpt>
      <trkpt lat="40.626151" lon="-0.159549">
        <ele>1051.4</ele>
        <time>2014-04-15T00:37:43Z</time>
      </trkpt>
      <trkpt lat="40.626084" lon="-0.159516">
        <ele>1054.1</ele>
        <time>2014-04-15T00:37:46Z</time>
      </trkpt>
      <trkpt lat="40.626001" lon="-0.159483">
        <ele>1057.0</ele>
        <time>2014-04-15T00:37:51Z</time>
      </trkpt>
      <trkpt lat="40.625918" lon="-0.159433">
        <ele>1058.9</ele>
        <time>2014-04-15T00:37:55Z</time>
      </trkpt>
      <trkpt lat="40.625851" lon="-0.159399">
        <ele>1062.7</ele>
        <time>2014-04-15T00:37:59Z</time>
      </trkpt>
      <trkpt lat="40.625834" lon="-0.159366">
        <ele>1062.5</ele>
        <time>2014-04-15T00:38:00Z</time>
      </trkpt>
      <trkpt lat="40.625767" lon="-0.159183">
        <ele>1058.8</ele>
        <time>2014-04-15T00:38:08Z</time>
      </trkpt>
      <trkpt lat="40.625751" lon="-0.159082">
        <ele>1054.4</ele>
        <time>2014-04-15T00:38:12Z</time>
      </trkpt>
      <trkpt lat="40.625734" lon="-0.158949">
        <ele>1050.5</ele>
        <time>2014-04-15T00:38:17Z</time>
      </trkpt>
      <trkpt lat="40.625718" lon="-0.158849">
        <ele>1048.9</ele>
        <time>2014-04-15T00:38:21Z</time>
      </trkpt>
      <trkpt lat="40.625718" lon="-0.158833">
        <ele>1048.3</ele>
        <time>2014-04-15T00:38:22Z</time>
      </trkpt>
      <trkpt lat="40.625635" lon="-0.158633">
        <ele>1048.1</ele>
        <time>2014-04-15T00:38:30Z</time>
      </trkpt>
      <trkpt lat="40.625584" lon="-0.158566">
        <ele>1049.1</ele>
        <time>2014-04-15T00:38:34Z</time>
      </trkpt>
      <trkpt lat="40.625535" lon="-0.158466">
        <ele>1049.1</ele>
        <time>2014-04-15T00:38:39Z</time>
      </trkpt>
      <trkpt lat="40.625484" lon="-0.158383">
        <ele>1049.5</ele>
        <time>2014-04-15T00:38:43Z</time>
      </trkpt>
      <trkpt lat="40.625417" lon="-0.158316">
        <ele>1050.6</ele>
        <time>2014-04-15T00:38:47Z</time>
      </trkpt>
      <trkpt lat="40.625334" lon="-0.158283">
        <ele>1052.8</ele>
        <time>2014-04-15T00:38:51Z</time>
      </trkpt>
      <trkpt lat="40.625284" lon="-0.158250">
        <ele>1053.1</ele>
        <time>2014-04-15T00:38:54Z</time>
      </trkpt>
      <trkpt lat="40.625217" lon="-0.158199">
        <ele>1052.2</ele>
        <time>2014-04-15T00:38:58Z</time>
      </trkpt>
      <trkpt lat="40.625184" lon="-0.158183">
        <ele>1051.9</ele>
        <time>2014-04-15T00:39:00Z</time>
      </trkpt>
      <trkpt lat="40.625067" lon="-0.158133">
        <ele>1052.3</ele>
        <time>2014-04-15T00:39:06Z</time>
      </trkpt>
      <trkpt lat="40.624967" lon="-0.158099">
        <ele>1053.7</ele>
        <time>2014-04-15T00:39:11Z</time>
      </trkpt>
      <trkpt lat="40.624901" lon="-0.158083">
        <ele>1054.3</ele>
        <time>2014-04-15T00:39:14Z</time>
      </trkpt>
      <trkpt lat="40.624834" lon="-0.158083">
        <ele>1055.8</ele>
        <time>2014-04-15T00:39:18Z</time>
      </trkpt>
      <trkpt lat="40.624767" lon="-0.158083">
        <ele>1056.8</ele>
        <time>2014-04-15T00:39:21Z</time>
      </trkpt>
      <trkpt lat="40.624701" lon="-0.158065">
        <ele>1056.7</ele>
        <time>2014-04-15T00:39:24Z</time>
      </trkpt>
      <trkpt lat="40.624617" lon="-0.158065">
        <ele>1057.3</ele>
        <time>2014-04-15T00:39:28Z</time>
      </trkpt>
      <trkpt lat="40.624534" lon="-0.158050">
        <ele>1057.0</ele>
        <time>2014-04-15T00:39:33Z</time>
      </trkpt>
      <trkpt lat="40.624468" lon="-0.158133">
        <ele>1061.1</ele>
        <time>2014-04-15T00:39:37Z</time>
      </trkpt>
      <trkpt lat="40.624384" lon="-0.158133">
        <ele>1060.6</ele>
        <time>2014-04-15T00:39:41Z</time>
      </trkpt>
      <trkpt lat="40.624317" lon="-0.158099">
        <ele>1058.4</ele>
        <time>2014-04-15T00:39:45Z</time>
      </trkpt>
      <trkpt lat="40.624234" lon="-0.158083">
        <ele>1057.2</ele>
        <time>2014-04-15T00:39:49Z</time>
      </trkpt>
      <trkpt lat="40.624167" lon="-0.158133">
        <ele>1057.9</ele>
        <time>2014-04-15T00:39:53Z</time>
      </trkpt>
      <trkpt lat="40.624100" lon="-0.158183">
        <ele>1059.5</ele>
        <time>2014-04-15T00:39:57Z</time>
      </trkpt>
      <trkpt lat="40.624018" lon="-0.158250">
        <ele>1063.0</ele>
        <time>2014-04-15T00:40:02Z</time>
      </trkpt>
      <trkpt lat="40.624001" lon="-0.158250">
        <ele>1063.3</ele>
        <time>2014-04-15T00:40:03Z</time>
      </trkpt>
      <trkpt lat="40.623867" lon="-0.158199">
        <ele>1063.2</ele>
        <time>2014-04-15T00:40:10Z</time>
      </trkpt>
      <trkpt lat="40.623784" lon="-0.158166">
        <ele>1063.1</ele>
        <time>2014-04-15T00:40:14Z</time>
      </trkpt>
      <trkpt lat="40.623701" lon="-0.158150">
        <ele>1063.7</ele>
        <time>2014-04-15T00:40:18Z</time>
      </trkpt>
      <trkpt lat="40.623634" lon="-0.158133">
        <ele>1064.0</ele>
        <time>2014-04-15T00:40:22Z</time>
      </trkpt>
      <trkpt lat="40.623568" lon="-0.158133">
        <ele>1064.7</ele>
        <time>2014-04-15T00:40:25Z</time>
      </trkpt>
      <trkpt lat="40.623501" lon="-0.158133">
        <ele>1065.4</ele>
        <time>2014-04-15T00:40:28Z</time>
      </trkpt>
      <trkpt lat="40.623417" lon="-0.158133">
        <ele>1066.7</ele>
        <time>2014-04-15T00:40:32Z</time>
      </trkpt>
      <trkpt lat="40.623334" lon="-0.158133">
        <ele>1068.3</ele>
        <time>2014-04-15T00:40:37Z</time>
      </trkpt>
      <trkpt lat="40.623251" lon="-0.158133">
        <ele>1070.3</ele>
        <time>2014-04-15T00:40:41Z</time>
      </trkpt>
      <trkpt lat="40.623167" lon="-0.158099">
        <ele>1070.6</ele>
        <time>2014-04-15T00:40:45Z</time>
      </trkpt>
      <trkpt lat="40.623084" lon="-0.158032">
        <ele>1069.4</ele>
        <time>2014-04-15T00:40:50Z</time>
      </trkpt>
      <trkpt lat="40.623001" lon="-0.157999">
        <ele>1070.4</ele>
        <time>2014-04-15T00:40:54Z</time>
      </trkpt>
      <trkpt lat="40.622984" lon="-0.157999">
        <ele>1071.0</ele>
        <time>2014-04-15T00:40:55Z</time>
      </trkpt>
      <trkpt lat="40.622850" lon="-0.157983">
        <ele>1073.9</ele>
        <time>2014-04-15T00:41:02Z</time>
      </trkpt>
      <trkpt lat="40.622768" lon="-0.157983">
        <ele>1076.7</ele>
        <time>2014-04-15T00:41:06Z</time>
      </trkpt>
      <trkpt lat="40.622684" lon="-0.157933">
        <ele>1078.0</ele>
        <time>2014-04-15T00:41:11Z</time>
      </trkpt>
      <trkpt lat="40.622617" lon="-0.157899">
        <ele>1079.4</ele>
        <time>2014-04-15T00:41:14Z</time>
      </trkpt>
      <trkpt lat="40.622551" lon="-0.157850">
        <ele>1079.0</ele>
        <time>2014-04-15T00:41:18Z</time>
      </trkpt>
      <trkpt lat="40.622484" lon="-0.157816">
        <ele>1078.8</ele>
        <time>2014-04-15T00:41:22Z</time>
      </trkpt>
      <trkpt lat="40.622434" lon="-0.157766">
        <ele>1077.3</ele>
        <time>2014-04-15T00:41:25Z</time>
      </trkpt>
      <trkpt lat="40.622384" lon="-0.157699">
        <ele>1075.5</ele>
        <time>2014-04-15T00:41:28Z</time>
      </trkpt>
      <trkpt lat="40.622317" lon="-0.157633">
        <ele>1075.0</ele>
        <time>2014-04-15T00:41:32Z</time>
      </trkpt>
      <trkpt lat="40.622251" lon="-0.157566">
        <ele>1075.5</ele>
        <time>2014-04-15T00:41:37Z</time>
      </trkpt>
      <trkpt lat="40.622184" lon="-0.157533">
        <ele>1077.4</ele>
        <time>2014-04-15T00:41:40Z</time>
      </trkpt>
      <trkpt lat="40.622101" lon="-0.157533">
        <ele>1081.0</ele>
        <time>2014-04-15T00:41:44Z</time>
      </trkpt>
      <trkpt lat="40.622018" lon="-0.157499">
        <ele>1082.5</ele>
        <time>2014-04-15T00:41:49Z</time>
      </trkpt>
      <trkpt lat="40.621934" lon="-0.157432">
        <ele>1082.7</ele>
        <time>2014-04-15T00:41:54Z</time>
      </trkpt>
      <trkpt lat="40.621918" lon="-0.157432">
        <ele>1083.2</ele>
        <time>2014-04-15T00:41:54Z</time>
      </trkpt>
      <trkpt lat="40.621801" lon="-0.157299">
        <ele>1082.6</ele>
        <time>2014-04-15T00:42:02Z</time>
      </trkpt>
      <trkpt lat="40.621735" lon="-0.157232">
        <ele>1082.7</ele>
        <time>2014-04-15T00:42:06Z</time>
      </trkpt>
      <trkpt lat="40.621668" lon="-0.157199">
        <ele>1083.8</ele>
        <time>2014-04-15T00:42:10Z</time>
      </trkpt>
      <trkpt lat="40.621584" lon="-0.157133">
        <ele>1083.2</ele>
        <time>2014-04-15T00:42:15Z</time>
      </trkpt>
      <trkpt lat="40.621517" lon="-0.157099">
        <ele>1083.4</ele>
        <time>2014-04-15T00:42:18Z</time>
      </trkpt>
      <trkpt lat="40.621434" lon="-0.157099">
        <ele>1086.0</ele>
        <time>2014-04-15T00:42:23Z</time>
      </trkpt>
      <trkpt lat="40.621351" lon="-0.157066">
        <ele>1087.1</ele>
        <time>2014-04-15T00:42:27Z</time>
      </trkpt>
      <trkpt lat="40.621267" lon="-0.157049">
        <ele>1088.9</ele>
        <time>2014-04-15T00:42:31Z</time>
      </trkpt>
      <trkpt lat="40.621184" lon="-0.157049">
        <ele>1091.4</ele>
        <time>2014-04-15T00:42:35Z</time>
      </trkpt>
      <trkpt lat="40.621118" lon="-0.156999">
        <ele>1090.6</ele>
        <time>2014-04-15T00:42:39Z</time>
      </trkpt>
      <trkpt lat="40.621034" lon="-0.156982">
        <ele>1091.5</ele>
        <time>2014-04-15T00:42:43Z</time>
      </trkpt>
      <trkpt lat="40.620967" lon="-0.156949">
        <ele>1091.6</ele>
        <time>2014-04-15T00:42:47Z</time>
      </trkpt>
      <trkpt lat="40.620951" lon="-0.156949">
        <ele>1092.0</ele>
        <time>2014-04-15T00:42:48Z</time>
      </trkpt>
      <trkpt lat="40.620818" lon="-0.156916">
        <ele>1093.2</ele>
        <time>2014-04-15T00:42:55Z</time>
      </trkpt>
      <trkpt lat="40.620734" lon="-0.156882">
        <ele>1092.6</ele>
        <time>2014-04-15T00:42:59Z</time>
      </trkpt>
      <trkpt lat="40.620651" lon="-0.156866">
        <ele>1092.5</ele>
        <time>2014-04-15T00:43:03Z</time>
      </trkpt>
      <trkpt lat="40.620567" lon="-0.156866">
        <ele>1093.4</ele>
        <time>2014-04-15T00:43:07Z</time>
      </trkpt>
      <trkpt lat="40.620467" lon="-0.156866">
        <ele>1094.2</ele>
        <time>2014-04-15T00:43:12Z</time>
      </trkpt>
      <trkpt lat="40.620400" lon="-0.156833">
        <ele>1092.8</ele>
        <time>2014-04-15T00:43:16Z</time>
      </trkpt>
      <trkpt lat="40.620334" lon="-0.156816">
        <ele>1092.1</ele>
        <time>2014-04-15T00:43:19Z</time>
      </trkpt>
      <trkpt lat="40.620251" lon="-0.156816">
        <ele>1092.3</ele>
        <time>2014-04-15T00:43:23Z</time>
      </trkpt>
      <trkpt lat="40.620167" lon="-0.156833">
        <ele>1093.3</ele>
        <time>2014-04-15T00:43:28Z</time>
      </trkpt>
      <trkpt lat="40.620101" lon="-0.156849">
        <ele>1094.0</ele>
        <time>2014-04-15T00:43:31Z</time>
      </trkpt>
      <trkpt lat="40.620034" lon="-0.156849">
        <ele>1094.1</ele>
        <time>2014-04-15T00:43:34Z</time>
      </trkpt>
      <trkpt lat="40.619951" lon="-0.156882">
        <ele>1096.1</ele>
        <time>2014-04-15T00:43:39Z</time>
      </trkpt>
      <trkpt lat="40.619867" lon="-0.156882">
        <ele>1096.4</ele>
        <time>2014-04-15T00:43:43Z</time>
      </trkpt>
      <trkpt lat="40.619784" lon="-0.156882">
        <ele>1096.6</ele>
        <time>2014-04-15T00:43:47Z</time>
      </trkpt>
      <trkpt lat="40.619701" lon="-0.156882">
        <ele>1096.9</ele>
        <time>2014-04-15T00:43:51Z</time>
      </trkpt>
      <trkpt lat="40.619684" lon="-0.156882">
        <ele>1096.9</ele>
        <time>2014-04-15T00:43:52Z</time>
      </trkpt>
      <trkpt lat="40.619551" lon="-0.156916">
        <ele>1098.9</ele>
        <time>2014-04-15T00:43:59Z</time>
      </trkpt>
      <trkpt lat="40.619468" lon="-0.156916">
        <ele>1098.7</ele>
        <time>2014-04-15T00:44:03Z</time>
      </trkpt>
      <trkpt lat="40.619401" lon="-0.156933">
        <ele>1099.3</ele>
        <time>2014-04-15T00:44:06Z</time>
      </trkpt>
      <trkpt lat="40.619318" lon="-0.156982">
        <ele>1100.5</ele>
        <time>2014-04-15T00:44:11Z</time>
      </trkpt>
      <trkpt lat="40.619234" lon="-0.156999">
        <ele>1099.6</ele>
        <time>2014-04-15T00:44:15Z</time>
      </trkpt>
      <trkpt lat="40.619167" lon="-0.157066">
        <ele>1101.3</ele>
        <time>2014-04-15T00:44:19Z</time>
      </trkpt>
      <trkpt lat="40.619101" lon="-0.157116">
        <ele>1101.5</ele>
        <time>2014-04-15T00:44:23Z</time>
      </trkpt>
      <trkpt lat="40.619051" lon="-0.157199">
        <ele>1103.0</ele>
        <time>2014-04-15T00:44:27Z</time>
      </trkpt>
      <trkpt lat="40.619001" lon="-0.157266">
        <ele>1104.8</ele>
        <time>2014-04-15T00:44:31Z</time>
      </trkpt>
      <trkpt lat="40.618918" lon="-0.157332">
        <ele>1105.0</ele>
        <time>2014-04-15T00:44:36Z</time>
      </trkpt>
      <trkpt lat="40.618867" lon="-0.157415">
        <ele>1106.4</ele>
        <time>2014-04-15T00:44:40Z</time>
      </trkpt>
      <trkpt lat="40.618867" lon="-0.157449">
        <ele>1108.1</ele>
        <time>2014-04-15T00:44:41Z</time>
      </trkpt>
      <trkpt lat="40.618767" lon="-0.157582">
        <ele>1110.8</ele>
        <time>2014-04-15T00:44:48Z</time>
      </trkpt>
      <trkpt lat="40.618667" lon="-0.157699">
        <ele>1111.9</ele>
        <time>2014-04-15T00:44:55Z</time>
      </trkpt>
      <trkpt lat="40.618584" lon="-0.157749">
        <ele>1108.0</ele>
        <time>2014-04-15T00:44:59Z</time>
      </trkpt>
      <trkpt lat="40.618517" lon="-0.157782">
        <ele>1106.3</ele>
        <time>2014-04-15T00:45:03Z</time>
      </trkpt>
      <trkpt lat="40.618451" lon="-0.157816">
        <ele>1106.8</ele>
        <time>2014-04-15T00:45:06Z</time>
      </trkpt>
      <trkpt lat="40.618384" lon="-0.157849">
        <ele>1105.6</ele>
        <time>2014-04-15T00:45:10Z</time>
      </trkpt>
      <trkpt lat="40.618318" lon="-0.157933">
        <ele>1108.5</ele>
        <time>2014-04-15T00:45:15Z</time>
      </trkpt>
      <trkpt lat="40.618251" lon="-0.157999">
        <ele>1109.8</ele>
        <time>2014-04-15T00:45:19Z</time>
      </trkpt>
      <trkpt lat="40.618184" lon="-0.158049">
        <ele>1109.8</ele>
        <time>2014-04-15T00:45:23Z</time>
      </trkpt>
      <trkpt lat="40.618118" lon="-0.158133">
        <ele>1111.5</ele>
        <time>2014-04-15T00:45:27Z</time>
      </trkpt>
      <trkpt lat="40.618067" lon="-0.158183">
        <ele>1111.7</ele>
        <time>2014-04-15T00:45:30Z</time>
      </trkpt>
      <trkpt lat="40.618034" lon="-0.158183">
        <ele>1110.9</ele>
        <time>2014-04-15T00:45:32Z</time>
      </trkpt>
      <trkpt lat="40.617901" lon="-0.158216">
        <ele>1109.8</ele>
        <time>2014-04-15T00:45:39Z</time>
      </trkpt>
      <trkpt lat="40.617817" lon="-0.158216">
        <ele>1110.2</ele>
        <time>2014-04-15T00:45:43Z</time>
      </trkpt>
      <trkpt lat="40.617751" lon="-0.158216">
        <ele>1110.5</ele>
        <time>2014-04-15T00:45:46Z</time>
      </trkpt>
      <trkpt lat="40.617668" lon="-0.158216">
        <ele>1110.8</ele>
        <time>2014-04-15T00:45:51Z</time>
      </trkpt>
      <trkpt lat="40.617585" lon="-0.158249">
        <ele>1111.1</ele>
        <time>2014-04-15T00:45:55Z</time>
      </trkpt>
      <trkpt lat="40.617501" lon="-0.158249">
        <ele>1111.1</ele>
        <time>2014-04-15T00:45:59Z</time>
      </trkpt>
      <trkpt lat="40.617434" lon="-0.158249">
        <ele>1110.8</ele>
        <time>2014-04-15T00:46:02Z</time>
      </trkpt>
      <trkpt lat="40.617367" lon="-0.158249">
        <ele>1110.2</ele>
        <time>2014-04-15T00:46:06Z</time>
      </trkpt>
      <trkpt lat="40.617301" lon="-0.158283">
        <ele>1109.9</ele>
        <time>2014-04-15T00:46:09Z</time>
      </trkpt>
      <trkpt lat="40.617251" lon="-0.158333">
        <ele>1110.3</ele>
        <time>2014-04-15T00:46:12Z</time>
      </trkpt>
      <trkpt lat="40.617201" lon="-0.158400">
        <ele>1111.3</ele>
        <time>2014-04-15T00:46:16Z</time>
      </trkpt>
      <trkpt lat="40.617134" lon="-0.158466">
        <ele>1111.9</ele>
        <time>2014-04-15T00:46:20Z</time>
      </trkpt>
      <trkpt lat="40.617051" lon="-0.158516">
        <ele>1111.7</ele>
        <time>2014-04-15T00:46:25Z</time>
      </trkpt>
      <trkpt lat="40.616984" lon="-0.158582">
        <ele>1113.1</ele>
        <time>2014-04-15T00:46:29Z</time>
      </trkpt>
      <trkpt lat="40.616901" lon="-0.158633">
        <ele>1113.6</ele>
        <time>2014-04-15T00:46:34Z</time>
      </trkpt>
      <trkpt lat="40.616834" lon="-0.158682">
        <ele>1114.5</ele>
        <time>2014-04-15T00:46:37Z</time>
      </trkpt>
      <trkpt lat="40.616751" lon="-0.158733">
        <ele>1115.5</ele>
        <time>2014-04-15T00:46:42Z</time>
      </trkpt>
      <trkpt lat="40.616684" lon="-0.158766">
        <ele>1116.1</ele>
        <time>2014-04-15T00:46:46Z</time>
      </trkpt>
      <trkpt lat="40.616667" lon="-0.158782">
        <ele>1116.7</ele>
        <time>2014-04-15T00:46:47Z</time>
      </trkpt>
      <trkpt lat="40.616534" lon="-0.158849">
        <ele>1118.0</ele>
        <time>2014-04-15T00:46:54Z</time>
      </trkpt>
      <trkpt lat="40.616467" lon="-0.158882">
        <ele>1118.1</ele>
        <time>2014-04-15T00:46:57Z</time>
      </trkpt>
      <trkpt lat="40.616401" lon="-0.158916">
        <ele>1118.1</ele>
        <time>2014-04-15T00:47:01Z</time>
      </trkpt>
      <trkpt lat="40.616351" lon="-0.158982">
        <ele>1119.8</ele>
        <time>2014-04-15T00:47:04Z</time>
      </trkpt>
      <trkpt lat="40.616284" lon="-0.159049">
        <ele>1120.2</ele>
        <time>2014-04-15T00:47:09Z</time>
      </trkpt>
      <trkpt lat="40.616234" lon="-0.159132">
        <ele>1122.0</ele>
        <time>2014-04-15T00:47:13Z</time>
      </trkpt>
      <trkpt lat="40.616167" lon="-0.159216">
        <ele>1123.0</ele>
        <time>2014-04-15T00:47:17Z</time>
      </trkpt>
      <trkpt lat="40.616118" lon="-0.159299">
        <ele>1124.4</ele>
        <time>2014-04-15T00:47:21Z</time>
      </trkpt>
      <trkpt lat="40.616068" lon="-0.159399">
        <ele>1126.6</ele>
        <time>2014-04-15T00:47:26Z</time>
      </trkpt>
      <trkpt lat="40.616034" lon="-0.159483">
        <ele>1128.3</ele>
        <time>2014-04-15T00:47:29Z</time>
      </trkpt>
      <trkpt lat="40.615984" lon="-0.159599">
        <ele>1128.3</ele>
        <time>2014-04-15T00:47:34Z</time>
      </trkpt>
      <trkpt lat="40.615934" lon="-0.159666">
        <ele>1126.3</ele>
        <time>2014-04-15T00:47:38Z</time>
      </trkpt>
      <trkpt lat="40.615917" lon="-0.159682">
        <ele>1125.4</ele>
        <time>2014-04-15T00:47:39Z</time>
      </trkpt>
      <trkpt lat="40.615868" lon="-0.159849">
        <ele>1124.5</ele>
        <time>2014-04-15T00:47:46Z</time>
      </trkpt>
      <trkpt lat="40.615868" lon="-0.159949">
        <ele>1125.7</ele>
        <time>2014-04-15T00:47:50Z</time>
      </trkpt>
      <trkpt lat="40.615884" lon="-0.160049">
        <ele>1127.3</ele>
        <time>2014-04-15T00:47:54Z</time>
      </trkpt>
      <trkpt lat="40.615884" lon="-0.160149">
        <ele>1127.6</ele>
        <time>2014-04-15T00:47:57Z</time>
      </trkpt>
      <trkpt lat="40.615884" lon="-0.160266">
        <ele>1126.8</ele>
        <time>2014-04-15T00:48:02Z</time>
      </trkpt>
      <trkpt lat="40.615884" lon="-0.160382">
        <ele>1124.8</ele>
        <time>2014-04-15T00:48:06Z</time>
      </trkpt>
      <trkpt lat="40.615884" lon="-0.160466">
        <ele>1124.1</ele>
        <time>2014-04-15T00:48:09Z</time>
      </trkpt>
      <trkpt lat="40.615884" lon="-0.160549">
        <ele>1124.1</ele>
        <time>2014-04-15T00:48:13Z</time>
      </trkpt>
      <trkpt lat="40.615884" lon="-0.160649">
        <ele>1124.1</ele>
        <time>2014-04-15T00:48:16Z</time>
      </trkpt>
      <trkpt lat="40.615901" lon="-0.160766">
        <ele>1125.2</ele>
        <time>2014-04-15T00:48:21Z</time>
      </trkpt>
      <trkpt lat="40.615884" lon="-0.160866">
        <ele>1123.5</ele>
        <time>2014-04-15T00:48:25Z</time>
      </trkpt>
      <trkpt lat="40.615901" lon="-0.160950">
        <ele>1123.6</ele>
        <time>2014-04-15T00:48:28Z</time>
      </trkpt>
      <trkpt lat="40.615917" lon="-0.161032">
        <ele>1123.5</ele>
        <time>2014-04-15T00:48:31Z</time>
      </trkpt>
      <trkpt lat="40.615934" lon="-0.161150">
        <ele>1123.1</ele>
        <time>2014-04-15T00:48:36Z</time>
      </trkpt>
      <trkpt lat="40.615951" lon="-0.161232">
        <ele>1123.1</ele>
        <time>2014-04-15T00:48:39Z</time>
      </trkpt>
      <trkpt lat="40.615968" lon="-0.161333">
        <ele>1123.1</ele>
        <time>2014-04-15T00:48:43Z</time>
      </trkpt>
      <trkpt lat="40.615984" lon="-0.161433">
        <ele>1123.3</ele>
        <time>2014-04-15T00:48:47Z</time>
      </trkpt>
      <trkpt lat="40.616001" lon="-0.161533">
        <ele>1123.3</ele>
        <time>2014-04-15T00:48:51Z</time>
      </trkpt>
      <trkpt lat="40.616001" lon="-0.161633">
        <ele>1122.1</ele>
        <time>2014-04-15T00:48:55Z</time>
      </trkpt>
      <trkpt lat="40.616001" lon="-0.161749">
        <ele>1120.4</ele>
        <time>2014-04-15T00:48:59Z</time>
      </trkpt>
      <trkpt lat="40.616001" lon="-0.161849">
        <ele>1119.4</ele>
        <time>2014-04-15T00:49:03Z</time>
      </trkpt>
      <trkpt lat="40.616001" lon="-0.161883">
        <ele>1119.2</ele>
        <time>2014-04-15T00:49:04Z</time>
      </trkpt>
      <trkpt lat="40.615917" lon="-0.161699">
        <ele>1116.1</ele>
        <time>2014-04-15T00:49:12Z</time>
      </trkpt>
      <trkpt lat="40.615901" lon="-0.161583">
        <ele>1116.5</ele>
        <time>2014-04-15T00:49:17Z</time>
      </trkpt>
      <trkpt lat="40.615868" lon="-0.161499">
        <ele>1115.1</ele>
        <time>2014-04-15T00:49:20Z</time>
      </trkpt>
      <trkpt lat="40.615817" lon="-0.161383">
        <ele>1113.1</ele>
        <time>2014-04-15T00:49:25Z</time>
      </trkpt>
      <trkpt lat="40.615768" lon="-0.161299">
        <ele>1111.1</ele>
        <time>2014-04-15T00:49:29Z</time>
      </trkpt>
      <trkpt lat="40.615734" lon="-0.161199">
        <ele>1110.4</ele>
        <time>2014-04-15T00:49:34Z</time>
      </trkpt>
      <trkpt lat="40.615701" lon="-0.161099">
        <ele>1109.6</ele>
        <time>2014-04-15T00:49:38Z</time>
      </trkpt>
      <trkpt lat="40.615684" lon="-0.160983">
        <ele>1110.0</ele>
        <time>2014-04-15T00:49:42Z</time>
      </trkpt>
      <trkpt lat="40.615617" lon="-0.161066">
        <ele>1104.1</ele>
        <time>2014-04-15T00:49:47Z</time>
      </trkpt>
      <trkpt lat="40.615617" lon="-0.161083">
        <ele>1103.9</ele>
        <time>2014-04-15T00:49:47Z</time>
      </trkpt>
      <trkpt lat="40.615617" lon="-0.161249">
        <ele>1102.0</ele>
        <time>2014-04-15T00:49:54Z</time>
      </trkpt>
      <trkpt lat="40.615634" lon="-0.161349">
        <ele>1101.8</ele>
        <time>2014-04-15T00:49:58Z</time>
      </trkpt>
      <trkpt lat="40.615551" lon="-0.161333">
        <ele>1096.7</ele>
        <time>2014-04-15T00:50:02Z</time>
      </trkpt>
      <trkpt lat="40.615501" lon="-0.161249">
        <ele>1094.4</ele>
        <time>2014-04-15T00:50:06Z</time>
      </trkpt>
      <trkpt lat="40.615484" lon="-0.161183">
        <ele>1094.1</ele>
        <time>2014-04-15T00:50:09Z</time>
      </trkpt>
      <trkpt lat="40.615434" lon="-0.161083">
        <ele>1092.7</ele>
        <time>2014-04-15T00:50:13Z</time>
      </trkpt>
      <trkpt lat="40.615367" lon="-0.161032">
        <ele>1090.6</ele>
        <time>2014-04-15T00:50:17Z</time>
      </trkpt>
      <trkpt lat="40.615301" lon="-0.161116">
        <ele>1087.6</ele>
        <time>2014-04-15T00:50:22Z</time>
      </trkpt>
      <trkpt lat="40.615301" lon="-0.161216">
        <ele>1087.0</ele>
        <time>2014-04-15T00:50:25Z</time>
      </trkpt>
      <trkpt lat="40.615318" lon="-0.161316">
        <ele>1087.0</ele>
        <time>2014-04-15T00:50:29Z</time>
      </trkpt>
      <trkpt lat="40.615301" lon="-0.161416">
        <ele>1085.8</ele>
        <time>2014-04-15T00:50:33Z</time>
      </trkpt>
      <trkpt lat="40.615218" lon="-0.161349">
        <ele>1083.2</ele>
        <time>2014-04-15T00:50:38Z</time>
      </trkpt>
      <trkpt lat="40.615167" lon="-0.161283">
        <ele>1081.7</ele>
        <time>2014-04-15T00:50:42Z</time>
      </trkpt>
      <trkpt lat="40.615167" lon="-0.161266">
        <ele>1081.8</ele>
        <time>2014-04-15T00:50:42Z</time>
      </trkpt>
      <trkpt lat="40.615101" lon="-0.161132">
        <ele>1080.0</ele>
        <time>2014-04-15T00:50:48Z</time>
      </trkpt>
      <trkpt lat="40.615034" lon="-0.161299">
        <ele>1076.8</ele>
        <time>2014-04-15T00:50:55Z</time>
      </trkpt>
      <trkpt lat="40.615001" lon="-0.161466">
        <ele>1074.8</ele>
        <time>2014-04-15T00:51:02Z</time>
      </trkpt>
      <trkpt lat="40.614968" lon="-0.161566">
        <ele>1073.2</ele>
        <time>2014-04-15T00:51:06Z</time>
      </trkpt>
      <trkpt lat="40.614901" lon="-0.161499">
        <ele>1071.2</ele>
        <time>2014-04-15T00:51:10Z</time>
      </trkpt>
      <trkpt lat="40.614901" lon="-0.161399">
        <ele>1071.6</ele>
        <time>2014-04-15T00:51:14Z</time>
      </trkpt>
      <trkpt lat="40.614868" lon="-0.161283">
        <ele>1071.0</ele>
        <time>2014-04-15T00:51:19Z</time>
      </trkpt>
      <trkpt lat="40.614851" lon="-0.161199">
        <ele>1070.7</ele>
        <time>2014-04-15T00:51:22Z</time>
      </trkpt>
      <trkpt lat="40.614851" lon="-0.161116">
        <ele>1070.9</ele>
        <time>2014-04-15T00:51:25Z</time>
      </trkpt>
      <trkpt lat="40.614834" lon="-0.161032">
        <ele>1070.5</ele>
        <time>2014-04-15T00:51:29Z</time>
      </trkpt>
      <trkpt lat="40.614784" lon="-0.160950">
        <ele>1069.0</ele>
        <time>2014-04-15T00:51:33Z</time>
      </trkpt>
      <trkpt lat="40.614751" lon="-0.160882">
        <ele>1067.9</ele>
        <time>2014-04-15T00:51:36Z</time>
      </trkpt>
      <trkpt lat="40.614734" lon="-0.160766">
        <ele>1066.8</ele>
        <time>2014-04-15T00:51:40Z</time>
      </trkpt>
      <trkpt lat="40.614684" lon="-0.160716">
        <ele>1065.3</ele>
        <time>2014-04-15T00:51:43Z</time>
      </trkpt>
      <trkpt lat="40.614601" lon="-0.160682">
        <ele>1063.0</ele>
        <time>2014-04-15T00:51:48Z</time>
      </trkpt>
      <trkpt lat="40.614534" lon="-0.160682">
        <ele>1061.1</ele>
        <time>2014-04-15T00:51:51Z</time>
      </trkpt>
      <trkpt lat="40.614467" lon="-0.160633">
        <ele>1058.7</ele>
        <time>2014-04-15T00:51:55Z</time>
      </trkpt>
      <trkpt lat="40.614451" lon="-0.160633">
        <ele>1058.3</ele>
        <time>2014-04-15T00:51:56Z</time>
      </trkpt>
      <trkpt lat="40.614334" lon="-0.160582">
        <ele>1054.3</ele>
        <time>2014-04-15T00:52:02Z</time>
      </trkpt>
      <trkpt lat="40.614284" lon="-0.160549">
        <ele>1052.9</ele>
        <time>2014-04-15T00:52:05Z</time>
      </trkpt>
      <trkpt lat="40.614251" lon="-0.160432">
        <ele>1052.0</ele>
        <time>2014-04-15T00:52:09Z</time>
      </trkpt>
      <trkpt lat="40.614234" lon="-0.160349">
        <ele>1051.5</ele>
        <time>2014-04-15T00:52:13Z</time>
      </trkpt>
      <trkpt lat="40.614218" lon="-0.160266">
        <ele>1051.0</ele>
        <time>2014-04-15T00:52:16Z</time>
      </trkpt>
      <trkpt lat="40.614201" lon="-0.160183">
        <ele>1050.6</ele>
        <time>2014-04-15T00:52:19Z</time>
      </trkpt>
      <trkpt lat="40.614184" lon="-0.160132">
        <ele>1050.2</ele>
        <time>2014-04-15T00:52:21Z</time>
      </trkpt>
      <trkpt lat="40.614168" lon="-0.160033">
        <ele>1049.6</ele>
        <time>2014-04-15T00:52:25Z</time>
      </trkpt>
      <trkpt lat="40.614168" lon="-0.159933">
        <ele>1048.2</ele>
        <time>2014-04-15T00:52:29Z</time>
      </trkpt>
      <trkpt lat="40.614168" lon="-0.159832">
        <ele>1046.5</ele>
        <time>2014-04-15T00:52:33Z</time>
      </trkpt>
      <trkpt lat="40.614150" lon="-0.159716">
        <ele>1044.3</ele>
        <time>2014-04-15T00:52:37Z</time>
      </trkpt>
      <trkpt lat="40.614117" lon="-0.159616">
        <ele>1042.1</ele>
        <time>2014-04-15T00:52:41Z</time>
      </trkpt>
      <trkpt lat="40.614117" lon="-0.159499">
        <ele>1040.7</ele>
        <time>2014-04-15T00:52:46Z</time>
      </trkpt>
      <trkpt lat="40.614150" lon="-0.159449">
        <ele>1040.9</ele>
        <time>2014-04-15T00:52:48Z</time>
      </trkpt>
      <trkpt lat="40.614168" lon="-0.159349">
        <ele>1040.9</ele>
        <time>2014-04-15T00:52:52Z</time>
      </trkpt>
      <trkpt lat="40.614150" lon="-0.159232">
        <ele>1039.6</ele>
        <time>2014-04-15T00:52:57Z</time>
      </trkpt>
      <trkpt lat="40.614101" lon="-0.159149">
        <ele>1037.4</ele>
        <time>2014-04-15T00:53:01Z</time>
      </trkpt>
      <trkpt lat="40.614068" lon="-0.159082">
        <ele>1035.6</ele>
        <time>2014-04-15T00:53:04Z</time>
      </trkpt>
      <trkpt lat="40.614017" lon="-0.159016">
        <ele>1033.5</ele>
        <time>2014-04-15T00:53:07Z</time>
      </trkpt>
      <trkpt lat="40.613951" lon="-0.158966">
        <ele>1030.7</ele>
        <time>2014-04-15T00:53:11Z</time>
      </trkpt>
      <trkpt lat="40.613901" lon="-0.158882">
        <ele>1028.1</ele>
        <time>2014-04-15T00:53:15Z</time>
      </trkpt>
      <trkpt lat="40.613934" lon="-0.158766">
        <ele>1028.7</ele>
        <time>2014-04-15T00:53:20Z</time>
      </trkpt>
      <trkpt lat="40.613934" lon="-0.158666">
        <ele>1027.9</ele>
        <time>2014-04-15T00:53:24Z</time>
      </trkpt>
      <trkpt lat="40.613901" lon="-0.158582">
        <ele>1025.7</ele>
        <time>2014-04-15T00:53:27Z</time>
      </trkpt>
      <trkpt lat="40.613884" lon="-0.158566">
        <ele>1024.8</ele>
        <time>2014-04-15T00:53:28Z</time>
      </trkpt>
      <trkpt lat="40.613834" lon="-0.158449">
        <ele>1022.7</ele>
        <time>2014-04-15T00:53:33Z</time>
      </trkpt>
      <trkpt lat="40.613784" lon="-0.158349">
        <ele>1020.9</ele>
        <time>2014-04-15T00:53:38Z</time>
      </trkpt>
      <trkpt lat="40.613751" lon="-0.158283">
        <ele>1019.6</ele>
        <time>2014-04-15T00:53:41Z</time>
      </trkpt>
      <trkpt lat="40.613717" lon="-0.158216">
        <ele>1018.5</ele>
        <time>2014-04-15T00:53:44Z</time>
      </trkpt>
      <trkpt lat="40.613651" lon="-0.158133">
        <ele>1016.6</ele>
        <time>2014-04-15T00:53:49Z</time>
      </trkpt>
      <trkpt lat="40.613567" lon="-0.158133">
        <ele>1013.7</ele>
        <time>2014-04-15T00:53:53Z</time>
      </trkpt>
      <trkpt lat="40.613501" lon="-0.158065">
        <ele>1013.6</ele>
        <time>2014-04-15T00:53:57Z</time>
      </trkpt>
      <trkpt lat="40.613418" lon="-0.158032">
        <ele>1011.4</ele>
        <time>2014-04-15T00:54:01Z</time>
      </trkpt>
      <trkpt lat="40.613351" lon="-0.157982">
        <ele>1009.8</ele>
        <time>2014-04-15T00:54:05Z</time>
      </trkpt>
      <trkpt lat="40.613284" lon="-0.157933">
        <ele>1008.6</ele>
        <time>2014-04-15T00:54:09Z</time>
      </trkpt>
      <trkpt lat="40.613235" lon="-0.157882">
        <ele>1007.9</ele>
        <time>2014-04-15T00:54:12Z</time>
      </trkpt>
      <trkpt lat="40.613168" lon="-0.157849">
        <ele>1006.2</ele>
        <time>2014-04-15T00:54:16Z</time>
      </trkpt>
      <trkpt lat="40.613101" lon="-0.157816">
        <ele>1004.9</ele>
        <time>2014-04-15T00:54:19Z</time>
      </trkpt>
      <trkpt lat="40.613017" lon="-0.157816">
        <ele>1002.0</ele>
        <time>2014-04-15T00:54:24Z</time>
      </trkpt>
      <trkpt lat="40.612951" lon="-0.157766">
        <ele>1001.2</ele>
        <time>2014-04-15T00:54:27Z</time>
      </trkpt>
      <trkpt lat="40.612901" lon="-0.157716">
        <ele>1000.8</ele>
        <time>2014-04-15T00:54:31Z</time>
      </trkpt>
      <trkpt lat="40.612851" lon="-0.157633">
        <ele>998.2</ele>
        <time>2014-04-15T00:54:35Z</time>
      </trkpt>
      <trkpt lat="40.612834" lon="-0.157616">
        <ele>996.9</ele>
        <time>2014-04-15T00:54:36Z</time>
      </trkpt>
      <trkpt lat="40.612834" lon="-0.157449">
        <ele>995.5</ele>
        <time>2014-04-15T00:54:42Z</time>
      </trkpt>
      <trkpt lat="40.612834" lon="-0.157332">
        <ele>994.6</ele>
        <time>2014-04-15T00:54:46Z</time>
      </trkpt>
      <trkpt lat="40.612834" lon="-0.157266">
        <ele>994.4</ele>
        <time>2014-04-15T00:54:49Z</time>
      </trkpt>
      <trkpt lat="40.612818" lon="-0.157183">
        <ele>994.3</ele>
        <time>2014-04-15T00:54:52Z</time>
      </trkpt>
      <trkpt lat="40.612768" lon="-0.157099">
        <ele>993.5</ele>
        <time>2014-04-15T00:54:56Z</time>
      </trkpt>
      <trkpt lat="40.612718" lon="-0.156999">
        <ele>993.5</ele>
        <time>2014-04-15T00:55:01Z</time>
      </trkpt>
      <trkpt lat="40.612651" lon="-0.156949">
        <ele>992.6</ele>
        <time>2014-04-15T00:55:05Z</time>
      </trkpt>
      <trkpt lat="40.612584" lon="-0.156916">
        <ele>991.5</ele>
        <time>2014-04-15T00:55:08Z</time>
      </trkpt>
      <trkpt lat="40.612517" lon="-0.156882">
        <ele>990.4</ele>
        <time>2014-04-15T00:55:12Z</time>
      </trkpt>
      <trkpt lat="40.612434" lon="-0.156882">
        <ele>987.5</ele>
        <time>2014-04-15T00:55:16Z</time>
      </trkpt>
      <trkpt lat="40.612367" lon="-0.156849">
        <ele>985.8</ele>
        <time>2014-04-15T00:55:19Z</time>
      </trkpt>
      <trkpt lat="40.612268" lon="-0.156833">
        <ele>982.4</ele>
        <time>2014-04-15T00:55:25Z</time>
      </trkpt>
      <trkpt lat="40.612217" lon="-0.156799">
        <ele>981.3</ele>
        <time>2014-04-15T00:55:27Z</time>
      </trkpt>
      <trkpt lat="40.612151" lon="-0.156733">
        <ele>980.0</ele>
        <time>2014-04-15T00:55:32Z</time>
      </trkpt>
      <trkpt lat="40.612084" lon="-0.156682">
        <ele>978.3</ele>
        <time>2014-04-15T00:55:35Z</time>
      </trkpt>
      <trkpt lat="40.612034" lon="-0.156633">
        <ele>976.8</ele>
        <time>2014-04-15T00:55:38Z</time>
      </trkpt>
      <trkpt lat="40.611968" lon="-0.156582">
        <ele>974.4</ele>
        <time>2014-04-15T00:55:42Z</time>
      </trkpt>
      <trkpt lat="40.611901" lon="-0.156533">
        <ele>973.0</ele>
        <time>2014-04-15T00:55:46Z</time>
      </trkpt>
      <trkpt lat="40.611851" lon="-0.156466">
        <ele>972.4</ele>
        <time>2014-04-15T00:55:50Z</time>
      </trkpt>
      <trkpt lat="40.611801" lon="-0.156399">
        <ele>971.9</ele>
        <time>2014-04-15T00:55:53Z</time>
      </trkpt>
      <trkpt lat="40.611751" lon="-0.156316">
        <ele>970.7</ele>
        <time>2014-04-15T00:55:57Z</time>
      </trkpt>
      <trkpt lat="40.611734" lon="-0.156283">
        <ele>969.9</ele>
        <time>2014-04-15T00:55:59Z</time>
      </trkpt>
      <trkpt lat="40.611651" lon="-0.156149">
        <ele>967.0</ele>
        <time>2014-04-15T00:56:05Z</time>
      </trkpt>
      <trkpt lat="40.611618" lon="-0.156065">
        <ele>965.7</ele>
        <time>2014-04-15T00:56:09Z</time>
      </trkpt>
      <trkpt lat="40.611584" lon="-0.156033">
        <ele>964.9</ele>
        <time>2014-04-15T00:56:11Z</time>
      </trkpt>
      <trkpt lat="40.611551" lon="-0.155949">
        <ele>963.8</ele>
        <time>2014-04-15T00:56:15Z</time>
      </trkpt>
      <trkpt lat="40.611518" lon="-0.155899">
        <ele>963.0</ele>
        <time>2014-04-15T00:56:17Z</time>
      </trkpt>
      <trkpt lat="40.611484" lon="-0.155833">
        <ele>962.3</ele>
        <time>2014-04-15T00:56:20Z</time>
      </trkpt>
      <trkpt lat="40.611451" lon="-0.155766">
        <ele>961.8</ele>
        <time>2014-04-15T00:56:23Z</time>
      </trkpt>
      <trkpt lat="40.611418" lon="-0.155715">
        <ele>961.3</ele>
        <time>2014-04-15T00:56:26Z</time>
      </trkpt>
      <trkpt lat="40.611384" lon="-0.155649">
        <ele>960.7</ele>
        <time>2014-04-15T00:56:29Z</time>
      </trkpt>
      <trkpt lat="40.611334" lon="-0.155582">
        <ele>959.9</ele>
        <time>2014-04-15T00:56:32Z</time>
      </trkpt>
      <trkpt lat="40.611301" lon="-0.155532">
        <ele>959.3</ele>
        <time>2014-04-15T00:56:35Z</time>
      </trkpt>
      <trkpt lat="40.611251" lon="-0.155466">
        <ele>958.4</ele>
        <time>2014-04-15T00:56:38Z</time>
      </trkpt>
      <trkpt lat="40.611201" lon="-0.155416">
        <ele>957.5</ele>
        <time>2014-04-15T00:56:42Z</time>
      </trkpt>
      <trkpt lat="40.611151" lon="-0.155349">
        <ele>956.6</ele>
        <time>2014-04-15T00:56:45Z</time>
      </trkpt>
      <trkpt lat="40.611101" lon="-0.155283">
        <ele>955.7</ele>
        <time>2014-04-15T00:56:49Z</time>
      </trkpt>
      <trkpt lat="40.611068" lon="-0.155216">
        <ele>955.3</ele>
        <time>2014-04-15T00:56:52Z</time>
      </trkpt>
      <trkpt lat="40.611017" lon="-0.155150">
        <ele>954.8</ele>
        <time>2014-04-15T00:56:55Z</time>
      </trkpt>
      <trkpt lat="40.610984" lon="-0.155083">
        <ele>954.6</ele>
        <time>2014-04-15T00:56:58Z</time>
      </trkpt>
      <trkpt lat="40.610934" lon="-0.155016">
        <ele>954.4</ele>
        <time>2014-04-15T00:57:02Z</time>
      </trkpt>
      <trkpt lat="40.610886" lon="-0.154910">
        <ele>954.4</ele>
        <time>2014-04-15T00:57:07Z</time>
      </trkpt>
      <trkpt lat="40.610795" lon="-0.154680">
        <ele>953.8</ele>
        <time>2014-04-15T00:57:16Z</time>
      </trkpt>
      <trkpt lat="40.610700" lon="-0.154494">
        <ele>954.1</ele>
        <time>2014-04-15T00:57:25Z</time>
      </trkpt>
      <trkpt lat="40.610700" lon="-0.154494">
        <ele>954.1</ele>
        <time>2014-04-15T00:57:25Z</time>
      </trkpt>
      <trkpt lat="40.610653" lon="-0.154373">
        <ele>953.8</ele>
        <time>2014-04-15T00:57:30Z</time>
      </trkpt>
      <trkpt lat="40.610542" lon="-0.154195">
        <ele>953.4</ele>
        <time>2014-04-15T00:57:39Z</time>
      </trkpt>
      <trkpt lat="40.610387" lon="-0.153929">
        <ele>954.0</ele>
        <time>2014-04-15T00:57:52Z</time>
      </trkpt>
      <trkpt lat="40.610181" lon="-0.153544">
        <ele>955.6</ele>
        <time>2014-04-15T00:58:09Z</time>
      </trkpt>
      <trkpt lat="40.609955" lon="-0.153128">
        <ele>957.5</ele>
        <time>2014-04-15T00:58:29Z</time>
      </trkpt>
      <trkpt lat="40.609728" lon="-0.152606">
        <ele>957.9</ele>
        <time>2014-04-15T00:58:52Z</time>
      </trkpt>
      <trkpt lat="40.609659" lon="-0.152330">
        <ele>958.1</ele>
        <time>2014-04-15T00:59:03Z</time>
      </trkpt>
      <trkpt lat="40.609601" lon="-0.152082">
        <ele>958.8</ele>
        <time>2014-04-15T00:59:13Z</time>
      </trkpt>
      <trkpt lat="40.609547" lon="-0.151812">
        <ele>960.0</ele>
        <time>2014-04-15T00:59:23Z</time>
      </trkpt>
      <trkpt lat="40.609481" lon="-0.151579">
        <ele>960.6</ele>
        <time>2014-04-15T00:59:33Z</time>
      </trkpt>
      <trkpt lat="40.609371" lon="-0.151286">
        <ele>961.0</ele>
        <time>2014-04-15T00:59:45Z</time>
      </trkpt>
      <trkpt lat="40.609241" lon="-0.151048">
        <ele>962.9</ele>
        <time>2014-04-15T00:59:56Z</time>
      </trkpt>
      <trkpt lat="40.609145" lon="-0.150873">
        <ele>964.2</ele>
        <time>2014-04-15T01:00:04Z</time>
      </trkpt>
      <trkpt lat="40.609083" lon="-0.150758">
        <ele>964.9</ele>
        <time>2014-04-15T01:00:10Z</time>
      </trkpt>
      <trkpt lat="40.609001" lon="-0.150588">
        <ele>965.2</ele>
        <time>2014-04-15T01:00:17Z</time>
      </trkpt>
      <trkpt lat="40.608929" lon="-0.150433">
        <ele>965.8</ele>
        <time>2014-04-15T01:00:24Z</time>
      </trkpt>
      <trkpt lat="40.608800" lon="-0.150230">
        <ele>967.1</ele>
        <time>2014-04-15T01:00:34Z</time>
      </trkpt>
      <trkpt lat="40.608657" lon="-0.149999">
        <ele>968.1</ele>
        <time>2014-04-15T01:00:46Z</time>
      </trkpt>
      <trkpt lat="40.608655" lon="-0.149977">
        <ele>968.1</ele>
        <time>2014-04-15T01:00:47Z</time>
      </trkpt>
      <trkpt lat="40.608655" lon="-0.149978">
        <ele>968.0</ele>
        <time>2014-04-15T01:00:47Z</time>
      </trkpt>
      <trkpt lat="40.608655" lon="-0.149973">
        <ele>968.0</ele>
        <time>2014-04-15T01:00:47Z</time>
      </trkpt>
      <trkpt lat="40.608651" lon="-0.149828">
        <ele>967.8</ele>
        <time>2014-04-15T01:00:52Z</time>
      </trkpt>
      <trkpt lat="40.608626" lon="-0.149688">
        <ele>967.6</ele>
        <time>2014-04-15T01:00:58Z</time>
      </trkpt>
      <trkpt lat="40.608610" lon="-0.149539">
        <ele>966.5</ele>
        <time>2014-04-15T01:01:04Z</time>
      </trkpt>
      <trkpt lat="40.608594" lon="-0.149384">
        <ele>966.3</ele>
        <time>2014-04-15T01:01:09Z</time>
      </trkpt>
      <trkpt lat="40.608607" lon="-0.149233">
        <ele>966.1</ele>
        <time>2014-04-15T01:01:15Z</time>
      </trkpt>
      <trkpt lat="40.608660" lon="-0.149086">
        <ele>964.7</ele>
        <time>2014-04-15T01:01:21Z</time>
      </trkpt>
      <trkpt lat="40.608715" lon="-0.148981">
        <ele>963.4</ele>
        <time>2014-04-15T01:01:26Z</time>
      </trkpt>
      <trkpt lat="40.608787" lon="-0.148816">
        <ele>961.6</ele>
        <time>2014-04-15T01:01:33Z</time>
      </trkpt>
      <trkpt lat="40.608875" lon="-0.148710">
        <ele>959.0</ele>
        <time>2014-04-15T01:01:39Z</time>
      </trkpt>
      <trkpt lat="40.608920" lon="-0.148603">
        <ele>957.8</ele>
        <time>2014-04-15T01:01:44Z</time>
      </trkpt>
      <trkpt lat="40.608984" lon="-0.148424">
        <ele>956.3</ele>
        <time>2014-04-15T01:01:52Z</time>
      </trkpt>
      <trkpt lat="40.609026" lon="-0.148295">
        <ele>956.1</ele>
        <time>2014-04-15T01:01:57Z</time>
      </trkpt>
      <trkpt lat="40.609086" lon="-0.148104">
        <ele>956.2</ele>
        <time>2014-04-15T01:02:05Z</time>
      </trkpt>
      <trkpt lat="40.609150" lon="-0.147981">
        <ele>955.6</ele>
        <time>2014-04-15T01:02:10Z</time>
      </trkpt>
      <trkpt lat="40.609227" lon="-0.147838">
        <ele>954.9</ele>
        <time>2014-04-15T01:02:17Z</time>
      </trkpt>
      <trkpt lat="40.609296" lon="-0.147700">
        <ele>954.7</ele>
        <time>2014-04-15T01:02:23Z</time>
      </trkpt>
      <trkpt lat="40.609354" lon="-0.147597">
        <ele>954.5</ele>
        <time>2014-04-15T01:02:28Z</time>
      </trkpt>
      <trkpt lat="40.609420" lon="-0.147466">
        <ele>954.2</ele>
        <time>2014-04-15T01:02:34Z</time>
      </trkpt>
      <trkpt lat="40.609491" lon="-0.147339">
        <ele>953.3</ele>
        <time>2014-04-15T01:02:40Z</time>
      </trkpt>
      <trkpt lat="40.609554" lon="-0.147248">
        <ele>952.1</ele>
        <time>2014-04-15T01:02:45Z</time>
      </trkpt>
      <trkpt lat="40.609628" lon="-0.147106">
        <ele>951.2</ele>
        <time>2014-04-15T01:02:51Z</time>
      </trkpt>
      <trkpt lat="40.609642" lon="-0.146946">
        <ele>949.7</ele>
        <time>2014-04-15T01:02:58Z</time>
      </trkpt>
      <trkpt lat="40.609703" lon="-0.146835">
        <ele>946.9</ele>
        <time>2014-04-15T01:03:03Z</time>
      </trkpt>
      <trkpt lat="40.609834" lon="-0.146640">
        <ele>943.4</ele>
        <time>2014-04-15T01:03:13Z</time>
      </trkpt>
      <trkpt lat="40.609899" lon="-0.146533">
        <ele>942.6</ele>
        <time>2014-04-15T01:03:18Z</time>
      </trkpt>
      <trkpt lat="40.609974" lon="-0.146412">
        <ele>942.3</ele>
        <time>2014-04-15T01:03:24Z</time>
      </trkpt>
      <trkpt lat="40.610020" lon="-0.146306">
        <ele>941.5</ele>
        <time>2014-04-15T01:03:28Z</time>
      </trkpt>
      <trkpt lat="40.610058" lon="-0.146162">
        <ele>939.5</ele>
        <time>2014-04-15T01:03:34Z</time>
      </trkpt>
      <trkpt lat="40.610076" lon="-0.145974">
        <ele>936.0</ele>
        <time>2014-04-15T01:03:41Z</time>
      </trkpt>
      <trkpt lat="40.610061" lon="-0.145856">
        <ele>933.6</ele>
        <time>2014-04-15T01:03:46Z</time>
      </trkpt>
      <trkpt lat="40.610118" lon="-0.145751">
        <ele>932.3</ele>
        <time>2014-04-15T01:03:51Z</time>
      </trkpt>
      <trkpt lat="40.610177" lon="-0.145650">
        <ele>930.1</ele>
        <time>2014-04-15T01:03:56Z</time>
      </trkpt>
      <trkpt lat="40.610281" lon="-0.145595">
        <ele>928.5</ele>
        <time>2014-04-15T01:04:01Z</time>
      </trkpt>
      <trkpt lat="40.610386" lon="-0.145503">
        <ele>925.5</ele>
        <time>2014-04-15T01:04:08Z</time>
      </trkpt>
      <trkpt lat="40.610464" lon="-0.145434">
        <ele>924.5</ele>
        <time>2014-04-15T01:04:12Z</time>
      </trkpt>
      <trkpt lat="40.610568" lon="-0.145331">
        <ele>924.3</ele>
        <time>2014-04-15T01:04:19Z</time>
      </trkpt>
      <trkpt lat="40.610621" lon="-0.145232">
        <ele>923.4</ele>
        <time>2014-04-15T01:04:23Z</time>
      </trkpt>
      <trkpt lat="40.610667" lon="-0.145127">
        <ele>923.2</ele>
        <time>2014-04-15T01:04:28Z</time>
      </trkpt>
      <trkpt lat="40.610725" lon="-0.145031">
        <ele>923.2</ele>
        <time>2014-04-15T01:04:33Z</time>
      </trkpt>
      <trkpt lat="40.610816" lon="-0.144908">
        <ele>922.2</ele>
        <time>2014-04-15T01:04:39Z</time>
      </trkpt>
      <trkpt lat="40.610908" lon="-0.144878">
        <ele>920.4</ele>
        <time>2014-04-15T01:04:44Z</time>
      </trkpt>
      <trkpt lat="40.611000" lon="-0.144902">
        <ele>919.2</ele>
        <time>2014-04-15T01:04:49Z</time>
      </trkpt>
      <trkpt lat="40.611093" lon="-0.144975">
        <ele>918.5</ele>
        <time>2014-04-15T01:04:54Z</time>
      </trkpt>
      <trkpt lat="40.611212" lon="-0.145015">
        <ele>918.1</ele>
        <time>2014-04-15T01:05:00Z</time>
      </trkpt>
      <trkpt lat="40.611212" lon="-0.145015">
        <ele>918.1</ele>
        <time>2014-04-15T01:05:00Z</time>
      </trkpt>
      <trkpt lat="40.611303" lon="-0.144997">
        <ele>917.1</ele>
        <time>2014-04-15T01:05:05Z</time>
      </trkpt>
      <trkpt lat="40.611419" lon="-0.144974">
        <ele>916.0</ele>
        <time>2014-04-15T01:05:11Z</time>
      </trkpt>
      <trkpt lat="40.611613" lon="-0.144901">
        <ele>913.8</ele>
        <time>2014-04-15T01:05:21Z</time>
      </trkpt>
      <trkpt lat="40.611705" lon="-0.144818">
        <ele>912.8</ele>
        <time>2014-04-15T01:05:26Z</time>
      </trkpt>
      <trkpt lat="40.611799" lon="-0.144784">
        <ele>912.4</ele>
        <time>2014-04-15T01:05:31Z</time>
      </trkpt>
      <trkpt lat="40.611911" lon="-0.144848">
        <ele>910.8</ele>
        <time>2014-04-15T01:05:37Z</time>
      </trkpt>
      <trkpt lat="40.611995" lon="-0.144908">
        <ele>908.9</ele>
        <time>2014-04-15T01:05:42Z</time>
      </trkpt>
      <trkpt lat="40.612073" lon="-0.145068">
        <ele>907.6</ele>
        <time>2014-04-15T01:05:49Z</time>
      </trkpt>
      <trkpt lat="40.612137" lon="-0.145157">
        <ele>907.0</ele>
        <time>2014-04-15T01:05:54Z</time>
      </trkpt>
      <trkpt lat="40.612260" lon="-0.145206">
        <ele>905.9</ele>
        <time>2014-04-15T01:06:00Z</time>
      </trkpt>
      <trkpt lat="40.612376" lon="-0.145212">
        <ele>904.5</ele>
        <time>2014-04-15T01:06:06Z</time>
      </trkpt>
      <trkpt lat="40.612494" lon="-0.145188">
        <ele>903.4</ele>
        <time>2014-04-15T01:06:12Z</time>
      </trkpt>
      <trkpt lat="40.612627" lon="-0.145172">
        <ele>902.7</ele>
        <time>2014-04-15T01:06:19Z</time>
      </trkpt>
      <trkpt lat="40.612760" lon="-0.145137">
        <ele>901.6</ele>
        <time>2014-04-15T01:06:26Z</time>
      </trkpt>
      <trkpt lat="40.612906" lon="-0.145079">
        <ele>899.5</ele>
        <time>2014-04-15T01:06:33Z</time>
      </trkpt>
      <trkpt lat="40.613030" lon="-0.145012">
        <ele>898.3</ele>
        <time>2014-04-15T01:06:40Z</time>
      </trkpt>
      <trkpt lat="40.613164" lon="-0.144971">
        <ele>897.3</ele>
        <time>2014-04-15T01:06:47Z</time>
      </trkpt>
      <trkpt lat="40.613257" lon="-0.144902">
        <ele>897.1</ele>
        <time>2014-04-15T01:06:52Z</time>
      </trkpt>
      <trkpt lat="40.613257" lon="-0.144902">
        <ele>897.1</ele>
        <time>2014-04-15T01:06:52Z</time>
      </trkpt>
      <trkpt lat="40.613352" lon="-0.144812">
        <ele>896.6</ele>
        <time>2014-04-15T01:06:58Z</time>
      </trkpt>
      <trkpt lat="40.613455" lon="-0.144748">
        <ele>895.6</ele>
        <time>2014-04-15T01:07:04Z</time>
      </trkpt>
      <trkpt lat="40.613564" lon="-0.144680">
        <ele>894.9</ele>
        <time>2014-04-15T01:07:10Z</time>
      </trkpt>
      <trkpt lat="40.613667" lon="-0.144610">
        <ele>894.3</ele>
        <time>2014-04-15T01:07:16Z</time>
      </trkpt>
      <trkpt lat="40.613716" lon="-0.144508">
        <ele>894.0</ele>
        <time>2014-04-15T01:07:20Z</time>
      </trkpt>
      <trkpt lat="40.613806" lon="-0.144427">
        <ele>893.2</ele>
        <time>2014-04-15T01:07:26Z</time>
      </trkpt>
      <trkpt lat="40.613890" lon="-0.144280">
        <ele>893.1</ele>
        <time>2014-04-15T01:07:33Z</time>
      </trkpt>
      <trkpt lat="40.613942" lon="-0.144173">
        <ele>892.9</ele>
        <time>2014-04-15T01:07:37Z</time>
      </trkpt>
      <trkpt lat="40.614003" lon="-0.144023">
        <ele>893.2</ele>
        <time>2014-04-15T01:07:44Z</time>
      </trkpt>
      <trkpt lat="40.614101" lon="-0.143984">
        <ele>891.9</ele>
        <time>2014-04-15T01:07:49Z</time>
      </trkpt>
      <trkpt lat="40.614201" lon="-0.143885">
        <ele>891.0</ele>
        <time>2014-04-15T01:07:55Z</time>
      </trkpt>
      <trkpt lat="40.614281" lon="-0.143814">
        <ele>890.1</ele>
        <time>2014-04-15T01:08:00Z</time>
      </trkpt>
      <trkpt lat="40.614290" lon="-0.143630">
        <ele>890.8</ele>
        <time>2014-04-15T01:08:07Z</time>
      </trkpt>
      <trkpt lat="40.614402" lon="-0.143506">
        <ele>889.0</ele>
        <time>2014-04-15T01:08:14Z</time>
      </trkpt>
      <trkpt lat="40.614395" lon="-0.143382">
        <ele>889.8</ele>
        <time>2014-04-15T01:08:19Z</time>
      </trkpt>
      <trkpt lat="40.614522" lon="-0.143306">
        <ele>886.6</ele>
        <time>2014-04-15T01:08:26Z</time>
      </trkpt>
      <trkpt lat="40.614621" lon="-0.143183">
        <ele>885.4</ele>
        <time>2014-04-15T01:08:33Z</time>
      </trkpt>
      <trkpt lat="40.614693" lon="-0.143049">
        <ele>886.0</ele>
        <time>2014-04-15T01:08:39Z</time>
      </trkpt>
      <trkpt lat="40.614834" lon="-0.142962">
        <ele>883.0</ele>
        <time>2014-04-15T01:08:47Z</time>
      </trkpt>
      <trkpt lat="40.614920" lon="-0.142896">
        <ele>881.1</ele>
        <time>2014-04-15T01:08:52Z</time>
      </trkpt>
      <trkpt lat="40.614915" lon="-0.142765">
        <ele>880.9</ele>
        <time>2014-04-15T01:08:57Z</time>
      </trkpt>
      <trkpt lat="40.614815" lon="-0.142653">
        <ele>882.0</ele>
        <time>2014-04-15T01:09:04Z</time>
      </trkpt>
      <trkpt lat="40.614716" lon="-0.142518">
        <ele>880.7</ele>
        <time>2014-04-15T01:09:11Z</time>
      </trkpt>
      <trkpt lat="40.614655" lon="-0.142400">
        <ele>879.9</ele>
        <time>2014-04-15T01:09:16Z</time>
      </trkpt>
      <trkpt lat="40.614581" lon="-0.142260">
        <ele>880.0</ele>
        <time>2014-04-15T01:09:23Z</time>
      </trkpt>
      <trkpt lat="40.614543" lon="-0.142148">
        <ele>879.8</ele>
        <time>2014-04-15T01:09:27Z</time>
      </trkpt>
      <trkpt lat="40.614586" lon="-0.142032">
        <ele>877.5</ele>
        <time>2014-04-15T01:09:32Z</time>
      </trkpt>
      <trkpt lat="40.614704" lon="-0.142031">
        <ele>874.0</ele>
        <time>2014-04-15T01:09:38Z</time>
      </trkpt>
      <trkpt lat="40.614807" lon="-0.142032">
        <ele>871.7</ele>
        <time>2014-04-15T01:09:43Z</time>
      </trkpt>
      <trkpt lat="40.614923" lon="-0.142324">
        <ele>873.1</ele>
        <time>2014-04-15T01:09:56Z</time>
      </trkpt>
      <trkpt lat="40.615065" lon="-0.142327">
        <ele>870.6</ele>
        <time>2014-04-15T01:10:03Z</time>
      </trkpt>
      <trkpt lat="40.615194" lon="-0.142344">
        <ele>868.4</ele>
        <time>2014-04-15T01:10:09Z</time>
      </trkpt>
      <trkpt lat="40.615315" lon="-0.142343">
        <ele>866.2</ele>
        <time>2014-04-15T01:10:15Z</time>
      </trkpt>
      <trkpt lat="40.615440" lon="-0.142318">
        <ele>864.1</ele>
        <time>2014-04-15T01:10:22Z</time>
      </trkpt>
      <trkpt lat="40.615353" lon="-0.142276">
        <ele>864.7</ele>
        <time>2014-04-15T01:10:26Z</time>
      </trkpt>
      <trkpt lat="40.615268" lon="-0.142220">
        <ele>865.3</ele>
        <time>2014-04-15T01:10:31Z</time>
      </trkpt>
      <trkpt lat="40.615176" lon="-0.142154">
        <ele>865.7</ele>
        <time>2014-04-15T01:10:36Z</time>
      </trkpt>
      <trkpt lat="40.615112" lon="-0.142040">
        <ele>864.6</ele>
        <time>2014-04-15T01:10:42Z</time>
      </trkpt>
      <trkpt lat="40.615089" lon="-0.141919">
        <ele>863.1</ele>
        <time>2014-04-15T01:10:46Z</time>
      </trkpt>
      <trkpt lat="40.615130" lon="-0.141665">
        <ele>861.5</ele>
        <time>2014-04-15T01:10:56Z</time>
      </trkpt>
      <trkpt lat="40.615185" lon="-0.141568">
        <ele>860.6</ele>
        <time>2014-04-15T01:11:01Z</time>
      </trkpt>
      <trkpt lat="40.615233" lon="-0.141465">
        <ele>860.5</ele>
        <time>2014-04-15T01:11:05Z</time>
      </trkpt>
      <trkpt lat="40.615283" lon="-0.141340">
        <ele>860.9</ele>
        <time>2014-04-15T01:11:11Z</time>
      </trkpt>
      <trkpt lat="40.615370" lon="-0.141249">
        <ele>860.8</ele>
        <time>2014-04-15T01:11:16Z</time>
      </trkpt>
      <trkpt lat="40.615446" lon="-0.141158">
        <ele>860.8</ele>
        <time>2014-04-15T01:11:22Z</time>
      </trkpt>
      <trkpt lat="40.615520" lon="-0.141043">
        <ele>860.2</ele>
        <time>2014-04-15T01:11:27Z</time>
      </trkpt>
      <trkpt lat="40.615613" lon="-0.140948">
        <ele>860.0</ele>
        <time>2014-04-15T01:11:33Z</time>
      </trkpt>
      <trkpt lat="40.615691" lon="-0.140870">
        <ele>859.9</ele>
        <time>2014-04-15T01:11:38Z</time>
      </trkpt>
      <trkpt lat="40.615775" lon="-0.140792">
        <ele>859.1</ele>
        <time>2014-04-15T01:11:43Z</time>
      </trkpt>
      <trkpt lat="40.615686" lon="-0.140743">
        <ele>859.2</ele>
        <time>2014-04-15T01:11:48Z</time>
      </trkpt>
      <trkpt lat="40.615582" lon="-0.140723">
        <ele>859.5</ele>
        <time>2014-04-15T01:11:53Z</time>
      </trkpt>
      <trkpt lat="40.615599" lon="-0.140592">
        <ele>857.3</ele>
        <time>2014-04-15T01:11:58Z</time>
      </trkpt>
      <trkpt lat="40.615646" lon="-0.140463">
        <ele>854.6</ele>
        <time>2014-04-15T01:12:04Z</time>
      </trkpt>
      <trkpt lat="40.615660" lon="-0.140335">
        <ele>851.7</ele>
        <time>2014-04-15T01:12:09Z</time>
      </trkpt>
      <trkpt lat="40.615633" lon="-0.140216">
        <ele>848.2</ele>
        <time>2014-04-15T01:12:13Z</time>
      </trkpt>
      <trkpt lat="40.615565" lon="-0.140092">
        <ele>845.2</ele>
        <time>2014-04-15T01:12:19Z</time>
      </trkpt>
      <trkpt lat="40.615482" lon="-0.140023">
        <ele>844.2</ele>
        <time>2014-04-15T01:12:24Z</time>
      </trkpt>
      <trkpt lat="40.615387" lon="-0.139947">
        <ele>842.9</ele>
        <time>2014-04-15T01:12:30Z</time>
      </trkpt>
      <trkpt lat="40.615284" lon="-0.139927">
        <ele>843.0</ele>
        <time>2014-04-15T01:12:35Z</time>
      </trkpt>
      <trkpt lat="40.615183" lon="-0.139971">
        <ele>844.8</ele>
        <time>2014-04-15T01:12:40Z</time>
      </trkpt>
      <trkpt lat="40.615082" lon="-0.139980">
        <ele>845.5</ele>
        <time>2014-04-15T01:12:45Z</time>
      </trkpt>
      <trkpt lat="40.615004" lon="-0.140046">
        <ele>847.5</ele>
        <time>2014-04-15T01:12:50Z</time>
      </trkpt>
      <trkpt lat="40.614907" lon="-0.140097">
        <ele>848.5</ele>
        <time>2014-04-15T01:12:55Z</time>
      </trkpt>
      <trkpt lat="40.614697" lon="-0.140122">
        <ele>847.2</ele>
        <time>2014-04-15T01:13:06Z</time>
      </trkpt>
      <trkpt lat="40.614590" lon="-0.140140">
        <ele>846.3</ele>
        <time>2014-04-15T01:13:11Z</time>
      </trkpt>
      <trkpt lat="40.614494" lon="-0.140131">
        <ele>844.2</ele>
        <time>2014-04-15T01:13:16Z</time>
      </trkpt>
      <trkpt lat="40.614397" lon="-0.140156">
        <ele>843.4</ele>
        <time>2014-04-15T01:13:21Z</time>
      </trkpt>
      <trkpt lat="40.614306" lon="-0.140207">
        <ele>843.8</ele>
        <time>2014-04-15T01:13:26Z</time>
      </trkpt>
      <trkpt lat="40.614229" lon="-0.140291">
        <ele>844.8</ele>
        <time>2014-04-15T01:13:31Z</time>
      </trkpt>
      <trkpt lat="40.614112" lon="-0.140339">
        <ele>842.8</ele>
        <time>2014-04-15T01:13:37Z</time>
      </trkpt>
      <trkpt lat="40.614015" lon="-0.140364">
        <ele>842.4</ele>
        <time>2014-04-15T01:13:42Z</time>
      </trkpt>
      <trkpt lat="40.613926" lon="-0.140345">
        <ele>840.3</ele>
        <time>2014-04-15T01:13:46Z</time>
      </trkpt>
      <trkpt lat="40.613845" lon="-0.140286">
        <ele>835.8</ele>
        <time>2014-04-15T01:13:51Z</time>
      </trkpt>
      <trkpt lat="40.613797" lon="-0.140162">
        <ele>831.3</ele>
        <time>2014-04-15T01:13:56Z</time>
      </trkpt>
      <trkpt lat="40.613776" lon="-0.140040">
        <ele>831.6</ele>
        <time>2014-04-15T01:14:01Z</time>
      </trkpt>
      <trkpt lat="40.613763" lon="-0.139914">
        <ele>831.8</ele>
        <time>2014-04-15T01:14:06Z</time>
      </trkpt>
      <trkpt lat="40.613755" lon="-0.139795">
        <ele>831.9</ele>
        <time>2014-04-15T01:14:10Z</time>
      </trkpt>
      <trkpt lat="40.613739" lon="-0.139658">
        <ele>832.6</ele>
        <time>2014-04-15T01:14:16Z</time>
      </trkpt>
      <trkpt lat="40.613745" lon="-0.139532">
        <ele>834.7</ele>
        <time>2014-04-15T01:14:21Z</time>
      </trkpt>
      <trkpt lat="40.613760" lon="-0.139411">
        <ele>836.1</ele>
        <time>2014-04-15T01:14:25Z</time>
      </trkpt>
      <trkpt lat="40.613770" lon="-0.139290">
        <ele>836.3</ele>
        <time>2014-04-15T01:14:30Z</time>
      </trkpt>
      <trkpt lat="40.613808" lon="-0.139183">
        <ele>835.4</ele>
        <time>2014-04-15T01:14:34Z</time>
      </trkpt>
      <trkpt lat="40.613877" lon="-0.139067">
        <ele>833.8</ele>
        <time>2014-04-15T01:14:40Z</time>
      </trkpt>
      <trkpt lat="40.613930" lon="-0.138970">
        <ele>833.4</ele>
        <time>2014-04-15T01:14:44Z</time>
      </trkpt>
      <trkpt lat="40.614003" lon="-0.138873">
        <ele>832.9</ele>
        <time>2014-04-15T01:14:50Z</time>
      </trkpt>
      <trkpt lat="40.614060" lon="-0.138769">
        <ele>833.0</ele>
        <time>2014-04-15T01:14:55Z</time>
      </trkpt>
      <trkpt lat="40.614155" lon="-0.138713">
        <ele>832.2</ele>
        <time>2014-04-15T01:15:00Z</time>
      </trkpt>
      <trkpt lat="40.614357" lon="-0.138691">
        <ele>827.9</ele>
        <time>2014-04-15T01:15:10Z</time>
      </trkpt>
      <trkpt lat="40.614444" lon="-0.138743">
        <ele>825.0</ele>
        <time>2014-04-15T01:15:15Z</time>
      </trkpt>
      <trkpt lat="40.614526" lon="-0.138797">
        <ele>822.6</ele>
        <time>2014-04-15T01:15:19Z</time>
      </trkpt>
      <trkpt lat="40.614603" lon="-0.138874">
        <ele>820.0</ele>
        <time>2014-04-15T01:15:24Z</time>
      </trkpt>
      <trkpt lat="40.614697" lon="-0.138835">
        <ele>818.2</ele>
        <time>2014-04-15T01:15:29Z</time>
      </trkpt>
      <trkpt lat="40.614772" lon="-0.138757">
        <ele>817.4</ele>
        <time>2014-04-15T01:15:34Z</time>
      </trkpt>
      <trkpt lat="40.614852" lon="-0.138680">
        <ele>816.8</ele>
        <time>2014-04-15T01:15:39Z</time>
      </trkpt>
      <trkpt lat="40.615052" lon="-0.138640">
        <ele>810.7</ele>
        <time>2014-04-15T01:15:49Z</time>
      </trkpt>
      <trkpt lat="40.615154" lon="-0.138595">
        <ele>807.2</ele>
        <time>2014-04-15T01:15:54Z</time>
      </trkpt>
      <trkpt lat="40.615251" lon="-0.138535">
        <ele>804.9</ele>
        <time>2014-04-15T01:16:00Z</time>
      </trkpt>
      <trkpt lat="40.615337" lon="-0.138466">
        <ele>803.4</ele>
        <time>2014-04-15T01:16:05Z</time>
      </trkpt>
      <trkpt lat="40.615428" lon="-0.138388">
        <ele>801.7</ele>
        <time>2014-04-15T01:16:10Z</time>
      </trkpt>
      <trkpt lat="40.615502" lon="-0.138316">
        <ele>800.6</ele>
        <time>2014-04-15T01:16:15Z</time>
      </trkpt>
      <trkpt lat="40.615502" lon="-0.138316">
        <ele>800.6</ele>
        <time>2014-04-15T01:16:15Z</time>
      </trkpt>
      <trkpt lat="40.615534" lon="-0.138184">
        <ele>801.7</ele>
        <time>2014-04-15T01:16:20Z</time>
      </trkpt>
      <trkpt lat="40.615628" lon="-0.137933">
        <ele>802.8</ele>
        <time>2014-04-15T01:16:31Z</time>
      </trkpt>
      <trkpt lat="40.615692" lon="-0.137845">
        <ele>802.7</ele>
        <time>2014-04-15T01:16:35Z</time>
      </trkpt>
      <trkpt lat="40.615768" lon="-0.137776">
        <ele>802.5</ele>
        <time>2014-04-15T01:16:40Z</time>
      </trkpt>
      <trkpt lat="40.615856" lon="-0.137683">
        <ele>802.3</ele>
        <time>2014-04-15T01:16:45Z</time>
      </trkpt>
      <trkpt lat="40.615931" lon="-0.137598">
        <ele>801.8</ele>
        <time>2014-04-15T01:16:50Z</time>
      </trkpt>
      <trkpt lat="40.615996" lon="-0.137512">
        <ele>801.3</ele>
        <time>2014-04-15T01:16:55Z</time>
      </trkpt>
      <trkpt lat="40.616052" lon="-0.137387">
        <ele>801.0</ele>
        <time>2014-04-15T01:17:01Z</time>
      </trkpt>
      <trkpt lat="40.616072" lon="-0.137249">
        <ele>801.5</ele>
        <time>2014-04-15T01:17:06Z</time>
      </trkpt>
      <trkpt lat="40.616120" lon="-0.137130">
        <ele>801.8</ele>
        <time>2014-04-15T01:17:11Z</time>
      </trkpt>
      <trkpt lat="40.616204" lon="-0.137070">
        <ele>802.7</ele>
        <time>2014-04-15T01:17:16Z</time>
      </trkpt>
      <trkpt lat="40.616292" lon="-0.137035">
        <ele>803.7</ele>
        <time>2014-04-15T01:17:20Z</time>
      </trkpt>
      <trkpt lat="40.616388" lon="-0.137000">
        <ele>804.2</ele>
        <time>2014-04-15T01:17:25Z</time>
      </trkpt>
      <trkpt lat="40.616473" lon="-0.136933">
        <ele>805.4</ele>
        <time>2014-04-15T01:17:30Z</time>
      </trkpt>
      <trkpt lat="40.616686" lon="-0.136778">
        <ele>808.2</ele>
        <time>2014-04-15T01:17:42Z</time>
      </trkpt>
      <trkpt lat="40.616761" lon="-0.136693">
        <ele>807.2</ele>
        <time>2014-04-15T01:17:47Z</time>
      </trkpt>
      <trkpt lat="40.616816" lon="-0.136593">
        <ele>807.2</ele>
        <time>2014-04-15T01:17:52Z</time>
      </trkpt>
      <trkpt lat="40.616889" lon="-0.136508">
        <ele>806.6</ele>
        <time>2014-04-15T01:17:57Z</time>
      </trkpt>
      <trkpt lat="40.616928" lon="-0.136399">
        <ele>807.0</ele>
        <time>2014-04-15T01:18:02Z</time>
      </trkpt>
      <trkpt lat="40.616947" lon="-0.136276">
        <ele>808.2</ele>
        <time>2014-04-15T01:18:06Z</time>
      </trkpt>
      <trkpt lat="40.616912" lon="-0.136150">
        <ele>810.4</ele>
        <time>2014-04-15T01:18:11Z</time>
      </trkpt>
      <trkpt lat="40.616843" lon="-0.136029">
        <ele>812.9</ele>
        <time>2014-04-15T01:18:17Z</time>
      </trkpt>
      <trkpt lat="40.616804" lon="-0.135921">
        <ele>814.2</ele>
        <time>2014-04-15T01:18:22Z</time>
      </trkpt>
      <trkpt lat="40.616875" lon="-0.135805">
        <ele>813.2</ele>
        <time>2014-04-15T01:18:27Z</time>
      </trkpt>
      <trkpt lat="40.616967" lon="-0.135730">
        <ele>812.9</ele>
        <time>2014-04-15T01:18:33Z</time>
      </trkpt>
      <trkpt lat="40.617057" lon="-0.135687">
        <ele>812.8</ele>
        <time>2014-04-15T01:18:38Z</time>
      </trkpt>
      <trkpt lat="40.617155" lon="-0.135710">
        <ele>811.0</ele>
        <time>2014-04-15T01:18:43Z</time>
      </trkpt>
      <trkpt lat="40.617357" lon="-0.135698">
        <ele>810.7</ele>
        <time>2014-04-15T01:18:53Z</time>
      </trkpt>
      <trkpt lat="40.617362" lon="-0.135691">
        <ele>810.8</ele>
        <time>2014-04-15T01:18:53Z</time>
      </trkpt>
      <trkpt lat="40.617451" lon="-0.135713">
        <ele>809.8</ele>
        <time>2014-04-15T01:18:58Z</time>
      </trkpt>
      <trkpt lat="40.617558" lon="-0.135732">
        <ele>808.0</ele>
        <time>2014-04-15T01:19:03Z</time>
      </trkpt>
      <trkpt lat="40.617624" lon="-0.135658">
        <ele>804.7</ele>
        <time>2014-04-15T01:19:07Z</time>
      </trkpt>
      <trkpt lat="40.617684" lon="-0.135682">
        <ele>803.8</ele>
        <time>2014-04-15T01:19:10Z</time>
      </trkpt>
      <trkpt lat="40.617715" lon="-0.135740">
        <ele>804.7</ele>
        <time>2014-04-15T01:19:13Z</time>
      </trkpt>
      <trkpt lat="40.617726" lon="-0.135806">
        <ele>805.6</ele>
        <time>2014-04-15T01:19:16Z</time>
      </trkpt>
      <trkpt lat="40.617721" lon="-0.135945">
        <ele>803.7</ele>
        <time>2014-04-15T01:19:21Z</time>
      </trkpt>
      <trkpt lat="40.617667" lon="-0.135985">
        <ele>802.6</ele>
        <time>2014-04-15T01:19:24Z</time>
      </trkpt>
      <trkpt lat="40.617633" lon="-0.136034">
        <ele>801.2</ele>
        <time>2014-04-15T01:19:27Z</time>
      </trkpt>
      <trkpt lat="40.617690" lon="-0.136128">
        <ele>798.7</ele>
        <time>2014-04-15T01:19:31Z</time>
      </trkpt>
      <trkpt lat="40.617770" lon="-0.136189">
        <ele>796.8</ele>
        <time>2014-04-15T01:19:36Z</time>
      </trkpt>
      <trkpt lat="40.617942" lon="-0.136156">
        <ele>793.2</ele>
        <time>2014-04-15T01:19:45Z</time>
      </trkpt>
      <trkpt lat="40.618060" lon="-0.136118">
        <ele>790.1</ele>
        <time>2014-04-15T01:19:51Z</time>
      </trkpt>
      <trkpt lat="40.618174" lon="-0.136126">
        <ele>786.8</ele>
        <time>2014-04-15T01:19:56Z</time>
      </trkpt>
      <trkpt lat="40.618205" lon="-0.136205">
        <ele>784.9</ele>
        <time>2014-04-15T01:20:00Z</time>
      </trkpt>
      <trkpt lat="40.618204" lon="-0.136405">
        <ele>781.4</ele>
        <time>2014-04-15T01:20:07Z</time>
      </trkpt>
      <trkpt lat="40.618272" lon="-0.136473">
        <ele>778.3</ele>
        <time>2014-04-15T01:20:12Z</time>
      </trkpt>
      <trkpt lat="40.618387" lon="-0.136376">
        <ele>776.8</ele>
        <time>2014-04-15T01:20:18Z</time>
      </trkpt>
      <trkpt lat="40.618510" lon="-0.136314">
        <ele>773.6</ele>
        <time>2014-04-15T01:20:25Z</time>
      </trkpt>
      <trkpt lat="40.618578" lon="-0.136240">
        <ele>771.4</ele>
        <time>2014-04-15T01:20:29Z</time>
      </trkpt>
      <trkpt lat="40.618605" lon="-0.136319">
        <ele>769.2</ele>
        <time>2014-04-15T01:20:33Z</time>
      </trkpt>
      <trkpt lat="40.618586" lon="-0.136473">
        <ele>767.2</ele>
        <time>2014-04-15T01:20:39Z</time>
      </trkpt>
      <trkpt lat="40.618608" lon="-0.136489">
        <ele>766.0</ele>
        <time>2014-04-15T01:20:40Z</time>
      </trkpt>
      <trkpt lat="40.618608" lon="-0.136489">
        <ele>766.0</ele>
        <time>2014-04-15T01:20:40Z</time>
      </trkpt>
      <trkpt lat="40.618692" lon="-0.136449">
        <ele>764.1</ele>
        <time>2014-04-15T01:20:44Z</time>
      </trkpt>
      <trkpt lat="40.618773" lon="-0.136434">
        <ele>762.3</ele>
        <time>2014-04-15T01:20:48Z</time>
      </trkpt>
      <trkpt lat="40.618817" lon="-0.136424">
        <ele>761.4</ele>
        <time>2014-04-15T01:20:51Z</time>
      </trkpt>
      <trkpt lat="40.618860" lon="-0.136315">
        <ele>761.4</ele>
        <time>2014-04-15T01:20:55Z</time>
      </trkpt>
      <trkpt lat="40.618871" lon="-0.136212">
        <ele>761.4</ele>
        <time>2014-04-15T01:20:59Z</time>
      </trkpt>
      <trkpt lat="40.618880" lon="-0.136119">
        <ele>759.8</ele>
        <time>2014-04-15T01:21:03Z</time>
      </trkpt>
      <trkpt lat="40.619049" lon="-0.136161">
        <ele>754.5</ele>
        <time>2014-04-15T01:21:11Z</time>
      </trkpt>
      <trkpt lat="40.619097" lon="-0.136069">
        <ele>752.9</ele>
        <time>2014-04-15T01:21:16Z</time>
      </trkpt>
      <trkpt lat="40.619042" lon="-0.135952">
        <ele>752.7</ele>
        <time>2014-04-15T01:21:21Z</time>
      </trkpt>
      <trkpt lat="40.618901" lon="-0.135808">
        <ele>753.9</ele>
        <time>2014-04-15T01:21:30Z</time>
      </trkpt>
      <trkpt lat="40.618837" lon="-0.135718">
        <ele>755.5</ele>
        <time>2014-04-15T01:21:34Z</time>
      </trkpt>
      <trkpt lat="40.618773" lon="-0.135608">
        <ele>754.8</ele>
        <time>2014-04-15T01:21:40Z</time>
      </trkpt>
      <trkpt lat="40.618653" lon="-0.135406">
        <ele>753.6</ele>
        <time>2014-04-15T01:21:50Z</time>
      </trkpt>
      <trkpt lat="40.618573" lon="-0.135307">
        <ele>754.2</ele>
        <time>2014-04-15T01:21:55Z</time>
      </trkpt>
      <trkpt lat="40.618501" lon="-0.135206">
        <ele>754.9</ele>
        <time>2014-04-15T01:22:00Z</time>
      </trkpt>
      <trkpt lat="40.618436" lon="-0.135075">
        <ele>755.1</ele>
        <time>2014-04-15T01:22:06Z</time>
      </trkpt>
      <trkpt lat="40.618395" lon="-0.134933">
        <ele>755.5</ele>
        <time>2014-04-15T01:22:12Z</time>
      </trkpt>
      <trkpt lat="40.618331" lon="-0.134822">
        <ele>755.8</ele>
        <time>2014-04-15T01:22:17Z</time>
      </trkpt>
      <trkpt lat="40.618304" lon="-0.134680">
        <ele>756.2</ele>
        <time>2014-04-15T01:22:23Z</time>
      </trkpt>
      <trkpt lat="40.618256" lon="-0.134558">
        <ele>756.3</ele>
        <time>2014-04-15T01:22:28Z</time>
      </trkpt>
      <trkpt lat="40.618199" lon="-0.134458">
        <ele>756.2</ele>
        <time>2014-04-15T01:22:33Z</time>
      </trkpt>
      <trkpt lat="40.618174" lon="-0.134325">
        <ele>756.6</ele>
        <time>2014-04-15T01:22:38Z</time>
      </trkpt>
      <trkpt lat="40.618164" lon="-0.134192">
        <ele>756.8</ele>
        <time>2014-04-15T01:22:43Z</time>
      </trkpt>
      <trkpt lat="40.618096" lon="-0.134123">
        <ele>756.8</ele>
        <time>2014-04-15T01:22:47Z</time>
      </trkpt>
      <trkpt lat="40.618054" lon="-0.133994">
        <ele>756.8</ele>
        <time>2014-04-15T01:22:53Z</time>
      </trkpt>
      <trkpt lat="40.617983" lon="-0.133723">
        <ele>757.5</ele>
        <time>2014-04-15T01:23:04Z</time>
      </trkpt>
      <trkpt lat="40.617966" lon="-0.133532">
        <ele>758.0</ele>
        <time>2014-04-15T01:23:11Z</time>
      </trkpt>
      <trkpt lat="40.617960" lon="-0.133381">
        <ele>758.0</ele>
        <time>2014-04-15T01:23:17Z</time>
      </trkpt>
      <trkpt lat="40.617971" lon="-0.133238">
        <ele>758.2</ele>
        <time>2014-04-15T01:23:22Z</time>
      </trkpt>
      <trkpt lat="40.617985" lon="-0.133085">
        <ele>758.5</ele>
        <time>2014-04-15T01:23:28Z</time>
      </trkpt>
      <trkpt lat="40.617996" lon="-0.132959">
        <ele>758.6</ele>
        <time>2014-04-15T01:23:33Z</time>
      </trkpt>
      <trkpt lat="40.617990" lon="-0.132812">
        <ele>758.9</ele>
        <time>2014-04-15T01:23:38Z</time>
      </trkpt>
      <trkpt lat="40.617991" lon="-0.132686">
        <ele>759.4</ele>
        <time>2014-04-15T01:23:43Z</time>
      </trkpt>
      <trkpt lat="40.618005" lon="-0.132555">
        <ele>759.8</ele>
        <time>2014-04-15T01:23:48Z</time>
      </trkpt>
      <trkpt lat="40.618049" lon="-0.132407">
        <ele>760.0</ele>
        <time>2014-04-15T01:23:54Z</time>
      </trkpt>
      <trkpt lat="40.618103" lon="-0.132283">
        <ele>760.5</ele>
        <time>2014-04-15T01:24:00Z</time>
      </trkpt>
      <trkpt lat="40.618171" lon="-0.132186">
        <ele>760.9</ele>
        <time>2014-04-15T01:24:05Z</time>
      </trkpt>
      <trkpt lat="40.618329" lon="-0.132142">
        <ele>761.7</ele>
        <time>2014-04-15T01:24:13Z</time>
      </trkpt>
      <trkpt lat="40.618343" lon="-0.132148">
        <ele>761.7</ele>
        <time>2014-04-15T01:24:13Z</time>
      </trkpt>
      <trkpt lat="40.618419" lon="-0.132077">
        <ele>762.1</ele>
        <time>2014-04-15T01:24:18Z</time>
      </trkpt>
      <trkpt lat="40.618517" lon="-0.132010">
        <ele>762.6</ele>
        <time>2014-04-15T01:24:24Z</time>
      </trkpt>
      <trkpt lat="40.618605" lon="-0.131957">
        <ele>762.8</ele>
        <time>2014-04-15T01:24:28Z</time>
      </trkpt>
      <trkpt lat="40.618779" lon="-0.131819">
        <ele>762.6</ele>
        <time>2014-04-15T01:24:39Z</time>
      </trkpt>
      <trkpt lat="40.618879" lon="-0.131742">
        <ele>763.5</ele>
        <time>2014-04-15T01:24:44Z</time>
      </trkpt>
      <trkpt lat="40.618958" lon="-0.131679">
        <ele>766.1</ele>
        <time>2014-04-15T01:24:49Z</time>
      </trkpt>
      <trkpt lat="40.619035" lon="-0.131611">
        <ele>766.6</ele>
        <time>2014-04-15T01:24:54Z</time>
      </trkpt>
      <trkpt lat="40.619106" lon="-0.131520">
        <ele>767.3</ele>
        <time>2014-04-15T01:24:59Z</time>
      </trkpt>
      <trkpt lat="40.619160" lon="-0.131412">
        <ele>768.3</ele>
        <time>2014-04-15T01:25:04Z</time>
      </trkpt>
      <trkpt lat="40.619160" lon="-0.131412">
        <ele>768.3</ele>
        <time>2014-04-15T01:25:04Z</time>
      </trkpt>
      <trkpt lat="40.619209" lon="-0.131312">
        <ele>768.9</ele>
        <time>2014-04-15T01:25:08Z</time>
      </trkpt>
      <trkpt lat="40.619067" lon="-0.131095">
        <ele>768.9</ele>
        <time>2014-04-15T01:25:19Z</time>
      </trkpt>
      <trkpt lat="40.619003" lon="-0.130991">
        <ele>769.0</ele>
        <time>2014-04-15T01:25:24Z</time>
      </trkpt>
      <trkpt lat="40.618938" lon="-0.130894">
        <ele>769.1</ele>
        <time>2014-04-15T01:25:29Z</time>
      </trkpt>
      <trkpt lat="40.618871" lon="-0.130800">
        <ele>769.2</ele>
        <time>2014-04-15T01:25:34Z</time>
      </trkpt>
      <trkpt lat="40.618797" lon="-0.130702">
        <ele>769.3</ele>
        <time>2014-04-15T01:25:39Z</time>
      </trkpt>
      <trkpt lat="40.618728" lon="-0.130596">
        <ele>769.3</ele>
        <time>2014-04-15T01:25:44Z</time>
      </trkpt>
      <trkpt lat="40.618659" lon="-0.130492">
        <ele>769.3</ele>
        <time>2014-04-15T01:25:50Z</time>
      </trkpt>
      <trkpt lat="40.618587" lon="-0.130387">
        <ele>769.3</ele>
        <time>2014-04-15T01:25:55Z</time>
      </trkpt>
      <trkpt lat="40.618503" lon="-0.130282">
        <ele>769.3</ele>
        <time>2014-04-15T01:26:01Z</time>
      </trkpt>
      <trkpt lat="40.618415" lon="-0.130175">
        <ele>769.2</ele>
        <time>2014-04-15T01:26:07Z</time>
      </trkpt>
      <trkpt lat="40.618329" lon="-0.130064">
        <ele>769.2</ele>
        <time>2014-04-15T01:26:13Z</time>
      </trkpt>
      <trkpt lat="40.618239" lon="-0.129944">
        <ele>769.2</ele>
        <time>2014-04-15T01:26:19Z</time>
      </trkpt>
      <trkpt lat="40.618145" lon="-0.129789">
        <ele>769.3</ele>
        <time>2014-04-15T01:26:27Z</time>
      </trkpt>
      <trkpt lat="40.618087" lon="-0.129693">
        <ele>769.4</ele>
        <time>2014-04-15T01:26:31Z</time>
      </trkpt>
      <trkpt lat="40.618012" lon="-0.129570">
        <ele>769.4</ele>
        <time>2014-04-15T01:26:37Z</time>
      </trkpt>
      <trkpt lat="40.617896" lon="-0.129412">
        <ele>769.4</ele>
        <time>2014-04-15T01:26:46Z</time>
      </trkpt>
      <trkpt lat="40.617815" lon="-0.129294">
        <ele>769.5</ele>
        <time>2014-04-15T01:26:52Z</time>
      </trkpt>
      <trkpt lat="40.617733" lon="-0.129167">
        <ele>769.5</ele>
        <time>2014-04-15T01:26:58Z</time>
      </trkpt>
      <trkpt lat="40.617591" lon="-0.128955">
        <ele>769.8</ele>
        <time>2014-04-15T01:27:09Z</time>
      </trkpt>
      <trkpt lat="40.617520" lon="-0.128862">
        <ele>769.9</ele>
        <time>2014-04-15T01:27:14Z</time>
      </trkpt>
      <trkpt lat="40.617440" lon="-0.128739">
        <ele>770.1</ele>
        <time>2014-04-15T01:27:20Z</time>
      </trkpt>
      <trkpt lat="40.617371" lon="-0.128632">
        <ele>770.3</ele>
        <time>2014-04-15T01:27:25Z</time>
      </trkpt>
      <trkpt lat="40.617301" lon="-0.128516">
        <ele>770.5</ele>
        <time>2014-04-15T01:27:31Z</time>
      </trkpt>
      <trkpt lat="40.617229" lon="-0.128402">
        <ele>770.9</ele>
        <time>2014-04-15T01:27:37Z</time>
      </trkpt>
      <trkpt lat="40.617163" lon="-0.128287">
        <ele>771.4</ele>
        <time>2014-04-15T01:27:42Z</time>
      </trkpt>
      <trkpt lat="40.617069" lon="-0.128132">
        <ele>772.0</ele>
        <time>2014-04-15T01:27:50Z</time>
      </trkpt>
      <trkpt lat="40.617012" lon="-0.128034">
        <ele>772.4</ele>
        <time>2014-04-15T01:27:54Z</time>
      </trkpt>
      <trkpt lat="40.616952" lon="-0.127945">
        <ele>772.7</ele>
        <time>2014-04-15T01:27:59Z</time>
      </trkpt>
      <trkpt lat="40.616874" lon="-0.127826">
        <ele>773.1</ele>
        <time>2014-04-15T01:28:05Z</time>
      </trkpt>
      <trkpt lat="40.616789" lon="-0.127675">
        <ele>773.7</ele>
        <time>2014-04-15T01:28:12Z</time>
      </trkpt>
      <trkpt lat="40.616714" lon="-0.127560">
        <ele>774.0</ele>
        <time>2014-04-15T01:28:18Z</time>
      </trkpt>
      <trkpt lat="40.616611" lon="-0.127415">
        <ele>774.2</ele>
        <time>2014-04-15T01:28:25Z</time>
      </trkpt>
      <trkpt lat="40.616537" lon="-0.127318">
        <ele>774.4</ele>
        <time>2014-04-15T01:28:30Z</time>
      </trkpt>
      <trkpt lat="40.616470" lon="-0.127223">
        <ele>774.5</ele>
        <time>2014-04-15T01:28:35Z</time>
      </trkpt>
      <trkpt lat="40.616414" lon="-0.127114">
        <ele>774.9</ele>
        <time>2014-04-15T01:28:40Z</time>
      </trkpt>
      <trkpt lat="40.616354" lon="-0.127020">
        <ele>775.0</ele>
        <time>2014-04-15T01:28:45Z</time>
      </trkpt>
      <trkpt lat="40.616277" lon="-0.126882">
        <ele>775.3</ele>
        <time>2014-04-15T01:28:52Z</time>
      </trkpt>
      <trkpt lat="40.616213" lon="-0.126758">
        <ele>775.2</ele>
        <time>2014-04-15T01:28:57Z</time>
      </trkpt>
      <trkpt lat="40.616148" lon="-0.126629">
        <ele>775.1</ele>
        <time>2014-04-15T01:29:03Z</time>
      </trkpt>
      <trkpt lat="40.616095" lon="-0.126502">
        <ele>774.9</ele>
        <time>2014-04-15T01:29:09Z</time>
      </trkpt>
      <trkpt lat="40.616044" lon="-0.126385">
        <ele>775.1</ele>
        <time>2014-04-15T01:29:14Z</time>
      </trkpt>
      <trkpt lat="40.615986" lon="-0.126249">
        <ele>775.2</ele>
        <time>2014-04-15T01:29:20Z</time>
      </trkpt>
      <trkpt lat="40.615925" lon="-0.126070">
        <ele>775.6</ele>
        <time>2014-04-15T01:29:27Z</time>
      </trkpt>
      <trkpt lat="40.615890" lon="-0.125937">
        <ele>775.7</ele>
        <time>2014-04-15T01:29:32Z</time>
      </trkpt>
      <trkpt lat="40.615858" lon="-0.125790">
        <ele>776.0</ele>
        <time>2014-04-15T01:29:38Z</time>
      </trkpt>
      <trkpt lat="40.615822" lon="-0.125643">
        <ele>776.2</ele>
        <time>2014-04-15T01:29:44Z</time>
      </trkpt>
      <trkpt lat="40.615787" lon="-0.125506">
        <ele>776.0</ele>
        <time>2014-04-15T01:29:50Z</time>
      </trkpt>
      <trkpt lat="40.615759" lon="-0.125346">
        <ele>776.6</ele>
        <time>2014-04-15T01:29:56Z</time>
      </trkpt>
      <trkpt lat="40.615727" lon="-0.125210">
        <ele>776.9</ele>
        <time>2014-04-15T01:30:01Z</time>
      </trkpt>
      <trkpt lat="40.615700" lon="-0.125085">
        <ele>777.2</ele>
        <time>2014-04-15T01:30:06Z</time>
      </trkpt>
      <trkpt lat="40.615669" lon="-0.124943">
        <ele>777.4</ele>
        <time>2014-04-15T01:30:12Z</time>
      </trkpt>
      <trkpt lat="40.615639" lon="-0.124797">
        <ele>777.3</ele>
        <time>2014-04-15T01:30:18Z</time>
      </trkpt>
      <trkpt lat="40.615612" lon="-0.124664">
        <ele>777.8</ele>
        <time>2014-04-15T01:30:23Z</time>
      </trkpt>
      <trkpt lat="40.615585" lon="-0.124540">
        <ele>778.0</ele>
        <time>2014-04-15T01:30:28Z</time>
      </trkpt>
      <trkpt lat="40.615563" lon="-0.124416">
        <ele>778.6</ele>
        <time>2014-04-15T01:30:33Z</time>
      </trkpt>
      <trkpt lat="40.615491" lon="-0.124115">
        <ele>778.8</ele>
        <time>2014-04-15T01:30:45Z</time>
      </trkpt>
      <trkpt lat="40.615456" lon="-0.123981">
        <ele>779.1</ele>
        <time>2014-04-15T01:30:50Z</time>
      </trkpt>
      <trkpt lat="40.615420" lon="-0.123828">
        <ele>779.0</ele>
        <time>2014-04-15T01:30:56Z</time>
      </trkpt>
      <trkpt lat="40.615391" lon="-0.123662">
        <ele>779.5</ele>
        <time>2014-04-15T01:31:03Z</time>
      </trkpt>
      <trkpt lat="40.615370" lon="-0.123542">
        <ele>779.8</ele>
        <time>2014-04-15T01:31:07Z</time>
      </trkpt>
      <trkpt lat="40.615348" lon="-0.123426">
        <ele>780.2</ele>
        <time>2014-04-15T01:31:12Z</time>
      </trkpt>
      <trkpt lat="40.615321" lon="-0.123287">
        <ele>780.3</ele>
        <time>2014-04-15T01:31:17Z</time>
      </trkpt>
      <trkpt lat="40.615294" lon="-0.123154">
        <ele>780.6</ele>
        <time>2014-04-15T01:31:22Z</time>
      </trkpt>
      <trkpt lat="40.615264" lon="-0.123005">
        <ele>780.7</ele>
        <time>2014-04-15T01:31:28Z</time>
      </trkpt>
      <trkpt lat="40.615234" lon="-0.122840">
        <ele>781.1</ele>
        <time>2014-04-15T01:31:35Z</time>
      </trkpt>
      <trkpt lat="40.615200" lon="-0.122681">
        <ele>781.4</ele>
        <time>2014-04-15T01:31:41Z</time>
      </trkpt>
      <trkpt lat="40.615165" lon="-0.122530">
        <ele>781.6</ele>
        <time>2014-04-15T01:31:47Z</time>
      </trkpt>
      <trkpt lat="40.615128" lon="-0.122382">
        <ele>782.0</ele>
        <time>2014-04-15T01:31:53Z</time>
      </trkpt>
      <trkpt lat="40.615084" lon="-0.122225">
        <ele>782.6</ele>
        <time>2014-04-15T01:31:59Z</time>
      </trkpt>
      <trkpt lat="40.615051" lon="-0.122085">
        <ele>782.7</ele>
        <time>2014-04-15T01:32:05Z</time>
      </trkpt>
      <trkpt lat="40.615022" lon="-0.121946">
        <ele>782.9</ele>
        <time>2014-04-15T01:32:10Z</time>
      </trkpt>
      <trkpt lat="40.614999" lon="-0.121830">
        <ele>783.0</ele>
        <time>2014-04-15T01:32:15Z</time>
      </trkpt>
      <trkpt lat="40.614976" lon="-0.121697">
        <ele>783.3</ele>
        <time>2014-04-15T01:32:20Z</time>
      </trkpt>
      <trkpt lat="40.614934" lon="-0.121570">
        <ele>784.1</ele>
        <time>2014-04-15T01:32:25Z</time>
      </trkpt>
      <trkpt lat="40.614867" lon="-0.121297">
        <ele>786.0</ele>
        <time>2014-04-15T01:32:36Z</time>
      </trkpt>
      <trkpt lat="40.614841" lon="-0.121139">
        <ele>786.7</ele>
        <time>2014-04-15T01:32:42Z</time>
      </trkpt>
      <trkpt lat="40.614822" lon="-0.121013">
        <ele>787.3</ele>
        <time>2014-04-15T01:32:47Z</time>
      </trkpt>
      <trkpt lat="40.614792" lon="-0.120860">
        <ele>788.0</ele>
        <time>2014-04-15T01:32:53Z</time>
      </trkpt>
      <trkpt lat="40.614766" lon="-0.120738">
        <ele>788.5</ele>
        <time>2014-04-15T01:32:58Z</time>
      </trkpt>
      <trkpt lat="40.614737" lon="-0.120624">
        <ele>789.0</ele>
        <time>2014-04-15T01:33:03Z</time>
      </trkpt>
      <trkpt lat="40.614707" lon="-0.120489">
        <ele>789.5</ele>
        <time>2014-04-15T01:33:08Z</time>
      </trkpt>
      <trkpt lat="40.614693" lon="-0.120322">
        <ele>790.2</ele>
        <time>2014-04-15T01:33:14Z</time>
      </trkpt>
      <trkpt lat="40.614683" lon="-0.120181">
        <ele>790.7</ele>
        <time>2014-04-15T01:33:20Z</time>
      </trkpt>
      <trkpt lat="40.614665" lon="-0.120059">
        <ele>791.3</ele>
        <time>2014-04-15T01:33:24Z</time>
      </trkpt>
      <trkpt lat="40.614658" lon="-0.119935">
        <ele>791.8</ele>
        <time>2014-04-15T01:33:29Z</time>
      </trkpt>
      <trkpt lat="40.614629" lon="-0.119787">
        <ele>792.2</ele>
        <time>2014-04-15T01:33:35Z</time>
      </trkpt>
      <trkpt lat="40.614572" lon="-0.119549">
        <ele>792.8</ele>
        <time>2014-04-15T01:33:44Z</time>
      </trkpt>
      <trkpt lat="40.614540" lon="-0.119421">
        <ele>793.1</ele>
        <time>2014-04-15T01:33:50Z</time>
      </trkpt>
      <trkpt lat="40.614504" lon="-0.119289">
        <ele>793.3</ele>
        <time>2014-04-15T01:33:55Z</time>
      </trkpt>
      <trkpt lat="40.614476" lon="-0.119146">
        <ele>793.7</ele>
        <time>2014-04-15T01:34:00Z</time>
      </trkpt>
      <trkpt lat="40.614513" lon="-0.119027">
        <ele>794.4</ele>
        <time>2014-04-15T01:34:05Z</time>
      </trkpt>
      <trkpt lat="40.614575" lon="-0.118915">
        <ele>794.9</ele>
        <time>2014-04-15T01:34:11Z</time>
      </trkpt>
      <trkpt lat="40.614623" lon="-0.118787">
        <ele>795.3</ele>
        <time>2014-04-15T01:34:16Z</time>
      </trkpt>
      <trkpt lat="40.614677" lon="-0.118673">
        <ele>795.7</ele>
        <time>2014-04-15T01:34:21Z</time>
      </trkpt>
      <trkpt lat="40.614715" lon="-0.118557">
        <ele>795.7</ele>
        <time>2014-04-15T01:34:26Z</time>
      </trkpt>
      <trkpt lat="40.614763" lon="-0.118416">
        <ele>795.9</ele>
        <time>2014-04-15T01:34:32Z</time>
      </trkpt>
      <trkpt lat="40.614816" lon="-0.118318">
        <ele>796.4</ele>
        <time>2014-04-15T01:34:36Z</time>
      </trkpt>
      <trkpt lat="40.614888" lon="-0.118207">
        <ele>796.2</ele>
        <time>2014-04-15T01:34:42Z</time>
      </trkpt>
      <trkpt lat="40.614936" lon="-0.118102">
        <ele>796.1</ele>
        <time>2014-04-15T01:34:47Z</time>
      </trkpt>
      <trkpt lat="40.615000" lon="-0.117970">
        <ele>796.1</ele>
        <time>2014-04-15T01:34:53Z</time>
      </trkpt>
      <trkpt lat="40.615072" lon="-0.117837">
        <ele>796.2</ele>
        <time>2014-04-15T01:34:59Z</time>
      </trkpt>
      <trkpt lat="40.615194" lon="-0.117612">
        <ele>796.0</ele>
        <time>2014-04-15T01:35:09Z</time>
      </trkpt>
      <trkpt lat="40.615257" lon="-0.117487">
        <ele>795.9</ele>
        <time>2014-04-15T01:35:15Z</time>
      </trkpt>
      <trkpt lat="40.615314" lon="-0.117387">
        <ele>796.0</ele>
        <time>2014-04-15T01:35:20Z</time>
      </trkpt>
      <trkpt lat="40.615387" lon="-0.117304">
        <ele>796.6</ele>
        <time>2014-04-15T01:35:24Z</time>
      </trkpt>
      <trkpt lat="40.615387" lon="-0.117304">
        <ele>796.6</ele>
        <time>2014-04-15T01:35:24Z</time>
      </trkpt>
      <trkpt lat="40.615472" lon="-0.117242">
        <ele>797.7</ele>
        <time>2014-04-15T01:35:29Z</time>
      </trkpt>
      <trkpt lat="40.615555" lon="-0.117111">
        <ele>798.0</ele>
        <time>2014-04-15T01:35:36Z</time>
      </trkpt>
      <trkpt lat="40.615616" lon="-0.117017">
        <ele>798.1</ele>
        <time>2014-04-15T01:35:41Z</time>
      </trkpt>
      <trkpt lat="40.615697" lon="-0.116910">
        <ele>798.3</ele>
        <time>2014-04-15T01:35:46Z</time>
      </trkpt>
      <trkpt lat="40.615783" lon="-0.116812">
        <ele>798.8</ele>
        <time>2014-04-15T01:35:52Z</time>
      </trkpt>
      <trkpt lat="40.615854" lon="-0.116705">
        <ele>799.2</ele>
        <time>2014-04-15T01:35:57Z</time>
      </trkpt>
      <trkpt lat="40.615921" lon="-0.116598">
        <ele>799.6</ele>
        <time>2014-04-15T01:36:03Z</time>
      </trkpt>
      <trkpt lat="40.616002" lon="-0.116506">
        <ele>800.1</ele>
        <time>2014-04-15T01:36:08Z</time>
      </trkpt>
      <trkpt lat="40.616087" lon="-0.116407">
        <ele>800.4</ele>
        <time>2014-04-15T01:36:14Z</time>
      </trkpt>
      <trkpt lat="40.616167" lon="-0.116309">
        <ele>800.3</ele>
        <time>2014-04-15T01:36:19Z</time>
      </trkpt>
      <trkpt lat="40.616251" lon="-0.116187">
        <ele>800.4</ele>
        <time>2014-04-15T01:36:25Z</time>
      </trkpt>
      <trkpt lat="40.616400" lon="-0.116014">
        <ele>801.3</ele>
        <time>2014-04-15T01:36:35Z</time>
      </trkpt>
      <trkpt lat="40.616469" lon="-0.115926">
        <ele>801.2</ele>
        <time>2014-04-15T01:36:40Z</time>
      </trkpt>
      <trkpt lat="40.616563" lon="-0.115851">
        <ele>800.9</ele>
        <time>2014-04-15T01:36:46Z</time>
      </trkpt>
      <trkpt lat="40.616652" lon="-0.115809">
        <ele>800.9</ele>
        <time>2014-04-15T01:36:50Z</time>
      </trkpt>
      <trkpt lat="40.616714" lon="-0.115716">
        <ele>800.0</ele>
        <time>2014-04-15T01:36:55Z</time>
      </trkpt>
      <trkpt lat="40.616798" lon="-0.115646">
        <ele>800.5</ele>
        <time>2014-04-15T01:37:00Z</time>
      </trkpt>
      <trkpt lat="40.616895" lon="-0.115571">
        <ele>801.5</ele>
        <time>2014-04-15T01:37:06Z</time>
      </trkpt>
      <trkpt lat="40.616998" lon="-0.115534">
        <ele>803.7</ele>
        <time>2014-04-15T01:37:11Z</time>
      </trkpt>
      <trkpt lat="40.617092" lon="-0.115471">
        <ele>805.3</ele>
        <time>2014-04-15T01:37:16Z</time>
      </trkpt>
      <trkpt lat="40.617182" lon="-0.115404">
        <ele>805.7</ele>
        <time>2014-04-15T01:37:21Z</time>
      </trkpt>
      <trkpt lat="40.617259" lon="-0.115334">
        <ele>805.8</ele>
        <time>2014-04-15T01:37:26Z</time>
      </trkpt>
      <trkpt lat="40.617333" lon="-0.115228">
        <ele>806.2</ele>
        <time>2014-04-15T01:37:32Z</time>
      </trkpt>
      <trkpt lat="40.617333" lon="-0.115080">
        <ele>806.1</ele>
        <time>2014-04-15T01:37:37Z</time>
      </trkpt>
      <trkpt lat="40.617330" lon="-0.114941">
        <ele>806.1</ele>
        <time>2014-04-15T01:37:43Z</time>
      </trkpt>
      <trkpt lat="40.617354" lon="-0.114797">
        <ele>806.8</ele>
        <time>2014-04-15T01:37:48Z</time>
      </trkpt>
      <trkpt lat="40.617439" lon="-0.114573">
        <ele>807.6</ele>
        <time>2014-04-15T01:37:58Z</time>
      </trkpt>
      <trkpt lat="40.617475" lon="-0.114457">
        <ele>807.3</ele>
        <time>2014-04-15T01:38:02Z</time>
      </trkpt>
      <trkpt lat="40.617529" lon="-0.114332">
        <ele>807.6</ele>
        <time>2014-04-15T01:38:08Z</time>
      </trkpt>
      <trkpt lat="40.617597" lon="-0.114231">
        <ele>808.8</ele>
        <time>2014-04-15T01:38:13Z</time>
      </trkpt>
      <trkpt lat="40.617665" lon="-0.114134">
        <ele>810.0</ele>
        <time>2014-04-15T01:38:18Z</time>
      </trkpt>
      <trkpt lat="40.617734" lon="-0.114033">
        <ele>810.9</ele>
        <time>2014-04-15T01:38:23Z</time>
      </trkpt>
      <trkpt lat="40.617790" lon="-0.113940">
        <ele>811.3</ele>
        <time>2014-04-15T01:38:28Z</time>
      </trkpt>
      <trkpt lat="40.617856" lon="-0.113837">
        <ele>811.7</ele>
        <time>2014-04-15T01:38:33Z</time>
      </trkpt>
      <trkpt lat="40.617915" lon="-0.113738">
        <ele>811.8</ele>
        <time>2014-04-15T01:38:38Z</time>
      </trkpt>
      <trkpt lat="40.617979" lon="-0.113633">
        <ele>811.9</ele>
        <time>2014-04-15T01:38:43Z</time>
      </trkpt>
      <trkpt lat="40.618044" lon="-0.113514">
        <ele>811.5</ele>
        <time>2014-04-15T01:38:48Z</time>
      </trkpt>
      <trkpt lat="40.618107" lon="-0.113411">
        <ele>811.8</ele>
        <time>2014-04-15T01:38:53Z</time>
      </trkpt>
      <trkpt lat="40.618230" lon="-0.113178">
        <ele>809.8</ele>
        <time>2014-04-15T01:39:04Z</time>
      </trkpt>
      <trkpt lat="40.618318" lon="-0.113094">
        <ele>809.9</ele>
        <time>2014-04-15T01:39:09Z</time>
      </trkpt>
      <trkpt lat="40.618409" lon="-0.113052">
        <ele>811.9</ele>
        <time>2014-04-15T01:39:14Z</time>
      </trkpt>
      <trkpt lat="40.618470" lon="-0.112955">
        <ele>811.8</ele>
        <time>2014-04-15T01:39:19Z</time>
      </trkpt>
      <trkpt lat="40.618532" lon="-0.112831">
        <ele>810.5</ele>
        <time>2014-04-15T01:39:25Z</time>
      </trkpt>
      <trkpt lat="40.618619" lon="-0.112796">
        <ele>810.2</ele>
        <time>2014-04-15T01:39:29Z</time>
      </trkpt>
      <trkpt lat="40.618707" lon="-0.112728">
        <ele>809.8</ele>
        <time>2014-04-15T01:39:34Z</time>
      </trkpt>
      <trkpt lat="40.618781" lon="-0.112654">
        <ele>811.4</ele>
        <time>2014-04-15T01:39:39Z</time>
      </trkpt>
      <trkpt lat="40.618824" lon="-0.112531">
        <ele>813.5</ele>
        <time>2014-04-15T01:39:44Z</time>
      </trkpt>
      <trkpt lat="40.618800" lon="-0.112404">
        <ele>815.0</ele>
        <time>2014-04-15T01:39:49Z</time>
      </trkpt>
      <trkpt lat="40.618800" lon="-0.112404">
        <ele>815.0</ele>
        <time>2014-04-15T01:39:49Z</time>
      </trkpt>
      <trkpt lat="40.618747" lon="-0.112297">
        <ele>815.3</ele>
        <time>2014-04-15T01:39:54Z</time>
      </trkpt>
      <trkpt lat="40.618627" lon="-0.112102">
        <ele>816.2</ele>
        <time>2014-04-15T01:40:04Z</time>
      </trkpt>
      <trkpt lat="40.618684" lon="-0.111855">
        <ele>821.3</ele>
        <time>2014-04-15T01:40:13Z</time>
      </trkpt>
      <trkpt lat="40.618683" lon="-0.111718">
        <ele>821.8</ele>
        <time>2014-04-15T01:40:19Z</time>
      </trkpt>
      <trkpt lat="40.618693" lon="-0.111597">
        <ele>822.6</ele>
        <time>2014-04-15T01:40:23Z</time>
      </trkpt>
      <trkpt lat="40.618658" lon="-0.111478">
        <ele>822.7</ele>
        <time>2014-04-15T01:40:28Z</time>
      </trkpt>
      <trkpt lat="40.618653" lon="-0.111357">
        <ele>824.3</ele>
        <time>2014-04-15T01:40:33Z</time>
      </trkpt>
      <trkpt lat="40.618586" lon="-0.111089">
        <ele>827.7</ele>
        <time>2014-04-15T01:40:43Z</time>
      </trkpt>
      <trkpt lat="40.618540" lon="-0.110984">
        <ele>829.6</ele>
        <time>2014-04-15T01:40:48Z</time>
      </trkpt>
      <trkpt lat="40.618487" lon="-0.110876">
        <ele>831.4</ele>
        <time>2014-04-15T01:40:53Z</time>
      </trkpt>
      <trkpt lat="40.618428" lon="-0.110784">
        <ele>833.7</ele>
        <time>2014-04-15T01:40:57Z</time>
      </trkpt>
      <trkpt lat="40.618365" lon="-0.110693">
        <ele>836.7</ele>
        <time>2014-04-15T01:41:02Z</time>
      </trkpt>
      <trkpt lat="40.618310" lon="-0.110460">
        <ele>838.8</ele>
        <time>2014-04-15T01:41:11Z</time>
      </trkpt>
      <trkpt lat="40.618252" lon="-0.110358">
        <ele>840.1</ele>
        <time>2014-04-15T01:41:16Z</time>
      </trkpt>
      <trkpt lat="40.618190" lon="-0.110267">
        <ele>842.0</ele>
        <time>2014-04-15T01:41:21Z</time>
      </trkpt>
      <trkpt lat="40.618159" lon="-0.110507">
        <ele>844.1</ele>
        <time>2014-04-15T01:41:30Z</time>
      </trkpt>
      <trkpt lat="40.618080" lon="-0.110434">
        <ele>847.8</ele>
        <time>2014-04-15T01:41:35Z</time>
      </trkpt>
      <trkpt lat="40.618013" lon="-0.110219">
        <ele>850.9</ele>
        <time>2014-04-15T01:41:44Z</time>
      </trkpt>
      <trkpt lat="40.617967" lon="-0.110111">
        <ele>852.6</ele>
        <time>2014-04-15T01:41:48Z</time>
      </trkpt>
      <trkpt lat="40.617908" lon="-0.110018">
        <ele>854.4</ele>
        <time>2014-04-15T01:41:53Z</time>
      </trkpt>
      <trkpt lat="40.617879" lon="-0.109884">
        <ele>855.0</ele>
        <time>2014-04-15T01:41:58Z</time>
      </trkpt>
      <trkpt lat="40.617829" lon="-0.109783">
        <ele>855.9</ele>
        <time>2014-04-15T01:42:03Z</time>
      </trkpt>
      <trkpt lat="40.617783" lon="-0.109673">
        <ele>857.2</ele>
        <time>2014-04-15T01:42:08Z</time>
      </trkpt>
      <trkpt lat="40.617683" lon="-0.109457">
        <ele>859.4</ele>
        <time>2014-04-15T01:42:17Z</time>
      </trkpt>
      <trkpt lat="40.617615" lon="-0.109377">
        <ele>861.5</ele>
        <time>2014-04-15T01:42:22Z</time>
      </trkpt>
      <trkpt lat="40.617539" lon="-0.109300">
        <ele>864.0</ele>
        <time>2014-04-15T01:42:27Z</time>
      </trkpt>
      <trkpt lat="40.617507" lon="-0.109172">
        <ele>865.0</ele>
        <time>2014-04-15T01:42:32Z</time>
      </trkpt>
      <trkpt lat="40.617422" lon="-0.109103">
        <ele>867.1</ele>
        <time>2014-04-15T01:42:37Z</time>
      </trkpt>
      <trkpt lat="40.617324" lon="-0.109073">
        <ele>868.8</ele>
        <time>2014-04-15T01:42:42Z</time>
      </trkpt>
      <trkpt lat="40.617138" lon="-0.109135">
        <ele>870.1</ele>
        <time>2014-04-15T01:42:51Z</time>
      </trkpt>
      <trkpt lat="40.616960" lon="-0.109013">
        <ele>874.4</ele>
        <time>2014-04-15T01:43:01Z</time>
      </trkpt>
      <trkpt lat="40.616882" lon="-0.108934">
        <ele>876.5</ele>
        <time>2014-04-15T01:43:06Z</time>
      </trkpt>
      <trkpt lat="40.616806" lon="-0.108863">
        <ele>878.5</ele>
        <time>2014-04-15T01:43:11Z</time>
      </trkpt>
      <trkpt lat="40.616721" lon="-0.108805">
        <ele>880.3</ele>
        <time>2014-04-15T01:43:16Z</time>
      </trkpt>
      <trkpt lat="40.616629" lon="-0.108767">
        <ele>881.0</ele>
        <time>2014-04-15T01:43:21Z</time>
      </trkpt>
      <trkpt lat="40.616435" lon="-0.108712">
        <ele>883.6</ele>
        <time>2014-04-15T01:43:30Z</time>
      </trkpt>
      <trkpt lat="40.616392" lon="-0.108598">
        <ele>885.0</ele>
        <time>2014-04-15T01:43:35Z</time>
      </trkpt>
      <trkpt lat="40.616429" lon="-0.108488">
        <ele>885.6</ele>
        <time>2014-04-15T01:43:40Z</time>
      </trkpt>
      <trkpt lat="40.616491" lon="-0.108394">
        <ele>885.0</ele>
        <time>2014-04-15T01:43:45Z</time>
      </trkpt>
      <trkpt lat="40.616483" lon="-0.108266">
        <ele>886.9</ele>
        <time>2014-04-15T01:43:49Z</time>
      </trkpt>
      <trkpt lat="40.616443" lon="-0.108159">
        <ele>888.2</ele>
        <time>2014-04-15T01:43:54Z</time>
      </trkpt>
      <trkpt lat="40.616389" lon="-0.107937">
        <ele>889.8</ele>
        <time>2014-04-15T01:44:03Z</time>
      </trkpt>
      <trkpt lat="40.616380" lon="-0.107811">
        <ele>890.5</ele>
        <time>2014-04-15T01:44:08Z</time>
      </trkpt>
      <trkpt lat="40.616332" lon="-0.107700">
        <ele>892.5</ele>
        <time>2014-04-15T01:44:13Z</time>
      </trkpt>
      <trkpt lat="40.616319" lon="-0.107580">
        <ele>893.2</ele>
        <time>2014-04-15T01:44:17Z</time>
      </trkpt>
      <trkpt lat="40.616252" lon="-0.107497">
        <ele>895.8</ele>
        <time>2014-04-15T01:44:22Z</time>
      </trkpt>
      <trkpt lat="40.616209" lon="-0.107391">
        <ele>897.2</ele>
        <time>2014-04-15T01:44:26Z</time>
      </trkpt>
      <trkpt lat="40.616153" lon="-0.107290">
        <ele>899.1</ele>
        <time>2014-04-15T01:44:31Z</time>
      </trkpt>
      <trkpt lat="40.616060" lon="-0.107077">
        <ele>902.2</ele>
        <time>2014-04-15T01:44:40Z</time>
      </trkpt>
      <trkpt lat="40.616095" lon="-0.106955">
        <ele>901.8</ele>
        <time>2014-04-15T01:44:45Z</time>
      </trkpt>
      <trkpt lat="40.616169" lon="-0.106883">
        <ele>901.1</ele>
        <time>2014-04-15T01:44:50Z</time>
      </trkpt>
      <trkpt lat="40.616230" lon="-0.106788">
        <ele>901.5</ele>
        <time>2014-04-15T01:44:55Z</time>
      </trkpt>
      <trkpt lat="40.616294" lon="-0.106682">
        <ele>902.6</ele>
        <time>2014-04-15T01:45:00Z</time>
      </trkpt>
      <trkpt lat="40.616351" lon="-0.106590">
        <ele>904.2</ele>
        <time>2014-04-15T01:45:04Z</time>
      </trkpt>
      <trkpt lat="40.616467" lon="-0.106412">
        <ele>906.2</ele>
        <time>2014-04-15T01:45:13Z</time>
      </trkpt>
      <trkpt lat="40.616467" lon="-0.106412">
        <ele>906.2</ele>
        <time>2014-04-15T01:45:13Z</time>
      </trkpt>
      <trkpt lat="40.616626" lon="-0.106251">
        <ele>907.5</ele>
        <time>2014-04-15T01:45:23Z</time>
      </trkpt>
      <trkpt lat="40.616667" lon="-0.106135">
        <ele>908.0</ele>
        <time>2014-04-15T01:45:28Z</time>
      </trkpt>
      <trkpt lat="40.616708" lon="-0.106017">
        <ele>908.8</ele>
        <time>2014-04-15T01:45:33Z</time>
      </trkpt>
      <trkpt lat="40.616771" lon="-0.105925">
        <ele>909.7</ele>
        <time>2014-04-15T01:45:38Z</time>
      </trkpt>
      <trkpt lat="40.616849" lon="-0.105851">
        <ele>911.2</ele>
        <time>2014-04-15T01:45:43Z</time>
      </trkpt>
      <trkpt lat="40.616948" lon="-0.105772">
        <ele>913.0</ele>
        <time>2014-04-15T01:45:48Z</time>
      </trkpt>
      <trkpt lat="40.617038" lon="-0.105669">
        <ele>914.3</ele>
        <time>2014-04-15T01:45:54Z</time>
      </trkpt>
      <trkpt lat="40.617118" lon="-0.105577">
        <ele>915.3</ele>
        <time>2014-04-15T01:46:00Z</time>
      </trkpt>
      <trkpt lat="40.617205" lon="-0.105511">
        <ele>917.0</ele>
        <time>2014-04-15T01:46:05Z</time>
      </trkpt>
      <trkpt lat="40.617266" lon="-0.105412">
        <ele>917.5</ele>
        <time>2014-04-15T01:46:09Z</time>
      </trkpt>
      <trkpt lat="40.617328" lon="-0.105314">
        <ele>918.1</ele>
        <time>2014-04-15T01:46:14Z</time>
      </trkpt>
      <trkpt lat="40.617397" lon="-0.105223">
        <ele>919.2</ele>
        <time>2014-04-15T01:46:19Z</time>
      </trkpt>
      <trkpt lat="40.617416" lon="-0.105086">
        <ele>919.8</ele>
        <time>2014-04-15T01:46:24Z</time>
      </trkpt>
      <trkpt lat="40.617415" lon="-0.104950">
        <ele>920.9</ele>
        <time>2014-04-15T01:46:30Z</time>
      </trkpt>
      <trkpt lat="40.617389" lon="-0.104833">
        <ele>921.7</ele>
        <time>2014-04-15T01:46:34Z</time>
      </trkpt>
      <trkpt lat="40.617367" lon="-0.104701">
        <ele>922.2</ele>
        <time>2014-04-15T01:46:39Z</time>
      </trkpt>
      <trkpt lat="40.617321" lon="-0.104443">
        <ele>922.4</ele>
        <time>2014-04-15T01:46:49Z</time>
      </trkpt>
      <trkpt lat="40.617338" lon="-0.104320">
        <ele>925.3</ele>
        <time>2014-04-15T01:46:54Z</time>
      </trkpt>
      <trkpt lat="40.617329" lon="-0.104163">
        <ele>926.0</ele>
        <time>2014-04-15T01:47:00Z</time>
      </trkpt>
      <trkpt lat="40.617335" lon="-0.104027">
        <ele>927.4</ele>
        <time>2014-04-15T01:47:05Z</time>
      </trkpt>
      <trkpt lat="40.617352" lon="-0.103902">
        <ele>929.1</ele>
        <time>2014-04-15T01:47:10Z</time>
      </trkpt>
      <trkpt lat="40.617341" lon="-0.103768">
        <ele>930.3</ele>
        <time>2014-04-15T01:47:15Z</time>
      </trkpt>
      <trkpt lat="40.617313" lon="-0.103636">
        <ele>932.0</ele>
        <time>2014-04-15T01:47:21Z</time>
      </trkpt>
      <trkpt lat="40.617285" lon="-0.103506">
        <ele>933.6</ele>
        <time>2014-04-15T01:47:26Z</time>
      </trkpt>
      <trkpt lat="40.617206" lon="-0.103269">
        <ele>935.1</ele>
        <time>2014-04-15T01:47:35Z</time>
      </trkpt>
      <trkpt lat="40.617171" lon="-0.103154">
        <ele>935.8</ele>
        <time>2014-04-15T01:47:40Z</time>
      </trkpt>
      <trkpt lat="40.617124" lon="-0.103049">
        <ele>935.9</ele>
        <time>2014-04-15T01:47:45Z</time>
      </trkpt>
      <trkpt lat="40.617128" lon="-0.102890">
        <ele>937.7</ele>
        <time>2014-04-15T01:47:51Z</time>
      </trkpt>
      <trkpt lat="40.617134" lon="-0.102767">
        <ele>939.5</ele>
        <time>2014-04-15T01:47:56Z</time>
      </trkpt>
      <trkpt lat="40.617135" lon="-0.102637">
        <ele>940.8</ele>
        <time>2014-04-15T01:48:00Z</time>
      </trkpt>
      <trkpt lat="40.617152" lon="-0.102377">
        <ele>941.7</ele>
        <time>2014-04-15T01:48:10Z</time>
      </trkpt>
      <trkpt lat="40.617165" lon="-0.102122">
        <ele>944.7</ele>
        <time>2014-04-15T01:48:20Z</time>
      </trkpt>
      <trkpt lat="40.617195" lon="-0.101988">
        <ele>946.5</ele>
        <time>2014-04-15T01:48:25Z</time>
      </trkpt>
      <trkpt lat="40.617223" lon="-0.101881">
        <ele>947.4</ele>
        <time>2014-04-15T01:48:30Z</time>
      </trkpt>
      <trkpt lat="40.617265" lon="-0.101769">
        <ele>947.6</ele>
        <time>2014-04-15T01:48:34Z</time>
      </trkpt>
      <trkpt lat="40.617346" lon="-0.101661">
        <ele>949.1</ele>
        <time>2014-04-15T01:48:40Z</time>
      </trkpt>
      <trkpt lat="40.617453" lon="-0.101655">
        <ele>951.5</ele>
        <time>2014-04-15T01:48:46Z</time>
      </trkpt>
      <trkpt lat="40.617527" lon="-0.101641">
        <ele>952.9</ele>
        <time>2014-04-15T01:48:49Z</time>
      </trkpt>
      <trkpt lat="40.617688" lon="-0.101486">
        <ele>955.8</ele>
        <time>2014-04-15T01:48:59Z</time>
      </trkpt>
      <trkpt lat="40.617737" lon="-0.101373">
        <ele>956.5</ele>
        <time>2014-04-15T01:49:04Z</time>
      </trkpt>
      <trkpt lat="40.617737" lon="-0.101298">
        <ele>955.7</ele>
        <time>2014-04-15T01:49:07Z</time>
      </trkpt>
      <trkpt lat="40.617721" lon="-0.101147">
        <ele>954.3</ele>
        <time>2014-04-15T01:49:13Z</time>
      </trkpt>
      <trkpt lat="40.617723" lon="-0.101055">
        <ele>955.0</ele>
        <time>2014-04-15T01:49:16Z</time>
      </trkpt>
      <trkpt lat="40.617778" lon="-0.100979">
        <ele>956.1</ele>
        <time>2014-04-15T01:49:20Z</time>
      </trkpt>
      <trkpt lat="40.617836" lon="-0.100809">
        <ele>955.8</ele>
        <time>2014-04-15T01:49:27Z</time>
      </trkpt>
      <trkpt lat="40.617895" lon="-0.100690">
        <ele>955.8</ele>
        <time>2014-04-15T01:49:33Z</time>
      </trkpt>
      <trkpt lat="40.617975" lon="-0.100449">
        <ele>955.4</ele>
        <time>2014-04-15T01:49:43Z</time>
      </trkpt>
      <trkpt lat="40.618022" lon="-0.100330">
        <ele>955.2</ele>
        <time>2014-04-15T01:49:48Z</time>
      </trkpt>
      <trkpt lat="40.618102" lon="-0.100256">
        <ele>955.8</ele>
        <time>2014-04-15T01:49:53Z</time>
      </trkpt>
      <trkpt lat="40.618145" lon="-0.100155">
        <ele>955.8</ele>
        <time>2014-04-15T01:49:57Z</time>
      </trkpt>
      <trkpt lat="40.618172" lon="-0.100069">
        <ele>955.8</ele>
        <time>2014-04-15T01:50:01Z</time>
      </trkpt>
      <trkpt lat="40.618186" lon="-0.100009">
        <ele>955.5</ele>
        <time>2014-04-15T01:50:03Z</time>
      </trkpt>
      <trkpt lat="40.618205" lon="-0.099915">
        <ele>954.9</ele>
        <time>2014-04-15T01:50:07Z</time>
      </trkpt>
      <trkpt lat="40.618211" lon="-0.099839">
        <ele>954.3</ele>
        <time>2014-04-15T01:50:10Z</time>
      </trkpt>
      <trkpt lat="40.618292" lon="-0.099663">
        <ele>954.1</ele>
        <time>2014-04-15T01:50:18Z</time>
      </trkpt>
      <trkpt lat="40.618412" lon="-0.099545">
        <ele>954.3</ele>
        <time>2014-04-15T01:50:25Z</time>
      </trkpt>
      <trkpt lat="40.618521" lon="-0.099487">
        <ele>954.7</ele>
        <time>2014-04-15T01:50:31Z</time>
      </trkpt>
      <trkpt lat="40.618687" lon="-0.099339">
        <ele>953.1</ele>
        <time>2014-04-15T01:50:41Z</time>
      </trkpt>
      <trkpt lat="40.618852" lon="-0.099247">
        <ele>954.2</ele>
        <time>2014-04-15T01:50:50Z</time>
      </trkpt>
      <trkpt lat="40.618986" lon="-0.099156">
        <ele>955.2</ele>
        <time>2014-04-15T01:50:57Z</time>
      </trkpt>
      <trkpt lat="40.619115" lon="-0.098985">
        <ele>954.8</ele>
        <time>2014-04-15T01:51:07Z</time>
      </trkpt>
      <trkpt lat="40.619209" lon="-0.098911">
        <ele>955.9</ele>
        <time>2014-04-15T01:51:12Z</time>
      </trkpt>
      <trkpt lat="40.619312" lon="-0.098888">
        <ele>958.1</ele>
        <time>2014-04-15T01:51:17Z</time>
      </trkpt>
      <trkpt lat="40.619397" lon="-0.098864">
        <ele>958.0</ele>
        <time>2014-04-15T01:51:22Z</time>
      </trkpt>
      <trkpt lat="40.619485" lon="-0.098896">
        <ele>958.8</ele>
        <time>2014-04-15T01:51:26Z</time>
      </trkpt>
      <trkpt lat="40.619595" lon="-0.098910">
        <ele>959.2</ele>
        <time>2014-04-15T01:51:32Z</time>
      </trkpt>
      <trkpt lat="40.619678" lon="-0.098949">
        <ele>960.2</ele>
        <time>2014-04-15T01:51:36Z</time>
      </trkpt>
      <trkpt lat="40.619771" lon="-0.098987">
        <ele>961.2</ele>
        <time>2014-04-15T01:51:41Z</time>
      </trkpt>
      <trkpt lat="40.619845" lon="-0.099013">
        <ele>962.0</ele>
        <time>2014-04-15T01:51:45Z</time>
      </trkpt>
      <trkpt lat="40.620077" lon="-0.099122">
        <ele>965.5</ele>
        <time>2014-04-15T01:51:57Z</time>
      </trkpt>
      <trkpt lat="40.620339" lon="-0.099230">
        <ele>968.3</ele>
        <time>2014-04-15T01:52:11Z</time>
      </trkpt>
      <trkpt lat="40.620535" lon="-0.099266">
        <ele>968.1</ele>
        <time>2014-04-15T01:52:21Z</time>
      </trkpt>
      <trkpt lat="40.620684" lon="-0.099309">
        <ele>969.5</ele>
        <time>2014-04-15T01:52:28Z</time>
      </trkpt>
      <trkpt lat="40.620771" lon="-0.099256">
        <ele>969.1</ele>
        <time>2014-04-15T01:52:33Z</time>
      </trkpt>
      <trkpt lat="40.620861" lon="-0.099281">
        <ele>970.2</ele>
        <time>2014-04-15T01:52:38Z</time>
      </trkpt>
      <trkpt lat="40.620963" lon="-0.099300">
        <ele>971.0</ele>
        <time>2014-04-15T01:52:43Z</time>
      </trkpt>
      <trkpt lat="40.621143" lon="-0.099308">
        <ele>972.0</ele>
        <time>2014-04-15T01:52:52Z</time>
      </trkpt>
      <trkpt lat="40.621258" lon="-0.099324">
        <ele>972.0</ele>
        <time>2014-04-15T01:52:58Z</time>
      </trkpt>
      <trkpt lat="40.621346" lon="-0.099276">
        <ele>971.4</ele>
        <time>2014-04-15T01:53:03Z</time>
      </trkpt>
      <trkpt lat="40.621414" lon="-0.099185">
        <ele>970.5</ele>
        <time>2014-04-15T01:53:07Z</time>
      </trkpt>
      <trkpt lat="40.621486" lon="-0.099077">
        <ele>969.4</ele>
        <time>2014-04-15T01:53:13Z</time>
      </trkpt>
    </trkseg>
  </trk>
</gpx>
