<?xml version="1.0" encoding="UTF-8" standalone="no" ?>
<gpx xmlns="http://www.topografix.com/GPX/1/1" creator="CompeGPS" version="1.1" xmlns:xsi="http://www.w3.org/2001/XMLSchema-instance" xsi:schemaLocation="http://www.topografix.com/GPX/1/1 http://www.topografix.com/GPX/1/1/gpx.xsd http://www.garmin.com/xmlschemas/GpxExtensions/v3 http://www.garmin.com/xmlschemas/GpxExtensionsv3.xsd http://www.garmin.com/xmlschemas/TrackPointExtension/v1 http://www.garmin.com/xmlschemas/TrackPointExtensionv1.xsd" xmlns:gpxtpx="http://www.garmin.com/xmlschemas/TrackPointExtension/v1">
  <metadata>
    <link href="http://www.compegps.com">
      <text>CompeGPS TEAM, SL</text>
    </link>
    <time>2015-10-19T12:23:52Z</time>
    <bounds maxlat="40.642358" maxlon="-0.019754" minlat="40.621423" minlon="-0.100872"/>
  </metadata>
  <trk>
    <name>MedioPerdidov2</name>
    <trkseg>
      <trkpt lat="40.621422" lon="-0.098946">
        <ele>969.2</ele>
        <time>2015-10-19T12:23:24Z</time>
        <sat>6</sat>
      </trkpt>
      <trkpt lat="40.621473" lon="-0.098982">
        <ele>969.2</ele>
        <time>2015-10-19T12:23:26Z</time>
        <sat>6</sat>
      </trkpt>
      <trkpt lat="40.621503" lon="-0.099037">
        <ele>969.1</ele>
        <time>2015-10-19T12:23:29Z</time>
        <sat>6</sat>
      </trkpt>
      <trkpt lat="40.621541" lon="-0.099085">
        <ele>968.7</ele>
        <time>2015-10-19T12:23:32Z</time>
        <sat>6</sat>
      </trkpt>
      <trkpt lat="40.621566" lon="-0.099091">
        <ele>968.4</ele>
        <time>2015-10-19T12:23:33Z</time>
        <sat>6</sat>
      </trkpt>
      <trkpt lat="40.621726" lon="-0.099005">
        <ele>966.7</ele>
        <time>2015-10-19T12:23:42Z</time>
        <sat>5</sat>
      </trkpt>
      <trkpt lat="40.621788" lon="-0.099086">
        <ele>966.0</ele>
        <time>2015-10-19T12:23:46Z</time>
        <sat>5</sat>
      </trkpt>
      <trkpt lat="40.621821" lon="-0.099290">
        <ele>966.3</ele>
        <time>2015-10-19T12:23:54Z</time>
        <sat>5</sat>
      </trkpt>
      <trkpt lat="40.621861" lon="-0.099436">
        <ele>965.2</ele>
        <time>2015-10-19T12:24:00Z</time>
        <sat>8</sat>
      </trkpt>
      <trkpt lat="40.621941" lon="-0.099511">
        <ele>963.8</ele>
        <time>2015-10-19T12:24:05Z</time>
        <sat>8</sat>
      </trkpt>
      <trkpt lat="40.621952" lon="-0.099631">
        <ele>963.4</ele>
        <time>2015-10-19T12:24:09Z</time>
        <sat>8</sat>
      </trkpt>
      <trkpt lat="40.621994" lon="-0.099763">
        <ele>962.9</ele>
        <time>2015-10-19T12:24:15Z</time>
        <sat>8</sat>
      </trkpt>
      <trkpt lat="40.622071" lon="-0.099884">
        <ele>960.8</ele>
        <time>2015-10-19T12:24:21Z</time>
        <sat>8</sat>
      </trkpt>
      <trkpt lat="40.622167" lon="-0.099966">
        <ele>959.3</ele>
        <time>2015-10-19T12:24:26Z</time>
        <sat>8</sat>
      </trkpt>
      <trkpt lat="40.622264" lon="-0.100041">
        <ele>959.3</ele>
        <time>2015-10-19T12:24:32Z</time>
        <sat>8</sat>
      </trkpt>
      <trkpt lat="40.622361" lon="-0.100144">
        <ele>959.0</ele>
        <time>2015-10-19T12:24:38Z</time>
        <sat>8</sat>
      </trkpt>
      <trkpt lat="40.622426" lon="-0.100284">
        <ele>958.3</ele>
        <time>2015-10-19T12:24:44Z</time>
        <sat>8</sat>
      </trkpt>
      <trkpt lat="40.622444" lon="-0.100441">
        <ele>958.3</ele>
        <time>2015-10-19T12:24:50Z</time>
        <sat>8</sat>
      </trkpt>
      <trkpt lat="40.622469" lon="-0.100603">
        <ele>957.7</ele>
        <time>2015-10-19T12:24:57Z</time>
        <sat>7</sat>
      </trkpt>
      <trkpt lat="40.622469" lon="-0.100603">
        <ele>957.7</ele>
        <time>2015-10-19T12:24:57Z</time>
        <sat>7</sat>
      </trkpt>
      <trkpt lat="40.622551" lon="-0.100723">
        <ele>956.7</ele>
        <time>2015-10-19T12:25:03Z</time>
        <sat>6</sat>
      </trkpt>
      <trkpt lat="40.622676" lon="-0.100763">
        <ele>955.5</ele>
        <time>2015-10-19T12:25:09Z</time>
        <sat>7</sat>
      </trkpt>
      <trkpt lat="40.622803" lon="-0.100776">
        <ele>955.1</ele>
        <time>2015-10-19T12:25:16Z</time>
        <sat>7</sat>
      </trkpt>
      <trkpt lat="40.622939" lon="-0.100753">
        <ele>953.8</ele>
        <time>2015-10-19T12:25:23Z</time>
        <sat>7</sat>
      </trkpt>
      <trkpt lat="40.623092" lon="-0.100707">
        <ele>952.8</ele>
        <time>2015-10-19T12:25:30Z</time>
        <sat>7</sat>
      </trkpt>
      <trkpt lat="40.623256" lon="-0.100656">
        <ele>951.5</ele>
        <time>2015-10-19T12:25:39Z</time>
        <sat>7</sat>
      </trkpt>
      <trkpt lat="40.623421" lon="-0.100606">
        <ele>950.1</ele>
        <time>2015-10-19T12:25:47Z</time>
        <sat>8</sat>
      </trkpt>
      <trkpt lat="40.623589" lon="-0.100554">
        <ele>949.3</ele>
        <time>2015-10-19T12:25:56Z</time>
        <sat>8</sat>
      </trkpt>
      <trkpt lat="40.623746" lon="-0.100508">
        <ele>948.2</ele>
        <time>2015-10-19T12:26:04Z</time>
        <sat>7</sat>
      </trkpt>
      <trkpt lat="40.623899" lon="-0.100457">
        <ele>946.9</ele>
        <time>2015-10-19T12:26:12Z</time>
        <sat>7</sat>
      </trkpt>
      <trkpt lat="40.624055" lon="-0.100406">
        <ele>945.9</ele>
        <time>2015-10-19T12:26:20Z</time>
        <sat>8</sat>
      </trkpt>
      <trkpt lat="40.624219" lon="-0.100346">
        <ele>945.3</ele>
        <time>2015-10-19T12:26:28Z</time>
        <sat>8</sat>
      </trkpt>
      <trkpt lat="40.624370" lon="-0.100243">
        <ele>944.6</ele>
        <time>2015-10-19T12:26:37Z</time>
        <sat>8</sat>
      </trkpt>
      <trkpt lat="40.624497" lon="-0.100111">
        <ele>944.3</ele>
        <time>2015-10-19T12:26:45Z</time>
        <sat>8</sat>
      </trkpt>
      <trkpt lat="40.624597" lon="-0.099968">
        <ele>944.5</ele>
        <time>2015-10-19T12:26:52Z</time>
        <sat>7</sat>
      </trkpt>
      <trkpt lat="40.624671" lon="-0.099846">
        <ele>944.4</ele>
        <time>2015-10-19T12:26:58Z</time>
        <sat>8</sat>
      </trkpt>
      <trkpt lat="40.624729" lon="-0.099738">
        <ele>944.8</ele>
        <time>2015-10-19T12:27:03Z</time>
        <sat>8</sat>
      </trkpt>
      <trkpt lat="40.624818" lon="-0.099634">
        <ele>945.6</ele>
        <time>2015-10-19T12:27:09Z</time>
        <sat>8</sat>
      </trkpt>
      <trkpt lat="40.624891" lon="-0.099558">
        <ele>946.2</ele>
        <time>2015-10-19T12:27:14Z</time>
        <sat>8</sat>
      </trkpt>
      <trkpt lat="40.624954" lon="-0.099467">
        <ele>947.1</ele>
        <time>2015-10-19T12:27:19Z</time>
        <sat>8</sat>
      </trkpt>
      <trkpt lat="40.625014" lon="-0.099374">
        <ele>948.0</ele>
        <time>2015-10-19T12:27:23Z</time>
        <sat>8</sat>
      </trkpt>
      <trkpt lat="40.625097" lon="-0.099274">
        <ele>949.0</ele>
        <time>2015-10-19T12:27:29Z</time>
        <sat>8</sat>
      </trkpt>
      <trkpt lat="40.625197" lon="-0.099227">
        <ele>949.8</ele>
        <time>2015-10-19T12:27:34Z</time>
        <sat>8</sat>
      </trkpt>
      <trkpt lat="40.625282" lon="-0.099184">
        <ele>950.8</ele>
        <time>2015-10-19T12:27:39Z</time>
        <sat>8</sat>
      </trkpt>
      <trkpt lat="40.625384" lon="-0.099103">
        <ele>951.3</ele>
        <time>2015-10-19T12:27:45Z</time>
        <sat>8</sat>
      </trkpt>
      <trkpt lat="40.625474" lon="-0.099014">
        <ele>952.0</ele>
        <time>2015-10-19T12:27:50Z</time>
        <sat>8</sat>
      </trkpt>
      <trkpt lat="40.625559" lon="-0.098929">
        <ele>953.1</ele>
        <time>2015-10-19T12:27:56Z</time>
        <sat>9</sat>
      </trkpt>
      <trkpt lat="40.625652" lon="-0.098859">
        <ele>953.4</ele>
        <time>2015-10-19T12:28:01Z</time>
        <sat>9</sat>
      </trkpt>
      <trkpt lat="40.625751" lon="-0.098787">
        <ele>954.4</ele>
        <time>2015-10-19T12:28:07Z</time>
        <sat>9</sat>
      </trkpt>
      <trkpt lat="40.625846" lon="-0.098716">
        <ele>954.8</ele>
        <time>2015-10-19T12:28:12Z</time>
        <sat>9</sat>
      </trkpt>
      <trkpt lat="40.625930" lon="-0.098641">
        <ele>955.7</ele>
        <time>2015-10-19T12:28:17Z</time>
        <sat>9</sat>
      </trkpt>
      <trkpt lat="40.625982" lon="-0.098526">
        <ele>956.3</ele>
        <time>2015-10-19T12:28:22Z</time>
        <sat>9</sat>
      </trkpt>
      <trkpt lat="40.625986" lon="-0.098394">
        <ele>956.9</ele>
        <time>2015-10-19T12:28:27Z</time>
        <sat>9</sat>
      </trkpt>
      <trkpt lat="40.625964" lon="-0.098259">
        <ele>958.3</ele>
        <time>2015-10-19T12:28:33Z</time>
        <sat>9</sat>
      </trkpt>
      <trkpt lat="40.625947" lon="-0.098124">
        <ele>959.4</ele>
        <time>2015-10-19T12:28:38Z</time>
        <sat>9</sat>
      </trkpt>
      <trkpt lat="40.625959" lon="-0.097999">
        <ele>959.9</ele>
        <time>2015-10-19T12:28:43Z</time>
        <sat>9</sat>
      </trkpt>
      <trkpt lat="40.625989" lon="-0.097879">
        <ele>961.3</ele>
        <time>2015-10-19T12:28:47Z</time>
        <sat>9</sat>
      </trkpt>
      <trkpt lat="40.626035" lon="-0.097771">
        <ele>962.3</ele>
        <time>2015-10-19T12:28:52Z</time>
        <sat>9</sat>
      </trkpt>
      <trkpt lat="40.626097" lon="-0.097678">
        <ele>962.8</ele>
        <time>2015-10-19T12:28:57Z</time>
        <sat>9</sat>
      </trkpt>
      <trkpt lat="40.626167" lon="-0.097592">
        <ele>963.4</ele>
        <time>2015-10-19T12:29:02Z</time>
        <sat>9</sat>
      </trkpt>
      <trkpt lat="40.626236" lon="-0.097506">
        <ele>964.0</ele>
        <time>2015-10-19T12:29:06Z</time>
        <sat>9</sat>
      </trkpt>
      <trkpt lat="40.626316" lon="-0.097403">
        <ele>964.8</ele>
        <time>2015-10-19T12:29:12Z</time>
        <sat>9</sat>
      </trkpt>
      <trkpt lat="40.626384" lon="-0.097321">
        <ele>965.4</ele>
        <time>2015-10-19T12:29:17Z</time>
        <sat>9</sat>
      </trkpt>
      <trkpt lat="40.626454" lon="-0.097241">
        <ele>966.2</ele>
        <time>2015-10-19T12:29:21Z</time>
        <sat>9</sat>
      </trkpt>
      <trkpt lat="40.626534" lon="-0.097171">
        <ele>966.7</ele>
        <time>2015-10-19T12:29:26Z</time>
        <sat>9</sat>
      </trkpt>
      <trkpt lat="40.626619" lon="-0.097114">
        <ele>967.1</ele>
        <time>2015-10-19T12:29:31Z</time>
        <sat>9</sat>
      </trkpt>
      <trkpt lat="40.626715" lon="-0.097086">
        <ele>967.6</ele>
        <time>2015-10-19T12:29:36Z</time>
        <sat>10</sat>
      </trkpt>
      <trkpt lat="40.626815" lon="-0.097083">
        <ele>968.1</ele>
        <time>2015-10-19T12:29:41Z</time>
        <sat>10</sat>
      </trkpt>
      <trkpt lat="40.626935" lon="-0.097119">
        <ele>968.7</ele>
        <time>2015-10-19T12:29:47Z</time>
        <sat>9</sat>
      </trkpt>
      <trkpt lat="40.627055" lon="-0.097166">
        <ele>969.9</ele>
        <time>2015-10-19T12:29:53Z</time>
        <sat>9</sat>
      </trkpt>
      <trkpt lat="40.627164" lon="-0.097268">
        <ele>970.7</ele>
        <time>2015-10-19T12:30:00Z</time>
        <sat>9</sat>
      </trkpt>
      <trkpt lat="40.627242" lon="-0.097339">
        <ele>971.1</ele>
        <time>2015-10-19T12:30:05Z</time>
        <sat>9</sat>
      </trkpt>
      <trkpt lat="40.627321" lon="-0.097416">
        <ele>971.8</ele>
        <time>2015-10-19T12:30:09Z</time>
        <sat>9</sat>
      </trkpt>
      <trkpt lat="40.627405" lon="-0.097481">
        <ele>972.4</ele>
        <time>2015-10-19T12:30:14Z</time>
        <sat>10</sat>
      </trkpt>
      <trkpt lat="40.627499" lon="-0.097493">
        <ele>973.1</ele>
        <time>2015-10-19T12:30:19Z</time>
        <sat>10</sat>
      </trkpt>
      <trkpt lat="40.627609" lon="-0.097428">
        <ele>974.0</ele>
        <time>2015-10-19T12:30:25Z</time>
        <sat>10</sat>
      </trkpt>
      <trkpt lat="40.627672" lon="-0.097324">
        <ele>974.3</ele>
        <time>2015-10-19T12:30:30Z</time>
        <sat>10</sat>
      </trkpt>
      <trkpt lat="40.627729" lon="-0.097196">
        <ele>974.4</ele>
        <time>2015-10-19T12:30:36Z</time>
        <sat>10</sat>
      </trkpt>
      <trkpt lat="40.627799" lon="-0.097063">
        <ele>974.7</ele>
        <time>2015-10-19T12:30:42Z</time>
        <sat>10</sat>
      </trkpt>
      <trkpt lat="40.627847" lon="-0.096956">
        <ele>975.1</ele>
        <time>2015-10-19T12:30:47Z</time>
        <sat>10</sat>
      </trkpt>
      <trkpt lat="40.627892" lon="-0.096846">
        <ele>975.4</ele>
        <time>2015-10-19T12:30:51Z</time>
        <sat>10</sat>
      </trkpt>
      <trkpt lat="40.627947" lon="-0.096728">
        <ele>975.4</ele>
        <time>2015-10-19T12:30:57Z</time>
        <sat>10</sat>
      </trkpt>
      <trkpt lat="40.627996" lon="-0.096606">
        <ele>975.2</ele>
        <time>2015-10-19T12:31:02Z</time>
        <sat>10</sat>
      </trkpt>
      <trkpt lat="40.628039" lon="-0.096486">
        <ele>975.2</ele>
        <time>2015-10-19T12:31:07Z</time>
        <sat>10</sat>
      </trkpt>
      <trkpt lat="40.628094" lon="-0.096357">
        <ele>975.2</ele>
        <time>2015-10-19T12:31:13Z</time>
        <sat>10</sat>
      </trkpt>
      <trkpt lat="40.628156" lon="-0.096232">
        <ele>974.9</ele>
        <time>2015-10-19T12:31:18Z</time>
        <sat>10</sat>
      </trkpt>
      <trkpt lat="40.628222" lon="-0.096104">
        <ele>974.7</ele>
        <time>2015-10-19T12:31:24Z</time>
        <sat>10</sat>
      </trkpt>
      <trkpt lat="40.628284" lon="-0.095966">
        <ele>974.9</ele>
        <time>2015-10-19T12:31:30Z</time>
        <sat>10</sat>
      </trkpt>
      <trkpt lat="40.628347" lon="-0.095824">
        <ele>974.6</ele>
        <time>2015-10-19T12:31:36Z</time>
        <sat>10</sat>
      </trkpt>
      <trkpt lat="40.628409" lon="-0.095677">
        <ele>974.7</ele>
        <time>2015-10-19T12:31:43Z</time>
        <sat>10</sat>
      </trkpt>
      <trkpt lat="40.628471" lon="-0.095534">
        <ele>974.2</ele>
        <time>2015-10-19T12:31:49Z</time>
        <sat>10</sat>
      </trkpt>
      <trkpt lat="40.628525" lon="-0.095384">
        <ele>974.4</ele>
        <time>2015-10-19T12:31:55Z</time>
        <sat>10</sat>
      </trkpt>
      <trkpt lat="40.628596" lon="-0.095248">
        <ele>974.2</ele>
        <time>2015-10-19T12:32:02Z</time>
        <sat>10</sat>
      </trkpt>
      <trkpt lat="40.628679" lon="-0.095124">
        <ele>974.2</ele>
        <time>2015-10-19T12:32:08Z</time>
        <sat>10</sat>
      </trkpt>
      <trkpt lat="40.628774" lon="-0.095031">
        <ele>974.6</ele>
        <time>2015-10-19T12:32:14Z</time>
        <sat>10</sat>
      </trkpt>
      <trkpt lat="40.628881" lon="-0.094968">
        <ele>974.8</ele>
        <time>2015-10-19T12:32:20Z</time>
        <sat>10</sat>
      </trkpt>
      <trkpt lat="40.628985" lon="-0.094897">
        <ele>975.1</ele>
        <time>2015-10-19T12:32:26Z</time>
        <sat>10</sat>
      </trkpt>
      <trkpt lat="40.629080" lon="-0.094816">
        <ele>975.7</ele>
        <time>2015-10-19T12:32:31Z</time>
        <sat>10</sat>
      </trkpt>
      <trkpt lat="40.629171" lon="-0.094724">
        <ele>975.3</ele>
        <time>2015-10-19T12:32:37Z</time>
        <sat>9</sat>
      </trkpt>
      <trkpt lat="40.629262" lon="-0.094618">
        <ele>975.1</ele>
        <time>2015-10-19T12:32:43Z</time>
        <sat>9</sat>
      </trkpt>
      <trkpt lat="40.629354" lon="-0.094499">
        <ele>974.9</ele>
        <time>2015-10-19T12:32:49Z</time>
        <sat>9</sat>
      </trkpt>
      <trkpt lat="40.629454" lon="-0.094379">
        <ele>974.5</ele>
        <time>2015-10-19T12:32:56Z</time>
        <sat>9</sat>
      </trkpt>
      <trkpt lat="40.629542" lon="-0.094244">
        <ele>974.4</ele>
        <time>2015-10-19T12:33:03Z</time>
        <sat>9</sat>
      </trkpt>
      <trkpt lat="40.629617" lon="-0.094107">
        <ele>973.6</ele>
        <time>2015-10-19T12:33:09Z</time>
        <sat>9</sat>
      </trkpt>
      <trkpt lat="40.629665" lon="-0.093959">
        <ele>973.4</ele>
        <time>2015-10-19T12:33:16Z</time>
        <sat>9</sat>
      </trkpt>
      <trkpt lat="40.629711" lon="-0.093849">
        <ele>972.6</ele>
        <time>2015-10-19T12:33:20Z</time>
        <sat>9</sat>
      </trkpt>
      <trkpt lat="40.629749" lon="-0.093728">
        <ele>972.0</ele>
        <time>2015-10-19T12:33:25Z</time>
        <sat>9</sat>
      </trkpt>
      <trkpt lat="40.629794" lon="-0.093598">
        <ele>971.2</ele>
        <time>2015-10-19T12:33:31Z</time>
        <sat>10</sat>
      </trkpt>
      <trkpt lat="40.629852" lon="-0.093493">
        <ele>970.2</ele>
        <time>2015-10-19T12:33:36Z</time>
        <sat>10</sat>
      </trkpt>
      <trkpt lat="40.629894" lon="-0.093381">
        <ele>970.1</ele>
        <time>2015-10-19T12:33:40Z</time>
        <sat>10</sat>
      </trkpt>
      <trkpt lat="40.629911" lon="-0.093258">
        <ele>970.1</ele>
        <time>2015-10-19T12:33:45Z</time>
        <sat>10</sat>
      </trkpt>
      <trkpt lat="40.629911" lon="-0.093111">
        <ele>969.6</ele>
        <time>2015-10-19T12:33:51Z</time>
        <sat>10</sat>
      </trkpt>
      <trkpt lat="40.629907" lon="-0.092954">
        <ele>969.1</ele>
        <time>2015-10-19T12:33:57Z</time>
        <sat>9</sat>
      </trkpt>
      <trkpt lat="40.629829" lon="-0.092876">
        <ele>969.0</ele>
        <time>2015-10-19T12:34:02Z</time>
        <sat>9</sat>
      </trkpt>
      <trkpt lat="40.629725" lon="-0.092906">
        <ele>969.0</ele>
        <time>2015-10-19T12:34:07Z</time>
        <sat>8</sat>
      </trkpt>
      <trkpt lat="40.629609" lon="-0.092891">
        <ele>969.1</ele>
        <time>2015-10-19T12:34:13Z</time>
        <sat>8</sat>
      </trkpt>
      <trkpt lat="40.629496" lon="-0.092833">
        <ele>969.1</ele>
        <time>2015-10-19T12:34:19Z</time>
        <sat>8</sat>
      </trkpt>
      <trkpt lat="40.629392" lon="-0.092748">
        <ele>969.0</ele>
        <time>2015-10-19T12:34:25Z</time>
        <sat>8</sat>
      </trkpt>
      <trkpt lat="40.629289" lon="-0.092659">
        <ele>969.0</ele>
        <time>2015-10-19T12:34:31Z</time>
        <sat>9</sat>
      </trkpt>
      <trkpt lat="40.629185" lon="-0.092573">
        <ele>969.0</ele>
        <time>2015-10-19T12:34:37Z</time>
        <sat>9</sat>
      </trkpt>
      <trkpt lat="40.629085" lon="-0.092483">
        <ele>969.2</ele>
        <time>2015-10-19T12:34:43Z</time>
        <sat>9</sat>
      </trkpt>
      <trkpt lat="40.628985" lon="-0.092391">
        <ele>969.3</ele>
        <time>2015-10-19T12:34:49Z</time>
        <sat>9</sat>
      </trkpt>
      <trkpt lat="40.628891" lon="-0.092296">
        <ele>969.4</ele>
        <time>2015-10-19T12:34:55Z</time>
        <sat>9</sat>
      </trkpt>
      <trkpt lat="40.628807" lon="-0.092199">
        <ele>969.2</ele>
        <time>2015-10-19T12:35:01Z</time>
        <sat>9</sat>
      </trkpt>
      <trkpt lat="40.628732" lon="-0.092091">
        <ele>969.4</ele>
        <time>2015-10-19T12:35:06Z</time>
        <sat>9</sat>
      </trkpt>
      <trkpt lat="40.628699" lon="-0.091966">
        <ele>969.8</ele>
        <time>2015-10-19T12:35:11Z</time>
        <sat>9</sat>
      </trkpt>
      <trkpt lat="40.628755" lon="-0.091872">
        <ele>969.4</ele>
        <time>2015-10-19T12:35:16Z</time>
        <sat>9</sat>
      </trkpt>
      <trkpt lat="40.628855" lon="-0.091848">
        <ele>969.0</ele>
        <time>2015-10-19T12:35:21Z</time>
        <sat>9</sat>
      </trkpt>
      <trkpt lat="40.628959" lon="-0.091838">
        <ele>969.2</ele>
        <time>2015-10-19T12:35:26Z</time>
        <sat>9</sat>
      </trkpt>
      <trkpt lat="40.629059" lon="-0.091813">
        <ele>969.3</ele>
        <time>2015-10-19T12:35:31Z</time>
        <sat>9</sat>
      </trkpt>
      <trkpt lat="40.629156" lon="-0.091781">
        <ele>969.3</ele>
        <time>2015-10-19T12:35:36Z</time>
        <sat>9</sat>
      </trkpt>
      <trkpt lat="40.629249" lon="-0.091738">
        <ele>969.7</ele>
        <time>2015-10-19T12:35:41Z</time>
        <sat>9</sat>
      </trkpt>
      <trkpt lat="40.629340" lon="-0.091684">
        <ele>970.0</ele>
        <time>2015-10-19T12:35:46Z</time>
        <sat>9</sat>
      </trkpt>
      <trkpt lat="40.629427" lon="-0.091621">
        <ele>970.4</ele>
        <time>2015-10-19T12:35:51Z</time>
        <sat>9</sat>
      </trkpt>
      <trkpt lat="40.629504" lon="-0.091544">
        <ele>971.0</ele>
        <time>2015-10-19T12:35:56Z</time>
        <sat>9</sat>
      </trkpt>
      <trkpt lat="40.629576" lon="-0.091463">
        <ele>972.1</ele>
        <time>2015-10-19T12:36:01Z</time>
        <sat>9</sat>
      </trkpt>
      <trkpt lat="40.629640" lon="-0.091379">
        <ele>972.4</ele>
        <time>2015-10-19T12:36:05Z</time>
        <sat>8</sat>
      </trkpt>
      <trkpt lat="40.629716" lon="-0.091246">
        <ele>973.2</ele>
        <time>2015-10-19T12:36:12Z</time>
        <sat>8</sat>
      </trkpt>
      <trkpt lat="40.629777" lon="-0.091114">
        <ele>974.2</ele>
        <time>2015-10-19T12:36:18Z</time>
        <sat>8</sat>
      </trkpt>
      <trkpt lat="40.629832" lon="-0.090993">
        <ele>975.2</ele>
        <time>2015-10-19T12:36:23Z</time>
        <sat>8</sat>
      </trkpt>
      <trkpt lat="40.629889" lon="-0.090874">
        <ele>976.0</ele>
        <time>2015-10-19T12:36:28Z</time>
        <sat>8</sat>
      </trkpt>
      <trkpt lat="40.629934" lon="-0.090746">
        <ele>976.5</ele>
        <time>2015-10-19T12:36:34Z</time>
        <sat>8</sat>
      </trkpt>
      <trkpt lat="40.629984" lon="-0.090636">
        <ele>977.1</ele>
        <time>2015-10-19T12:36:39Z</time>
        <sat>9</sat>
      </trkpt>
      <trkpt lat="40.630036" lon="-0.090527">
        <ele>977.8</ele>
        <time>2015-10-19T12:36:43Z</time>
        <sat>9</sat>
      </trkpt>
      <trkpt lat="40.630094" lon="-0.090394">
        <ele>978.4</ele>
        <time>2015-10-19T12:36:49Z</time>
        <sat>9</sat>
      </trkpt>
      <trkpt lat="40.630159" lon="-0.090274">
        <ele>978.9</ele>
        <time>2015-10-19T12:36:55Z</time>
        <sat>9</sat>
      </trkpt>
      <trkpt lat="40.630230" lon="-0.090156">
        <ele>979.6</ele>
        <time>2015-10-19T12:37:01Z</time>
        <sat>9</sat>
      </trkpt>
      <trkpt lat="40.630314" lon="-0.090054">
        <ele>980.4</ele>
        <time>2015-10-19T12:37:06Z</time>
        <sat>9</sat>
      </trkpt>
      <trkpt lat="40.630405" lon="-0.089956">
        <ele>981.2</ele>
        <time>2015-10-19T12:37:12Z</time>
        <sat>9</sat>
      </trkpt>
      <trkpt lat="40.630497" lon="-0.089873">
        <ele>981.7</ele>
        <time>2015-10-19T12:37:18Z</time>
        <sat>9</sat>
      </trkpt>
      <trkpt lat="40.630589" lon="-0.089799">
        <ele>982.3</ele>
        <time>2015-10-19T12:37:23Z</time>
        <sat>9</sat>
      </trkpt>
      <trkpt lat="40.630685" lon="-0.089737">
        <ele>983.4</ele>
        <time>2015-10-19T12:37:28Z</time>
        <sat>9</sat>
      </trkpt>
      <trkpt lat="40.630787" lon="-0.089684">
        <ele>985.2</ele>
        <time>2015-10-19T12:37:34Z</time>
        <sat>9</sat>
      </trkpt>
      <trkpt lat="40.630890" lon="-0.089639">
        <ele>985.9</ele>
        <time>2015-10-19T12:37:39Z</time>
        <sat>9</sat>
      </trkpt>
      <trkpt lat="40.630994" lon="-0.089599">
        <ele>986.2</ele>
        <time>2015-10-19T12:37:45Z</time>
        <sat>9</sat>
      </trkpt>
      <trkpt lat="40.631097" lon="-0.089559">
        <ele>986.3</ele>
        <time>2015-10-19T12:37:50Z</time>
        <sat>8</sat>
      </trkpt>
      <trkpt lat="40.631194" lon="-0.089527">
        <ele>987.2</ele>
        <time>2015-10-19T12:37:55Z</time>
        <sat>8</sat>
      </trkpt>
      <trkpt lat="40.631294" lon="-0.089488">
        <ele>987.6</ele>
        <time>2015-10-19T12:38:00Z</time>
        <sat>8</sat>
      </trkpt>
      <trkpt lat="40.631397" lon="-0.089454">
        <ele>989.0</ele>
        <time>2015-10-19T12:38:06Z</time>
        <sat>8</sat>
      </trkpt>
      <trkpt lat="40.631504" lon="-0.089414">
        <ele>990.2</ele>
        <time>2015-10-19T12:38:11Z</time>
        <sat>7</sat>
      </trkpt>
      <trkpt lat="40.631607" lon="-0.089378">
        <ele>991.2</ele>
        <time>2015-10-19T12:38:17Z</time>
        <sat>7</sat>
      </trkpt>
      <trkpt lat="40.631711" lon="-0.089341">
        <ele>991.7</ele>
        <time>2015-10-19T12:38:22Z</time>
        <sat>7</sat>
      </trkpt>
      <trkpt lat="40.631811" lon="-0.089306">
        <ele>992.5</ele>
        <time>2015-10-19T12:38:27Z</time>
        <sat>7</sat>
      </trkpt>
      <trkpt lat="40.631914" lon="-0.089269">
        <ele>993.7</ele>
        <time>2015-10-19T12:38:32Z</time>
        <sat>7</sat>
      </trkpt>
      <trkpt lat="40.632012" lon="-0.089231">
        <ele>994.5</ele>
        <time>2015-10-19T12:38:38Z</time>
        <sat>7</sat>
      </trkpt>
      <trkpt lat="40.632114" lon="-0.089196">
        <ele>995.3</ele>
        <time>2015-10-19T12:38:43Z</time>
        <sat>7</sat>
      </trkpt>
      <trkpt lat="40.632210" lon="-0.089156">
        <ele>996.5</ele>
        <time>2015-10-19T12:38:48Z</time>
        <sat>8</sat>
      </trkpt>
      <trkpt lat="40.632309" lon="-0.089121">
        <ele>997.3</ele>
        <time>2015-10-19T12:38:53Z</time>
        <sat>8</sat>
      </trkpt>
      <trkpt lat="40.632407" lon="-0.089081">
        <ele>998.1</ele>
        <time>2015-10-19T12:38:58Z</time>
        <sat>8</sat>
      </trkpt>
      <trkpt lat="40.632507" lon="-0.089044">
        <ele>998.7</ele>
        <time>2015-10-19T12:39:03Z</time>
        <sat>8</sat>
      </trkpt>
      <trkpt lat="40.632607" lon="-0.089011">
        <ele>999.2</ele>
        <time>2015-10-19T12:39:09Z</time>
        <sat>8</sat>
      </trkpt>
      <trkpt lat="40.632706" lon="-0.088971">
        <ele>999.9</ele>
        <time>2015-10-19T12:39:14Z</time>
        <sat>8</sat>
      </trkpt>
      <trkpt lat="40.632804" lon="-0.088933">
        <ele>1000.4</ele>
        <time>2015-10-19T12:39:19Z</time>
        <sat>8</sat>
      </trkpt>
      <trkpt lat="40.632904" lon="-0.088896">
        <ele>1001.4</ele>
        <time>2015-10-19T12:39:24Z</time>
        <sat>8</sat>
      </trkpt>
      <trkpt lat="40.633000" lon="-0.088856">
        <ele>1002.4</ele>
        <time>2015-10-19T12:39:29Z</time>
        <sat>8</sat>
      </trkpt>
      <trkpt lat="40.633099" lon="-0.088818">
        <ele>1003.4</ele>
        <time>2015-10-19T12:39:34Z</time>
        <sat>8</sat>
      </trkpt>
      <trkpt lat="40.633199" lon="-0.088773">
        <ele>1004.3</ele>
        <time>2015-10-19T12:39:40Z</time>
        <sat>8</sat>
      </trkpt>
      <trkpt lat="40.633306" lon="-0.088739">
        <ele>1005.0</ele>
        <time>2015-10-19T12:39:45Z</time>
        <sat>5</sat>
      </trkpt>
      <trkpt lat="40.633404" lon="-0.088696">
        <ele>1005.8</ele>
        <time>2015-10-19T12:39:50Z</time>
        <sat>5</sat>
      </trkpt>
      <trkpt lat="40.633502" lon="-0.088654">
        <ele>1006.5</ele>
        <time>2015-10-19T12:39:55Z</time>
        <sat>5</sat>
      </trkpt>
      <trkpt lat="40.633588" lon="-0.088615">
        <ele>1007.0</ele>
        <time>2015-10-19T12:40:00Z</time>
        <sat>5</sat>
      </trkpt>
      <trkpt lat="40.633674" lon="-0.088576">
        <ele>1007.6</ele>
        <time>2015-10-19T12:40:04Z</time>
        <sat>7</sat>
      </trkpt>
      <trkpt lat="40.633775" lon="-0.088532">
        <ele>1008.6</ele>
        <time>2015-10-19T12:40:10Z</time>
        <sat>7</sat>
      </trkpt>
      <trkpt lat="40.633876" lon="-0.088491">
        <ele>1009.1</ele>
        <time>2015-10-19T12:40:15Z</time>
        <sat>7</sat>
      </trkpt>
      <trkpt lat="40.633972" lon="-0.088444">
        <ele>1009.8</ele>
        <time>2015-10-19T12:40:20Z</time>
        <sat>7</sat>
      </trkpt>
      <trkpt lat="40.634071" lon="-0.088399">
        <ele>1010.9</ele>
        <time>2015-10-19T12:40:25Z</time>
        <sat>7</sat>
      </trkpt>
      <trkpt lat="40.634174" lon="-0.088359">
        <ele>1011.8</ele>
        <time>2015-10-19T12:40:31Z</time>
        <sat>9</sat>
      </trkpt>
      <trkpt lat="40.634274" lon="-0.088318">
        <ele>1012.5</ele>
        <time>2015-10-19T12:40:36Z</time>
        <sat>9</sat>
      </trkpt>
      <trkpt lat="40.634375" lon="-0.088278">
        <ele>1013.5</ele>
        <time>2015-10-19T12:40:41Z</time>
        <sat>9</sat>
      </trkpt>
      <trkpt lat="40.634475" lon="-0.088236">
        <ele>1014.3</ele>
        <time>2015-10-19T12:40:47Z</time>
        <sat>9</sat>
      </trkpt>
      <trkpt lat="40.634580" lon="-0.088192">
        <ele>1015.3</ele>
        <time>2015-10-19T12:40:52Z</time>
        <sat>8</sat>
      </trkpt>
      <trkpt lat="40.634689" lon="-0.088148">
        <ele>1016.2</ele>
        <time>2015-10-19T12:40:58Z</time>
        <sat>8</sat>
      </trkpt>
      <trkpt lat="40.634795" lon="-0.088108">
        <ele>1017.0</ele>
        <time>2015-10-19T12:41:03Z</time>
        <sat>9</sat>
      </trkpt>
      <trkpt lat="40.634902" lon="-0.088067">
        <ele>1017.7</ele>
        <time>2015-10-19T12:41:09Z</time>
        <sat>9</sat>
      </trkpt>
      <trkpt lat="40.635010" lon="-0.088029">
        <ele>1018.3</ele>
        <time>2015-10-19T12:41:14Z</time>
        <sat>9</sat>
      </trkpt>
      <trkpt lat="40.635120" lon="-0.087993">
        <ele>1019.1</ele>
        <time>2015-10-19T12:41:20Z</time>
        <sat>9</sat>
      </trkpt>
      <trkpt lat="40.635232" lon="-0.087959">
        <ele>1019.8</ele>
        <time>2015-10-19T12:41:26Z</time>
        <sat>9</sat>
      </trkpt>
      <trkpt lat="40.635345" lon="-0.087931">
        <ele>1020.9</ele>
        <time>2015-10-19T12:41:32Z</time>
        <sat>8</sat>
      </trkpt>
      <trkpt lat="40.635459" lon="-0.087906">
        <ele>1021.4</ele>
        <time>2015-10-19T12:41:37Z</time>
        <sat>8</sat>
      </trkpt>
      <trkpt lat="40.635574" lon="-0.087884">
        <ele>1021.8</ele>
        <time>2015-10-19T12:41:43Z</time>
        <sat>8</sat>
      </trkpt>
      <trkpt lat="40.635690" lon="-0.087869">
        <ele>1022.1</ele>
        <time>2015-10-19T12:41:49Z</time>
        <sat>8</sat>
      </trkpt>
      <trkpt lat="40.635807" lon="-0.087854">
        <ele>1022.7</ele>
        <time>2015-10-19T12:41:55Z</time>
        <sat>8</sat>
      </trkpt>
      <trkpt lat="40.635897" lon="-0.087847">
        <ele>1023.3</ele>
        <time>2015-10-19T12:41:59Z</time>
        <sat>8</sat>
      </trkpt>
      <trkpt lat="40.636015" lon="-0.087841">
        <ele>1023.9</ele>
        <time>2015-10-19T12:42:05Z</time>
        <sat>8</sat>
      </trkpt>
      <trkpt lat="40.636132" lon="-0.087832">
        <ele>1024.7</ele>
        <time>2015-10-19T12:42:11Z</time>
        <sat>8</sat>
      </trkpt>
      <trkpt lat="40.636222" lon="-0.087831">
        <ele>1025.2</ele>
        <time>2015-10-19T12:42:16Z</time>
        <sat>8</sat>
      </trkpt>
      <trkpt lat="40.636337" lon="-0.087829">
        <ele>1025.9</ele>
        <time>2015-10-19T12:42:21Z</time>
        <sat>8</sat>
      </trkpt>
      <trkpt lat="40.636452" lon="-0.087821">
        <ele>1026.5</ele>
        <time>2015-10-19T12:42:27Z</time>
        <sat>8</sat>
      </trkpt>
      <trkpt lat="40.636542" lon="-0.087814">
        <ele>1027.0</ele>
        <time>2015-10-19T12:42:32Z</time>
        <sat>8</sat>
      </trkpt>
      <trkpt lat="40.636657" lon="-0.087806">
        <ele>1027.6</ele>
        <time>2015-10-19T12:42:38Z</time>
        <sat>8</sat>
      </trkpt>
      <trkpt lat="40.636774" lon="-0.087793">
        <ele>1027.8</ele>
        <time>2015-10-19T12:42:43Z</time>
        <sat>8</sat>
      </trkpt>
      <trkpt lat="40.636890" lon="-0.087774">
        <ele>1028.3</ele>
        <time>2015-10-19T12:42:49Z</time>
        <sat>8</sat>
      </trkpt>
      <trkpt lat="40.637004" lon="-0.087753">
        <ele>1029.0</ele>
        <time>2015-10-19T12:42:55Z</time>
        <sat>8</sat>
      </trkpt>
      <trkpt lat="40.637117" lon="-0.087722">
        <ele>1029.6</ele>
        <time>2015-10-19T12:43:01Z</time>
        <sat>8</sat>
      </trkpt>
      <trkpt lat="40.637227" lon="-0.087696">
        <ele>1030.8</ele>
        <time>2015-10-19T12:43:06Z</time>
        <sat>8</sat>
      </trkpt>
      <trkpt lat="40.637335" lon="-0.087663">
        <ele>1032.3</ele>
        <time>2015-10-19T12:43:12Z</time>
        <sat>8</sat>
      </trkpt>
      <trkpt lat="40.637447" lon="-0.087628">
        <ele>1033.2</ele>
        <time>2015-10-19T12:43:18Z</time>
        <sat>8</sat>
      </trkpt>
      <trkpt lat="40.637561" lon="-0.087591">
        <ele>1033.6</ele>
        <time>2015-10-19T12:43:24Z</time>
        <sat>8</sat>
      </trkpt>
      <trkpt lat="40.637651" lon="-0.087556">
        <ele>1033.9</ele>
        <time>2015-10-19T12:43:28Z</time>
        <sat>8</sat>
      </trkpt>
      <trkpt lat="40.637766" lon="-0.087511">
        <ele>1034.6</ele>
        <time>2015-10-19T12:43:34Z</time>
        <sat>8</sat>
      </trkpt>
      <trkpt lat="40.637854" lon="-0.087479">
        <ele>1035.3</ele>
        <time>2015-10-19T12:43:39Z</time>
        <sat>8</sat>
      </trkpt>
      <trkpt lat="40.637969" lon="-0.087443">
        <ele>1035.7</ele>
        <time>2015-10-19T12:43:45Z</time>
        <sat>8</sat>
      </trkpt>
      <trkpt lat="40.638074" lon="-0.087413">
        <ele>1036.4</ele>
        <time>2015-10-19T12:43:50Z</time>
        <sat>8</sat>
      </trkpt>
      <trkpt lat="40.638177" lon="-0.087373">
        <ele>1037.1</ele>
        <time>2015-10-19T12:43:55Z</time>
        <sat>8</sat>
      </trkpt>
      <trkpt lat="40.638284" lon="-0.087331">
        <ele>1037.9</ele>
        <time>2015-10-19T12:44:01Z</time>
        <sat>8</sat>
      </trkpt>
      <trkpt lat="40.638394" lon="-0.087292">
        <ele>1038.6</ele>
        <time>2015-10-19T12:44:07Z</time>
        <sat>8</sat>
      </trkpt>
      <trkpt lat="40.638509" lon="-0.087249">
        <ele>1039.6</ele>
        <time>2015-10-19T12:44:13Z</time>
        <sat>8</sat>
      </trkpt>
      <trkpt lat="40.638619" lon="-0.087209">
        <ele>1040.5</ele>
        <time>2015-10-19T12:44:18Z</time>
        <sat>8</sat>
      </trkpt>
      <trkpt lat="40.638729" lon="-0.087168">
        <ele>1041.3</ele>
        <time>2015-10-19T12:44:24Z</time>
        <sat>8</sat>
      </trkpt>
      <trkpt lat="40.638840" lon="-0.087125">
        <ele>1042.0</ele>
        <time>2015-10-19T12:44:30Z</time>
        <sat>8</sat>
      </trkpt>
      <trkpt lat="40.638950" lon="-0.087088">
        <ele>1042.6</ele>
        <time>2015-10-19T12:44:36Z</time>
        <sat>8</sat>
      </trkpt>
      <trkpt lat="40.639057" lon="-0.087046">
        <ele>1043.4</ele>
        <time>2015-10-19T12:44:41Z</time>
        <sat>8</sat>
      </trkpt>
      <trkpt lat="40.639164" lon="-0.087010">
        <ele>1044.1</ele>
        <time>2015-10-19T12:44:47Z</time>
        <sat>8</sat>
      </trkpt>
      <trkpt lat="40.639270" lon="-0.086969">
        <ele>1044.6</ele>
        <time>2015-10-19T12:44:52Z</time>
        <sat>8</sat>
      </trkpt>
      <trkpt lat="40.639372" lon="-0.086931">
        <ele>1045.3</ele>
        <time>2015-10-19T12:44:58Z</time>
        <sat>8</sat>
      </trkpt>
      <trkpt lat="40.639475" lon="-0.086895">
        <ele>1046.0</ele>
        <time>2015-10-19T12:45:03Z</time>
        <sat>8</sat>
      </trkpt>
      <trkpt lat="40.639577" lon="-0.086856">
        <ele>1046.8</ele>
        <time>2015-10-19T12:45:08Z</time>
        <sat>8</sat>
      </trkpt>
      <trkpt lat="40.639686" lon="-0.086813">
        <ele>1047.5</ele>
        <time>2015-10-19T12:45:14Z</time>
        <sat>8</sat>
      </trkpt>
      <trkpt lat="40.639797" lon="-0.086773">
        <ele>1047.9</ele>
        <time>2015-10-19T12:45:20Z</time>
        <sat>8</sat>
      </trkpt>
      <trkpt lat="40.639906" lon="-0.086724">
        <ele>1048.5</ele>
        <time>2015-10-19T12:45:25Z</time>
        <sat>8</sat>
      </trkpt>
      <trkpt lat="40.640009" lon="-0.086673">
        <ele>1049.2</ele>
        <time>2015-10-19T12:45:31Z</time>
        <sat>8</sat>
      </trkpt>
      <trkpt lat="40.640112" lon="-0.086623">
        <ele>1049.5</ele>
        <time>2015-10-19T12:45:36Z</time>
        <sat>8</sat>
      </trkpt>
      <trkpt lat="40.640212" lon="-0.086560">
        <ele>1050.6</ele>
        <time>2015-10-19T12:45:42Z</time>
        <sat>8</sat>
      </trkpt>
      <trkpt lat="40.640311" lon="-0.086484">
        <ele>1051.9</ele>
        <time>2015-10-19T12:45:48Z</time>
        <sat>8</sat>
      </trkpt>
      <trkpt lat="40.640405" lon="-0.086409">
        <ele>1052.6</ele>
        <time>2015-10-19T12:45:53Z</time>
        <sat>7</sat>
      </trkpt>
      <trkpt lat="40.640500" lon="-0.086323">
        <ele>1053.7</ele>
        <time>2015-10-19T12:45:59Z</time>
        <sat>8</sat>
      </trkpt>
      <trkpt lat="40.640597" lon="-0.086229">
        <ele>1053.6</ele>
        <time>2015-10-19T12:46:05Z</time>
        <sat>8</sat>
      </trkpt>
      <trkpt lat="40.640684" lon="-0.086131">
        <ele>1054.2</ele>
        <time>2015-10-19T12:46:11Z</time>
        <sat>7</sat>
      </trkpt>
      <trkpt lat="40.640766" lon="-0.086028">
        <ele>1055.5</ele>
        <time>2015-10-19T12:46:16Z</time>
        <sat>7</sat>
      </trkpt>
      <trkpt lat="40.640844" lon="-0.085918">
        <ele>1056.5</ele>
        <time>2015-10-19T12:46:22Z</time>
        <sat>7</sat>
      </trkpt>
      <trkpt lat="40.640919" lon="-0.085801">
        <ele>1057.0</ele>
        <time>2015-10-19T12:46:28Z</time>
        <sat>7</sat>
      </trkpt>
      <trkpt lat="40.640987" lon="-0.085678">
        <ele>1057.6</ele>
        <time>2015-10-19T12:46:34Z</time>
        <sat>8</sat>
      </trkpt>
      <trkpt lat="40.641039" lon="-0.085579">
        <ele>1058.1</ele>
        <time>2015-10-19T12:46:38Z</time>
        <sat>9</sat>
      </trkpt>
      <trkpt lat="40.641087" lon="-0.085479">
        <ele>1058.5</ele>
        <time>2015-10-19T12:46:43Z</time>
        <sat>8</sat>
      </trkpt>
      <trkpt lat="40.641134" lon="-0.085373">
        <ele>1059.2</ele>
        <time>2015-10-19T12:46:47Z</time>
        <sat>8</sat>
      </trkpt>
      <trkpt lat="40.641175" lon="-0.085263">
        <ele>1059.9</ele>
        <time>2015-10-19T12:46:52Z</time>
        <sat>8</sat>
      </trkpt>
      <trkpt lat="40.641215" lon="-0.085154">
        <ele>1060.5</ele>
        <time>2015-10-19T12:46:57Z</time>
        <sat>8</sat>
      </trkpt>
      <trkpt lat="40.641257" lon="-0.085006">
        <ele>1060.9</ele>
        <time>2015-10-19T12:47:03Z</time>
        <sat>8</sat>
      </trkpt>
      <trkpt lat="40.641295" lon="-0.084861">
        <ele>1061.4</ele>
        <time>2015-10-19T12:47:09Z</time>
        <sat>8</sat>
      </trkpt>
      <trkpt lat="40.641320" lon="-0.084746">
        <ele>1062.3</ele>
        <time>2015-10-19T12:47:13Z</time>
        <sat>8</sat>
      </trkpt>
      <trkpt lat="40.641350" lon="-0.084601">
        <ele>1063.5</ele>
        <time>2015-10-19T12:47:19Z</time>
        <sat>9</sat>
      </trkpt>
      <trkpt lat="40.641374" lon="-0.084458">
        <ele>1064.2</ele>
        <time>2015-10-19T12:47:24Z</time>
        <sat>9</sat>
      </trkpt>
      <trkpt lat="40.641387" lon="-0.084308">
        <ele>1064.9</ele>
        <time>2015-10-19T12:47:30Z</time>
        <sat>9</sat>
      </trkpt>
      <trkpt lat="40.641395" lon="-0.084174">
        <ele>1065.6</ele>
        <time>2015-10-19T12:47:35Z</time>
        <sat>9</sat>
      </trkpt>
      <trkpt lat="40.641397" lon="-0.084044">
        <ele>1066.4</ele>
        <time>2015-10-19T12:47:40Z</time>
        <sat>9</sat>
      </trkpt>
      <trkpt lat="40.641402" lon="-0.083924">
        <ele>1067.1</ele>
        <time>2015-10-19T12:47:45Z</time>
        <sat>9</sat>
      </trkpt>
      <trkpt lat="40.641410" lon="-0.083774">
        <ele>1067.9</ele>
        <time>2015-10-19T12:47:50Z</time>
        <sat>9</sat>
      </trkpt>
      <trkpt lat="40.641412" lon="-0.083631">
        <ele>1068.6</ele>
        <time>2015-10-19T12:47:56Z</time>
        <sat>9</sat>
      </trkpt>
      <trkpt lat="40.641414" lon="-0.083478">
        <ele>1069.3</ele>
        <time>2015-10-19T12:48:02Z</time>
        <sat>9</sat>
      </trkpt>
      <trkpt lat="40.641412" lon="-0.083333">
        <ele>1069.8</ele>
        <time>2015-10-19T12:48:07Z</time>
        <sat>9</sat>
      </trkpt>
      <trkpt lat="40.641412" lon="-0.083184">
        <ele>1070.3</ele>
        <time>2015-10-19T12:48:13Z</time>
        <sat>9</sat>
      </trkpt>
      <trkpt lat="40.641412" lon="-0.083028">
        <ele>1070.9</ele>
        <time>2015-10-19T12:48:19Z</time>
        <sat>10</sat>
      </trkpt>
      <trkpt lat="40.641412" lon="-0.082908">
        <ele>1071.3</ele>
        <time>2015-10-19T12:48:23Z</time>
        <sat>9</sat>
      </trkpt>
      <trkpt lat="40.641414" lon="-0.082784">
        <ele>1071.7</ele>
        <time>2015-10-19T12:48:28Z</time>
        <sat>9</sat>
      </trkpt>
      <trkpt lat="40.641415" lon="-0.082661">
        <ele>1072.3</ele>
        <time>2015-10-19T12:48:33Z</time>
        <sat>9</sat>
      </trkpt>
      <trkpt lat="40.641417" lon="-0.082536">
        <ele>1072.9</ele>
        <time>2015-10-19T12:48:37Z</time>
        <sat>9</sat>
      </trkpt>
      <trkpt lat="40.641417" lon="-0.082413">
        <ele>1073.5</ele>
        <time>2015-10-19T12:48:42Z</time>
        <sat>9</sat>
      </trkpt>
      <trkpt lat="40.641417" lon="-0.082289">
        <ele>1074.1</ele>
        <time>2015-10-19T12:48:47Z</time>
        <sat>9</sat>
      </trkpt>
      <trkpt lat="40.641417" lon="-0.082166">
        <ele>1074.8</ele>
        <time>2015-10-19T12:48:51Z</time>
        <sat>10</sat>
      </trkpt>
      <trkpt lat="40.641420" lon="-0.082009">
        <ele>1075.6</ele>
        <time>2015-10-19T12:48:57Z</time>
        <sat>10</sat>
      </trkpt>
      <trkpt lat="40.641422" lon="-0.081851">
        <ele>1076.3</ele>
        <time>2015-10-19T12:49:03Z</time>
        <sat>10</sat>
      </trkpt>
      <trkpt lat="40.641425" lon="-0.081729">
        <ele>1076.9</ele>
        <time>2015-10-19T12:49:08Z</time>
        <sat>10</sat>
      </trkpt>
      <trkpt lat="40.641430" lon="-0.081574">
        <ele>1078.0</ele>
        <time>2015-10-19T12:49:14Z</time>
        <sat>10</sat>
      </trkpt>
      <trkpt lat="40.641434" lon="-0.081454">
        <ele>1079.0</ele>
        <time>2015-10-19T12:49:18Z</time>
        <sat>10</sat>
      </trkpt>
      <trkpt lat="40.641440" lon="-0.081336">
        <ele>1079.3</ele>
        <time>2015-10-19T12:49:23Z</time>
        <sat>10</sat>
      </trkpt>
      <trkpt lat="40.641445" lon="-0.081218">
        <ele>1079.5</ele>
        <time>2015-10-19T12:49:27Z</time>
        <sat>10</sat>
      </trkpt>
      <trkpt lat="40.641454" lon="-0.081099">
        <ele>1079.8</ele>
        <time>2015-10-19T12:49:32Z</time>
        <sat>10</sat>
      </trkpt>
      <trkpt lat="40.641469" lon="-0.080979">
        <ele>1080.2</ele>
        <time>2015-10-19T12:49:37Z</time>
        <sat>10</sat>
      </trkpt>
      <trkpt lat="40.641489" lon="-0.080856">
        <ele>1080.8</ele>
        <time>2015-10-19T12:49:41Z</time>
        <sat>10</sat>
      </trkpt>
      <trkpt lat="40.641502" lon="-0.080736">
        <ele>1081.3</ele>
        <time>2015-10-19T12:49:46Z</time>
        <sat>10</sat>
      </trkpt>
      <trkpt lat="40.641517" lon="-0.080618">
        <ele>1081.6</ele>
        <time>2015-10-19T12:49:51Z</time>
        <sat>10</sat>
      </trkpt>
      <trkpt lat="40.641525" lon="-0.080466">
        <ele>1082.0</ele>
        <time>2015-10-19T12:49:56Z</time>
        <sat>10</sat>
      </trkpt>
      <trkpt lat="40.641525" lon="-0.080344">
        <ele>1082.1</ele>
        <time>2015-10-19T12:50:01Z</time>
        <sat>10</sat>
      </trkpt>
      <trkpt lat="40.641520" lon="-0.080214">
        <ele>1082.4</ele>
        <time>2015-10-19T12:50:06Z</time>
        <sat>10</sat>
      </trkpt>
      <trkpt lat="40.641519" lon="-0.080081">
        <ele>1082.7</ele>
        <time>2015-10-19T12:50:11Z</time>
        <sat>10</sat>
      </trkpt>
      <trkpt lat="40.641515" lon="-0.079939">
        <ele>1083.0</ele>
        <time>2015-10-19T12:50:16Z</time>
        <sat>10</sat>
      </trkpt>
      <trkpt lat="40.641515" lon="-0.079797">
        <ele>1083.5</ele>
        <time>2015-10-19T12:50:22Z</time>
        <sat>10</sat>
      </trkpt>
      <trkpt lat="40.641517" lon="-0.079663">
        <ele>1084.0</ele>
        <time>2015-10-19T12:50:27Z</time>
        <sat>10</sat>
      </trkpt>
      <trkpt lat="40.641519" lon="-0.079538">
        <ele>1084.5</ele>
        <time>2015-10-19T12:50:32Z</time>
        <sat>10</sat>
      </trkpt>
      <trkpt lat="40.641520" lon="-0.079413">
        <ele>1085.0</ele>
        <time>2015-10-19T12:50:36Z</time>
        <sat>10</sat>
      </trkpt>
      <trkpt lat="40.641519" lon="-0.079283">
        <ele>1085.5</ele>
        <time>2015-10-19T12:50:41Z</time>
        <sat>10</sat>
      </trkpt>
      <trkpt lat="40.641520" lon="-0.079153">
        <ele>1086.1</ele>
        <time>2015-10-19T12:50:46Z</time>
        <sat>10</sat>
      </trkpt>
      <trkpt lat="40.641525" lon="-0.079024">
        <ele>1086.6</ele>
        <time>2015-10-19T12:50:51Z</time>
        <sat>10</sat>
      </trkpt>
      <trkpt lat="40.641523" lon="-0.078896">
        <ele>1087.0</ele>
        <time>2015-10-19T12:50:56Z</time>
        <sat>10</sat>
      </trkpt>
      <trkpt lat="40.641529" lon="-0.078771">
        <ele>1087.2</ele>
        <time>2015-10-19T12:51:01Z</time>
        <sat>10</sat>
      </trkpt>
      <trkpt lat="40.641555" lon="-0.078649">
        <ele>1087.7</ele>
        <time>2015-10-19T12:51:05Z</time>
        <sat>10</sat>
      </trkpt>
      <trkpt lat="40.641599" lon="-0.078536">
        <ele>1088.4</ele>
        <time>2015-10-19T12:51:10Z</time>
        <sat>10</sat>
      </trkpt>
      <trkpt lat="40.641664" lon="-0.078449">
        <ele>1088.8</ele>
        <time>2015-10-19T12:51:15Z</time>
        <sat>10</sat>
      </trkpt>
      <trkpt lat="40.641764" lon="-0.078368">
        <ele>1089.5</ele>
        <time>2015-10-19T12:51:21Z</time>
        <sat>10</sat>
      </trkpt>
      <trkpt lat="40.641872" lon="-0.078298">
        <ele>1090.1</ele>
        <time>2015-10-19T12:51:27Z</time>
        <sat>10</sat>
      </trkpt>
      <trkpt lat="40.641974" lon="-0.078236">
        <ele>1091.1</ele>
        <time>2015-10-19T12:51:32Z</time>
        <sat>10</sat>
      </trkpt>
      <trkpt lat="40.642062" lon="-0.078147">
        <ele>1092.3</ele>
        <time>2015-10-19T12:51:38Z</time>
        <sat>10</sat>
      </trkpt>
      <trkpt lat="40.642141" lon="-0.078056">
        <ele>1093.5</ele>
        <time>2015-10-19T12:51:43Z</time>
        <sat>10</sat>
      </trkpt>
      <trkpt lat="40.642200" lon="-0.077968">
        <ele>1094.4</ele>
        <time>2015-10-19T12:51:48Z</time>
        <sat>10</sat>
      </trkpt>
      <trkpt lat="40.642259" lon="-0.077851">
        <ele>1095.8</ele>
        <time>2015-10-19T12:51:53Z</time>
        <sat>10</sat>
      </trkpt>
      <trkpt lat="40.642287" lon="-0.077719">
        <ele>1096.4</ele>
        <time>2015-10-19T12:51:58Z</time>
        <sat>10</sat>
      </trkpt>
      <trkpt lat="40.642269" lon="-0.077601">
        <ele>1097.7</ele>
        <time>2015-10-19T12:52:03Z</time>
        <sat>10</sat>
      </trkpt>
      <trkpt lat="40.642212" lon="-0.077501">
        <ele>1099.3</ele>
        <time>2015-10-19T12:52:08Z</time>
        <sat>10</sat>
      </trkpt>
      <trkpt lat="40.642162" lon="-0.077401">
        <ele>1100.8</ele>
        <time>2015-10-19T12:52:12Z</time>
        <sat>10</sat>
      </trkpt>
      <trkpt lat="40.642100" lon="-0.077294">
        <ele>1102.4</ele>
        <time>2015-10-19T12:52:17Z</time>
        <sat>10</sat>
      </trkpt>
      <trkpt lat="40.642047" lon="-0.077184">
        <ele>1103.6</ele>
        <time>2015-10-19T12:52:22Z</time>
        <sat>10</sat>
      </trkpt>
      <trkpt lat="40.642002" lon="-0.077076">
        <ele>1104.4</ele>
        <time>2015-10-19T12:52:27Z</time>
        <sat>10</sat>
      </trkpt>
      <trkpt lat="40.641955" lon="-0.076963">
        <ele>1105.3</ele>
        <time>2015-10-19T12:52:32Z</time>
        <sat>10</sat>
      </trkpt>
      <trkpt lat="40.641907" lon="-0.076838">
        <ele>1106.5</ele>
        <time>2015-10-19T12:52:37Z</time>
        <sat>10</sat>
      </trkpt>
      <trkpt lat="40.641860" lon="-0.076709">
        <ele>1107.8</ele>
        <time>2015-10-19T12:52:42Z</time>
        <sat>10</sat>
      </trkpt>
      <trkpt lat="40.641825" lon="-0.076574">
        <ele>1108.7</ele>
        <time>2015-10-19T12:52:48Z</time>
        <sat>10</sat>
      </trkpt>
      <trkpt lat="40.641784" lon="-0.076437">
        <ele>1109.6</ele>
        <time>2015-10-19T12:52:54Z</time>
        <sat>10</sat>
      </trkpt>
      <trkpt lat="40.641754" lon="-0.076319">
        <ele>1109.9</ele>
        <time>2015-10-19T12:52:58Z</time>
        <sat>10</sat>
      </trkpt>
      <trkpt lat="40.641725" lon="-0.076193">
        <ele>1110.5</ele>
        <time>2015-10-19T12:53:03Z</time>
        <sat>10</sat>
      </trkpt>
      <trkpt lat="40.641691" lon="-0.076073">
        <ele>1111.2</ele>
        <time>2015-10-19T12:53:08Z</time>
        <sat>10</sat>
      </trkpt>
      <trkpt lat="40.641664" lon="-0.075946">
        <ele>1111.7</ele>
        <time>2015-10-19T12:53:13Z</time>
        <sat>10</sat>
      </trkpt>
      <trkpt lat="40.641635" lon="-0.075814">
        <ele>1112.4</ele>
        <time>2015-10-19T12:53:18Z</time>
        <sat>10</sat>
      </trkpt>
      <trkpt lat="40.641611" lon="-0.075674">
        <ele>1112.8</ele>
        <time>2015-10-19T12:53:24Z</time>
        <sat>10</sat>
      </trkpt>
      <trkpt lat="40.641580" lon="-0.075536">
        <ele>1113.1</ele>
        <time>2015-10-19T12:53:29Z</time>
        <sat>10</sat>
      </trkpt>
      <trkpt lat="40.641554" lon="-0.075389">
        <ele>1113.0</ele>
        <time>2015-10-19T12:53:35Z</time>
        <sat>10</sat>
      </trkpt>
      <trkpt lat="40.641527" lon="-0.075241">
        <ele>1113.3</ele>
        <time>2015-10-19T12:53:41Z</time>
        <sat>10</sat>
      </trkpt>
      <trkpt lat="40.641507" lon="-0.075124">
        <ele>1113.2</ele>
        <time>2015-10-19T12:53:45Z</time>
        <sat>10</sat>
      </trkpt>
      <trkpt lat="40.641487" lon="-0.075008">
        <ele>1113.2</ele>
        <time>2015-10-19T12:53:50Z</time>
        <sat>10</sat>
      </trkpt>
      <trkpt lat="40.641469" lon="-0.074877">
        <ele>1113.1</ele>
        <time>2015-10-19T12:53:55Z</time>
        <sat>10</sat>
      </trkpt>
      <trkpt lat="40.641435" lon="-0.074746">
        <ele>1113.2</ele>
        <time>2015-10-19T12:54:00Z</time>
        <sat>10</sat>
      </trkpt>
      <trkpt lat="40.641399" lon="-0.074594">
        <ele>1113.0</ele>
        <time>2015-10-19T12:54:06Z</time>
        <sat>10</sat>
      </trkpt>
      <trkpt lat="40.641337" lon="-0.074431">
        <ele>1112.8</ele>
        <time>2015-10-19T12:54:13Z</time>
        <sat>10</sat>
      </trkpt>
      <trkpt lat="40.641282" lon="-0.074321">
        <ele>1112.5</ele>
        <time>2015-10-19T12:54:18Z</time>
        <sat>10</sat>
      </trkpt>
      <trkpt lat="40.641224" lon="-0.074212">
        <ele>1112.0</ele>
        <time>2015-10-19T12:54:23Z</time>
        <sat>10</sat>
      </trkpt>
      <trkpt lat="40.641159" lon="-0.074101">
        <ele>1111.3</ele>
        <time>2015-10-19T12:54:28Z</time>
        <sat>9</sat>
      </trkpt>
      <trkpt lat="40.641089" lon="-0.073982">
        <ele>1110.2</ele>
        <time>2015-10-19T12:54:34Z</time>
        <sat>9</sat>
      </trkpt>
      <trkpt lat="40.641022" lon="-0.073852">
        <ele>1109.6</ele>
        <time>2015-10-19T12:54:40Z</time>
        <sat>9</sat>
      </trkpt>
      <trkpt lat="40.640957" lon="-0.073708">
        <ele>1109.4</ele>
        <time>2015-10-19T12:54:47Z</time>
        <sat>10</sat>
      </trkpt>
      <trkpt lat="40.640895" lon="-0.073551">
        <ele>1109.4</ele>
        <time>2015-10-19T12:54:53Z</time>
        <sat>10</sat>
      </trkpt>
      <trkpt lat="40.640834" lon="-0.073388">
        <ele>1109.4</ele>
        <time>2015-10-19T12:55:00Z</time>
        <sat>10</sat>
      </trkpt>
      <trkpt lat="40.640775" lon="-0.073223">
        <ele>1109.1</ele>
        <time>2015-10-19T12:55:07Z</time>
        <sat>10</sat>
      </trkpt>
      <trkpt lat="40.640717" lon="-0.073063">
        <ele>1108.7</ele>
        <time>2015-10-19T12:55:14Z</time>
        <sat>10</sat>
      </trkpt>
      <trkpt lat="40.640659" lon="-0.072908">
        <ele>1108.5</ele>
        <time>2015-10-19T12:55:20Z</time>
        <sat>10</sat>
      </trkpt>
      <trkpt lat="40.640607" lon="-0.072761">
        <ele>1108.7</ele>
        <time>2015-10-19T12:55:27Z</time>
        <sat>10</sat>
      </trkpt>
      <trkpt lat="40.640559" lon="-0.072620">
        <ele>1108.8</ele>
        <time>2015-10-19T12:55:32Z</time>
        <sat>10</sat>
      </trkpt>
      <trkpt lat="40.640515" lon="-0.072483">
        <ele>1108.8</ele>
        <time>2015-10-19T12:55:38Z</time>
        <sat>10</sat>
      </trkpt>
      <trkpt lat="40.640474" lon="-0.072351">
        <ele>1108.8</ele>
        <time>2015-10-19T12:55:43Z</time>
        <sat>10</sat>
      </trkpt>
      <trkpt lat="40.640434" lon="-0.072221">
        <ele>1108.6</ele>
        <time>2015-10-19T12:55:49Z</time>
        <sat>10</sat>
      </trkpt>
      <trkpt lat="40.640395" lon="-0.072091">
        <ele>1108.2</ele>
        <time>2015-10-19T12:55:54Z</time>
        <sat>10</sat>
      </trkpt>
      <trkpt lat="40.640362" lon="-0.071956">
        <ele>1107.9</ele>
        <time>2015-10-19T12:55:59Z</time>
        <sat>10</sat>
      </trkpt>
      <trkpt lat="40.640329" lon="-0.071821">
        <ele>1107.7</ele>
        <time>2015-10-19T12:56:05Z</time>
        <sat>10</sat>
      </trkpt>
      <trkpt lat="40.640289" lon="-0.071679">
        <ele>1107.3</ele>
        <time>2015-10-19T12:56:11Z</time>
        <sat>9</sat>
      </trkpt>
      <trkpt lat="40.640242" lon="-0.071534">
        <ele>1106.7</ele>
        <time>2015-10-19T12:56:17Z</time>
        <sat>10</sat>
      </trkpt>
      <trkpt lat="40.640194" lon="-0.071385">
        <ele>1106.3</ele>
        <time>2015-10-19T12:56:23Z</time>
        <sat>10</sat>
      </trkpt>
      <trkpt lat="40.640151" lon="-0.071226">
        <ele>1106.0</ele>
        <time>2015-10-19T12:56:29Z</time>
        <sat>10</sat>
      </trkpt>
      <trkpt lat="40.640134" lon="-0.071061">
        <ele>1105.7</ele>
        <time>2015-10-19T12:56:35Z</time>
        <sat>10</sat>
      </trkpt>
      <trkpt lat="40.640165" lon="-0.070911">
        <ele>1105.2</ele>
        <time>2015-10-19T12:56:41Z</time>
        <sat>10</sat>
      </trkpt>
      <trkpt lat="40.640239" lon="-0.070781">
        <ele>1104.1</ele>
        <time>2015-10-19T12:56:47Z</time>
        <sat>10</sat>
      </trkpt>
      <trkpt lat="40.640334" lon="-0.070649">
        <ele>1103.7</ele>
        <time>2015-10-19T12:56:54Z</time>
        <sat>10</sat>
      </trkpt>
      <trkpt lat="40.640422" lon="-0.070485">
        <ele>1102.8</ele>
        <time>2015-10-19T12:57:02Z</time>
        <sat>10</sat>
      </trkpt>
      <trkpt lat="40.640491" lon="-0.070291">
        <ele>1102.3</ele>
        <time>2015-10-19T12:57:10Z</time>
        <sat>10</sat>
      </trkpt>
      <trkpt lat="40.640524" lon="-0.070081">
        <ele>1102.0</ele>
        <time>2015-10-19T12:57:18Z</time>
        <sat>10</sat>
      </trkpt>
      <trkpt lat="40.640536" lon="-0.069871">
        <ele>1102.3</ele>
        <time>2015-10-19T12:57:26Z</time>
        <sat>10</sat>
      </trkpt>
      <trkpt lat="40.640543" lon="-0.069678">
        <ele>1102.4</ele>
        <time>2015-10-19T12:57:34Z</time>
        <sat>10</sat>
      </trkpt>
      <trkpt lat="40.640546" lon="-0.069506">
        <ele>1102.4</ele>
        <time>2015-10-19T12:57:40Z</time>
        <sat>10</sat>
      </trkpt>
      <trkpt lat="40.640549" lon="-0.069353">
        <ele>1102.7</ele>
        <time>2015-10-19T12:57:46Z</time>
        <sat>10</sat>
      </trkpt>
      <trkpt lat="40.640553" lon="-0.069216">
        <ele>1103.2</ele>
        <time>2015-10-19T12:57:51Z</time>
        <sat>10</sat>
      </trkpt>
      <trkpt lat="40.640556" lon="-0.069096">
        <ele>1103.8</ele>
        <time>2015-10-19T12:57:56Z</time>
        <sat>10</sat>
      </trkpt>
      <trkpt lat="40.640558" lon="-0.068933">
        <ele>1104.9</ele>
        <time>2015-10-19T12:58:02Z</time>
        <sat>10</sat>
      </trkpt>
      <trkpt lat="40.640558" lon="-0.068791">
        <ele>1106.0</ele>
        <time>2015-10-19T12:58:07Z</time>
        <sat>10</sat>
      </trkpt>
      <trkpt lat="40.640553" lon="-0.068658">
        <ele>1107.2</ele>
        <time>2015-10-19T12:58:12Z</time>
        <sat>10</sat>
      </trkpt>
      <trkpt lat="40.640543" lon="-0.068523">
        <ele>1108.3</ele>
        <time>2015-10-19T12:58:18Z</time>
        <sat>10</sat>
      </trkpt>
      <trkpt lat="40.640526" lon="-0.068386">
        <ele>1109.4</ele>
        <time>2015-10-19T12:58:23Z</time>
        <sat>10</sat>
      </trkpt>
      <trkpt lat="40.640512" lon="-0.068258">
        <ele>1110.3</ele>
        <time>2015-10-19T12:58:28Z</time>
        <sat>10</sat>
      </trkpt>
      <trkpt lat="40.640494" lon="-0.068136">
        <ele>1111.0</ele>
        <time>2015-10-19T12:58:32Z</time>
        <sat>10</sat>
      </trkpt>
      <trkpt lat="40.640476" lon="-0.068013">
        <ele>1111.8</ele>
        <time>2015-10-19T12:58:37Z</time>
        <sat>10</sat>
      </trkpt>
      <trkpt lat="40.640459" lon="-0.067895">
        <ele>1112.5</ele>
        <time>2015-10-19T12:58:42Z</time>
        <sat>10</sat>
      </trkpt>
      <trkpt lat="40.640432" lon="-0.067743">
        <ele>1113.2</ele>
        <time>2015-10-19T12:58:48Z</time>
        <sat>10</sat>
      </trkpt>
      <trkpt lat="40.640411" lon="-0.067596">
        <ele>1114.1</ele>
        <time>2015-10-19T12:58:53Z</time>
        <sat>10</sat>
      </trkpt>
      <trkpt lat="40.640382" lon="-0.067446">
        <ele>1114.6</ele>
        <time>2015-10-19T12:58:59Z</time>
        <sat>10</sat>
      </trkpt>
      <trkpt lat="40.640352" lon="-0.067294">
        <ele>1115.3</ele>
        <time>2015-10-19T12:59:05Z</time>
        <sat>10</sat>
      </trkpt>
      <trkpt lat="40.640326" lon="-0.067146">
        <ele>1115.8</ele>
        <time>2015-10-19T12:59:11Z</time>
        <sat>10</sat>
      </trkpt>
      <trkpt lat="40.640308" lon="-0.067030">
        <ele>1116.3</ele>
        <time>2015-10-19T12:59:15Z</time>
        <sat>10</sat>
      </trkpt>
      <trkpt lat="40.640282" lon="-0.066915">
        <ele>1116.6</ele>
        <time>2015-10-19T12:59:20Z</time>
        <sat>10</sat>
      </trkpt>
      <trkpt lat="40.640262" lon="-0.066761">
        <ele>1117.4</ele>
        <time>2015-10-19T12:59:26Z</time>
        <sat>10</sat>
      </trkpt>
      <trkpt lat="40.640244" lon="-0.066608">
        <ele>1118.6</ele>
        <time>2015-10-19T12:59:32Z</time>
        <sat>10</sat>
      </trkpt>
      <trkpt lat="40.640239" lon="-0.066455">
        <ele>1119.1</ele>
        <time>2015-10-19T12:59:38Z</time>
        <sat>10</sat>
      </trkpt>
      <trkpt lat="40.640240" lon="-0.066299">
        <ele>1119.8</ele>
        <time>2015-10-19T12:59:44Z</time>
        <sat>10</sat>
      </trkpt>
      <trkpt lat="40.640250" lon="-0.066179">
        <ele>1120.0</ele>
        <time>2015-10-19T12:59:48Z</time>
        <sat>10</sat>
      </trkpt>
      <trkpt lat="40.640271" lon="-0.066059">
        <ele>1120.6</ele>
        <time>2015-10-19T12:59:53Z</time>
        <sat>10</sat>
      </trkpt>
      <trkpt lat="40.640294" lon="-0.065938">
        <ele>1121.0</ele>
        <time>2015-10-19T12:59:58Z</time>
        <sat>10</sat>
      </trkpt>
      <trkpt lat="40.640321" lon="-0.065813">
        <ele>1121.0</ele>
        <time>2015-10-19T13:00:02Z</time>
        <sat>10</sat>
      </trkpt>
      <trkpt lat="40.640345" lon="-0.065678">
        <ele>1121.0</ele>
        <time>2015-10-19T13:00:08Z</time>
        <sat>10</sat>
      </trkpt>
      <trkpt lat="40.640374" lon="-0.065538">
        <ele>1120.9</ele>
        <time>2015-10-19T13:00:13Z</time>
        <sat>10</sat>
      </trkpt>
      <trkpt lat="40.640401" lon="-0.065388">
        <ele>1120.9</ele>
        <time>2015-10-19T13:00:19Z</time>
        <sat>10</sat>
      </trkpt>
      <trkpt lat="40.640429" lon="-0.065230">
        <ele>1120.9</ele>
        <time>2015-10-19T13:00:25Z</time>
        <sat>10</sat>
      </trkpt>
      <trkpt lat="40.640459" lon="-0.065064">
        <ele>1120.8</ele>
        <time>2015-10-19T13:00:32Z</time>
        <sat>10</sat>
      </trkpt>
      <trkpt lat="40.640494" lon="-0.064892">
        <ele>1120.6</ele>
        <time>2015-10-19T13:00:38Z</time>
        <sat>10</sat>
      </trkpt>
      <trkpt lat="40.640514" lon="-0.064772">
        <ele>1120.5</ele>
        <time>2015-10-19T13:00:43Z</time>
        <sat>10</sat>
      </trkpt>
      <trkpt lat="40.640535" lon="-0.064646">
        <ele>1120.5</ele>
        <time>2015-10-19T13:00:48Z</time>
        <sat>10</sat>
      </trkpt>
      <trkpt lat="40.640569" lon="-0.064516">
        <ele>1120.0</ele>
        <time>2015-10-19T13:00:53Z</time>
        <sat>10</sat>
      </trkpt>
      <trkpt lat="40.640611" lon="-0.064383">
        <ele>1119.1</ele>
        <time>2015-10-19T13:00:59Z</time>
        <sat>10</sat>
      </trkpt>
      <trkpt lat="40.640652" lon="-0.064244">
        <ele>1118.7</ele>
        <time>2015-10-19T13:01:04Z</time>
        <sat>10</sat>
      </trkpt>
      <trkpt lat="40.640704" lon="-0.064105">
        <ele>1118.3</ele>
        <time>2015-10-19T13:01:10Z</time>
        <sat>10</sat>
      </trkpt>
      <trkpt lat="40.640751" lon="-0.063963">
        <ele>1118.2</ele>
        <time>2015-10-19T13:01:16Z</time>
        <sat>10</sat>
      </trkpt>
      <trkpt lat="40.640792" lon="-0.063818">
        <ele>1118.2</ele>
        <time>2015-10-19T13:01:22Z</time>
        <sat>10</sat>
      </trkpt>
      <trkpt lat="40.640839" lon="-0.063673">
        <ele>1118.1</ele>
        <time>2015-10-19T13:01:28Z</time>
        <sat>10</sat>
      </trkpt>
      <trkpt lat="40.640885" lon="-0.063526">
        <ele>1117.9</ele>
        <time>2015-10-19T13:01:34Z</time>
        <sat>10</sat>
      </trkpt>
      <trkpt lat="40.640934" lon="-0.063371">
        <ele>1117.4</ele>
        <time>2015-10-19T13:01:40Z</time>
        <sat>10</sat>
      </trkpt>
      <trkpt lat="40.640989" lon="-0.063215">
        <ele>1117.1</ele>
        <time>2015-10-19T13:01:47Z</time>
        <sat>10</sat>
      </trkpt>
      <trkpt lat="40.641040" lon="-0.063059">
        <ele>1117.3</ele>
        <time>2015-10-19T13:01:53Z</time>
        <sat>10</sat>
      </trkpt>
      <trkpt lat="40.641092" lon="-0.062911">
        <ele>1117.7</ele>
        <time>2015-10-19T13:02:00Z</time>
        <sat>10</sat>
      </trkpt>
      <trkpt lat="40.641142" lon="-0.062775">
        <ele>1118.1</ele>
        <time>2015-10-19T13:02:05Z</time>
        <sat>10</sat>
      </trkpt>
      <trkpt lat="40.641189" lon="-0.062641">
        <ele>1118.5</ele>
        <time>2015-10-19T13:02:11Z</time>
        <sat>10</sat>
      </trkpt>
      <trkpt lat="40.641237" lon="-0.062521">
        <ele>1118.9</ele>
        <time>2015-10-19T13:02:16Z</time>
        <sat>10</sat>
      </trkpt>
      <trkpt lat="40.641292" lon="-0.062408">
        <ele>1118.8</ele>
        <time>2015-10-19T13:02:21Z</time>
        <sat>10</sat>
      </trkpt>
      <trkpt lat="40.641362" lon="-0.062308">
        <ele>1118.6</ele>
        <time>2015-10-19T13:02:26Z</time>
        <sat>10</sat>
      </trkpt>
      <trkpt lat="40.641455" lon="-0.062229">
        <ele>1118.2</ele>
        <time>2015-10-19T13:02:32Z</time>
        <sat>10</sat>
      </trkpt>
      <trkpt lat="40.641554" lon="-0.062136">
        <ele>1118.1</ele>
        <time>2015-10-19T13:02:38Z</time>
        <sat>10</sat>
      </trkpt>
      <trkpt lat="40.641626" lon="-0.062004">
        <ele>1118.4</ele>
        <time>2015-10-19T13:02:44Z</time>
        <sat>10</sat>
      </trkpt>
      <trkpt lat="40.641667" lon="-0.061863">
        <ele>1118.9</ele>
        <time>2015-10-19T13:02:50Z</time>
        <sat>10</sat>
      </trkpt>
      <trkpt lat="40.641685" lon="-0.061721">
        <ele>1119.5</ele>
        <time>2015-10-19T13:02:55Z</time>
        <sat>10</sat>
      </trkpt>
      <trkpt lat="40.641702" lon="-0.061589">
        <ele>1120.1</ele>
        <time>2015-10-19T13:03:00Z</time>
        <sat>10</sat>
      </trkpt>
      <trkpt lat="40.641717" lon="-0.061464">
        <ele>1120.6</ele>
        <time>2015-10-19T13:03:05Z</time>
        <sat>10</sat>
      </trkpt>
      <trkpt lat="40.641737" lon="-0.061294">
        <ele>1121.2</ele>
        <time>2015-10-19T13:03:12Z</time>
        <sat>10</sat>
      </trkpt>
      <trkpt lat="40.641775" lon="-0.061138">
        <ele>1121.9</ele>
        <time>2015-10-19T13:03:18Z</time>
        <sat>10</sat>
      </trkpt>
      <trkpt lat="40.641824" lon="-0.060988">
        <ele>1122.2</ele>
        <time>2015-10-19T13:03:24Z</time>
        <sat>10</sat>
      </trkpt>
      <trkpt lat="40.641890" lon="-0.060841">
        <ele>1122.0</ele>
        <time>2015-10-19T13:03:31Z</time>
        <sat>10</sat>
      </trkpt>
      <trkpt lat="40.641964" lon="-0.060706">
        <ele>1122.3</ele>
        <time>2015-10-19T13:03:37Z</time>
        <sat>10</sat>
      </trkpt>
      <trkpt lat="40.642030" lon="-0.060576">
        <ele>1122.5</ele>
        <time>2015-10-19T13:03:43Z</time>
        <sat>10</sat>
      </trkpt>
      <trkpt lat="40.642092" lon="-0.060464">
        <ele>1122.8</ele>
        <time>2015-10-19T13:03:48Z</time>
        <sat>10</sat>
      </trkpt>
      <trkpt lat="40.642149" lon="-0.060356">
        <ele>1123.0</ele>
        <time>2015-10-19T13:03:53Z</time>
        <sat>10</sat>
      </trkpt>
      <trkpt lat="40.642199" lon="-0.060254">
        <ele>1123.1</ele>
        <time>2015-10-19T13:03:58Z</time>
        <sat>9</sat>
      </trkpt>
      <trkpt lat="40.642259" lon="-0.060118">
        <ele>1123.0</ele>
        <time>2015-10-19T13:04:04Z</time>
        <sat>10</sat>
      </trkpt>
      <trkpt lat="40.642297" lon="-0.060008">
        <ele>1122.5</ele>
        <time>2015-10-19T13:04:08Z</time>
        <sat>10</sat>
      </trkpt>
      <trkpt lat="40.642326" lon="-0.059884">
        <ele>1121.6</ele>
        <time>2015-10-19T13:04:13Z</time>
        <sat>10</sat>
      </trkpt>
      <trkpt lat="40.642354" lon="-0.059724">
        <ele>1120.3</ele>
        <time>2015-10-19T13:04:20Z</time>
        <sat>10</sat>
      </trkpt>
      <trkpt lat="40.642358" lon="-0.059538">
        <ele>1119.5</ele>
        <time>2015-10-19T13:04:27Z</time>
        <sat>10</sat>
      </trkpt>
      <trkpt lat="40.642344" lon="-0.059384">
        <ele>1119.1</ele>
        <time>2015-10-19T13:04:32Z</time>
        <sat>10</sat>
      </trkpt>
      <trkpt lat="40.642319" lon="-0.059228">
        <ele>1119.0</ele>
        <time>2015-10-19T13:04:39Z</time>
        <sat>10</sat>
      </trkpt>
      <trkpt lat="40.642286" lon="-0.059080">
        <ele>1119.0</ele>
        <time>2015-10-19T13:04:44Z</time>
        <sat>10</sat>
      </trkpt>
      <trkpt lat="40.642242" lon="-0.058941">
        <ele>1118.7</ele>
        <time>2015-10-19T13:04:50Z</time>
        <sat>10</sat>
      </trkpt>
      <trkpt lat="40.642194" lon="-0.058806">
        <ele>1118.5</ele>
        <time>2015-10-19T13:04:56Z</time>
        <sat>10</sat>
      </trkpt>
      <trkpt lat="40.642134" lon="-0.058671">
        <ele>1117.7</ele>
        <time>2015-10-19T13:05:02Z</time>
        <sat>10</sat>
      </trkpt>
      <trkpt lat="40.642062" lon="-0.058529">
        <ele>1116.8</ele>
        <time>2015-10-19T13:05:08Z</time>
        <sat>10</sat>
      </trkpt>
      <trkpt lat="40.641981" lon="-0.058376">
        <ele>1115.7</ele>
        <time>2015-10-19T13:05:15Z</time>
        <sat>10</sat>
      </trkpt>
      <trkpt lat="40.641889" lon="-0.058213">
        <ele>1114.7</ele>
        <time>2015-10-19T13:05:23Z</time>
        <sat>10</sat>
      </trkpt>
      <trkpt lat="40.641781" lon="-0.058053">
        <ele>1113.6</ele>
        <time>2015-10-19T13:05:31Z</time>
        <sat>10</sat>
      </trkpt>
      <trkpt lat="40.641662" lon="-0.057888">
        <ele>1112.4</ele>
        <time>2015-10-19T13:05:40Z</time>
        <sat>10</sat>
      </trkpt>
      <trkpt lat="40.641532" lon="-0.057723">
        <ele>1111.4</ele>
        <time>2015-10-19T13:05:49Z</time>
        <sat>10</sat>
      </trkpt>
      <trkpt lat="40.641468" lon="-0.057636">
        <ele>1110.9</ele>
        <time>2015-10-19T13:05:53Z</time>
        <sat>10</sat>
      </trkpt>
      <trkpt lat="40.641401" lon="-0.057546">
        <ele>1110.3</ele>
        <time>2015-10-19T13:05:58Z</time>
        <sat>10</sat>
      </trkpt>
      <trkpt lat="40.641332" lon="-0.057456">
        <ele>1109.7</ele>
        <time>2015-10-19T13:06:03Z</time>
        <sat>10</sat>
      </trkpt>
      <trkpt lat="40.641264" lon="-0.057362">
        <ele>1109.1</ele>
        <time>2015-10-19T13:06:08Z</time>
        <sat>10</sat>
      </trkpt>
      <trkpt lat="40.641197" lon="-0.057267">
        <ele>1108.4</ele>
        <time>2015-10-19T13:06:13Z</time>
        <sat>10</sat>
      </trkpt>
      <trkpt lat="40.641129" lon="-0.057173">
        <ele>1108.0</ele>
        <time>2015-10-19T13:06:18Z</time>
        <sat>10</sat>
      </trkpt>
      <trkpt lat="40.641061" lon="-0.057079">
        <ele>1107.5</ele>
        <time>2015-10-19T13:06:23Z</time>
        <sat>10</sat>
      </trkpt>
      <trkpt lat="40.640994" lon="-0.056984">
        <ele>1107.1</ele>
        <time>2015-10-19T13:06:28Z</time>
        <sat>10</sat>
      </trkpt>
      <trkpt lat="40.640931" lon="-0.056889">
        <ele>1106.7</ele>
        <time>2015-10-19T13:06:32Z</time>
        <sat>10</sat>
      </trkpt>
      <trkpt lat="40.640872" lon="-0.056794">
        <ele>1106.2</ele>
        <time>2015-10-19T13:06:37Z</time>
        <sat>10</sat>
      </trkpt>
      <trkpt lat="40.640819" lon="-0.056696">
        <ele>1105.6</ele>
        <time>2015-10-19T13:06:42Z</time>
        <sat>10</sat>
      </trkpt>
      <trkpt lat="40.640773" lon="-0.056593">
        <ele>1105.2</ele>
        <time>2015-10-19T13:06:46Z</time>
        <sat>10</sat>
      </trkpt>
      <trkpt lat="40.640737" lon="-0.056388">
        <ele>1104.1</ele>
        <time>2015-10-19T13:06:54Z</time>
        <sat>10</sat>
      </trkpt>
      <trkpt lat="40.640813" lon="-0.056242">
        <ele>1102.9</ele>
        <time>2015-10-19T13:07:01Z</time>
        <sat>10</sat>
      </trkpt>
      <trkpt lat="40.640944" lon="-0.056208">
        <ele>1101.8</ele>
        <time>2015-10-19T13:07:08Z</time>
        <sat>10</sat>
      </trkpt>
      <trkpt lat="40.641082" lon="-0.056227">
        <ele>1101.1</ele>
        <time>2015-10-19T13:07:15Z</time>
        <sat>10</sat>
      </trkpt>
      <trkpt lat="40.641191" lon="-0.056247">
        <ele>1100.3</ele>
        <time>2015-10-19T13:07:20Z</time>
        <sat>10</sat>
      </trkpt>
      <trkpt lat="40.641191" lon="-0.056247">
        <ele>1100.3</ele>
        <time>2015-10-19T13:07:20Z</time>
        <sat>10</sat>
      </trkpt>
      <trkpt lat="40.641209" lon="-0.056126">
        <ele>1097.2</ele>
        <time>2015-10-19T13:07:25Z</time>
        <sat>10</sat>
      </trkpt>
      <trkpt lat="40.641128" lon="-0.056028">
        <ele>1095.9</ele>
        <time>2015-10-19T13:07:30Z</time>
        <sat>9</sat>
      </trkpt>
      <trkpt lat="40.641052" lon="-0.055943">
        <ele>1094.5</ele>
        <time>2015-10-19T13:07:35Z</time>
        <sat>8</sat>
      </trkpt>
      <trkpt lat="40.640954" lon="-0.055841">
        <ele>1092.4</ele>
        <time>2015-10-19T13:07:42Z</time>
        <sat>8</sat>
      </trkpt>
      <trkpt lat="40.640857" lon="-0.055756">
        <ele>1091.5</ele>
        <time>2015-10-19T13:07:47Z</time>
        <sat>8</sat>
      </trkpt>
      <trkpt lat="40.640762" lon="-0.055671">
        <ele>1091.1</ele>
        <time>2015-10-19T13:07:53Z</time>
        <sat>8</sat>
      </trkpt>
      <trkpt lat="40.640679" lon="-0.055599">
        <ele>1089.5</ele>
        <time>2015-10-19T13:07:58Z</time>
        <sat>8</sat>
      </trkpt>
      <trkpt lat="40.640621" lon="-0.055484">
        <ele>1083.9</ele>
        <time>2015-10-19T13:08:03Z</time>
        <sat>8</sat>
      </trkpt>
      <trkpt lat="40.640522" lon="-0.055408">
        <ele>1083.2</ele>
        <time>2015-10-19T13:08:09Z</time>
        <sat>8</sat>
      </trkpt>
      <trkpt lat="40.640424" lon="-0.055318">
        <ele>1081.0</ele>
        <time>2015-10-19T13:08:15Z</time>
        <sat>8</sat>
      </trkpt>
      <trkpt lat="40.640358" lon="-0.055236">
        <ele>1079.1</ele>
        <time>2015-10-19T13:08:20Z</time>
        <sat>8</sat>
      </trkpt>
      <trkpt lat="40.640289" lon="-0.055137">
        <ele>1077.2</ele>
        <time>2015-10-19T13:08:25Z</time>
        <sat>8</sat>
      </trkpt>
      <trkpt lat="40.640206" lon="-0.055001">
        <ele>1074.9</ele>
        <time>2015-10-19T13:08:31Z</time>
        <sat>8</sat>
      </trkpt>
      <trkpt lat="40.640141" lon="-0.054918">
        <ele>1073.6</ele>
        <time>2015-10-19T13:08:36Z</time>
        <sat>8</sat>
      </trkpt>
      <trkpt lat="40.640074" lon="-0.054834">
        <ele>1071.9</ele>
        <time>2015-10-19T13:08:40Z</time>
        <sat>8</sat>
      </trkpt>
      <trkpt lat="40.639991" lon="-0.054734">
        <ele>1072.0</ele>
        <time>2015-10-19T13:08:46Z</time>
        <sat>8</sat>
      </trkpt>
      <trkpt lat="40.639910" lon="-0.054616">
        <ele>1069.2</ele>
        <time>2015-10-19T13:08:52Z</time>
        <sat>7</sat>
      </trkpt>
      <trkpt lat="40.639857" lon="-0.054503">
        <ele>1065.7</ele>
        <time>2015-10-19T13:08:57Z</time>
        <sat>7</sat>
      </trkpt>
      <trkpt lat="40.639805" lon="-0.054376">
        <ele>1063.3</ele>
        <time>2015-10-19T13:09:03Z</time>
        <sat>7</sat>
      </trkpt>
      <trkpt lat="40.639749" lon="-0.054259">
        <ele>1063.0</ele>
        <time>2015-10-19T13:09:08Z</time>
        <sat>7</sat>
      </trkpt>
      <trkpt lat="40.639694" lon="-0.054141">
        <ele>1061.3</ele>
        <time>2015-10-19T13:09:13Z</time>
        <sat>7</sat>
      </trkpt>
      <trkpt lat="40.639641" lon="-0.054038">
        <ele>1061.1</ele>
        <time>2015-10-19T13:09:18Z</time>
        <sat>7</sat>
      </trkpt>
      <trkpt lat="40.639587" lon="-0.053934">
        <ele>1060.4</ele>
        <time>2015-10-19T13:09:23Z</time>
        <sat>7</sat>
      </trkpt>
      <trkpt lat="40.639529" lon="-0.053811">
        <ele>1059.1</ele>
        <time>2015-10-19T13:09:28Z</time>
        <sat>7</sat>
      </trkpt>
      <trkpt lat="40.639467" lon="-0.053686">
        <ele>1058.7</ele>
        <time>2015-10-19T13:09:34Z</time>
        <sat>7</sat>
      </trkpt>
      <trkpt lat="40.639407" lon="-0.053530">
        <ele>1058.7</ele>
        <time>2015-10-19T13:09:40Z</time>
        <sat>6</sat>
      </trkpt>
      <trkpt lat="40.639362" lon="-0.053407">
        <ele>1057.4</ele>
        <time>2015-10-19T13:09:46Z</time>
        <sat>6</sat>
      </trkpt>
      <trkpt lat="40.639322" lon="-0.053294">
        <ele>1055.7</ele>
        <time>2015-10-19T13:09:50Z</time>
        <sat>6</sat>
      </trkpt>
      <trkpt lat="40.639255" lon="-0.053139">
        <ele>1054.2</ele>
        <time>2015-10-19T13:09:57Z</time>
        <sat>7</sat>
      </trkpt>
      <trkpt lat="40.639194" lon="-0.053036">
        <ele>1053.8</ele>
        <time>2015-10-19T13:10:02Z</time>
        <sat>7</sat>
      </trkpt>
      <trkpt lat="40.639152" lon="-0.052914">
        <ele>1052.2</ele>
        <time>2015-10-19T13:10:07Z</time>
        <sat>7</sat>
      </trkpt>
      <trkpt lat="40.639096" lon="-0.052776">
        <ele>1050.7</ele>
        <time>2015-10-19T13:10:13Z</time>
        <sat>7</sat>
      </trkpt>
      <trkpt lat="40.639041" lon="-0.052658">
        <ele>1050.6</ele>
        <time>2015-10-19T13:10:18Z</time>
        <sat>7</sat>
      </trkpt>
      <trkpt lat="40.638997" lon="-0.052538">
        <ele>1049.5</ele>
        <time>2015-10-19T13:10:23Z</time>
        <sat>7</sat>
      </trkpt>
      <trkpt lat="40.638939" lon="-0.052400">
        <ele>1048.7</ele>
        <time>2015-10-19T13:10:29Z</time>
        <sat>7</sat>
      </trkpt>
      <trkpt lat="40.638894" lon="-0.052236">
        <ele>1047.0</ele>
        <time>2015-10-19T13:10:36Z</time>
        <sat>7</sat>
      </trkpt>
      <trkpt lat="40.638854" lon="-0.052066">
        <ele>1045.5</ele>
        <time>2015-10-19T13:10:43Z</time>
        <sat>7</sat>
      </trkpt>
      <trkpt lat="40.638811" lon="-0.051918">
        <ele>1044.4</ele>
        <time>2015-10-19T13:10:49Z</time>
        <sat>7</sat>
      </trkpt>
      <trkpt lat="40.638761" lon="-0.051788">
        <ele>1042.5</ele>
        <time>2015-10-19T13:10:54Z</time>
        <sat>7</sat>
      </trkpt>
      <trkpt lat="40.638709" lon="-0.051631">
        <ele>1040.3</ele>
        <time>2015-10-19T13:11:01Z</time>
        <sat>7</sat>
      </trkpt>
      <trkpt lat="40.638667" lon="-0.051496">
        <ele>1040.0</ele>
        <time>2015-10-19T13:11:06Z</time>
        <sat>7</sat>
      </trkpt>
      <trkpt lat="40.638611" lon="-0.051366">
        <ele>1041.5</ele>
        <time>2015-10-19T13:11:12Z</time>
        <sat>7</sat>
      </trkpt>
      <trkpt lat="40.638559" lon="-0.051246">
        <ele>1041.8</ele>
        <time>2015-10-19T13:11:17Z</time>
        <sat>7</sat>
      </trkpt>
      <trkpt lat="40.638514" lon="-0.051126">
        <ele>1040.5</ele>
        <time>2015-10-19T13:11:22Z</time>
        <sat>7</sat>
      </trkpt>
      <trkpt lat="40.638470" lon="-0.050986">
        <ele>1040.6</ele>
        <time>2015-10-19T13:11:28Z</time>
        <sat>8</sat>
      </trkpt>
      <trkpt lat="40.638419" lon="-0.050857">
        <ele>1039.6</ele>
        <time>2015-10-19T13:11:34Z</time>
        <sat>8</sat>
      </trkpt>
      <trkpt lat="40.638360" lon="-0.050741">
        <ele>1038.4</ele>
        <time>2015-10-19T13:11:39Z</time>
        <sat>8</sat>
      </trkpt>
      <trkpt lat="40.638314" lon="-0.050599">
        <ele>1037.4</ele>
        <time>2015-10-19T13:11:45Z</time>
        <sat>8</sat>
      </trkpt>
      <trkpt lat="40.638277" lon="-0.050491">
        <ele>1037.9</ele>
        <time>2015-10-19T13:11:49Z</time>
        <sat>7</sat>
      </trkpt>
      <trkpt lat="40.638244" lon="-0.050380">
        <ele>1038.4</ele>
        <time>2015-10-19T13:11:54Z</time>
        <sat>7</sat>
      </trkpt>
      <trkpt lat="40.638199" lon="-0.050260">
        <ele>1038.5</ele>
        <time>2015-10-19T13:11:59Z</time>
        <sat>7</sat>
      </trkpt>
      <trkpt lat="40.638132" lon="-0.050123">
        <ele>1038.5</ele>
        <time>2015-10-19T13:12:05Z</time>
        <sat>7</sat>
      </trkpt>
      <trkpt lat="40.638069" lon="-0.049994">
        <ele>1038.6</ele>
        <time>2015-10-19T13:12:11Z</time>
        <sat>7</sat>
      </trkpt>
      <trkpt lat="40.638002" lon="-0.049886">
        <ele>1036.9</ele>
        <time>2015-10-19T13:12:16Z</time>
        <sat>7</sat>
      </trkpt>
      <trkpt lat="40.637961" lon="-0.049759">
        <ele>1034.1</ele>
        <time>2015-10-19T13:12:21Z</time>
        <sat>7</sat>
      </trkpt>
      <trkpt lat="40.637917" lon="-0.049626">
        <ele>1034.3</ele>
        <time>2015-10-19T13:12:27Z</time>
        <sat>7</sat>
      </trkpt>
      <trkpt lat="40.637876" lon="-0.049510">
        <ele>1036.4</ele>
        <time>2015-10-19T13:12:32Z</time>
        <sat>8</sat>
      </trkpt>
      <trkpt lat="40.637829" lon="-0.049380">
        <ele>1038.5</ele>
        <time>2015-10-19T13:12:37Z</time>
        <sat>8</sat>
      </trkpt>
      <trkpt lat="40.637792" lon="-0.049248">
        <ele>1037.5</ele>
        <time>2015-10-19T13:12:43Z</time>
        <sat>8</sat>
      </trkpt>
      <trkpt lat="40.637744" lon="-0.049091">
        <ele>1036.5</ele>
        <time>2015-10-19T13:12:49Z</time>
        <sat>8</sat>
      </trkpt>
      <trkpt lat="40.637702" lon="-0.048978">
        <ele>1034.9</ele>
        <time>2015-10-19T13:12:54Z</time>
        <sat>8</sat>
      </trkpt>
      <trkpt lat="40.637660" lon="-0.048864">
        <ele>1032.5</ele>
        <time>2015-10-19T13:12:59Z</time>
        <sat>8</sat>
      </trkpt>
      <trkpt lat="40.637616" lon="-0.048715">
        <ele>1029.8</ele>
        <time>2015-10-19T13:13:05Z</time>
        <sat>8</sat>
      </trkpt>
      <trkpt lat="40.637565" lon="-0.048564">
        <ele>1029.0</ele>
        <time>2015-10-19T13:13:11Z</time>
        <sat>8</sat>
      </trkpt>
      <trkpt lat="40.637512" lon="-0.048419">
        <ele>1029.5</ele>
        <time>2015-10-19T13:13:17Z</time>
        <sat>8</sat>
      </trkpt>
      <trkpt lat="40.637454" lon="-0.048276">
        <ele>1029.5</ele>
        <time>2015-10-19T13:13:23Z</time>
        <sat>8</sat>
      </trkpt>
      <trkpt lat="40.637396" lon="-0.048115">
        <ele>1028.7</ele>
        <time>2015-10-19T13:13:30Z</time>
        <sat>8</sat>
      </trkpt>
      <trkpt lat="40.637357" lon="-0.048006">
        <ele>1028.0</ele>
        <time>2015-10-19T13:13:35Z</time>
        <sat>8</sat>
      </trkpt>
      <trkpt lat="40.637320" lon="-0.047893">
        <ele>1027.3</ele>
        <time>2015-10-19T13:13:39Z</time>
        <sat>8</sat>
      </trkpt>
      <trkpt lat="40.637292" lon="-0.047746">
        <ele>1026.4</ele>
        <time>2015-10-19T13:13:45Z</time>
        <sat>8</sat>
      </trkpt>
      <trkpt lat="40.637270" lon="-0.047631">
        <ele>1026.3</ele>
        <time>2015-10-19T13:13:50Z</time>
        <sat>8</sat>
      </trkpt>
      <trkpt lat="40.637232" lon="-0.047483">
        <ele>1026.5</ele>
        <time>2015-10-19T13:13:55Z</time>
        <sat>8</sat>
      </trkpt>
      <trkpt lat="40.637196" lon="-0.047329">
        <ele>1026.9</ele>
        <time>2015-10-19T13:14:02Z</time>
        <sat>8</sat>
      </trkpt>
      <trkpt lat="40.637162" lon="-0.047186">
        <ele>1027.0</ele>
        <time>2015-10-19T13:14:07Z</time>
        <sat>8</sat>
      </trkpt>
      <trkpt lat="40.637134" lon="-0.047041">
        <ele>1026.1</ele>
        <time>2015-10-19T13:14:13Z</time>
        <sat>8</sat>
      </trkpt>
      <trkpt lat="40.637081" lon="-0.046907">
        <ele>1026.6</ele>
        <time>2015-10-19T13:14:19Z</time>
        <sat>8</sat>
      </trkpt>
      <trkpt lat="40.637027" lon="-0.046774">
        <ele>1027.1</ele>
        <time>2015-10-19T13:14:24Z</time>
        <sat>8</sat>
      </trkpt>
      <trkpt lat="40.636982" lon="-0.046626">
        <ele>1027.6</ele>
        <time>2015-10-19T13:14:31Z</time>
        <sat>8</sat>
      </trkpt>
      <trkpt lat="40.636969" lon="-0.046490">
        <ele>1027.4</ele>
        <time>2015-10-19T13:14:36Z</time>
        <sat>8</sat>
      </trkpt>
      <trkpt lat="40.636952" lon="-0.046346">
        <ele>1027.4</ele>
        <time>2015-10-19T13:14:41Z</time>
        <sat>8</sat>
      </trkpt>
      <trkpt lat="40.636922" lon="-0.046226">
        <ele>1028.1</ele>
        <time>2015-10-19T13:14:46Z</time>
        <sat>9</sat>
      </trkpt>
      <trkpt lat="40.636877" lon="-0.046101">
        <ele>1029.3</ele>
        <time>2015-10-19T13:14:51Z</time>
        <sat>8</sat>
      </trkpt>
      <trkpt lat="40.636814" lon="-0.045993">
        <ele>1030.6</ele>
        <time>2015-10-19T13:14:56Z</time>
        <sat>8</sat>
      </trkpt>
      <trkpt lat="40.636734" lon="-0.045849">
        <ele>1032.1</ele>
        <time>2015-10-19T13:15:03Z</time>
        <sat>8</sat>
      </trkpt>
      <trkpt lat="40.636675" lon="-0.045716">
        <ele>1031.6</ele>
        <time>2015-10-19T13:15:09Z</time>
        <sat>8</sat>
      </trkpt>
      <trkpt lat="40.636647" lon="-0.045599">
        <ele>1029.5</ele>
        <time>2015-10-19T13:15:14Z</time>
        <sat>8</sat>
      </trkpt>
      <trkpt lat="40.636619" lon="-0.045478">
        <ele>1028.1</ele>
        <time>2015-10-19T13:15:19Z</time>
        <sat>8</sat>
      </trkpt>
      <trkpt lat="40.636577" lon="-0.045311">
        <ele>1026.6</ele>
        <time>2015-10-19T13:15:25Z</time>
        <sat>8</sat>
      </trkpt>
      <trkpt lat="40.636536" lon="-0.045198">
        <ele>1025.9</ele>
        <time>2015-10-19T13:15:30Z</time>
        <sat>8</sat>
      </trkpt>
      <trkpt lat="40.636465" lon="-0.045049">
        <ele>1024.1</ele>
        <time>2015-10-19T13:15:37Z</time>
        <sat>8</sat>
      </trkpt>
      <trkpt lat="40.636399" lon="-0.044906">
        <ele>1021.9</ele>
        <time>2015-10-19T13:15:43Z</time>
        <sat>8</sat>
      </trkpt>
      <trkpt lat="40.636347" lon="-0.044781">
        <ele>1021.0</ele>
        <time>2015-10-19T13:15:48Z</time>
        <sat>8</sat>
      </trkpt>
      <trkpt lat="40.636296" lon="-0.044655">
        <ele>1022.1</ele>
        <time>2015-10-19T13:15:54Z</time>
        <sat>8</sat>
      </trkpt>
      <trkpt lat="40.636262" lon="-0.044523">
        <ele>1022.4</ele>
        <time>2015-10-19T13:15:59Z</time>
        <sat>8</sat>
      </trkpt>
      <trkpt lat="40.636229" lon="-0.044403">
        <ele>1021.4</ele>
        <time>2015-10-19T13:16:04Z</time>
        <sat>8</sat>
      </trkpt>
      <trkpt lat="40.636212" lon="-0.044284">
        <ele>1017.2</ele>
        <time>2015-10-19T13:16:09Z</time>
        <sat>7</sat>
      </trkpt>
      <trkpt lat="40.636176" lon="-0.044174">
        <ele>1014.3</ele>
        <time>2015-10-19T13:16:13Z</time>
        <sat>7</sat>
      </trkpt>
      <trkpt lat="40.636164" lon="-0.044023">
        <ele>1008.1</ele>
        <time>2015-10-19T13:16:19Z</time>
        <sat>8</sat>
      </trkpt>
      <trkpt lat="40.636215" lon="-0.043911">
        <ele>1003.8</ele>
        <time>2015-10-19T13:16:24Z</time>
        <sat>8</sat>
      </trkpt>
      <trkpt lat="40.636306" lon="-0.043839">
        <ele>1001.6</ele>
        <time>2015-10-19T13:16:29Z</time>
        <sat>8</sat>
      </trkpt>
      <trkpt lat="40.636309" lon="-0.043688">
        <ele>1000.1</ele>
        <time>2015-10-19T13:16:35Z</time>
        <sat>8</sat>
      </trkpt>
      <trkpt lat="40.636304" lon="-0.043563">
        <ele>998.0</ele>
        <time>2015-10-19T13:16:40Z</time>
        <sat>8</sat>
      </trkpt>
      <trkpt lat="40.636302" lon="-0.043394">
        <ele>994.9</ele>
        <time>2015-10-19T13:16:46Z</time>
        <sat>8</sat>
      </trkpt>
      <trkpt lat="40.636281" lon="-0.043246">
        <ele>992.9</ele>
        <time>2015-10-19T13:16:52Z</time>
        <sat>8</sat>
      </trkpt>
      <trkpt lat="40.636244" lon="-0.043086">
        <ele>992.4</ele>
        <time>2015-10-19T13:16:58Z</time>
        <sat>8</sat>
      </trkpt>
      <trkpt lat="40.636227" lon="-0.042953">
        <ele>991.7</ele>
        <time>2015-10-19T13:17:03Z</time>
        <sat>8</sat>
      </trkpt>
      <trkpt lat="40.636212" lon="-0.042809">
        <ele>990.2</ele>
        <time>2015-10-19T13:17:09Z</time>
        <sat>8</sat>
      </trkpt>
      <trkpt lat="40.636182" lon="-0.042670">
        <ele>989.7</ele>
        <time>2015-10-19T13:17:14Z</time>
        <sat>8</sat>
      </trkpt>
      <trkpt lat="40.636187" lon="-0.042546">
        <ele>988.1</ele>
        <time>2015-10-19T13:17:19Z</time>
        <sat>8</sat>
      </trkpt>
      <trkpt lat="40.636186" lon="-0.042359">
        <ele>986.2</ele>
        <time>2015-10-19T13:17:26Z</time>
        <sat>8</sat>
      </trkpt>
      <trkpt lat="40.636200" lon="-0.042208">
        <ele>984.3</ele>
        <time>2015-10-19T13:17:32Z</time>
        <sat>8</sat>
      </trkpt>
      <trkpt lat="40.636229" lon="-0.042066">
        <ele>982.1</ele>
        <time>2015-10-19T13:17:37Z</time>
        <sat>7</sat>
      </trkpt>
      <trkpt lat="40.636257" lon="-0.041946">
        <ele>980.3</ele>
        <time>2015-10-19T13:17:42Z</time>
        <sat>7</sat>
      </trkpt>
      <trkpt lat="40.636282" lon="-0.041801">
        <ele>978.6</ele>
        <time>2015-10-19T13:17:48Z</time>
        <sat>7</sat>
      </trkpt>
      <trkpt lat="40.636282" lon="-0.041651">
        <ele>975.7</ele>
        <time>2015-10-19T13:17:54Z</time>
        <sat>7</sat>
      </trkpt>
      <trkpt lat="40.636200" lon="-0.041530">
        <ele>975.9</ele>
        <time>2015-10-19T13:18:00Z</time>
        <sat>6</sat>
      </trkpt>
      <trkpt lat="40.636120" lon="-0.041464">
        <ele>978.0</ele>
        <time>2015-10-19T13:18:04Z</time>
        <sat>7</sat>
      </trkpt>
      <trkpt lat="40.636049" lon="-0.041383">
        <ele>979.6</ele>
        <time>2015-10-19T13:18:09Z</time>
        <sat>7</sat>
      </trkpt>
      <trkpt lat="40.635995" lon="-0.041266">
        <ele>979.2</ele>
        <time>2015-10-19T13:18:14Z</time>
        <sat>6</sat>
      </trkpt>
      <trkpt lat="40.635964" lon="-0.041126">
        <ele>976.7</ele>
        <time>2015-10-19T13:18:20Z</time>
        <sat>6</sat>
      </trkpt>
      <trkpt lat="40.635944" lon="-0.040974">
        <ele>973.4</ele>
        <time>2015-10-19T13:18:26Z</time>
        <sat>6</sat>
      </trkpt>
      <trkpt lat="40.635920" lon="-0.040836">
        <ele>970.8</ele>
        <time>2015-10-19T13:18:31Z</time>
        <sat>6</sat>
      </trkpt>
      <trkpt lat="40.635892" lon="-0.040701">
        <ele>968.8</ele>
        <time>2015-10-19T13:18:36Z</time>
        <sat>6</sat>
      </trkpt>
      <trkpt lat="40.635861" lon="-0.040554">
        <ele>967.5</ele>
        <time>2015-10-19T13:18:42Z</time>
        <sat>6</sat>
      </trkpt>
      <trkpt lat="40.635844" lon="-0.040386">
        <ele>963.7</ele>
        <time>2015-10-19T13:18:49Z</time>
        <sat>6</sat>
      </trkpt>
      <trkpt lat="40.635836" lon="-0.040218">
        <ele>961.0</ele>
        <time>2015-10-19T13:18:55Z</time>
        <sat>6</sat>
      </trkpt>
      <trkpt lat="40.635821" lon="-0.040096">
        <ele>960.0</ele>
        <time>2015-10-19T13:19:00Z</time>
        <sat>7</sat>
      </trkpt>
      <trkpt lat="40.635760" lon="-0.039979">
        <ele>958.1</ele>
        <time>2015-10-19T13:19:05Z</time>
        <sat>7</sat>
      </trkpt>
      <trkpt lat="40.635706" lon="-0.039876">
        <ele>955.3</ele>
        <time>2015-10-19T13:19:10Z</time>
        <sat>7</sat>
      </trkpt>
      <trkpt lat="40.635644" lon="-0.039779">
        <ele>952.2</ele>
        <time>2015-10-19T13:19:15Z</time>
        <sat>7</sat>
      </trkpt>
      <trkpt lat="40.635762" lon="-0.039758">
        <ele>949.0</ele>
        <time>2015-10-19T13:19:21Z</time>
        <sat>7</sat>
      </trkpt>
      <trkpt lat="40.635877" lon="-0.039799">
        <ele>948.9</ele>
        <time>2015-10-19T13:19:27Z</time>
        <sat>7</sat>
      </trkpt>
      <trkpt lat="40.635976" lon="-0.039793">
        <ele>948.3</ele>
        <time>2015-10-19T13:19:32Z</time>
        <sat>7</sat>
      </trkpt>
      <trkpt lat="40.636069" lon="-0.039799">
        <ele>945.4</ele>
        <time>2015-10-19T13:19:36Z</time>
        <sat>7</sat>
      </trkpt>
      <trkpt lat="40.636112" lon="-0.039929">
        <ele>943.7</ele>
        <time>2015-10-19T13:19:42Z</time>
        <sat>7</sat>
      </trkpt>
      <trkpt lat="40.636164" lon="-0.040036">
        <ele>943.8</ele>
        <time>2015-10-19T13:19:46Z</time>
        <sat>7</sat>
      </trkpt>
      <trkpt lat="40.636215" lon="-0.040148">
        <ele>943.6</ele>
        <time>2015-10-19T13:19:51Z</time>
        <sat>7</sat>
      </trkpt>
      <trkpt lat="40.636269" lon="-0.040246">
        <ele>943.1</ele>
        <time>2015-10-19T13:19:56Z</time>
        <sat>7</sat>
      </trkpt>
      <trkpt lat="40.636322" lon="-0.040381">
        <ele>943.1</ele>
        <time>2015-10-19T13:20:02Z</time>
        <sat>7</sat>
      </trkpt>
      <trkpt lat="40.636387" lon="-0.040484">
        <ele>940.4</ele>
        <time>2015-10-19T13:20:07Z</time>
        <sat>7</sat>
      </trkpt>
      <trkpt lat="40.636377" lon="-0.040324">
        <ele>937.9</ele>
        <time>2015-10-19T13:20:13Z</time>
        <sat>6</sat>
      </trkpt>
      <trkpt lat="40.636352" lon="-0.040193">
        <ele>935.4</ele>
        <time>2015-10-19T13:20:18Z</time>
        <sat>6</sat>
      </trkpt>
      <trkpt lat="40.636322" lon="-0.040063">
        <ele>933.6</ele>
        <time>2015-10-19T13:20:23Z</time>
        <sat>6</sat>
      </trkpt>
      <trkpt lat="40.636301" lon="-0.039932">
        <ele>931.3</ele>
        <time>2015-10-19T13:20:28Z</time>
        <sat>7</sat>
      </trkpt>
      <trkpt lat="40.636282" lon="-0.039793">
        <ele>929.0</ele>
        <time>2015-10-19T13:20:34Z</time>
        <sat>7</sat>
      </trkpt>
      <trkpt lat="40.636269" lon="-0.039658">
        <ele>928.2</ele>
        <time>2015-10-19T13:20:39Z</time>
        <sat>7</sat>
      </trkpt>
      <trkpt lat="40.636262" lon="-0.039539">
        <ele>927.4</ele>
        <time>2015-10-19T13:20:43Z</time>
        <sat>7</sat>
      </trkpt>
      <trkpt lat="40.636242" lon="-0.039423">
        <ele>924.8</ele>
        <time>2015-10-19T13:20:48Z</time>
        <sat>7</sat>
      </trkpt>
      <trkpt lat="40.636189" lon="-0.039525">
        <ele>929.2</ele>
        <time>2015-10-19T13:20:53Z</time>
        <sat>7</sat>
      </trkpt>
      <trkpt lat="40.636099" lon="-0.039548">
        <ele>932.0</ele>
        <time>2015-10-19T13:20:57Z</time>
        <sat>6</sat>
      </trkpt>
      <trkpt lat="40.635990" lon="-0.039554">
        <ele>935.2</ele>
        <time>2015-10-19T13:21:03Z</time>
        <sat>6</sat>
      </trkpt>
      <trkpt lat="40.635889" lon="-0.039518">
        <ele>934.4</ele>
        <time>2015-10-19T13:21:08Z</time>
        <sat>6</sat>
      </trkpt>
      <trkpt lat="40.635804" lon="-0.039423">
        <ele>929.4</ele>
        <time>2015-10-19T13:21:13Z</time>
        <sat>6</sat>
      </trkpt>
      <trkpt lat="40.635715" lon="-0.039296">
        <ele>928.2</ele>
        <time>2015-10-19T13:21:20Z</time>
        <sat>5</sat>
      </trkpt>
      <trkpt lat="40.635662" lon="-0.039173">
        <ele>925.1</ele>
        <time>2015-10-19T13:21:25Z</time>
        <sat>6</sat>
      </trkpt>
      <trkpt lat="40.635674" lon="-0.039044">
        <ele>918.2</ele>
        <time>2015-10-19T13:21:30Z</time>
        <sat>6</sat>
      </trkpt>
      <trkpt lat="40.635762" lon="-0.039013">
        <ele>909.8</ele>
        <time>2015-10-19T13:21:35Z</time>
        <sat>6</sat>
      </trkpt>
      <trkpt lat="40.635857" lon="-0.039001">
        <ele>902.1</ele>
        <time>2015-10-19T13:21:40Z</time>
        <sat>6</sat>
      </trkpt>
      <trkpt lat="40.635951" lon="-0.038999">
        <ele>900.5</ele>
        <time>2015-10-19T13:21:44Z</time>
        <sat>7</sat>
      </trkpt>
      <trkpt lat="40.636049" lon="-0.038989">
        <ele>902.7</ele>
        <time>2015-10-19T13:21:49Z</time>
        <sat>6</sat>
      </trkpt>
      <trkpt lat="40.635909" lon="-0.039022">
        <ele>900.5</ele>
        <time>2015-10-19T13:21:56Z</time>
        <sat>6</sat>
      </trkpt>
      <trkpt lat="40.635812" lon="-0.039031">
        <ele>906.6</ele>
        <time>2015-10-19T13:22:01Z</time>
        <sat>5</sat>
      </trkpt>
      <trkpt lat="40.635721" lon="-0.039053">
        <ele>915.0</ele>
        <time>2015-10-19T13:22:06Z</time>
        <sat>6</sat>
      </trkpt>
      <trkpt lat="40.635807" lon="-0.039008">
        <ele>905.9</ele>
        <time>2015-10-19T13:22:11Z</time>
        <sat>6</sat>
      </trkpt>
      <trkpt lat="40.635769" lon="-0.038858">
        <ele>901.4</ele>
        <time>2015-10-19T13:22:17Z</time>
        <sat>6</sat>
      </trkpt>
      <trkpt lat="40.635685" lon="-0.038719">
        <ele>900.1</ele>
        <time>2015-10-19T13:22:23Z</time>
        <sat>6</sat>
      </trkpt>
      <trkpt lat="40.635624" lon="-0.038599">
        <ele>899.6</ele>
        <time>2015-10-19T13:22:29Z</time>
        <sat>6</sat>
      </trkpt>
      <trkpt lat="40.635550" lon="-0.038526">
        <ele>899.3</ele>
        <time>2015-10-19T13:22:33Z</time>
        <sat>6</sat>
      </trkpt>
      <trkpt lat="40.635459" lon="-0.038446">
        <ele>899.7</ele>
        <time>2015-10-19T13:22:39Z</time>
        <sat>6</sat>
      </trkpt>
      <trkpt lat="40.635364" lon="-0.038364">
        <ele>905.3</ele>
        <time>2015-10-19T13:22:45Z</time>
        <sat>6</sat>
      </trkpt>
      <trkpt lat="40.635276" lon="-0.038275">
        <ele>905.0</ele>
        <time>2015-10-19T13:22:50Z</time>
        <sat>6</sat>
      </trkpt>
      <trkpt lat="40.635186" lon="-0.038154">
        <ele>901.8</ele>
        <time>2015-10-19T13:22:57Z</time>
        <sat>6</sat>
      </trkpt>
      <trkpt lat="40.635124" lon="-0.038065">
        <ele>899.8</ele>
        <time>2015-10-19T13:23:01Z</time>
        <sat>6</sat>
      </trkpt>
      <trkpt lat="40.635037" lon="-0.037953">
        <ele>901.6</ele>
        <time>2015-10-19T13:23:07Z</time>
        <sat>6</sat>
      </trkpt>
      <trkpt lat="40.634956" lon="-0.037864">
        <ele>902.1</ele>
        <time>2015-10-19T13:23:12Z</time>
        <sat>6</sat>
      </trkpt>
      <trkpt lat="40.634869" lon="-0.037826">
        <ele>903.1</ele>
        <time>2015-10-19T13:23:17Z</time>
        <sat>6</sat>
      </trkpt>
      <trkpt lat="40.634790" lon="-0.037761">
        <ele>903.0</ele>
        <time>2015-10-19T13:23:22Z</time>
        <sat>6</sat>
      </trkpt>
      <trkpt lat="40.634716" lon="-0.037663">
        <ele>901.9</ele>
        <time>2015-10-19T13:23:27Z</time>
        <sat>6</sat>
      </trkpt>
      <trkpt lat="40.634647" lon="-0.037577">
        <ele>901.4</ele>
        <time>2015-10-19T13:23:32Z</time>
        <sat>6</sat>
      </trkpt>
      <trkpt lat="40.634560" lon="-0.037466">
        <ele>902.8</ele>
        <time>2015-10-19T13:23:38Z</time>
        <sat>6</sat>
      </trkpt>
      <trkpt lat="40.634499" lon="-0.037376">
        <ele>905.6</ele>
        <time>2015-10-19T13:23:42Z</time>
        <sat>6</sat>
      </trkpt>
      <trkpt lat="40.634422" lon="-0.037271">
        <ele>908.5</ele>
        <time>2015-10-19T13:23:48Z</time>
        <sat>6</sat>
      </trkpt>
      <trkpt lat="40.634364" lon="-0.037179">
        <ele>902.7</ele>
        <time>2015-10-19T13:23:52Z</time>
        <sat>6</sat>
      </trkpt>
      <trkpt lat="40.634307" lon="-0.037059">
        <ele>903.6</ele>
        <time>2015-10-19T13:23:58Z</time>
        <sat>6</sat>
      </trkpt>
      <trkpt lat="40.634244" lon="-0.036971">
        <ele>908.6</ele>
        <time>2015-10-19T13:24:02Z</time>
        <sat>6</sat>
      </trkpt>
      <trkpt lat="40.634177" lon="-0.036854">
        <ele>908.9</ele>
        <time>2015-10-19T13:24:08Z</time>
        <sat>6</sat>
      </trkpt>
      <trkpt lat="40.634087" lon="-0.036772">
        <ele>908.2</ele>
        <time>2015-10-19T13:24:13Z</time>
        <sat>6</sat>
      </trkpt>
      <trkpt lat="40.634004" lon="-0.036667">
        <ele>904.8</ele>
        <time>2015-10-19T13:24:19Z</time>
        <sat>6</sat>
      </trkpt>
      <trkpt lat="40.633934" lon="-0.036589">
        <ele>911.8</ele>
        <time>2015-10-19T13:24:24Z</time>
        <sat>6</sat>
      </trkpt>
      <trkpt lat="40.633862" lon="-0.036506">
        <ele>915.5</ele>
        <time>2015-10-19T13:24:29Z</time>
        <sat>6</sat>
      </trkpt>
      <trkpt lat="40.633795" lon="-0.036404">
        <ele>912.0</ele>
        <time>2015-10-19T13:24:34Z</time>
        <sat>6</sat>
      </trkpt>
      <trkpt lat="40.633727" lon="-0.036310">
        <ele>907.0</ele>
        <time>2015-10-19T13:24:39Z</time>
        <sat>6</sat>
      </trkpt>
      <trkpt lat="40.633647" lon="-0.036186">
        <ele>902.1</ele>
        <time>2015-10-19T13:24:45Z</time>
        <sat>6</sat>
      </trkpt>
      <trkpt lat="40.633577" lon="-0.036094">
        <ele>904.5</ele>
        <time>2015-10-19T13:24:50Z</time>
        <sat>6</sat>
      </trkpt>
      <trkpt lat="40.633512" lon="-0.035983">
        <ele>904.7</ele>
        <time>2015-10-19T13:24:55Z</time>
        <sat>6</sat>
      </trkpt>
      <trkpt lat="40.633454" lon="-0.035871">
        <ele>902.4</ele>
        <time>2015-10-19T13:25:00Z</time>
        <sat>6</sat>
      </trkpt>
      <trkpt lat="40.633391" lon="-0.035718">
        <ele>898.7</ele>
        <time>2015-10-19T13:25:07Z</time>
        <sat>6</sat>
      </trkpt>
      <trkpt lat="40.633322" lon="-0.035598">
        <ele>898.4</ele>
        <time>2015-10-19T13:25:13Z</time>
        <sat>6</sat>
      </trkpt>
      <trkpt lat="40.633247" lon="-0.035516">
        <ele>900.6</ele>
        <time>2015-10-19T13:25:17Z</time>
        <sat>6</sat>
      </trkpt>
      <trkpt lat="40.633156" lon="-0.035409">
        <ele>904.4</ele>
        <time>2015-10-19T13:25:24Z</time>
        <sat>6</sat>
      </trkpt>
      <trkpt lat="40.633082" lon="-0.035258">
        <ele>899.9</ele>
        <time>2015-10-19T13:25:30Z</time>
        <sat>6</sat>
      </trkpt>
      <trkpt lat="40.633051" lon="-0.035113">
        <ele>896.5</ele>
        <time>2015-10-19T13:25:36Z</time>
        <sat>6</sat>
      </trkpt>
      <trkpt lat="40.633019" lon="-0.034992">
        <ele>897.0</ele>
        <time>2015-10-19T13:25:41Z</time>
        <sat>6</sat>
      </trkpt>
      <trkpt lat="40.632987" lon="-0.034879">
        <ele>897.0</ele>
        <time>2015-10-19T13:25:46Z</time>
        <sat>6</sat>
      </trkpt>
      <trkpt lat="40.632957" lon="-0.034749">
        <ele>897.4</ele>
        <time>2015-10-19T13:25:51Z</time>
        <sat>6</sat>
      </trkpt>
      <trkpt lat="40.632905" lon="-0.034599">
        <ele>899.2</ele>
        <time>2015-10-19T13:25:57Z</time>
        <sat>6</sat>
      </trkpt>
      <trkpt lat="40.632814" lon="-0.034491">
        <ele>902.4</ele>
        <time>2015-10-19T13:26:03Z</time>
        <sat>6</sat>
      </trkpt>
      <trkpt lat="40.632724" lon="-0.034417">
        <ele>901.9</ele>
        <time>2015-10-19T13:26:08Z</time>
        <sat>7</sat>
      </trkpt>
      <trkpt lat="40.632622" lon="-0.034324">
        <ele>898.8</ele>
        <time>2015-10-19T13:26:15Z</time>
        <sat>7</sat>
      </trkpt>
      <trkpt lat="40.632542" lon="-0.034243">
        <ele>896.2</ele>
        <time>2015-10-19T13:26:20Z</time>
        <sat>7</sat>
      </trkpt>
      <trkpt lat="40.632452" lon="-0.034134">
        <ele>893.5</ele>
        <time>2015-10-19T13:26:26Z</time>
        <sat>7</sat>
      </trkpt>
      <trkpt lat="40.632369" lon="-0.034082">
        <ele>891.4</ele>
        <time>2015-10-19T13:26:30Z</time>
        <sat>7</sat>
      </trkpt>
      <trkpt lat="40.632422" lon="-0.034200">
        <ele>892.0</ele>
        <time>2015-10-19T13:26:36Z</time>
        <sat>7</sat>
      </trkpt>
      <trkpt lat="40.632347" lon="-0.034113">
        <ele>890.4</ele>
        <time>2015-10-19T13:26:41Z</time>
        <sat>4</sat>
      </trkpt>
      <trkpt lat="40.632350" lon="-0.034236">
        <ele>890.2</ele>
        <time>2015-10-19T13:26:45Z</time>
        <sat>7</sat>
      </trkpt>
      <trkpt lat="40.632381" lon="-0.034368">
        <ele>891.0</ele>
        <time>2015-10-19T13:26:50Z</time>
        <sat>7</sat>
      </trkpt>
      <trkpt lat="40.632362" lon="-0.034504">
        <ele>891.3</ele>
        <time>2015-10-19T13:26:56Z</time>
        <sat>7</sat>
      </trkpt>
      <trkpt lat="40.632296" lon="-0.034618">
        <ele>891.3</ele>
        <time>2015-10-19T13:27:01Z</time>
        <sat>7</sat>
      </trkpt>
      <trkpt lat="40.632222" lon="-0.034718">
        <ele>891.1</ele>
        <time>2015-10-19T13:27:06Z</time>
        <sat>7</sat>
      </trkpt>
      <trkpt lat="40.632134" lon="-0.034803">
        <ele>889.6</ele>
        <time>2015-10-19T13:27:12Z</time>
        <sat>7</sat>
      </trkpt>
      <trkpt lat="40.632056" lon="-0.034896">
        <ele>889.4</ele>
        <time>2015-10-19T13:27:17Z</time>
        <sat>7</sat>
      </trkpt>
      <trkpt lat="40.631972" lon="-0.034951">
        <ele>892.3</ele>
        <time>2015-10-19T13:27:22Z</time>
        <sat>7</sat>
      </trkpt>
      <trkpt lat="40.631942" lon="-0.035073">
        <ele>892.4</ele>
        <time>2015-10-19T13:27:27Z</time>
        <sat>7</sat>
      </trkpt>
      <trkpt lat="40.631934" lon="-0.035199">
        <ele>891.3</ele>
        <time>2015-10-19T13:27:32Z</time>
        <sat>7</sat>
      </trkpt>
      <trkpt lat="40.631987" lon="-0.035296">
        <ele>891.9</ele>
        <time>2015-10-19T13:27:36Z</time>
        <sat>7</sat>
      </trkpt>
      <trkpt lat="40.632014" lon="-0.035409">
        <ele>893.0</ele>
        <time>2015-10-19T13:27:41Z</time>
        <sat>7</sat>
      </trkpt>
      <trkpt lat="40.632005" lon="-0.035528">
        <ele>891.9</ele>
        <time>2015-10-19T13:27:45Z</time>
        <sat>7</sat>
      </trkpt>
      <trkpt lat="40.631962" lon="-0.035646">
        <ele>891.9</ele>
        <time>2015-10-19T13:27:50Z</time>
        <sat>7</sat>
      </trkpt>
      <trkpt lat="40.631952" lon="-0.035771">
        <ele>893.4</ele>
        <time>2015-10-19T13:27:55Z</time>
        <sat>7</sat>
      </trkpt>
      <trkpt lat="40.631894" lon="-0.035669">
        <ele>894.0</ele>
        <time>2015-10-19T13:28:00Z</time>
        <sat>7</sat>
      </trkpt>
      <trkpt lat="40.631822" lon="-0.035584">
        <ele>894.7</ele>
        <time>2015-10-19T13:28:05Z</time>
        <sat>7</sat>
      </trkpt>
      <trkpt lat="40.631797" lon="-0.035469">
        <ele>896.2</ele>
        <time>2015-10-19T13:28:09Z</time>
        <sat>7</sat>
      </trkpt>
      <trkpt lat="40.631729" lon="-0.035376">
        <ele>900.5</ele>
        <time>2015-10-19T13:28:14Z</time>
        <sat>7</sat>
      </trkpt>
      <trkpt lat="40.631665" lon="-0.035284">
        <ele>902.7</ele>
        <time>2015-10-19T13:28:19Z</time>
        <sat>7</sat>
      </trkpt>
      <trkpt lat="40.631604" lon="-0.035196">
        <ele>903.7</ele>
        <time>2015-10-19T13:28:23Z</time>
        <sat>7</sat>
      </trkpt>
      <trkpt lat="40.631567" lon="-0.035076">
        <ele>906.2</ele>
        <time>2015-10-19T13:28:28Z</time>
        <sat>7</sat>
      </trkpt>
      <trkpt lat="40.631662" lon="-0.035086">
        <ele>908.1</ele>
        <time>2015-10-19T13:28:33Z</time>
        <sat>7</sat>
      </trkpt>
      <trkpt lat="40.631655" lon="-0.034967">
        <ele>909.9</ele>
        <time>2015-10-19T13:28:37Z</time>
        <sat>7</sat>
      </trkpt>
      <trkpt lat="40.631607" lon="-0.034856">
        <ele>911.6</ele>
        <time>2015-10-19T13:28:42Z</time>
        <sat>7</sat>
      </trkpt>
      <trkpt lat="40.631547" lon="-0.034759">
        <ele>913.0</ele>
        <time>2015-10-19T13:28:47Z</time>
        <sat>7</sat>
      </trkpt>
      <trkpt lat="40.631477" lon="-0.034681">
        <ele>914.5</ele>
        <time>2015-10-19T13:28:52Z</time>
        <sat>7</sat>
      </trkpt>
      <trkpt lat="40.631415" lon="-0.034586">
        <ele>916.6</ele>
        <time>2015-10-19T13:28:56Z</time>
        <sat>7</sat>
      </trkpt>
      <trkpt lat="40.631348" lon="-0.034503">
        <ele>918.8</ele>
        <time>2015-10-19T13:29:01Z</time>
        <sat>4</sat>
      </trkpt>
      <trkpt lat="40.631293" lon="-0.034380">
        <ele>921.4</ele>
        <time>2015-10-19T13:29:06Z</time>
        <sat>4</sat>
      </trkpt>
      <trkpt lat="40.631226" lon="-0.034288">
        <ele>922.3</ele>
        <time>2015-10-19T13:29:11Z</time>
        <sat>7</sat>
      </trkpt>
      <trkpt lat="40.631146" lon="-0.034205">
        <ele>923.0</ele>
        <time>2015-10-19T13:29:16Z</time>
        <sat>7</sat>
      </trkpt>
      <trkpt lat="40.631057" lon="-0.034154">
        <ele>923.3</ele>
        <time>2015-10-19T13:29:21Z</time>
        <sat>7</sat>
      </trkpt>
      <trkpt lat="40.630965" lon="-0.034146">
        <ele>923.4</ele>
        <time>2015-10-19T13:29:26Z</time>
        <sat>7</sat>
      </trkpt>
      <trkpt lat="40.630875" lon="-0.034106">
        <ele>922.9</ele>
        <time>2015-10-19T13:29:31Z</time>
        <sat>7</sat>
      </trkpt>
      <trkpt lat="40.630779" lon="-0.034046">
        <ele>922.1</ele>
        <time>2015-10-19T13:29:36Z</time>
        <sat>7</sat>
      </trkpt>
      <trkpt lat="40.630679" lon="-0.034019">
        <ele>921.3</ele>
        <time>2015-10-19T13:29:41Z</time>
        <sat>7</sat>
      </trkpt>
      <trkpt lat="40.630574" lon="-0.033979">
        <ele>921.0</ele>
        <time>2015-10-19T13:29:46Z</time>
        <sat>7</sat>
      </trkpt>
      <trkpt lat="40.630500" lon="-0.033896">
        <ele>919.7</ele>
        <time>2015-10-19T13:29:51Z</time>
        <sat>7</sat>
      </trkpt>
      <trkpt lat="40.630474" lon="-0.033778">
        <ele>917.6</ele>
        <time>2015-10-19T13:29:56Z</time>
        <sat>7</sat>
      </trkpt>
      <trkpt lat="40.630434" lon="-0.033628">
        <ele>915.6</ele>
        <time>2015-10-19T13:30:02Z</time>
        <sat>7</sat>
      </trkpt>
      <trkpt lat="40.630394" lon="-0.033516">
        <ele>914.4</ele>
        <time>2015-10-19T13:30:07Z</time>
        <sat>7</sat>
      </trkpt>
      <trkpt lat="40.630384" lon="-0.033366">
        <ele>912.9</ele>
        <time>2015-10-19T13:30:12Z</time>
        <sat>7</sat>
      </trkpt>
      <trkpt lat="40.630334" lon="-0.033201">
        <ele>912.7</ele>
        <time>2015-10-19T13:30:19Z</time>
        <sat>7</sat>
      </trkpt>
      <trkpt lat="40.630315" lon="-0.033080">
        <ele>912.7</ele>
        <time>2015-10-19T13:30:24Z</time>
        <sat>7</sat>
      </trkpt>
      <trkpt lat="40.630257" lon="-0.032965">
        <ele>912.7</ele>
        <time>2015-10-19T13:30:29Z</time>
        <sat>7</sat>
      </trkpt>
      <trkpt lat="40.630176" lon="-0.032791">
        <ele>910.5</ele>
        <time>2015-10-19T13:30:37Z</time>
        <sat>4</sat>
      </trkpt>
      <trkpt lat="40.630115" lon="-0.032661">
        <ele>909.4</ele>
        <time>2015-10-19T13:30:43Z</time>
        <sat>4</sat>
      </trkpt>
      <trkpt lat="40.630037" lon="-0.032529">
        <ele>909.6</ele>
        <time>2015-10-19T13:30:49Z</time>
        <sat>4</sat>
      </trkpt>
      <trkpt lat="40.629970" lon="-0.032407">
        <ele>909.5</ele>
        <time>2015-10-19T13:30:55Z</time>
        <sat>4</sat>
      </trkpt>
      <trkpt lat="40.629876" lon="-0.032211">
        <ele>907.8</ele>
        <time>2015-10-19T13:31:04Z</time>
        <sat>4</sat>
      </trkpt>
      <trkpt lat="40.629805" lon="-0.031904">
        <ele>906.0</ele>
        <time>2015-10-19T13:31:16Z</time>
        <sat>4</sat>
      </trkpt>
      <trkpt lat="40.629729" lon="-0.031758">
        <ele>904.5</ele>
        <time>2015-10-19T13:31:23Z</time>
        <sat>7</sat>
      </trkpt>
      <trkpt lat="40.629612" lon="-0.031653">
        <ele>901.5</ele>
        <time>2015-10-19T13:31:30Z</time>
        <sat>7</sat>
      </trkpt>
      <trkpt lat="40.629524" lon="-0.031556">
        <ele>896.9</ele>
        <time>2015-10-19T13:31:35Z</time>
        <sat>7</sat>
      </trkpt>
      <trkpt lat="40.629449" lon="-0.031476">
        <ele>894.8</ele>
        <time>2015-10-19T13:31:40Z</time>
        <sat>7</sat>
      </trkpt>
      <trkpt lat="40.629332" lon="-0.031449">
        <ele>896.7</ele>
        <time>2015-10-19T13:31:46Z</time>
        <sat>7</sat>
      </trkpt>
      <trkpt lat="40.629234" lon="-0.031453">
        <ele>896.5</ele>
        <time>2015-10-19T13:31:51Z</time>
        <sat>7</sat>
      </trkpt>
      <trkpt lat="40.629136" lon="-0.031418">
        <ele>895.1</ele>
        <time>2015-10-19T13:31:56Z</time>
        <sat>7</sat>
      </trkpt>
      <trkpt lat="40.629109" lon="-0.031303">
        <ele>894.5</ele>
        <time>2015-10-19T13:32:01Z</time>
        <sat>7</sat>
      </trkpt>
      <trkpt lat="40.629159" lon="-0.031174">
        <ele>892.2</ele>
        <time>2015-10-19T13:32:06Z</time>
        <sat>7</sat>
      </trkpt>
      <trkpt lat="40.629167" lon="-0.031036">
        <ele>890.0</ele>
        <time>2015-10-19T13:32:11Z</time>
        <sat>7</sat>
      </trkpt>
      <trkpt lat="40.629107" lon="-0.030930">
        <ele>889.3</ele>
        <time>2015-10-19T13:32:16Z</time>
        <sat>7</sat>
      </trkpt>
      <trkpt lat="40.629052" lon="-0.030830">
        <ele>885.9</ele>
        <time>2015-10-19T13:32:21Z</time>
        <sat>7</sat>
      </trkpt>
      <trkpt lat="40.629019" lon="-0.030711">
        <ele>883.0</ele>
        <time>2015-10-19T13:32:26Z</time>
        <sat>7</sat>
      </trkpt>
      <trkpt lat="40.629004" lon="-0.030584">
        <ele>882.2</ele>
        <time>2015-10-19T13:32:31Z</time>
        <sat>7</sat>
      </trkpt>
      <trkpt lat="40.629016" lon="-0.030463">
        <ele>880.2</ele>
        <time>2015-10-19T13:32:35Z</time>
        <sat>7</sat>
      </trkpt>
      <trkpt lat="40.628954" lon="-0.030368">
        <ele>879.1</ele>
        <time>2015-10-19T13:32:40Z</time>
        <sat>7</sat>
      </trkpt>
      <trkpt lat="40.628917" lon="-0.030260">
        <ele>878.2</ele>
        <time>2015-10-19T13:32:45Z</time>
        <sat>7</sat>
      </trkpt>
      <trkpt lat="40.628891" lon="-0.030144">
        <ele>877.6</ele>
        <time>2015-10-19T13:32:49Z</time>
        <sat>6</sat>
      </trkpt>
      <trkpt lat="40.628811" lon="-0.030088">
        <ele>879.2</ele>
        <time>2015-10-19T13:32:54Z</time>
        <sat>8</sat>
      </trkpt>
      <trkpt lat="40.628735" lon="-0.029984">
        <ele>880.8</ele>
        <time>2015-10-19T13:32:59Z</time>
        <sat>7</sat>
      </trkpt>
      <trkpt lat="40.628692" lon="-0.029861">
        <ele>880.1</ele>
        <time>2015-10-19T13:33:04Z</time>
        <sat>6</sat>
      </trkpt>
      <trkpt lat="40.628635" lon="-0.029751">
        <ele>880.5</ele>
        <time>2015-10-19T13:33:09Z</time>
        <sat>8</sat>
      </trkpt>
      <trkpt lat="40.628596" lon="-0.029638">
        <ele>879.2</ele>
        <time>2015-10-19T13:33:14Z</time>
        <sat>6</sat>
      </trkpt>
      <trkpt lat="40.628557" lon="-0.029497">
        <ele>877.3</ele>
        <time>2015-10-19T13:33:20Z</time>
        <sat>6</sat>
      </trkpt>
      <trkpt lat="40.628529" lon="-0.029365">
        <ele>876.2</ele>
        <time>2015-10-19T13:33:25Z</time>
        <sat>7</sat>
      </trkpt>
      <trkpt lat="40.628484" lon="-0.029241">
        <ele>876.3</ele>
        <time>2015-10-19T13:33:30Z</time>
        <sat>7</sat>
      </trkpt>
      <trkpt lat="40.628408" lon="-0.029163">
        <ele>878.1</ele>
        <time>2015-10-19T13:33:35Z</time>
        <sat>7</sat>
      </trkpt>
      <trkpt lat="40.628356" lon="-0.029061">
        <ele>877.8</ele>
        <time>2015-10-19T13:33:40Z</time>
        <sat>7</sat>
      </trkpt>
      <trkpt lat="40.628297" lon="-0.028968">
        <ele>878.1</ele>
        <time>2015-10-19T13:33:44Z</time>
        <sat>7</sat>
      </trkpt>
      <trkpt lat="40.628231" lon="-0.028881">
        <ele>878.7</ele>
        <time>2015-10-19T13:33:49Z</time>
        <sat>7</sat>
      </trkpt>
      <trkpt lat="40.628184" lon="-0.028738">
        <ele>878.0</ele>
        <time>2015-10-19T13:33:55Z</time>
        <sat>7</sat>
      </trkpt>
      <trkpt lat="40.628142" lon="-0.028577">
        <ele>876.3</ele>
        <time>2015-10-19T13:34:01Z</time>
        <sat>7</sat>
      </trkpt>
      <trkpt lat="40.628116" lon="-0.028456">
        <ele>874.0</ele>
        <time>2015-10-19T13:34:06Z</time>
        <sat>7</sat>
      </trkpt>
      <trkpt lat="40.628077" lon="-0.028345">
        <ele>872.7</ele>
        <time>2015-10-19T13:34:11Z</time>
        <sat>7</sat>
      </trkpt>
      <trkpt lat="40.628037" lon="-0.028221">
        <ele>871.4</ele>
        <time>2015-10-19T13:34:16Z</time>
        <sat>7</sat>
      </trkpt>
      <trkpt lat="40.627980" lon="-0.028118">
        <ele>870.7</ele>
        <time>2015-10-19T13:34:21Z</time>
        <sat>7</sat>
      </trkpt>
      <trkpt lat="40.627922" lon="-0.028026">
        <ele>870.2</ele>
        <time>2015-10-19T13:34:25Z</time>
        <sat>7</sat>
      </trkpt>
      <trkpt lat="40.627928" lon="-0.028025">
        <ele>870.0</ele>
        <time>2015-10-19T13:34:26Z</time>
        <sat>9</sat>
      </trkpt>
      <trkpt lat="40.627845" lon="-0.027976">
        <ele>871.9</ele>
        <time>2015-10-19T13:34:30Z</time>
        <sat>8</sat>
      </trkpt>
      <trkpt lat="40.627782" lon="-0.027891">
        <ele>872.7</ele>
        <time>2015-10-19T13:34:35Z</time>
        <sat>9</sat>
      </trkpt>
      <trkpt lat="40.627723" lon="-0.027800">
        <ele>871.8</ele>
        <time>2015-10-19T13:34:39Z</time>
        <sat>9</sat>
      </trkpt>
      <trkpt lat="40.627654" lon="-0.027710">
        <ele>872.5</ele>
        <time>2015-10-19T13:34:44Z</time>
        <sat>9</sat>
      </trkpt>
      <trkpt lat="40.627579" lon="-0.027635">
        <ele>873.1</ele>
        <time>2015-10-19T13:34:49Z</time>
        <sat>9</sat>
      </trkpt>
      <trkpt lat="40.627512" lon="-0.027538">
        <ele>873.1</ele>
        <time>2015-10-19T13:34:54Z</time>
        <sat>9</sat>
      </trkpt>
      <trkpt lat="40.627459" lon="-0.027433">
        <ele>871.7</ele>
        <time>2015-10-19T13:34:59Z</time>
        <sat>9</sat>
      </trkpt>
      <trkpt lat="40.627400" lon="-0.027341">
        <ele>871.4</ele>
        <time>2015-10-19T13:35:03Z</time>
        <sat>9</sat>
      </trkpt>
      <trkpt lat="40.627345" lon="-0.027245">
        <ele>870.8</ele>
        <time>2015-10-19T13:35:08Z</time>
        <sat>9</sat>
      </trkpt>
      <trkpt lat="40.627288" lon="-0.027145">
        <ele>870.3</ele>
        <time>2015-10-19T13:35:13Z</time>
        <sat>9</sat>
      </trkpt>
      <trkpt lat="40.627210" lon="-0.027050">
        <ele>871.0</ele>
        <time>2015-10-19T13:35:18Z</time>
        <sat>9</sat>
      </trkpt>
      <trkpt lat="40.627138" lon="-0.026954">
        <ele>871.0</ele>
        <time>2015-10-19T13:35:23Z</time>
        <sat>11</sat>
      </trkpt>
      <trkpt lat="40.627082" lon="-0.026851">
        <ele>871.7</ele>
        <time>2015-10-19T13:35:28Z</time>
        <sat>11</sat>
      </trkpt>
      <trkpt lat="40.627007" lon="-0.026756">
        <ele>874.6</ele>
        <time>2015-10-19T13:35:33Z</time>
        <sat>11</sat>
      </trkpt>
      <trkpt lat="40.626942" lon="-0.026665">
        <ele>877.5</ele>
        <time>2015-10-19T13:35:38Z</time>
        <sat>11</sat>
      </trkpt>
      <trkpt lat="40.626863" lon="-0.026595">
        <ele>879.2</ele>
        <time>2015-10-19T13:35:43Z</time>
        <sat>11</sat>
      </trkpt>
      <trkpt lat="40.626782" lon="-0.026523">
        <ele>879.2</ele>
        <time>2015-10-19T13:35:47Z</time>
        <sat>10</sat>
      </trkpt>
      <trkpt lat="40.626694" lon="-0.026463">
        <ele>878.7</ele>
        <time>2015-10-19T13:35:52Z</time>
        <sat>11</sat>
      </trkpt>
      <trkpt lat="40.626617" lon="-0.026378">
        <ele>878.8</ele>
        <time>2015-10-19T13:35:57Z</time>
        <sat>11</sat>
      </trkpt>
      <trkpt lat="40.626560" lon="-0.026284">
        <ele>878.9</ele>
        <time>2015-10-19T13:36:02Z</time>
        <sat>11</sat>
      </trkpt>
      <trkpt lat="40.626520" lon="-0.026164">
        <ele>880.5</ele>
        <time>2015-10-19T13:36:07Z</time>
        <sat>11</sat>
      </trkpt>
      <trkpt lat="40.626483" lon="-0.026054">
        <ele>883.8</ele>
        <time>2015-10-19T13:36:11Z</time>
        <sat>11</sat>
      </trkpt>
      <trkpt lat="40.626432" lon="-0.025943">
        <ele>884.7</ele>
        <time>2015-10-19T13:36:16Z</time>
        <sat>10</sat>
      </trkpt>
      <trkpt lat="40.626355" lon="-0.025851">
        <ele>885.5</ele>
        <time>2015-10-19T13:36:22Z</time>
        <sat>11</sat>
      </trkpt>
      <trkpt lat="40.626281" lon="-0.025783">
        <ele>885.5</ele>
        <time>2015-10-19T13:36:26Z</time>
        <sat>10</sat>
      </trkpt>
      <trkpt lat="40.626204" lon="-0.025716">
        <ele>885.2</ele>
        <time>2015-10-19T13:36:31Z</time>
        <sat>11</sat>
      </trkpt>
      <trkpt lat="40.626127" lon="-0.025625">
        <ele>884.7</ele>
        <time>2015-10-19T13:36:36Z</time>
        <sat>11</sat>
      </trkpt>
      <trkpt lat="40.626062" lon="-0.025496">
        <ele>883.5</ele>
        <time>2015-10-19T13:36:42Z</time>
        <sat>11</sat>
      </trkpt>
      <trkpt lat="40.625980" lon="-0.025403">
        <ele>882.0</ele>
        <time>2015-10-19T13:36:47Z</time>
        <sat>11</sat>
      </trkpt>
      <trkpt lat="40.625927" lon="-0.025303">
        <ele>880.3</ele>
        <time>2015-10-19T13:36:52Z</time>
        <sat>11</sat>
      </trkpt>
      <trkpt lat="40.625847" lon="-0.025169">
        <ele>880.5</ele>
        <time>2015-10-19T13:36:58Z</time>
        <sat>11</sat>
      </trkpt>
      <trkpt lat="40.625765" lon="-0.025086">
        <ele>879.8</ele>
        <time>2015-10-19T13:37:03Z</time>
        <sat>11</sat>
      </trkpt>
      <trkpt lat="40.625738" lon="-0.024951">
        <ele>877.3</ele>
        <time>2015-10-19T13:37:09Z</time>
        <sat>11</sat>
      </trkpt>
      <trkpt lat="40.625664" lon="-0.024855">
        <ele>880.6</ele>
        <time>2015-10-19T13:37:14Z</time>
        <sat>11</sat>
      </trkpt>
      <trkpt lat="40.625660" lon="-0.024730">
        <ele>878.4</ele>
        <time>2015-10-19T13:37:19Z</time>
        <sat>11</sat>
      </trkpt>
      <trkpt lat="40.625639" lon="-0.024589">
        <ele>879.0</ele>
        <time>2015-10-19T13:37:24Z</time>
        <sat>11</sat>
      </trkpt>
      <trkpt lat="40.625613" lon="-0.024466">
        <ele>879.1</ele>
        <time>2015-10-19T13:37:29Z</time>
        <sat>11</sat>
      </trkpt>
      <trkpt lat="40.625615" lon="-0.024464">
        <ele>879.1</ele>
        <time>2015-10-19T13:37:29Z</time>
        <sat>11</sat>
      </trkpt>
      <trkpt lat="40.625645" lon="-0.024408">
        <ele>877.6</ele>
        <time>2015-10-19T13:37:32Z</time>
      </trkpt>
      <trkpt lat="40.625657" lon="-0.024144">
        <ele>876.8</ele>
        <time>2015-10-19T13:37:42Z</time>
      </trkpt>
      <trkpt lat="40.625672" lon="-0.023943">
        <ele>876.0</ele>
        <time>2015-10-19T13:37:49Z</time>
      </trkpt>
      <trkpt lat="40.625687" lon="-0.023721">
        <ele>874.1</ele>
        <time>2015-10-19T13:37:58Z</time>
      </trkpt>
      <trkpt lat="40.625684" lon="-0.023508">
        <ele>871.4</ele>
        <time>2015-10-19T13:38:06Z</time>
      </trkpt>
      <trkpt lat="40.625643" lon="-0.023301">
        <ele>869.5</ele>
        <time>2015-10-19T13:38:14Z</time>
      </trkpt>
      <trkpt lat="40.625554" lon="-0.023117">
        <ele>868.3</ele>
        <time>2015-10-19T13:38:22Z</time>
      </trkpt>
      <trkpt lat="40.625356" lon="-0.022884">
        <ele>866.7</ele>
        <time>2015-10-19T13:38:36Z</time>
      </trkpt>
      <trkpt lat="40.625259" lon="-0.022755">
        <ele>865.3</ele>
        <time>2015-10-19T13:38:43Z</time>
      </trkpt>
      <trkpt lat="40.625173" lon="-0.022619">
        <ele>864.4</ele>
        <time>2015-10-19T13:38:49Z</time>
      </trkpt>
      <trkpt lat="40.625056" lon="-0.022319">
        <ele>860.5</ele>
        <time>2015-10-19T13:39:02Z</time>
      </trkpt>
      <trkpt lat="40.624950" lon="-0.022042">
        <ele>857.2</ele>
        <time>2015-10-19T13:39:14Z</time>
      </trkpt>
      <trkpt lat="40.624845" lon="-0.021800">
        <ele>855.3</ele>
        <time>2015-10-19T13:39:25Z</time>
      </trkpt>
      <trkpt lat="40.624809" lon="-0.021515">
        <ele>852.9</ele>
        <time>2015-10-19T13:39:35Z</time>
      </trkpt>
      <trkpt lat="40.624743" lon="-0.021309">
        <ele>852.6</ele>
        <time>2015-10-19T13:39:44Z</time>
      </trkpt>
      <trkpt lat="40.624672" lon="-0.021078">
        <ele>849.8</ele>
        <time>2015-10-19T13:39:53Z</time>
      </trkpt>
      <trkpt lat="40.624574" lon="-0.020860">
        <ele>845.3</ele>
        <time>2015-10-19T13:40:03Z</time>
      </trkpt>
      <trkpt lat="40.624462" lon="-0.020630">
        <ele>842.1</ele>
        <time>2015-10-19T13:40:13Z</time>
      </trkpt>
      <trkpt lat="40.624352" lon="-0.020422">
        <ele>841.2</ele>
        <time>2015-10-19T13:40:23Z</time>
      </trkpt>
      <trkpt lat="40.624193" lon="-0.020229">
        <ele>843.1</ele>
        <time>2015-10-19T13:40:34Z</time>
      </trkpt>
      <trkpt lat="40.624188" lon="-0.020219">
        <ele>842.9</ele>
        <time>2015-10-19T13:40:34Z</time>
      </trkpt>
      <trkpt lat="40.624188" lon="-0.020219">
        <ele>842.9</ele>
        <time>2015-10-19T13:40:34Z</time>
        <sat>11</sat>
      </trkpt>
      <trkpt lat="40.624087" lon="-0.020117">
        <ele>845.2</ele>
        <time>2015-10-19T13:40:41Z</time>
      </trkpt>
      <trkpt lat="40.624087" lon="-0.020117">
        <ele>845.2</ele>
        <time>2015-10-19T13:40:41Z</time>
      </trkpt>
      <trkpt lat="40.624086" lon="-0.020117">
        <ele>845.2</ele>
        <time>2015-10-19T13:40:41Z</time>
      </trkpt>
      <trkpt lat="40.623771" lon="-0.020241">
        <ele>854.7</ele>
        <time>2015-10-19T13:40:57Z</time>
      </trkpt>
      <trkpt lat="40.623405" lon="-0.020307">
        <ele>856.3</ele>
        <time>2015-10-19T13:41:16Z</time>
      </trkpt>
      <trkpt lat="40.623140" lon="-0.020286">
        <ele>858.7</ele>
        <time>2015-10-19T13:41:29Z</time>
      </trkpt>
      <trkpt lat="40.622961" lon="-0.020011">
        <ele>861.2</ele>
        <time>2015-10-19T13:41:43Z</time>
      </trkpt>
      <trkpt lat="40.622783" lon="-0.019754">
        <ele>865.1</ele>
        <time>2015-10-19T13:41:56Z</time>
      </trkpt>
      <trkpt lat="40.622662" lon="-0.019803">
        <ele>866.0</ele>
        <time>2015-10-19T13:42:02Z</time>
      </trkpt>
      <trkpt lat="40.622681" lon="-0.019955">
        <ele>866.5</ele>
        <time>2015-10-19T13:42:08Z</time>
      </trkpt>
      <trkpt lat="40.622738" lon="-0.020067">
        <ele>866.7</ele>
        <time>2015-10-19T13:42:13Z</time>
      </trkpt>
      <trkpt lat="40.622788" lon="-0.020156">
        <ele>866.5</ele>
        <time>2015-10-19T13:42:17Z</time>
      </trkpt>
      <trkpt lat="40.622799" lon="-0.020258">
        <ele>867.6</ele>
        <time>2015-10-19T13:42:21Z</time>
      </trkpt>
      <trkpt lat="40.623202" lon="-0.020850">
        <ele>865.9</ele>
        <time>2015-10-19T13:42:52Z</time>
      </trkpt>
      <trkpt lat="40.623225" lon="-0.020844">
        <ele>866.0</ele>
        <time>2015-10-19T13:42:53Z</time>
      </trkpt>
      <trkpt lat="40.623304" lon="-0.020932">
        <ele>867.2</ele>
        <time>2015-10-19T13:42:58Z</time>
      </trkpt>
      <trkpt lat="40.623187" lon="-0.020961">
        <ele>869.0</ele>
        <time>2015-10-19T13:43:04Z</time>
      </trkpt>
      <trkpt lat="40.622708" lon="-0.020717">
        <ele>880.6</ele>
        <time>2015-10-19T13:43:30Z</time>
      </trkpt>
      <trkpt lat="40.622566" lon="-0.020518">
        <ele>878.6</ele>
        <time>2015-10-19T13:43:40Z</time>
      </trkpt>
      <trkpt lat="40.622518" lon="-0.020700">
        <ele>887.2</ele>
        <time>2015-10-19T13:43:47Z</time>
      </trkpt>
      <trkpt lat="40.622596" lon="-0.021005">
        <ele>889.9</ele>
        <time>2015-10-19T13:43:59Z</time>
      </trkpt>
      <trkpt lat="40.622739" lon="-0.021286">
        <ele>886.3</ele>
        <time>2015-10-19T13:44:12Z</time>
      </trkpt>
      <trkpt lat="40.623123" lon="-0.021722">
        <ele>885.3</ele>
        <time>2015-10-19T13:44:38Z</time>
      </trkpt>
      <trkpt lat="40.623755" lon="-0.021833">
        <ele>882.9</ele>
        <time>2015-10-19T13:45:10Z</time>
      </trkpt>
      <trkpt lat="40.624079" lon="-0.022162">
        <ele>881.0</ele>
        <time>2015-10-19T13:45:30Z</time>
      </trkpt>
      <trkpt lat="40.624472" lon="-0.022950">
        <ele>884.8</ele>
        <time>2015-10-19T13:46:06Z</time>
      </trkpt>
      <trkpt lat="40.624781" lon="-0.023293">
        <ele>885.1</ele>
        <time>2015-10-19T13:46:26Z</time>
      </trkpt>
      <trkpt lat="40.625050" lon="-0.023421">
        <ele>883.0</ele>
        <time>2015-10-19T13:46:40Z</time>
        <sat>11</sat>
      </trkpt>
      <trkpt lat="40.625263" lon="-0.023665">
        <ele>883.9</ele>
        <time>2015-10-19T13:46:55Z</time>
      </trkpt>
      <trkpt lat="40.625280" lon="-0.023789">
        <ele>886.2</ele>
        <time>2015-10-19T13:46:59Z</time>
        <sat>11</sat>
      </trkpt>
      <trkpt lat="40.625275" lon="-0.023798">
        <ele>886.5</ele>
        <time>2015-10-19T13:47:00Z</time>
        <sat>8</sat>
      </trkpt>
      <trkpt lat="40.625265" lon="-0.023917">
        <ele>888.1</ele>
        <time>2015-10-19T13:47:04Z</time>
        <sat>8</sat>
      </trkpt>
      <trkpt lat="40.625246" lon="-0.024056">
        <ele>889.5</ele>
        <time>2015-10-19T13:47:10Z</time>
        <sat>8</sat>
      </trkpt>
      <trkpt lat="40.625214" lon="-0.024178">
        <ele>890.7</ele>
        <time>2015-10-19T13:47:15Z</time>
        <sat>8</sat>
      </trkpt>
      <trkpt lat="40.625192" lon="-0.024309">
        <ele>891.8</ele>
        <time>2015-10-19T13:47:20Z</time>
        <sat>7</sat>
      </trkpt>
      <trkpt lat="40.625187" lon="-0.024445">
        <ele>891.7</ele>
        <time>2015-10-19T13:47:25Z</time>
        <sat>7</sat>
      </trkpt>
      <trkpt lat="40.625170" lon="-0.024579">
        <ele>892.1</ele>
        <time>2015-10-19T13:47:30Z</time>
        <sat>7</sat>
      </trkpt>
      <trkpt lat="40.625147" lon="-0.024713">
        <ele>892.9</ele>
        <time>2015-10-19T13:47:35Z</time>
        <sat>6</sat>
      </trkpt>
      <trkpt lat="40.625124" lon="-0.024833">
        <ele>894.4</ele>
        <time>2015-10-19T13:47:40Z</time>
        <sat>6</sat>
      </trkpt>
      <trkpt lat="40.625084" lon="-0.024949">
        <ele>895.8</ele>
        <time>2015-10-19T13:47:45Z</time>
        <sat>6</sat>
      </trkpt>
      <trkpt lat="40.625052" lon="-0.025076">
        <ele>897.0</ele>
        <time>2015-10-19T13:47:50Z</time>
        <sat>6</sat>
      </trkpt>
      <trkpt lat="40.625040" lon="-0.025210">
        <ele>896.5</ele>
        <time>2015-10-19T13:47:55Z</time>
        <sat>6</sat>
      </trkpt>
      <trkpt lat="40.625065" lon="-0.025335">
        <ele>896.4</ele>
        <time>2015-10-19T13:48:00Z</time>
        <sat>6</sat>
      </trkpt>
      <trkpt lat="40.625099" lon="-0.025450">
        <ele>896.6</ele>
        <time>2015-10-19T13:48:04Z</time>
        <sat>5</sat>
      </trkpt>
      <trkpt lat="40.625157" lon="-0.025560">
        <ele>897.9</ele>
        <time>2015-10-19T13:48:10Z</time>
        <sat>5</sat>
      </trkpt>
      <trkpt lat="40.625234" lon="-0.025658">
        <ele>897.3</ele>
        <time>2015-10-19T13:48:15Z</time>
        <sat>5</sat>
      </trkpt>
      <trkpt lat="40.625304" lon="-0.025756">
        <ele>897.5</ele>
        <time>2015-10-19T13:48:20Z</time>
        <sat>5</sat>
      </trkpt>
      <trkpt lat="40.625367" lon="-0.025864">
        <ele>899.5</ele>
        <time>2015-10-19T13:48:25Z</time>
        <sat>5</sat>
      </trkpt>
      <trkpt lat="40.625427" lon="-0.025953">
        <ele>900.5</ele>
        <time>2015-10-19T13:48:30Z</time>
        <sat>5</sat>
      </trkpt>
      <trkpt lat="40.625486" lon="-0.026046">
        <ele>900.5</ele>
        <time>2015-10-19T13:48:34Z</time>
        <sat>5</sat>
      </trkpt>
      <trkpt lat="40.625547" lon="-0.026132">
        <ele>902.6</ele>
        <time>2015-10-19T13:48:39Z</time>
        <sat>5</sat>
      </trkpt>
      <trkpt lat="40.625614" lon="-0.026236">
        <ele>905.1</ele>
        <time>2015-10-19T13:48:44Z</time>
        <sat>5</sat>
      </trkpt>
      <trkpt lat="40.625689" lon="-0.026318">
        <ele>903.6</ele>
        <time>2015-10-19T13:48:49Z</time>
        <sat>5</sat>
      </trkpt>
      <trkpt lat="40.625759" lon="-0.026399">
        <ele>903.7</ele>
        <time>2015-10-19T13:48:54Z</time>
        <sat>5</sat>
      </trkpt>
      <trkpt lat="40.625832" lon="-0.026486">
        <ele>904.6</ele>
        <time>2015-10-19T13:48:58Z</time>
        <sat>5</sat>
      </trkpt>
      <trkpt lat="40.625891" lon="-0.026618">
        <ele>906.8</ele>
        <time>2015-10-19T13:49:04Z</time>
        <sat>5</sat>
      </trkpt>
      <trkpt lat="40.625927" lon="-0.026731">
        <ele>909.4</ele>
        <time>2015-10-19T13:49:09Z</time>
        <sat>5</sat>
      </trkpt>
      <trkpt lat="40.625969" lon="-0.026858">
        <ele>910.8</ele>
        <time>2015-10-19T13:49:14Z</time>
        <sat>5</sat>
      </trkpt>
      <trkpt lat="40.626019" lon="-0.026968">
        <ele>910.6</ele>
        <time>2015-10-19T13:49:19Z</time>
        <sat>5</sat>
      </trkpt>
      <trkpt lat="40.626102" lon="-0.027063">
        <ele>910.6</ele>
        <time>2015-10-19T13:49:25Z</time>
        <sat>5</sat>
      </trkpt>
      <trkpt lat="40.626193" lon="-0.027121">
        <ele>908.9</ele>
        <time>2015-10-19T13:49:30Z</time>
        <sat>5</sat>
      </trkpt>
      <trkpt lat="40.626281" lon="-0.027176">
        <ele>904.9</ele>
        <time>2015-10-19T13:49:34Z</time>
        <sat>5</sat>
      </trkpt>
      <trkpt lat="40.626369" lon="-0.027255">
        <ele>904.8</ele>
        <time>2015-10-19T13:49:40Z</time>
        <sat>6</sat>
      </trkpt>
      <trkpt lat="40.626449" lon="-0.027346">
        <ele>907.0</ele>
        <time>2015-10-19T13:49:45Z</time>
        <sat>6</sat>
      </trkpt>
      <trkpt lat="40.626522" lon="-0.027418">
        <ele>908.2</ele>
        <time>2015-10-19T13:49:50Z</time>
        <sat>6</sat>
      </trkpt>
      <trkpt lat="40.626589" lon="-0.027501">
        <ele>909.9</ele>
        <time>2015-10-19T13:49:54Z</time>
        <sat>6</sat>
      </trkpt>
      <trkpt lat="40.626666" lon="-0.027604">
        <ele>911.0</ele>
        <time>2015-10-19T13:50:00Z</time>
        <sat>6</sat>
      </trkpt>
      <trkpt lat="40.626734" lon="-0.027728">
        <ele>913.2</ele>
        <time>2015-10-19T13:50:06Z</time>
        <sat>6</sat>
      </trkpt>
      <trkpt lat="40.626801" lon="-0.027839">
        <ele>914.6</ele>
        <time>2015-10-19T13:50:11Z</time>
        <sat>7</sat>
      </trkpt>
      <trkpt lat="40.626855" lon="-0.027939">
        <ele>915.8</ele>
        <time>2015-10-19T13:50:16Z</time>
        <sat>7</sat>
      </trkpt>
      <trkpt lat="40.626931" lon="-0.028038">
        <ele>915.8</ele>
        <time>2015-10-19T13:50:21Z</time>
        <sat>7</sat>
      </trkpt>
      <trkpt lat="40.627009" lon="-0.028118">
        <ele>915.0</ele>
        <time>2015-10-19T13:50:26Z</time>
        <sat>7</sat>
      </trkpt>
      <trkpt lat="40.627070" lon="-0.028208">
        <ele>916.0</ele>
        <time>2015-10-19T13:50:31Z</time>
        <sat>7</sat>
      </trkpt>
      <trkpt lat="40.627149" lon="-0.028301">
        <ele>917.5</ele>
        <time>2015-10-19T13:50:36Z</time>
        <sat>7</sat>
      </trkpt>
      <trkpt lat="40.627209" lon="-0.028393">
        <ele>918.8</ele>
        <time>2015-10-19T13:50:40Z</time>
        <sat>7</sat>
      </trkpt>
      <trkpt lat="40.627274" lon="-0.028489">
        <ele>920.5</ele>
        <time>2015-10-19T13:50:45Z</time>
        <sat>7</sat>
      </trkpt>
      <trkpt lat="40.627314" lon="-0.028616">
        <ele>922.3</ele>
        <time>2015-10-19T13:50:51Z</time>
        <sat>7</sat>
      </trkpt>
      <trkpt lat="40.627356" lon="-0.028753">
        <ele>923.7</ele>
        <time>2015-10-19T13:50:56Z</time>
        <sat>7</sat>
      </trkpt>
      <trkpt lat="40.627376" lon="-0.028883">
        <ele>924.8</ele>
        <time>2015-10-19T13:51:01Z</time>
        <sat>7</sat>
      </trkpt>
      <trkpt lat="40.627405" lon="-0.029014">
        <ele>925.2</ele>
        <time>2015-10-19T13:51:06Z</time>
        <sat>7</sat>
      </trkpt>
      <trkpt lat="40.627437" lon="-0.029138">
        <ele>925.4</ele>
        <time>2015-10-19T13:51:11Z</time>
        <sat>6</sat>
      </trkpt>
      <trkpt lat="40.627472" lon="-0.029267">
        <ele>926.1</ele>
        <time>2015-10-19T13:51:17Z</time>
        <sat>7</sat>
      </trkpt>
      <trkpt lat="40.627476" lon="-0.029416">
        <ele>927.4</ele>
        <time>2015-10-19T13:51:22Z</time>
        <sat>8</sat>
      </trkpt>
      <trkpt lat="40.627466" lon="-0.029551">
        <ele>930.4</ele>
        <time>2015-10-19T13:51:27Z</time>
        <sat>8</sat>
      </trkpt>
      <trkpt lat="40.627464" lon="-0.029683">
        <ele>930.9</ele>
        <time>2015-10-19T13:51:32Z</time>
        <sat>7</sat>
      </trkpt>
      <trkpt lat="40.627466" lon="-0.029810">
        <ele>930.2</ele>
        <time>2015-10-19T13:51:37Z</time>
        <sat>6</sat>
      </trkpt>
      <trkpt lat="40.627464" lon="-0.029950">
        <ele>929.6</ele>
        <time>2015-10-19T13:51:42Z</time>
        <sat>6</sat>
      </trkpt>
      <trkpt lat="40.627462" lon="-0.030089">
        <ele>930.0</ele>
        <time>2015-10-19T13:51:48Z</time>
        <sat>6</sat>
      </trkpt>
      <trkpt lat="40.627472" lon="-0.030238">
        <ele>929.4</ele>
        <time>2015-10-19T13:51:53Z</time>
        <sat>6</sat>
      </trkpt>
      <trkpt lat="40.627471" lon="-0.030378">
        <ele>929.9</ele>
        <time>2015-10-19T13:51:59Z</time>
        <sat>6</sat>
      </trkpt>
      <trkpt lat="40.627454" lon="-0.030541">
        <ele>930.6</ele>
        <time>2015-10-19T13:52:05Z</time>
        <sat>6</sat>
      </trkpt>
      <trkpt lat="40.627467" lon="-0.030700">
        <ele>929.1</ele>
        <time>2015-10-19T13:52:11Z</time>
        <sat>6</sat>
      </trkpt>
      <trkpt lat="40.627481" lon="-0.030851">
        <ele>929.3</ele>
        <time>2015-10-19T13:52:17Z</time>
        <sat>6</sat>
      </trkpt>
      <trkpt lat="40.627497" lon="-0.030968">
        <ele>928.8</ele>
        <time>2015-10-19T13:52:21Z</time>
        <sat>6</sat>
      </trkpt>
      <trkpt lat="40.627514" lon="-0.031099">
        <ele>928.9</ele>
        <time>2015-10-19T13:52:26Z</time>
        <sat>6</sat>
      </trkpt>
      <trkpt lat="40.627509" lon="-0.031223">
        <ele>930.4</ele>
        <time>2015-10-19T13:52:31Z</time>
        <sat>6</sat>
      </trkpt>
      <trkpt lat="40.627509" lon="-0.031353">
        <ele>931.6</ele>
        <time>2015-10-19T13:52:36Z</time>
        <sat>6</sat>
      </trkpt>
      <trkpt lat="40.627566" lon="-0.031456">
        <ele>930.1</ele>
        <time>2015-10-19T13:52:41Z</time>
        <sat>7</sat>
      </trkpt>
      <trkpt lat="40.627542" lon="-0.031599">
        <ele>932.6</ele>
        <time>2015-10-19T13:52:46Z</time>
        <sat>7</sat>
      </trkpt>
      <trkpt lat="40.627543" lon="-0.031837">
        <ele>933.8</ele>
        <time>2015-10-19T13:52:56Z</time>
        <sat>7</sat>
      </trkpt>
      <trkpt lat="40.627566" lon="-0.031972">
        <ele>935.1</ele>
        <time>2015-10-19T13:53:01Z</time>
        <sat>7</sat>
      </trkpt>
      <trkpt lat="40.627681" lon="-0.032063">
        <ele>937.1</ele>
        <time>2015-10-19T13:53:07Z</time>
        <sat>7</sat>
      </trkpt>
      <trkpt lat="40.627785" lon="-0.032084">
        <ele>939.4</ele>
        <time>2015-10-19T13:53:13Z</time>
        <sat>7</sat>
      </trkpt>
      <trkpt lat="40.627864" lon="-0.032113">
        <ele>940.8</ele>
        <time>2015-10-19T13:53:17Z</time>
        <sat>7</sat>
      </trkpt>
      <trkpt lat="40.627950" lon="-0.032186">
        <ele>942.5</ele>
        <time>2015-10-19T13:53:22Z</time>
        <sat>7</sat>
      </trkpt>
      <trkpt lat="40.628025" lon="-0.032260">
        <ele>944.4</ele>
        <time>2015-10-19T13:53:27Z</time>
        <sat>7</sat>
      </trkpt>
      <trkpt lat="40.628097" lon="-0.032399">
        <ele>946.8</ele>
        <time>2015-10-19T13:53:33Z</time>
        <sat>7</sat>
      </trkpt>
      <trkpt lat="40.628035" lon="-0.032466">
        <ele>948.7</ele>
        <time>2015-10-19T13:53:37Z</time>
        <sat>7</sat>
      </trkpt>
      <trkpt lat="40.627976" lon="-0.032443">
        <ele>949.2</ele>
        <time>2015-10-19T13:53:40Z</time>
        <sat>7</sat>
      </trkpt>
      <trkpt lat="40.627878" lon="-0.032454">
        <ele>950.7</ele>
        <time>2015-10-19T13:53:45Z</time>
        <sat>6</sat>
      </trkpt>
      <trkpt lat="40.627785" lon="-0.032464">
        <ele>952.2</ele>
        <time>2015-10-19T13:53:50Z</time>
        <sat>7</sat>
      </trkpt>
      <trkpt lat="40.627687" lon="-0.032462">
        <ele>954.6</ele>
        <time>2015-10-19T13:53:55Z</time>
        <sat>6</sat>
      </trkpt>
      <trkpt lat="40.627593" lon="-0.032453">
        <ele>956.5</ele>
        <time>2015-10-19T13:53:59Z</time>
        <sat>7</sat>
      </trkpt>
      <trkpt lat="40.627504" lon="-0.032406">
        <ele>958.6</ele>
        <time>2015-10-19T13:54:04Z</time>
        <sat>7</sat>
      </trkpt>
      <trkpt lat="40.627405" lon="-0.032378">
        <ele>960.7</ele>
        <time>2015-10-19T13:54:09Z</time>
        <sat>7</sat>
      </trkpt>
      <trkpt lat="40.627317" lon="-0.032369">
        <ele>962.0</ele>
        <time>2015-10-19T13:54:14Z</time>
        <sat>7</sat>
      </trkpt>
      <trkpt lat="40.627218" lon="-0.032354">
        <ele>964.1</ele>
        <time>2015-10-19T13:54:19Z</time>
        <sat>7</sat>
      </trkpt>
      <trkpt lat="40.627129" lon="-0.032326">
        <ele>964.4</ele>
        <time>2015-10-19T13:54:23Z</time>
        <sat>7</sat>
      </trkpt>
      <trkpt lat="40.627040" lon="-0.032304">
        <ele>965.9</ele>
        <time>2015-10-19T13:54:28Z</time>
        <sat>7</sat>
      </trkpt>
      <trkpt lat="40.626951" lon="-0.032275">
        <ele>963.8</ele>
        <time>2015-10-19T13:54:32Z</time>
        <sat>7</sat>
      </trkpt>
      <trkpt lat="40.626860" lon="-0.032338">
        <ele>964.2</ele>
        <time>2015-10-19T13:54:37Z</time>
        <sat>7</sat>
      </trkpt>
      <trkpt lat="40.626778" lon="-0.032425">
        <ele>965.0</ele>
        <time>2015-10-19T13:54:43Z</time>
        <sat>7</sat>
      </trkpt>
      <trkpt lat="40.626778" lon="-0.032425">
        <ele>965.0</ele>
        <time>2015-10-19T13:54:43Z</time>
        <sat>7</sat>
      </trkpt>
      <trkpt lat="40.626696" lon="-0.032434">
        <ele>965.5</ele>
        <time>2015-10-19T13:54:47Z</time>
        <sat>7</sat>
      </trkpt>
      <trkpt lat="40.626643" lon="-0.032441">
        <ele>965.6</ele>
        <time>2015-10-19T13:54:49Z</time>
        <sat>7</sat>
      </trkpt>
      <trkpt lat="40.626585" lon="-0.032448">
        <ele>966.0</ele>
        <time>2015-10-19T13:54:52Z</time>
        <sat>7</sat>
      </trkpt>
      <trkpt lat="40.626520" lon="-0.032451">
        <ele>966.3</ele>
        <time>2015-10-19T13:54:56Z</time>
        <sat>7</sat>
      </trkpt>
      <trkpt lat="40.626449" lon="-0.032470">
        <ele>967.1</ele>
        <time>2015-10-19T13:54:59Z</time>
        <sat>8</sat>
      </trkpt>
      <trkpt lat="40.626314" lon="-0.032463">
        <ele>967.3</ele>
        <time>2015-10-19T13:55:06Z</time>
        <sat>8</sat>
      </trkpt>
      <trkpt lat="40.626197" lon="-0.032446">
        <ele>967.3</ele>
        <time>2015-10-19T13:55:12Z</time>
        <sat>8</sat>
      </trkpt>
      <trkpt lat="40.626094" lon="-0.032419">
        <ele>967.8</ele>
        <time>2015-10-19T13:55:17Z</time>
        <sat>8</sat>
      </trkpt>
      <trkpt lat="40.625973" lon="-0.032430">
        <ele>968.5</ele>
        <time>2015-10-19T13:55:23Z</time>
        <sat>8</sat>
      </trkpt>
      <trkpt lat="40.625855" lon="-0.032387">
        <ele>968.4</ele>
        <time>2015-10-19T13:55:29Z</time>
        <sat>8</sat>
      </trkpt>
      <trkpt lat="40.625786" lon="-0.032336">
        <ele>968.8</ele>
        <time>2015-10-19T13:55:33Z</time>
        <sat>8</sat>
      </trkpt>
      <trkpt lat="40.625674" lon="-0.032316">
        <ele>969.2</ele>
        <time>2015-10-19T13:55:39Z</time>
        <sat>9</sat>
      </trkpt>
      <trkpt lat="40.625581" lon="-0.032301">
        <ele>969.7</ele>
        <time>2015-10-19T13:55:44Z</time>
        <sat>9</sat>
      </trkpt>
      <trkpt lat="40.625474" lon="-0.032280">
        <ele>969.8</ele>
        <time>2015-10-19T13:55:49Z</time>
        <sat>9</sat>
      </trkpt>
      <trkpt lat="40.625362" lon="-0.032260">
        <ele>970.3</ele>
        <time>2015-10-19T13:55:55Z</time>
        <sat>9</sat>
      </trkpt>
      <trkpt lat="40.625269" lon="-0.032232">
        <ele>970.6</ele>
        <time>2015-10-19T13:55:59Z</time>
        <sat>9</sat>
      </trkpt>
      <trkpt lat="40.625171" lon="-0.032204">
        <ele>971.3</ele>
        <time>2015-10-19T13:56:05Z</time>
        <sat>9</sat>
      </trkpt>
      <trkpt lat="40.625066" lon="-0.032251">
        <ele>972.0</ele>
        <time>2015-10-19T13:56:10Z</time>
        <sat>9</sat>
      </trkpt>
      <trkpt lat="40.624945" lon="-0.032342">
        <ele>973.5</ele>
        <time>2015-10-19T13:56:17Z</time>
        <sat>9</sat>
      </trkpt>
      <trkpt lat="40.624901" lon="-0.032438">
        <ele>973.6</ele>
        <time>2015-10-19T13:56:21Z</time>
        <sat>9</sat>
      </trkpt>
      <trkpt lat="40.624903" lon="-0.032436">
        <ele>973.6</ele>
        <time>2015-10-19T13:56:21Z</time>
        <sat>9</sat>
      </trkpt>
      <trkpt lat="40.624911" lon="-0.032492">
        <ele>973.9</ele>
        <time>2015-10-19T13:56:24Z</time>
      </trkpt>
      <trkpt lat="40.624884" lon="-0.032644">
        <ele>975.1</ele>
        <time>2015-10-19T13:56:30Z</time>
      </trkpt>
      <trkpt lat="40.624773" lon="-0.032945">
        <ele>976.5</ele>
        <time>2015-10-19T13:56:42Z</time>
      </trkpt>
      <trkpt lat="40.624658" lon="-0.032994">
        <ele>977.2</ele>
        <time>2015-10-19T13:56:48Z</time>
      </trkpt>
      <trkpt lat="40.624650" lon="-0.033114">
        <ele>979.2</ele>
        <time>2015-10-19T13:56:53Z</time>
      </trkpt>
      <trkpt lat="40.624678" lon="-0.033266">
        <ele>981.8</ele>
        <time>2015-10-19T13:56:59Z</time>
      </trkpt>
      <trkpt lat="40.624661" lon="-0.033391">
        <ele>982.0</ele>
        <time>2015-10-19T13:57:04Z</time>
      </trkpt>
      <trkpt lat="40.624619" lon="-0.033505">
        <ele>982.7</ele>
        <time>2015-10-19T13:57:08Z</time>
      </trkpt>
      <trkpt lat="40.624563" lon="-0.033656">
        <ele>983.6</ele>
        <time>2015-10-19T13:57:15Z</time>
      </trkpt>
      <trkpt lat="40.624483" lon="-0.033720">
        <ele>983.3</ele>
        <time>2015-10-19T13:57:19Z</time>
      </trkpt>
      <trkpt lat="40.624456" lon="-0.033836">
        <ele>984.3</ele>
        <time>2015-10-19T13:57:24Z</time>
      </trkpt>
      <trkpt lat="40.624397" lon="-0.033934">
        <ele>984.6</ele>
        <time>2015-10-19T13:57:29Z</time>
      </trkpt>
      <trkpt lat="40.624340" lon="-0.034034">
        <ele>985.3</ele>
        <time>2015-10-19T13:57:34Z</time>
      </trkpt>
      <trkpt lat="40.624297" lon="-0.034148">
        <ele>986.6</ele>
        <time>2015-10-19T13:57:38Z</time>
      </trkpt>
      <trkpt lat="40.624256" lon="-0.034253">
        <ele>987.9</ele>
        <time>2015-10-19T13:57:43Z</time>
      </trkpt>
      <trkpt lat="40.624146" lon="-0.034382">
        <ele>988.9</ele>
        <time>2015-10-19T13:57:50Z</time>
      </trkpt>
      <trkpt lat="40.624102" lon="-0.034489">
        <ele>990.3</ele>
        <time>2015-10-19T13:57:55Z</time>
      </trkpt>
      <trkpt lat="40.624069" lon="-0.034606">
        <ele>990.7</ele>
        <time>2015-10-19T13:58:00Z</time>
      </trkpt>
      <trkpt lat="40.624048" lon="-0.034725">
        <ele>991.6</ele>
        <time>2015-10-19T13:58:04Z</time>
      </trkpt>
      <trkpt lat="40.624022" lon="-0.034840">
        <ele>993.2</ele>
        <time>2015-10-19T13:58:09Z</time>
      </trkpt>
      <trkpt lat="40.623974" lon="-0.035089">
        <ele>996.0</ele>
        <time>2015-10-19T13:58:19Z</time>
      </trkpt>
      <trkpt lat="40.623972" lon="-0.035210">
        <ele>997.0</ele>
        <time>2015-10-19T13:58:23Z</time>
      </trkpt>
      <trkpt lat="40.623927" lon="-0.035325">
        <ele>998.2</ele>
        <time>2015-10-19T13:58:28Z</time>
      </trkpt>
      <trkpt lat="40.623894" lon="-0.035442">
        <ele>999.3</ele>
        <time>2015-10-19T13:58:33Z</time>
      </trkpt>
      <trkpt lat="40.623884" lon="-0.035562">
        <ele>1000.7</ele>
        <time>2015-10-19T13:58:37Z</time>
      </trkpt>
      <trkpt lat="40.623839" lon="-0.035672">
        <ele>1002.0</ele>
        <time>2015-10-19T13:58:42Z</time>
      </trkpt>
      <trkpt lat="40.623801" lon="-0.035916">
        <ele>1004.3</ele>
        <time>2015-10-19T13:58:52Z</time>
      </trkpt>
      <trkpt lat="40.623764" lon="-0.036033">
        <ele>1005.7</ele>
        <time>2015-10-19T13:58:56Z</time>
      </trkpt>
      <trkpt lat="40.623731" lon="-0.036275">
        <ele>1008.4</ele>
        <time>2015-10-19T13:59:06Z</time>
      </trkpt>
      <trkpt lat="40.623693" lon="-0.036383">
        <ele>1011.4</ele>
        <time>2015-10-19T13:59:10Z</time>
      </trkpt>
      <trkpt lat="40.623664" lon="-0.036500">
        <ele>1013.1</ele>
        <time>2015-10-19T13:59:15Z</time>
      </trkpt>
      <trkpt lat="40.623668" lon="-0.036627">
        <ele>1014.5</ele>
        <time>2015-10-19T13:59:20Z</time>
      </trkpt>
      <trkpt lat="40.623593" lon="-0.036840">
        <ele>1018.8</ele>
        <time>2015-10-19T13:59:29Z</time>
      </trkpt>
      <trkpt lat="40.623505" lon="-0.036799">
        <ele>1021.4</ele>
        <time>2015-10-19T13:59:33Z</time>
      </trkpt>
      <trkpt lat="40.623453" lon="-0.036701">
        <ele>1024.2</ele>
        <time>2015-10-19T13:59:38Z</time>
      </trkpt>
      <trkpt lat="40.623420" lon="-0.036579">
        <ele>1025.2</ele>
        <time>2015-10-19T13:59:43Z</time>
      </trkpt>
      <trkpt lat="40.623376" lon="-0.036461">
        <ele>1026.8</ele>
        <time>2015-10-19T13:59:48Z</time>
      </trkpt>
      <trkpt lat="40.623301" lon="-0.036230">
        <ele>1029.1</ele>
        <time>2015-10-19T13:59:57Z</time>
      </trkpt>
      <trkpt lat="40.623269" lon="-0.036104">
        <ele>1029.5</ele>
        <time>2015-10-19T14:00:02Z</time>
      </trkpt>
      <trkpt lat="40.623218" lon="-0.035997">
        <ele>1029.7</ele>
        <time>2015-10-19T14:00:07Z</time>
      </trkpt>
      <trkpt lat="40.623153" lon="-0.035897">
        <ele>1029.7</ele>
        <time>2015-10-19T14:00:12Z</time>
      </trkpt>
      <trkpt lat="40.623077" lon="-0.035826">
        <ele>1029.6</ele>
        <time>2015-10-19T14:00:17Z</time>
      </trkpt>
      <trkpt lat="40.623012" lon="-0.035740">
        <ele>1029.2</ele>
        <time>2015-10-19T14:00:22Z</time>
      </trkpt>
      <trkpt lat="40.622860" lon="-0.035589">
        <ele>1029.9</ele>
        <time>2015-10-19T14:00:31Z</time>
      </trkpt>
      <trkpt lat="40.622791" lon="-0.035491">
        <ele>1030.6</ele>
        <time>2015-10-19T14:00:36Z</time>
      </trkpt>
      <trkpt lat="40.622717" lon="-0.035414">
        <ele>1031.4</ele>
        <time>2015-10-19T14:00:41Z</time>
      </trkpt>
      <trkpt lat="40.622686" lon="-0.035527">
        <ele>1034.1</ele>
        <time>2015-10-19T14:00:45Z</time>
      </trkpt>
      <trkpt lat="40.622735" lon="-0.035642">
        <ele>1034.8</ele>
        <time>2015-10-19T14:00:50Z</time>
      </trkpt>
      <trkpt lat="40.622762" lon="-0.035764">
        <ele>1035.8</ele>
        <time>2015-10-19T14:00:55Z</time>
      </trkpt>
      <trkpt lat="40.622840" lon="-0.035985">
        <ele>1038.4</ele>
        <time>2015-10-19T14:01:04Z</time>
      </trkpt>
      <trkpt lat="40.622878" lon="-0.036094">
        <ele>1038.8</ele>
        <time>2015-10-19T14:01:09Z</time>
      </trkpt>
      <trkpt lat="40.622935" lon="-0.036188">
        <ele>1039.2</ele>
        <time>2015-10-19T14:01:14Z</time>
      </trkpt>
      <trkpt lat="40.622968" lon="-0.036317">
        <ele>1041.4</ele>
        <time>2015-10-19T14:01:19Z</time>
      </trkpt>
      <trkpt lat="40.622991" lon="-0.036552">
        <ele>1044.6</ele>
        <time>2015-10-19T14:01:28Z</time>
      </trkpt>
      <trkpt lat="40.622971" lon="-0.036676">
        <ele>1045.5</ele>
        <time>2015-10-19T14:01:33Z</time>
      </trkpt>
      <trkpt lat="40.622936" lon="-0.036795">
        <ele>1047.4</ele>
        <time>2015-10-19T14:01:37Z</time>
      </trkpt>
      <trkpt lat="40.622863" lon="-0.037024">
        <ele>1050.5</ele>
        <time>2015-10-19T14:01:47Z</time>
      </trkpt>
      <trkpt lat="40.622807" lon="-0.037126">
        <ele>1052.6</ele>
        <time>2015-10-19T14:01:52Z</time>
      </trkpt>
      <trkpt lat="40.622757" lon="-0.037227">
        <ele>1053.8</ele>
        <time>2015-10-19T14:01:56Z</time>
      </trkpt>
      <trkpt lat="40.622710" lon="-0.037342">
        <ele>1055.2</ele>
        <time>2015-10-19T14:02:01Z</time>
      </trkpt>
      <trkpt lat="40.622698" lon="-0.037471">
        <ele>1055.9</ele>
        <time>2015-10-19T14:02:06Z</time>
      </trkpt>
      <trkpt lat="40.622691" lon="-0.037595">
        <ele>1056.3</ele>
        <time>2015-10-19T14:02:11Z</time>
      </trkpt>
      <trkpt lat="40.622563" lon="-0.037772">
        <ele>1059.4</ele>
        <time>2015-10-19T14:02:20Z</time>
      </trkpt>
      <trkpt lat="40.622502" lon="-0.037872">
        <ele>1060.7</ele>
        <time>2015-10-19T14:02:25Z</time>
      </trkpt>
      <trkpt lat="40.622436" lon="-0.037955">
        <ele>1062.3</ele>
        <time>2015-10-19T14:02:30Z</time>
      </trkpt>
      <trkpt lat="40.622402" lon="-0.038074">
        <ele>1062.9</ele>
        <time>2015-10-19T14:02:34Z</time>
      </trkpt>
      <trkpt lat="40.622314" lon="-0.038141">
        <ele>1064.7</ele>
        <time>2015-10-19T14:02:39Z</time>
      </trkpt>
      <trkpt lat="40.622155" lon="-0.038376">
        <ele>1067.8</ele>
        <time>2015-10-19T14:02:51Z</time>
      </trkpt>
      <trkpt lat="40.622162" lon="-0.038379">
        <ele>1067.7</ele>
        <time>2015-10-19T14:02:52Z</time>
      </trkpt>
      <trkpt lat="40.622162" lon="-0.038381">
        <ele>1067.7</ele>
        <time>2015-10-19T14:02:52Z</time>
        <sat>8</sat>
      </trkpt>
      <trkpt lat="40.622124" lon="-0.038519">
        <ele>1068.2</ele>
        <time>2015-10-19T14:02:58Z</time>
        <sat>8</sat>
      </trkpt>
      <trkpt lat="40.622070" lon="-0.038641">
        <ele>1069.0</ele>
        <time>2015-10-19T14:03:03Z</time>
        <sat>8</sat>
      </trkpt>
      <trkpt lat="40.622031" lon="-0.038760">
        <ele>1069.4</ele>
        <time>2015-10-19T14:03:08Z</time>
        <sat>8</sat>
      </trkpt>
      <trkpt lat="40.622029" lon="-0.038883">
        <ele>1068.1</ele>
        <time>2015-10-19T14:03:12Z</time>
        <sat>8</sat>
      </trkpt>
      <trkpt lat="40.622102" lon="-0.038996">
        <ele>1068.1</ele>
        <time>2015-10-19T14:03:18Z</time>
        <sat>8</sat>
      </trkpt>
      <trkpt lat="40.622189" lon="-0.039087">
        <ele>1068.9</ele>
        <time>2015-10-19T14:03:24Z</time>
        <sat>8</sat>
      </trkpt>
      <trkpt lat="40.622279" lon="-0.039151">
        <ele>1069.0</ele>
        <time>2015-10-19T14:03:29Z</time>
        <sat>8</sat>
      </trkpt>
      <trkpt lat="40.622381" lon="-0.039176">
        <ele>1068.3</ele>
        <time>2015-10-19T14:03:34Z</time>
        <sat>8</sat>
      </trkpt>
      <trkpt lat="40.622472" lon="-0.039193">
        <ele>1068.5</ele>
        <time>2015-10-19T14:03:39Z</time>
        <sat>8</sat>
      </trkpt>
      <trkpt lat="40.622567" lon="-0.039179">
        <ele>1068.6</ele>
        <time>2015-10-19T14:03:43Z</time>
        <sat>8</sat>
      </trkpt>
      <trkpt lat="40.622669" lon="-0.039151">
        <ele>1068.3</ele>
        <time>2015-10-19T14:03:49Z</time>
        <sat>8</sat>
      </trkpt>
      <trkpt lat="40.622764" lon="-0.039127">
        <ele>1068.0</ele>
        <time>2015-10-19T14:03:53Z</time>
        <sat>8</sat>
      </trkpt>
      <trkpt lat="40.622876" lon="-0.039112">
        <ele>1068.9</ele>
        <time>2015-10-19T14:03:59Z</time>
        <sat>8</sat>
      </trkpt>
      <trkpt lat="40.622976" lon="-0.039097">
        <ele>1069.6</ele>
        <time>2015-10-19T14:04:04Z</time>
        <sat>8</sat>
      </trkpt>
      <trkpt lat="40.623074" lon="-0.039087">
        <ele>1070.4</ele>
        <time>2015-10-19T14:04:09Z</time>
        <sat>8</sat>
      </trkpt>
      <trkpt lat="40.623164" lon="-0.039066">
        <ele>1070.8</ele>
        <time>2015-10-19T14:04:14Z</time>
        <sat>8</sat>
      </trkpt>
      <trkpt lat="40.623254" lon="-0.039019">
        <ele>1072.7</ele>
        <time>2015-10-19T14:04:18Z</time>
        <sat>8</sat>
      </trkpt>
      <trkpt lat="40.623254" lon="-0.039019">
        <ele>1072.7</ele>
        <time>2015-10-19T14:04:18Z</time>
        <sat>8</sat>
      </trkpt>
      <trkpt lat="40.623354" lon="-0.038979">
        <ele>1075.8</ele>
        <time>2015-10-19T14:04:24Z</time>
        <sat>8</sat>
      </trkpt>
      <trkpt lat="40.623453" lon="-0.038971">
        <ele>1077.4</ele>
        <time>2015-10-19T14:04:29Z</time>
        <sat>8</sat>
      </trkpt>
      <trkpt lat="40.623534" lon="-0.039034">
        <ele>1079.3</ele>
        <time>2015-10-19T14:04:33Z</time>
        <sat>8</sat>
      </trkpt>
      <trkpt lat="40.623534" lon="-0.039164">
        <ele>1081.4</ele>
        <time>2015-10-19T14:04:38Z</time>
        <sat>8</sat>
      </trkpt>
      <trkpt lat="40.623491" lon="-0.039276">
        <ele>1082.9</ele>
        <time>2015-10-19T14:04:43Z</time>
        <sat>8</sat>
      </trkpt>
      <trkpt lat="40.623468" lon="-0.039394">
        <ele>1084.7</ele>
        <time>2015-10-19T14:04:48Z</time>
        <sat>8</sat>
      </trkpt>
      <trkpt lat="40.623409" lon="-0.039494">
        <ele>1085.9</ele>
        <time>2015-10-19T14:04:52Z</time>
        <sat>8</sat>
      </trkpt>
      <trkpt lat="40.623356" lon="-0.039591">
        <ele>1087.2</ele>
        <time>2015-10-19T14:04:57Z</time>
        <sat>8</sat>
      </trkpt>
      <trkpt lat="40.623274" lon="-0.039672">
        <ele>1088.4</ele>
        <time>2015-10-19T14:05:02Z</time>
        <sat>8</sat>
      </trkpt>
      <trkpt lat="40.623189" lon="-0.039739">
        <ele>1089.6</ele>
        <time>2015-10-19T14:05:07Z</time>
        <sat>8</sat>
      </trkpt>
      <trkpt lat="40.623105" lon="-0.039804">
        <ele>1090.9</ele>
        <time>2015-10-19T14:05:12Z</time>
        <sat>8</sat>
      </trkpt>
      <trkpt lat="40.623019" lon="-0.039874">
        <ele>1092.4</ele>
        <time>2015-10-19T14:05:17Z</time>
        <sat>8</sat>
      </trkpt>
      <trkpt lat="40.622932" lon="-0.039931">
        <ele>1093.3</ele>
        <time>2015-10-19T14:05:22Z</time>
        <sat>8</sat>
      </trkpt>
      <trkpt lat="40.622857" lon="-0.040011">
        <ele>1094.4</ele>
        <time>2015-10-19T14:05:27Z</time>
        <sat>8</sat>
      </trkpt>
      <trkpt lat="40.622787" lon="-0.040103">
        <ele>1095.8</ele>
        <time>2015-10-19T14:05:32Z</time>
        <sat>8</sat>
      </trkpt>
      <trkpt lat="40.622721" lon="-0.040188">
        <ele>1096.9</ele>
        <time>2015-10-19T14:05:36Z</time>
        <sat>8</sat>
      </trkpt>
      <trkpt lat="40.622649" lon="-0.040271">
        <ele>1098.5</ele>
        <time>2015-10-19T14:05:41Z</time>
        <sat>8</sat>
      </trkpt>
      <trkpt lat="40.622562" lon="-0.040328">
        <ele>1099.0</ele>
        <time>2015-10-19T14:05:46Z</time>
        <sat>8</sat>
      </trkpt>
      <trkpt lat="40.622487" lon="-0.040426">
        <ele>1100.1</ele>
        <time>2015-10-19T14:05:51Z</time>
        <sat>8</sat>
      </trkpt>
      <trkpt lat="40.622492" lon="-0.040556">
        <ele>1101.4</ele>
        <time>2015-10-19T14:05:56Z</time>
        <sat>8</sat>
      </trkpt>
      <trkpt lat="40.622535" lon="-0.040694">
        <ele>1102.0</ele>
        <time>2015-10-19T14:06:02Z</time>
        <sat>8</sat>
      </trkpt>
      <trkpt lat="40.622549" lon="-0.040834">
        <ele>1102.7</ele>
        <time>2015-10-19T14:06:07Z</time>
        <sat>8</sat>
      </trkpt>
      <trkpt lat="40.622525" lon="-0.040973">
        <ele>1103.5</ele>
        <time>2015-10-19T14:06:13Z</time>
        <sat>8</sat>
      </trkpt>
      <trkpt lat="40.622504" lon="-0.041089">
        <ele>1103.8</ele>
        <time>2015-10-19T14:06:17Z</time>
        <sat>8</sat>
      </trkpt>
      <trkpt lat="40.622497" lon="-0.041235">
        <ele>1103.7</ele>
        <time>2015-10-19T14:06:23Z</time>
        <sat>8</sat>
      </trkpt>
      <trkpt lat="40.622487" lon="-0.041406">
        <ele>1103.7</ele>
        <time>2015-10-19T14:06:29Z</time>
        <sat>8</sat>
      </trkpt>
      <trkpt lat="40.622487" lon="-0.041406">
        <ele>1103.7</ele>
        <time>2015-10-19T14:06:29Z</time>
        <sat>8</sat>
      </trkpt>
      <trkpt lat="40.622484" lon="-0.041529">
        <ele>1103.8</ele>
        <time>2015-10-19T14:06:34Z</time>
        <sat>8</sat>
      </trkpt>
      <trkpt lat="40.622479" lon="-0.041654">
        <ele>1103.5</ele>
        <time>2015-10-19T14:06:39Z</time>
        <sat>8</sat>
      </trkpt>
      <trkpt lat="40.622479" lon="-0.041780">
        <ele>1103.4</ele>
        <time>2015-10-19T14:06:43Z</time>
        <sat>8</sat>
      </trkpt>
      <trkpt lat="40.622489" lon="-0.041906">
        <ele>1103.5</ele>
        <time>2015-10-19T14:06:48Z</time>
        <sat>8</sat>
      </trkpt>
      <trkpt lat="40.622496" lon="-0.042031">
        <ele>1103.6</ele>
        <time>2015-10-19T14:06:53Z</time>
        <sat>8</sat>
      </trkpt>
      <trkpt lat="40.622509" lon="-0.042158">
        <ele>1103.8</ele>
        <time>2015-10-19T14:06:58Z</time>
        <sat>8</sat>
      </trkpt>
      <trkpt lat="40.622520" lon="-0.042288">
        <ele>1104.0</ele>
        <time>2015-10-19T14:07:03Z</time>
        <sat>8</sat>
      </trkpt>
      <trkpt lat="40.622527" lon="-0.042421">
        <ele>1104.2</ele>
        <time>2015-10-19T14:07:08Z</time>
        <sat>8</sat>
      </trkpt>
      <trkpt lat="40.622542" lon="-0.042543">
        <ele>1104.3</ele>
        <time>2015-10-19T14:07:13Z</time>
        <sat>8</sat>
      </trkpt>
      <trkpt lat="40.622554" lon="-0.042664">
        <ele>1104.5</ele>
        <time>2015-10-19T14:07:17Z</time>
        <sat>8</sat>
      </trkpt>
      <trkpt lat="40.622562" lon="-0.042786">
        <ele>1104.8</ele>
        <time>2015-10-19T14:07:22Z</time>
        <sat>8</sat>
      </trkpt>
      <trkpt lat="40.622574" lon="-0.042906">
        <ele>1105.0</ele>
        <time>2015-10-19T14:07:26Z</time>
        <sat>8</sat>
      </trkpt>
      <trkpt lat="40.622587" lon="-0.043027">
        <ele>1105.1</ele>
        <time>2015-10-19T14:07:31Z</time>
        <sat>8</sat>
      </trkpt>
      <trkpt lat="40.622601" lon="-0.043154">
        <ele>1105.1</ele>
        <time>2015-10-19T14:07:36Z</time>
        <sat>8</sat>
      </trkpt>
      <trkpt lat="40.622607" lon="-0.043284">
        <ele>1105.1</ele>
        <time>2015-10-19T14:07:41Z</time>
        <sat>8</sat>
      </trkpt>
      <trkpt lat="40.622612" lon="-0.043421">
        <ele>1105.2</ele>
        <time>2015-10-19T14:07:46Z</time>
        <sat>8</sat>
      </trkpt>
      <trkpt lat="40.622619" lon="-0.043559">
        <ele>1105.3</ele>
        <time>2015-10-19T14:07:51Z</time>
        <sat>8</sat>
      </trkpt>
      <trkpt lat="40.622625" lon="-0.043706">
        <ele>1105.3</ele>
        <time>2015-10-19T14:07:57Z</time>
        <sat>8</sat>
      </trkpt>
      <trkpt lat="40.622634" lon="-0.043854">
        <ele>1105.2</ele>
        <time>2015-10-19T14:08:03Z</time>
        <sat>8</sat>
      </trkpt>
      <trkpt lat="40.622644" lon="-0.044006">
        <ele>1105.0</ele>
        <time>2015-10-19T14:08:08Z</time>
        <sat>8</sat>
      </trkpt>
      <trkpt lat="40.622649" lon="-0.044162">
        <ele>1105.0</ele>
        <time>2015-10-19T14:08:14Z</time>
        <sat>8</sat>
      </trkpt>
      <trkpt lat="40.622664" lon="-0.044318">
        <ele>1104.9</ele>
        <time>2015-10-19T14:08:20Z</time>
        <sat>8</sat>
      </trkpt>
      <trkpt lat="40.622684" lon="-0.044471">
        <ele>1105.0</ele>
        <time>2015-10-19T14:08:26Z</time>
        <sat>8</sat>
      </trkpt>
      <trkpt lat="40.622707" lon="-0.044618">
        <ele>1105.2</ele>
        <time>2015-10-19T14:08:32Z</time>
        <sat>8</sat>
      </trkpt>
      <trkpt lat="40.622732" lon="-0.044756">
        <ele>1105.3</ele>
        <time>2015-10-19T14:08:37Z</time>
        <sat>8</sat>
      </trkpt>
      <trkpt lat="40.622754" lon="-0.044878">
        <ele>1105.7</ele>
        <time>2015-10-19T14:08:42Z</time>
        <sat>8</sat>
      </trkpt>
      <trkpt lat="40.622775" lon="-0.045022">
        <ele>1106.0</ele>
        <time>2015-10-19T14:08:48Z</time>
        <sat>8</sat>
      </trkpt>
      <trkpt lat="40.622792" lon="-0.045156">
        <ele>1106.4</ele>
        <time>2015-10-19T14:08:53Z</time>
        <sat>8</sat>
      </trkpt>
      <trkpt lat="40.622792" lon="-0.045156">
        <ele>1106.4</ele>
        <time>2015-10-19T14:08:53Z</time>
        <sat>8</sat>
      </trkpt>
      <trkpt lat="40.622721" lon="-0.045234">
        <ele>1105.7</ele>
        <time>2015-10-19T14:08:57Z</time>
        <sat>8</sat>
      </trkpt>
      <trkpt lat="40.622657" lon="-0.045362">
        <ele>1104.4</ele>
        <time>2015-10-19T14:09:03Z</time>
        <sat>8</sat>
      </trkpt>
      <trkpt lat="40.622627" lon="-0.045522">
        <ele>1104.0</ele>
        <time>2015-10-19T14:09:09Z</time>
        <sat>8</sat>
      </trkpt>
      <trkpt lat="40.622594" lon="-0.045639">
        <ele>1103.7</ele>
        <time>2015-10-19T14:09:14Z</time>
        <sat>8</sat>
      </trkpt>
      <trkpt lat="40.622581" lon="-0.045799">
        <ele>1104.2</ele>
        <time>2015-10-19T14:09:20Z</time>
        <sat>8</sat>
      </trkpt>
      <trkpt lat="40.622577" lon="-0.045949">
        <ele>1104.1</ele>
        <time>2015-10-19T14:09:26Z</time>
        <sat>8</sat>
      </trkpt>
      <trkpt lat="40.622594" lon="-0.046086">
        <ele>1104.6</ele>
        <time>2015-10-19T14:09:31Z</time>
        <sat>8</sat>
      </trkpt>
      <trkpt lat="40.622617" lon="-0.046208">
        <ele>1105.4</ele>
        <time>2015-10-19T14:09:36Z</time>
        <sat>8</sat>
      </trkpt>
      <trkpt lat="40.622609" lon="-0.046329">
        <ele>1104.8</ele>
        <time>2015-10-19T14:09:41Z</time>
        <sat>8</sat>
      </trkpt>
      <trkpt lat="40.622579" lon="-0.046479">
        <ele>1104.5</ele>
        <time>2015-10-19T14:09:47Z</time>
        <sat>8</sat>
      </trkpt>
      <trkpt lat="40.622532" lon="-0.046616">
        <ele>1104.5</ele>
        <time>2015-10-19T14:09:52Z</time>
        <sat>8</sat>
      </trkpt>
      <trkpt lat="40.622456" lon="-0.046742">
        <ele>1104.2</ele>
        <time>2015-10-19T14:09:58Z</time>
        <sat>8</sat>
      </trkpt>
      <trkpt lat="40.622444" lon="-0.046868">
        <ele>1104.4</ele>
        <time>2015-10-19T14:10:03Z</time>
        <sat>8</sat>
      </trkpt>
      <trkpt lat="40.622457" lon="-0.047013">
        <ele>1104.7</ele>
        <time>2015-10-19T14:10:09Z</time>
        <sat>8</sat>
      </trkpt>
      <trkpt lat="40.622486" lon="-0.047141">
        <ele>1103.9</ele>
        <time>2015-10-19T14:10:14Z</time>
        <sat>8</sat>
      </trkpt>
      <trkpt lat="40.622482" lon="-0.047291">
        <ele>1102.5</ele>
        <time>2015-10-19T14:10:20Z</time>
        <sat>8</sat>
      </trkpt>
      <trkpt lat="40.622425" lon="-0.047387">
        <ele>1102.0</ele>
        <time>2015-10-19T14:10:24Z</time>
        <sat>8</sat>
      </trkpt>
      <trkpt lat="40.622397" lon="-0.047519">
        <ele>1100.1</ele>
        <time>2015-10-19T14:10:29Z</time>
        <sat>8</sat>
      </trkpt>
      <trkpt lat="40.622367" lon="-0.047648">
        <ele>1097.4</ele>
        <time>2015-10-19T14:10:34Z</time>
        <sat>8</sat>
      </trkpt>
      <trkpt lat="40.622367" lon="-0.047773">
        <ele>1095.3</ele>
        <time>2015-10-19T14:10:39Z</time>
        <sat>7</sat>
      </trkpt>
      <trkpt lat="40.622402" lon="-0.047923">
        <ele>1093.7</ele>
        <time>2015-10-19T14:10:45Z</time>
        <sat>7</sat>
      </trkpt>
      <trkpt lat="40.622446" lon="-0.048029">
        <ele>1093.5</ele>
        <time>2015-10-19T14:10:50Z</time>
        <sat>7</sat>
      </trkpt>
      <trkpt lat="40.622496" lon="-0.048183">
        <ele>1092.2</ele>
        <time>2015-10-19T14:10:56Z</time>
        <sat>7</sat>
      </trkpt>
      <trkpt lat="40.622537" lon="-0.048296">
        <ele>1091.6</ele>
        <time>2015-10-19T14:11:01Z</time>
        <sat>7</sat>
      </trkpt>
      <trkpt lat="40.622593" lon="-0.048402">
        <ele>1091.2</ele>
        <time>2015-10-19T14:11:06Z</time>
        <sat>7</sat>
      </trkpt>
      <trkpt lat="40.622634" lon="-0.048517">
        <ele>1090.1</ele>
        <time>2015-10-19T14:11:11Z</time>
        <sat>7</sat>
      </trkpt>
      <trkpt lat="40.622669" lon="-0.048631">
        <ele>1088.7</ele>
        <time>2015-10-19T14:11:15Z</time>
        <sat>7</sat>
      </trkpt>
      <trkpt lat="40.622689" lon="-0.048754">
        <ele>1087.6</ele>
        <time>2015-10-19T14:11:20Z</time>
        <sat>7</sat>
      </trkpt>
      <trkpt lat="40.622727" lon="-0.048879">
        <ele>1086.7</ele>
        <time>2015-10-19T14:11:25Z</time>
        <sat>7</sat>
      </trkpt>
      <trkpt lat="40.622735" lon="-0.049064">
        <ele>1084.7</ele>
        <time>2015-10-19T14:11:32Z</time>
        <sat>7</sat>
      </trkpt>
      <trkpt lat="40.622759" lon="-0.049196">
        <ele>1083.6</ele>
        <time>2015-10-19T14:11:37Z</time>
        <sat>7</sat>
      </trkpt>
      <trkpt lat="40.622802" lon="-0.049316">
        <ele>1082.7</ele>
        <time>2015-10-19T14:11:42Z</time>
        <sat>7</sat>
      </trkpt>
      <trkpt lat="40.622877" lon="-0.049444">
        <ele>1081.3</ele>
        <time>2015-10-19T14:11:49Z</time>
        <sat>7</sat>
      </trkpt>
      <trkpt lat="40.622929" lon="-0.049546">
        <ele>1079.7</ele>
        <time>2015-10-19T14:11:53Z</time>
        <sat>7</sat>
      </trkpt>
      <trkpt lat="40.622989" lon="-0.049644">
        <ele>1078.3</ele>
        <time>2015-10-19T14:11:58Z</time>
        <sat>7</sat>
      </trkpt>
      <trkpt lat="40.623082" lon="-0.049716">
        <ele>1078.4</ele>
        <time>2015-10-19T14:12:03Z</time>
        <sat>7</sat>
      </trkpt>
      <trkpt lat="40.623167" lon="-0.049789">
        <ele>1078.8</ele>
        <time>2015-10-19T14:12:08Z</time>
        <sat>7</sat>
      </trkpt>
      <trkpt lat="40.623107" lon="-0.049903">
        <ele>1076.9</ele>
        <time>2015-10-19T14:12:14Z</time>
        <sat>7</sat>
      </trkpt>
      <trkpt lat="40.623032" lon="-0.050004">
        <ele>1075.4</ele>
        <time>2015-10-19T14:12:19Z</time>
        <sat>7</sat>
      </trkpt>
      <trkpt lat="40.622969" lon="-0.050136">
        <ele>1074.6</ele>
        <time>2015-10-19T14:12:25Z</time>
        <sat>8</sat>
      </trkpt>
      <trkpt lat="40.622922" lon="-0.050260">
        <ele>1074.9</ele>
        <time>2015-10-19T14:12:30Z</time>
        <sat>8</sat>
      </trkpt>
      <trkpt lat="40.622862" lon="-0.050387">
        <ele>1074.9</ele>
        <time>2015-10-19T14:12:36Z</time>
        <sat>7</sat>
      </trkpt>
      <trkpt lat="40.622784" lon="-0.050517">
        <ele>1074.1</ele>
        <time>2015-10-19T14:12:42Z</time>
        <sat>7</sat>
      </trkpt>
      <trkpt lat="40.622716" lon="-0.050642">
        <ele>1072.9</ele>
        <time>2015-10-19T14:12:48Z</time>
        <sat>8</sat>
      </trkpt>
      <trkpt lat="40.622669" lon="-0.050774">
        <ele>1072.7</ele>
        <time>2015-10-19T14:12:54Z</time>
        <sat>8</sat>
      </trkpt>
      <trkpt lat="40.622630" lon="-0.050905">
        <ele>1072.6</ele>
        <time>2015-10-19T14:12:59Z</time>
        <sat>8</sat>
      </trkpt>
      <trkpt lat="40.622582" lon="-0.051057">
        <ele>1072.1</ele>
        <time>2015-10-19T14:13:05Z</time>
        <sat>8</sat>
      </trkpt>
      <trkpt lat="40.622536" lon="-0.051203">
        <ele>1071.1</ele>
        <time>2015-10-19T14:13:11Z</time>
        <sat>8</sat>
      </trkpt>
      <trkpt lat="40.622572" lon="-0.051378">
        <ele>1070.9</ele>
        <time>2015-10-19T14:13:18Z</time>
        <sat>8</sat>
      </trkpt>
      <trkpt lat="40.622595" lon="-0.051519">
        <ele>1070.1</ele>
        <time>2015-10-19T14:13:24Z</time>
        <sat>8</sat>
      </trkpt>
      <trkpt lat="40.622647" lon="-0.051658">
        <ele>1069.8</ele>
        <time>2015-10-19T14:13:30Z</time>
        <sat>8</sat>
      </trkpt>
      <trkpt lat="40.622704" lon="-0.051788">
        <ele>1069.6</ele>
        <time>2015-10-19T14:13:35Z</time>
        <sat>8</sat>
      </trkpt>
      <trkpt lat="40.622769" lon="-0.051906">
        <ele>1069.7</ele>
        <time>2015-10-19T14:13:41Z</time>
        <sat>8</sat>
      </trkpt>
      <trkpt lat="40.622865" lon="-0.051978">
        <ele>1070.2</ele>
        <time>2015-10-19T14:13:46Z</time>
        <sat>8</sat>
      </trkpt>
      <trkpt lat="40.622954" lon="-0.052061">
        <ele>1068.8</ele>
        <time>2015-10-19T14:13:52Z</time>
        <sat>8</sat>
      </trkpt>
      <trkpt lat="40.623047" lon="-0.052123">
        <ele>1068.4</ele>
        <time>2015-10-19T14:13:57Z</time>
        <sat>8</sat>
      </trkpt>
      <trkpt lat="40.623136" lon="-0.052189">
        <ele>1067.0</ele>
        <time>2015-10-19T14:14:02Z</time>
        <sat>8</sat>
      </trkpt>
      <trkpt lat="40.623232" lon="-0.052260">
        <ele>1065.4</ele>
        <time>2015-10-19T14:14:08Z</time>
        <sat>8</sat>
      </trkpt>
      <trkpt lat="40.623334" lon="-0.052333">
        <ele>1064.3</ele>
        <time>2015-10-19T14:14:13Z</time>
        <sat>7</sat>
      </trkpt>
      <trkpt lat="40.623431" lon="-0.052386">
        <ele>1063.7</ele>
        <time>2015-10-19T14:14:19Z</time>
        <sat>7</sat>
      </trkpt>
      <trkpt lat="40.623496" lon="-0.052529">
        <ele>1061.3</ele>
        <time>2015-10-19T14:14:25Z</time>
        <sat>7</sat>
      </trkpt>
      <trkpt lat="40.623530" lon="-0.052674">
        <ele>1062.4</ele>
        <time>2015-10-19T14:14:31Z</time>
        <sat>7</sat>
      </trkpt>
      <trkpt lat="40.623557" lon="-0.052794">
        <ele>1063.6</ele>
        <time>2015-10-19T14:14:35Z</time>
        <sat>7</sat>
      </trkpt>
      <trkpt lat="40.623587" lon="-0.052946">
        <ele>1065.0</ele>
        <time>2015-10-19T14:14:41Z</time>
        <sat>8</sat>
      </trkpt>
      <trkpt lat="40.623624" lon="-0.053066">
        <ele>1065.7</ele>
        <time>2015-10-19T14:14:46Z</time>
        <sat>8</sat>
      </trkpt>
      <trkpt lat="40.623684" lon="-0.053211">
        <ele>1065.0</ele>
        <time>2015-10-19T14:14:53Z</time>
        <sat>8</sat>
      </trkpt>
      <trkpt lat="40.623730" lon="-0.053338">
        <ele>1064.6</ele>
        <time>2015-10-19T14:14:58Z</time>
        <sat>7</sat>
      </trkpt>
      <trkpt lat="40.623761" lon="-0.053481">
        <ele>1062.4</ele>
        <time>2015-10-19T14:15:04Z</time>
        <sat>7</sat>
      </trkpt>
      <trkpt lat="40.623742" lon="-0.053605">
        <ele>1061.1</ele>
        <time>2015-10-19T14:15:08Z</time>
        <sat>6</sat>
      </trkpt>
      <trkpt lat="40.623679" lon="-0.053753">
        <ele>1059.8</ele>
        <time>2015-10-19T14:15:15Z</time>
        <sat>8</sat>
      </trkpt>
      <trkpt lat="40.623625" lon="-0.053850">
        <ele>1060.3</ele>
        <time>2015-10-19T14:15:19Z</time>
        <sat>8</sat>
      </trkpt>
      <trkpt lat="40.623552" lon="-0.053941">
        <ele>1058.8</ele>
        <time>2015-10-19T14:15:24Z</time>
        <sat>8</sat>
      </trkpt>
      <trkpt lat="40.623461" lon="-0.054035">
        <ele>1057.5</ele>
        <time>2015-10-19T14:15:30Z</time>
        <sat>8</sat>
      </trkpt>
      <trkpt lat="40.623374" lon="-0.054131">
        <ele>1056.0</ele>
        <time>2015-10-19T14:15:36Z</time>
        <sat>8</sat>
      </trkpt>
      <trkpt lat="40.623312" lon="-0.054266">
        <ele>1054.5</ele>
        <time>2015-10-19T14:15:42Z</time>
        <sat>8</sat>
      </trkpt>
      <trkpt lat="40.623274" lon="-0.054391">
        <ele>1052.7</ele>
        <time>2015-10-19T14:15:47Z</time>
        <sat>8</sat>
      </trkpt>
      <trkpt lat="40.623300" lon="-0.054513">
        <ele>1051.2</ele>
        <time>2015-10-19T14:15:52Z</time>
        <sat>7</sat>
      </trkpt>
      <trkpt lat="40.623412" lon="-0.054561">
        <ele>1050.8</ele>
        <time>2015-10-19T14:15:58Z</time>
        <sat>7</sat>
      </trkpt>
      <trkpt lat="40.623490" lon="-0.054666">
        <ele>1047.8</ele>
        <time>2015-10-19T14:16:03Z</time>
        <sat>7</sat>
      </trkpt>
      <trkpt lat="40.623529" lon="-0.054784">
        <ele>1046.2</ele>
        <time>2015-10-19T14:16:08Z</time>
        <sat>7</sat>
      </trkpt>
      <trkpt lat="40.623532" lon="-0.054913">
        <ele>1044.7</ele>
        <time>2015-10-19T14:16:13Z</time>
        <sat>8</sat>
      </trkpt>
      <trkpt lat="40.623474" lon="-0.055070">
        <ele>1044.0</ele>
        <time>2015-10-19T14:16:20Z</time>
        <sat>8</sat>
      </trkpt>
      <trkpt lat="40.623430" lon="-0.055231">
        <ele>1045.6</ele>
        <time>2015-10-19T14:16:26Z</time>
        <sat>8</sat>
      </trkpt>
      <trkpt lat="40.623390" lon="-0.055365">
        <ele>1045.6</ele>
        <time>2015-10-19T14:16:32Z</time>
        <sat>8</sat>
      </trkpt>
      <trkpt lat="40.623325" lon="-0.055476">
        <ele>1044.5</ele>
        <time>2015-10-19T14:16:37Z</time>
        <sat>8</sat>
      </trkpt>
      <trkpt lat="40.623288" lon="-0.055631">
        <ele>1044.1</ele>
        <time>2015-10-19T14:16:43Z</time>
        <sat>8</sat>
      </trkpt>
      <trkpt lat="40.623322" lon="-0.055796">
        <ele>1043.8</ele>
        <time>2015-10-19T14:16:50Z</time>
        <sat>8</sat>
      </trkpt>
      <trkpt lat="40.623357" lon="-0.055964">
        <ele>1043.8</ele>
        <time>2015-10-19T14:16:56Z</time>
        <sat>8</sat>
      </trkpt>
      <trkpt lat="40.623400" lon="-0.056083">
        <ele>1043.0</ele>
        <time>2015-10-19T14:17:01Z</time>
        <sat>7</sat>
      </trkpt>
      <trkpt lat="40.623437" lon="-0.056209">
        <ele>1042.2</ele>
        <time>2015-10-19T14:17:06Z</time>
        <sat>7</sat>
      </trkpt>
      <trkpt lat="40.623479" lon="-0.056331">
        <ele>1041.6</ele>
        <time>2015-10-19T14:17:12Z</time>
        <sat>7</sat>
      </trkpt>
      <trkpt lat="40.623499" lon="-0.056451">
        <ele>1040.8</ele>
        <time>2015-10-19T14:17:16Z</time>
        <sat>7</sat>
      </trkpt>
      <trkpt lat="40.623532" lon="-0.056564">
        <ele>1040.1</ele>
        <time>2015-10-19T14:17:21Z</time>
        <sat>7</sat>
      </trkpt>
      <trkpt lat="40.623584" lon="-0.056683">
        <ele>1039.8</ele>
        <time>2015-10-19T14:17:26Z</time>
        <sat>7</sat>
      </trkpt>
      <trkpt lat="40.623620" lon="-0.056793">
        <ele>1040.0</ele>
        <time>2015-10-19T14:17:31Z</time>
        <sat>7</sat>
      </trkpt>
      <trkpt lat="40.623667" lon="-0.056940">
        <ele>1040.1</ele>
        <time>2015-10-19T14:17:37Z</time>
        <sat>7</sat>
      </trkpt>
      <trkpt lat="40.623722" lon="-0.057061">
        <ele>1040.4</ele>
        <time>2015-10-19T14:17:42Z</time>
        <sat>8</sat>
      </trkpt>
      <trkpt lat="40.623750" lon="-0.057214">
        <ele>1039.1</ele>
        <time>2015-10-19T14:17:48Z</time>
        <sat>8</sat>
      </trkpt>
      <trkpt lat="40.623762" lon="-0.057343">
        <ele>1038.0</ele>
        <time>2015-10-19T14:17:53Z</time>
        <sat>8</sat>
      </trkpt>
      <trkpt lat="40.623765" lon="-0.057466">
        <ele>1037.6</ele>
        <time>2015-10-19T14:17:58Z</time>
        <sat>8</sat>
      </trkpt>
      <trkpt lat="40.623769" lon="-0.057594">
        <ele>1037.8</ele>
        <time>2015-10-19T14:18:02Z</time>
        <sat>8</sat>
      </trkpt>
      <trkpt lat="40.623765" lon="-0.057733">
        <ele>1038.5</ele>
        <time>2015-10-19T14:18:08Z</time>
        <sat>8</sat>
      </trkpt>
      <trkpt lat="40.623769" lon="-0.057871">
        <ele>1039.9</ele>
        <time>2015-10-19T14:18:13Z</time>
        <sat>8</sat>
      </trkpt>
      <trkpt lat="40.623770" lon="-0.058008">
        <ele>1041.7</ele>
        <time>2015-10-19T14:18:18Z</time>
        <sat>8</sat>
      </trkpt>
      <trkpt lat="40.623712" lon="-0.058114">
        <ele>1042.7</ele>
        <time>2015-10-19T14:18:23Z</time>
        <sat>9</sat>
      </trkpt>
      <trkpt lat="40.623714" lon="-0.058238">
        <ele>1043.4</ele>
        <time>2015-10-19T14:18:28Z</time>
        <sat>9</sat>
      </trkpt>
      <trkpt lat="40.623755" lon="-0.058351">
        <ele>1044.0</ele>
        <time>2015-10-19T14:18:33Z</time>
        <sat>9</sat>
      </trkpt>
      <trkpt lat="40.623782" lon="-0.058468">
        <ele>1045.0</ele>
        <time>2015-10-19T14:18:37Z</time>
        <sat>8</sat>
      </trkpt>
      <trkpt lat="40.623811" lon="-0.058603">
        <ele>1046.1</ele>
        <time>2015-10-19T14:18:43Z</time>
        <sat>9</sat>
      </trkpt>
      <trkpt lat="40.623840" lon="-0.058719">
        <ele>1046.7</ele>
        <time>2015-10-19T14:18:47Z</time>
        <sat>9</sat>
      </trkpt>
      <trkpt lat="40.623869" lon="-0.058836">
        <ele>1047.6</ele>
        <time>2015-10-19T14:18:52Z</time>
        <sat>9</sat>
      </trkpt>
      <trkpt lat="40.623887" lon="-0.058955">
        <ele>1047.9</ele>
        <time>2015-10-19T14:18:56Z</time>
        <sat>9</sat>
      </trkpt>
      <trkpt lat="40.623899" lon="-0.059078">
        <ele>1048.6</ele>
        <time>2015-10-19T14:19:01Z</time>
        <sat>9</sat>
      </trkpt>
      <trkpt lat="40.623919" lon="-0.059213">
        <ele>1049.4</ele>
        <time>2015-10-19T14:19:06Z</time>
        <sat>9</sat>
      </trkpt>
      <trkpt lat="40.623922" lon="-0.059351">
        <ele>1049.6</ele>
        <time>2015-10-19T14:19:12Z</time>
        <sat>9</sat>
      </trkpt>
      <trkpt lat="40.623917" lon="-0.059498">
        <ele>1049.1</ele>
        <time>2015-10-19T14:19:17Z</time>
        <sat>8</sat>
      </trkpt>
      <trkpt lat="40.623922" lon="-0.059620">
        <ele>1049.6</ele>
        <time>2015-10-19T14:19:22Z</time>
        <sat>9</sat>
      </trkpt>
      <trkpt lat="40.623926" lon="-0.059771">
        <ele>1050.0</ele>
        <time>2015-10-19T14:19:28Z</time>
        <sat>9</sat>
      </trkpt>
      <trkpt lat="40.623942" lon="-0.059918">
        <ele>1050.3</ele>
        <time>2015-10-19T14:19:33Z</time>
        <sat>9</sat>
      </trkpt>
      <trkpt lat="40.623974" lon="-0.060076">
        <ele>1049.7</ele>
        <time>2015-10-19T14:19:39Z</time>
        <sat>8</sat>
      </trkpt>
      <trkpt lat="40.623980" lon="-0.060230">
        <ele>1048.7</ele>
        <time>2015-10-19T14:19:45Z</time>
        <sat>9</sat>
      </trkpt>
      <trkpt lat="40.623984" lon="-0.060371">
        <ele>1048.6</ele>
        <time>2015-10-19T14:19:51Z</time>
        <sat>9</sat>
      </trkpt>
      <trkpt lat="40.623947" lon="-0.060498">
        <ele>1047.1</ele>
        <time>2015-10-19T14:19:56Z</time>
        <sat>9</sat>
      </trkpt>
      <trkpt lat="40.623902" lon="-0.060611">
        <ele>1046.5</ele>
        <time>2015-10-19T14:20:01Z</time>
        <sat>9</sat>
      </trkpt>
      <trkpt lat="40.623839" lon="-0.060746">
        <ele>1046.4</ele>
        <time>2015-10-19T14:20:07Z</time>
        <sat>9</sat>
      </trkpt>
      <trkpt lat="40.623789" lon="-0.060900">
        <ele>1045.5</ele>
        <time>2015-10-19T14:20:13Z</time>
        <sat>9</sat>
      </trkpt>
      <trkpt lat="40.623769" lon="-0.061026">
        <ele>1044.8</ele>
        <time>2015-10-19T14:20:18Z</time>
        <sat>8</sat>
      </trkpt>
      <trkpt lat="40.623724" lon="-0.061178">
        <ele>1044.1</ele>
        <time>2015-10-19T14:20:24Z</time>
        <sat>9</sat>
      </trkpt>
      <trkpt lat="40.623679" lon="-0.061289">
        <ele>1043.2</ele>
        <time>2015-10-19T14:20:29Z</time>
        <sat>9</sat>
      </trkpt>
      <trkpt lat="40.623655" lon="-0.061421">
        <ele>1042.5</ele>
        <time>2015-10-19T14:20:34Z</time>
        <sat>9</sat>
      </trkpt>
      <trkpt lat="40.623634" lon="-0.061550">
        <ele>1041.9</ele>
        <time>2015-10-19T14:20:39Z</time>
        <sat>8</sat>
      </trkpt>
      <trkpt lat="40.623569" lon="-0.061704">
        <ele>1040.9</ele>
        <time>2015-10-19T14:20:46Z</time>
        <sat>9</sat>
      </trkpt>
      <trkpt lat="40.623534" lon="-0.061814">
        <ele>1040.0</ele>
        <time>2015-10-19T14:20:50Z</time>
        <sat>9</sat>
      </trkpt>
      <trkpt lat="40.623499" lon="-0.061934">
        <ele>1039.6</ele>
        <time>2015-10-19T14:20:55Z</time>
        <sat>9</sat>
      </trkpt>
      <trkpt lat="40.623449" lon="-0.062108">
        <ele>1038.1</ele>
        <time>2015-10-19T14:21:02Z</time>
        <sat>8</sat>
      </trkpt>
      <trkpt lat="40.623417" lon="-0.062236">
        <ele>1037.2</ele>
        <time>2015-10-19T14:21:07Z</time>
        <sat>8</sat>
      </trkpt>
      <trkpt lat="40.623405" lon="-0.062378">
        <ele>1036.9</ele>
        <time>2015-10-19T14:21:13Z</time>
        <sat>7</sat>
      </trkpt>
      <trkpt lat="40.623392" lon="-0.062518">
        <ele>1035.9</ele>
        <time>2015-10-19T14:21:18Z</time>
        <sat>8</sat>
      </trkpt>
      <trkpt lat="40.623365" lon="-0.062653">
        <ele>1035.1</ele>
        <time>2015-10-19T14:21:23Z</time>
        <sat>8</sat>
      </trkpt>
      <trkpt lat="40.623352" lon="-0.062798">
        <ele>1034.0</ele>
        <time>2015-10-19T14:21:29Z</time>
        <sat>8</sat>
      </trkpt>
      <trkpt lat="40.623327" lon="-0.062934">
        <ele>1033.4</ele>
        <time>2015-10-19T14:21:34Z</time>
        <sat>8</sat>
      </trkpt>
      <trkpt lat="40.623309" lon="-0.063054">
        <ele>1032.4</ele>
        <time>2015-10-19T14:21:39Z</time>
        <sat>9</sat>
      </trkpt>
      <trkpt lat="40.623307" lon="-0.063179">
        <ele>1032.2</ele>
        <time>2015-10-19T14:21:44Z</time>
        <sat>8</sat>
      </trkpt>
      <trkpt lat="40.623284" lon="-0.063294">
        <ele>1031.4</ele>
        <time>2015-10-19T14:21:48Z</time>
        <sat>7</sat>
      </trkpt>
      <trkpt lat="40.623257" lon="-0.063440">
        <ele>1030.5</ele>
        <time>2015-10-19T14:21:54Z</time>
        <sat>8</sat>
      </trkpt>
      <trkpt lat="40.623227" lon="-0.063571">
        <ele>1029.5</ele>
        <time>2015-10-19T14:21:59Z</time>
        <sat>7</sat>
      </trkpt>
      <trkpt lat="40.623182" lon="-0.063723">
        <ele>1028.1</ele>
        <time>2015-10-19T14:22:05Z</time>
        <sat>9</sat>
      </trkpt>
      <trkpt lat="40.623147" lon="-0.063841">
        <ele>1026.2</ele>
        <time>2015-10-19T14:22:10Z</time>
        <sat>9</sat>
      </trkpt>
      <trkpt lat="40.623092" lon="-0.063958">
        <ele>1024.4</ele>
        <time>2015-10-19T14:22:15Z</time>
        <sat>9</sat>
      </trkpt>
      <trkpt lat="40.623029" lon="-0.064048">
        <ele>1022.4</ele>
        <time>2015-10-19T14:22:20Z</time>
        <sat>9</sat>
      </trkpt>
      <trkpt lat="40.622916" lon="-0.064106">
        <ele>1021.0</ele>
        <time>2015-10-19T14:22:26Z</time>
        <sat>8</sat>
      </trkpt>
      <trkpt lat="40.622824" lon="-0.064168">
        <ele>1021.2</ele>
        <time>2015-10-19T14:22:31Z</time>
        <sat>9</sat>
      </trkpt>
      <trkpt lat="40.622741" lon="-0.064231">
        <ele>1021.8</ele>
        <time>2015-10-19T14:22:36Z</time>
        <sat>9</sat>
      </trkpt>
      <trkpt lat="40.622662" lon="-0.064301">
        <ele>1022.0</ele>
        <time>2015-10-19T14:22:41Z</time>
        <sat>9</sat>
      </trkpt>
      <trkpt lat="40.622610" lon="-0.064408">
        <ele>1020.2</ele>
        <time>2015-10-19T14:22:46Z</time>
        <sat>10</sat>
      </trkpt>
      <trkpt lat="40.622566" lon="-0.064518">
        <ele>1018.7</ele>
        <time>2015-10-19T14:22:50Z</time>
        <sat>9</sat>
      </trkpt>
      <trkpt lat="40.622510" lon="-0.064619">
        <ele>1016.8</ele>
        <time>2015-10-19T14:22:55Z</time>
        <sat>9</sat>
      </trkpt>
      <trkpt lat="40.622451" lon="-0.064734">
        <ele>1015.9</ele>
        <time>2015-10-19T14:23:00Z</time>
        <sat>9</sat>
      </trkpt>
      <trkpt lat="40.622404" lon="-0.064861">
        <ele>1015.2</ele>
        <time>2015-10-19T14:23:06Z</time>
        <sat>9</sat>
      </trkpt>
      <trkpt lat="40.622344" lon="-0.064953">
        <ele>1015.2</ele>
        <time>2015-10-19T14:23:10Z</time>
        <sat>9</sat>
      </trkpt>
      <trkpt lat="40.622289" lon="-0.065068">
        <ele>1014.2</ele>
        <time>2015-10-19T14:23:16Z</time>
        <sat>9</sat>
      </trkpt>
      <trkpt lat="40.622270" lon="-0.065226">
        <ele>1013.1</ele>
        <time>2015-10-19T14:23:22Z</time>
        <sat>9</sat>
      </trkpt>
      <trkpt lat="40.622254" lon="-0.065365">
        <ele>1011.6</ele>
        <time>2015-10-19T14:23:27Z</time>
        <sat>9</sat>
      </trkpt>
      <trkpt lat="40.622206" lon="-0.065511">
        <ele>1009.6</ele>
        <time>2015-10-19T14:23:33Z</time>
        <sat>9</sat>
      </trkpt>
      <trkpt lat="40.622155" lon="-0.065651">
        <ele>1008.1</ele>
        <time>2015-10-19T14:23:39Z</time>
        <sat>9</sat>
      </trkpt>
      <trkpt lat="40.622127" lon="-0.065786">
        <ele>1007.1</ele>
        <time>2015-10-19T14:23:44Z</time>
        <sat>9</sat>
      </trkpt>
      <trkpt lat="40.622082" lon="-0.065891">
        <ele>1005.4</ele>
        <time>2015-10-19T14:23:49Z</time>
        <sat>9</sat>
      </trkpt>
      <trkpt lat="40.622060" lon="-0.066016">
        <ele>1004.0</ele>
        <time>2015-10-19T14:23:54Z</time>
        <sat>9</sat>
      </trkpt>
      <trkpt lat="40.622042" lon="-0.066149">
        <ele>1002.3</ele>
        <time>2015-10-19T14:23:59Z</time>
        <sat>9</sat>
      </trkpt>
      <trkpt lat="40.622007" lon="-0.066309">
        <ele>1000.1</ele>
        <time>2015-10-19T14:24:05Z</time>
        <sat>9</sat>
      </trkpt>
      <trkpt lat="40.621964" lon="-0.066502">
        <ele>997.2</ele>
        <time>2015-10-19T14:24:13Z</time>
        <sat>8</sat>
      </trkpt>
      <trkpt lat="40.621912" lon="-0.066681">
        <ele>994.6</ele>
        <time>2015-10-19T14:24:20Z</time>
        <sat>8</sat>
      </trkpt>
      <trkpt lat="40.621876" lon="-0.066821">
        <ele>992.7</ele>
        <time>2015-10-19T14:24:26Z</time>
        <sat>9</sat>
      </trkpt>
      <trkpt lat="40.621846" lon="-0.066958">
        <ele>990.5</ele>
        <time>2015-10-19T14:24:31Z</time>
        <sat>9</sat>
      </trkpt>
      <trkpt lat="40.621769" lon="-0.067061">
        <ele>988.0</ele>
        <time>2015-10-19T14:24:37Z</time>
        <sat>9</sat>
      </trkpt>
      <trkpt lat="40.621774" lon="-0.067208">
        <ele>985.6</ele>
        <time>2015-10-19T14:24:42Z</time>
        <sat>8</sat>
      </trkpt>
      <trkpt lat="40.621819" lon="-0.067331">
        <ele>983.8</ele>
        <time>2015-10-19T14:24:47Z</time>
        <sat>8</sat>
      </trkpt>
      <trkpt lat="40.621752" lon="-0.067426">
        <ele>981.5</ele>
        <time>2015-10-19T14:24:52Z</time>
        <sat>9</sat>
      </trkpt>
      <trkpt lat="40.621757" lon="-0.067559">
        <ele>980.2</ele>
        <time>2015-10-19T14:24:57Z</time>
        <sat>8</sat>
      </trkpt>
      <trkpt lat="40.621732" lon="-0.067737">
        <ele>977.0</ele>
        <time>2015-10-19T14:25:04Z</time>
        <sat>9</sat>
      </trkpt>
      <trkpt lat="40.621714" lon="-0.067884">
        <ele>974.5</ele>
        <time>2015-10-19T14:25:10Z</time>
        <sat>9</sat>
      </trkpt>
      <trkpt lat="40.621690" lon="-0.068004">
        <ele>972.8</ele>
        <time>2015-10-19T14:25:15Z</time>
        <sat>9</sat>
      </trkpt>
      <trkpt lat="40.621639" lon="-0.068106">
        <ele>971.3</ele>
        <time>2015-10-19T14:25:19Z</time>
        <sat>9</sat>
      </trkpt>
      <trkpt lat="40.621639" lon="-0.068259">
        <ele>969.3</ele>
        <time>2015-10-19T14:25:25Z</time>
        <sat>9</sat>
      </trkpt>
      <trkpt lat="40.621672" lon="-0.068373">
        <ele>967.9</ele>
        <time>2015-10-19T14:25:30Z</time>
        <sat>9</sat>
      </trkpt>
      <trkpt lat="40.621759" lon="-0.068404">
        <ele>967.2</ele>
        <time>2015-10-19T14:25:34Z</time>
        <sat>8</sat>
      </trkpt>
      <trkpt lat="40.621837" lon="-0.068464">
        <ele>965.8</ele>
        <time>2015-10-19T14:25:39Z</time>
        <sat>9</sat>
      </trkpt>
      <trkpt lat="40.621790" lon="-0.068576">
        <ele>964.8</ele>
        <time>2015-10-19T14:25:44Z</time>
        <sat>9</sat>
      </trkpt>
      <trkpt lat="40.621774" lon="-0.068734">
        <ele>962.6</ele>
        <time>2015-10-19T14:25:50Z</time>
        <sat>9</sat>
      </trkpt>
      <trkpt lat="40.621769" lon="-0.068861">
        <ele>961.0</ele>
        <time>2015-10-19T14:25:54Z</time>
        <sat>9</sat>
      </trkpt>
      <trkpt lat="40.621752" lon="-0.068984">
        <ele>959.5</ele>
        <time>2015-10-19T14:25:59Z</time>
        <sat>9</sat>
      </trkpt>
      <trkpt lat="40.621710" lon="-0.069118">
        <ele>958.5</ele>
        <time>2015-10-19T14:26:05Z</time>
        <sat>9</sat>
      </trkpt>
      <trkpt lat="40.621664" lon="-0.069255">
        <ele>957.5</ele>
        <time>2015-10-19T14:26:10Z</time>
        <sat>9</sat>
      </trkpt>
      <trkpt lat="40.621619" lon="-0.069372">
        <ele>955.8</ele>
        <time>2015-10-19T14:26:15Z</time>
        <sat>9</sat>
      </trkpt>
      <trkpt lat="40.621636" lon="-0.069506">
        <ele>954.0</ele>
        <time>2015-10-19T14:26:20Z</time>
        <sat>9</sat>
      </trkpt>
      <trkpt lat="40.621686" lon="-0.069626">
        <ele>951.2</ele>
        <time>2015-10-19T14:26:26Z</time>
        <sat>9</sat>
      </trkpt>
      <trkpt lat="40.621719" lon="-0.069773">
        <ele>949.2</ele>
        <time>2015-10-19T14:26:32Z</time>
        <sat>9</sat>
      </trkpt>
      <trkpt lat="40.621732" lon="-0.069908">
        <ele>946.7</ele>
        <time>2015-10-19T14:26:37Z</time>
        <sat>9</sat>
      </trkpt>
      <trkpt lat="40.621817" lon="-0.069983">
        <ele>944.7</ele>
        <time>2015-10-19T14:26:42Z</time>
        <sat>8</sat>
      </trkpt>
      <trkpt lat="40.621849" lon="-0.070099">
        <ele>942.9</ele>
        <time>2015-10-19T14:26:46Z</time>
        <sat>8</sat>
      </trkpt>
      <trkpt lat="40.621881" lon="-0.070268">
        <ele>940.8</ele>
        <time>2015-10-19T14:26:53Z</time>
        <sat>9</sat>
      </trkpt>
      <trkpt lat="40.621886" lon="-0.070397">
        <ele>938.9</ele>
        <time>2015-10-19T14:26:58Z</time>
        <sat>8</sat>
      </trkpt>
      <trkpt lat="40.621901" lon="-0.070539">
        <ele>937.3</ele>
        <time>2015-10-19T14:27:03Z</time>
        <sat>8</sat>
      </trkpt>
      <trkpt lat="40.621934" lon="-0.070686">
        <ele>935.8</ele>
        <time>2015-10-19T14:27:09Z</time>
        <sat>8</sat>
      </trkpt>
      <trkpt lat="40.621954" lon="-0.070827">
        <ele>934.2</ele>
        <time>2015-10-19T14:27:15Z</time>
        <sat>8</sat>
      </trkpt>
      <trkpt lat="40.621979" lon="-0.070952">
        <ele>933.6</ele>
        <time>2015-10-19T14:27:20Z</time>
        <sat>8</sat>
      </trkpt>
      <trkpt lat="40.622020" lon="-0.071069">
        <ele>932.2</ele>
        <time>2015-10-19T14:27:25Z</time>
        <sat>8</sat>
      </trkpt>
      <trkpt lat="40.622067" lon="-0.071175">
        <ele>931.0</ele>
        <time>2015-10-19T14:27:29Z</time>
        <sat>8</sat>
      </trkpt>
      <trkpt lat="40.622127" lon="-0.071267">
        <ele>928.8</ele>
        <time>2015-10-19T14:27:34Z</time>
        <sat>8</sat>
      </trkpt>
      <trkpt lat="40.622174" lon="-0.071396">
        <ele>926.0</ele>
        <time>2015-10-19T14:27:39Z</time>
        <sat>8</sat>
      </trkpt>
      <trkpt lat="40.622174" lon="-0.071516">
        <ele>924.3</ele>
        <time>2015-10-19T14:27:44Z</time>
        <sat>8</sat>
      </trkpt>
      <trkpt lat="40.622116" lon="-0.071616">
        <ele>922.5</ele>
        <time>2015-10-19T14:27:49Z</time>
        <sat>7</sat>
      </trkpt>
      <trkpt lat="40.622045" lon="-0.071708">
        <ele>921.1</ele>
        <time>2015-10-19T14:27:54Z</time>
        <sat>8</sat>
      </trkpt>
      <trkpt lat="40.621959" lon="-0.071781">
        <ele>920.1</ele>
        <time>2015-10-19T14:27:59Z</time>
        <sat>8</sat>
      </trkpt>
      <trkpt lat="40.621877" lon="-0.071857">
        <ele>919.3</ele>
        <time>2015-10-19T14:28:04Z</time>
        <sat>8</sat>
      </trkpt>
      <trkpt lat="40.621972" lon="-0.071877">
        <ele>917.7</ele>
        <time>2015-10-19T14:28:08Z</time>
        <sat>7</sat>
      </trkpt>
      <trkpt lat="40.621916" lon="-0.071972">
        <ele>915.5</ele>
        <time>2015-10-19T14:28:13Z</time>
        <sat>7</sat>
      </trkpt>
      <trkpt lat="40.621832" lon="-0.072041">
        <ele>913.0</ele>
        <time>2015-10-19T14:28:18Z</time>
        <sat>7</sat>
      </trkpt>
      <trkpt lat="40.621735" lon="-0.072074">
        <ele>910.1</ele>
        <time>2015-10-19T14:28:23Z</time>
        <sat>7</sat>
      </trkpt>
      <trkpt lat="40.621707" lon="-0.072187">
        <ele>907.2</ele>
        <time>2015-10-19T14:28:28Z</time>
        <sat>6</sat>
      </trkpt>
      <trkpt lat="40.621781" lon="-0.072271">
        <ele>906.3</ele>
        <time>2015-10-19T14:28:32Z</time>
        <sat>6</sat>
      </trkpt>
      <trkpt lat="40.621866" lon="-0.072191">
        <ele>906.5</ele>
        <time>2015-10-19T14:28:38Z</time>
        <sat>6</sat>
      </trkpt>
      <trkpt lat="40.621967" lon="-0.072168">
        <ele>904.3</ele>
        <time>2015-10-19T14:28:43Z</time>
        <sat>6</sat>
      </trkpt>
      <trkpt lat="40.621997" lon="-0.072287">
        <ele>904.1</ele>
        <time>2015-10-19T14:28:48Z</time>
        <sat>6</sat>
      </trkpt>
      <trkpt lat="40.622006" lon="-0.072417">
        <ele>906.7</ele>
        <time>2015-10-19T14:28:53Z</time>
        <sat>6</sat>
      </trkpt>
      <trkpt lat="40.621999" lon="-0.072536">
        <ele>908.0</ele>
        <time>2015-10-19T14:28:57Z</time>
        <sat>7</sat>
      </trkpt>
      <trkpt lat="40.621969" lon="-0.072653">
        <ele>909.7</ele>
        <time>2015-10-19T14:29:02Z</time>
        <sat>7</sat>
      </trkpt>
      <trkpt lat="40.622016" lon="-0.072762">
        <ele>913.0</ele>
        <time>2015-10-19T14:29:07Z</time>
        <sat>9</sat>
      </trkpt>
      <trkpt lat="40.622097" lon="-0.072819">
        <ele>913.4</ele>
        <time>2015-10-19T14:29:11Z</time>
        <sat>9</sat>
      </trkpt>
      <trkpt lat="40.622197" lon="-0.072796">
        <ele>914.1</ele>
        <time>2015-10-19T14:29:16Z</time>
        <sat>8</sat>
      </trkpt>
      <trkpt lat="40.622301" lon="-0.072751">
        <ele>915.0</ele>
        <time>2015-10-19T14:29:22Z</time>
        <sat>8</sat>
      </trkpt>
      <trkpt lat="40.622389" lon="-0.072706">
        <ele>916.0</ele>
        <time>2015-10-19T14:29:26Z</time>
        <sat>8</sat>
      </trkpt>
      <trkpt lat="40.622487" lon="-0.072726">
        <ele>917.4</ele>
        <time>2015-10-19T14:29:31Z</time>
        <sat>8</sat>
      </trkpt>
      <trkpt lat="40.622547" lon="-0.072838">
        <ele>917.7</ele>
        <time>2015-10-19T14:29:37Z</time>
        <sat>8</sat>
      </trkpt>
      <trkpt lat="40.622605" lon="-0.072957">
        <ele>918.5</ele>
        <time>2015-10-19T14:29:42Z</time>
        <sat>8</sat>
      </trkpt>
      <trkpt lat="40.622654" lon="-0.073082">
        <ele>918.6</ele>
        <time>2015-10-19T14:29:47Z</time>
        <sat>9</sat>
      </trkpt>
      <trkpt lat="40.622700" lon="-0.073199">
        <ele>918.7</ele>
        <time>2015-10-19T14:29:52Z</time>
        <sat>9</sat>
      </trkpt>
      <trkpt lat="40.622747" lon="-0.073306">
        <ele>918.7</ele>
        <time>2015-10-19T14:29:57Z</time>
        <sat>9</sat>
      </trkpt>
      <trkpt lat="40.622829" lon="-0.073416">
        <ele>919.0</ele>
        <time>2015-10-19T14:30:03Z</time>
        <sat>9</sat>
      </trkpt>
      <trkpt lat="40.622907" lon="-0.073501">
        <ele>918.7</ele>
        <time>2015-10-19T14:30:08Z</time>
        <sat>10</sat>
      </trkpt>
      <trkpt lat="40.623002" lon="-0.073579">
        <ele>918.4</ele>
        <time>2015-10-19T14:30:14Z</time>
        <sat>10</sat>
      </trkpt>
      <trkpt lat="40.623086" lon="-0.073639">
        <ele>918.3</ele>
        <time>2015-10-19T14:30:18Z</time>
        <sat>9</sat>
      </trkpt>
      <trkpt lat="40.623159" lon="-0.073710">
        <ele>918.0</ele>
        <time>2015-10-19T14:30:23Z</time>
        <sat>9</sat>
      </trkpt>
      <trkpt lat="40.623255" lon="-0.073772">
        <ele>917.7</ele>
        <time>2015-10-19T14:30:28Z</time>
        <sat>9</sat>
      </trkpt>
      <trkpt lat="40.623361" lon="-0.073831">
        <ele>917.7</ele>
        <time>2015-10-19T14:30:34Z</time>
        <sat>9</sat>
      </trkpt>
      <trkpt lat="40.623454" lon="-0.073896">
        <ele>917.6</ele>
        <time>2015-10-19T14:30:39Z</time>
        <sat>9</sat>
      </trkpt>
      <trkpt lat="40.623544" lon="-0.073939">
        <ele>917.8</ele>
        <time>2015-10-19T14:30:44Z</time>
        <sat>8</sat>
      </trkpt>
      <trkpt lat="40.623649" lon="-0.074019">
        <ele>917.7</ele>
        <time>2015-10-19T14:30:50Z</time>
        <sat>8</sat>
      </trkpt>
      <trkpt lat="40.623735" lon="-0.074112">
        <ele>917.8</ele>
        <time>2015-10-19T14:30:56Z</time>
        <sat>8</sat>
      </trkpt>
      <trkpt lat="40.623782" lon="-0.074229">
        <ele>916.2</ele>
        <time>2015-10-19T14:31:01Z</time>
        <sat>8</sat>
      </trkpt>
      <trkpt lat="40.623845" lon="-0.074348">
        <ele>916.0</ele>
        <time>2015-10-19T14:31:06Z</time>
        <sat>9</sat>
      </trkpt>
      <trkpt lat="40.623896" lon="-0.074491">
        <ele>914.5</ele>
        <time>2015-10-19T14:31:12Z</time>
        <sat>9</sat>
      </trkpt>
      <trkpt lat="40.623929" lon="-0.074629">
        <ele>913.3</ele>
        <time>2015-10-19T14:31:18Z</time>
        <sat>9</sat>
      </trkpt>
      <trkpt lat="40.623932" lon="-0.074766">
        <ele>911.9</ele>
        <time>2015-10-19T14:31:23Z</time>
        <sat>9</sat>
      </trkpt>
      <trkpt lat="40.623847" lon="-0.074894">
        <ele>910.1</ele>
        <time>2015-10-19T14:31:29Z</time>
        <sat>9</sat>
      </trkpt>
      <trkpt lat="40.623792" lon="-0.075006">
        <ele>909.2</ele>
        <time>2015-10-19T14:31:34Z</time>
        <sat>9</sat>
      </trkpt>
      <trkpt lat="40.623767" lon="-0.075161">
        <ele>907.2</ele>
        <time>2015-10-19T14:31:40Z</time>
        <sat>9</sat>
      </trkpt>
      <trkpt lat="40.623752" lon="-0.075314">
        <ele>905.5</ele>
        <time>2015-10-19T14:31:46Z</time>
        <sat>9</sat>
      </trkpt>
      <trkpt lat="40.623684" lon="-0.075461">
        <ele>902.7</ele>
        <time>2015-10-19T14:31:53Z</time>
        <sat>9</sat>
      </trkpt>
      <trkpt lat="40.623642" lon="-0.075589">
        <ele>900.4</ele>
        <time>2015-10-19T14:31:58Z</time>
        <sat>9</sat>
      </trkpt>
      <trkpt lat="40.623644" lon="-0.075721">
        <ele>899.7</ele>
        <time>2015-10-19T14:32:03Z</time>
        <sat>9</sat>
      </trkpt>
      <trkpt lat="40.623637" lon="-0.075839">
        <ele>900.2</ele>
        <time>2015-10-19T14:32:08Z</time>
        <sat>10</sat>
      </trkpt>
      <trkpt lat="40.623637" lon="-0.075839">
        <ele>900.2</ele>
        <time>2015-10-19T14:32:08Z</time>
        <sat>10</sat>
      </trkpt>
      <trkpt lat="40.623561" lon="-0.075918">
        <ele>899.1</ele>
        <time>2015-10-19T14:32:12Z</time>
        <sat>8</sat>
      </trkpt>
      <trkpt lat="40.623469" lon="-0.076006">
        <ele>897.9</ele>
        <time>2015-10-19T14:32:18Z</time>
        <sat>8</sat>
      </trkpt>
      <trkpt lat="40.623362" lon="-0.076078">
        <ele>897.7</ele>
        <time>2015-10-19T14:32:24Z</time>
        <sat>8</sat>
      </trkpt>
      <trkpt lat="40.623264" lon="-0.076159">
        <ele>897.1</ele>
        <time>2015-10-19T14:32:30Z</time>
        <sat>8</sat>
      </trkpt>
      <trkpt lat="40.623190" lon="-0.076229">
        <ele>896.5</ele>
        <time>2015-10-19T14:32:34Z</time>
        <sat>8</sat>
      </trkpt>
      <trkpt lat="40.623077" lon="-0.076296">
        <ele>896.5</ele>
        <time>2015-10-19T14:32:41Z</time>
        <sat>8</sat>
      </trkpt>
      <trkpt lat="40.623006" lon="-0.076404">
        <ele>895.5</ele>
        <time>2015-10-19T14:32:46Z</time>
        <sat>8</sat>
      </trkpt>
      <trkpt lat="40.622935" lon="-0.076536">
        <ele>893.8</ele>
        <time>2015-10-19T14:32:52Z</time>
        <sat>8</sat>
      </trkpt>
      <trkpt lat="40.622859" lon="-0.076621">
        <ele>893.2</ele>
        <time>2015-10-19T14:32:57Z</time>
        <sat>9</sat>
      </trkpt>
      <trkpt lat="40.622813" lon="-0.076618">
        <ele>893.6</ele>
        <time>2015-10-19T14:33:00Z</time>
      </trkpt>
      <trkpt lat="40.622760" lon="-0.076665">
        <ele>892.9</ele>
        <time>2015-10-19T14:33:03Z</time>
      </trkpt>
      <trkpt lat="40.622747" lon="-0.076657">
        <ele>892.9</ele>
        <time>2015-10-19T14:33:03Z</time>
      </trkpt>
      <trkpt lat="40.622872" lon="-0.076975">
        <ele>888.5</ele>
        <time>2015-10-19T14:33:17Z</time>
      </trkpt>
      <trkpt lat="40.622956" lon="-0.077137">
        <ele>890.4</ele>
        <time>2015-10-19T14:33:25Z</time>
      </trkpt>
      <trkpt lat="40.623047" lon="-0.077123">
        <ele>890.9</ele>
        <time>2015-10-19T14:33:29Z</time>
      </trkpt>
      <trkpt lat="40.623122" lon="-0.077137">
        <ele>891.7</ele>
        <time>2015-10-19T14:33:33Z</time>
      </trkpt>
      <trkpt lat="40.623363" lon="-0.077400">
        <ele>895.7</ele>
        <time>2015-10-19T14:33:49Z</time>
      </trkpt>
      <trkpt lat="40.623702" lon="-0.077475">
        <ele>899.8</ele>
        <time>2015-10-19T14:34:06Z</time>
      </trkpt>
      <trkpt lat="40.623807" lon="-0.077456">
        <ele>901.8</ele>
        <time>2015-10-19T14:34:11Z</time>
      </trkpt>
      <trkpt lat="40.623867" lon="-0.077424">
        <ele>902.7</ele>
        <time>2015-10-19T14:34:14Z</time>
      </trkpt>
      <trkpt lat="40.623932" lon="-0.077418">
        <ele>903.5</ele>
        <time>2015-10-19T14:34:18Z</time>
      </trkpt>
      <trkpt lat="40.623988" lon="-0.077455">
        <ele>904.7</ele>
        <time>2015-10-19T14:34:21Z</time>
      </trkpt>
      <trkpt lat="40.624008" lon="-0.077500">
        <ele>905.2</ele>
        <time>2015-10-19T14:34:23Z</time>
      </trkpt>
      <trkpt lat="40.624010" lon="-0.077505">
        <ele>905.3</ele>
        <time>2015-10-19T14:34:23Z</time>
      </trkpt>
      <trkpt lat="40.624010" lon="-0.077578">
        <ele>905.7</ele>
        <time>2015-10-19T14:34:26Z</time>
      </trkpt>
      <trkpt lat="40.623962" lon="-0.077705">
        <ele>905.9</ele>
        <time>2015-10-19T14:34:31Z</time>
      </trkpt>
      <trkpt lat="40.623928" lon="-0.077840">
        <ele>906.3</ele>
        <time>2015-10-19T14:34:36Z</time>
      </trkpt>
      <trkpt lat="40.623869" lon="-0.077979">
        <ele>907.1</ele>
        <time>2015-10-19T14:34:42Z</time>
      </trkpt>
      <trkpt lat="40.623797" lon="-0.078131">
        <ele>909.1</ele>
        <time>2015-10-19T14:34:49Z</time>
      </trkpt>
      <trkpt lat="40.623694" lon="-0.078334">
        <ele>911.5</ele>
        <time>2015-10-19T14:34:59Z</time>
      </trkpt>
      <trkpt lat="40.623626" lon="-0.078515">
        <ele>913.4</ele>
        <time>2015-10-19T14:35:06Z</time>
      </trkpt>
      <trkpt lat="40.623644" lon="-0.078723">
        <ele>915.0</ele>
        <time>2015-10-19T14:35:14Z</time>
      </trkpt>
      <trkpt lat="40.623716" lon="-0.078951">
        <ele>915.1</ele>
        <time>2015-10-19T14:35:24Z</time>
      </trkpt>
      <trkpt lat="40.623824" lon="-0.079223">
        <ele>915.9</ele>
        <time>2015-10-19T14:35:35Z</time>
      </trkpt>
      <trkpt lat="40.624090" lon="-0.079717">
        <ele>917.1</ele>
        <time>2015-10-19T14:35:58Z</time>
      </trkpt>
      <trkpt lat="40.624144" lon="-0.079823">
        <ele>917.1</ele>
        <time>2015-10-19T14:36:03Z</time>
      </trkpt>
      <trkpt lat="40.624196" lon="-0.079988">
        <ele>916.9</ele>
        <time>2015-10-19T14:36:10Z</time>
      </trkpt>
      <trkpt lat="40.624237" lon="-0.080381">
        <ele>916.4</ele>
        <time>2015-10-19T14:36:25Z</time>
      </trkpt>
      <trkpt lat="40.624248" lon="-0.080571">
        <ele>915.7</ele>
        <time>2015-10-19T14:36:32Z</time>
      </trkpt>
      <trkpt lat="40.624294" lon="-0.080709">
        <ele>915.9</ele>
        <time>2015-10-19T14:36:38Z</time>
      </trkpt>
      <trkpt lat="40.624384" lon="-0.080887">
        <ele>915.9</ele>
        <time>2015-10-19T14:36:46Z</time>
      </trkpt>
      <trkpt lat="40.624489" lon="-0.081129">
        <ele>915.9</ele>
        <time>2015-10-19T14:36:57Z</time>
      </trkpt>
      <trkpt lat="40.624631" lon="-0.081458">
        <ele>915.8</ele>
        <time>2015-10-19T14:37:11Z</time>
      </trkpt>
      <trkpt lat="40.624683" lon="-0.081550">
        <ele>916.1</ele>
        <time>2015-10-19T14:37:15Z</time>
      </trkpt>
      <trkpt lat="40.624734" lon="-0.081633">
        <ele>916.1</ele>
        <time>2015-10-19T14:37:19Z</time>
      </trkpt>
      <trkpt lat="40.624750" lon="-0.081667">
        <ele>916.1</ele>
        <time>2015-10-19T14:37:21Z</time>
      </trkpt>
      <trkpt lat="40.624784" lon="-0.081716">
        <ele>916.1</ele>
        <time>2015-10-19T14:37:23Z</time>
      </trkpt>
      <trkpt lat="40.624817" lon="-0.081767">
        <ele>916.1</ele>
        <time>2015-10-19T14:37:26Z</time>
      </trkpt>
      <trkpt lat="40.624868" lon="-0.081816">
        <ele>916.0</ele>
        <time>2015-10-19T14:37:29Z</time>
      </trkpt>
      <trkpt lat="40.624900" lon="-0.081850">
        <ele>916.0</ele>
        <time>2015-10-19T14:37:31Z</time>
      </trkpt>
      <trkpt lat="40.624933" lon="-0.081900">
        <ele>915.9</ele>
        <time>2015-10-19T14:37:34Z</time>
      </trkpt>
      <trkpt lat="40.624967" lon="-0.081950">
        <ele>915.9</ele>
        <time>2015-10-19T14:37:36Z</time>
      </trkpt>
      <trkpt lat="40.625000" lon="-0.082017">
        <ele>915.6</ele>
        <time>2015-10-19T14:37:39Z</time>
      </trkpt>
      <trkpt lat="40.625033" lon="-0.082066">
        <ele>915.5</ele>
        <time>2015-10-19T14:37:42Z</time>
      </trkpt>
      <trkpt lat="40.625067" lon="-0.082133">
        <ele>915.5</ele>
        <time>2015-10-19T14:37:45Z</time>
      </trkpt>
      <trkpt lat="40.625085" lon="-0.082183">
        <ele>915.3</ele>
        <time>2015-10-19T14:37:47Z</time>
      </trkpt>
      <trkpt lat="40.625117" lon="-0.082250">
        <ele>915.1</ele>
        <time>2015-10-19T14:37:50Z</time>
      </trkpt>
      <trkpt lat="40.625135" lon="-0.082317">
        <ele>914.6</ele>
        <time>2015-10-19T14:37:53Z</time>
      </trkpt>
      <trkpt lat="40.625167" lon="-0.082367">
        <ele>914.8</ele>
        <time>2015-10-19T14:37:55Z</time>
      </trkpt>
      <trkpt lat="40.625201" lon="-0.082416">
        <ele>914.8</ele>
        <time>2015-10-19T14:37:58Z</time>
      </trkpt>
      <trkpt lat="40.625235" lon="-0.082467">
        <ele>914.8</ele>
        <time>2015-10-19T14:38:00Z</time>
      </trkpt>
      <trkpt lat="40.625267" lon="-0.082516">
        <ele>914.7</ele>
        <time>2015-10-19T14:38:03Z</time>
      </trkpt>
      <trkpt lat="40.625301" lon="-0.082567">
        <ele>914.6</ele>
        <time>2015-10-19T14:38:05Z</time>
      </trkpt>
      <trkpt lat="40.625334" lon="-0.082633">
        <ele>914.6</ele>
        <time>2015-10-19T14:38:08Z</time>
      </trkpt>
      <trkpt lat="40.625350" lon="-0.082683">
        <ele>914.6</ele>
        <time>2015-10-19T14:38:10Z</time>
      </trkpt>
      <trkpt lat="40.625367" lon="-0.082750">
        <ele>914.5</ele>
        <time>2015-10-19T14:38:13Z</time>
      </trkpt>
      <trkpt lat="40.625400" lon="-0.082800">
        <ele>914.9</ele>
        <time>2015-10-19T14:38:16Z</time>
      </trkpt>
      <trkpt lat="40.625417" lon="-0.082883">
        <ele>914.3</ele>
        <time>2015-10-19T14:38:19Z</time>
      </trkpt>
      <trkpt lat="40.625434" lon="-0.082950">
        <ele>914.0</ele>
        <time>2015-10-19T14:38:21Z</time>
      </trkpt>
      <trkpt lat="40.625467" lon="-0.083017">
        <ele>914.1</ele>
        <time>2015-10-19T14:38:24Z</time>
      </trkpt>
      <trkpt lat="40.625483" lon="-0.083100">
        <ele>913.7</ele>
        <time>2015-10-19T14:38:28Z</time>
      </trkpt>
      <trkpt lat="40.625517" lon="-0.083183">
        <ele>914.0</ele>
        <time>2015-10-19T14:38:31Z</time>
      </trkpt>
      <trkpt lat="40.625534" lon="-0.083250">
        <ele>913.8</ele>
        <time>2015-10-19T14:38:34Z</time>
      </trkpt>
      <trkpt lat="40.625550" lon="-0.083333">
        <ele>913.9</ele>
        <time>2015-10-19T14:38:37Z</time>
      </trkpt>
      <trkpt lat="40.625568" lon="-0.083416">
        <ele>913.8</ele>
        <time>2015-10-19T14:38:41Z</time>
      </trkpt>
      <trkpt lat="40.625583" lon="-0.083500">
        <ele>913.2</ele>
        <time>2015-10-19T14:38:44Z</time>
      </trkpt>
      <trkpt lat="40.625602" lon="-0.083583">
        <ele>913.1</ele>
        <time>2015-10-19T14:38:47Z</time>
      </trkpt>
      <trkpt lat="40.625617" lon="-0.083667">
        <ele>913.1</ele>
        <time>2015-10-19T14:38:50Z</time>
      </trkpt>
      <trkpt lat="40.625634" lon="-0.083750">
        <ele>913.0</ele>
        <time>2015-10-19T14:38:54Z</time>
      </trkpt>
      <trkpt lat="40.625634" lon="-0.083817">
        <ele>913.0</ele>
        <time>2015-10-19T14:38:56Z</time>
      </trkpt>
      <trkpt lat="40.625651" lon="-0.083883">
        <ele>913.5</ele>
        <time>2015-10-19T14:38:59Z</time>
      </trkpt>
      <trkpt lat="40.625685" lon="-0.083983">
        <ele>916.0</ele>
        <time>2015-10-19T14:39:03Z</time>
      </trkpt>
      <trkpt lat="40.625734" lon="-0.084083">
        <ele>916.8</ele>
        <time>2015-10-19T14:39:08Z</time>
      </trkpt>
      <trkpt lat="40.625767" lon="-0.084183">
        <ele>917.0</ele>
        <time>2015-10-19T14:39:12Z</time>
      </trkpt>
      <trkpt lat="40.625817" lon="-0.084267">
        <ele>918.0</ele>
        <time>2015-10-19T14:39:16Z</time>
      </trkpt>
      <trkpt lat="40.625884" lon="-0.084367">
        <ele>919.4</ele>
        <time>2015-10-19T14:39:21Z</time>
      </trkpt>
      <trkpt lat="40.625917" lon="-0.084467">
        <ele>920.1</ele>
        <time>2015-10-19T14:39:25Z</time>
      </trkpt>
      <trkpt lat="40.625950" lon="-0.084550">
        <ele>921.0</ele>
        <time>2015-10-19T14:39:28Z</time>
      </trkpt>
      <trkpt lat="40.625984" lon="-0.084633">
        <ele>921.6</ele>
        <time>2015-10-19T14:39:32Z</time>
      </trkpt>
      <trkpt lat="40.626017" lon="-0.084733">
        <ele>922.1</ele>
        <time>2015-10-19T14:39:36Z</time>
      </trkpt>
      <trkpt lat="40.626050" lon="-0.084817">
        <ele>922.5</ele>
        <time>2015-10-19T14:39:40Z</time>
      </trkpt>
      <trkpt lat="40.626084" lon="-0.084900">
        <ele>923.0</ele>
        <time>2015-10-19T14:39:43Z</time>
      </trkpt>
      <trkpt lat="40.626118" lon="-0.085000">
        <ele>923.2</ele>
        <time>2015-10-19T14:39:48Z</time>
      </trkpt>
      <trkpt lat="40.626150" lon="-0.085100">
        <ele>924.0</ele>
        <time>2015-10-19T14:39:52Z</time>
      </trkpt>
      <trkpt lat="40.626183" lon="-0.085200">
        <ele>924.6</ele>
        <time>2015-10-19T14:39:56Z</time>
      </trkpt>
      <trkpt lat="40.626218" lon="-0.085283">
        <ele>925.4</ele>
        <time>2015-10-19T14:39:59Z</time>
      </trkpt>
      <trkpt lat="40.626218" lon="-0.085316">
        <ele>925.2</ele>
        <time>2015-10-19T14:40:01Z</time>
      </trkpt>
      <trkpt lat="40.626267" lon="-0.085467">
        <ele>925.3</ele>
        <time>2015-10-19T14:40:07Z</time>
      </trkpt>
      <trkpt lat="40.626283" lon="-0.085567">
        <ele>925.0</ele>
        <time>2015-10-19T14:40:11Z</time>
      </trkpt>
      <trkpt lat="40.626283" lon="-0.085616">
        <ele>924.7</ele>
        <time>2015-10-19T14:40:13Z</time>
      </trkpt>
      <trkpt lat="40.626301" lon="-0.085683">
        <ele>924.3</ele>
        <time>2015-10-19T14:40:15Z</time>
      </trkpt>
      <trkpt lat="40.626317" lon="-0.085765">
        <ele>923.9</ele>
        <time>2015-10-19T14:40:19Z</time>
      </trkpt>
      <trkpt lat="40.626335" lon="-0.085833">
        <ele>923.6</ele>
        <time>2015-10-19T14:40:21Z</time>
      </trkpt>
      <trkpt lat="40.626350" lon="-0.085917">
        <ele>923.5</ele>
        <time>2015-10-19T14:40:25Z</time>
      </trkpt>
      <trkpt lat="40.626367" lon="-0.086000">
        <ele>922.5</ele>
        <time>2015-10-19T14:40:28Z</time>
      </trkpt>
      <trkpt lat="40.626400" lon="-0.086083">
        <ele>922.8</ele>
        <time>2015-10-19T14:40:31Z</time>
      </trkpt>
      <trkpt lat="40.626417" lon="-0.086150">
        <ele>922.2</ele>
        <time>2015-10-19T14:40:34Z</time>
      </trkpt>
      <trkpt lat="40.626450" lon="-0.086233">
        <ele>921.8</ele>
        <time>2015-10-19T14:40:38Z</time>
      </trkpt>
      <trkpt lat="40.626483" lon="-0.086315">
        <ele>921.5</ele>
        <time>2015-10-19T14:40:41Z</time>
      </trkpt>
      <trkpt lat="40.626500" lon="-0.086400">
        <ele>921.0</ele>
        <time>2015-10-19T14:40:44Z</time>
      </trkpt>
      <trkpt lat="40.626518" lon="-0.086483">
        <ele>920.5</ele>
        <time>2015-10-19T14:40:48Z</time>
      </trkpt>
      <trkpt lat="40.626534" lon="-0.086583">
        <ele>920.8</ele>
        <time>2015-10-19T14:40:52Z</time>
      </trkpt>
      <trkpt lat="40.626550" lon="-0.086666">
        <ele>921.4</ele>
        <time>2015-10-19T14:40:55Z</time>
      </trkpt>
      <trkpt lat="40.626583" lon="-0.086750">
        <ele>921.2</ele>
        <time>2015-10-19T14:40:58Z</time>
      </trkpt>
      <trkpt lat="40.626618" lon="-0.086850">
        <ele>921.8</ele>
        <time>2015-10-19T14:41:03Z</time>
      </trkpt>
      <trkpt lat="40.626650" lon="-0.086916">
        <ele>920.9</ele>
        <time>2015-10-19T14:41:06Z</time>
      </trkpt>
      <trkpt lat="40.626700" lon="-0.086999">
        <ele>920.7</ele>
        <time>2015-10-19T14:41:10Z</time>
      </trkpt>
      <trkpt lat="40.626734" lon="-0.087067">
        <ele>919.6</ele>
        <time>2015-10-19T14:41:13Z</time>
      </trkpt>
      <trkpt lat="40.626751" lon="-0.087167">
        <ele>917.8</ele>
        <time>2015-10-19T14:41:17Z</time>
      </trkpt>
      <trkpt lat="40.626768" lon="-0.087266">
        <ele>917.4</ele>
        <time>2015-10-19T14:41:21Z</time>
      </trkpt>
      <trkpt lat="40.626768" lon="-0.087366">
        <ele>916.8</ele>
        <time>2015-10-19T14:41:24Z</time>
      </trkpt>
      <trkpt lat="40.626768" lon="-0.087466">
        <ele>916.7</ele>
        <time>2015-10-19T14:41:28Z</time>
      </trkpt>
      <trkpt lat="40.626784" lon="-0.087549">
        <ele>916.8</ele>
        <time>2015-10-19T14:41:31Z</time>
      </trkpt>
      <trkpt lat="40.626784" lon="-0.087633">
        <ele>917.0</ele>
        <time>2015-10-19T14:41:35Z</time>
      </trkpt>
      <trkpt lat="40.626817" lon="-0.087717">
        <ele>917.9</ele>
        <time>2015-10-19T14:41:38Z</time>
      </trkpt>
      <trkpt lat="40.626851" lon="-0.087782">
        <ele>917.9</ele>
        <time>2015-10-19T14:41:41Z</time>
      </trkpt>
      <trkpt lat="40.626884" lon="-0.087833">
        <ele>917.7</ele>
        <time>2015-10-19T14:41:44Z</time>
      </trkpt>
      <trkpt lat="40.626950" lon="-0.087882">
        <ele>917.8</ele>
        <time>2015-10-19T14:41:47Z</time>
      </trkpt>
      <trkpt lat="40.627001" lon="-0.087916">
        <ele>917.4</ele>
        <time>2015-10-19T14:41:50Z</time>
      </trkpt>
      <trkpt lat="40.627050" lon="-0.087950">
        <ele>917.5</ele>
        <time>2015-10-19T14:41:53Z</time>
      </trkpt>
      <trkpt lat="40.627101" lon="-0.087982">
        <ele>917.0</ele>
        <time>2015-10-19T14:41:56Z</time>
      </trkpt>
      <trkpt lat="40.627150" lon="-0.088016">
        <ele>917.6</ele>
        <time>2015-10-19T14:41:59Z</time>
      </trkpt>
      <trkpt lat="40.627200" lon="-0.088065">
        <ele>917.5</ele>
        <time>2015-10-19T14:42:02Z</time>
      </trkpt>
      <trkpt lat="40.627250" lon="-0.088100">
        <ele>916.8</ele>
        <time>2015-10-19T14:42:05Z</time>
      </trkpt>
      <trkpt lat="40.627300" lon="-0.088133">
        <ele>916.8</ele>
        <time>2015-10-19T14:42:07Z</time>
      </trkpt>
      <trkpt lat="40.627350" lon="-0.088167">
        <ele>916.3</ele>
        <time>2015-10-19T14:42:10Z</time>
      </trkpt>
      <trkpt lat="40.627401" lon="-0.088183">
        <ele>916.8</ele>
        <time>2015-10-19T14:42:13Z</time>
      </trkpt>
      <trkpt lat="40.627450" lon="-0.088215">
        <ele>916.4</ele>
        <time>2015-10-19T14:42:16Z</time>
      </trkpt>
      <trkpt lat="40.627483" lon="-0.088233">
        <ele>916.6</ele>
        <time>2015-10-19T14:42:17Z</time>
      </trkpt>
      <trkpt lat="40.627585" lon="-0.088249">
        <ele>917.6</ele>
        <time>2015-10-19T14:42:23Z</time>
      </trkpt>
      <trkpt lat="40.627634" lon="-0.088267">
        <ele>917.5</ele>
        <time>2015-10-19T14:42:25Z</time>
      </trkpt>
      <trkpt lat="40.627700" lon="-0.088300">
        <ele>918.0</ele>
        <time>2015-10-19T14:42:29Z</time>
      </trkpt>
      <trkpt lat="40.627768" lon="-0.088316">
        <ele>918.3</ele>
        <time>2015-10-19T14:42:32Z</time>
      </trkpt>
      <trkpt lat="40.627833" lon="-0.088349">
        <ele>918.7</ele>
        <time>2015-10-19T14:42:36Z</time>
      </trkpt>
      <trkpt lat="40.627900" lon="-0.088366">
        <ele>919.0</ele>
        <time>2015-10-19T14:42:39Z</time>
      </trkpt>
      <trkpt lat="40.627967" lon="-0.088417">
        <ele>919.6</ele>
        <time>2015-10-19T14:42:43Z</time>
      </trkpt>
      <trkpt lat="40.628000" lon="-0.088432">
        <ele>920.0</ele>
        <time>2015-10-19T14:42:45Z</time>
      </trkpt>
      <trkpt lat="40.628101" lon="-0.088500">
        <ele>921.1</ele>
        <time>2015-10-19T14:42:50Z</time>
      </trkpt>
      <trkpt lat="40.628150" lon="-0.088582">
        <ele>921.5</ele>
        <time>2015-10-19T14:42:54Z</time>
      </trkpt>
      <trkpt lat="40.628217" lon="-0.088650">
        <ele>922.1</ele>
        <time>2015-10-19T14:42:58Z</time>
      </trkpt>
      <trkpt lat="40.628284" lon="-0.088700">
        <ele>922.8</ele>
        <time>2015-10-19T14:43:02Z</time>
      </trkpt>
      <trkpt lat="40.628367" lon="-0.088733">
        <ele>923.5</ele>
        <time>2015-10-19T14:43:07Z</time>
      </trkpt>
      <trkpt lat="40.628434" lon="-0.088765">
        <ele>924.4</ele>
        <time>2015-10-19T14:43:10Z</time>
      </trkpt>
      <trkpt lat="40.628517" lon="-0.088783">
        <ele>924.6</ele>
        <time>2015-10-19T14:43:14Z</time>
      </trkpt>
      <trkpt lat="40.628568" lon="-0.088816">
        <ele>924.6</ele>
        <time>2015-10-19T14:43:17Z</time>
      </trkpt>
      <trkpt lat="40.628634" lon="-0.088850">
        <ele>924.0</ele>
        <time>2015-10-19T14:43:21Z</time>
      </trkpt>
      <trkpt lat="40.628700" lon="-0.088882">
        <ele>924.0</ele>
        <time>2015-10-19T14:43:24Z</time>
      </trkpt>
      <trkpt lat="40.628784" lon="-0.088933">
        <ele>924.2</ele>
        <time>2015-10-19T14:43:29Z</time>
      </trkpt>
      <trkpt lat="40.628867" lon="-0.088967">
        <ele>925.0</ele>
        <time>2015-10-19T14:43:33Z</time>
      </trkpt>
      <trkpt lat="40.628935" lon="-0.089000">
        <ele>925.1</ele>
        <time>2015-10-19T14:43:37Z</time>
      </trkpt>
      <trkpt lat="40.629000" lon="-0.089050">
        <ele>925.0</ele>
        <time>2015-10-19T14:43:41Z</time>
      </trkpt>
      <trkpt lat="40.629067" lon="-0.089116">
        <ele>924.6</ele>
        <time>2015-10-19T14:43:45Z</time>
      </trkpt>
      <trkpt lat="40.629118" lon="-0.089200">
        <ele>924.5</ele>
        <time>2015-10-19T14:43:49Z</time>
      </trkpt>
      <trkpt lat="40.629150" lon="-0.089300">
        <ele>927.1</ele>
        <time>2015-10-19T14:43:53Z</time>
      </trkpt>
      <trkpt lat="40.629150" lon="-0.089300">
        <ele>927.1</ele>
        <time>2015-10-19T14:43:53Z</time>
      </trkpt>
      <trkpt lat="40.629150" lon="-0.089415">
        <ele>928.4</ele>
        <time>2015-10-19T14:43:57Z</time>
      </trkpt>
      <trkpt lat="40.629150" lon="-0.089433">
        <ele>928.7</ele>
        <time>2015-10-19T14:43:58Z</time>
      </trkpt>
      <trkpt lat="40.629167" lon="-0.089617">
        <ele>931.8</ele>
        <time>2015-10-19T14:44:05Z</time>
      </trkpt>
      <trkpt lat="40.629184" lon="-0.089716">
        <ele>933.5</ele>
        <time>2015-10-19T14:44:09Z</time>
      </trkpt>
      <trkpt lat="40.629184" lon="-0.089833">
        <ele>935.3</ele>
        <time>2015-10-19T14:44:13Z</time>
      </trkpt>
      <trkpt lat="40.629201" lon="-0.089950">
        <ele>937.1</ele>
        <time>2015-10-19T14:44:18Z</time>
      </trkpt>
      <trkpt lat="40.629217" lon="-0.090049">
        <ele>938.6</ele>
        <time>2015-10-19T14:44:22Z</time>
      </trkpt>
      <trkpt lat="40.629250" lon="-0.090149">
        <ele>940.0</ele>
        <time>2015-10-19T14:44:26Z</time>
      </trkpt>
      <trkpt lat="40.629283" lon="-0.090249">
        <ele>941.6</ele>
        <time>2015-10-19T14:44:30Z</time>
      </trkpt>
      <trkpt lat="40.629317" lon="-0.090350">
        <ele>943.0</ele>
        <time>2015-10-19T14:44:34Z</time>
      </trkpt>
      <trkpt lat="40.629383" lon="-0.090416">
        <ele>944.3</ele>
        <time>2015-10-19T14:44:38Z</time>
      </trkpt>
      <trkpt lat="40.629383" lon="-0.090433">
        <ele>944.5</ele>
        <time>2015-10-19T14:44:39Z</time>
      </trkpt>
      <trkpt lat="40.629383" lon="-0.090633">
        <ele>947.2</ele>
        <time>2015-10-19T14:44:47Z</time>
      </trkpt>
      <trkpt lat="40.629367" lon="-0.090733">
        <ele>948.1</ele>
        <time>2015-10-19T14:44:51Z</time>
      </trkpt>
      <trkpt lat="40.629367" lon="-0.090850">
        <ele>949.4</ele>
        <time>2015-10-19T14:44:55Z</time>
      </trkpt>
      <trkpt lat="40.629335" lon="-0.090949">
        <ele>950.5</ele>
        <time>2015-10-19T14:44:59Z</time>
      </trkpt>
      <trkpt lat="40.629300" lon="-0.091032">
        <ele>951.5</ele>
        <time>2015-10-19T14:45:03Z</time>
      </trkpt>
      <trkpt lat="40.629267" lon="-0.091132">
        <ele>952.5</ele>
        <time>2015-10-19T14:45:07Z</time>
      </trkpt>
      <trkpt lat="40.629201" lon="-0.091215">
        <ele>953.2</ele>
        <time>2015-10-19T14:45:11Z</time>
      </trkpt>
      <trkpt lat="40.629167" lon="-0.091315">
        <ele>955.1</ele>
        <time>2015-10-19T14:45:16Z</time>
      </trkpt>
      <trkpt lat="40.629100" lon="-0.091398">
        <ele>956.6</ele>
        <time>2015-10-19T14:45:20Z</time>
      </trkpt>
      <trkpt lat="40.629100" lon="-0.091398">
        <ele>956.6</ele>
        <time>2015-10-19T14:45:20Z</time>
      </trkpt>
      <trkpt lat="40.628967" lon="-0.091516">
        <ele>959.0</ele>
        <time>2015-10-19T14:45:28Z</time>
      </trkpt>
      <trkpt lat="40.628884" lon="-0.091565">
        <ele>960.4</ele>
        <time>2015-10-19T14:45:33Z</time>
      </trkpt>
      <trkpt lat="40.628817" lon="-0.091616">
        <ele>961.9</ele>
        <time>2015-10-19T14:45:37Z</time>
      </trkpt>
      <trkpt lat="40.628717" lon="-0.091616">
        <ele>962.8</ele>
        <time>2015-10-19T14:45:42Z</time>
      </trkpt>
      <trkpt lat="40.628651" lon="-0.091616">
        <ele>963.3</ele>
        <time>2015-10-19T14:45:45Z</time>
      </trkpt>
      <trkpt lat="40.628392" lon="-0.091577">
        <ele>965.3</ele>
        <time>2015-10-19T14:45:58Z</time>
      </trkpt>
      <trkpt lat="40.628221" lon="-0.091558">
        <ele>966.9</ele>
        <time>2015-10-19T14:46:07Z</time>
      </trkpt>
      <trkpt lat="40.628061" lon="-0.091560">
        <ele>968.1</ele>
        <time>2015-10-19T14:46:15Z</time>
      </trkpt>
      <trkpt lat="40.627935" lon="-0.091508">
        <ele>967.8</ele>
        <time>2015-10-19T14:46:21Z</time>
      </trkpt>
      <trkpt lat="40.627791" lon="-0.091368">
        <ele>968.2</ele>
        <time>2015-10-19T14:46:30Z</time>
      </trkpt>
      <trkpt lat="40.627433" lon="-0.091154">
        <ele>969.7</ele>
        <time>2015-10-19T14:46:50Z</time>
      </trkpt>
      <trkpt lat="40.626810" lon="-0.090863">
        <ele>967.2</ele>
        <time>2015-10-19T14:47:23Z</time>
      </trkpt>
      <trkpt lat="40.626374" lon="-0.090722">
        <ele>964.1</ele>
        <time>2015-10-19T14:47:45Z</time>
      </trkpt>
      <trkpt lat="40.626003" lon="-0.090718">
        <ele>960.0</ele>
        <time>2015-10-19T14:48:04Z</time>
      </trkpt>
      <trkpt lat="40.625577" lon="-0.090722">
        <ele>957.2</ele>
        <time>2015-10-19T14:48:25Z</time>
      </trkpt>
      <trkpt lat="40.625787" lon="-0.090950">
        <ele>958.9</ele>
        <time>2015-10-19T14:48:39Z</time>
      </trkpt>
      <trkpt lat="40.625927" lon="-0.091213">
        <ele>960.4</ele>
        <time>2015-10-19T14:48:51Z</time>
      </trkpt>
      <trkpt lat="40.626098" lon="-0.092083">
        <ele>962.5</ele>
        <time>2015-10-19T14:49:25Z</time>
      </trkpt>
      <trkpt lat="40.626188" lon="-0.093072">
        <ele>959.9</ele>
        <time>2015-10-19T14:50:03Z</time>
      </trkpt>
      <trkpt lat="40.626164" lon="-0.093814">
        <ele>956.4</ele>
        <time>2015-10-19T14:50:31Z</time>
      </trkpt>
      <trkpt lat="40.626098" lon="-0.094453">
        <ele>953.3</ele>
        <time>2015-10-19T14:50:56Z</time>
      </trkpt>
      <trkpt lat="40.625991" lon="-0.094970">
        <ele>950.4</ele>
        <time>2015-10-19T14:51:16Z</time>
      </trkpt>
      <trkpt lat="40.625536" lon="-0.096279">
        <ele>944.2</ele>
        <time>2015-10-19T14:52:11Z</time>
      </trkpt>
      <trkpt lat="40.625218" lon="-0.097238">
        <ele>944.2</ele>
        <time>2015-10-19T14:52:50Z</time>
      </trkpt>
      <trkpt lat="40.625095" lon="-0.097849">
        <ele>944.7</ele>
        <time>2015-10-19T14:53:14Z</time>
      </trkpt>
      <trkpt lat="40.625045" lon="-0.098143">
        <ele>945.0</ele>
        <time>2015-10-19T14:53:26Z</time>
      </trkpt>
      <trkpt lat="40.624934" lon="-0.098808">
        <ele>945.4</ele>
        <time>2015-10-19T14:53:52Z</time>
      </trkpt>
      <trkpt lat="40.624819" lon="-0.099329">
        <ele>946.2</ele>
        <time>2015-10-19T14:54:12Z</time>
      </trkpt>
      <trkpt lat="40.624753" lon="-0.099651">
        <ele>945.8</ele>
        <time>2015-10-19T14:54:25Z</time>
      </trkpt>
      <trkpt lat="40.624700" lon="-0.099815">
        <ele>945.7</ele>
        <time>2015-10-19T14:54:32Z</time>
      </trkpt>
      <trkpt lat="40.624635" lon="-0.099915">
        <ele>945.2</ele>
        <time>2015-10-19T14:54:37Z</time>
      </trkpt>
      <trkpt lat="40.624583" lon="-0.099999">
        <ele>944.8</ele>
        <time>2015-10-19T14:54:41Z</time>
      </trkpt>
      <trkpt lat="40.624518" lon="-0.100082">
        <ele>944.3</ele>
        <time>2015-10-19T14:54:45Z</time>
      </trkpt>
      <trkpt lat="40.624450" lon="-0.100150">
        <ele>943.6</ele>
        <time>2015-10-19T14:54:50Z</time>
      </trkpt>
      <trkpt lat="40.624384" lon="-0.100216">
        <ele>943.4</ele>
        <time>2015-10-19T14:54:54Z</time>
      </trkpt>
      <trkpt lat="40.624318" lon="-0.100282">
        <ele>944.0</ele>
        <time>2015-10-19T14:54:58Z</time>
      </trkpt>
      <trkpt lat="40.624250" lon="-0.100333">
        <ele>943.8</ele>
        <time>2015-10-19T14:55:02Z</time>
      </trkpt>
      <trkpt lat="40.624200" lon="-0.100383">
        <ele>944.7</ele>
        <time>2015-10-19T14:55:05Z</time>
      </trkpt>
      <trkpt lat="40.624134" lon="-0.100415">
        <ele>945.8</ele>
        <time>2015-10-19T14:55:09Z</time>
      </trkpt>
      <trkpt lat="40.624067" lon="-0.100433">
        <ele>946.4</ele>
        <time>2015-10-19T14:55:12Z</time>
      </trkpt>
      <trkpt lat="40.624017" lon="-0.100465">
        <ele>946.4</ele>
        <time>2015-10-19T14:55:15Z</time>
      </trkpt>
      <trkpt lat="40.623934" lon="-0.100500">
        <ele>947.6</ele>
        <time>2015-10-19T14:55:19Z</time>
      </trkpt>
      <trkpt lat="40.623817" lon="-0.100566">
        <ele>948.7</ele>
        <time>2015-10-19T14:55:26Z</time>
      </trkpt>
      <trkpt lat="40.623546" lon="-0.100644">
        <ele>950.8</ele>
        <time>2015-10-19T14:55:39Z</time>
      </trkpt>
      <trkpt lat="40.623357" lon="-0.100705">
        <ele>952.2</ele>
        <time>2015-10-19T14:55:49Z</time>
      </trkpt>
      <trkpt lat="40.623200" lon="-0.100752">
        <ele>952.7</ele>
        <time>2015-10-19T14:55:57Z</time>
      </trkpt>
      <trkpt lat="40.623022" lon="-0.100808">
        <ele>954.7</ele>
        <time>2015-10-19T14:56:06Z</time>
      </trkpt>
      <trkpt lat="40.622924" lon="-0.100834">
        <ele>955.2</ele>
        <time>2015-10-19T14:56:11Z</time>
      </trkpt>
      <trkpt lat="40.622819" lon="-0.100872">
        <ele>957.8</ele>
        <time>2015-10-19T14:56:17Z</time>
      </trkpt>
      <trkpt lat="40.622724" lon="-0.100832">
        <ele>956.4</ele>
        <time>2015-10-19T14:56:22Z</time>
      </trkpt>
      <trkpt lat="40.622618" lon="-0.100800">
        <ele>958.5</ele>
        <time>2015-10-19T14:56:27Z</time>
      </trkpt>
      <trkpt lat="40.622508" lon="-0.100791">
        <ele>958.2</ele>
        <time>2015-10-19T14:56:33Z</time>
      </trkpt>
      <trkpt lat="40.622455" lon="-0.100708">
        <ele>958.6</ele>
        <time>2015-10-19T14:56:37Z</time>
      </trkpt>
      <trkpt lat="40.622447" lon="-0.100591">
        <ele>959.1</ele>
        <time>2015-10-19T14:56:41Z</time>
      </trkpt>
      <trkpt lat="40.622452" lon="-0.100469">
        <ele>958.9</ele>
        <time>2015-10-19T14:56:46Z</time>
      </trkpt>
      <trkpt lat="40.622438" lon="-0.100370">
        <ele>959.2</ele>
        <time>2015-10-19T14:56:50Z</time>
      </trkpt>
      <trkpt lat="40.622425" lon="-0.100307">
        <ele>959.0</ele>
        <time>2015-10-19T14:56:52Z</time>
      </trkpt>
      <trkpt lat="40.622364" lon="-0.100177">
        <ele>959.5</ele>
        <time>2015-10-19T14:56:58Z</time>
      </trkpt>
      <trkpt lat="40.622303" lon="-0.100124">
        <ele>960.0</ele>
        <time>2015-10-19T14:57:02Z</time>
      </trkpt>
      <trkpt lat="40.622227" lon="-0.100091">
        <ele>960.4</ele>
        <time>2015-10-19T14:57:06Z</time>
      </trkpt>
      <trkpt lat="40.622171" lon="-0.100065">
        <ele>961.2</ele>
        <time>2015-10-19T14:57:09Z</time>
      </trkpt>
      <trkpt lat="40.622124" lon="-0.100026">
        <ele>961.5</ele>
        <time>2015-10-19T14:57:11Z</time>
      </trkpt>
      <trkpt lat="40.622049" lon="-0.099969">
        <ele>962.4</ele>
        <time>2015-10-19T14:57:16Z</time>
      </trkpt>
      <trkpt lat="40.622000" lon="-0.099865">
        <ele>963.0</ele>
        <time>2015-10-19T14:57:20Z</time>
      </trkpt>
      <trkpt lat="40.621985" lon="-0.099749">
        <ele>963.6</ele>
        <time>2015-10-19T14:57:25Z</time>
      </trkpt>
      <trkpt lat="40.621968" lon="-0.099632">
        <ele>964.5</ele>
        <time>2015-10-19T14:57:29Z</time>
      </trkpt>
      <trkpt lat="40.621951" lon="-0.099532">
        <ele>965.1</ele>
        <time>2015-10-19T14:57:33Z</time>
      </trkpt>
      <trkpt lat="40.621917" lon="-0.099432">
        <ele>965.4</ele>
        <time>2015-10-19T14:57:38Z</time>
      </trkpt>
    </trkseg>
  </trk>
</gpx>
