<?xml version="1.0" encoding="UTF-8" standalone="no" ?>
<gpx xmlns="http://www.topografix.com/GPX/1/1" creator="CompeGPS" version="1.1" xmlns:xsi="http://www.w3.org/2001/XMLSchema-instance" xsi:schemaLocation="http://www.topografix.com/GPX/1/1 http://www.topografix.com/GPX/1/1/gpx.xsd http://www.garmin.com/xmlschemas/GpxExtensions/v3 http://www.garmin.com/xmlschemas/GpxExtensionsv3.xsd http://www.garmin.com/xmlschemas/TrackPointExtension/v1 http://www.garmin.com/xmlschemas/TrackPointExtensionv1.xsd" xmlns:gpxtpx="http://www.garmin.com/xmlschemas/TrackPointExtension/v1">
  <metadata>
    <link href="http://www.compegps.com">
      <text>CompeGPS TEAM, SL</text>
    </link>
    <time>2015-07-30T12:25:36Z</time>
    <bounds maxlat="40.648330" maxlon="0.025606" minlat="40.587401" minlon="-0.104112"/>
  </metadata>
  <trk>
    <name>PikachuTochungoEd2</name>
    <trkseg>
      <trkpt lat="40.618228" lon="-0.103654">
        <ele>983.0</ele>
        <time>2015-07-30T12:24:47Z</time>
      </trkpt>
      <trkpt lat="40.618252" lon="-0.103819">
        <ele>980.1</ele>
        <time>2015-07-30T12:24:56Z</time>
      </trkpt>
      <trkpt lat="40.618686" lon="-0.103988">
        <ele>982.3</ele>
        <time>2015-07-30T12:25:29Z</time>
      </trkpt>
      <trkpt lat="40.618723" lon="-0.104052">
        <ele>982.0</ele>
        <time>2015-07-30T12:25:33Z</time>
      </trkpt>
      <trkpt lat="40.618623" lon="-0.104112">
        <ele>979.2</ele>
        <time>2015-07-30T12:25:41Z</time>
      </trkpt>
      <trkpt lat="40.618531" lon="-0.104086">
        <ele>977.3</ele>
        <time>2015-07-30T12:25:48Z</time>
      </trkpt>
      <trkpt lat="40.618439" lon="-0.104061">
        <ele>975.4</ele>
        <time>2015-07-30T12:25:55Z</time>
      </trkpt>
      <trkpt lat="40.618348" lon="-0.104049">
        <ele>973.7</ele>
        <time>2015-07-30T12:26:02Z</time>
      </trkpt>
      <trkpt lat="40.618252" lon="-0.103994">
        <ele>972.4</ele>
        <time>2015-07-30T12:26:09Z</time>
      </trkpt>
      <trkpt lat="40.618148" lon="-0.103895">
        <ele>971.7</ele>
        <time>2015-07-30T12:26:18Z</time>
      </trkpt>
      <trkpt lat="40.618045" lon="-0.103746">
        <ele>971.5</ele>
        <time>2015-07-30T12:26:30Z</time>
      </trkpt>
      <trkpt lat="40.617943" lon="-0.103580">
        <ele>971.5</ele>
        <time>2015-07-30T12:26:41Z</time>
      </trkpt>
      <trkpt lat="40.617938" lon="-0.103446">
        <ele>971.2</ele>
        <time>2015-07-30T12:26:49Z</time>
      </trkpt>
      <trkpt lat="40.617922" lon="-0.103335">
        <ele>971.3</ele>
        <time>2015-07-30T12:26:55Z</time>
      </trkpt>
      <trkpt lat="40.617882" lon="-0.103253">
        <ele>972.7</ele>
        <time>2015-07-30T12:27:00Z</time>
      </trkpt>
      <trkpt lat="40.617780" lon="-0.103160">
        <ele>970.1</ele>
        <time>2015-07-30T12:27:09Z</time>
      </trkpt>
      <trkpt lat="40.617677" lon="-0.103063">
        <ele>968.5</ele>
        <time>2015-07-30T12:27:19Z</time>
      </trkpt>
      <trkpt lat="40.617572" lon="-0.102955">
        <ele>966.0</ele>
        <time>2015-07-30T12:27:28Z</time>
      </trkpt>
      <trkpt lat="40.617467" lon="-0.102830">
        <ele>963.0</ele>
        <time>2015-07-30T12:27:39Z</time>
      </trkpt>
      <trkpt lat="40.617402" lon="-0.102693">
        <ele>961.9</ele>
        <time>2015-07-30T12:27:48Z</time>
      </trkpt>
      <trkpt lat="40.617373" lon="-0.102525">
        <ele>960.8</ele>
        <time>2015-07-30T12:27:57Z</time>
      </trkpt>
      <trkpt lat="40.617365" lon="-0.102326">
        <ele>959.2</ele>
        <time>2015-07-30T12:28:08Z</time>
      </trkpt>
      <trkpt lat="40.617387" lon="-0.102132">
        <ele>957.6</ele>
        <time>2015-07-30T12:28:19Z</time>
      </trkpt>
      <trkpt lat="40.617436" lon="-0.101951">
        <ele>955.8</ele>
        <time>2015-07-30T12:28:30Z</time>
      </trkpt>
      <trkpt lat="40.617488" lon="-0.101768">
        <ele>953.7</ele>
        <time>2015-07-30T12:28:40Z</time>
      </trkpt>
      <trkpt lat="40.617518" lon="-0.101684">
        <ele>952.7</ele>
        <time>2015-07-30T12:28:45Z</time>
      </trkpt>
      <trkpt lat="40.617550" lon="-0.101649">
        <ele>952.7</ele>
        <time>2015-07-30T12:28:49Z</time>
      </trkpt>
      <trkpt lat="40.617528" lon="-0.101600">
        <ele>952.3</ele>
        <time>2015-07-30T12:28:52Z</time>
      </trkpt>
      <trkpt lat="40.617453" lon="-0.101641">
        <ele>950.9</ele>
        <time>2015-07-30T12:28:58Z</time>
      </trkpt>
      <trkpt lat="40.617348" lon="-0.101633">
        <ele>949.4</ele>
        <time>2015-07-30T12:29:05Z</time>
      </trkpt>
      <trkpt lat="40.617302" lon="-0.101714">
        <ele>948.8</ele>
        <time>2015-07-30T12:29:11Z</time>
      </trkpt>
      <trkpt lat="40.617262" lon="-0.101820">
        <ele>947.8</ele>
        <time>2015-07-30T12:29:17Z</time>
      </trkpt>
      <trkpt lat="40.617206" lon="-0.101895">
        <ele>946.7</ele>
        <time>2015-07-30T12:29:23Z</time>
      </trkpt>
      <trkpt lat="40.617206" lon="-0.101895">
        <ele>946.7</ele>
        <time>2015-07-30T12:29:23Z</time>
      </trkpt>
      <trkpt lat="40.617155" lon="-0.101873">
        <ele>945.9</ele>
        <time>2015-07-30T12:29:27Z</time>
      </trkpt>
      <trkpt lat="40.617140" lon="-0.101854">
        <ele>945.6</ele>
        <time>2015-07-30T12:29:29Z</time>
      </trkpt>
      <trkpt lat="40.617169" lon="-0.101648">
        <ele>942.3</ele>
        <time>2015-07-30T12:29:40Z</time>
      </trkpt>
      <trkpt lat="40.617230" lon="-0.101613">
        <ele>943.3</ele>
        <time>2015-07-30T12:29:45Z</time>
      </trkpt>
      <trkpt lat="40.617247" lon="-0.101616">
        <ele>943.8</ele>
        <time>2015-07-30T12:29:46Z</time>
      </trkpt>
      <trkpt lat="40.617301" lon="-0.101524">
        <ele>943.4</ele>
        <time>2015-07-30T12:29:53Z</time>
      </trkpt>
      <trkpt lat="40.617345" lon="-0.101438">
        <ele>941.8</ele>
        <time>2015-07-30T12:29:58Z</time>
      </trkpt>
      <trkpt lat="40.617351" lon="-0.101345">
        <ele>939.4</ele>
        <time>2015-07-30T12:30:03Z</time>
      </trkpt>
      <trkpt lat="40.617323" lon="-0.101264">
        <ele>937.0</ele>
        <time>2015-07-30T12:30:08Z</time>
      </trkpt>
      <trkpt lat="40.617326" lon="-0.101173">
        <ele>935.7</ele>
        <time>2015-07-30T12:30:13Z</time>
      </trkpt>
      <trkpt lat="40.617336" lon="-0.101075">
        <ele>935.2</ele>
        <time>2015-07-30T12:30:19Z</time>
      </trkpt>
      <trkpt lat="40.617311" lon="-0.100932">
        <ele>934.4</ele>
        <time>2015-07-30T12:30:27Z</time>
      </trkpt>
      <trkpt lat="40.617248" lon="-0.100748">
        <ele>936.1</ele>
        <time>2015-07-30T12:30:38Z</time>
      </trkpt>
      <trkpt lat="40.617196" lon="-0.100635">
        <ele>934.0</ele>
        <time>2015-07-30T12:30:45Z</time>
      </trkpt>
      <trkpt lat="40.617189" lon="-0.100570">
        <ele>934.0</ele>
        <time>2015-07-30T12:30:49Z</time>
      </trkpt>
      <trkpt lat="40.617202" lon="-0.100546">
        <ele>934.6</ele>
        <time>2015-07-30T12:30:51Z</time>
      </trkpt>
      <trkpt lat="40.617228" lon="-0.100525">
        <ele>934.5</ele>
        <time>2015-07-30T12:30:53Z</time>
      </trkpt>
      <trkpt lat="40.617261" lon="-0.100484">
        <ele>934.0</ele>
        <time>2015-07-30T12:30:56Z</time>
      </trkpt>
      <trkpt lat="40.617269" lon="-0.100439">
        <ele>932.9</ele>
        <time>2015-07-30T12:30:59Z</time>
      </trkpt>
      <trkpt lat="40.617273" lon="-0.100391">
        <ele>931.9</ele>
        <time>2015-07-30T12:31:01Z</time>
      </trkpt>
      <trkpt lat="40.617309" lon="-0.100330">
        <ele>931.7</ele>
        <time>2015-07-30T12:31:06Z</time>
      </trkpt>
      <trkpt lat="40.617333" lon="-0.100247">
        <ele>930.7</ele>
        <time>2015-07-30T12:31:11Z</time>
      </trkpt>
      <trkpt lat="40.617344" lon="-0.100154">
        <ele>930.7</ele>
        <time>2015-07-30T12:31:16Z</time>
      </trkpt>
      <trkpt lat="40.617333" lon="-0.100016">
        <ele>930.4</ele>
        <time>2015-07-30T12:31:24Z</time>
      </trkpt>
      <trkpt lat="40.617317" lon="-0.099857">
        <ele>930.2</ele>
        <time>2015-07-30T12:31:32Z</time>
      </trkpt>
      <trkpt lat="40.617308" lon="-0.099670">
        <ele>928.5</ele>
        <time>2015-07-30T12:31:43Z</time>
      </trkpt>
      <trkpt lat="40.617313" lon="-0.099463">
        <ele>927.3</ele>
        <time>2015-07-30T12:31:54Z</time>
      </trkpt>
      <trkpt lat="40.617307" lon="-0.099344">
        <ele>926.0</ele>
        <time>2015-07-30T12:32:01Z</time>
      </trkpt>
      <trkpt lat="40.617304" lon="-0.099265">
        <ele>925.3</ele>
        <time>2015-07-30T12:32:05Z</time>
      </trkpt>
      <trkpt lat="40.617302" lon="-0.099205">
        <ele>924.9</ele>
        <time>2015-07-30T12:32:08Z</time>
      </trkpt>
      <trkpt lat="40.617278" lon="-0.099166">
        <ele>924.0</ele>
        <time>2015-07-30T12:32:11Z</time>
      </trkpt>
      <trkpt lat="40.617226" lon="-0.099174">
        <ele>923.1</ele>
        <time>2015-07-30T12:32:15Z</time>
      </trkpt>
      <trkpt lat="40.617184" lon="-0.099217">
        <ele>921.8</ele>
        <time>2015-07-30T12:32:19Z</time>
      </trkpt>
      <trkpt lat="40.617149" lon="-0.099304">
        <ele>920.3</ele>
        <time>2015-07-30T12:32:24Z</time>
      </trkpt>
      <trkpt lat="40.617113" lon="-0.099352">
        <ele>919.3</ele>
        <time>2015-07-30T12:32:28Z</time>
      </trkpt>
      <trkpt lat="40.617107" lon="-0.099329">
        <ele>919.1</ele>
        <time>2015-07-30T12:32:29Z</time>
      </trkpt>
      <trkpt lat="40.617121" lon="-0.099258">
        <ele>919.0</ele>
        <time>2015-07-30T12:32:33Z</time>
      </trkpt>
      <trkpt lat="40.617127" lon="-0.099185">
        <ele>917.2</ele>
        <time>2015-07-30T12:32:37Z</time>
      </trkpt>
      <trkpt lat="40.617127" lon="-0.099109">
        <ele>915.4</ele>
        <time>2015-07-30T12:32:42Z</time>
      </trkpt>
      <trkpt lat="40.617140" lon="-0.099034">
        <ele>913.9</ele>
        <time>2015-07-30T12:32:46Z</time>
      </trkpt>
      <trkpt lat="40.617166" lon="-0.098956">
        <ele>912.2</ele>
        <time>2015-07-30T12:32:51Z</time>
      </trkpt>
      <trkpt lat="40.617207" lon="-0.098885">
        <ele>911.2</ele>
        <time>2015-07-30T12:32:56Z</time>
      </trkpt>
      <trkpt lat="40.617279" lon="-0.098772">
        <ele>909.2</ele>
        <time>2015-07-30T12:33:04Z</time>
      </trkpt>
      <trkpt lat="40.617357" lon="-0.098659">
        <ele>908.8</ele>
        <time>2015-07-30T12:33:12Z</time>
      </trkpt>
      <trkpt lat="40.617438" lon="-0.098553">
        <ele>907.7</ele>
        <time>2015-07-30T12:33:20Z</time>
      </trkpt>
      <trkpt lat="40.617506" lon="-0.098503">
        <ele>907.4</ele>
        <time>2015-07-30T12:33:26Z</time>
      </trkpt>
      <trkpt lat="40.617564" lon="-0.098444">
        <ele>905.7</ele>
        <time>2015-07-30T12:33:31Z</time>
      </trkpt>
      <trkpt lat="40.617587" lon="-0.098374">
        <ele>904.9</ele>
        <time>2015-07-30T12:33:36Z</time>
      </trkpt>
      <trkpt lat="40.617579" lon="-0.098278">
        <ele>903.6</ele>
        <time>2015-07-30T12:33:41Z</time>
      </trkpt>
      <trkpt lat="40.617545" lon="-0.098188">
        <ele>901.8</ele>
        <time>2015-07-30T12:33:47Z</time>
      </trkpt>
      <trkpt lat="40.617497" lon="-0.098065">
        <ele>901.0</ele>
        <time>2015-07-30T12:33:54Z</time>
      </trkpt>
      <trkpt lat="40.617479" lon="-0.097898">
        <ele>901.5</ele>
        <time>2015-07-30T12:34:04Z</time>
      </trkpt>
      <trkpt lat="40.617467" lon="-0.097813">
        <ele>900.8</ele>
        <time>2015-07-30T12:34:08Z</time>
      </trkpt>
      <trkpt lat="40.617501" lon="-0.097663">
        <ele>905.3</ele>
        <time>2015-07-30T12:34:17Z</time>
      </trkpt>
      <trkpt lat="40.617480" lon="-0.097493">
        <ele>904.0</ele>
        <time>2015-07-30T12:34:27Z</time>
      </trkpt>
      <trkpt lat="40.617421" lon="-0.097350">
        <ele>903.4</ele>
        <time>2015-07-30T12:34:35Z</time>
      </trkpt>
      <trkpt lat="40.617411" lon="-0.097228">
        <ele>903.3</ele>
        <time>2015-07-30T12:34:42Z</time>
      </trkpt>
      <trkpt lat="40.617443" lon="-0.097124">
        <ele>902.7</ele>
        <time>2015-07-30T12:34:48Z</time>
      </trkpt>
      <trkpt lat="40.617504" lon="-0.097051">
        <ele>902.1</ele>
        <time>2015-07-30T12:34:54Z</time>
      </trkpt>
      <trkpt lat="40.617532" lon="-0.096989">
        <ele>900.4</ele>
        <time>2015-07-30T12:34:58Z</time>
      </trkpt>
      <trkpt lat="40.617584" lon="-0.096938">
        <ele>900.1</ele>
        <time>2015-07-30T12:35:03Z</time>
      </trkpt>
      <trkpt lat="40.617642" lon="-0.096878">
        <ele>899.5</ele>
        <time>2015-07-30T12:35:09Z</time>
      </trkpt>
      <trkpt lat="40.617729" lon="-0.096731">
        <ele>896.6</ele>
        <time>2015-07-30T12:35:19Z</time>
      </trkpt>
      <trkpt lat="40.617806" lon="-0.096570">
        <ele>896.6</ele>
        <time>2015-07-30T12:35:29Z</time>
      </trkpt>
      <trkpt lat="40.617856" lon="-0.096421">
        <ele>898.0</ele>
        <time>2015-07-30T12:35:38Z</time>
      </trkpt>
      <trkpt lat="40.617891" lon="-0.096359">
        <ele>898.4</ele>
        <time>2015-07-30T12:35:43Z</time>
      </trkpt>
      <trkpt lat="40.617962" lon="-0.096340">
        <ele>899.5</ele>
        <time>2015-07-30T12:35:48Z</time>
      </trkpt>
      <trkpt lat="40.618046" lon="-0.096312">
        <ele>898.2</ele>
        <time>2015-07-30T12:35:54Z</time>
      </trkpt>
      <trkpt lat="40.618142" lon="-0.096351">
        <ele>896.4</ele>
        <time>2015-07-30T12:36:01Z</time>
      </trkpt>
      <trkpt lat="40.618190" lon="-0.096379">
        <ele>896.2</ele>
        <time>2015-07-30T12:36:05Z</time>
      </trkpt>
      <trkpt lat="40.618265" lon="-0.096367">
        <ele>893.7</ele>
        <time>2015-07-30T12:36:11Z</time>
      </trkpt>
      <trkpt lat="40.618312" lon="-0.096372">
        <ele>892.1</ele>
        <time>2015-07-30T12:36:14Z</time>
      </trkpt>
      <trkpt lat="40.618358" lon="-0.096434">
        <ele>890.4</ele>
        <time>2015-07-30T12:36:19Z</time>
      </trkpt>
      <trkpt lat="40.618404" lon="-0.096506">
        <ele>889.0</ele>
        <time>2015-07-30T12:36:24Z</time>
      </trkpt>
      <trkpt lat="40.618438" lon="-0.096552">
        <ele>888.6</ele>
        <time>2015-07-30T12:36:28Z</time>
      </trkpt>
      <trkpt lat="40.618488" lon="-0.096555">
        <ele>887.7</ele>
        <time>2015-07-30T12:36:31Z</time>
      </trkpt>
      <trkpt lat="40.618524" lon="-0.096501">
        <ele>887.0</ele>
        <time>2015-07-30T12:36:35Z</time>
      </trkpt>
      <trkpt lat="40.618549" lon="-0.096400">
        <ele>884.8</ele>
        <time>2015-07-30T12:36:41Z</time>
      </trkpt>
      <trkpt lat="40.618556" lon="-0.096258">
        <ele>884.7</ele>
        <time>2015-07-30T12:36:49Z</time>
      </trkpt>
      <trkpt lat="40.618557" lon="-0.096114">
        <ele>883.6</ele>
        <time>2015-07-30T12:36:57Z</time>
      </trkpt>
      <trkpt lat="40.618563" lon="-0.095965">
        <ele>883.6</ele>
        <time>2015-07-30T12:37:05Z</time>
      </trkpt>
      <trkpt lat="40.618607" lon="-0.095863">
        <ele>884.9</ele>
        <time>2015-07-30T12:37:12Z</time>
      </trkpt>
      <trkpt lat="40.618661" lon="-0.095764">
        <ele>885.5</ele>
        <time>2015-07-30T12:37:19Z</time>
      </trkpt>
      <trkpt lat="40.618733" lon="-0.095723">
        <ele>887.6</ele>
        <time>2015-07-30T12:37:24Z</time>
      </trkpt>
      <trkpt lat="40.618801" lon="-0.095721">
        <ele>888.6</ele>
        <time>2015-07-30T12:37:29Z</time>
      </trkpt>
      <trkpt lat="40.618839" lon="-0.095706">
        <ele>887.6</ele>
        <time>2015-07-30T12:37:32Z</time>
      </trkpt>
      <trkpt lat="40.618854" lon="-0.095634">
        <ele>886.1</ele>
        <time>2015-07-30T12:37:36Z</time>
      </trkpt>
      <trkpt lat="40.618837" lon="-0.095490">
        <ele>884.0</ele>
        <time>2015-07-30T12:37:44Z</time>
      </trkpt>
      <trkpt lat="40.618828" lon="-0.095343">
        <ele>880.9</ele>
        <time>2015-07-30T12:37:52Z</time>
      </trkpt>
      <trkpt lat="40.618854" lon="-0.095263">
        <ele>878.6</ele>
        <time>2015-07-30T12:37:57Z</time>
      </trkpt>
      <trkpt lat="40.618941" lon="-0.095294">
        <ele>878.5</ele>
        <time>2015-07-30T12:38:04Z</time>
      </trkpt>
      <trkpt lat="40.619063" lon="-0.095378">
        <ele>877.5</ele>
        <time>2015-07-30T12:38:14Z</time>
      </trkpt>
      <trkpt lat="40.619181" lon="-0.095429">
        <ele>876.6</ele>
        <time>2015-07-30T12:38:23Z</time>
      </trkpt>
      <trkpt lat="40.619277" lon="-0.095389">
        <ele>876.1</ele>
        <time>2015-07-30T12:38:30Z</time>
      </trkpt>
      <trkpt lat="40.619284" lon="-0.095344">
        <ele>875.9</ele>
        <time>2015-07-30T12:38:33Z</time>
      </trkpt>
      <trkpt lat="40.619284" lon="-0.095345">
        <ele>875.9</ele>
        <time>2015-07-30T12:38:33Z</time>
      </trkpt>
      <trkpt lat="40.619038" lon="-0.095197">
        <ele>873.7</ele>
        <time>2015-07-30T12:38:53Z</time>
      </trkpt>
      <trkpt lat="40.618870" lon="-0.094974">
        <ele>872.3</ele>
        <time>2015-07-30T12:39:10Z</time>
      </trkpt>
      <trkpt lat="40.618747" lon="-0.094884">
        <ele>871.5</ele>
        <time>2015-07-30T12:39:20Z</time>
      </trkpt>
      <trkpt lat="40.618722" lon="-0.094462">
        <ele>868.4</ele>
        <time>2015-07-30T12:39:44Z</time>
      </trkpt>
      <trkpt lat="40.618700" lon="-0.094358">
        <ele>866.8</ele>
        <time>2015-07-30T12:39:49Z</time>
      </trkpt>
      <trkpt lat="40.618592" lon="-0.094186">
        <ele>864.3</ele>
        <time>2015-07-30T12:40:02Z</time>
      </trkpt>
      <trkpt lat="40.618434" lon="-0.094055">
        <ele>861.1</ele>
        <time>2015-07-30T12:40:15Z</time>
      </trkpt>
      <trkpt lat="40.618274" lon="-0.093998">
        <ele>858.2</ele>
        <time>2015-07-30T12:40:27Z</time>
      </trkpt>
      <trkpt lat="40.618143" lon="-0.093924">
        <ele>855.4</ele>
        <time>2015-07-30T12:40:38Z</time>
      </trkpt>
      <trkpt lat="40.618143" lon="-0.093924">
        <ele>855.4</ele>
        <time>2015-07-30T12:40:38Z</time>
      </trkpt>
      <trkpt lat="40.618130" lon="-0.093834">
        <ele>854.0</ele>
        <time>2015-07-30T12:40:43Z</time>
      </trkpt>
      <trkpt lat="40.618154" lon="-0.093739">
        <ele>852.2</ele>
        <time>2015-07-30T12:40:48Z</time>
      </trkpt>
      <trkpt lat="40.618195" lon="-0.093693">
        <ele>851.5</ele>
        <time>2015-07-30T12:40:52Z</time>
      </trkpt>
      <trkpt lat="40.618305" lon="-0.093648">
        <ele>850.8</ele>
        <time>2015-07-30T12:41:01Z</time>
      </trkpt>
      <trkpt lat="40.618415" lon="-0.093603">
        <ele>850.3</ele>
        <time>2015-07-30T12:41:09Z</time>
      </trkpt>
      <trkpt lat="40.618512" lon="-0.093561">
        <ele>849.6</ele>
        <time>2015-07-30T12:41:17Z</time>
      </trkpt>
      <trkpt lat="40.618552" lon="-0.093475">
        <ele>848.7</ele>
        <time>2015-07-30T12:41:22Z</time>
      </trkpt>
      <trkpt lat="40.618561" lon="-0.093368">
        <ele>848.0</ele>
        <time>2015-07-30T12:41:28Z</time>
      </trkpt>
      <trkpt lat="40.618546" lon="-0.093290">
        <ele>847.0</ele>
        <time>2015-07-30T12:41:33Z</time>
      </trkpt>
      <trkpt lat="40.618491" lon="-0.093269">
        <ele>847.5</ele>
        <time>2015-07-30T12:41:37Z</time>
      </trkpt>
      <trkpt lat="40.618352" lon="-0.093195">
        <ele>848.8</ele>
        <time>2015-07-30T12:41:48Z</time>
      </trkpt>
      <trkpt lat="40.618234" lon="-0.093099">
        <ele>851.1</ele>
        <time>2015-07-30T12:41:58Z</time>
      </trkpt>
      <trkpt lat="40.618120" lon="-0.093002">
        <ele>852.3</ele>
        <time>2015-07-30T12:42:08Z</time>
      </trkpt>
      <trkpt lat="40.618038" lon="-0.092913">
        <ele>854.0</ele>
        <time>2015-07-30T12:42:15Z</time>
      </trkpt>
      <trkpt lat="40.617976" lon="-0.092843">
        <ele>853.3</ele>
        <time>2015-07-30T12:42:21Z</time>
      </trkpt>
      <trkpt lat="40.617936" lon="-0.092676">
        <ele>855.2</ele>
        <time>2015-07-30T12:42:31Z</time>
      </trkpt>
      <trkpt lat="40.617888" lon="-0.092415">
        <ele>856.5</ele>
        <time>2015-07-30T12:42:46Z</time>
      </trkpt>
      <trkpt lat="40.617875" lon="-0.092129">
        <ele>856.9</ele>
        <time>2015-07-30T12:43:02Z</time>
      </trkpt>
      <trkpt lat="40.617844" lon="-0.091925">
        <ele>855.8</ele>
        <time>2015-07-30T12:43:13Z</time>
      </trkpt>
      <trkpt lat="40.617898" lon="-0.091743">
        <ele>856.9</ele>
        <time>2015-07-30T12:43:24Z</time>
      </trkpt>
      <trkpt lat="40.617951" lon="-0.091570">
        <ele>857.7</ele>
        <time>2015-07-30T12:43:34Z</time>
      </trkpt>
      <trkpt lat="40.617972" lon="-0.091419">
        <ele>857.0</ele>
        <time>2015-07-30T12:43:43Z</time>
      </trkpt>
      <trkpt lat="40.618010" lon="-0.091322">
        <ele>859.4</ele>
        <time>2015-07-30T12:43:49Z</time>
      </trkpt>
      <trkpt lat="40.618040" lon="-0.091074">
        <ele>859.8</ele>
        <time>2015-07-30T12:44:03Z</time>
      </trkpt>
      <trkpt lat="40.618112" lon="-0.090820">
        <ele>861.9</ele>
        <time>2015-07-30T12:44:18Z</time>
      </trkpt>
      <trkpt lat="40.618162" lon="-0.090578">
        <ele>862.2</ele>
        <time>2015-07-30T12:44:31Z</time>
      </trkpt>
      <trkpt lat="40.618281" lon="-0.090329">
        <ele>863.1</ele>
        <time>2015-07-30T12:44:48Z</time>
      </trkpt>
      <trkpt lat="40.618431" lon="-0.090068">
        <ele>866.1</ele>
        <time>2015-07-30T12:45:06Z</time>
      </trkpt>
      <trkpt lat="40.618536" lon="-0.089721">
        <ele>867.3</ele>
        <time>2015-07-30T12:45:26Z</time>
      </trkpt>
      <trkpt lat="40.618561" lon="-0.089557">
        <ele>866.9</ele>
        <time>2015-07-30T12:45:36Z</time>
      </trkpt>
      <trkpt lat="40.618556" lon="-0.089363">
        <ele>865.4</ele>
        <time>2015-07-30T12:45:46Z</time>
      </trkpt>
      <trkpt lat="40.618592" lon="-0.089229">
        <ele>865.5</ele>
        <time>2015-07-30T12:45:54Z</time>
        <sat>7</sat>
      </trkpt>
      <trkpt lat="40.618608" lon="-0.089191">
        <ele>864.5</ele>
        <time>2015-07-30T12:45:57Z</time>
      </trkpt>
      <trkpt lat="40.618611" lon="-0.089184">
        <ele>864.4</ele>
        <time>2015-07-30T12:45:57Z</time>
        <sat>8</sat>
      </trkpt>
      <trkpt lat="40.618610" lon="-0.089184">
        <ele>864.4</ele>
        <time>2015-07-30T12:45:57Z</time>
      </trkpt>
      <trkpt lat="40.618652" lon="-0.089114">
        <ele>863.5</ele>
        <time>2015-07-30T12:46:02Z</time>
      </trkpt>
      <trkpt lat="40.618665" lon="-0.089019">
        <ele>863.0</ele>
        <time>2015-07-30T12:46:07Z</time>
      </trkpt>
      <trkpt lat="40.618624" lon="-0.088944">
        <ele>862.1</ele>
        <time>2015-07-30T12:46:12Z</time>
      </trkpt>
      <trkpt lat="40.618449" lon="-0.088780">
        <ele>859.5</ele>
        <time>2015-07-30T12:46:28Z</time>
      </trkpt>
      <trkpt lat="40.618253" lon="-0.088629">
        <ele>856.0</ele>
        <time>2015-07-30T12:46:45Z</time>
      </trkpt>
      <trkpt lat="40.617975" lon="-0.088505">
        <ele>853.0</ele>
        <time>2015-07-30T12:47:06Z</time>
      </trkpt>
      <trkpt lat="40.617736" lon="-0.088348">
        <ele>848.8</ele>
        <time>2015-07-30T12:47:25Z</time>
      </trkpt>
      <trkpt lat="40.617957" lon="-0.088207">
        <ele>849.1</ele>
        <time>2015-07-30T12:47:43Z</time>
      </trkpt>
      <trkpt lat="40.618247" lon="-0.087904">
        <ele>849.9</ele>
        <time>2015-07-30T12:48:10Z</time>
      </trkpt>
      <trkpt lat="40.618446" lon="-0.087516">
        <ele>854.6</ele>
        <time>2015-07-30T12:48:36Z</time>
      </trkpt>
      <trkpt lat="40.618446" lon="-0.087516">
        <ele>854.6</ele>
        <time>2015-07-30T12:48:36Z</time>
      </trkpt>
      <trkpt lat="40.618492" lon="-0.086819">
        <ele>863.0</ele>
        <time>2015-07-30T12:49:15Z</time>
      </trkpt>
      <trkpt lat="40.618604" lon="-0.086399">
        <ele>870.9</ele>
        <time>2015-07-30T12:49:39Z</time>
      </trkpt>
      <trkpt lat="40.618603" lon="-0.086343">
        <ele>872.3</ele>
        <time>2015-07-30T12:49:42Z</time>
      </trkpt>
      <trkpt lat="40.618552" lon="-0.086114">
        <ele>874.0</ele>
        <time>2015-07-30T12:49:56Z</time>
      </trkpt>
      <trkpt lat="40.618509" lon="-0.085980">
        <ele>875.4</ele>
        <time>2015-07-30T12:50:04Z</time>
      </trkpt>
      <trkpt lat="40.618452" lon="-0.085821">
        <ele>876.1</ele>
        <time>2015-07-30T12:50:13Z</time>
      </trkpt>
      <trkpt lat="40.618448" lon="-0.085719">
        <ele>876.4</ele>
        <time>2015-07-30T12:50:19Z</time>
      </trkpt>
      <trkpt lat="40.618451" lon="-0.085558">
        <ele>877.7</ele>
        <time>2015-07-30T12:50:28Z</time>
      </trkpt>
      <trkpt lat="40.618515" lon="-0.085502">
        <ele>879.3</ele>
        <time>2015-07-30T12:50:34Z</time>
      </trkpt>
      <trkpt lat="40.618812" lon="-0.085478">
        <ele>882.3</ele>
        <time>2015-07-30T12:50:55Z</time>
      </trkpt>
      <trkpt lat="40.619031" lon="-0.085411">
        <ele>884.3</ele>
        <time>2015-07-30T12:51:12Z</time>
      </trkpt>
      <trkpt lat="40.619211" lon="-0.085236">
        <ele>886.9</ele>
        <time>2015-07-30T12:51:28Z</time>
      </trkpt>
      <trkpt lat="40.619523" lon="-0.084856">
        <ele>894.3</ele>
        <time>2015-07-30T12:51:59Z</time>
      </trkpt>
      <trkpt lat="40.619645" lon="-0.084764">
        <ele>895.9</ele>
        <time>2015-07-30T12:52:09Z</time>
      </trkpt>
      <trkpt lat="40.619706" lon="-0.084719">
        <ele>896.4</ele>
        <time>2015-07-30T12:52:14Z</time>
      </trkpt>
      <trkpt lat="40.619788" lon="-0.084580">
        <ele>898.3</ele>
        <time>2015-07-30T12:52:24Z</time>
      </trkpt>
      <trkpt lat="40.619798" lon="-0.084460">
        <ele>899.1</ele>
        <time>2015-07-30T12:52:30Z</time>
      </trkpt>
      <trkpt lat="40.619755" lon="-0.084300">
        <ele>900.5</ele>
        <time>2015-07-30T12:52:40Z</time>
      </trkpt>
      <trkpt lat="40.619720" lon="-0.084236">
        <ele>901.2</ele>
        <time>2015-07-30T12:52:44Z</time>
      </trkpt>
      <trkpt lat="40.619667" lon="-0.084216">
        <ele>902.3</ele>
        <time>2015-07-30T12:52:48Z</time>
      </trkpt>
      <trkpt lat="40.619617" lon="-0.084267">
        <ele>903.9</ele>
        <time>2015-07-30T12:52:53Z</time>
      </trkpt>
      <trkpt lat="40.619583" lon="-0.084316">
        <ele>904.6</ele>
        <time>2015-07-30T12:52:56Z</time>
      </trkpt>
      <trkpt lat="40.619550" lon="-0.084350">
        <ele>905.0</ele>
        <time>2015-07-30T12:52:59Z</time>
      </trkpt>
      <trkpt lat="40.619484" lon="-0.084416">
        <ele>904.9</ele>
        <time>2015-07-30T12:53:06Z</time>
      </trkpt>
      <trkpt lat="40.619434" lon="-0.084433">
        <ele>905.0</ele>
        <time>2015-07-30T12:53:09Z</time>
      </trkpt>
      <trkpt lat="40.619384" lon="-0.084433">
        <ele>905.3</ele>
        <time>2015-07-30T12:53:13Z</time>
      </trkpt>
      <trkpt lat="40.619333" lon="-0.084416">
        <ele>905.3</ele>
        <time>2015-07-30T12:53:17Z</time>
      </trkpt>
      <trkpt lat="40.619284" lon="-0.084383">
        <ele>905.5</ele>
        <time>2015-07-30T12:53:21Z</time>
      </trkpt>
      <trkpt lat="40.619233" lon="-0.084316">
        <ele>905.6</ele>
        <time>2015-07-30T12:53:26Z</time>
      </trkpt>
      <trkpt lat="40.619200" lon="-0.084250">
        <ele>905.9</ele>
        <time>2015-07-30T12:53:30Z</time>
      </trkpt>
      <trkpt lat="40.619167" lon="-0.084183">
        <ele>906.5</ele>
        <time>2015-07-30T12:53:35Z</time>
      </trkpt>
      <trkpt lat="40.619133" lon="-0.084117">
        <ele>907.4</ele>
        <time>2015-07-30T12:53:39Z</time>
      </trkpt>
      <trkpt lat="40.619094" lon="-0.083993">
        <ele>908.9</ele>
        <time>2015-07-30T12:53:47Z</time>
      </trkpt>
      <trkpt lat="40.619094" lon="-0.083993">
        <ele>908.9</ele>
        <time>2015-07-30T12:53:47Z</time>
      </trkpt>
      <trkpt lat="40.619308" lon="-0.083888">
        <ele>910.9</ele>
        <time>2015-07-30T12:54:03Z</time>
      </trkpt>
      <trkpt lat="40.619410" lon="-0.083802">
        <ele>911.5</ele>
        <time>2015-07-30T12:54:12Z</time>
      </trkpt>
      <trkpt lat="40.619703" lon="-0.083550">
        <ele>912.7</ele>
        <time>2015-07-30T12:54:38Z</time>
      </trkpt>
      <trkpt lat="40.619862" lon="-0.083398">
        <ele>914.1</ele>
        <time>2015-07-30T12:54:52Z</time>
      </trkpt>
      <trkpt lat="40.619913" lon="-0.083342">
        <ele>914.6</ele>
        <time>2015-07-30T12:54:57Z</time>
      </trkpt>
      <trkpt lat="40.619934" lon="-0.083239">
        <ele>916.1</ele>
        <time>2015-07-30T12:55:03Z</time>
      </trkpt>
      <trkpt lat="40.619948" lon="-0.083107">
        <ele>918.6</ele>
        <time>2015-07-30T12:55:10Z</time>
      </trkpt>
      <trkpt lat="40.619954" lon="-0.082950">
        <ele>921.6</ele>
        <time>2015-07-30T12:55:19Z</time>
      </trkpt>
      <trkpt lat="40.619979" lon="-0.082687">
        <ele>926.8</ele>
        <time>2015-07-30T12:55:33Z</time>
      </trkpt>
      <trkpt lat="40.619813" lon="-0.082674">
        <ele>928.2</ele>
        <time>2015-07-30T12:55:45Z</time>
      </trkpt>
      <trkpt lat="40.619771" lon="-0.082596">
        <ele>930.0</ele>
        <time>2015-07-30T12:55:51Z</time>
      </trkpt>
      <trkpt lat="40.619771" lon="-0.082596">
        <ele>930.0</ele>
        <time>2015-07-30T12:55:51Z</time>
      </trkpt>
      <trkpt lat="40.619917" lon="-0.082383">
        <ele>934.6</ele>
        <time>2015-07-30T12:56:07Z</time>
      </trkpt>
      <trkpt lat="40.619984" lon="-0.082267">
        <ele>935.9</ele>
        <time>2015-07-30T12:56:15Z</time>
      </trkpt>
      <trkpt lat="40.619984" lon="-0.082217">
        <ele>936.3</ele>
        <time>2015-07-30T12:56:17Z</time>
      </trkpt>
      <trkpt lat="40.620017" lon="-0.082116">
        <ele>937.2</ele>
        <time>2015-07-30T12:56:23Z</time>
      </trkpt>
      <trkpt lat="40.620067" lon="-0.082017">
        <ele>938.1</ele>
        <time>2015-07-30T12:56:30Z</time>
      </trkpt>
      <trkpt lat="40.620084" lon="-0.081950">
        <ele>938.8</ele>
        <time>2015-07-30T12:56:34Z</time>
      </trkpt>
      <trkpt lat="40.620100" lon="-0.081900">
        <ele>939.3</ele>
        <time>2015-07-30T12:56:37Z</time>
      </trkpt>
      <trkpt lat="40.620117" lon="-0.081850">
        <ele>940.4</ele>
        <time>2015-07-30T12:56:40Z</time>
      </trkpt>
      <trkpt lat="40.620150" lon="-0.081733">
        <ele>941.9</ele>
        <time>2015-07-30T12:56:47Z</time>
      </trkpt>
      <trkpt lat="40.620150" lon="-0.081667">
        <ele>942.9</ele>
        <time>2015-07-30T12:56:50Z</time>
      </trkpt>
      <trkpt lat="40.620133" lon="-0.081600">
        <ele>944.3</ele>
        <time>2015-07-30T12:56:54Z</time>
      </trkpt>
      <trkpt lat="40.620117" lon="-0.081533">
        <ele>945.5</ele>
        <time>2015-07-30T12:56:58Z</time>
      </trkpt>
      <trkpt lat="40.620117" lon="-0.081483">
        <ele>945.7</ele>
        <time>2015-07-30T12:57:01Z</time>
      </trkpt>
      <trkpt lat="40.620100" lon="-0.081416">
        <ele>946.8</ele>
        <time>2015-07-30T12:57:05Z</time>
      </trkpt>
      <trkpt lat="40.620084" lon="-0.081350">
        <ele>947.5</ele>
        <time>2015-07-30T12:57:09Z</time>
      </trkpt>
      <trkpt lat="40.620050" lon="-0.081266">
        <ele>949.0</ele>
        <time>2015-07-30T12:57:14Z</time>
      </trkpt>
      <trkpt lat="40.620033" lon="-0.081183">
        <ele>950.1</ele>
        <time>2015-07-30T12:57:19Z</time>
      </trkpt>
      <trkpt lat="40.620017" lon="-0.081100">
        <ele>950.9</ele>
        <time>2015-07-30T12:57:23Z</time>
      </trkpt>
      <trkpt lat="40.619984" lon="-0.081050">
        <ele>952.9</ele>
        <time>2015-07-30T12:57:27Z</time>
      </trkpt>
      <trkpt lat="40.619967" lon="-0.080983">
        <ele>953.9</ele>
        <time>2015-07-30T12:57:31Z</time>
      </trkpt>
      <trkpt lat="40.619933" lon="-0.080917">
        <ele>954.6</ele>
        <time>2015-07-30T12:57:35Z</time>
      </trkpt>
      <trkpt lat="40.619917" lon="-0.080850">
        <ele>955.2</ele>
        <time>2015-07-30T12:57:39Z</time>
      </trkpt>
      <trkpt lat="40.619900" lon="-0.080766">
        <ele>954.8</ele>
        <time>2015-07-30T12:57:44Z</time>
      </trkpt>
      <trkpt lat="40.619867" lon="-0.080683">
        <ele>956.9</ele>
        <time>2015-07-30T12:57:49Z</time>
      </trkpt>
      <trkpt lat="40.619850" lon="-0.080600">
        <ele>957.9</ele>
        <time>2015-07-30T12:57:54Z</time>
      </trkpt>
      <trkpt lat="40.619834" lon="-0.080516">
        <ele>958.6</ele>
        <time>2015-07-30T12:57:59Z</time>
      </trkpt>
      <trkpt lat="40.619817" lon="-0.080433">
        <ele>959.5</ele>
        <time>2015-07-30T12:58:04Z</time>
      </trkpt>
      <trkpt lat="40.619800" lon="-0.080367">
        <ele>960.4</ele>
        <time>2015-07-30T12:58:07Z</time>
      </trkpt>
      <trkpt lat="40.619800" lon="-0.080283">
        <ele>960.2</ele>
        <time>2015-07-30T12:58:12Z</time>
      </trkpt>
      <trkpt lat="40.619800" lon="-0.080217">
        <ele>960.7</ele>
        <time>2015-07-30T12:58:16Z</time>
      </trkpt>
      <trkpt lat="40.619783" lon="-0.080150">
        <ele>961.9</ele>
        <time>2015-07-30T12:58:20Z</time>
      </trkpt>
      <trkpt lat="40.619783" lon="-0.080100">
        <ele>962.0</ele>
        <time>2015-07-30T12:58:22Z</time>
      </trkpt>
      <trkpt lat="40.619783" lon="-0.079983">
        <ele>961.5</ele>
        <time>2015-07-30T12:58:29Z</time>
      </trkpt>
      <trkpt lat="40.619767" lon="-0.079867">
        <ele>962.3</ele>
        <time>2015-07-30T12:58:35Z</time>
      </trkpt>
      <trkpt lat="40.619750" lon="-0.079750">
        <ele>962.7</ele>
        <time>2015-07-30T12:58:42Z</time>
      </trkpt>
      <trkpt lat="40.619750" lon="-0.079683">
        <ele>962.0</ele>
        <time>2015-07-30T12:58:46Z</time>
      </trkpt>
      <trkpt lat="40.619734" lon="-0.079633">
        <ele>963.1</ele>
        <time>2015-07-30T12:58:49Z</time>
      </trkpt>
      <trkpt lat="40.619734" lon="-0.079567">
        <ele>962.8</ele>
        <time>2015-07-30T12:58:52Z</time>
      </trkpt>
      <trkpt lat="40.619734" lon="-0.079500">
        <ele>962.3</ele>
        <time>2015-07-30T12:58:56Z</time>
      </trkpt>
      <trkpt lat="40.619717" lon="-0.079433">
        <ele>963.0</ele>
        <time>2015-07-30T12:59:00Z</time>
      </trkpt>
      <trkpt lat="40.619700" lon="-0.079366">
        <ele>963.6</ele>
        <time>2015-07-30T12:59:04Z</time>
      </trkpt>
      <trkpt lat="40.619683" lon="-0.079300">
        <ele>964.4</ele>
        <time>2015-07-30T12:59:08Z</time>
      </trkpt>
      <trkpt lat="40.619683" lon="-0.079217">
        <ele>963.1</ele>
        <time>2015-07-30T12:59:12Z</time>
      </trkpt>
      <trkpt lat="40.619667" lon="-0.079150">
        <ele>963.0</ele>
        <time>2015-07-30T12:59:16Z</time>
      </trkpt>
      <trkpt lat="40.619650" lon="-0.079100">
        <ele>963.3</ele>
        <time>2015-07-30T12:59:19Z</time>
      </trkpt>
      <trkpt lat="40.619600" lon="-0.079000">
        <ele>964.4</ele>
        <time>2015-07-30T12:59:26Z</time>
      </trkpt>
      <trkpt lat="40.619567" lon="-0.078916">
        <ele>964.3</ele>
        <time>2015-07-30T12:59:31Z</time>
      </trkpt>
      <trkpt lat="40.619534" lon="-0.078850">
        <ele>964.2</ele>
        <time>2015-07-30T12:59:35Z</time>
      </trkpt>
      <trkpt lat="40.619484" lon="-0.078783">
        <ele>964.0</ele>
        <time>2015-07-30T12:59:41Z</time>
      </trkpt>
      <trkpt lat="40.619400" lon="-0.078683">
        <ele>963.7</ele>
        <time>2015-07-30T12:59:49Z</time>
      </trkpt>
      <trkpt lat="40.619384" lon="-0.078650">
        <ele>963.2</ele>
        <time>2015-07-30T12:59:51Z</time>
      </trkpt>
      <trkpt lat="40.619351" lon="-0.078583">
        <ele>962.9</ele>
        <time>2015-07-30T12:59:55Z</time>
      </trkpt>
      <trkpt lat="40.619317" lon="-0.078517">
        <ele>962.8</ele>
        <time>2015-07-30T13:00:00Z</time>
      </trkpt>
      <trkpt lat="40.619284" lon="-0.078450">
        <ele>962.5</ele>
        <time>2015-07-30T13:00:04Z</time>
      </trkpt>
      <trkpt lat="40.619250" lon="-0.078383">
        <ele>962.3</ele>
        <time>2015-07-30T13:00:09Z</time>
      </trkpt>
      <trkpt lat="40.619233" lon="-0.078283">
        <ele>961.5</ele>
        <time>2015-07-30T13:00:14Z</time>
      </trkpt>
      <trkpt lat="40.619200" lon="-0.078200">
        <ele>961.0</ele>
        <time>2015-07-30T13:00:19Z</time>
      </trkpt>
      <trkpt lat="40.619167" lon="-0.078100">
        <ele>960.3</ele>
        <time>2015-07-30T13:00:25Z</time>
      </trkpt>
      <trkpt lat="40.619150" lon="-0.078033">
        <ele>960.1</ele>
        <time>2015-07-30T13:00:29Z</time>
      </trkpt>
      <trkpt lat="40.619117" lon="-0.077983">
        <ele>959.7</ele>
        <time>2015-07-30T13:00:33Z</time>
      </trkpt>
      <trkpt lat="40.619100" lon="-0.077916">
        <ele>959.7</ele>
        <time>2015-07-30T13:00:37Z</time>
      </trkpt>
      <trkpt lat="40.619084" lon="-0.077850">
        <ele>959.8</ele>
        <time>2015-07-30T13:00:41Z</time>
      </trkpt>
      <trkpt lat="40.619067" lon="-0.077767">
        <ele>959.8</ele>
        <time>2015-07-30T13:00:46Z</time>
      </trkpt>
      <trkpt lat="40.619067" lon="-0.077700">
        <ele>960.1</ele>
        <time>2015-07-30T13:00:49Z</time>
      </trkpt>
      <trkpt lat="40.619050" lon="-0.077633">
        <ele>959.9</ele>
        <time>2015-07-30T13:00:53Z</time>
      </trkpt>
      <trkpt lat="40.619050" lon="-0.077566">
        <ele>960.1</ele>
        <time>2015-07-30T13:00:57Z</time>
      </trkpt>
      <trkpt lat="40.619050" lon="-0.077500">
        <ele>960.2</ele>
        <time>2015-07-30T13:01:00Z</time>
      </trkpt>
      <trkpt lat="40.619050" lon="-0.077433">
        <ele>960.2</ele>
        <time>2015-07-30T13:01:04Z</time>
      </trkpt>
      <trkpt lat="40.619050" lon="-0.077366">
        <ele>960.1</ele>
        <time>2015-07-30T13:01:08Z</time>
      </trkpt>
      <trkpt lat="40.619050" lon="-0.077317">
        <ele>960.2</ele>
        <time>2015-07-30T13:01:11Z</time>
      </trkpt>
      <trkpt lat="40.619050" lon="-0.077233">
        <ele>960.2</ele>
        <time>2015-07-30T13:01:15Z</time>
      </trkpt>
      <trkpt lat="40.619050" lon="-0.077166">
        <ele>960.5</ele>
        <time>2015-07-30T13:01:19Z</time>
      </trkpt>
      <trkpt lat="40.619050" lon="-0.077100">
        <ele>960.1</ele>
        <time>2015-07-30T13:01:23Z</time>
      </trkpt>
      <trkpt lat="40.619050" lon="-0.077050">
        <ele>960.1</ele>
        <time>2015-07-30T13:01:25Z</time>
      </trkpt>
      <trkpt lat="40.619050" lon="-0.076983">
        <ele>960.1</ele>
        <time>2015-07-30T13:01:29Z</time>
      </trkpt>
      <trkpt lat="40.619050" lon="-0.076916">
        <ele>960.0</ele>
        <time>2015-07-30T13:01:33Z</time>
      </trkpt>
      <trkpt lat="40.619033" lon="-0.076867">
        <ele>959.2</ele>
        <time>2015-07-30T13:01:36Z</time>
      </trkpt>
      <trkpt lat="40.619033" lon="-0.076800">
        <ele>959.0</ele>
        <time>2015-07-30T13:01:39Z</time>
      </trkpt>
      <trkpt lat="40.619017" lon="-0.076733">
        <ele>958.0</ele>
        <time>2015-07-30T13:01:43Z</time>
      </trkpt>
      <trkpt lat="40.619017" lon="-0.076667">
        <ele>958.2</ele>
        <time>2015-07-30T13:01:47Z</time>
      </trkpt>
      <trkpt lat="40.619000" lon="-0.076600">
        <ele>958.1</ele>
        <time>2015-07-30T13:01:51Z</time>
      </trkpt>
      <trkpt lat="40.618984" lon="-0.076533">
        <ele>958.1</ele>
        <time>2015-07-30T13:01:55Z</time>
      </trkpt>
      <trkpt lat="40.618967" lon="-0.076466">
        <ele>958.2</ele>
        <time>2015-07-30T13:01:59Z</time>
      </trkpt>
      <trkpt lat="40.618950" lon="-0.076400">
        <ele>958.5</ele>
        <time>2015-07-30T13:02:02Z</time>
      </trkpt>
      <trkpt lat="40.618967" lon="-0.076317">
        <ele>959.5</ele>
        <time>2015-07-30T13:02:07Z</time>
      </trkpt>
      <trkpt lat="40.618984" lon="-0.076250">
        <ele>959.7</ele>
        <time>2015-07-30T13:02:11Z</time>
      </trkpt>
      <trkpt lat="40.619017" lon="-0.076166">
        <ele>959.8</ele>
        <time>2015-07-30T13:02:16Z</time>
      </trkpt>
      <trkpt lat="40.619050" lon="-0.076083">
        <ele>959.6</ele>
        <time>2015-07-30T13:02:21Z</time>
      </trkpt>
      <trkpt lat="40.619100" lon="-0.076033">
        <ele>960.0</ele>
        <time>2015-07-30T13:02:26Z</time>
      </trkpt>
      <trkpt lat="40.619133" lon="-0.075967">
        <ele>959.7</ele>
        <time>2015-07-30T13:02:30Z</time>
      </trkpt>
      <trkpt lat="40.619184" lon="-0.075933">
        <ele>961.5</ele>
        <time>2015-07-30T13:02:35Z</time>
      </trkpt>
      <trkpt lat="40.619233" lon="-0.075883">
        <ele>961.9</ele>
        <time>2015-07-30T13:02:39Z</time>
      </trkpt>
      <trkpt lat="40.619267" lon="-0.075833">
        <ele>962.5</ele>
        <time>2015-07-30T13:02:43Z</time>
      </trkpt>
      <trkpt lat="40.619300" lon="-0.075767">
        <ele>963.2</ele>
        <time>2015-07-30T13:02:47Z</time>
      </trkpt>
      <trkpt lat="40.619317" lon="-0.075683">
        <ele>963.2</ele>
        <time>2015-07-30T13:02:52Z</time>
      </trkpt>
      <trkpt lat="40.619333" lon="-0.075600">
        <ele>963.8</ele>
        <time>2015-07-30T13:02:57Z</time>
      </trkpt>
      <trkpt lat="40.619351" lon="-0.075517">
        <ele>965.1</ele>
        <time>2015-07-30T13:03:01Z</time>
      </trkpt>
      <trkpt lat="40.619351" lon="-0.075433">
        <ele>964.5</ele>
        <time>2015-07-30T13:03:06Z</time>
      </trkpt>
      <trkpt lat="40.619351" lon="-0.075350">
        <ele>964.9</ele>
        <time>2015-07-30T13:03:11Z</time>
      </trkpt>
      <trkpt lat="40.619367" lon="-0.075266">
        <ele>966.1</ele>
        <time>2015-07-30T13:03:15Z</time>
      </trkpt>
      <trkpt lat="40.619351" lon="-0.075183">
        <ele>966.0</ele>
        <time>2015-07-30T13:03:20Z</time>
      </trkpt>
      <trkpt lat="40.619333" lon="-0.075100">
        <ele>966.0</ele>
        <time>2015-07-30T13:03:25Z</time>
      </trkpt>
      <trkpt lat="40.619317" lon="-0.075016">
        <ele>967.1</ele>
        <time>2015-07-30T13:03:30Z</time>
      </trkpt>
      <trkpt lat="40.619300" lon="-0.074933">
        <ele>968.2</ele>
        <time>2015-07-30T13:03:34Z</time>
      </trkpt>
      <trkpt lat="40.619284" lon="-0.074850">
        <ele>968.1</ele>
        <time>2015-07-30T13:03:39Z</time>
      </trkpt>
      <trkpt lat="40.619267" lon="-0.074767">
        <ele>969.2</ele>
        <time>2015-07-30T13:03:44Z</time>
      </trkpt>
      <trkpt lat="40.619250" lon="-0.074700">
        <ele>970.4</ele>
        <time>2015-07-30T13:03:48Z</time>
      </trkpt>
      <trkpt lat="40.619217" lon="-0.074633">
        <ele>970.8</ele>
        <time>2015-07-30T13:03:52Z</time>
      </trkpt>
      <trkpt lat="40.619200" lon="-0.074583">
        <ele>971.7</ele>
        <time>2015-07-30T13:03:55Z</time>
      </trkpt>
      <trkpt lat="40.619167" lon="-0.074517">
        <ele>972.4</ele>
        <time>2015-07-30T13:04:00Z</time>
      </trkpt>
      <trkpt lat="40.619133" lon="-0.074466">
        <ele>972.7</ele>
        <time>2015-07-30T13:04:03Z</time>
      </trkpt>
      <trkpt lat="40.619117" lon="-0.074417">
        <ele>973.7</ele>
        <time>2015-07-30T13:04:06Z</time>
      </trkpt>
      <trkpt lat="40.619084" lon="-0.074350">
        <ele>974.4</ele>
        <time>2015-07-30T13:04:11Z</time>
      </trkpt>
      <trkpt lat="40.619067" lon="-0.074300">
        <ele>975.2</ele>
        <time>2015-07-30T13:04:14Z</time>
      </trkpt>
      <trkpt lat="40.619017" lon="-0.074217">
        <ele>975.9</ele>
        <time>2015-07-30T13:04:20Z</time>
      </trkpt>
      <trkpt lat="40.618984" lon="-0.074116">
        <ele>976.0</ele>
        <time>2015-07-30T13:04:26Z</time>
      </trkpt>
      <trkpt lat="40.618967" lon="-0.074050">
        <ele>975.9</ele>
        <time>2015-07-30T13:04:30Z</time>
      </trkpt>
      <trkpt lat="40.618950" lon="-0.073950">
        <ele>975.1</ele>
        <time>2015-07-30T13:04:35Z</time>
      </trkpt>
      <trkpt lat="40.618950" lon="-0.073833">
        <ele>975.0</ele>
        <time>2015-07-30T13:04:42Z</time>
      </trkpt>
      <trkpt lat="40.618950" lon="-0.073833">
        <ele>975.0</ele>
        <time>2015-07-30T13:04:42Z</time>
      </trkpt>
      <trkpt lat="40.618967" lon="-0.073783">
        <ele>975.0</ele>
        <time>2015-07-30T13:04:45Z</time>
      </trkpt>
      <trkpt lat="40.618984" lon="-0.073700">
        <ele>974.6</ele>
        <time>2015-07-30T13:04:49Z</time>
      </trkpt>
      <trkpt lat="40.619000" lon="-0.073633">
        <ele>974.6</ele>
        <time>2015-07-30T13:04:53Z</time>
      </trkpt>
      <trkpt lat="40.619017" lon="-0.073566">
        <ele>974.5</ele>
        <time>2015-07-30T13:04:57Z</time>
      </trkpt>
      <trkpt lat="40.619017" lon="-0.073500">
        <ele>974.0</ele>
        <time>2015-07-30T13:05:01Z</time>
      </trkpt>
      <trkpt lat="40.619033" lon="-0.073417">
        <ele>974.2</ele>
        <time>2015-07-30T13:05:06Z</time>
      </trkpt>
      <trkpt lat="40.619033" lon="-0.073333">
        <ele>974.1</ele>
        <time>2015-07-30T13:05:10Z</time>
      </trkpt>
      <trkpt lat="40.619050" lon="-0.073250">
        <ele>975.5</ele>
        <time>2015-07-30T13:05:15Z</time>
      </trkpt>
      <trkpt lat="40.619050" lon="-0.073167">
        <ele>976.0</ele>
        <time>2015-07-30T13:05:20Z</time>
      </trkpt>
      <trkpt lat="40.619050" lon="-0.073083">
        <ele>976.6</ele>
        <time>2015-07-30T13:05:24Z</time>
      </trkpt>
      <trkpt lat="40.619050" lon="-0.073016">
        <ele>977.1</ele>
        <time>2015-07-30T13:05:28Z</time>
      </trkpt>
      <trkpt lat="40.619050" lon="-0.072950">
        <ele>977.6</ele>
        <time>2015-07-30T13:05:32Z</time>
      </trkpt>
      <trkpt lat="40.619033" lon="-0.072833">
        <ele>977.4</ele>
        <time>2015-07-30T13:05:38Z</time>
      </trkpt>
      <trkpt lat="40.619017" lon="-0.072733">
        <ele>977.3</ele>
        <time>2015-07-30T13:05:44Z</time>
      </trkpt>
      <trkpt lat="40.619000" lon="-0.072617">
        <ele>977.4</ele>
        <time>2015-07-30T13:05:50Z</time>
      </trkpt>
      <trkpt lat="40.618984" lon="-0.072566">
        <ele>976.9</ele>
        <time>2015-07-30T13:05:53Z</time>
      </trkpt>
      <trkpt lat="40.618967" lon="-0.072450">
        <ele>976.8</ele>
        <time>2015-07-30T13:06:00Z</time>
      </trkpt>
      <trkpt lat="40.618967" lon="-0.072383">
        <ele>977.4</ele>
        <time>2015-07-30T13:06:04Z</time>
      </trkpt>
      <trkpt lat="40.618950" lon="-0.072333">
        <ele>977.1</ele>
        <time>2015-07-30T13:06:07Z</time>
      </trkpt>
      <trkpt lat="40.618934" lon="-0.072216">
        <ele>977.7</ele>
        <time>2015-07-30T13:06:13Z</time>
      </trkpt>
      <trkpt lat="40.618917" lon="-0.072116">
        <ele>977.7</ele>
        <time>2015-07-30T13:06:19Z</time>
      </trkpt>
      <trkpt lat="40.618900" lon="-0.072016">
        <ele>977.9</ele>
        <time>2015-07-30T13:06:25Z</time>
      </trkpt>
      <trkpt lat="40.618883" lon="-0.071916">
        <ele>978.0</ele>
        <time>2015-07-30T13:06:30Z</time>
      </trkpt>
      <trkpt lat="40.618867" lon="-0.071833">
        <ele>977.8</ele>
        <time>2015-07-30T13:06:35Z</time>
      </trkpt>
      <trkpt lat="40.618867" lon="-0.071750">
        <ele>978.7</ele>
        <time>2015-07-30T13:06:40Z</time>
      </trkpt>
      <trkpt lat="40.618834" lon="-0.071566">
        <ele>979.3</ele>
        <time>2015-07-30T13:06:50Z</time>
      </trkpt>
      <trkpt lat="40.618834" lon="-0.071533">
        <ele>979.5</ele>
        <time>2015-07-30T13:06:52Z</time>
      </trkpt>
      <trkpt lat="40.618800" lon="-0.071450">
        <ele>978.7</ele>
        <time>2015-07-30T13:06:57Z</time>
      </trkpt>
      <trkpt lat="40.618734" lon="-0.071366">
        <ele>977.2</ele>
        <time>2015-07-30T13:07:04Z</time>
      </trkpt>
      <trkpt lat="40.618650" lon="-0.071333">
        <ele>976.4</ele>
        <time>2015-07-30T13:07:10Z</time>
      </trkpt>
      <trkpt lat="40.618583" lon="-0.071300">
        <ele>975.8</ele>
        <time>2015-07-30T13:07:15Z</time>
      </trkpt>
      <trkpt lat="40.618517" lon="-0.071267">
        <ele>975.3</ele>
        <time>2015-07-30T13:07:20Z</time>
      </trkpt>
      <trkpt lat="40.618433" lon="-0.071217">
        <ele>974.2</ele>
        <time>2015-07-30T13:07:27Z</time>
      </trkpt>
      <trkpt lat="40.618367" lon="-0.071167">
        <ele>972.9</ele>
        <time>2015-07-30T13:07:33Z</time>
      </trkpt>
      <trkpt lat="40.618284" lon="-0.071133">
        <ele>972.0</ele>
        <time>2015-07-30T13:07:39Z</time>
      </trkpt>
      <trkpt lat="40.618217" lon="-0.071116">
        <ele>971.7</ele>
        <time>2015-07-30T13:07:44Z</time>
      </trkpt>
      <trkpt lat="40.618167" lon="-0.071083">
        <ele>971.9</ele>
        <time>2015-07-30T13:07:48Z</time>
      </trkpt>
      <trkpt lat="40.618100" lon="-0.071033">
        <ele>972.9</ele>
        <time>2015-07-30T13:07:54Z</time>
      </trkpt>
      <trkpt lat="40.618033" lon="-0.070983">
        <ele>973.4</ele>
        <time>2015-07-30T13:07:59Z</time>
      </trkpt>
      <trkpt lat="40.617967" lon="-0.070933">
        <ele>973.8</ele>
        <time>2015-07-30T13:08:05Z</time>
      </trkpt>
      <trkpt lat="40.617917" lon="-0.070866">
        <ele>974.7</ele>
        <time>2015-07-30T13:08:10Z</time>
      </trkpt>
      <trkpt lat="40.617867" lon="-0.070816">
        <ele>975.6</ele>
        <time>2015-07-30T13:08:15Z</time>
      </trkpt>
      <trkpt lat="40.617817" lon="-0.070766">
        <ele>976.1</ele>
        <time>2015-07-30T13:08:19Z</time>
      </trkpt>
      <trkpt lat="40.617767" lon="-0.070717">
        <ele>976.0</ele>
        <time>2015-07-30T13:08:24Z</time>
      </trkpt>
      <trkpt lat="40.617734" lon="-0.070666">
        <ele>975.9</ele>
        <time>2015-07-30T13:08:27Z</time>
      </trkpt>
      <trkpt lat="40.617734" lon="-0.070666">
        <ele>975.9</ele>
        <time>2015-07-30T13:08:27Z</time>
      </trkpt>
      <trkpt lat="40.617700" lon="-0.070600">
        <ele>976.1</ele>
        <time>2015-07-30T13:08:32Z</time>
      </trkpt>
      <trkpt lat="40.617700" lon="-0.070533">
        <ele>976.9</ele>
        <time>2015-07-30T13:08:35Z</time>
      </trkpt>
      <trkpt lat="40.617700" lon="-0.070450">
        <ele>977.5</ele>
        <time>2015-07-30T13:08:40Z</time>
      </trkpt>
      <trkpt lat="40.617700" lon="-0.070383">
        <ele>977.6</ele>
        <time>2015-07-30T13:08:44Z</time>
      </trkpt>
      <trkpt lat="40.617734" lon="-0.070299">
        <ele>978.6</ele>
        <time>2015-07-30T13:08:49Z</time>
      </trkpt>
      <trkpt lat="40.617767" lon="-0.070200">
        <ele>979.4</ele>
        <time>2015-07-30T13:08:55Z</time>
      </trkpt>
      <trkpt lat="40.617817" lon="-0.070100">
        <ele>980.5</ele>
        <time>2015-07-30T13:09:02Z</time>
      </trkpt>
      <trkpt lat="40.617867" lon="-0.070000">
        <ele>981.4</ele>
        <time>2015-07-30T13:09:08Z</time>
      </trkpt>
      <trkpt lat="40.617917" lon="-0.069900">
        <ele>982.7</ele>
        <time>2015-07-30T13:09:15Z</time>
      </trkpt>
      <trkpt lat="40.617950" lon="-0.069783">
        <ele>983.8</ele>
        <time>2015-07-30T13:09:22Z</time>
      </trkpt>
      <trkpt lat="40.618000" lon="-0.069666">
        <ele>985.4</ele>
        <time>2015-07-30T13:09:29Z</time>
      </trkpt>
      <trkpt lat="40.618033" lon="-0.069550">
        <ele>986.6</ele>
        <time>2015-07-30T13:09:36Z</time>
      </trkpt>
      <trkpt lat="40.618084" lon="-0.069433">
        <ele>988.0</ele>
        <time>2015-07-30T13:09:43Z</time>
      </trkpt>
      <trkpt lat="40.618133" lon="-0.069316">
        <ele>989.4</ele>
        <time>2015-07-30T13:09:51Z</time>
      </trkpt>
      <trkpt lat="40.618184" lon="-0.069216">
        <ele>990.7</ele>
        <time>2015-07-30T13:09:57Z</time>
      </trkpt>
      <trkpt lat="40.618217" lon="-0.069116">
        <ele>991.5</ele>
        <time>2015-07-30T13:10:03Z</time>
      </trkpt>
      <trkpt lat="40.618250" lon="-0.069000">
        <ele>991.9</ele>
        <time>2015-07-30T13:10:10Z</time>
      </trkpt>
      <trkpt lat="40.618284" lon="-0.068900">
        <ele>992.5</ele>
        <time>2015-07-30T13:10:16Z</time>
      </trkpt>
      <trkpt lat="40.618300" lon="-0.068783">
        <ele>993.1</ele>
        <time>2015-07-30T13:10:23Z</time>
      </trkpt>
      <trkpt lat="40.618317" lon="-0.068666">
        <ele>994.0</ele>
        <time>2015-07-30T13:10:29Z</time>
      </trkpt>
      <trkpt lat="40.618333" lon="-0.068550">
        <ele>994.7</ele>
        <time>2015-07-30T13:10:36Z</time>
      </trkpt>
      <trkpt lat="40.618350" lon="-0.068450">
        <ele>995.5</ele>
        <time>2015-07-30T13:10:42Z</time>
      </trkpt>
      <trkpt lat="40.618384" lon="-0.068333">
        <ele>996.1</ele>
        <time>2015-07-30T13:10:49Z</time>
      </trkpt>
      <trkpt lat="40.618400" lon="-0.068233">
        <ele>996.6</ele>
        <time>2015-07-30T13:10:54Z</time>
      </trkpt>
      <trkpt lat="40.618433" lon="-0.068133">
        <ele>997.3</ele>
        <time>2015-07-30T13:11:00Z</time>
      </trkpt>
      <trkpt lat="40.618467" lon="-0.068033">
        <ele>998.3</ele>
        <time>2015-07-30T13:11:06Z</time>
      </trkpt>
      <trkpt lat="40.618484" lon="-0.067917">
        <ele>999.2</ele>
        <time>2015-07-30T13:11:13Z</time>
      </trkpt>
      <trkpt lat="40.618517" lon="-0.067817">
        <ele>1000.7</ele>
        <time>2015-07-30T13:11:19Z</time>
      </trkpt>
      <trkpt lat="40.618517" lon="-0.067717">
        <ele>1001.3</ele>
        <time>2015-07-30T13:11:24Z</time>
      </trkpt>
      <trkpt lat="40.618533" lon="-0.067617">
        <ele>1002.4</ele>
        <time>2015-07-30T13:11:30Z</time>
      </trkpt>
      <trkpt lat="40.618550" lon="-0.067517">
        <ele>1003.5</ele>
        <time>2015-07-30T13:11:36Z</time>
      </trkpt>
      <trkpt lat="40.618550" lon="-0.067416">
        <ele>1004.6</ele>
        <time>2015-07-30T13:11:41Z</time>
      </trkpt>
      <trkpt lat="40.618567" lon="-0.067333">
        <ele>1005.7</ele>
        <time>2015-07-30T13:11:46Z</time>
      </trkpt>
      <trkpt lat="40.618583" lon="-0.067267">
        <ele>1006.5</ele>
        <time>2015-07-30T13:11:50Z</time>
      </trkpt>
      <trkpt lat="40.618583" lon="-0.067183">
        <ele>1007.6</ele>
        <time>2015-07-30T13:11:54Z</time>
      </trkpt>
      <trkpt lat="40.618583" lon="-0.067133">
        <ele>1008.2</ele>
        <time>2015-07-30T13:11:57Z</time>
      </trkpt>
      <trkpt lat="40.618617" lon="-0.067033">
        <ele>1009.1</ele>
        <time>2015-07-30T13:12:03Z</time>
      </trkpt>
      <trkpt lat="40.618634" lon="-0.066950">
        <ele>1010.4</ele>
        <time>2015-07-30T13:12:08Z</time>
      </trkpt>
      <trkpt lat="40.618667" lon="-0.066850">
        <ele>1010.8</ele>
        <time>2015-07-30T13:12:14Z</time>
      </trkpt>
      <trkpt lat="40.618700" lon="-0.066750">
        <ele>1010.6</ele>
        <time>2015-07-30T13:12:20Z</time>
      </trkpt>
      <trkpt lat="40.618700" lon="-0.066750">
        <ele>1010.6</ele>
        <time>2015-07-30T13:12:20Z</time>
      </trkpt>
      <trkpt lat="40.618701" lon="-0.066745">
        <ele>1010.6</ele>
        <time>2015-07-30T13:12:20Z</time>
      </trkpt>
      <trkpt lat="40.618720" lon="-0.066680">
        <ele>1010.2</ele>
        <time>2015-07-30T13:12:24Z</time>
      </trkpt>
      <trkpt lat="40.618737" lon="-0.066657">
        <ele>1009.4</ele>
        <time>2015-07-30T13:12:26Z</time>
      </trkpt>
      <trkpt lat="40.618767" lon="-0.066583">
        <ele>1007.7</ele>
        <time>2015-07-30T13:12:31Z</time>
      </trkpt>
      <trkpt lat="40.618783" lon="-0.066467">
        <ele>1006.5</ele>
        <time>2015-07-30T13:12:37Z</time>
      </trkpt>
      <trkpt lat="40.618783" lon="-0.066450">
        <ele>1006.5</ele>
        <time>2015-07-30T13:12:38Z</time>
      </trkpt>
      <trkpt lat="40.618883" lon="-0.066333">
        <ele>1006.4</ele>
        <time>2015-07-30T13:12:48Z</time>
      </trkpt>
      <trkpt lat="40.618883" lon="-0.066333">
        <ele>1006.4</ele>
        <time>2015-07-30T13:12:48Z</time>
      </trkpt>
      <trkpt lat="40.619050" lon="-0.066300">
        <ele>1008.1</ele>
        <time>2015-07-30T13:13:00Z</time>
      </trkpt>
      <trkpt lat="40.619133" lon="-0.066283">
        <ele>1009.5</ele>
        <time>2015-07-30T13:13:06Z</time>
      </trkpt>
      <trkpt lat="40.619217" lon="-0.066250">
        <ele>1010.8</ele>
        <time>2015-07-30T13:13:13Z</time>
      </trkpt>
      <trkpt lat="40.619300" lon="-0.066216">
        <ele>1011.5</ele>
        <time>2015-07-30T13:13:19Z</time>
      </trkpt>
      <trkpt lat="40.619384" lon="-0.066183">
        <ele>1012.8</ele>
        <time>2015-07-30T13:13:25Z</time>
      </trkpt>
      <trkpt lat="40.619400" lon="-0.066183">
        <ele>1013.4</ele>
        <time>2015-07-30T13:13:26Z</time>
      </trkpt>
      <trkpt lat="40.619550" lon="-0.066250">
        <ele>1015.9</ele>
        <time>2015-07-30T13:13:38Z</time>
      </trkpt>
      <trkpt lat="40.619600" lon="-0.066200">
        <ele>1018.1</ele>
        <time>2015-07-30T13:13:43Z</time>
      </trkpt>
      <trkpt lat="40.619600" lon="-0.066200">
        <ele>1018.1</ele>
        <time>2015-07-30T13:13:43Z</time>
      </trkpt>
      <trkpt lat="40.619717" lon="-0.066050">
        <ele>1021.3</ele>
        <time>2015-07-30T13:13:54Z</time>
      </trkpt>
      <trkpt lat="40.619783" lon="-0.065983">
        <ele>1019.0</ele>
        <time>2015-07-30T13:14:00Z</time>
      </trkpt>
      <trkpt lat="40.619834" lon="-0.065900">
        <ele>1018.6</ele>
        <time>2015-07-30T13:14:06Z</time>
      </trkpt>
      <trkpt lat="40.619850" lon="-0.065900">
        <ele>1017.5</ele>
        <time>2015-07-30T13:14:08Z</time>
      </trkpt>
      <trkpt lat="40.619967" lon="-0.065766">
        <ele>1016.5</ele>
        <time>2015-07-30T13:14:19Z</time>
      </trkpt>
      <trkpt lat="40.620050" lon="-0.065700">
        <ele>1014.6</ele>
        <time>2015-07-30T13:14:26Z</time>
      </trkpt>
      <trkpt lat="40.620100" lon="-0.065633">
        <ele>1015.3</ele>
        <time>2015-07-30T13:14:31Z</time>
      </trkpt>
      <trkpt lat="40.620200" lon="-0.065633">
        <ele>1013.6</ele>
        <time>2015-07-30T13:14:38Z</time>
      </trkpt>
      <trkpt lat="40.620267" lon="-0.065583">
        <ele>1014.7</ele>
        <time>2015-07-30T13:14:44Z</time>
      </trkpt>
      <trkpt lat="40.620284" lon="-0.065567">
        <ele>1015.0</ele>
        <time>2015-07-30T13:14:45Z</time>
      </trkpt>
      <trkpt lat="40.620433" lon="-0.065516">
        <ele>1015.5</ele>
        <time>2015-07-30T13:14:57Z</time>
      </trkpt>
      <trkpt lat="40.620517" lon="-0.065500">
        <ele>1014.9</ele>
        <time>2015-07-30T13:15:03Z</time>
      </trkpt>
      <trkpt lat="40.620600" lon="-0.065450">
        <ele>1015.2</ele>
        <time>2015-07-30T13:15:10Z</time>
      </trkpt>
      <trkpt lat="40.620683" lon="-0.065500">
        <ele>1012.2</ele>
        <time>2015-07-30T13:15:16Z</time>
      </trkpt>
      <trkpt lat="40.620667" lon="-0.065516">
        <ele>1012.1</ele>
        <time>2015-07-30T13:15:18Z</time>
      </trkpt>
      <trkpt lat="40.620850" lon="-0.065467">
        <ele>1009.4</ele>
        <time>2015-07-30T13:15:31Z</time>
      </trkpt>
      <trkpt lat="40.620933" lon="-0.065450">
        <ele>1007.9</ele>
        <time>2015-07-30T13:15:37Z</time>
      </trkpt>
      <trkpt lat="40.621017" lon="-0.065467">
        <ele>1005.4</ele>
        <time>2015-07-30T13:15:44Z</time>
      </trkpt>
      <trkpt lat="40.621033" lon="-0.065483">
        <ele>1004.6</ele>
        <time>2015-07-30T13:15:45Z</time>
      </trkpt>
      <trkpt lat="40.621100" lon="-0.065516">
        <ele>1003.1</ele>
        <time>2015-07-30T13:15:50Z</time>
      </trkpt>
      <trkpt lat="40.621267" lon="-0.065500">
        <ele>1002.0</ele>
        <time>2015-07-30T13:16:02Z</time>
      </trkpt>
      <trkpt lat="40.621350" lon="-0.065450">
        <ele>1004.7</ele>
        <time>2015-07-30T13:16:09Z</time>
      </trkpt>
      <trkpt lat="40.621434" lon="-0.065483">
        <ele>1003.9</ele>
        <time>2015-07-30T13:16:15Z</time>
      </trkpt>
      <trkpt lat="40.621517" lon="-0.065450">
        <ele>1005.9</ele>
        <time>2015-07-30T13:16:22Z</time>
      </trkpt>
      <trkpt lat="40.621517" lon="-0.065450">
        <ele>1005.9</ele>
        <time>2015-07-30T13:16:22Z</time>
      </trkpt>
      <trkpt lat="40.621683" lon="-0.065483">
        <ele>1006.4</ele>
        <time>2015-07-30T13:16:34Z</time>
      </trkpt>
      <trkpt lat="40.621767" lon="-0.065500">
        <ele>1006.4</ele>
        <time>2015-07-30T13:16:40Z</time>
      </trkpt>
      <trkpt lat="40.621850" lon="-0.065500">
        <ele>1006.8</ele>
        <time>2015-07-30T13:16:46Z</time>
      </trkpt>
      <trkpt lat="40.621933" lon="-0.065450">
        <ele>1008.2</ele>
        <time>2015-07-30T13:16:53Z</time>
      </trkpt>
      <trkpt lat="40.621984" lon="-0.065367">
        <ele>1009.7</ele>
        <time>2015-07-30T13:16:59Z</time>
      </trkpt>
      <trkpt lat="40.622000" lon="-0.065350">
        <ele>1010.2</ele>
        <time>2015-07-30T13:17:00Z</time>
      </trkpt>
      <trkpt lat="40.622017" lon="-0.065133">
        <ele>1012.1</ele>
        <time>2015-07-30T13:17:12Z</time>
      </trkpt>
      <trkpt lat="40.622067" lon="-0.065050">
        <ele>1013.6</ele>
        <time>2015-07-30T13:17:18Z</time>
      </trkpt>
      <trkpt lat="40.622150" lon="-0.065017">
        <ele>1014.9</ele>
        <time>2015-07-30T13:17:25Z</time>
      </trkpt>
      <trkpt lat="40.622233" lon="-0.065067">
        <ele>1015.0</ele>
        <time>2015-07-30T13:17:31Z</time>
      </trkpt>
      <trkpt lat="40.622233" lon="-0.065067">
        <ele>1015.0</ele>
        <time>2015-07-30T13:17:31Z</time>
      </trkpt>
      <trkpt lat="40.622317" lon="-0.064866">
        <ele>1015.8</ele>
        <time>2015-07-30T13:17:44Z</time>
      </trkpt>
      <trkpt lat="40.622367" lon="-0.064800">
        <ele>1016.0</ele>
        <time>2015-07-30T13:17:49Z</time>
      </trkpt>
      <trkpt lat="40.622417" lon="-0.064700">
        <ele>1016.4</ele>
        <time>2015-07-30T13:17:56Z</time>
      </trkpt>
      <trkpt lat="40.622417" lon="-0.064583">
        <ele>1017.7</ele>
        <time>2015-07-30T13:18:02Z</time>
      </trkpt>
      <trkpt lat="40.622434" lon="-0.064567">
        <ele>1017.7</ele>
        <time>2015-07-30T13:18:04Z</time>
      </trkpt>
      <trkpt lat="40.622467" lon="-0.064383">
        <ele>1019.6</ele>
        <time>2015-07-30T13:18:14Z</time>
      </trkpt>
      <trkpt lat="40.622517" lon="-0.064300">
        <ele>1020.6</ele>
        <time>2015-07-30T13:18:20Z</time>
      </trkpt>
      <trkpt lat="40.622600" lon="-0.064333">
        <ele>1020.6</ele>
        <time>2015-07-30T13:18:26Z</time>
      </trkpt>
      <trkpt lat="40.622684" lon="-0.064283">
        <ele>1021.9</ele>
        <time>2015-07-30T13:18:33Z</time>
      </trkpt>
      <trkpt lat="40.622684" lon="-0.064283">
        <ele>1021.9</ele>
        <time>2015-07-30T13:18:33Z</time>
      </trkpt>
      <trkpt lat="40.622833" lon="-0.064200">
        <ele>1020.2</ele>
        <time>2015-07-30T13:18:45Z</time>
      </trkpt>
      <trkpt lat="40.622831" lon="-0.064199">
        <ele>1020.3</ele>
        <time>2015-07-30T13:18:45Z</time>
        <sat>7</sat>
      </trkpt>
      <trkpt lat="40.622851" lon="-0.064174">
        <ele>1020.4</ele>
        <time>2015-07-30T13:18:47Z</time>
        <sat>7</sat>
      </trkpt>
      <trkpt lat="40.622946" lon="-0.064117">
        <ele>1020.6</ele>
        <time>2015-07-30T13:18:54Z</time>
        <sat>7</sat>
      </trkpt>
      <trkpt lat="40.623024" lon="-0.064059">
        <ele>1022.1</ele>
        <time>2015-07-30T13:19:01Z</time>
        <sat>7</sat>
      </trkpt>
      <trkpt lat="40.623085" lon="-0.063949">
        <ele>1024.3</ele>
        <time>2015-07-30T13:19:08Z</time>
        <sat>7</sat>
      </trkpt>
      <trkpt lat="40.623134" lon="-0.063828">
        <ele>1026.2</ele>
        <time>2015-07-30T13:19:16Z</time>
        <sat>7</sat>
      </trkpt>
      <trkpt lat="40.623178" lon="-0.063595">
        <ele>1028.3</ele>
        <time>2015-07-30T13:19:29Z</time>
        <sat>7</sat>
      </trkpt>
      <trkpt lat="40.623224" lon="-0.063451">
        <ele>1030.0</ele>
        <time>2015-07-30T13:19:38Z</time>
        <sat>7</sat>
      </trkpt>
      <trkpt lat="40.623263" lon="-0.063306">
        <ele>1030.9</ele>
        <time>2015-07-30T13:19:46Z</time>
        <sat>7</sat>
      </trkpt>
      <trkpt lat="40.623289" lon="-0.063143">
        <ele>1032.0</ele>
        <time>2015-07-30T13:19:56Z</time>
        <sat>7</sat>
      </trkpt>
      <trkpt lat="40.623306" lon="-0.062991">
        <ele>1032.4</ele>
        <time>2015-07-30T13:20:04Z</time>
        <sat>7</sat>
      </trkpt>
      <trkpt lat="40.623342" lon="-0.062834">
        <ele>1033.9</ele>
        <time>2015-07-30T13:20:13Z</time>
        <sat>7</sat>
      </trkpt>
      <trkpt lat="40.623361" lon="-0.062680">
        <ele>1034.8</ele>
        <time>2015-07-30T13:20:22Z</time>
        <sat>7</sat>
      </trkpt>
      <trkpt lat="40.623380" lon="-0.062528">
        <ele>1035.7</ele>
        <time>2015-07-30T13:20:30Z</time>
        <sat>7</sat>
      </trkpt>
      <trkpt lat="40.623397" lon="-0.062384">
        <ele>1036.6</ele>
        <time>2015-07-30T13:20:38Z</time>
        <sat>7</sat>
      </trkpt>
      <trkpt lat="40.623407" lon="-0.062227">
        <ele>1037.2</ele>
        <time>2015-07-30T13:20:47Z</time>
        <sat>7</sat>
      </trkpt>
      <trkpt lat="40.623446" lon="-0.062085">
        <ele>1038.1</ele>
        <time>2015-07-30T13:20:55Z</time>
        <sat>8</sat>
      </trkpt>
      <trkpt lat="40.623484" lon="-0.061953">
        <ele>1039.4</ele>
        <time>2015-07-30T13:21:03Z</time>
        <sat>8</sat>
      </trkpt>
      <trkpt lat="40.623530" lon="-0.061816">
        <ele>1039.9</ele>
        <time>2015-07-30T13:21:11Z</time>
        <sat>8</sat>
      </trkpt>
      <trkpt lat="40.623577" lon="-0.061698">
        <ele>1041.0</ele>
        <time>2015-07-30T13:21:19Z</time>
        <sat>8</sat>
      </trkpt>
      <trkpt lat="40.623622" lon="-0.061586">
        <ele>1041.7</ele>
        <time>2015-07-30T13:21:26Z</time>
        <sat>8</sat>
      </trkpt>
      <trkpt lat="40.623657" lon="-0.061461">
        <ele>1042.4</ele>
        <time>2015-07-30T13:21:33Z</time>
        <sat>8</sat>
      </trkpt>
      <trkpt lat="40.623677" lon="-0.061317">
        <ele>1043.1</ele>
        <time>2015-07-30T13:21:41Z</time>
        <sat>8</sat>
      </trkpt>
      <trkpt lat="40.623722" lon="-0.061191">
        <ele>1044.2</ele>
        <time>2015-07-30T13:21:49Z</time>
        <sat>8</sat>
      </trkpt>
      <trkpt lat="40.623769" lon="-0.061084">
        <ele>1044.7</ele>
        <time>2015-07-30T13:21:56Z</time>
        <sat>8</sat>
      </trkpt>
      <trkpt lat="40.623786" lon="-0.060963">
        <ele>1045.1</ele>
        <time>2015-07-30T13:22:03Z</time>
        <sat>8</sat>
      </trkpt>
      <trkpt lat="40.623817" lon="-0.060834">
        <ele>1045.9</ele>
        <time>2015-07-30T13:22:10Z</time>
        <sat>8</sat>
      </trkpt>
      <trkpt lat="40.623860" lon="-0.060719">
        <ele>1046.7</ele>
        <time>2015-07-30T13:22:17Z</time>
        <sat>7</sat>
      </trkpt>
      <trkpt lat="40.623921" lon="-0.060576">
        <ele>1046.5</ele>
        <time>2015-07-30T13:22:26Z</time>
        <sat>8</sat>
      </trkpt>
      <trkpt lat="40.623977" lon="-0.060449">
        <ele>1048.3</ele>
        <time>2015-07-30T13:22:34Z</time>
        <sat>8</sat>
      </trkpt>
      <trkpt lat="40.623999" lon="-0.060296">
        <ele>1049.2</ele>
        <time>2015-07-30T13:22:43Z</time>
        <sat>8</sat>
      </trkpt>
      <trkpt lat="40.623991" lon="-0.060121">
        <ele>1049.5</ele>
        <time>2015-07-30T13:22:53Z</time>
        <sat>8</sat>
      </trkpt>
      <trkpt lat="40.623979" lon="-0.060001">
        <ele>1050.3</ele>
        <time>2015-07-30T13:22:59Z</time>
        <sat>8</sat>
      </trkpt>
      <trkpt lat="40.623953" lon="-0.059867">
        <ele>1050.8</ele>
        <time>2015-07-30T13:23:07Z</time>
        <sat>8</sat>
      </trkpt>
      <trkpt lat="40.623943" lon="-0.059741">
        <ele>1050.7</ele>
        <time>2015-07-30T13:23:14Z</time>
        <sat>8</sat>
      </trkpt>
      <trkpt lat="40.623934" lon="-0.059586">
        <ele>1049.8</ele>
        <time>2015-07-30T13:23:23Z</time>
        <sat>8</sat>
      </trkpt>
      <trkpt lat="40.623931" lon="-0.059431">
        <ele>1049.5</ele>
        <time>2015-07-30T13:23:31Z</time>
        <sat>8</sat>
      </trkpt>
      <trkpt lat="40.623939" lon="-0.059313">
        <ele>1050.3</ele>
        <time>2015-07-30T13:23:38Z</time>
        <sat>8</sat>
      </trkpt>
      <trkpt lat="40.623935" lon="-0.059191">
        <ele>1049.8</ele>
        <time>2015-07-30T13:23:44Z</time>
        <sat>8</sat>
      </trkpt>
      <trkpt lat="40.623914" lon="-0.059059">
        <ele>1048.9</ele>
        <time>2015-07-30T13:23:52Z</time>
        <sat>8</sat>
      </trkpt>
      <trkpt lat="40.623902" lon="-0.058923">
        <ele>1048.1</ele>
        <time>2015-07-30T13:23:59Z</time>
        <sat>8</sat>
      </trkpt>
      <trkpt lat="40.623881" lon="-0.058781">
        <ele>1047.9</ele>
        <time>2015-07-30T13:24:07Z</time>
        <sat>8</sat>
      </trkpt>
      <trkpt lat="40.623845" lon="-0.058664">
        <ele>1046.3</ele>
        <time>2015-07-30T13:24:14Z</time>
        <sat>8</sat>
      </trkpt>
      <trkpt lat="40.623812" lon="-0.058536">
        <ele>1045.8</ele>
        <time>2015-07-30T13:24:22Z</time>
        <sat>8</sat>
      </trkpt>
      <trkpt lat="40.623799" lon="-0.058412">
        <ele>1044.6</ele>
        <time>2015-07-30T13:24:29Z</time>
        <sat>8</sat>
      </trkpt>
      <trkpt lat="40.623764" lon="-0.058291">
        <ele>1043.8</ele>
        <time>2015-07-30T13:24:36Z</time>
        <sat>8</sat>
      </trkpt>
      <trkpt lat="40.623739" lon="-0.058159">
        <ele>1043.0</ele>
        <time>2015-07-30T13:24:43Z</time>
        <sat>8</sat>
      </trkpt>
      <trkpt lat="40.623776" lon="-0.058051">
        <ele>1042.1</ele>
        <time>2015-07-30T13:24:50Z</time>
        <sat>8</sat>
      </trkpt>
      <trkpt lat="40.623797" lon="-0.057926">
        <ele>1040.1</ele>
        <time>2015-07-30T13:24:57Z</time>
        <sat>8</sat>
      </trkpt>
      <trkpt lat="40.623797" lon="-0.057801">
        <ele>1039.0</ele>
        <time>2015-07-30T13:25:04Z</time>
        <sat>8</sat>
      </trkpt>
      <trkpt lat="40.623801" lon="-0.057671">
        <ele>1038.1</ele>
        <time>2015-07-30T13:25:11Z</time>
        <sat>8</sat>
      </trkpt>
      <trkpt lat="40.623802" lon="-0.057536">
        <ele>1037.8</ele>
        <time>2015-07-30T13:25:19Z</time>
        <sat>8</sat>
      </trkpt>
      <trkpt lat="40.623814" lon="-0.057400">
        <ele>1038.5</ele>
        <time>2015-07-30T13:25:26Z</time>
        <sat>8</sat>
      </trkpt>
      <trkpt lat="40.623807" lon="-0.057253">
        <ele>1039.9</ele>
        <time>2015-07-30T13:25:34Z</time>
        <sat>8</sat>
      </trkpt>
      <trkpt lat="40.623789" lon="-0.057094">
        <ele>1041.7</ele>
        <time>2015-07-30T13:25:43Z</time>
        <sat>8</sat>
      </trkpt>
      <trkpt lat="40.623744" lon="-0.056960">
        <ele>1041.3</ele>
        <time>2015-07-30T13:25:51Z</time>
        <sat>8</sat>
      </trkpt>
      <trkpt lat="40.623671" lon="-0.056835">
        <ele>1040.5</ele>
        <time>2015-07-30T13:26:00Z</time>
        <sat>8</sat>
      </trkpt>
      <trkpt lat="40.623625" lon="-0.056686">
        <ele>1041.0</ele>
        <time>2015-07-30T13:26:09Z</time>
        <sat>8</sat>
      </trkpt>
      <trkpt lat="40.623579" lon="-0.056571">
        <ele>1041.0</ele>
        <time>2015-07-30T13:26:16Z</time>
        <sat>8</sat>
      </trkpt>
      <trkpt lat="40.623529" lon="-0.056453">
        <ele>1041.8</ele>
        <time>2015-07-30T13:26:24Z</time>
        <sat>8</sat>
      </trkpt>
      <trkpt lat="40.623503" lon="-0.056281">
        <ele>1042.9</ele>
        <time>2015-07-30T13:26:33Z</time>
        <sat>8</sat>
      </trkpt>
      <trkpt lat="40.623459" lon="-0.056166">
        <ele>1043.3</ele>
        <time>2015-07-30T13:26:40Z</time>
        <sat>8</sat>
      </trkpt>
      <trkpt lat="40.623422" lon="-0.056041">
        <ele>1044.0</ele>
        <time>2015-07-30T13:26:48Z</time>
        <sat>8</sat>
      </trkpt>
      <trkpt lat="40.623379" lon="-0.055924">
        <ele>1044.7</ele>
        <time>2015-07-30T13:26:55Z</time>
        <sat>8</sat>
      </trkpt>
      <trkpt lat="40.623354" lon="-0.055808">
        <ele>1044.8</ele>
        <time>2015-07-30T13:27:02Z</time>
        <sat>8</sat>
      </trkpt>
      <trkpt lat="40.623324" lon="-0.055636">
        <ele>1044.9</ele>
        <time>2015-07-30T13:27:11Z</time>
        <sat>8</sat>
      </trkpt>
      <trkpt lat="40.623321" lon="-0.055493">
        <ele>1044.5</ele>
        <time>2015-07-30T13:27:19Z</time>
        <sat>8</sat>
      </trkpt>
      <trkpt lat="40.623385" lon="-0.055396">
        <ele>1046.0</ele>
        <time>2015-07-30T13:27:26Z</time>
        <sat>8</sat>
      </trkpt>
      <trkpt lat="40.623439" lon="-0.055255">
        <ele>1045.8</ele>
        <time>2015-07-30T13:27:35Z</time>
        <sat>8</sat>
      </trkpt>
      <trkpt lat="40.623474" lon="-0.055106">
        <ele>1044.4</ele>
        <time>2015-07-30T13:27:44Z</time>
        <sat>8</sat>
      </trkpt>
      <trkpt lat="40.623525" lon="-0.054948">
        <ele>1044.3</ele>
        <time>2015-07-30T13:27:53Z</time>
        <sat>8</sat>
      </trkpt>
      <trkpt lat="40.623559" lon="-0.054813">
        <ele>1046.6</ele>
        <time>2015-07-30T13:28:01Z</time>
        <sat>8</sat>
      </trkpt>
      <trkpt lat="40.623522" lon="-0.054663">
        <ele>1048.2</ele>
        <time>2015-07-30T13:28:10Z</time>
        <sat>8</sat>
      </trkpt>
      <trkpt lat="40.623464" lon="-0.054554">
        <ele>1051.1</ele>
        <time>2015-07-30T13:28:17Z</time>
        <sat>8</sat>
      </trkpt>
      <trkpt lat="40.623359" lon="-0.054502">
        <ele>1052.0</ele>
        <time>2015-07-30T13:28:25Z</time>
        <sat>8</sat>
      </trkpt>
      <trkpt lat="40.623274" lon="-0.054416">
        <ele>1052.4</ele>
        <time>2015-07-30T13:28:33Z</time>
        <sat>8</sat>
      </trkpt>
      <trkpt lat="40.623315" lon="-0.054280">
        <ele>1054.4</ele>
        <time>2015-07-30T13:28:41Z</time>
        <sat>8</sat>
      </trkpt>
      <trkpt lat="40.623354" lon="-0.054160">
        <ele>1055.7</ele>
        <time>2015-07-30T13:28:48Z</time>
        <sat>8</sat>
      </trkpt>
      <trkpt lat="40.623430" lon="-0.054051">
        <ele>1057.0</ele>
        <time>2015-07-30T13:28:57Z</time>
        <sat>8</sat>
      </trkpt>
      <trkpt lat="40.623541" lon="-0.053938">
        <ele>1058.2</ele>
        <time>2015-07-30T13:29:07Z</time>
        <sat>8</sat>
      </trkpt>
      <trkpt lat="40.623634" lon="-0.053828">
        <ele>1060.0</ele>
        <time>2015-07-30T13:29:16Z</time>
        <sat>8</sat>
      </trkpt>
      <trkpt lat="40.623704" lon="-0.053703">
        <ele>1060.9</ele>
        <time>2015-07-30T13:29:24Z</time>
        <sat>8</sat>
      </trkpt>
      <trkpt lat="40.623759" lon="-0.053568">
        <ele>1061.4</ele>
        <time>2015-07-30T13:29:33Z</time>
        <sat>7</sat>
      </trkpt>
      <trkpt lat="40.623771" lon="-0.053409">
        <ele>1063.7</ele>
        <time>2015-07-30T13:29:42Z</time>
        <sat>8</sat>
      </trkpt>
      <trkpt lat="40.623738" lon="-0.053265">
        <ele>1066.3</ele>
        <time>2015-07-30T13:29:50Z</time>
        <sat>8</sat>
      </trkpt>
      <trkpt lat="40.623677" lon="-0.053114">
        <ele>1066.4</ele>
        <time>2015-07-30T13:29:59Z</time>
        <sat>8</sat>
      </trkpt>
      <trkpt lat="40.623625" lon="-0.052974">
        <ele>1066.4</ele>
        <time>2015-07-30T13:30:08Z</time>
        <sat>8</sat>
      </trkpt>
      <trkpt lat="40.623593" lon="-0.052833">
        <ele>1065.2</ele>
        <time>2015-07-30T13:30:16Z</time>
        <sat>8</sat>
      </trkpt>
      <trkpt lat="40.623561" lon="-0.052691">
        <ele>1063.4</ele>
        <time>2015-07-30T13:30:24Z</time>
        <sat>8</sat>
      </trkpt>
      <trkpt lat="40.623534" lon="-0.052573">
        <ele>1062.6</ele>
        <time>2015-07-30T13:30:31Z</time>
        <sat>8</sat>
      </trkpt>
      <trkpt lat="40.623491" lon="-0.052436">
        <ele>1062.5</ele>
        <time>2015-07-30T13:30:39Z</time>
        <sat>7</sat>
      </trkpt>
      <trkpt lat="40.623387" lon="-0.052341">
        <ele>1064.6</ele>
        <time>2015-07-30T13:30:49Z</time>
        <sat>7</sat>
      </trkpt>
      <trkpt lat="40.623293" lon="-0.052279">
        <ele>1065.5</ele>
        <time>2015-07-30T13:30:56Z</time>
        <sat>7</sat>
      </trkpt>
      <trkpt lat="40.623201" lon="-0.052209">
        <ele>1066.5</ele>
        <time>2015-07-30T13:31:04Z</time>
        <sat>7</sat>
      </trkpt>
      <trkpt lat="40.623119" lon="-0.052150">
        <ele>1068.0</ele>
        <time>2015-07-30T13:31:11Z</time>
        <sat>8</sat>
      </trkpt>
      <trkpt lat="40.623036" lon="-0.052089">
        <ele>1068.9</ele>
        <time>2015-07-30T13:31:18Z</time>
        <sat>8</sat>
      </trkpt>
      <trkpt lat="40.622948" lon="-0.052017">
        <ele>1069.9</ele>
        <time>2015-07-30T13:31:25Z</time>
        <sat>8</sat>
      </trkpt>
      <trkpt lat="40.622857" lon="-0.051941">
        <ele>1070.7</ele>
        <time>2015-07-30T13:31:33Z</time>
        <sat>8</sat>
      </trkpt>
      <trkpt lat="40.622776" lon="-0.051846">
        <ele>1070.7</ele>
        <time>2015-07-30T13:31:41Z</time>
        <sat>8</sat>
      </trkpt>
      <trkpt lat="40.622719" lon="-0.051711">
        <ele>1070.6</ele>
        <time>2015-07-30T13:31:49Z</time>
        <sat>8</sat>
      </trkpt>
      <trkpt lat="40.622661" lon="-0.051589">
        <ele>1070.5</ele>
        <time>2015-07-30T13:31:57Z</time>
        <sat>8</sat>
      </trkpt>
      <trkpt lat="40.622634" lon="-0.051474">
        <ele>1071.3</ele>
        <time>2015-07-30T13:32:04Z</time>
        <sat>8</sat>
      </trkpt>
      <trkpt lat="40.622614" lon="-0.051351">
        <ele>1072.0</ele>
        <time>2015-07-30T13:32:11Z</time>
        <sat>8</sat>
      </trkpt>
      <trkpt lat="40.622586" lon="-0.051229">
        <ele>1072.2</ele>
        <time>2015-07-30T13:32:18Z</time>
        <sat>8</sat>
      </trkpt>
      <trkpt lat="40.622601" lon="-0.051104">
        <ele>1072.7</ele>
        <time>2015-07-30T13:32:25Z</time>
        <sat>8</sat>
      </trkpt>
      <trkpt lat="40.622659" lon="-0.050961">
        <ele>1073.9</ele>
        <time>2015-07-30T13:32:34Z</time>
        <sat>8</sat>
      </trkpt>
      <trkpt lat="40.622705" lon="-0.050833">
        <ele>1074.4</ele>
        <time>2015-07-30T13:32:42Z</time>
        <sat>8</sat>
      </trkpt>
      <trkpt lat="40.622738" lon="-0.050693">
        <ele>1074.4</ele>
        <time>2015-07-30T13:32:50Z</time>
        <sat>8</sat>
      </trkpt>
      <trkpt lat="40.622794" lon="-0.050539">
        <ele>1075.0</ele>
        <time>2015-07-30T13:32:59Z</time>
        <sat>8</sat>
      </trkpt>
      <trkpt lat="40.622860" lon="-0.050429">
        <ele>1075.8</ele>
        <time>2015-07-30T13:33:07Z</time>
        <sat>7</sat>
      </trkpt>
      <trkpt lat="40.622917" lon="-0.050331">
        <ele>1076.1</ele>
        <time>2015-07-30T13:33:14Z</time>
        <sat>8</sat>
      </trkpt>
      <trkpt lat="40.622973" lon="-0.050194">
        <ele>1075.8</ele>
        <time>2015-07-30T13:33:22Z</time>
        <sat>7</sat>
      </trkpt>
      <trkpt lat="40.623027" lon="-0.050052">
        <ele>1075.7</ele>
        <time>2015-07-30T13:33:31Z</time>
        <sat>7</sat>
      </trkpt>
      <trkpt lat="40.623099" lon="-0.049933">
        <ele>1076.4</ele>
        <time>2015-07-30T13:33:40Z</time>
        <sat>7</sat>
      </trkpt>
      <trkpt lat="40.623173" lon="-0.049832">
        <ele>1078.6</ele>
        <time>2015-07-30T13:33:47Z</time>
        <sat>7</sat>
      </trkpt>
      <trkpt lat="40.623183" lon="-0.049706">
        <ele>1080.0</ele>
        <time>2015-07-30T13:33:54Z</time>
        <sat>6</sat>
      </trkpt>
      <trkpt lat="40.623104" lon="-0.049637">
        <ele>1079.9</ele>
        <time>2015-07-30T13:34:01Z</time>
        <sat>8</sat>
      </trkpt>
      <trkpt lat="40.623026" lon="-0.049558">
        <ele>1079.9</ele>
        <time>2015-07-30T13:34:08Z</time>
        <sat>7</sat>
      </trkpt>
      <trkpt lat="40.622966" lon="-0.049453">
        <ele>1081.7</ele>
        <time>2015-07-30T13:34:16Z</time>
        <sat>8</sat>
      </trkpt>
      <trkpt lat="40.622872" lon="-0.049330">
        <ele>1083.6</ele>
        <time>2015-07-30T13:34:25Z</time>
        <sat>7</sat>
      </trkpt>
      <trkpt lat="40.622826" lon="-0.049211">
        <ele>1084.7</ele>
        <time>2015-07-30T13:34:33Z</time>
        <sat>7</sat>
      </trkpt>
      <trkpt lat="40.622784" lon="-0.049070">
        <ele>1085.7</ele>
        <time>2015-07-30T13:34:41Z</time>
        <sat>7</sat>
      </trkpt>
      <trkpt lat="40.622769" lon="-0.048931">
        <ele>1087.0</ele>
        <time>2015-07-30T13:34:49Z</time>
        <sat>8</sat>
      </trkpt>
      <trkpt lat="40.622751" lon="-0.048808">
        <ele>1088.2</ele>
        <time>2015-07-30T13:34:56Z</time>
        <sat>8</sat>
      </trkpt>
      <trkpt lat="40.622713" lon="-0.048661">
        <ele>1089.7</ele>
        <time>2015-07-30T13:35:04Z</time>
        <sat>8</sat>
      </trkpt>
      <trkpt lat="40.622667" lon="-0.048495">
        <ele>1091.6</ele>
        <time>2015-07-30T13:35:14Z</time>
        <sat>8</sat>
      </trkpt>
      <trkpt lat="40.622626" lon="-0.048387">
        <ele>1092.5</ele>
        <time>2015-07-30T13:35:21Z</time>
        <sat>8</sat>
      </trkpt>
      <trkpt lat="40.622574" lon="-0.048289">
        <ele>1093.0</ele>
        <time>2015-07-30T13:35:27Z</time>
        <sat>8</sat>
      </trkpt>
      <trkpt lat="40.622523" lon="-0.048171">
        <ele>1093.5</ele>
        <time>2015-07-30T13:35:35Z</time>
        <sat>8</sat>
      </trkpt>
      <trkpt lat="40.622471" lon="-0.048006">
        <ele>1094.8</ele>
        <time>2015-07-30T13:35:45Z</time>
        <sat>8</sat>
      </trkpt>
      <trkpt lat="40.622429" lon="-0.047899">
        <ele>1095.1</ele>
        <time>2015-07-30T13:35:51Z</time>
        <sat>8</sat>
      </trkpt>
      <trkpt lat="40.622399" lon="-0.047758">
        <ele>1096.7</ele>
        <time>2015-07-30T13:36:00Z</time>
        <sat>8</sat>
      </trkpt>
      <trkpt lat="40.622394" lon="-0.047612">
        <ele>1099.0</ele>
        <time>2015-07-30T13:36:08Z</time>
        <sat>8</sat>
      </trkpt>
      <trkpt lat="40.622400" lon="-0.047478">
        <ele>1100.6</ele>
        <time>2015-07-30T13:36:15Z</time>
        <sat>8</sat>
      </trkpt>
      <trkpt lat="40.622453" lon="-0.047374">
        <ele>1102.2</ele>
        <time>2015-07-30T13:36:22Z</time>
        <sat>8</sat>
      </trkpt>
      <trkpt lat="40.622520" lon="-0.047258">
        <ele>1103.6</ele>
        <time>2015-07-30T13:36:30Z</time>
        <sat>7</sat>
      </trkpt>
      <trkpt lat="40.622507" lon="-0.047138">
        <ele>1104.4</ele>
        <time>2015-07-30T13:36:37Z</time>
        <sat>8</sat>
      </trkpt>
      <trkpt lat="40.622474" lon="-0.046976">
        <ele>1105.0</ele>
        <time>2015-07-30T13:36:46Z</time>
        <sat>8</sat>
      </trkpt>
      <trkpt lat="40.622467" lon="-0.046827">
        <ele>1104.8</ele>
        <time>2015-07-30T13:36:54Z</time>
        <sat>8</sat>
      </trkpt>
      <trkpt lat="40.622511" lon="-0.046694">
        <ele>1105.0</ele>
        <time>2015-07-30T13:37:02Z</time>
        <sat>9</sat>
      </trkpt>
      <trkpt lat="40.622577" lon="-0.046581">
        <ele>1106.0</ele>
        <time>2015-07-30T13:37:10Z</time>
        <sat>9</sat>
      </trkpt>
      <trkpt lat="40.622619" lon="-0.046436">
        <ele>1106.1</ele>
        <time>2015-07-30T13:37:19Z</time>
        <sat>8</sat>
      </trkpt>
      <trkpt lat="40.622644" lon="-0.046286">
        <ele>1106.2</ele>
        <time>2015-07-30T13:37:27Z</time>
        <sat>8</sat>
      </trkpt>
      <trkpt lat="40.622630" lon="-0.046126">
        <ele>1106.2</ele>
        <time>2015-07-30T13:37:36Z</time>
        <sat>8</sat>
      </trkpt>
      <trkpt lat="40.622608" lon="-0.045978">
        <ele>1105.4</ele>
        <time>2015-07-30T13:37:44Z</time>
        <sat>8</sat>
      </trkpt>
      <trkpt lat="40.622611" lon="-0.045809">
        <ele>1105.1</ele>
        <time>2015-07-30T13:37:54Z</time>
        <sat>8</sat>
      </trkpt>
      <trkpt lat="40.622626" lon="-0.045643">
        <ele>1104.3</ele>
        <time>2015-07-30T13:38:03Z</time>
        <sat>8</sat>
      </trkpt>
      <trkpt lat="40.622656" lon="-0.045521">
        <ele>1104.5</ele>
        <time>2015-07-30T13:38:10Z</time>
        <sat>8</sat>
      </trkpt>
      <trkpt lat="40.622677" lon="-0.045397">
        <ele>1104.8</ele>
        <time>2015-07-30T13:38:17Z</time>
        <sat>8</sat>
      </trkpt>
      <trkpt lat="40.622687" lon="-0.045251">
        <ele>1105.2</ele>
        <time>2015-07-30T13:38:25Z</time>
        <sat>8</sat>
      </trkpt>
      <trkpt lat="40.622699" lon="-0.045133">
        <ele>1105.9</ele>
        <time>2015-07-30T13:38:32Z</time>
        <sat>8</sat>
      </trkpt>
      <trkpt lat="40.622780" lon="-0.045113">
        <ele>1106.2</ele>
        <time>2015-07-30T13:38:38Z</time>
        <sat>7</sat>
      </trkpt>
      <trkpt lat="40.622780" lon="-0.045113">
        <ele>1106.2</ele>
        <time>2015-07-30T13:38:38Z</time>
        <sat>7</sat>
      </trkpt>
      <trkpt lat="40.622742" lon="-0.044879">
        <ele>1105.7</ele>
        <time>2015-07-30T13:38:51Z</time>
        <sat>7</sat>
      </trkpt>
      <trkpt lat="40.622727" lon="-0.044824">
        <ele>1105.4</ele>
        <time>2015-07-30T13:38:54Z</time>
      </trkpt>
      <trkpt lat="40.622666" lon="-0.044422">
        <ele>1104.9</ele>
        <time>2015-07-30T13:39:17Z</time>
      </trkpt>
      <trkpt lat="40.622647" lon="-0.044086">
        <ele>1105.0</ele>
        <time>2015-07-30T13:39:35Z</time>
      </trkpt>
      <trkpt lat="40.622630" lon="-0.043723">
        <ele>1105.3</ele>
        <time>2015-07-30T13:39:55Z</time>
      </trkpt>
      <trkpt lat="40.622608" lon="-0.043356">
        <ele>1105.1</ele>
        <time>2015-07-30T13:40:16Z</time>
      </trkpt>
      <trkpt lat="40.622576" lon="-0.042995">
        <ele>1105.1</ele>
        <time>2015-07-30T13:40:36Z</time>
      </trkpt>
      <trkpt lat="40.622540" lon="-0.042634">
        <ele>1104.5</ele>
        <time>2015-07-30T13:40:56Z</time>
      </trkpt>
      <trkpt lat="40.622496" lon="-0.042201">
        <ele>1103.9</ele>
        <time>2015-07-30T13:41:20Z</time>
      </trkpt>
      <trkpt lat="40.622466" lon="-0.041775">
        <ele>1103.4</ele>
        <time>2015-07-30T13:41:44Z</time>
      </trkpt>
      <trkpt lat="40.622481" lon="-0.041444">
        <ele>1103.9</ele>
        <time>2015-07-30T13:42:02Z</time>
      </trkpt>
      <trkpt lat="40.622478" lon="-0.041142">
        <ele>1103.9</ele>
        <time>2015-07-30T13:42:19Z</time>
      </trkpt>
      <trkpt lat="40.622461" lon="-0.040980">
        <ele>1103.6</ele>
        <time>2015-07-30T13:42:28Z</time>
      </trkpt>
      <trkpt lat="40.622424" lon="-0.040803">
        <ele>1103.5</ele>
        <time>2015-07-30T13:42:38Z</time>
      </trkpt>
      <trkpt lat="40.622341" lon="-0.040618">
        <ele>1103.1</ele>
        <time>2015-07-30T13:42:50Z</time>
      </trkpt>
      <trkpt lat="40.622215" lon="-0.040502">
        <ele>1102.8</ele>
        <time>2015-07-30T13:43:01Z</time>
      </trkpt>
      <trkpt lat="40.622070" lon="-0.040403">
        <ele>1102.4</ele>
        <time>2015-07-30T13:43:13Z</time>
      </trkpt>
      <trkpt lat="40.621897" lon="-0.040305">
        <ele>1102.2</ele>
        <time>2015-07-30T13:43:27Z</time>
      </trkpt>
      <trkpt lat="40.621705" lon="-0.040193">
        <ele>1102.2</ele>
        <time>2015-07-30T13:43:42Z</time>
      </trkpt>
      <trkpt lat="40.621514" lon="-0.040072">
        <ele>1102.3</ele>
        <time>2015-07-30T13:43:57Z</time>
      </trkpt>
      <trkpt lat="40.621331" lon="-0.039928">
        <ele>1102.5</ele>
        <time>2015-07-30T13:44:13Z</time>
      </trkpt>
      <trkpt lat="40.621113" lon="-0.039687">
        <ele>1103.2</ele>
        <time>2015-07-30T13:44:34Z</time>
      </trkpt>
      <trkpt lat="40.620876" lon="-0.039459">
        <ele>1103.9</ele>
        <time>2015-07-30T13:44:55Z</time>
      </trkpt>
      <trkpt lat="40.620594" lon="-0.039248">
        <ele>1103.8</ele>
        <time>2015-07-30T13:45:19Z</time>
      </trkpt>
      <trkpt lat="40.620290" lon="-0.039012">
        <ele>1103.8</ele>
        <time>2015-07-30T13:45:44Z</time>
      </trkpt>
      <trkpt lat="40.619915" lon="-0.038703">
        <ele>1104.4</ele>
        <time>2015-07-30T13:46:16Z</time>
      </trkpt>
      <trkpt lat="40.619326" lon="-0.038273">
        <ele>1105.6</ele>
        <time>2015-07-30T13:47:05Z</time>
      </trkpt>
      <trkpt lat="40.618727" lon="-0.037892">
        <ele>1104.8</ele>
        <time>2015-07-30T13:47:54Z</time>
      </trkpt>
      <trkpt lat="40.618277" lon="-0.037631">
        <ele>1100.7</ele>
        <time>2015-07-30T13:48:30Z</time>
      </trkpt>
      <trkpt lat="40.618053" lon="-0.037432">
        <ele>1097.6</ele>
        <time>2015-07-30T13:48:49Z</time>
      </trkpt>
      <trkpt lat="40.617759" lon="-0.037141">
        <ele>1093.2</ele>
        <time>2015-07-30T13:49:16Z</time>
      </trkpt>
      <trkpt lat="40.617387" lon="-0.036665">
        <ele>1087.9</ele>
        <time>2015-07-30T13:49:54Z</time>
      </trkpt>
      <trkpt lat="40.616960" lon="-0.036133">
        <ele>1082.4</ele>
        <time>2015-07-30T13:50:37Z</time>
      </trkpt>
      <trkpt lat="40.616521" lon="-0.035617">
        <ele>1076.6</ele>
        <time>2015-07-30T13:51:19Z</time>
      </trkpt>
      <trkpt lat="40.616077" lon="-0.035109">
        <ele>1068.6</ele>
        <time>2015-07-30T13:52:02Z</time>
      </trkpt>
      <trkpt lat="40.615641" lon="-0.034595">
        <ele>1062.1</ele>
        <time>2015-07-30T13:52:45Z</time>
      </trkpt>
      <trkpt lat="40.615290" lon="-0.034060">
        <ele>1057.1</ele>
        <time>2015-07-30T13:53:24Z</time>
      </trkpt>
      <trkpt lat="40.614906" lon="-0.033427">
        <ele>1051.0</ele>
        <time>2015-07-30T13:54:09Z</time>
      </trkpt>
      <trkpt lat="40.614671" lon="-0.033056">
        <ele>1048.6</ele>
        <time>2015-07-30T13:54:35Z</time>
      </trkpt>
      <trkpt lat="40.614510" lon="-0.032921">
        <ele>1047.4</ele>
        <time>2015-07-30T13:54:49Z</time>
      </trkpt>
      <trkpt lat="40.614347" lon="-0.032821">
        <ele>1046.2</ele>
        <time>2015-07-30T13:55:02Z</time>
      </trkpt>
      <trkpt lat="40.614147" lon="-0.032593">
        <ele>1043.6</ele>
        <time>2015-07-30T13:55:22Z</time>
      </trkpt>
      <trkpt lat="40.613923" lon="-0.032321">
        <ele>1042.0</ele>
        <time>2015-07-30T13:55:44Z</time>
      </trkpt>
      <trkpt lat="40.613678" lon="-0.032149">
        <ele>1041.1</ele>
        <time>2015-07-30T13:56:04Z</time>
      </trkpt>
      <trkpt lat="40.613450" lon="-0.031977">
        <ele>1040.8</ele>
        <time>2015-07-30T13:56:23Z</time>
      </trkpt>
      <trkpt lat="40.613329" lon="-0.031711">
        <ele>1040.6</ele>
        <time>2015-07-30T13:56:40Z</time>
      </trkpt>
      <trkpt lat="40.613196" lon="-0.031440">
        <ele>1040.6</ele>
        <time>2015-07-30T13:56:58Z</time>
      </trkpt>
      <trkpt lat="40.613075" lon="-0.031143">
        <ele>1040.0</ele>
        <time>2015-07-30T13:57:17Z</time>
      </trkpt>
      <trkpt lat="40.612995" lon="-0.030993">
        <ele>1039.6</ele>
        <time>2015-07-30T13:57:27Z</time>
      </trkpt>
      <trkpt lat="40.612897" lon="-0.030935">
        <ele>1038.9</ele>
        <time>2015-07-30T13:57:35Z</time>
      </trkpt>
      <trkpt lat="40.612757" lon="-0.030883">
        <ele>1037.9</ele>
        <time>2015-07-30T13:57:45Z</time>
      </trkpt>
      <trkpt lat="40.612218" lon="-0.030844">
        <ele>1032.9</ele>
        <time>2015-07-30T13:58:24Z</time>
      </trkpt>
      <trkpt lat="40.611865" lon="-0.030803">
        <ele>1030.7</ele>
        <time>2015-07-30T13:58:50Z</time>
      </trkpt>
      <trkpt lat="40.611700" lon="-0.030827">
        <ele>1029.6</ele>
        <time>2015-07-30T13:59:02Z</time>
      </trkpt>
      <trkpt lat="40.611551" lon="-0.030884">
        <ele>1028.7</ele>
        <time>2015-07-30T13:59:14Z</time>
      </trkpt>
      <trkpt lat="40.611363" lon="-0.031002">
        <ele>1027.6</ele>
        <time>2015-07-30T13:59:29Z</time>
      </trkpt>
      <trkpt lat="40.611121" lon="-0.031160">
        <ele>1027.4</ele>
        <time>2015-07-30T13:59:48Z</time>
      </trkpt>
      <trkpt lat="40.610871" lon="-0.031321">
        <ele>1028.1</ele>
        <time>2015-07-30T14:00:09Z</time>
      </trkpt>
      <trkpt lat="40.610682" lon="-0.031480">
        <ele>1029.1</ele>
        <time>2015-07-30T14:00:25Z</time>
      </trkpt>
      <trkpt lat="40.610619" lon="-0.031618">
        <ele>1029.6</ele>
        <time>2015-07-30T14:00:34Z</time>
      </trkpt>
      <trkpt lat="40.610619" lon="-0.031618">
        <ele>1029.6</ele>
        <time>2015-07-30T14:00:34Z</time>
      </trkpt>
      <trkpt lat="40.610528" lon="-0.031544">
        <ele>1029.6</ele>
        <time>2015-07-30T14:00:42Z</time>
      </trkpt>
      <trkpt lat="40.610305" lon="-0.031512">
        <ele>1030.0</ele>
        <time>2015-07-30T14:00:58Z</time>
      </trkpt>
      <trkpt lat="40.609926" lon="-0.031449">
        <ele>1030.7</ele>
        <time>2015-07-30T14:01:26Z</time>
      </trkpt>
      <trkpt lat="40.609557" lon="-0.031324">
        <ele>1031.7</ele>
        <time>2015-07-30T14:01:54Z</time>
      </trkpt>
      <trkpt lat="40.609189" lon="-0.031315">
        <ele>1032.8</ele>
        <time>2015-07-30T14:02:20Z</time>
      </trkpt>
      <trkpt lat="40.608878" lon="-0.031296">
        <ele>1033.5</ele>
        <time>2015-07-30T14:02:43Z</time>
      </trkpt>
      <trkpt lat="40.608602" lon="-0.031187">
        <ele>1034.2</ele>
        <time>2015-07-30T14:03:04Z</time>
      </trkpt>
      <trkpt lat="40.608176" lon="-0.030973">
        <ele>1035.4</ele>
        <time>2015-07-30T14:03:37Z</time>
      </trkpt>
      <trkpt lat="40.607941" lon="-0.030840">
        <ele>1036.8</ele>
        <time>2015-07-30T14:03:56Z</time>
      </trkpt>
      <trkpt lat="40.607821" lon="-0.030737">
        <ele>1037.1</ele>
        <time>2015-07-30T14:04:06Z</time>
      </trkpt>
      <trkpt lat="40.607667" lon="-0.030632">
        <ele>1038.2</ele>
        <time>2015-07-30T14:04:19Z</time>
      </trkpt>
      <trkpt lat="40.607472" lon="-0.030529">
        <ele>1039.3</ele>
        <time>2015-07-30T14:04:34Z</time>
      </trkpt>
      <trkpt lat="40.607251" lon="-0.030429">
        <ele>1040.8</ele>
        <time>2015-07-30T14:04:51Z</time>
      </trkpt>
      <trkpt lat="40.607096" lon="-0.030275">
        <ele>1042.6</ele>
        <time>2015-07-30T14:05:05Z</time>
      </trkpt>
      <trkpt lat="40.606939" lon="-0.030049">
        <ele>1045.2</ele>
        <time>2015-07-30T14:05:22Z</time>
      </trkpt>
      <trkpt lat="40.606810" lon="-0.029924">
        <ele>1046.1</ele>
        <time>2015-07-30T14:05:34Z</time>
      </trkpt>
      <trkpt lat="40.606655" lon="-0.029796">
        <ele>1046.3</ele>
        <time>2015-07-30T14:05:47Z</time>
      </trkpt>
      <trkpt lat="40.606490" lon="-0.029438">
        <ele>1048.7</ele>
        <time>2015-07-30T14:06:10Z</time>
      </trkpt>
      <trkpt lat="40.606309" lon="-0.029125">
        <ele>1051.1</ele>
        <time>2015-07-30T14:06:32Z</time>
      </trkpt>
      <trkpt lat="40.606161" lon="-0.028899">
        <ele>1052.8</ele>
        <time>2015-07-30T14:06:48Z</time>
      </trkpt>
      <trkpt lat="40.606036" lon="-0.028544">
        <ele>1053.9</ele>
        <time>2015-07-30T14:07:10Z</time>
      </trkpt>
      <trkpt lat="40.605770" lon="-0.028177">
        <ele>1056.4</ele>
        <time>2015-07-30T14:07:38Z</time>
      </trkpt>
      <trkpt lat="40.605469" lon="-0.027782">
        <ele>1058.3</ele>
        <time>2015-07-30T14:08:09Z</time>
      </trkpt>
      <trkpt lat="40.605269" lon="-0.027398">
        <ele>1060.2</ele>
        <time>2015-07-30T14:08:35Z</time>
      </trkpt>
      <trkpt lat="40.605184" lon="-0.027287">
        <ele>1060.7</ele>
        <time>2015-07-30T14:08:44Z</time>
      </trkpt>
      <trkpt lat="40.605135" lon="-0.027133">
        <ele>1061.4</ele>
        <time>2015-07-30T14:08:53Z</time>
      </trkpt>
      <trkpt lat="40.604962" lon="-0.026930">
        <ele>1061.9</ele>
        <time>2015-07-30T14:09:10Z</time>
      </trkpt>
      <trkpt lat="40.604830" lon="-0.026670">
        <ele>1063.5</ele>
        <time>2015-07-30T14:09:27Z</time>
      </trkpt>
      <trkpt lat="40.604762" lon="-0.026357">
        <ele>1064.0</ele>
        <time>2015-07-30T14:09:45Z</time>
      </trkpt>
      <trkpt lat="40.604691" lon="-0.025958">
        <ele>1065.2</ele>
        <time>2015-07-30T14:10:07Z</time>
      </trkpt>
      <trkpt lat="40.604591" lon="-0.025731">
        <ele>1066.3</ele>
        <time>2015-07-30T14:10:22Z</time>
      </trkpt>
      <trkpt lat="40.604466" lon="-0.025511">
        <ele>1067.0</ele>
        <time>2015-07-30T14:10:37Z</time>
      </trkpt>
      <trkpt lat="40.604435" lon="-0.025353">
        <ele>1067.2</ele>
        <time>2015-07-30T14:10:46Z</time>
      </trkpt>
      <trkpt lat="40.604475" lon="-0.024833">
        <ele>1070.9</ele>
        <time>2015-07-30T14:11:15Z</time>
      </trkpt>
      <trkpt lat="40.604422" lon="-0.024601">
        <ele>1071.9</ele>
        <time>2015-07-30T14:11:28Z</time>
      </trkpt>
      <trkpt lat="40.604401" lon="-0.024266">
        <ele>1073.4</ele>
        <time>2015-07-30T14:11:47Z</time>
      </trkpt>
      <trkpt lat="40.604367" lon="-0.023953">
        <ele>1074.3</ele>
        <time>2015-07-30T14:12:05Z</time>
      </trkpt>
      <trkpt lat="40.604356" lon="-0.023642">
        <ele>1074.6</ele>
        <time>2015-07-30T14:12:22Z</time>
      </trkpt>
      <trkpt lat="40.604351" lon="-0.023342">
        <ele>1074.9</ele>
        <time>2015-07-30T14:12:38Z</time>
      </trkpt>
      <trkpt lat="40.604305" lon="-0.023218">
        <ele>1075.1</ele>
        <time>2015-07-30T14:12:46Z</time>
      </trkpt>
      <trkpt lat="40.604204" lon="-0.023090">
        <ele>1075.0</ele>
        <time>2015-07-30T14:12:56Z</time>
      </trkpt>
      <trkpt lat="40.604031" lon="-0.022882">
        <ele>1075.3</ele>
        <time>2015-07-30T14:13:13Z</time>
      </trkpt>
      <trkpt lat="40.603871" lon="-0.022674">
        <ele>1076.3</ele>
        <time>2015-07-30T14:13:29Z</time>
      </trkpt>
      <trkpt lat="40.603782" lon="-0.022467">
        <ele>1077.6</ele>
        <time>2015-07-30T14:13:43Z</time>
      </trkpt>
      <trkpt lat="40.603420" lon="-0.021878">
        <ele>1082.8</ele>
        <time>2015-07-30T14:14:24Z</time>
      </trkpt>
      <trkpt lat="40.603253" lon="-0.021548">
        <ele>1085.9</ele>
        <time>2015-07-30T14:14:46Z</time>
      </trkpt>
      <trkpt lat="40.603199" lon="-0.021378">
        <ele>1087.4</ele>
        <time>2015-07-30T14:14:57Z</time>
      </trkpt>
      <trkpt lat="40.603159" lon="-0.021182">
        <ele>1089.3</ele>
        <time>2015-07-30T14:15:08Z</time>
      </trkpt>
      <trkpt lat="40.603075" lon="-0.020904">
        <ele>1091.7</ele>
        <time>2015-07-30T14:15:24Z</time>
      </trkpt>
      <trkpt lat="40.602984" lon="-0.020626">
        <ele>1094.2</ele>
        <time>2015-07-30T14:15:41Z</time>
      </trkpt>
      <trkpt lat="40.602862" lon="-0.020350">
        <ele>1096.5</ele>
        <time>2015-07-30T14:15:59Z</time>
      </trkpt>
      <trkpt lat="40.602774" lon="-0.020128">
        <ele>1097.9</ele>
        <time>2015-07-30T14:16:13Z</time>
      </trkpt>
      <trkpt lat="40.602721" lon="-0.019892">
        <ele>1098.6</ele>
        <time>2015-07-30T14:16:26Z</time>
      </trkpt>
      <trkpt lat="40.602646" lon="-0.019716">
        <ele>1098.8</ele>
        <time>2015-07-30T14:16:37Z</time>
      </trkpt>
      <trkpt lat="40.602534" lon="-0.019575">
        <ele>1098.3</ele>
        <time>2015-07-30T14:16:49Z</time>
      </trkpt>
      <trkpt lat="40.602374" lon="-0.019436">
        <ele>1097.6</ele>
        <time>2015-07-30T14:17:03Z</time>
      </trkpt>
      <trkpt lat="40.602156" lon="-0.019214">
        <ele>1097.0</ele>
        <time>2015-07-30T14:17:23Z</time>
      </trkpt>
      <trkpt lat="40.602033" lon="-0.019088">
        <ele>1096.3</ele>
        <time>2015-07-30T14:17:34Z</time>
      </trkpt>
      <trkpt lat="40.601930" lon="-0.018917">
        <ele>1096.2</ele>
        <time>2015-07-30T14:17:46Z</time>
      </trkpt>
      <trkpt lat="40.601752" lon="-0.018687">
        <ele>1095.2</ele>
        <time>2015-07-30T14:18:04Z</time>
      </trkpt>
      <trkpt lat="40.601644" lon="-0.018557">
        <ele>1095.0</ele>
        <time>2015-07-30T14:18:15Z</time>
      </trkpt>
      <trkpt lat="40.601482" lon="-0.018422">
        <ele>1094.7</ele>
        <time>2015-07-30T14:18:29Z</time>
      </trkpt>
      <trkpt lat="40.601245" lon="-0.018253">
        <ele>1096.3</ele>
        <time>2015-07-30T14:18:48Z</time>
      </trkpt>
      <trkpt lat="40.600905" lon="-0.018029">
        <ele>1096.5</ele>
        <time>2015-07-30T14:19:16Z</time>
      </trkpt>
      <trkpt lat="40.600678" lon="-0.017855">
        <ele>1097.3</ele>
        <time>2015-07-30T14:19:35Z</time>
      </trkpt>
      <trkpt lat="40.600575" lon="-0.017755">
        <ele>1098.0</ele>
        <time>2015-07-30T14:19:45Z</time>
      </trkpt>
      <trkpt lat="40.600466" lon="-0.017709">
        <ele>1097.9</ele>
        <time>2015-07-30T14:19:53Z</time>
      </trkpt>
      <trkpt lat="40.600311" lon="-0.017624">
        <ele>1099.1</ele>
        <time>2015-07-30T14:20:05Z</time>
      </trkpt>
      <trkpt lat="40.600214" lon="-0.017438">
        <ele>1100.8</ele>
        <time>2015-07-30T14:20:17Z</time>
      </trkpt>
      <trkpt lat="40.600163" lon="-0.017222">
        <ele>1103.8</ele>
        <time>2015-07-30T14:20:30Z</time>
      </trkpt>
      <trkpt lat="40.600069" lon="-0.017067">
        <ele>1106.3</ele>
        <time>2015-07-30T14:20:41Z</time>
      </trkpt>
      <trkpt lat="40.599930" lon="-0.016944">
        <ele>1107.9</ele>
        <time>2015-07-30T14:20:53Z</time>
      </trkpt>
      <trkpt lat="40.599852" lon="-0.016789">
        <ele>1110.2</ele>
        <time>2015-07-30T14:21:03Z</time>
      </trkpt>
      <trkpt lat="40.599802" lon="-0.016541">
        <ele>1113.3</ele>
        <time>2015-07-30T14:21:18Z</time>
      </trkpt>
      <trkpt lat="40.599802" lon="-0.016456">
        <ele>1114.0</ele>
        <time>2015-07-30T14:21:22Z</time>
      </trkpt>
      <trkpt lat="40.599772" lon="-0.016414">
        <ele>1114.4</ele>
        <time>2015-07-30T14:21:25Z</time>
      </trkpt>
      <trkpt lat="40.599677" lon="-0.016434">
        <ele>1115.6</ele>
        <time>2015-07-30T14:21:32Z</time>
      </trkpt>
      <trkpt lat="40.599677" lon="-0.016433">
        <ele>1115.6</ele>
        <time>2015-07-30T14:21:32Z</time>
      </trkpt>
      <trkpt lat="40.599673" lon="-0.016435">
        <ele>1115.6</ele>
        <time>2015-07-30T14:21:33Z</time>
      </trkpt>
      <trkpt lat="40.599582" lon="-0.016418">
        <ele>1117.1</ele>
        <time>2015-07-30T14:21:39Z</time>
      </trkpt>
      <trkpt lat="40.599551" lon="-0.016399">
        <ele>1117.8</ele>
        <time>2015-07-30T14:21:42Z</time>
      </trkpt>
      <trkpt lat="40.599417" lon="-0.016316">
        <ele>1119.7</ele>
        <time>2015-07-30T14:21:53Z</time>
      </trkpt>
      <trkpt lat="40.599351" lon="-0.016283">
        <ele>1120.3</ele>
        <time>2015-07-30T14:21:58Z</time>
      </trkpt>
      <trkpt lat="40.599267" lon="-0.016266">
        <ele>1120.9</ele>
        <time>2015-07-30T14:22:04Z</time>
      </trkpt>
      <trkpt lat="40.599201" lon="-0.016250">
        <ele>1121.4</ele>
        <time>2015-07-30T14:22:09Z</time>
      </trkpt>
      <trkpt lat="40.599118" lon="-0.016250">
        <ele>1121.9</ele>
        <time>2015-07-30T14:22:15Z</time>
      </trkpt>
      <trkpt lat="40.599034" lon="-0.016199">
        <ele>1121.0</ele>
        <time>2015-07-30T14:22:22Z</time>
      </trkpt>
      <trkpt lat="40.599001" lon="-0.016116">
        <ele>1120.7</ele>
        <time>2015-07-30T14:22:27Z</time>
      </trkpt>
      <trkpt lat="40.598967" lon="-0.016049">
        <ele>1120.8</ele>
        <time>2015-07-30T14:22:31Z</time>
      </trkpt>
      <trkpt lat="40.598901" lon="-0.015966">
        <ele>1120.9</ele>
        <time>2015-07-30T14:22:38Z</time>
      </trkpt>
      <trkpt lat="40.598834" lon="-0.015899">
        <ele>1121.0</ele>
        <time>2015-07-30T14:22:44Z</time>
      </trkpt>
      <trkpt lat="40.598817" lon="-0.015899">
        <ele>1121.1</ele>
        <time>2015-07-30T14:22:45Z</time>
      </trkpt>
      <trkpt lat="40.598701" lon="-0.015749">
        <ele>1122.9</ele>
        <time>2015-07-30T14:22:57Z</time>
      </trkpt>
      <trkpt lat="40.598651" lon="-0.015683">
        <ele>1124.2</ele>
        <time>2015-07-30T14:23:02Z</time>
      </trkpt>
      <trkpt lat="40.598601" lon="-0.015600">
        <ele>1125.7</ele>
        <time>2015-07-30T14:23:08Z</time>
      </trkpt>
      <trkpt lat="40.598551" lon="-0.015516">
        <ele>1127.1</ele>
        <time>2015-07-30T14:23:14Z</time>
      </trkpt>
      <trkpt lat="40.598485" lon="-0.015449">
        <ele>1127.4</ele>
        <time>2015-07-30T14:23:20Z</time>
      </trkpt>
      <trkpt lat="40.598434" lon="-0.015366">
        <ele>1128.6</ele>
        <time>2015-07-30T14:23:26Z</time>
      </trkpt>
      <trkpt lat="40.598367" lon="-0.015283">
        <ele>1129.8</ele>
        <time>2015-07-30T14:23:33Z</time>
      </trkpt>
      <trkpt lat="40.598301" lon="-0.015216">
        <ele>1129.9</ele>
        <time>2015-07-30T14:23:39Z</time>
      </trkpt>
      <trkpt lat="40.598234" lon="-0.015150">
        <ele>1129.9</ele>
        <time>2015-07-30T14:23:45Z</time>
      </trkpt>
      <trkpt lat="40.598167" lon="-0.015083">
        <ele>1129.6</ele>
        <time>2015-07-30T14:23:51Z</time>
      </trkpt>
      <trkpt lat="40.598118" lon="-0.014999">
        <ele>1129.9</ele>
        <time>2015-07-30T14:23:57Z</time>
      </trkpt>
      <trkpt lat="40.598118" lon="-0.014983">
        <ele>1130.1</ele>
        <time>2015-07-30T14:23:58Z</time>
      </trkpt>
      <trkpt lat="40.598035" lon="-0.014833">
        <ele>1131.1</ele>
        <time>2015-07-30T14:24:08Z</time>
      </trkpt>
      <trkpt lat="40.598001" lon="-0.014733">
        <ele>1131.4</ele>
        <time>2015-07-30T14:24:14Z</time>
      </trkpt>
      <trkpt lat="40.597951" lon="-0.014666">
        <ele>1131.8</ele>
        <time>2015-07-30T14:24:19Z</time>
      </trkpt>
      <trkpt lat="40.597868" lon="-0.014600">
        <ele>1132.6</ele>
        <time>2015-07-30T14:24:26Z</time>
      </trkpt>
      <trkpt lat="40.597817" lon="-0.014549">
        <ele>1133.6</ele>
        <time>2015-07-30T14:24:31Z</time>
      </trkpt>
      <trkpt lat="40.597751" lon="-0.014483">
        <ele>1134.2</ele>
        <time>2015-07-30T14:24:37Z</time>
      </trkpt>
      <trkpt lat="40.597684" lon="-0.014416">
        <ele>1134.2</ele>
        <time>2015-07-30T14:24:43Z</time>
      </trkpt>
      <trkpt lat="40.597634" lon="-0.014350">
        <ele>1134.3</ele>
        <time>2015-07-30T14:24:48Z</time>
      </trkpt>
      <trkpt lat="40.597584" lon="-0.014250">
        <ele>1134.9</ele>
        <time>2015-07-30T14:24:55Z</time>
      </trkpt>
      <trkpt lat="40.597584" lon="-0.014250">
        <ele>1134.9</ele>
        <time>2015-07-30T14:24:55Z</time>
      </trkpt>
      <trkpt lat="40.597484" lon="-0.014166">
        <ele>1135.2</ele>
        <time>2015-07-30T14:25:04Z</time>
      </trkpt>
      <trkpt lat="40.597384" lon="-0.014066">
        <ele>1135.8</ele>
        <time>2015-07-30T14:25:13Z</time>
      </trkpt>
      <trkpt lat="40.597318" lon="-0.014016">
        <ele>1135.9</ele>
        <time>2015-07-30T14:25:18Z</time>
      </trkpt>
      <trkpt lat="40.597251" lon="-0.013966">
        <ele>1135.6</ele>
        <time>2015-07-30T14:25:24Z</time>
      </trkpt>
      <trkpt lat="40.597201" lon="-0.013899">
        <ele>1135.4</ele>
        <time>2015-07-30T14:25:29Z</time>
      </trkpt>
      <trkpt lat="40.597134" lon="-0.013816">
        <ele>1134.5</ele>
        <time>2015-07-30T14:25:36Z</time>
      </trkpt>
      <trkpt lat="40.597067" lon="-0.013733">
        <ele>1133.8</ele>
        <time>2015-07-30T14:25:42Z</time>
      </trkpt>
      <trkpt lat="40.597051" lon="-0.013716">
        <ele>1133.7</ele>
        <time>2015-07-30T14:25:44Z</time>
      </trkpt>
      <trkpt lat="40.596951" lon="-0.013600">
        <ele>1132.9</ele>
        <time>2015-07-30T14:25:54Z</time>
      </trkpt>
      <trkpt lat="40.596884" lon="-0.013566">
        <ele>1132.1</ele>
        <time>2015-07-30T14:25:59Z</time>
      </trkpt>
      <trkpt lat="40.596801" lon="-0.013566">
        <ele>1130.9</ele>
        <time>2015-07-30T14:26:05Z</time>
      </trkpt>
      <trkpt lat="40.596751" lon="-0.013600">
        <ele>1129.9</ele>
        <time>2015-07-30T14:26:09Z</time>
      </trkpt>
      <trkpt lat="40.596684" lon="-0.013633">
        <ele>1128.9</ele>
        <time>2015-07-30T14:26:14Z</time>
      </trkpt>
      <trkpt lat="40.596617" lon="-0.013600">
        <ele>1128.1</ele>
        <time>2015-07-30T14:26:19Z</time>
      </trkpt>
      <trkpt lat="40.596551" lon="-0.013516">
        <ele>1128.0</ele>
        <time>2015-07-30T14:26:26Z</time>
      </trkpt>
      <trkpt lat="40.596501" lon="-0.013466">
        <ele>1128.0</ele>
        <time>2015-07-30T14:26:31Z</time>
      </trkpt>
      <trkpt lat="40.596451" lon="-0.013416">
        <ele>1128.0</ele>
        <time>2015-07-30T14:26:35Z</time>
      </trkpt>
      <trkpt lat="40.596384" lon="-0.013350">
        <ele>1127.8</ele>
        <time>2015-07-30T14:26:41Z</time>
      </trkpt>
      <trkpt lat="40.596334" lon="-0.013299">
        <ele>1127.9</ele>
        <time>2015-07-30T14:26:46Z</time>
      </trkpt>
      <trkpt lat="40.596267" lon="-0.013266">
        <ele>1127.9</ele>
        <time>2015-07-30T14:26:51Z</time>
      </trkpt>
      <trkpt lat="40.596218" lon="-0.013233">
        <ele>1127.9</ele>
        <time>2015-07-30T14:26:55Z</time>
      </trkpt>
      <trkpt lat="40.596134" lon="-0.013199">
        <ele>1128.1</ele>
        <time>2015-07-30T14:27:01Z</time>
      </trkpt>
      <trkpt lat="40.596068" lon="-0.013150">
        <ele>1128.3</ele>
        <time>2015-07-30T14:27:07Z</time>
      </trkpt>
      <trkpt lat="40.595984" lon="-0.013116">
        <ele>1128.7</ele>
        <time>2015-07-30T14:27:13Z</time>
      </trkpt>
      <trkpt lat="40.595917" lon="-0.013083">
        <ele>1129.1</ele>
        <time>2015-07-30T14:27:19Z</time>
      </trkpt>
      <trkpt lat="40.595834" lon="-0.013050">
        <ele>1129.5</ele>
        <time>2015-07-30T14:27:25Z</time>
      </trkpt>
      <trkpt lat="40.595768" lon="-0.013000">
        <ele>1129.9</ele>
        <time>2015-07-30T14:27:30Z</time>
      </trkpt>
      <trkpt lat="40.595684" lon="-0.012966">
        <ele>1130.7</ele>
        <time>2015-07-30T14:27:37Z</time>
      </trkpt>
      <trkpt lat="40.595618" lon="-0.012950">
        <ele>1131.2</ele>
        <time>2015-07-30T14:27:42Z</time>
      </trkpt>
      <trkpt lat="40.595584" lon="-0.012950">
        <ele>1131.4</ele>
        <time>2015-07-30T14:27:44Z</time>
      </trkpt>
      <trkpt lat="40.595451" lon="-0.012916">
        <ele>1132.8</ele>
        <time>2015-07-30T14:27:54Z</time>
      </trkpt>
      <trkpt lat="40.595367" lon="-0.012883">
        <ele>1133.6</ele>
        <time>2015-07-30T14:28:00Z</time>
      </trkpt>
      <trkpt lat="40.595301" lon="-0.012866">
        <ele>1134.2</ele>
        <time>2015-07-30T14:28:05Z</time>
      </trkpt>
      <trkpt lat="40.595218" lon="-0.012849">
        <ele>1135.2</ele>
        <time>2015-07-30T14:28:11Z</time>
      </trkpt>
      <trkpt lat="40.595134" lon="-0.012833">
        <ele>1136.2</ele>
        <time>2015-07-30T14:28:18Z</time>
      </trkpt>
      <trkpt lat="40.595068" lon="-0.012800">
        <ele>1136.9</ele>
        <time>2015-07-30T14:28:23Z</time>
      </trkpt>
      <trkpt lat="40.594984" lon="-0.012749">
        <ele>1138.0</ele>
        <time>2015-07-30T14:28:29Z</time>
      </trkpt>
      <trkpt lat="40.594901" lon="-0.012683">
        <ele>1138.7</ele>
        <time>2015-07-30T14:28:37Z</time>
      </trkpt>
      <trkpt lat="40.594834" lon="-0.012649">
        <ele>1139.4</ele>
        <time>2015-07-30T14:28:42Z</time>
      </trkpt>
      <trkpt lat="40.594751" lon="-0.012616">
        <ele>1140.5</ele>
        <time>2015-07-30T14:28:48Z</time>
      </trkpt>
      <trkpt lat="40.594734" lon="-0.012600">
        <ele>1140.8</ele>
        <time>2015-07-30T14:28:50Z</time>
      </trkpt>
      <trkpt lat="40.594601" lon="-0.012549">
        <ele>1142.1</ele>
        <time>2015-07-30T14:29:00Z</time>
      </trkpt>
      <trkpt lat="40.594518" lon="-0.012516">
        <ele>1143.2</ele>
        <time>2015-07-30T14:29:06Z</time>
      </trkpt>
      <trkpt lat="40.594434" lon="-0.012499">
        <ele>1144.2</ele>
        <time>2015-07-30T14:29:12Z</time>
      </trkpt>
      <trkpt lat="40.594367" lon="-0.012450">
        <ele>1145.1</ele>
        <time>2015-07-30T14:29:18Z</time>
      </trkpt>
      <trkpt lat="40.594301" lon="-0.012416">
        <ele>1145.9</ele>
        <time>2015-07-30T14:29:23Z</time>
      </trkpt>
      <trkpt lat="40.594218" lon="-0.012366">
        <ele>1146.8</ele>
        <time>2015-07-30T14:29:30Z</time>
      </trkpt>
      <trkpt lat="40.594135" lon="-0.012333">
        <ele>1147.5</ele>
        <time>2015-07-30T14:29:36Z</time>
      </trkpt>
      <trkpt lat="40.594051" lon="-0.012299">
        <ele>1148.5</ele>
        <time>2015-07-30T14:29:42Z</time>
      </trkpt>
      <trkpt lat="40.593984" lon="-0.012266">
        <ele>1149.4</ele>
        <time>2015-07-30T14:29:47Z</time>
      </trkpt>
      <trkpt lat="40.593900" lon="-0.012233">
        <ele>1150.3</ele>
        <time>2015-07-30T14:29:54Z</time>
      </trkpt>
      <trkpt lat="40.593884" lon="-0.012216">
        <ele>1150.4</ele>
        <time>2015-07-30T14:29:55Z</time>
      </trkpt>
      <trkpt lat="40.593734" lon="-0.012150">
        <ele>1151.8</ele>
        <time>2015-07-30T14:30:07Z</time>
      </trkpt>
      <trkpt lat="40.593734" lon="-0.012150">
        <ele>1151.8</ele>
        <time>2015-07-30T14:30:07Z</time>
      </trkpt>
      <trkpt lat="40.593651" lon="-0.012116">
        <ele>1152.3</ele>
        <time>2015-07-30T14:30:13Z</time>
      </trkpt>
      <trkpt lat="40.593584" lon="-0.012083">
        <ele>1152.6</ele>
        <time>2015-07-30T14:30:18Z</time>
      </trkpt>
      <trkpt lat="40.593518" lon="-0.012016">
        <ele>1153.1</ele>
        <time>2015-07-30T14:30:24Z</time>
      </trkpt>
      <trkpt lat="40.593501" lon="-0.011933">
        <ele>1152.6</ele>
        <time>2015-07-30T14:30:29Z</time>
      </trkpt>
      <trkpt lat="40.593451" lon="-0.011849">
        <ele>1152.7</ele>
        <time>2015-07-30T14:30:35Z</time>
      </trkpt>
      <trkpt lat="40.593384" lon="-0.011800">
        <ele>1153.0</ele>
        <time>2015-07-30T14:30:41Z</time>
      </trkpt>
      <trkpt lat="40.593301" lon="-0.011733">
        <ele>1153.6</ele>
        <time>2015-07-30T14:30:48Z</time>
      </trkpt>
      <trkpt lat="40.593234" lon="-0.011683">
        <ele>1154.1</ele>
        <time>2015-07-30T14:30:53Z</time>
      </trkpt>
      <trkpt lat="40.593168" lon="-0.011633">
        <ele>1154.6</ele>
        <time>2015-07-30T14:30:59Z</time>
      </trkpt>
      <trkpt lat="40.593101" lon="-0.011600">
        <ele>1155.1</ele>
        <time>2015-07-30T14:31:04Z</time>
      </trkpt>
      <trkpt lat="40.593084" lon="-0.011600">
        <ele>1155.3</ele>
        <time>2015-07-30T14:31:05Z</time>
      </trkpt>
      <trkpt lat="40.593017" lon="-0.011450">
        <ele>1154.4</ele>
        <time>2015-07-30T14:31:15Z</time>
      </trkpt>
      <trkpt lat="40.593017" lon="-0.011350">
        <ele>1153.5</ele>
        <time>2015-07-30T14:31:20Z</time>
      </trkpt>
      <trkpt lat="40.593034" lon="-0.011233">
        <ele>1152.4</ele>
        <time>2015-07-30T14:31:27Z</time>
      </trkpt>
      <trkpt lat="40.593101" lon="-0.011150">
        <ele>1150.8</ele>
        <time>2015-07-30T14:31:34Z</time>
      </trkpt>
      <trkpt lat="40.593168" lon="-0.011066">
        <ele>1148.9</ele>
        <time>2015-07-30T14:31:40Z</time>
      </trkpt>
      <trkpt lat="40.593168" lon="-0.010966">
        <ele>1147.6</ele>
        <time>2015-07-30T14:31:46Z</time>
      </trkpt>
      <trkpt lat="40.593134" lon="-0.010900">
        <ele>1146.9</ele>
        <time>2015-07-30T14:31:50Z</time>
      </trkpt>
      <trkpt lat="40.593084" lon="-0.010816">
        <ele>1146.8</ele>
        <time>2015-07-30T14:31:56Z</time>
      </trkpt>
      <trkpt lat="40.593034" lon="-0.010733">
        <ele>1146.7</ele>
        <time>2015-07-30T14:32:02Z</time>
      </trkpt>
      <trkpt lat="40.593017" lon="-0.010699">
        <ele>1146.5</ele>
        <time>2015-07-30T14:32:04Z</time>
      </trkpt>
      <trkpt lat="40.592984" lon="-0.010549">
        <ele>1145.2</ele>
        <time>2015-07-30T14:32:13Z</time>
      </trkpt>
      <trkpt lat="40.592951" lon="-0.010465">
        <ele>1144.6</ele>
        <time>2015-07-30T14:32:18Z</time>
      </trkpt>
      <trkpt lat="40.592917" lon="-0.010365">
        <ele>1143.8</ele>
        <time>2015-07-30T14:32:24Z</time>
      </trkpt>
      <trkpt lat="40.592868" lon="-0.010282">
        <ele>1144.0</ele>
        <time>2015-07-30T14:32:30Z</time>
      </trkpt>
      <trkpt lat="40.592851" lon="-0.010182">
        <ele>1143.4</ele>
        <time>2015-07-30T14:32:36Z</time>
      </trkpt>
      <trkpt lat="40.592817" lon="-0.010099">
        <ele>1143.2</ele>
        <time>2015-07-30T14:32:41Z</time>
      </trkpt>
      <trkpt lat="40.592767" lon="-0.010000">
        <ele>1142.7</ele>
        <time>2015-07-30T14:32:48Z</time>
      </trkpt>
      <trkpt lat="40.592717" lon="-0.009916">
        <ele>1142.5</ele>
        <time>2015-07-30T14:32:53Z</time>
      </trkpt>
      <trkpt lat="40.592717" lon="-0.009916">
        <ele>1142.5</ele>
        <time>2015-07-30T14:32:53Z</time>
      </trkpt>
      <trkpt lat="40.592618" lon="-0.009766">
        <ele>1140.8</ele>
        <time>2015-07-30T14:33:04Z</time>
      </trkpt>
      <trkpt lat="40.592601" lon="-0.009750">
        <ele>1140.5</ele>
        <time>2015-07-30T14:33:06Z</time>
      </trkpt>
      <trkpt lat="40.592451" lon="-0.009716">
        <ele>1140.0</ele>
        <time>2015-07-30T14:33:17Z</time>
      </trkpt>
      <trkpt lat="40.592368" lon="-0.009683">
        <ele>1140.0</ele>
        <time>2015-07-30T14:33:23Z</time>
      </trkpt>
      <trkpt lat="40.592284" lon="-0.009650">
        <ele>1139.8</ele>
        <time>2015-07-30T14:33:30Z</time>
      </trkpt>
      <trkpt lat="40.592201" lon="-0.009616">
        <ele>1140.0</ele>
        <time>2015-07-30T14:33:36Z</time>
      </trkpt>
      <trkpt lat="40.592134" lon="-0.009599">
        <ele>1140.9</ele>
        <time>2015-07-30T14:33:41Z</time>
      </trkpt>
      <trkpt lat="40.592051" lon="-0.009616">
        <ele>1141.4</ele>
        <time>2015-07-30T14:33:47Z</time>
      </trkpt>
      <trkpt lat="40.591968" lon="-0.009599">
        <ele>1140.8</ele>
        <time>2015-07-30T14:33:53Z</time>
      </trkpt>
      <trkpt lat="40.591901" lon="-0.009533">
        <ele>1141.1</ele>
        <time>2015-07-30T14:33:59Z</time>
      </trkpt>
      <trkpt lat="40.591818" lon="-0.009499">
        <ele>1141.8</ele>
        <time>2015-07-30T14:34:06Z</time>
      </trkpt>
      <trkpt lat="40.591751" lon="-0.009499">
        <ele>1142.9</ele>
        <time>2015-07-30T14:34:11Z</time>
      </trkpt>
      <trkpt lat="40.591667" lon="-0.009450">
        <ele>1145.0</ele>
        <time>2015-07-30T14:34:17Z</time>
      </trkpt>
      <trkpt lat="40.591584" lon="-0.009399">
        <ele>1147.3</ele>
        <time>2015-07-30T14:34:24Z</time>
      </trkpt>
      <trkpt lat="40.591584" lon="-0.009399">
        <ele>1147.3</ele>
        <time>2015-07-30T14:34:24Z</time>
      </trkpt>
      <trkpt lat="40.591467" lon="-0.009249">
        <ele>1149.4</ele>
        <time>2015-07-30T14:34:36Z</time>
      </trkpt>
      <trkpt lat="40.591418" lon="-0.009182">
        <ele>1150.1</ele>
        <time>2015-07-30T14:34:41Z</time>
      </trkpt>
      <trkpt lat="40.591351" lon="-0.009100">
        <ele>1151.1</ele>
        <time>2015-07-30T14:34:48Z</time>
      </trkpt>
      <trkpt lat="40.591301" lon="-0.009016">
        <ele>1150.8</ele>
        <time>2015-07-30T14:34:53Z</time>
      </trkpt>
      <trkpt lat="40.591284" lon="-0.008900">
        <ele>1150.9</ele>
        <time>2015-07-30T14:35:00Z</time>
      </trkpt>
      <trkpt lat="40.591234" lon="-0.008799">
        <ele>1150.4</ele>
        <time>2015-07-30T14:35:07Z</time>
      </trkpt>
      <trkpt lat="40.591184" lon="-0.008749">
        <ele>1149.5</ele>
        <time>2015-07-30T14:35:11Z</time>
      </trkpt>
      <trkpt lat="40.591151" lon="-0.008683">
        <ele>1148.9</ele>
        <time>2015-07-30T14:35:16Z</time>
      </trkpt>
      <trkpt lat="40.591101" lon="-0.008616">
        <ele>1148.2</ele>
        <time>2015-07-30T14:35:21Z</time>
      </trkpt>
      <trkpt lat="40.591051" lon="-0.008533">
        <ele>1147.9</ele>
        <time>2015-07-30T14:35:27Z</time>
      </trkpt>
      <trkpt lat="40.591017" lon="-0.008450">
        <ele>1147.7</ele>
        <time>2015-07-30T14:35:32Z</time>
      </trkpt>
      <trkpt lat="40.590984" lon="-0.008366">
        <ele>1147.3</ele>
        <time>2015-07-30T14:35:37Z</time>
      </trkpt>
      <trkpt lat="40.590968" lon="-0.008266">
        <ele>1147.1</ele>
        <time>2015-07-30T14:35:43Z</time>
      </trkpt>
      <trkpt lat="40.590968" lon="-0.008268">
        <ele>1147.1</ele>
        <time>2015-07-30T14:35:43Z</time>
        <sat>8</sat>
      </trkpt>
      <trkpt lat="40.590964" lon="-0.008255">
        <ele>1147.0</ele>
        <time>2015-07-30T14:35:44Z</time>
      </trkpt>
      <trkpt lat="40.590964" lon="-0.008241">
        <ele>1147.0</ele>
        <time>2015-07-30T14:35:44Z</time>
      </trkpt>
      <trkpt lat="40.590963" lon="-0.008155">
        <ele>1146.0</ele>
        <time>2015-07-30T14:35:49Z</time>
        <sat>8</sat>
      </trkpt>
      <trkpt lat="40.590904" lon="-0.008049">
        <ele>1145.6</ele>
        <time>2015-07-30T14:35:56Z</time>
        <sat>8</sat>
      </trkpt>
      <trkpt lat="40.590877" lon="-0.007936">
        <ele>1144.8</ele>
        <time>2015-07-30T14:36:03Z</time>
        <sat>8</sat>
      </trkpt>
      <trkpt lat="40.590845" lon="-0.007793">
        <ele>1143.6</ele>
        <time>2015-07-30T14:36:11Z</time>
        <sat>8</sat>
      </trkpt>
      <trkpt lat="40.590827" lon="-0.007614">
        <ele>1142.2</ele>
        <time>2015-07-30T14:36:21Z</time>
        <sat>8</sat>
      </trkpt>
      <trkpt lat="40.590819" lon="-0.007428">
        <ele>1141.0</ele>
        <time>2015-07-30T14:36:32Z</time>
        <sat>8</sat>
      </trkpt>
      <trkpt lat="40.590815" lon="-0.007245">
        <ele>1139.7</ele>
        <time>2015-07-30T14:36:42Z</time>
        <sat>8</sat>
      </trkpt>
      <trkpt lat="40.590809" lon="-0.007048">
        <ele>1138.5</ele>
        <time>2015-07-30T14:36:53Z</time>
        <sat>8</sat>
      </trkpt>
      <trkpt lat="40.590780" lon="-0.006871">
        <ele>1137.7</ele>
        <time>2015-07-30T14:37:03Z</time>
        <sat>8</sat>
      </trkpt>
      <trkpt lat="40.590752" lon="-0.006724">
        <ele>1137.0</ele>
        <time>2015-07-30T14:37:11Z</time>
        <sat>7</sat>
      </trkpt>
      <trkpt lat="40.590735" lon="-0.006601">
        <ele>1135.6</ele>
        <time>2015-07-30T14:37:18Z</time>
        <sat>8</sat>
      </trkpt>
      <trkpt lat="40.590704" lon="-0.006470">
        <ele>1134.9</ele>
        <time>2015-07-30T14:37:25Z</time>
        <sat>7</sat>
      </trkpt>
      <trkpt lat="40.590675" lon="-0.006336">
        <ele>1134.8</ele>
        <time>2015-07-30T14:37:33Z</time>
        <sat>8</sat>
      </trkpt>
      <trkpt lat="40.590652" lon="-0.006196">
        <ele>1133.9</ele>
        <time>2015-07-30T14:37:41Z</time>
        <sat>8</sat>
      </trkpt>
      <trkpt lat="40.590638" lon="-0.006013">
        <ele>1133.7</ele>
        <time>2015-07-30T14:37:51Z</time>
        <sat>8</sat>
      </trkpt>
      <trkpt lat="40.590658" lon="-0.005871">
        <ele>1131.2</ele>
        <time>2015-07-30T14:37:59Z</time>
        <sat>8</sat>
      </trkpt>
      <trkpt lat="40.590685" lon="-0.005750">
        <ele>1129.8</ele>
        <time>2015-07-30T14:38:06Z</time>
        <sat>8</sat>
      </trkpt>
      <trkpt lat="40.590692" lon="-0.005609">
        <ele>1130.4</ele>
        <time>2015-07-30T14:38:14Z</time>
        <sat>7</sat>
      </trkpt>
      <trkpt lat="40.590664" lon="-0.005495">
        <ele>1131.3</ele>
        <time>2015-07-30T14:38:21Z</time>
        <sat>7</sat>
      </trkpt>
      <trkpt lat="40.590697" lon="-0.005383">
        <ele>1127.8</ele>
        <time>2015-07-30T14:38:27Z</time>
        <sat>7</sat>
      </trkpt>
      <trkpt lat="40.590630" lon="-0.005220">
        <ele>1126.2</ele>
        <time>2015-07-30T14:38:37Z</time>
        <sat>7</sat>
      </trkpt>
      <trkpt lat="40.590562" lon="-0.005081">
        <ele>1125.7</ele>
        <time>2015-07-30T14:38:47Z</time>
        <sat>7</sat>
      </trkpt>
      <trkpt lat="40.590475" lon="-0.004938">
        <ele>1124.5</ele>
        <time>2015-07-30T14:38:57Z</time>
        <sat>7</sat>
      </trkpt>
      <trkpt lat="40.590397" lon="-0.004788">
        <ele>1124.1</ele>
        <time>2015-07-30T14:39:07Z</time>
        <sat>7</sat>
      </trkpt>
      <trkpt lat="40.590347" lon="-0.004640">
        <ele>1123.9</ele>
        <time>2015-07-30T14:39:16Z</time>
        <sat>7</sat>
      </trkpt>
      <trkpt lat="40.590320" lon="-0.004486">
        <ele>1123.5</ele>
        <time>2015-07-30T14:39:24Z</time>
        <sat>7</sat>
      </trkpt>
      <trkpt lat="40.590277" lon="-0.004335">
        <ele>1123.0</ele>
        <time>2015-07-30T14:39:33Z</time>
        <sat>7</sat>
      </trkpt>
      <trkpt lat="40.590234" lon="-0.004180">
        <ele>1122.6</ele>
        <time>2015-07-30T14:39:43Z</time>
        <sat>7</sat>
      </trkpt>
      <trkpt lat="40.590185" lon="-0.004024">
        <ele>1122.4</ele>
        <time>2015-07-30T14:39:52Z</time>
        <sat>7</sat>
      </trkpt>
      <trkpt lat="40.590145" lon="-0.003886">
        <ele>1122.0</ele>
        <time>2015-07-30T14:40:00Z</time>
        <sat>7</sat>
      </trkpt>
      <trkpt lat="40.590090" lon="-0.003758">
        <ele>1121.3</ele>
        <time>2015-07-30T14:40:08Z</time>
        <sat>7</sat>
      </trkpt>
      <trkpt lat="40.590020" lon="-0.003638">
        <ele>1121.3</ele>
        <time>2015-07-30T14:40:16Z</time>
        <sat>7</sat>
      </trkpt>
      <trkpt lat="40.589952" lon="-0.003523">
        <ele>1120.5</ele>
        <time>2015-07-30T14:40:25Z</time>
        <sat>7</sat>
      </trkpt>
      <trkpt lat="40.589870" lon="-0.003405">
        <ele>1119.7</ele>
        <time>2015-07-30T14:40:33Z</time>
        <sat>7</sat>
      </trkpt>
      <trkpt lat="40.589810" lon="-0.003279">
        <ele>1118.9</ele>
        <time>2015-07-30T14:40:42Z</time>
        <sat>6</sat>
      </trkpt>
      <trkpt lat="40.589740" lon="-0.003151">
        <ele>1118.4</ele>
        <time>2015-07-30T14:40:50Z</time>
        <sat>6</sat>
      </trkpt>
      <trkpt lat="40.589672" lon="-0.003026">
        <ele>1118.0</ele>
        <time>2015-07-30T14:40:59Z</time>
        <sat>6</sat>
      </trkpt>
      <trkpt lat="40.589570" lon="-0.002966">
        <ele>1117.3</ele>
        <time>2015-07-30T14:41:07Z</time>
        <sat>7</sat>
      </trkpt>
      <trkpt lat="40.589455" lon="-0.002961">
        <ele>1116.8</ele>
        <time>2015-07-30T14:41:15Z</time>
        <sat>7</sat>
      </trkpt>
      <trkpt lat="40.589339" lon="-0.002944">
        <ele>1114.8</ele>
        <time>2015-07-30T14:41:24Z</time>
        <sat>7</sat>
      </trkpt>
      <trkpt lat="40.589217" lon="-0.002910">
        <ele>1114.3</ele>
        <time>2015-07-30T14:41:33Z</time>
        <sat>7</sat>
      </trkpt>
      <trkpt lat="40.589145" lon="-0.002785">
        <ele>1113.1</ele>
        <time>2015-07-30T14:41:42Z</time>
        <sat>7</sat>
      </trkpt>
      <trkpt lat="40.589109" lon="-0.002601">
        <ele>1111.5</ele>
        <time>2015-07-30T14:41:52Z</time>
        <sat>7</sat>
      </trkpt>
      <trkpt lat="40.589078" lon="-0.002423">
        <ele>1111.6</ele>
        <time>2015-07-30T14:42:02Z</time>
        <sat>6</sat>
      </trkpt>
      <trkpt lat="40.589070" lon="-0.002270">
        <ele>1112.4</ele>
        <time>2015-07-30T14:42:11Z</time>
        <sat>7</sat>
      </trkpt>
      <trkpt lat="40.589068" lon="-0.002143">
        <ele>1113.5</ele>
        <time>2015-07-30T14:42:18Z</time>
        <sat>6</sat>
      </trkpt>
      <trkpt lat="40.589060" lon="-0.002001">
        <ele>1113.9</ele>
        <time>2015-07-30T14:42:25Z</time>
        <sat>6</sat>
      </trkpt>
      <trkpt lat="40.589022" lon="-0.001835">
        <ele>1114.5</ele>
        <time>2015-07-30T14:42:35Z</time>
        <sat>7</sat>
      </trkpt>
      <trkpt lat="40.588972" lon="-0.001715">
        <ele>1116.3</ele>
        <time>2015-07-30T14:42:43Z</time>
        <sat>7</sat>
      </trkpt>
      <trkpt lat="40.588925" lon="-0.001608">
        <ele>1118.2</ele>
        <time>2015-07-30T14:42:49Z</time>
        <sat>7</sat>
      </trkpt>
      <trkpt lat="40.588879" lon="-0.001473">
        <ele>1119.7</ele>
        <time>2015-07-30T14:42:58Z</time>
        <sat>7</sat>
      </trkpt>
      <trkpt lat="40.588812" lon="-0.001311">
        <ele>1120.6</ele>
        <time>2015-07-30T14:43:08Z</time>
        <sat>7</sat>
      </trkpt>
      <trkpt lat="40.588750" lon="-0.001196">
        <ele>1121.6</ele>
        <time>2015-07-30T14:43:16Z</time>
        <sat>7</sat>
      </trkpt>
      <trkpt lat="40.588685" lon="-0.001075">
        <ele>1121.7</ele>
        <time>2015-07-30T14:43:24Z</time>
        <sat>7</sat>
      </trkpt>
      <trkpt lat="40.588633" lon="-0.000951">
        <ele>1120.9</ele>
        <time>2015-07-30T14:43:32Z</time>
        <sat>7</sat>
      </trkpt>
      <trkpt lat="40.588597" lon="-0.000823">
        <ele>1119.5</ele>
        <time>2015-07-30T14:43:39Z</time>
        <sat>7</sat>
      </trkpt>
      <trkpt lat="40.588559" lon="-0.000703">
        <ele>1119.2</ele>
        <time>2015-07-30T14:43:46Z</time>
        <sat>7</sat>
      </trkpt>
      <trkpt lat="40.588495" lon="-0.000583">
        <ele>1121.3</ele>
        <time>2015-07-30T14:43:54Z</time>
        <sat>7</sat>
      </trkpt>
      <trkpt lat="40.588435" lon="-0.000491">
        <ele>1123.1</ele>
        <time>2015-07-30T14:44:01Z</time>
        <sat>7</sat>
      </trkpt>
      <trkpt lat="40.588395" lon="-0.000364">
        <ele>1122.7</ele>
        <time>2015-07-30T14:44:09Z</time>
        <sat>7</sat>
      </trkpt>
      <trkpt lat="40.588380" lon="-0.000215">
        <ele>1119.8</ele>
        <time>2015-07-30T14:44:17Z</time>
        <sat>7</sat>
      </trkpt>
      <trkpt lat="40.588345" lon="-0.000085">
        <ele>1120.0</ele>
        <time>2015-07-30T14:44:25Z</time>
        <sat>7</sat>
      </trkpt>
      <trkpt lat="40.588285" lon="0.000022">
        <ele>1121.6</ele>
        <time>2015-07-30T14:44:32Z</time>
        <sat>7</sat>
      </trkpt>
      <trkpt lat="40.588198" lon="0.000120">
        <ele>1123.4</ele>
        <time>2015-07-30T14:44:40Z</time>
        <sat>7</sat>
      </trkpt>
      <trkpt lat="40.588097" lon="0.000222">
        <ele>1123.9</ele>
        <time>2015-07-30T14:44:50Z</time>
        <sat>7</sat>
      </trkpt>
      <trkpt lat="40.588022" lon="0.000355">
        <ele>1119.0</ele>
        <time>2015-07-30T14:44:59Z</time>
        <sat>6</sat>
      </trkpt>
      <trkpt lat="40.587975" lon="0.000492">
        <ele>1117.4</ele>
        <time>2015-07-30T14:45:07Z</time>
        <sat>7</sat>
      </trkpt>
      <trkpt lat="40.587967" lon="0.000637">
        <ele>1115.1</ele>
        <time>2015-07-30T14:45:15Z</time>
        <sat>6</sat>
      </trkpt>
      <trkpt lat="40.587962" lon="0.000782">
        <ele>1114.1</ele>
        <time>2015-07-30T14:45:23Z</time>
        <sat>6</sat>
      </trkpt>
      <trkpt lat="40.587910" lon="0.000893">
        <ele>1115.8</ele>
        <time>2015-07-30T14:45:30Z</time>
        <sat>6</sat>
      </trkpt>
      <trkpt lat="40.587860" lon="0.001003">
        <ele>1116.3</ele>
        <time>2015-07-30T14:45:37Z</time>
        <sat>6</sat>
      </trkpt>
      <trkpt lat="40.587810" lon="0.001125">
        <ele>1115.4</ele>
        <time>2015-07-30T14:45:45Z</time>
        <sat>6</sat>
      </trkpt>
      <trkpt lat="40.587769" lon="0.001255">
        <ele>1114.5</ele>
        <time>2015-07-30T14:45:53Z</time>
        <sat>6</sat>
      </trkpt>
      <trkpt lat="40.587717" lon="0.001384">
        <ele>1114.5</ele>
        <time>2015-07-30T14:46:01Z</time>
        <sat>6</sat>
      </trkpt>
      <trkpt lat="40.587657" lon="0.001523">
        <ele>1113.6</ele>
        <time>2015-07-30T14:46:10Z</time>
        <sat>6</sat>
      </trkpt>
      <trkpt lat="40.587610" lon="0.001645">
        <ele>1112.1</ele>
        <time>2015-07-30T14:46:17Z</time>
        <sat>5</sat>
      </trkpt>
      <trkpt lat="40.587579" lon="0.001760">
        <ele>1110.7</ele>
        <time>2015-07-30T14:46:24Z</time>
        <sat>6</sat>
      </trkpt>
      <trkpt lat="40.587550" lon="0.001877">
        <ele>1109.0</ele>
        <time>2015-07-30T14:46:31Z</time>
        <sat>6</sat>
      </trkpt>
      <trkpt lat="40.587527" lon="0.002040">
        <ele>1107.1</ele>
        <time>2015-07-30T14:46:40Z</time>
        <sat>6</sat>
      </trkpt>
      <trkpt lat="40.587517" lon="0.002167">
        <ele>1105.5</ele>
        <time>2015-07-30T14:46:47Z</time>
        <sat>6</sat>
      </trkpt>
      <trkpt lat="40.587529" lon="0.002305">
        <ele>1102.6</ele>
        <time>2015-07-30T14:46:55Z</time>
        <sat>6</sat>
      </trkpt>
      <trkpt lat="40.587569" lon="0.002428">
        <ele>1100.3</ele>
        <time>2015-07-30T14:47:02Z</time>
        <sat>6</sat>
      </trkpt>
      <trkpt lat="40.587592" lon="0.002552">
        <ele>1100.8</ele>
        <time>2015-07-30T14:47:09Z</time>
        <sat>6</sat>
      </trkpt>
      <trkpt lat="40.587587" lon="0.002715">
        <ele>1103.1</ele>
        <time>2015-07-30T14:47:18Z</time>
        <sat>6</sat>
      </trkpt>
      <trkpt lat="40.587572" lon="0.002837">
        <ele>1102.4</ele>
        <time>2015-07-30T14:47:25Z</time>
        <sat>6</sat>
      </trkpt>
      <trkpt lat="40.587554" lon="0.002960">
        <ele>1101.2</ele>
        <time>2015-07-30T14:47:32Z</time>
        <sat>6</sat>
      </trkpt>
      <trkpt lat="40.587544" lon="0.003080">
        <ele>1100.3</ele>
        <time>2015-07-30T14:47:39Z</time>
        <sat>6</sat>
      </trkpt>
      <trkpt lat="40.587512" lon="0.003238">
        <ele>1101.8</ele>
        <time>2015-07-30T14:47:48Z</time>
        <sat>6</sat>
      </trkpt>
      <trkpt lat="40.587475" lon="0.003352">
        <ele>1103.0</ele>
        <time>2015-07-30T14:47:55Z</time>
        <sat>6</sat>
      </trkpt>
      <trkpt lat="40.587505" lon="0.003470">
        <ele>1098.5</ele>
        <time>2015-07-30T14:48:01Z</time>
        <sat>5</sat>
      </trkpt>
      <trkpt lat="40.587538" lon="0.003582">
        <ele>1094.2</ele>
        <time>2015-07-30T14:48:08Z</time>
        <sat>6</sat>
      </trkpt>
      <trkpt lat="40.587535" lon="0.003735">
        <ele>1090.9</ele>
        <time>2015-07-30T14:48:17Z</time>
        <sat>6</sat>
      </trkpt>
      <trkpt lat="40.587500" lon="0.003878">
        <ele>1091.0</ele>
        <time>2015-07-30T14:48:25Z</time>
        <sat>6</sat>
      </trkpt>
      <trkpt lat="40.587480" lon="0.004020">
        <ele>1091.4</ele>
        <time>2015-07-30T14:48:33Z</time>
        <sat>6</sat>
      </trkpt>
      <trkpt lat="40.587477" lon="0.004150">
        <ele>1091.6</ele>
        <time>2015-07-30T14:48:40Z</time>
        <sat>6</sat>
      </trkpt>
      <trkpt lat="40.587472" lon="0.004299">
        <ele>1092.8</ele>
        <time>2015-07-30T14:48:48Z</time>
        <sat>6</sat>
      </trkpt>
      <trkpt lat="40.587470" lon="0.004463">
        <ele>1092.6</ele>
        <time>2015-07-30T14:48:57Z</time>
        <sat>6</sat>
      </trkpt>
      <trkpt lat="40.587460" lon="0.004607">
        <ele>1093.1</ele>
        <time>2015-07-30T14:49:05Z</time>
        <sat>6</sat>
      </trkpt>
      <trkpt lat="40.587459" lon="0.004740">
        <ele>1093.5</ele>
        <time>2015-07-30T14:49:13Z</time>
        <sat>6</sat>
      </trkpt>
      <trkpt lat="40.587450" lon="0.004867">
        <ele>1094.4</ele>
        <time>2015-07-30T14:49:20Z</time>
        <sat>6</sat>
      </trkpt>
      <trkpt lat="40.587439" lon="0.005005">
        <ele>1095.1</ele>
        <time>2015-07-30T14:49:27Z</time>
        <sat>6</sat>
      </trkpt>
      <trkpt lat="40.587435" lon="0.005160">
        <ele>1094.3</ele>
        <time>2015-07-30T14:49:36Z</time>
        <sat>6</sat>
      </trkpt>
      <trkpt lat="40.587432" lon="0.005297">
        <ele>1094.2</ele>
        <time>2015-07-30T14:49:44Z</time>
        <sat>6</sat>
      </trkpt>
      <trkpt lat="40.587413" lon="0.005452">
        <ele>1094.4</ele>
        <time>2015-07-30T14:49:52Z</time>
        <sat>6</sat>
      </trkpt>
      <trkpt lat="40.587400" lon="0.005619">
        <ele>1093.2</ele>
        <time>2015-07-30T14:50:01Z</time>
        <sat>6</sat>
      </trkpt>
      <trkpt lat="40.587402" lon="0.005749">
        <ele>1091.4</ele>
        <time>2015-07-30T14:50:09Z</time>
        <sat>6</sat>
      </trkpt>
      <trkpt lat="40.587415" lon="0.005918">
        <ele>1090.2</ele>
        <time>2015-07-30T14:50:18Z</time>
        <sat>6</sat>
      </trkpt>
      <trkpt lat="40.587435" lon="0.006094">
        <ele>1088.8</ele>
        <time>2015-07-30T14:50:28Z</time>
        <sat>6</sat>
      </trkpt>
      <trkpt lat="40.587449" lon="0.006260">
        <ele>1088.3</ele>
        <time>2015-07-30T14:50:37Z</time>
        <sat>6</sat>
      </trkpt>
      <trkpt lat="40.587465" lon="0.006387">
        <ele>1088.0</ele>
        <time>2015-07-30T14:50:44Z</time>
        <sat>6</sat>
      </trkpt>
      <trkpt lat="40.587502" lon="0.006499">
        <ele>1087.3</ele>
        <time>2015-07-30T14:50:51Z</time>
        <sat>6</sat>
      </trkpt>
      <trkpt lat="40.587600" lon="0.006473">
        <ele>1084.4</ele>
        <time>2015-07-30T14:50:58Z</time>
        <sat>6</sat>
      </trkpt>
      <trkpt lat="40.587600" lon="0.006473">
        <ele>1084.4</ele>
        <time>2015-07-30T14:50:58Z</time>
        <sat>6</sat>
      </trkpt>
      <trkpt lat="40.587644" lon="0.006353">
        <ele>1082.9</ele>
        <time>2015-07-30T14:51:06Z</time>
        <sat>6</sat>
      </trkpt>
      <trkpt lat="40.587692" lon="0.006221">
        <ele>1081.0</ele>
        <time>2015-07-30T14:51:14Z</time>
        <sat>5</sat>
      </trkpt>
      <trkpt lat="40.587747" lon="0.006065">
        <ele>1078.8</ele>
        <time>2015-07-30T14:51:23Z</time>
        <sat>5</sat>
      </trkpt>
      <trkpt lat="40.587792" lon="0.005933">
        <ele>1077.5</ele>
        <time>2015-07-30T14:51:31Z</time>
        <sat>6</sat>
      </trkpt>
      <trkpt lat="40.587817" lon="0.005784">
        <ele>1076.4</ele>
        <time>2015-07-30T14:51:40Z</time>
        <sat>6</sat>
      </trkpt>
      <trkpt lat="40.587822" lon="0.005613">
        <ele>1075.6</ele>
        <time>2015-07-30T14:51:49Z</time>
        <sat>6</sat>
      </trkpt>
      <trkpt lat="40.587843" lon="0.005450">
        <ele>1074.6</ele>
        <time>2015-07-30T14:51:58Z</time>
        <sat>6</sat>
      </trkpt>
      <trkpt lat="40.587900" lon="0.005287">
        <ele>1072.8</ele>
        <time>2015-07-30T14:52:08Z</time>
        <sat>6</sat>
      </trkpt>
      <trkpt lat="40.587982" lon="0.005150">
        <ele>1069.5</ele>
        <time>2015-07-30T14:52:18Z</time>
        <sat>6</sat>
      </trkpt>
      <trkpt lat="40.588093" lon="0.005047">
        <ele>1067.2</ele>
        <time>2015-07-30T14:52:28Z</time>
        <sat>6</sat>
      </trkpt>
      <trkpt lat="40.588170" lon="0.004960">
        <ele>1066.3</ele>
        <time>2015-07-30T14:52:35Z</time>
        <sat>6</sat>
      </trkpt>
      <trkpt lat="40.588215" lon="0.004825">
        <ele>1065.0</ele>
        <time>2015-07-30T14:52:43Z</time>
        <sat>6</sat>
      </trkpt>
      <trkpt lat="40.588242" lon="0.004660">
        <ele>1063.6</ele>
        <time>2015-07-30T14:52:53Z</time>
        <sat>6</sat>
      </trkpt>
      <trkpt lat="40.588302" lon="0.004527">
        <ele>1059.9</ele>
        <time>2015-07-30T14:53:01Z</time>
        <sat>6</sat>
      </trkpt>
      <trkpt lat="40.588402" lon="0.004562">
        <ele>1057.8</ele>
        <time>2015-07-30T14:53:09Z</time>
        <sat>6</sat>
      </trkpt>
      <trkpt lat="40.588450" lon="0.004662">
        <ele>1056.7</ele>
        <time>2015-07-30T14:53:15Z</time>
        <sat>6</sat>
      </trkpt>
      <trkpt lat="40.588510" lon="0.004757">
        <ele>1056.0</ele>
        <time>2015-07-30T14:53:22Z</time>
        <sat>6</sat>
      </trkpt>
      <trkpt lat="40.588592" lon="0.004817">
        <ele>1054.1</ele>
        <time>2015-07-30T14:53:29Z</time>
        <sat>6</sat>
      </trkpt>
      <trkpt lat="40.588703" lon="0.004806">
        <ele>1052.5</ele>
        <time>2015-07-30T14:53:37Z</time>
        <sat>6</sat>
      </trkpt>
      <trkpt lat="40.588690" lon="0.004665">
        <ele>1051.5</ele>
        <time>2015-07-30T14:53:45Z</time>
        <sat>7</sat>
      </trkpt>
      <trkpt lat="40.588662" lon="0.004543">
        <ele>1050.8</ele>
        <time>2015-07-30T14:53:52Z</time>
        <sat>6</sat>
      </trkpt>
      <trkpt lat="40.588708" lon="0.004422">
        <ele>1049.0</ele>
        <time>2015-07-30T14:53:59Z</time>
        <sat>6</sat>
      </trkpt>
      <trkpt lat="40.588802" lon="0.004310">
        <ele>1046.8</ele>
        <time>2015-07-30T14:54:09Z</time>
        <sat>6</sat>
      </trkpt>
      <trkpt lat="40.588905" lon="0.004182">
        <ele>1045.2</ele>
        <time>2015-07-30T14:54:19Z</time>
        <sat>6</sat>
      </trkpt>
      <trkpt lat="40.589027" lon="0.004055">
        <ele>1043.4</ele>
        <time>2015-07-30T14:54:30Z</time>
        <sat>6</sat>
      </trkpt>
      <trkpt lat="40.589147" lon="0.003964">
        <ele>1040.4</ele>
        <time>2015-07-30T14:54:40Z</time>
        <sat>6</sat>
      </trkpt>
      <trkpt lat="40.589230" lon="0.003877">
        <ele>1038.9</ele>
        <time>2015-07-30T14:54:48Z</time>
        <sat>7</sat>
      </trkpt>
      <trkpt lat="40.589314" lon="0.003749">
        <ele>1037.6</ele>
        <time>2015-07-30T14:54:57Z</time>
        <sat>7</sat>
      </trkpt>
      <trkpt lat="40.589390" lon="0.003587">
        <ele>1035.0</ele>
        <time>2015-07-30T14:55:08Z</time>
        <sat>7</sat>
      </trkpt>
      <trkpt lat="40.589469" lon="0.003402">
        <ele>1032.0</ele>
        <time>2015-07-30T14:55:20Z</time>
        <sat>7</sat>
      </trkpt>
      <trkpt lat="40.589572" lon="0.003223">
        <ele>1029.0</ele>
        <time>2015-07-30T14:55:32Z</time>
        <sat>7</sat>
      </trkpt>
      <trkpt lat="40.589694" lon="0.003045">
        <ele>1026.9</ele>
        <time>2015-07-30T14:55:45Z</time>
        <sat>7</sat>
      </trkpt>
      <trkpt lat="40.589769" lon="0.002964">
        <ele>1023.8</ele>
        <time>2015-07-30T14:55:52Z</time>
        <sat>7</sat>
      </trkpt>
      <trkpt lat="40.589852" lon="0.002897">
        <ele>1022.1</ele>
        <time>2015-07-30T14:55:59Z</time>
        <sat>7</sat>
      </trkpt>
      <trkpt lat="40.589930" lon="0.002834">
        <ele>1021.4</ele>
        <time>2015-07-30T14:56:06Z</time>
        <sat>7</sat>
      </trkpt>
      <trkpt lat="40.590047" lon="0.002710">
        <ele>1022.8</ele>
        <time>2015-07-30T14:56:17Z</time>
        <sat>7</sat>
      </trkpt>
      <trkpt lat="40.590124" lon="0.002552">
        <ele>1024.3</ele>
        <time>2015-07-30T14:56:27Z</time>
        <sat>8</sat>
      </trkpt>
      <trkpt lat="40.590178" lon="0.002372">
        <ele>1024.0</ele>
        <time>2015-07-30T14:56:38Z</time>
        <sat>8</sat>
      </trkpt>
      <trkpt lat="40.590225" lon="0.002172">
        <ele>1022.7</ele>
        <time>2015-07-30T14:56:50Z</time>
        <sat>8</sat>
      </trkpt>
      <trkpt lat="40.590283" lon="0.001960">
        <ele>1020.8</ele>
        <time>2015-07-30T14:57:02Z</time>
        <sat>8</sat>
      </trkpt>
      <trkpt lat="40.590375" lon="0.001782">
        <ele>1019.7</ele>
        <time>2015-07-30T14:57:14Z</time>
        <sat>8</sat>
      </trkpt>
      <trkpt lat="40.590489" lon="0.001632">
        <ele>1018.7</ele>
        <time>2015-07-30T14:57:26Z</time>
        <sat>8</sat>
      </trkpt>
      <trkpt lat="40.590590" lon="0.001478">
        <ele>1016.9</ele>
        <time>2015-07-30T14:57:37Z</time>
        <sat>8</sat>
      </trkpt>
      <trkpt lat="40.590687" lon="0.001310">
        <ele>1014.5</ele>
        <time>2015-07-30T14:57:49Z</time>
        <sat>8</sat>
      </trkpt>
      <trkpt lat="40.590782" lon="0.001132">
        <ele>1012.4</ele>
        <time>2015-07-30T14:58:01Z</time>
        <sat>8</sat>
      </trkpt>
      <trkpt lat="40.590902" lon="0.000993">
        <ele>1010.6</ele>
        <time>2015-07-30T14:58:12Z</time>
        <sat>8</sat>
      </trkpt>
      <trkpt lat="40.591034" lon="0.000878">
        <ele>1008.5</ele>
        <time>2015-07-30T14:58:24Z</time>
        <sat>8</sat>
      </trkpt>
      <trkpt lat="40.591164" lon="0.000767">
        <ele>1007.9</ele>
        <time>2015-07-30T14:58:35Z</time>
        <sat>8</sat>
      </trkpt>
      <trkpt lat="40.591283" lon="0.000642">
        <ele>1005.5</ele>
        <time>2015-07-30T14:58:46Z</time>
        <sat>8</sat>
      </trkpt>
      <trkpt lat="40.591425" lon="0.000543">
        <ele>1002.7</ele>
        <time>2015-07-30T14:58:58Z</time>
        <sat>8</sat>
      </trkpt>
      <trkpt lat="40.591574" lon="0.000462">
        <ele>999.6</ele>
        <time>2015-07-30T14:59:10Z</time>
        <sat>8</sat>
      </trkpt>
      <trkpt lat="40.591715" lon="0.000369">
        <ele>997.8</ele>
        <time>2015-07-30T14:59:21Z</time>
        <sat>7</sat>
      </trkpt>
      <trkpt lat="40.591835" lon="0.000262">
        <ele>997.4</ele>
        <time>2015-07-30T14:59:32Z</time>
        <sat>8</sat>
      </trkpt>
      <trkpt lat="40.591952" lon="0.000142">
        <ele>995.4</ele>
        <time>2015-07-30T14:59:42Z</time>
        <sat>8</sat>
      </trkpt>
      <trkpt lat="40.592077" lon="0.000067">
        <ele>992.6</ele>
        <time>2015-07-30T14:59:52Z</time>
        <sat>7</sat>
      </trkpt>
      <trkpt lat="40.592192" lon="0.000092">
        <ele>990.5</ele>
        <time>2015-07-30T15:00:01Z</time>
        <sat>7</sat>
      </trkpt>
      <trkpt lat="40.592307" lon="0.000144">
        <ele>990.2</ele>
        <time>2015-07-30T15:00:10Z</time>
        <sat>7</sat>
      </trkpt>
      <trkpt lat="40.592438" lon="0.000213">
        <ele>990.5</ele>
        <time>2015-07-30T15:00:20Z</time>
        <sat>7</sat>
      </trkpt>
      <trkpt lat="40.592575" lon="0.000313">
        <ele>990.4</ele>
        <time>2015-07-30T15:00:31Z</time>
        <sat>8</sat>
      </trkpt>
      <trkpt lat="40.592694" lon="0.000442">
        <ele>991.8</ele>
        <time>2015-07-30T15:00:43Z</time>
        <sat>8</sat>
      </trkpt>
      <trkpt lat="40.592780" lon="0.000565">
        <ele>993.2</ele>
        <time>2015-07-30T15:00:52Z</time>
        <sat>8</sat>
      </trkpt>
      <trkpt lat="40.592870" lon="0.000673">
        <ele>993.1</ele>
        <time>2015-07-30T15:01:01Z</time>
        <sat>8</sat>
      </trkpt>
      <trkpt lat="40.592970" lon="0.000802">
        <ele>991.3</ele>
        <time>2015-07-30T15:01:11Z</time>
        <sat>8</sat>
      </trkpt>
      <trkpt lat="40.593075" lon="0.000960">
        <ele>988.4</ele>
        <time>2015-07-30T15:01:22Z</time>
        <sat>8</sat>
      </trkpt>
      <trkpt lat="40.593193" lon="0.001122">
        <ele>984.7</ele>
        <time>2015-07-30T15:01:35Z</time>
        <sat>8</sat>
      </trkpt>
      <trkpt lat="40.593313" lon="0.001279">
        <ele>981.4</ele>
        <time>2015-07-30T15:01:47Z</time>
        <sat>8</sat>
      </trkpt>
      <trkpt lat="40.593422" lon="0.001410">
        <ele>978.8</ele>
        <time>2015-07-30T15:01:58Z</time>
        <sat>8</sat>
      </trkpt>
      <trkpt lat="40.593530" lon="0.001487">
        <ele>977.2</ele>
        <time>2015-07-30T15:02:07Z</time>
        <sat>8</sat>
      </trkpt>
      <trkpt lat="40.593652" lon="0.001512">
        <ele>975.7</ele>
        <time>2015-07-30T15:02:16Z</time>
        <sat>8</sat>
      </trkpt>
      <trkpt lat="40.593802" lon="0.001489">
        <ele>973.3</ele>
        <time>2015-07-30T15:02:27Z</time>
        <sat>8</sat>
      </trkpt>
      <trkpt lat="40.593965" lon="0.001447">
        <ele>970.8</ele>
        <time>2015-07-30T15:02:39Z</time>
        <sat>8</sat>
      </trkpt>
      <trkpt lat="40.594107" lon="0.001394">
        <ele>968.8</ele>
        <time>2015-07-30T15:02:50Z</time>
        <sat>8</sat>
      </trkpt>
      <trkpt lat="40.594223" lon="0.001325">
        <ele>966.7</ele>
        <time>2015-07-30T15:02:59Z</time>
        <sat>8</sat>
      </trkpt>
      <trkpt lat="40.594326" lon="0.001265">
        <ele>964.9</ele>
        <time>2015-07-30T15:03:07Z</time>
        <sat>8</sat>
      </trkpt>
      <trkpt lat="40.594326" lon="0.001265">
        <ele>964.9</ele>
        <time>2015-07-30T15:03:07Z</time>
        <sat>8</sat>
      </trkpt>
      <trkpt lat="40.594395" lon="0.001374">
        <ele>963.4</ele>
        <time>2015-07-30T15:03:15Z</time>
        <sat>8</sat>
      </trkpt>
      <trkpt lat="40.594359" lon="0.001520">
        <ele>962.6</ele>
        <time>2015-07-30T15:03:23Z</time>
        <sat>8</sat>
      </trkpt>
      <trkpt lat="40.594330" lon="0.001653">
        <ele>962.2</ele>
        <time>2015-07-30T15:03:31Z</time>
        <sat>8</sat>
      </trkpt>
      <trkpt lat="40.594313" lon="0.001807">
        <ele>961.2</ele>
        <time>2015-07-30T15:03:40Z</time>
        <sat>8</sat>
      </trkpt>
      <trkpt lat="40.594326" lon="0.001985">
        <ele>959.2</ele>
        <time>2015-07-30T15:03:50Z</time>
        <sat>8</sat>
      </trkpt>
      <trkpt lat="40.594350" lon="0.002125">
        <ele>957.8</ele>
        <time>2015-07-30T15:03:58Z</time>
        <sat>8</sat>
      </trkpt>
      <trkpt lat="40.594395" lon="0.002292">
        <ele>955.7</ele>
        <time>2015-07-30T15:04:07Z</time>
        <sat>8</sat>
      </trkpt>
      <trkpt lat="40.594407" lon="0.002430">
        <ele>954.4</ele>
        <time>2015-07-30T15:04:15Z</time>
        <sat>8</sat>
      </trkpt>
      <trkpt lat="40.594423" lon="0.002572">
        <ele>952.7</ele>
        <time>2015-07-30T15:04:23Z</time>
        <sat>8</sat>
      </trkpt>
      <trkpt lat="40.594447" lon="0.002715">
        <ele>951.5</ele>
        <time>2015-07-30T15:04:31Z</time>
        <sat>8</sat>
      </trkpt>
      <trkpt lat="40.594474" lon="0.002864">
        <ele>950.2</ele>
        <time>2015-07-30T15:04:39Z</time>
        <sat>8</sat>
      </trkpt>
      <trkpt lat="40.594495" lon="0.003007">
        <ele>948.8</ele>
        <time>2015-07-30T15:04:47Z</time>
        <sat>8</sat>
      </trkpt>
      <trkpt lat="40.594525" lon="0.003165">
        <ele>947.4</ele>
        <time>2015-07-30T15:04:56Z</time>
        <sat>8</sat>
      </trkpt>
      <trkpt lat="40.594589" lon="0.003325">
        <ele>945.9</ele>
        <time>2015-07-30T15:05:06Z</time>
        <sat>8</sat>
      </trkpt>
      <trkpt lat="40.594647" lon="0.003457">
        <ele>945.0</ele>
        <time>2015-07-30T15:05:15Z</time>
        <sat>8</sat>
      </trkpt>
      <trkpt lat="40.594710" lon="0.003595">
        <ele>943.7</ele>
        <time>2015-07-30T15:05:24Z</time>
        <sat>8</sat>
      </trkpt>
      <trkpt lat="40.594780" lon="0.003724">
        <ele>942.8</ele>
        <time>2015-07-30T15:05:33Z</time>
        <sat>8</sat>
      </trkpt>
      <trkpt lat="40.594850" lon="0.003810">
        <ele>942.0</ele>
        <time>2015-07-30T15:05:40Z</time>
        <sat>8</sat>
      </trkpt>
      <trkpt lat="40.594927" lon="0.003887">
        <ele>941.1</ele>
        <time>2015-07-30T15:05:47Z</time>
        <sat>8</sat>
      </trkpt>
      <trkpt lat="40.595018" lon="0.003952">
        <ele>939.5</ele>
        <time>2015-07-30T15:05:54Z</time>
        <sat>8</sat>
      </trkpt>
      <trkpt lat="40.595105" lon="0.004000">
        <ele>936.5</ele>
        <time>2015-07-30T15:06:01Z</time>
        <sat>8</sat>
      </trkpt>
      <trkpt lat="40.595179" lon="0.004074">
        <ele>933.5</ele>
        <time>2015-07-30T15:06:08Z</time>
        <sat>8</sat>
      </trkpt>
      <trkpt lat="40.595280" lon="0.004162">
        <ele>930.8</ele>
        <time>2015-07-30T15:06:17Z</time>
        <sat>8</sat>
      </trkpt>
      <trkpt lat="40.595372" lon="0.004230">
        <ele>929.7</ele>
        <time>2015-07-30T15:06:24Z</time>
        <sat>8</sat>
      </trkpt>
      <trkpt lat="40.595453" lon="0.004307">
        <ele>929.2</ele>
        <time>2015-07-30T15:06:32Z</time>
        <sat>8</sat>
      </trkpt>
      <trkpt lat="40.595548" lon="0.004417">
        <ele>928.2</ele>
        <time>2015-07-30T15:06:41Z</time>
        <sat>8</sat>
      </trkpt>
      <trkpt lat="40.595625" lon="0.004555">
        <ele>927.0</ele>
        <time>2015-07-30T15:06:50Z</time>
        <sat>8</sat>
      </trkpt>
      <trkpt lat="40.595675" lon="0.004673">
        <ele>925.5</ele>
        <time>2015-07-30T15:06:58Z</time>
        <sat>8</sat>
      </trkpt>
      <trkpt lat="40.595742" lon="0.004772">
        <ele>924.1</ele>
        <time>2015-07-30T15:07:05Z</time>
        <sat>8</sat>
      </trkpt>
      <trkpt lat="40.595747" lon="0.004892">
        <ele>922.8</ele>
        <time>2015-07-30T15:07:12Z</time>
        <sat>8</sat>
      </trkpt>
      <trkpt lat="40.595782" lon="0.005012">
        <ele>919.7</ele>
        <time>2015-07-30T15:07:19Z</time>
        <sat>8</sat>
      </trkpt>
      <trkpt lat="40.595812" lon="0.005127">
        <ele>917.7</ele>
        <time>2015-07-30T15:07:25Z</time>
        <sat>8</sat>
      </trkpt>
      <trkpt lat="40.595849" lon="0.005253">
        <ele>916.5</ele>
        <time>2015-07-30T15:07:33Z</time>
        <sat>8</sat>
      </trkpt>
      <trkpt lat="40.595893" lon="0.005363">
        <ele>915.3</ele>
        <time>2015-07-30T15:07:40Z</time>
        <sat>8</sat>
      </trkpt>
      <trkpt lat="40.595957" lon="0.005467">
        <ele>914.4</ele>
        <time>2015-07-30T15:07:47Z</time>
        <sat>8</sat>
      </trkpt>
      <trkpt lat="40.596012" lon="0.005565">
        <ele>913.8</ele>
        <time>2015-07-30T15:07:54Z</time>
        <sat>8</sat>
      </trkpt>
      <trkpt lat="40.596054" lon="0.005687">
        <ele>915.1</ele>
        <time>2015-07-30T15:08:01Z</time>
        <sat>8</sat>
      </trkpt>
      <trkpt lat="40.596118" lon="0.005778">
        <ele>915.5</ele>
        <time>2015-07-30T15:08:08Z</time>
        <sat>8</sat>
      </trkpt>
      <trkpt lat="40.596190" lon="0.005867">
        <ele>915.4</ele>
        <time>2015-07-30T15:08:15Z</time>
        <sat>8</sat>
      </trkpt>
      <trkpt lat="40.596250" lon="0.005975">
        <ele>915.5</ele>
        <time>2015-07-30T15:08:23Z</time>
        <sat>8</sat>
      </trkpt>
      <trkpt lat="40.596310" lon="0.006079">
        <ele>915.2</ele>
        <time>2015-07-30T15:08:30Z</time>
        <sat>7</sat>
      </trkpt>
      <trkpt lat="40.596367" lon="0.006205">
        <ele>913.9</ele>
        <time>2015-07-30T15:08:38Z</time>
        <sat>7</sat>
      </trkpt>
      <trkpt lat="40.596397" lon="0.006342">
        <ele>913.8</ele>
        <time>2015-07-30T15:08:46Z</time>
        <sat>7</sat>
      </trkpt>
      <trkpt lat="40.596422" lon="0.006465">
        <ele>911.2</ele>
        <time>2015-07-30T15:08:53Z</time>
        <sat>8</sat>
      </trkpt>
      <trkpt lat="40.596455" lon="0.006587">
        <ele>907.2</ele>
        <time>2015-07-30T15:09:00Z</time>
        <sat>7</sat>
      </trkpt>
      <trkpt lat="40.596457" lon="0.006715">
        <ele>906.2</ele>
        <time>2015-07-30T15:09:07Z</time>
        <sat>7</sat>
      </trkpt>
      <trkpt lat="40.596510" lon="0.006850">
        <ele>906.8</ele>
        <time>2015-07-30T15:09:16Z</time>
        <sat>8</sat>
      </trkpt>
      <trkpt lat="40.596585" lon="0.006932">
        <ele>906.8</ele>
        <time>2015-07-30T15:09:23Z</time>
        <sat>8</sat>
      </trkpt>
      <trkpt lat="40.596665" lon="0.006987">
        <ele>906.5</ele>
        <time>2015-07-30T15:09:29Z</time>
        <sat>8</sat>
      </trkpt>
      <trkpt lat="40.596765" lon="0.007057">
        <ele>905.9</ele>
        <time>2015-07-30T15:09:38Z</time>
        <sat>7</sat>
      </trkpt>
      <trkpt lat="40.596850" lon="0.007114">
        <ele>904.7</ele>
        <time>2015-07-30T15:09:44Z</time>
        <sat>7</sat>
      </trkpt>
      <trkpt lat="40.596932" lon="0.007227">
        <ele>900.6</ele>
        <time>2015-07-30T15:09:53Z</time>
        <sat>7</sat>
      </trkpt>
      <trkpt lat="40.597022" lon="0.007297">
        <ele>899.8</ele>
        <time>2015-07-30T15:10:01Z</time>
        <sat>7</sat>
      </trkpt>
      <trkpt lat="40.597093" lon="0.007400">
        <ele>900.7</ele>
        <time>2015-07-30T15:10:08Z</time>
        <sat>8</sat>
      </trkpt>
      <trkpt lat="40.597187" lon="0.007502">
        <ele>900.2</ele>
        <time>2015-07-30T15:10:17Z</time>
        <sat>8</sat>
      </trkpt>
      <trkpt lat="40.597260" lon="0.007573">
        <ele>899.7</ele>
        <time>2015-07-30T15:10:24Z</time>
        <sat>7</sat>
      </trkpt>
      <trkpt lat="40.597348" lon="0.007645">
        <ele>898.6</ele>
        <time>2015-07-30T15:10:31Z</time>
        <sat>7</sat>
      </trkpt>
      <trkpt lat="40.597430" lon="0.007723">
        <ele>898.5</ele>
        <time>2015-07-30T15:10:39Z</time>
        <sat>7</sat>
      </trkpt>
      <trkpt lat="40.597495" lon="0.007832">
        <ele>904.4</ele>
        <time>2015-07-30T15:10:46Z</time>
        <sat>7</sat>
      </trkpt>
      <trkpt lat="40.597602" lon="0.007908">
        <ele>897.7</ele>
        <time>2015-07-30T15:10:55Z</time>
        <sat>7</sat>
      </trkpt>
      <trkpt lat="40.597693" lon="0.007994">
        <ele>900.0</ele>
        <time>2015-07-30T15:11:03Z</time>
        <sat>7</sat>
      </trkpt>
      <trkpt lat="40.597770" lon="0.008109">
        <ele>899.0</ele>
        <time>2015-07-30T15:11:12Z</time>
        <sat>7</sat>
      </trkpt>
      <trkpt lat="40.597824" lon="0.008205">
        <ele>897.1</ele>
        <time>2015-07-30T15:11:18Z</time>
        <sat>7</sat>
      </trkpt>
      <trkpt lat="40.597862" lon="0.008342">
        <ele>896.7</ele>
        <time>2015-07-30T15:11:27Z</time>
        <sat>7</sat>
      </trkpt>
      <trkpt lat="40.597897" lon="0.008452">
        <ele>895.9</ele>
        <time>2015-07-30T15:11:33Z</time>
        <sat>7</sat>
      </trkpt>
      <trkpt lat="40.597954" lon="0.008575">
        <ele>893.5</ele>
        <time>2015-07-30T15:11:41Z</time>
        <sat>7</sat>
      </trkpt>
      <trkpt lat="40.598049" lon="0.008680">
        <ele>892.1</ele>
        <time>2015-07-30T15:11:50Z</time>
        <sat>8</sat>
      </trkpt>
      <trkpt lat="40.598122" lon="0.008782">
        <ele>891.4</ele>
        <time>2015-07-30T15:11:58Z</time>
        <sat>8</sat>
      </trkpt>
      <trkpt lat="40.598192" lon="0.008899">
        <ele>891.0</ele>
        <time>2015-07-30T15:12:06Z</time>
        <sat>8</sat>
      </trkpt>
      <trkpt lat="40.598280" lon="0.009012">
        <ele>890.0</ele>
        <time>2015-07-30T15:12:15Z</time>
        <sat>8</sat>
      </trkpt>
      <trkpt lat="40.598328" lon="0.009145">
        <ele>887.0</ele>
        <time>2015-07-30T15:12:23Z</time>
        <sat>8</sat>
      </trkpt>
      <trkpt lat="40.598350" lon="0.009263">
        <ele>887.3</ele>
        <time>2015-07-30T15:12:30Z</time>
        <sat>6</sat>
      </trkpt>
      <trkpt lat="40.598360" lon="0.009382">
        <ele>886.4</ele>
        <time>2015-07-30T15:12:37Z</time>
        <sat>8</sat>
      </trkpt>
      <trkpt lat="40.598389" lon="0.009508">
        <ele>885.5</ele>
        <time>2015-07-30T15:12:44Z</time>
        <sat>7</sat>
      </trkpt>
      <trkpt lat="40.598437" lon="0.009632">
        <ele>883.9</ele>
        <time>2015-07-30T15:12:51Z</time>
        <sat>6</sat>
      </trkpt>
      <trkpt lat="40.598515" lon="0.009722">
        <ele>882.5</ele>
        <time>2015-07-30T15:12:59Z</time>
        <sat>6</sat>
      </trkpt>
      <trkpt lat="40.598582" lon="0.009823">
        <ele>881.6</ele>
        <time>2015-07-30T15:13:06Z</time>
        <sat>6</sat>
      </trkpt>
      <trkpt lat="40.598665" lon="0.009904">
        <ele>881.1</ele>
        <time>2015-07-30T15:13:14Z</time>
        <sat>6</sat>
      </trkpt>
      <trkpt lat="40.598705" lon="0.010010">
        <ele>876.8</ele>
        <time>2015-07-30T15:13:21Z</time>
        <sat>6</sat>
      </trkpt>
      <trkpt lat="40.598795" lon="0.010002">
        <ele>878.5</ele>
        <time>2015-07-30T15:13:27Z</time>
        <sat>6</sat>
      </trkpt>
      <trkpt lat="40.598875" lon="0.010082">
        <ele>878.0</ele>
        <time>2015-07-30T15:13:34Z</time>
        <sat>6</sat>
      </trkpt>
      <trkpt lat="40.598977" lon="0.010148">
        <ele>881.2</ele>
        <time>2015-07-30T15:13:43Z</time>
        <sat>5</sat>
      </trkpt>
      <trkpt lat="40.599033" lon="0.010247">
        <ele>880.7</ele>
        <time>2015-07-30T15:13:50Z</time>
        <sat>5</sat>
      </trkpt>
      <trkpt lat="40.599075" lon="0.010359">
        <ele>878.8</ele>
        <time>2015-07-30T15:13:56Z</time>
        <sat>6</sat>
      </trkpt>
      <trkpt lat="40.599107" lon="0.010495">
        <ele>876.4</ele>
        <time>2015-07-30T15:14:04Z</time>
        <sat>6</sat>
      </trkpt>
      <trkpt lat="40.599092" lon="0.010637">
        <ele>872.6</ele>
        <time>2015-07-30T15:14:12Z</time>
        <sat>6</sat>
      </trkpt>
      <trkpt lat="40.599093" lon="0.010770">
        <ele>868.8</ele>
        <time>2015-07-30T15:14:20Z</time>
        <sat>6</sat>
      </trkpt>
      <trkpt lat="40.599090" lon="0.010927">
        <ele>863.8</ele>
        <time>2015-07-30T15:14:28Z</time>
        <sat>8</sat>
      </trkpt>
      <trkpt lat="40.599110" lon="0.011065">
        <ele>863.8</ele>
        <time>2015-07-30T15:14:36Z</time>
        <sat>8</sat>
      </trkpt>
      <trkpt lat="40.599132" lon="0.011209">
        <ele>864.8</ele>
        <time>2015-07-30T15:14:44Z</time>
        <sat>7</sat>
      </trkpt>
      <trkpt lat="40.599157" lon="0.011377">
        <ele>864.5</ele>
        <time>2015-07-30T15:14:54Z</time>
        <sat>7</sat>
      </trkpt>
      <trkpt lat="40.599205" lon="0.011517">
        <ele>864.1</ele>
        <time>2015-07-30T15:15:02Z</time>
        <sat>7</sat>
      </trkpt>
      <trkpt lat="40.599284" lon="0.011633">
        <ele>863.6</ele>
        <time>2015-07-30T15:15:11Z</time>
        <sat>7</sat>
      </trkpt>
      <trkpt lat="40.599190" lon="0.011687">
        <ele>858.8</ele>
        <time>2015-07-30T15:15:18Z</time>
        <sat>7</sat>
      </trkpt>
      <trkpt lat="40.599233" lon="0.011817">
        <ele>856.3</ele>
        <time>2015-07-30T15:15:26Z</time>
        <sat>7</sat>
      </trkpt>
      <trkpt lat="40.599322" lon="0.011925">
        <ele>856.0</ele>
        <time>2015-07-30T15:15:35Z</time>
        <sat>6</sat>
      </trkpt>
      <trkpt lat="40.599400" lon="0.012005">
        <ele>854.2</ele>
        <time>2015-07-30T15:15:42Z</time>
        <sat>6</sat>
      </trkpt>
      <trkpt lat="40.599457" lon="0.012112">
        <ele>851.4</ele>
        <time>2015-07-30T15:15:49Z</time>
        <sat>6</sat>
      </trkpt>
      <trkpt lat="40.599502" lon="0.012225">
        <ele>848.9</ele>
        <time>2015-07-30T15:15:56Z</time>
        <sat>6</sat>
      </trkpt>
      <trkpt lat="40.599399" lon="0.012240">
        <ele>845.6</ele>
        <time>2015-07-30T15:16:04Z</time>
        <sat>6</sat>
      </trkpt>
      <trkpt lat="40.599322" lon="0.012309">
        <ele>846.7</ele>
        <time>2015-07-30T15:16:10Z</time>
        <sat>6</sat>
      </trkpt>
      <trkpt lat="40.599348" lon="0.012435">
        <ele>847.6</ele>
        <time>2015-07-30T15:16:18Z</time>
        <sat>6</sat>
      </trkpt>
      <trkpt lat="40.599358" lon="0.012575">
        <ele>847.5</ele>
        <time>2015-07-30T15:16:25Z</time>
        <sat>6</sat>
      </trkpt>
      <trkpt lat="40.599348" lon="0.012743">
        <ele>846.9</ele>
        <time>2015-07-30T15:16:35Z</time>
        <sat>6</sat>
      </trkpt>
      <trkpt lat="40.599322" lon="0.012882">
        <ele>846.7</ele>
        <time>2015-07-30T15:16:43Z</time>
        <sat>6</sat>
      </trkpt>
      <trkpt lat="40.599294" lon="0.013040">
        <ele>846.8</ele>
        <time>2015-07-30T15:16:52Z</time>
        <sat>6</sat>
      </trkpt>
      <trkpt lat="40.599242" lon="0.013198">
        <ele>847.4</ele>
        <time>2015-07-30T15:17:01Z</time>
        <sat>6</sat>
      </trkpt>
      <trkpt lat="40.599197" lon="0.013329">
        <ele>848.3</ele>
        <time>2015-07-30T15:17:09Z</time>
        <sat>5</sat>
      </trkpt>
      <trkpt lat="40.599233" lon="0.013479">
        <ele>846.5</ele>
        <time>2015-07-30T15:17:18Z</time>
        <sat>5</sat>
      </trkpt>
      <trkpt lat="40.599240" lon="0.013597">
        <ele>847.6</ele>
        <time>2015-07-30T15:17:24Z</time>
        <sat>6</sat>
      </trkpt>
      <trkpt lat="40.599323" lon="0.013642">
        <ele>844.9</ele>
        <time>2015-07-30T15:17:31Z</time>
        <sat>7</sat>
      </trkpt>
      <trkpt lat="40.599320" lon="0.013763">
        <ele>842.5</ele>
        <time>2015-07-30T15:17:38Z</time>
        <sat>7</sat>
      </trkpt>
      <trkpt lat="40.599275" lon="0.013873">
        <ele>841.4</ele>
        <time>2015-07-30T15:17:45Z</time>
        <sat>6</sat>
      </trkpt>
      <trkpt lat="40.599273" lon="0.014005">
        <ele>840.4</ele>
        <time>2015-07-30T15:17:52Z</time>
        <sat>6</sat>
      </trkpt>
      <trkpt lat="40.599295" lon="0.014127">
        <ele>837.5</ele>
        <time>2015-07-30T15:17:59Z</time>
        <sat>7</sat>
      </trkpt>
      <trkpt lat="40.599310" lon="0.014286">
        <ele>835.0</ele>
        <time>2015-07-30T15:18:08Z</time>
        <sat>6</sat>
      </trkpt>
      <trkpt lat="40.599250" lon="0.014384">
        <ele>835.9</ele>
        <time>2015-07-30T15:18:14Z</time>
        <sat>5</sat>
      </trkpt>
      <trkpt lat="40.599204" lon="0.014492">
        <ele>832.5</ele>
        <time>2015-07-30T15:18:21Z</time>
        <sat>5</sat>
      </trkpt>
      <trkpt lat="40.599217" lon="0.014664">
        <ele>828.1</ele>
        <time>2015-07-30T15:18:31Z</time>
        <sat>6</sat>
      </trkpt>
      <trkpt lat="40.599240" lon="0.014804">
        <ele>826.3</ele>
        <time>2015-07-30T15:18:39Z</time>
        <sat>6</sat>
      </trkpt>
      <trkpt lat="40.599245" lon="0.014942">
        <ele>824.6</ele>
        <time>2015-07-30T15:18:46Z</time>
        <sat>7</sat>
      </trkpt>
      <trkpt lat="40.599199" lon="0.015085">
        <ele>825.7</ele>
        <time>2015-07-30T15:18:55Z</time>
        <sat>7</sat>
      </trkpt>
      <trkpt lat="40.599160" lon="0.015232">
        <ele>825.9</ele>
        <time>2015-07-30T15:19:04Z</time>
        <sat>6</sat>
      </trkpt>
      <trkpt lat="40.599137" lon="0.015383">
        <ele>823.6</ele>
        <time>2015-07-30T15:19:12Z</time>
        <sat>6</sat>
      </trkpt>
      <trkpt lat="40.599108" lon="0.015560">
        <ele>821.9</ele>
        <time>2015-07-30T15:19:22Z</time>
        <sat>6</sat>
      </trkpt>
      <trkpt lat="40.599082" lon="0.015730">
        <ele>819.9</ele>
        <time>2015-07-30T15:19:32Z</time>
        <sat>6</sat>
      </trkpt>
      <trkpt lat="40.599069" lon="0.015863">
        <ele>817.5</ele>
        <time>2015-07-30T15:19:39Z</time>
        <sat>7</sat>
      </trkpt>
      <trkpt lat="40.599047" lon="0.016019">
        <ele>814.6</ele>
        <time>2015-07-30T15:19:48Z</time>
        <sat>7</sat>
      </trkpt>
      <trkpt lat="40.599079" lon="0.016142">
        <ele>813.3</ele>
        <time>2015-07-30T15:19:55Z</time>
        <sat>7</sat>
      </trkpt>
      <trkpt lat="40.599120" lon="0.016287">
        <ele>811.6</ele>
        <time>2015-07-30T15:20:04Z</time>
        <sat>7</sat>
      </trkpt>
      <trkpt lat="40.599160" lon="0.016433">
        <ele>809.4</ele>
        <time>2015-07-30T15:20:12Z</time>
        <sat>7</sat>
      </trkpt>
      <trkpt lat="40.599184" lon="0.016599">
        <ele>813.7</ele>
        <time>2015-07-30T15:20:22Z</time>
        <sat>7</sat>
      </trkpt>
      <trkpt lat="40.599214" lon="0.016763">
        <ele>814.8</ele>
        <time>2015-07-30T15:20:31Z</time>
        <sat>7</sat>
      </trkpt>
      <trkpt lat="40.599238" lon="0.016892">
        <ele>814.2</ele>
        <time>2015-07-30T15:20:38Z</time>
        <sat>7</sat>
      </trkpt>
      <trkpt lat="40.599272" lon="0.017035">
        <ele>813.9</ele>
        <time>2015-07-30T15:20:47Z</time>
        <sat>7</sat>
      </trkpt>
      <trkpt lat="40.599315" lon="0.017165">
        <ele>812.8</ele>
        <time>2015-07-30T15:20:54Z</time>
        <sat>7</sat>
      </trkpt>
      <trkpt lat="40.599353" lon="0.017298">
        <ele>812.1</ele>
        <time>2015-07-30T15:21:02Z</time>
        <sat>7</sat>
      </trkpt>
      <trkpt lat="40.599387" lon="0.017454">
        <ele>811.7</ele>
        <time>2015-07-30T15:21:11Z</time>
        <sat>7</sat>
      </trkpt>
      <trkpt lat="40.599412" lon="0.017600">
        <ele>811.2</ele>
        <time>2015-07-30T15:21:19Z</time>
        <sat>7</sat>
      </trkpt>
      <trkpt lat="40.599457" lon="0.017735">
        <ele>810.2</ele>
        <time>2015-07-30T15:21:28Z</time>
        <sat>7</sat>
      </trkpt>
      <trkpt lat="40.599472" lon="0.017855">
        <ele>810.5</ele>
        <time>2015-07-30T15:21:34Z</time>
        <sat>7</sat>
      </trkpt>
      <trkpt lat="40.599470" lon="0.017975">
        <ele>810.4</ele>
        <time>2015-07-30T15:21:41Z</time>
        <sat>7</sat>
      </trkpt>
      <trkpt lat="40.599492" lon="0.018119">
        <ele>810.9</ele>
        <time>2015-07-30T15:21:49Z</time>
        <sat>7</sat>
      </trkpt>
      <trkpt lat="40.599514" lon="0.018279">
        <ele>810.3</ele>
        <time>2015-07-30T15:21:58Z</time>
        <sat>7</sat>
      </trkpt>
      <trkpt lat="40.599535" lon="0.018407">
        <ele>810.1</ele>
        <time>2015-07-30T15:22:05Z</time>
        <sat>7</sat>
      </trkpt>
      <trkpt lat="40.599570" lon="0.018538">
        <ele>808.8</ele>
        <time>2015-07-30T15:22:13Z</time>
        <sat>7</sat>
      </trkpt>
      <trkpt lat="40.599598" lon="0.018678">
        <ele>808.7</ele>
        <time>2015-07-30T15:22:21Z</time>
        <sat>7</sat>
      </trkpt>
      <trkpt lat="40.599627" lon="0.018822">
        <ele>808.9</ele>
        <time>2015-07-30T15:22:29Z</time>
        <sat>7</sat>
      </trkpt>
      <trkpt lat="40.599667" lon="0.018965">
        <ele>808.3</ele>
        <time>2015-07-30T15:22:38Z</time>
        <sat>7</sat>
      </trkpt>
      <trkpt lat="40.599707" lon="0.019098">
        <ele>807.9</ele>
        <time>2015-07-30T15:22:46Z</time>
        <sat>7</sat>
      </trkpt>
      <trkpt lat="40.599758" lon="0.019239">
        <ele>807.7</ele>
        <time>2015-07-30T15:22:54Z</time>
        <sat>7</sat>
      </trkpt>
      <trkpt lat="40.599830" lon="0.019380">
        <ele>809.3</ele>
        <time>2015-07-30T15:23:04Z</time>
        <sat>7</sat>
      </trkpt>
      <trkpt lat="40.599917" lon="0.019469">
        <ele>808.6</ele>
        <time>2015-07-30T15:23:12Z</time>
        <sat>7</sat>
      </trkpt>
      <trkpt lat="40.600003" lon="0.019568">
        <ele>807.0</ele>
        <time>2015-07-30T15:23:20Z</time>
        <sat>7</sat>
      </trkpt>
      <trkpt lat="40.600102" lon="0.019690">
        <ele>805.3</ele>
        <time>2015-07-30T15:23:30Z</time>
        <sat>7</sat>
      </trkpt>
      <trkpt lat="40.600210" lon="0.019814">
        <ele>803.5</ele>
        <time>2015-07-30T15:23:40Z</time>
        <sat>7</sat>
      </trkpt>
      <trkpt lat="40.600305" lon="0.019970">
        <ele>802.3</ele>
        <time>2015-07-30T15:23:51Z</time>
        <sat>7</sat>
      </trkpt>
      <trkpt lat="40.600387" lon="0.020142">
        <ele>801.4</ele>
        <time>2015-07-30T15:24:02Z</time>
        <sat>7</sat>
      </trkpt>
      <trkpt lat="40.600462" lon="0.020328">
        <ele>800.2</ele>
        <time>2015-07-30T15:24:14Z</time>
        <sat>7</sat>
      </trkpt>
      <trkpt lat="40.600540" lon="0.020495">
        <ele>799.1</ele>
        <time>2015-07-30T15:24:25Z</time>
        <sat>7</sat>
      </trkpt>
      <trkpt lat="40.600590" lon="0.020640">
        <ele>798.4</ele>
        <time>2015-07-30T15:24:34Z</time>
        <sat>7</sat>
      </trkpt>
      <trkpt lat="40.600603" lon="0.020758">
        <ele>798.6</ele>
        <time>2015-07-30T15:24:40Z</time>
        <sat>7</sat>
      </trkpt>
      <trkpt lat="40.600629" lon="0.020885">
        <ele>798.4</ele>
        <time>2015-07-30T15:24:48Z</time>
        <sat>7</sat>
      </trkpt>
      <trkpt lat="40.600655" lon="0.021007">
        <ele>797.9</ele>
        <time>2015-07-30T15:24:55Z</time>
        <sat>7</sat>
      </trkpt>
      <trkpt lat="40.600739" lon="0.021155">
        <ele>795.2</ele>
        <time>2015-07-30T15:25:05Z</time>
        <sat>7</sat>
      </trkpt>
      <trkpt lat="40.600802" lon="0.021360">
        <ele>793.5</ele>
        <time>2015-07-30T15:25:17Z</time>
        <sat>7</sat>
      </trkpt>
      <trkpt lat="40.600852" lon="0.021517">
        <ele>792.9</ele>
        <time>2015-07-30T15:25:26Z</time>
        <sat>7</sat>
      </trkpt>
      <trkpt lat="40.600907" lon="0.021668">
        <ele>792.2</ele>
        <time>2015-07-30T15:25:36Z</time>
        <sat>7</sat>
      </trkpt>
      <trkpt lat="40.600967" lon="0.021802">
        <ele>791.1</ele>
        <time>2015-07-30T15:25:44Z</time>
        <sat>7</sat>
      </trkpt>
      <trkpt lat="40.601054" lon="0.021915">
        <ele>787.9</ele>
        <time>2015-07-30T15:25:53Z</time>
        <sat>7</sat>
      </trkpt>
      <trkpt lat="40.601120" lon="0.022049">
        <ele>786.1</ele>
        <time>2015-07-30T15:26:02Z</time>
        <sat>7</sat>
      </trkpt>
      <trkpt lat="40.601179" lon="0.022174">
        <ele>785.0</ele>
        <time>2015-07-30T15:26:10Z</time>
        <sat>7</sat>
      </trkpt>
      <trkpt lat="40.601242" lon="0.022282">
        <ele>783.6</ele>
        <time>2015-07-30T15:26:18Z</time>
        <sat>7</sat>
      </trkpt>
      <trkpt lat="40.601309" lon="0.022407">
        <ele>781.8</ele>
        <time>2015-07-30T15:26:26Z</time>
        <sat>7</sat>
      </trkpt>
      <trkpt lat="40.601352" lon="0.022552">
        <ele>780.7</ele>
        <time>2015-07-30T15:26:35Z</time>
        <sat>7</sat>
      </trkpt>
      <trkpt lat="40.601377" lon="0.022683">
        <ele>781.4</ele>
        <time>2015-07-30T15:26:42Z</time>
        <sat>7</sat>
      </trkpt>
      <trkpt lat="40.601430" lon="0.022827">
        <ele>777.7</ele>
        <time>2015-07-30T15:26:51Z</time>
        <sat>7</sat>
      </trkpt>
      <trkpt lat="40.601493" lon="0.022937">
        <ele>772.9</ele>
        <time>2015-07-30T15:26:59Z</time>
        <sat>7</sat>
      </trkpt>
      <trkpt lat="40.601573" lon="0.023032">
        <ele>767.2</ele>
        <time>2015-07-30T15:27:06Z</time>
        <sat>7</sat>
      </trkpt>
      <trkpt lat="40.601664" lon="0.023150">
        <ele>764.0</ele>
        <time>2015-07-30T15:27:16Z</time>
        <sat>7</sat>
      </trkpt>
      <trkpt lat="40.601739" lon="0.023262">
        <ele>761.4</ele>
        <time>2015-07-30T15:27:24Z</time>
        <sat>7</sat>
      </trkpt>
      <trkpt lat="40.601810" lon="0.023377">
        <ele>759.5</ele>
        <time>2015-07-30T15:27:32Z</time>
        <sat>7</sat>
      </trkpt>
      <trkpt lat="40.601902" lon="0.023430">
        <ele>758.0</ele>
        <time>2015-07-30T15:27:39Z</time>
        <sat>7</sat>
      </trkpt>
      <trkpt lat="40.601998" lon="0.023477">
        <ele>756.9</ele>
        <time>2015-07-30T15:27:47Z</time>
        <sat>7</sat>
      </trkpt>
      <trkpt lat="40.602087" lon="0.023525">
        <ele>754.7</ele>
        <time>2015-07-30T15:27:54Z</time>
        <sat>7</sat>
      </trkpt>
      <trkpt lat="40.602172" lon="0.023578">
        <ele>753.0</ele>
        <time>2015-07-30T15:28:01Z</time>
        <sat>8</sat>
      </trkpt>
      <trkpt lat="40.602255" lon="0.023627">
        <ele>751.1</ele>
        <time>2015-07-30T15:28:07Z</time>
        <sat>8</sat>
      </trkpt>
      <trkpt lat="40.602372" lon="0.023673">
        <ele>748.6</ele>
        <time>2015-07-30T15:28:16Z</time>
        <sat>7</sat>
      </trkpt>
      <trkpt lat="40.602472" lon="0.023754">
        <ele>746.5</ele>
        <time>2015-07-30T15:28:25Z</time>
        <sat>7</sat>
      </trkpt>
      <trkpt lat="40.602507" lon="0.023867">
        <ele>744.3</ele>
        <time>2015-07-30T15:28:32Z</time>
        <sat>8</sat>
      </trkpt>
      <trkpt lat="40.602445" lon="0.023962">
        <ele>742.5</ele>
        <time>2015-07-30T15:28:38Z</time>
        <sat>8</sat>
      </trkpt>
      <trkpt lat="40.602434" lon="0.024082">
        <ele>739.8</ele>
        <time>2015-07-30T15:28:45Z</time>
        <sat>7</sat>
      </trkpt>
      <trkpt lat="40.602385" lon="0.024194">
        <ele>738.1</ele>
        <time>2015-07-30T15:28:52Z</time>
        <sat>7</sat>
      </trkpt>
      <trkpt lat="40.602377" lon="0.024347">
        <ele>736.0</ele>
        <time>2015-07-30T15:29:01Z</time>
        <sat>7</sat>
      </trkpt>
      <trkpt lat="40.602380" lon="0.024473">
        <ele>734.4</ele>
        <time>2015-07-30T15:29:08Z</time>
        <sat>7</sat>
      </trkpt>
      <trkpt lat="40.602419" lon="0.024610">
        <ele>731.0</ele>
        <time>2015-07-30T15:29:16Z</time>
        <sat>7</sat>
      </trkpt>
      <trkpt lat="40.602444" lon="0.024770">
        <ele>728.3</ele>
        <time>2015-07-30T15:29:25Z</time>
        <sat>7</sat>
      </trkpt>
      <trkpt lat="40.602488" lon="0.024901">
        <ele>725.9</ele>
        <time>2015-07-30T15:29:33Z</time>
        <sat>7</sat>
      </trkpt>
      <trkpt lat="40.602544" lon="0.025045">
        <ele>724.5</ele>
        <time>2015-07-30T15:29:42Z</time>
        <sat>7</sat>
      </trkpt>
      <trkpt lat="40.602588" lon="0.025152">
        <ele>723.2</ele>
        <time>2015-07-30T15:29:48Z</time>
        <sat>7</sat>
      </trkpt>
      <trkpt lat="40.602627" lon="0.025268">
        <ele>722.0</ele>
        <time>2015-07-30T15:29:55Z</time>
        <sat>7</sat>
      </trkpt>
      <trkpt lat="40.602645" lon="0.025385">
        <ele>721.4</ele>
        <time>2015-07-30T15:30:02Z</time>
        <sat>7</sat>
      </trkpt>
      <trkpt lat="40.602688" lon="0.025495">
        <ele>719.2</ele>
        <time>2015-07-30T15:30:09Z</time>
        <sat>8</sat>
      </trkpt>
      <trkpt lat="40.602725" lon="0.025605">
        <ele>717.6</ele>
        <time>2015-07-30T15:30:16Z</time>
        <sat>8</sat>
      </trkpt>
      <trkpt lat="40.602823" lon="0.025587">
        <ele>716.5</ele>
        <time>2015-07-30T15:30:23Z</time>
        <sat>8</sat>
      </trkpt>
      <trkpt lat="40.602920" lon="0.025539">
        <ele>715.4</ele>
        <time>2015-07-30T15:30:30Z</time>
        <sat>8</sat>
      </trkpt>
      <trkpt lat="40.602920" lon="0.025539">
        <ele>715.4</ele>
        <time>2015-07-30T15:30:30Z</time>
        <sat>8</sat>
      </trkpt>
      <trkpt lat="40.603018" lon="0.025514">
        <ele>714.6</ele>
        <time>2015-07-30T15:30:38Z</time>
        <sat>8</sat>
      </trkpt>
      <trkpt lat="40.603120" lon="0.025473">
        <ele>713.7</ele>
        <time>2015-07-30T15:30:45Z</time>
        <sat>8</sat>
      </trkpt>
      <trkpt lat="40.603230" lon="0.025427">
        <ele>712.7</ele>
        <time>2015-07-30T15:30:54Z</time>
        <sat>8</sat>
      </trkpt>
      <trkpt lat="40.603353" lon="0.025382">
        <ele>711.5</ele>
        <time>2015-07-30T15:31:03Z</time>
        <sat>8</sat>
      </trkpt>
      <trkpt lat="40.603450" lon="0.025333">
        <ele>709.9</ele>
        <time>2015-07-30T15:31:11Z</time>
        <sat>8</sat>
      </trkpt>
      <trkpt lat="40.603544" lon="0.025292">
        <ele>707.3</ele>
        <time>2015-07-30T15:31:18Z</time>
        <sat>7</sat>
      </trkpt>
      <trkpt lat="40.603675" lon="0.025217">
        <ele>705.6</ele>
        <time>2015-07-30T15:31:28Z</time>
        <sat>7</sat>
      </trkpt>
      <trkpt lat="40.603765" lon="0.025118">
        <ele>705.1</ele>
        <time>2015-07-30T15:31:37Z</time>
        <sat>6</sat>
      </trkpt>
      <trkpt lat="40.603839" lon="0.024985">
        <ele>705.0</ele>
        <time>2015-07-30T15:31:46Z</time>
        <sat>6</sat>
      </trkpt>
      <trkpt lat="40.603935" lon="0.024890">
        <ele>702.8</ele>
        <time>2015-07-30T15:31:55Z</time>
        <sat>6</sat>
      </trkpt>
      <trkpt lat="40.604099" lon="0.024614">
        <ele>700.4</ele>
        <time>2015-07-30T15:32:14Z</time>
        <sat>5</sat>
      </trkpt>
      <trkpt lat="40.604226" lon="0.024631">
        <ele>699.4</ele>
        <time>2015-07-30T15:32:23Z</time>
        <sat>6</sat>
      </trkpt>
      <trkpt lat="40.604334" lon="0.024647">
        <ele>699.2</ele>
        <time>2015-07-30T15:32:31Z</time>
        <sat>6</sat>
      </trkpt>
      <trkpt lat="40.604472" lon="0.024626">
        <ele>698.0</ele>
        <time>2015-07-30T15:32:41Z</time>
        <sat>7</sat>
      </trkpt>
      <trkpt lat="40.604550" lon="0.024600">
        <ele>696.8</ele>
        <time>2015-07-30T15:32:47Z</time>
        <sat>7</sat>
      </trkpt>
      <trkpt lat="40.604677" lon="0.024490">
        <ele>695.9</ele>
        <time>2015-07-30T15:32:58Z</time>
        <sat>7</sat>
      </trkpt>
      <trkpt lat="40.604674" lon="0.024490">
        <ele>696.0</ele>
        <time>2015-07-30T15:32:58Z</time>
      </trkpt>
      <trkpt lat="40.604745" lon="0.024454">
        <ele>694.5</ele>
        <time>2015-07-30T15:33:04Z</time>
      </trkpt>
      <trkpt lat="40.604850" lon="0.024400">
        <ele>693.7</ele>
        <time>2015-07-30T15:33:12Z</time>
      </trkpt>
      <trkpt lat="40.604900" lon="0.024400">
        <ele>693.7</ele>
        <time>2015-07-30T15:33:16Z</time>
      </trkpt>
      <trkpt lat="40.604967" lon="0.024367">
        <ele>694.2</ele>
        <time>2015-07-30T15:33:21Z</time>
      </trkpt>
      <trkpt lat="40.605033" lon="0.024300">
        <ele>694.3</ele>
        <time>2015-07-30T15:33:27Z</time>
      </trkpt>
      <trkpt lat="40.605100" lon="0.024217">
        <ele>695.0</ele>
        <time>2015-07-30T15:33:34Z</time>
      </trkpt>
      <trkpt lat="40.605150" lon="0.024150">
        <ele>694.9</ele>
        <time>2015-07-30T15:33:39Z</time>
      </trkpt>
      <trkpt lat="40.605251" lon="0.024033">
        <ele>696.1</ele>
        <time>2015-07-30T15:33:49Z</time>
      </trkpt>
      <trkpt lat="40.605283" lon="0.023900">
        <ele>698.2</ele>
        <time>2015-07-30T15:33:56Z</time>
      </trkpt>
      <trkpt lat="40.605283" lon="0.023900">
        <ele>698.2</ele>
        <time>2015-07-30T15:33:56Z</time>
      </trkpt>
      <trkpt lat="40.605350" lon="0.023833">
        <ele>697.5</ele>
        <time>2015-07-30T15:34:02Z</time>
      </trkpt>
      <trkpt lat="40.605483" lon="0.023700">
        <ele>695.5</ele>
        <time>2015-07-30T15:34:15Z</time>
      </trkpt>
      <trkpt lat="40.605483" lon="0.023700">
        <ele>695.5</ele>
        <time>2015-07-30T15:34:15Z</time>
      </trkpt>
      <trkpt lat="40.605533" lon="0.023600">
        <ele>696.9</ele>
        <time>2015-07-30T15:34:21Z</time>
      </trkpt>
      <trkpt lat="40.605600" lon="0.023533">
        <ele>693.2</ele>
        <time>2015-07-30T15:34:27Z</time>
      </trkpt>
      <trkpt lat="40.605650" lon="0.023483">
        <ele>692.7</ele>
        <time>2015-07-30T15:34:32Z</time>
      </trkpt>
      <trkpt lat="40.605700" lon="0.023400">
        <ele>693.3</ele>
        <time>2015-07-30T15:34:38Z</time>
      </trkpt>
      <trkpt lat="40.605767" lon="0.023317">
        <ele>695.4</ele>
        <time>2015-07-30T15:34:44Z</time>
      </trkpt>
      <trkpt lat="40.605800" lon="0.023267">
        <ele>696.2</ele>
        <time>2015-07-30T15:34:48Z</time>
      </trkpt>
      <trkpt lat="40.605833" lon="0.023217">
        <ele>696.9</ele>
        <time>2015-07-30T15:34:52Z</time>
      </trkpt>
      <trkpt lat="40.605883" lon="0.023183">
        <ele>697.1</ele>
        <time>2015-07-30T15:34:56Z</time>
      </trkpt>
      <trkpt lat="40.605967" lon="0.023133">
        <ele>696.4</ele>
        <time>2015-07-30T15:35:03Z</time>
      </trkpt>
      <trkpt lat="40.606017" lon="0.023083">
        <ele>696.4</ele>
        <time>2015-07-30T15:35:07Z</time>
      </trkpt>
      <trkpt lat="40.606172" lon="0.023137">
        <ele>701.3</ele>
        <time>2015-07-30T15:35:19Z</time>
      </trkpt>
      <trkpt lat="40.606239" lon="0.023135">
        <ele>699.5</ele>
        <time>2015-07-30T15:35:24Z</time>
      </trkpt>
      <trkpt lat="40.606324" lon="0.023154">
        <ele>697.0</ele>
        <time>2015-07-30T15:35:30Z</time>
      </trkpt>
      <trkpt lat="40.606387" lon="0.023188">
        <ele>696.5</ele>
        <time>2015-07-30T15:35:35Z</time>
      </trkpt>
      <trkpt lat="40.606471" lon="0.023238">
        <ele>696.1</ele>
        <time>2015-07-30T15:35:42Z</time>
      </trkpt>
      <trkpt lat="40.606573" lon="0.023321">
        <ele>695.5</ele>
        <time>2015-07-30T15:35:50Z</time>
      </trkpt>
      <trkpt lat="40.606588" lon="0.023338">
        <ele>695.9</ele>
        <time>2015-07-30T15:35:52Z</time>
      </trkpt>
      <trkpt lat="40.606656" lon="0.023404">
        <ele>697.2</ele>
        <time>2015-07-30T15:35:58Z</time>
      </trkpt>
      <trkpt lat="40.606704" lon="0.023469">
        <ele>698.4</ele>
        <time>2015-07-30T15:36:03Z</time>
      </trkpt>
      <trkpt lat="40.606772" lon="0.023539">
        <ele>698.9</ele>
        <time>2015-07-30T15:36:09Z</time>
      </trkpt>
      <trkpt lat="40.606800" lon="0.023483">
        <ele>697.7</ele>
        <time>2015-07-30T15:36:13Z</time>
      </trkpt>
      <trkpt lat="40.606867" lon="0.023550">
        <ele>698.6</ele>
        <time>2015-07-30T15:36:19Z</time>
      </trkpt>
      <trkpt lat="40.606933" lon="0.023600">
        <ele>700.6</ele>
        <time>2015-07-30T15:36:25Z</time>
      </trkpt>
      <trkpt lat="40.607000" lon="0.023617">
        <ele>702.8</ele>
        <time>2015-07-30T15:36:30Z</time>
      </trkpt>
      <trkpt lat="40.607083" lon="0.023633">
        <ele>704.9</ele>
        <time>2015-07-30T15:36:36Z</time>
      </trkpt>
      <trkpt lat="40.607151" lon="0.023550">
        <ele>702.5</ele>
        <time>2015-07-30T15:36:42Z</time>
      </trkpt>
      <trkpt lat="40.607217" lon="0.023517">
        <ele>702.8</ele>
        <time>2015-07-30T15:36:48Z</time>
      </trkpt>
      <trkpt lat="40.607317" lon="0.023483">
        <ele>705.2</ele>
        <time>2015-07-30T15:36:55Z</time>
      </trkpt>
      <trkpt lat="40.607433" lon="0.023367">
        <ele>704.5</ele>
        <time>2015-07-30T15:37:06Z</time>
      </trkpt>
      <trkpt lat="40.607450" lon="0.023350">
        <ele>704.5</ele>
        <time>2015-07-30T15:37:07Z</time>
      </trkpt>
      <trkpt lat="40.607500" lon="0.023267">
        <ele>703.0</ele>
        <time>2015-07-30T15:37:13Z</time>
      </trkpt>
      <trkpt lat="40.607550" lon="0.023183">
        <ele>702.1</ele>
        <time>2015-07-30T15:37:19Z</time>
      </trkpt>
      <trkpt lat="40.607617" lon="0.023100">
        <ele>702.4</ele>
        <time>2015-07-30T15:37:26Z</time>
      </trkpt>
      <trkpt lat="40.607650" lon="0.023017">
        <ele>701.4</ele>
        <time>2015-07-30T15:37:31Z</time>
      </trkpt>
      <trkpt lat="40.607683" lon="0.022800">
        <ele>700.7</ele>
        <time>2015-07-30T15:37:43Z</time>
      </trkpt>
      <trkpt lat="40.607683" lon="0.022800">
        <ele>700.7</ele>
        <time>2015-07-30T15:37:43Z</time>
      </trkpt>
      <trkpt lat="40.607650" lon="0.022683">
        <ele>700.8</ele>
        <time>2015-07-30T15:37:50Z</time>
      </trkpt>
      <trkpt lat="40.607650" lon="0.022483">
        <ele>701.4</ele>
        <time>2015-07-30T15:38:01Z</time>
      </trkpt>
      <trkpt lat="40.607683" lon="0.022383">
        <ele>701.2</ele>
        <time>2015-07-30T15:38:07Z</time>
      </trkpt>
      <trkpt lat="40.607683" lon="0.022367">
        <ele>701.2</ele>
        <time>2015-07-30T15:38:08Z</time>
      </trkpt>
      <trkpt lat="40.607717" lon="0.022267">
        <ele>701.2</ele>
        <time>2015-07-30T15:38:14Z</time>
      </trkpt>
      <trkpt lat="40.607617" lon="0.022250">
        <ele>704.7</ele>
        <time>2015-07-30T15:38:21Z</time>
      </trkpt>
      <trkpt lat="40.607617" lon="0.022233">
        <ele>705.0</ele>
        <time>2015-07-30T15:38:22Z</time>
      </trkpt>
      <trkpt lat="40.607583" lon="0.022133">
        <ele>708.1</ele>
        <time>2015-07-30T15:38:28Z</time>
      </trkpt>
      <trkpt lat="40.607550" lon="0.022033">
        <ele>710.0</ele>
        <time>2015-07-30T15:38:34Z</time>
      </trkpt>
      <trkpt lat="40.607517" lon="0.021933">
        <ele>711.9</ele>
        <time>2015-07-30T15:38:40Z</time>
      </trkpt>
      <trkpt lat="40.607483" lon="0.021833">
        <ele>711.1</ele>
        <time>2015-07-30T15:38:46Z</time>
      </trkpt>
      <trkpt lat="40.607433" lon="0.021733">
        <ele>711.2</ele>
        <time>2015-07-30T15:38:53Z</time>
      </trkpt>
      <trkpt lat="40.607400" lon="0.021650">
        <ele>708.0</ele>
        <time>2015-07-30T15:38:58Z</time>
      </trkpt>
      <trkpt lat="40.607350" lon="0.021568">
        <ele>711.5</ele>
        <time>2015-07-30T15:39:04Z</time>
      </trkpt>
      <trkpt lat="40.607317" lon="0.021468">
        <ele>710.1</ele>
        <time>2015-07-30T15:39:10Z</time>
      </trkpt>
      <trkpt lat="40.607267" lon="0.021367">
        <ele>713.7</ele>
        <time>2015-07-30T15:39:17Z</time>
      </trkpt>
      <trkpt lat="40.607250" lon="0.021267">
        <ele>714.6</ele>
        <time>2015-07-30T15:39:22Z</time>
      </trkpt>
      <trkpt lat="40.607250" lon="0.021150">
        <ele>712.5</ele>
        <time>2015-07-30T15:39:29Z</time>
      </trkpt>
      <trkpt lat="40.607217" lon="0.021083">
        <ele>713.7</ele>
        <time>2015-07-30T15:39:33Z</time>
      </trkpt>
      <trkpt lat="40.607183" lon="0.020883">
        <ele>715.7</ele>
        <time>2015-07-30T15:39:45Z</time>
      </trkpt>
      <trkpt lat="40.607200" lon="0.020867">
        <ele>715.3</ele>
        <time>2015-07-30T15:39:46Z</time>
      </trkpt>
      <trkpt lat="40.607200" lon="0.020750">
        <ele>715.1</ele>
        <time>2015-07-30T15:39:53Z</time>
      </trkpt>
      <trkpt lat="40.607200" lon="0.020650">
        <ele>714.1</ele>
        <time>2015-07-30T15:39:58Z</time>
      </trkpt>
      <trkpt lat="40.607167" lon="0.020550">
        <ele>713.6</ele>
        <time>2015-07-30T15:40:04Z</time>
      </trkpt>
      <trkpt lat="40.607217" lon="0.020450">
        <ele>713.5</ele>
        <time>2015-07-30T15:40:11Z</time>
      </trkpt>
      <trkpt lat="40.607250" lon="0.020400">
        <ele>714.2</ele>
        <time>2015-07-30T15:40:14Z</time>
      </trkpt>
      <trkpt lat="40.607283" lon="0.020333">
        <ele>714.5</ele>
        <time>2015-07-30T15:40:19Z</time>
      </trkpt>
      <trkpt lat="40.607317" lon="0.020250">
        <ele>714.5</ele>
        <time>2015-07-30T15:40:24Z</time>
      </trkpt>
      <trkpt lat="40.607350" lon="0.020167">
        <ele>713.8</ele>
        <time>2015-07-30T15:40:29Z</time>
      </trkpt>
      <trkpt lat="40.607367" lon="0.020084">
        <ele>715.1</ele>
        <time>2015-07-30T15:40:34Z</time>
      </trkpt>
      <trkpt lat="40.607400" lon="0.020000">
        <ele>715.1</ele>
        <time>2015-07-30T15:40:39Z</time>
      </trkpt>
      <trkpt lat="40.607417" lon="0.019900">
        <ele>716.2</ele>
        <time>2015-07-30T15:40:45Z</time>
      </trkpt>
      <trkpt lat="40.607450" lon="0.019800">
        <ele>716.7</ele>
        <time>2015-07-30T15:40:51Z</time>
      </trkpt>
      <trkpt lat="40.607483" lon="0.019717">
        <ele>716.1</ele>
        <time>2015-07-30T15:40:56Z</time>
      </trkpt>
      <trkpt lat="40.607500" lon="0.019650">
        <ele>718.1</ele>
        <time>2015-07-30T15:41:00Z</time>
      </trkpt>
      <trkpt lat="40.607550" lon="0.019583">
        <ele>717.9</ele>
        <time>2015-07-30T15:41:05Z</time>
      </trkpt>
      <trkpt lat="40.607583" lon="0.019500">
        <ele>718.3</ele>
        <time>2015-07-30T15:41:10Z</time>
      </trkpt>
      <trkpt lat="40.607633" lon="0.019417">
        <ele>718.4</ele>
        <time>2015-07-30T15:41:16Z</time>
      </trkpt>
      <trkpt lat="40.607667" lon="0.019350">
        <ele>718.8</ele>
        <time>2015-07-30T15:41:21Z</time>
      </trkpt>
      <trkpt lat="40.607683" lon="0.019300">
        <ele>719.6</ele>
        <time>2015-07-30T15:41:24Z</time>
      </trkpt>
      <trkpt lat="40.607700" lon="0.019250">
        <ele>720.3</ele>
        <time>2015-07-30T15:41:27Z</time>
      </trkpt>
      <trkpt lat="40.607733" lon="0.019183">
        <ele>720.5</ele>
        <time>2015-07-30T15:41:31Z</time>
      </trkpt>
      <trkpt lat="40.607750" lon="0.019117">
        <ele>721.6</ele>
        <time>2015-07-30T15:41:35Z</time>
      </trkpt>
      <trkpt lat="40.607750" lon="0.019067">
        <ele>722.8</ele>
        <time>2015-07-30T15:41:38Z</time>
      </trkpt>
      <trkpt lat="40.607783" lon="0.018967">
        <ele>724.8</ele>
        <time>2015-07-30T15:41:44Z</time>
      </trkpt>
      <trkpt lat="40.607800" lon="0.018867">
        <ele>728.2</ele>
        <time>2015-07-30T15:41:49Z</time>
      </trkpt>
      <trkpt lat="40.607833" lon="0.018767">
        <ele>729.8</ele>
        <time>2015-07-30T15:41:55Z</time>
      </trkpt>
      <trkpt lat="40.607883" lon="0.018600">
        <ele>727.1</ele>
        <time>2015-07-30T15:42:05Z</time>
      </trkpt>
      <trkpt lat="40.607900" lon="0.018567">
        <ele>725.9</ele>
        <time>2015-07-30T15:42:07Z</time>
      </trkpt>
      <trkpt lat="40.607917" lon="0.018467">
        <ele>724.6</ele>
        <time>2015-07-30T15:42:13Z</time>
      </trkpt>
      <trkpt lat="40.607933" lon="0.018383">
        <ele>724.6</ele>
        <time>2015-07-30T15:42:18Z</time>
      </trkpt>
      <trkpt lat="40.607950" lon="0.018283">
        <ele>726.8</ele>
        <time>2015-07-30T15:42:24Z</time>
      </trkpt>
      <trkpt lat="40.608000" lon="0.018217">
        <ele>727.3</ele>
        <time>2015-07-30T15:42:29Z</time>
      </trkpt>
      <trkpt lat="40.608033" lon="0.018133">
        <ele>728.1</ele>
        <time>2015-07-30T15:42:34Z</time>
      </trkpt>
      <trkpt lat="40.608050" lon="0.018067">
        <ele>727.9</ele>
        <time>2015-07-30T15:42:38Z</time>
      </trkpt>
      <trkpt lat="40.608068" lon="0.018000">
        <ele>728.7</ele>
        <time>2015-07-30T15:42:42Z</time>
      </trkpt>
      <trkpt lat="40.608100" lon="0.017900">
        <ele>727.7</ele>
        <time>2015-07-30T15:42:48Z</time>
      </trkpt>
      <trkpt lat="40.608117" lon="0.017783">
        <ele>727.7</ele>
        <time>2015-07-30T15:42:54Z</time>
      </trkpt>
      <trkpt lat="40.608117" lon="0.017683">
        <ele>728.2</ele>
        <time>2015-07-30T15:43:00Z</time>
      </trkpt>
      <trkpt lat="40.608133" lon="0.017567">
        <ele>727.6</ele>
        <time>2015-07-30T15:43:06Z</time>
      </trkpt>
      <trkpt lat="40.608133" lon="0.017467">
        <ele>728.1</ele>
        <time>2015-07-30T15:43:12Z</time>
      </trkpt>
      <trkpt lat="40.608150" lon="0.017367">
        <ele>727.2</ele>
        <time>2015-07-30T15:43:18Z</time>
      </trkpt>
      <trkpt lat="40.608150" lon="0.017250">
        <ele>729.1</ele>
        <time>2015-07-30T15:43:24Z</time>
      </trkpt>
      <trkpt lat="40.608150" lon="0.017183">
        <ele>730.4</ele>
        <time>2015-07-30T15:43:28Z</time>
      </trkpt>
      <trkpt lat="40.608150" lon="0.017133">
        <ele>731.6</ele>
        <time>2015-07-30T15:43:31Z</time>
      </trkpt>
      <trkpt lat="40.608150" lon="0.017050">
        <ele>731.8</ele>
        <time>2015-07-30T15:43:35Z</time>
      </trkpt>
      <trkpt lat="40.608133" lon="0.016950">
        <ele>733.1</ele>
        <time>2015-07-30T15:43:41Z</time>
      </trkpt>
      <trkpt lat="40.608100" lon="0.016867">
        <ele>736.0</ele>
        <time>2015-07-30T15:43:46Z</time>
      </trkpt>
      <trkpt lat="40.608068" lon="0.016767">
        <ele>739.7</ele>
        <time>2015-07-30T15:43:52Z</time>
      </trkpt>
      <trkpt lat="40.608050" lon="0.016700">
        <ele>740.5</ele>
        <time>2015-07-30T15:43:56Z</time>
      </trkpt>
      <trkpt lat="40.608033" lon="0.016583">
        <ele>744.1</ele>
        <time>2015-07-30T15:44:02Z</time>
      </trkpt>
      <trkpt lat="40.608017" lon="0.016500">
        <ele>747.9</ele>
        <time>2015-07-30T15:44:07Z</time>
      </trkpt>
      <trkpt lat="40.608017" lon="0.016417">
        <ele>750.5</ele>
        <time>2015-07-30T15:44:12Z</time>
      </trkpt>
      <trkpt lat="40.608033" lon="0.016300">
        <ele>754.6</ele>
        <time>2015-07-30T15:44:18Z</time>
      </trkpt>
      <trkpt lat="40.608068" lon="0.016200">
        <ele>753.1</ele>
        <time>2015-07-30T15:44:24Z</time>
      </trkpt>
      <trkpt lat="40.608100" lon="0.016100">
        <ele>752.2</ele>
        <time>2015-07-30T15:44:30Z</time>
      </trkpt>
      <trkpt lat="40.608083" lon="0.015983">
        <ele>754.9</ele>
        <time>2015-07-30T15:44:37Z</time>
      </trkpt>
      <trkpt lat="40.608083" lon="0.015917">
        <ele>755.7</ele>
        <time>2015-07-30T15:44:41Z</time>
      </trkpt>
      <trkpt lat="40.608100" lon="0.015850">
        <ele>755.3</ele>
        <time>2015-07-30T15:44:45Z</time>
      </trkpt>
      <trkpt lat="40.608100" lon="0.015783">
        <ele>755.6</ele>
        <time>2015-07-30T15:44:48Z</time>
      </trkpt>
      <trkpt lat="40.608100" lon="0.015650">
        <ele>755.4</ele>
        <time>2015-07-30T15:44:56Z</time>
      </trkpt>
      <trkpt lat="40.608083" lon="0.015600">
        <ele>756.6</ele>
        <time>2015-07-30T15:44:59Z</time>
      </trkpt>
      <trkpt lat="40.608083" lon="0.015517">
        <ele>756.5</ele>
        <time>2015-07-30T15:45:03Z</time>
      </trkpt>
      <trkpt lat="40.608050" lon="0.015400">
        <ele>758.5</ele>
        <time>2015-07-30T15:45:10Z</time>
      </trkpt>
      <trkpt lat="40.608050" lon="0.015283">
        <ele>761.4</ele>
        <time>2015-07-30T15:45:17Z</time>
      </trkpt>
      <trkpt lat="40.608033" lon="0.015183">
        <ele>766.3</ele>
        <time>2015-07-30T15:45:22Z</time>
      </trkpt>
      <trkpt lat="40.608083" lon="0.015100">
        <ele>770.1</ele>
        <time>2015-07-30T15:45:28Z</time>
      </trkpt>
      <trkpt lat="40.608117" lon="0.015050">
        <ele>770.8</ele>
        <time>2015-07-30T15:45:32Z</time>
      </trkpt>
      <trkpt lat="40.608167" lon="0.014950">
        <ele>769.4</ele>
        <time>2015-07-30T15:45:38Z</time>
      </trkpt>
      <trkpt lat="40.608183" lon="0.014850">
        <ele>769.6</ele>
        <time>2015-07-30T15:45:44Z</time>
      </trkpt>
      <trkpt lat="40.608200" lon="0.014800">
        <ele>767.6</ele>
        <time>2015-07-30T15:45:47Z</time>
      </trkpt>
      <trkpt lat="40.608200" lon="0.014733">
        <ele>767.7</ele>
        <time>2015-07-30T15:45:51Z</time>
      </trkpt>
      <trkpt lat="40.608217" lon="0.014667">
        <ele>766.7</ele>
        <time>2015-07-30T15:45:55Z</time>
      </trkpt>
      <trkpt lat="40.608217" lon="0.014600">
        <ele>767.5</ele>
        <time>2015-07-30T15:45:58Z</time>
      </trkpt>
      <trkpt lat="40.608233" lon="0.014533">
        <ele>767.6</ele>
        <time>2015-07-30T15:46:02Z</time>
      </trkpt>
      <trkpt lat="40.608250" lon="0.014433">
        <ele>769.0</ele>
        <time>2015-07-30T15:46:08Z</time>
      </trkpt>
      <trkpt lat="40.608267" lon="0.014333">
        <ele>769.2</ele>
        <time>2015-07-30T15:46:13Z</time>
      </trkpt>
      <trkpt lat="40.608267" lon="0.014233">
        <ele>770.3</ele>
        <time>2015-07-30T15:46:19Z</time>
      </trkpt>
      <trkpt lat="40.608267" lon="0.014150">
        <ele>770.9</ele>
        <time>2015-07-30T15:46:24Z</time>
      </trkpt>
      <trkpt lat="40.608250" lon="0.014050">
        <ele>772.8</ele>
        <time>2015-07-30T15:46:29Z</time>
      </trkpt>
      <trkpt lat="40.608267" lon="0.013967">
        <ele>772.6</ele>
        <time>2015-07-30T15:46:34Z</time>
      </trkpt>
      <trkpt lat="40.608267" lon="0.013883">
        <ele>773.3</ele>
        <time>2015-07-30T15:46:39Z</time>
      </trkpt>
      <trkpt lat="40.608267" lon="0.013817">
        <ele>773.7</ele>
        <time>2015-07-30T15:46:42Z</time>
      </trkpt>
      <trkpt lat="40.608267" lon="0.013750">
        <ele>773.4</ele>
        <time>2015-07-30T15:46:46Z</time>
      </trkpt>
      <trkpt lat="40.608267" lon="0.013683">
        <ele>774.2</ele>
        <time>2015-07-30T15:46:50Z</time>
      </trkpt>
      <trkpt lat="40.608250" lon="0.013617">
        <ele>776.1</ele>
        <time>2015-07-30T15:46:54Z</time>
      </trkpt>
      <trkpt lat="40.608250" lon="0.013567">
        <ele>776.2</ele>
        <time>2015-07-30T15:46:56Z</time>
      </trkpt>
      <trkpt lat="40.608250" lon="0.013467">
        <ele>776.0</ele>
        <time>2015-07-30T15:47:02Z</time>
      </trkpt>
      <trkpt lat="40.608250" lon="0.013383">
        <ele>775.2</ele>
        <time>2015-07-30T15:47:06Z</time>
      </trkpt>
      <trkpt lat="40.608250" lon="0.013300">
        <ele>775.3</ele>
        <time>2015-07-30T15:47:11Z</time>
      </trkpt>
      <trkpt lat="40.608250" lon="0.013200">
        <ele>774.6</ele>
        <time>2015-07-30T15:47:17Z</time>
      </trkpt>
      <trkpt lat="40.608250" lon="0.013117">
        <ele>773.8</ele>
        <time>2015-07-30T15:47:21Z</time>
      </trkpt>
      <trkpt lat="40.608233" lon="0.013017">
        <ele>774.3</ele>
        <time>2015-07-30T15:47:27Z</time>
      </trkpt>
      <trkpt lat="40.608217" lon="0.012900">
        <ele>777.2</ele>
        <time>2015-07-30T15:47:33Z</time>
      </trkpt>
      <trkpt lat="40.608217" lon="0.012783">
        <ele>778.1</ele>
        <time>2015-07-30T15:47:40Z</time>
      </trkpt>
      <trkpt lat="40.608233" lon="0.012700">
        <ele>777.3</ele>
        <time>2015-07-30T15:47:45Z</time>
      </trkpt>
      <trkpt lat="40.608217" lon="0.012617">
        <ele>778.1</ele>
        <time>2015-07-30T15:47:49Z</time>
      </trkpt>
      <trkpt lat="40.608183" lon="0.012501">
        <ele>779.7</ele>
        <time>2015-07-30T15:47:56Z</time>
      </trkpt>
      <trkpt lat="40.608167" lon="0.012433">
        <ele>779.9</ele>
        <time>2015-07-30T15:48:00Z</time>
      </trkpt>
      <trkpt lat="40.608150" lon="0.012383">
        <ele>780.3</ele>
        <time>2015-07-30T15:48:03Z</time>
      </trkpt>
      <trkpt lat="40.608133" lon="0.012267">
        <ele>780.4</ele>
        <time>2015-07-30T15:48:10Z</time>
      </trkpt>
      <trkpt lat="40.608117" lon="0.012183">
        <ele>780.3</ele>
        <time>2015-07-30T15:48:14Z</time>
      </trkpt>
      <trkpt lat="40.608133" lon="0.012067">
        <ele>778.1</ele>
        <time>2015-07-30T15:48:21Z</time>
      </trkpt>
      <trkpt lat="40.608100" lon="0.011950">
        <ele>777.3</ele>
        <time>2015-07-30T15:48:28Z</time>
      </trkpt>
      <trkpt lat="40.608068" lon="0.011850">
        <ele>776.0</ele>
        <time>2015-07-30T15:48:34Z</time>
      </trkpt>
      <trkpt lat="40.608033" lon="0.011750">
        <ele>773.8</ele>
        <time>2015-07-30T15:48:40Z</time>
      </trkpt>
      <trkpt lat="40.607983" lon="0.011683">
        <ele>773.1</ele>
        <time>2015-07-30T15:48:45Z</time>
      </trkpt>
      <trkpt lat="40.607933" lon="0.011600">
        <ele>772.6</ele>
        <time>2015-07-30T15:48:51Z</time>
      </trkpt>
      <trkpt lat="40.607867" lon="0.011550">
        <ele>773.5</ele>
        <time>2015-07-30T15:48:57Z</time>
      </trkpt>
      <trkpt lat="40.607800" lon="0.011500">
        <ele>774.8</ele>
        <time>2015-07-30T15:49:02Z</time>
      </trkpt>
      <trkpt lat="40.607750" lon="0.011417">
        <ele>776.0</ele>
        <time>2015-07-30T15:49:08Z</time>
      </trkpt>
      <trkpt lat="40.607700" lon="0.011317">
        <ele>776.2</ele>
        <time>2015-07-30T15:49:15Z</time>
      </trkpt>
      <trkpt lat="40.607683" lon="0.011200">
        <ele>776.3</ele>
        <time>2015-07-30T15:49:21Z</time>
      </trkpt>
      <trkpt lat="40.607667" lon="0.011117">
        <ele>776.4</ele>
        <time>2015-07-30T15:49:26Z</time>
      </trkpt>
      <trkpt lat="40.607650" lon="0.011000">
        <ele>775.6</ele>
        <time>2015-07-30T15:49:33Z</time>
      </trkpt>
      <trkpt lat="40.607633" lon="0.010933">
        <ele>775.5</ele>
        <time>2015-07-30T15:49:36Z</time>
      </trkpt>
      <trkpt lat="40.607617" lon="0.010850">
        <ele>774.6</ele>
        <time>2015-07-30T15:49:41Z</time>
      </trkpt>
      <trkpt lat="40.607600" lon="0.010750">
        <ele>773.4</ele>
        <time>2015-07-30T15:49:47Z</time>
      </trkpt>
      <trkpt lat="40.607567" lon="0.010667">
        <ele>774.1</ele>
        <time>2015-07-30T15:49:52Z</time>
      </trkpt>
      <trkpt lat="40.607533" lon="0.010533">
        <ele>775.7</ele>
        <time>2015-07-30T15:50:00Z</time>
      </trkpt>
      <trkpt lat="40.607517" lon="0.010500">
        <ele>777.2</ele>
        <time>2015-07-30T15:50:02Z</time>
      </trkpt>
      <trkpt lat="40.607533" lon="0.010400">
        <ele>776.5</ele>
        <time>2015-07-30T15:50:08Z</time>
      </trkpt>
      <trkpt lat="40.607533" lon="0.010300">
        <ele>776.3</ele>
        <time>2015-07-30T15:50:13Z</time>
      </trkpt>
      <trkpt lat="40.607517" lon="0.010183">
        <ele>774.9</ele>
        <time>2015-07-30T15:50:20Z</time>
      </trkpt>
      <trkpt lat="40.607483" lon="0.010083">
        <ele>772.4</ele>
        <time>2015-07-30T15:50:26Z</time>
      </trkpt>
      <trkpt lat="40.607433" lon="0.010017">
        <ele>770.9</ele>
        <time>2015-07-30T15:50:31Z</time>
      </trkpt>
      <trkpt lat="40.607367" lon="0.009950">
        <ele>769.4</ele>
        <time>2015-07-30T15:50:37Z</time>
      </trkpt>
      <trkpt lat="40.607300" lon="0.009867">
        <ele>768.6</ele>
        <time>2015-07-30T15:50:44Z</time>
      </trkpt>
      <trkpt lat="40.607233" lon="0.009783">
        <ele>771.8</ele>
        <time>2015-07-30T15:50:50Z</time>
      </trkpt>
      <trkpt lat="40.607217" lon="0.009684">
        <ele>773.9</ele>
        <time>2015-07-30T15:50:56Z</time>
      </trkpt>
      <trkpt lat="40.607233" lon="0.009584">
        <ele>773.3</ele>
        <time>2015-07-30T15:51:02Z</time>
      </trkpt>
      <trkpt lat="40.607233" lon="0.009467">
        <ele>772.4</ele>
        <time>2015-07-30T15:51:08Z</time>
      </trkpt>
      <trkpt lat="40.607217" lon="0.009383">
        <ele>771.6</ele>
        <time>2015-07-30T15:51:13Z</time>
      </trkpt>
      <trkpt lat="40.607167" lon="0.009200">
        <ele>769.3</ele>
        <time>2015-07-30T15:51:24Z</time>
      </trkpt>
      <trkpt lat="40.607151" lon="0.009183">
        <ele>769.6</ele>
        <time>2015-07-30T15:51:25Z</time>
      </trkpt>
      <trkpt lat="40.607133" lon="0.009083">
        <ele>771.8</ele>
        <time>2015-07-30T15:51:31Z</time>
      </trkpt>
      <trkpt lat="40.607151" lon="0.008967">
        <ele>770.8</ele>
        <time>2015-07-30T15:51:37Z</time>
      </trkpt>
      <trkpt lat="40.607151" lon="0.008850">
        <ele>768.9</ele>
        <time>2015-07-30T15:51:44Z</time>
      </trkpt>
      <trkpt lat="40.607117" lon="0.008750">
        <ele>769.7</ele>
        <time>2015-07-30T15:51:50Z</time>
      </trkpt>
      <trkpt lat="40.607117" lon="0.008650">
        <ele>771.0</ele>
        <time>2015-07-30T15:51:55Z</time>
      </trkpt>
      <trkpt lat="40.607151" lon="0.008567">
        <ele>770.2</ele>
        <time>2015-07-30T15:52:01Z</time>
      </trkpt>
      <trkpt lat="40.607183" lon="0.008450">
        <ele>769.2</ele>
        <time>2015-07-30T15:52:07Z</time>
      </trkpt>
      <trkpt lat="40.607200" lon="0.008350">
        <ele>768.4</ele>
        <time>2015-07-30T15:52:13Z</time>
      </trkpt>
      <trkpt lat="40.607217" lon="0.008233">
        <ele>767.8</ele>
        <time>2015-07-30T15:52:20Z</time>
      </trkpt>
      <trkpt lat="40.607233" lon="0.008133">
        <ele>768.2</ele>
        <time>2015-07-30T15:52:25Z</time>
      </trkpt>
      <trkpt lat="40.607283" lon="0.008033">
        <ele>766.2</ele>
        <time>2015-07-30T15:52:32Z</time>
      </trkpt>
      <trkpt lat="40.607300" lon="0.007950">
        <ele>765.2</ele>
        <time>2015-07-30T15:52:37Z</time>
      </trkpt>
      <trkpt lat="40.607350" lon="0.007750">
        <ele>764.0</ele>
        <time>2015-07-30T15:52:48Z</time>
      </trkpt>
      <trkpt lat="40.607367" lon="0.007750">
        <ele>763.8</ele>
        <time>2015-07-30T15:52:50Z</time>
      </trkpt>
      <trkpt lat="40.607383" lon="0.007633">
        <ele>763.1</ele>
        <time>2015-07-30T15:52:56Z</time>
      </trkpt>
      <trkpt lat="40.607383" lon="0.007517">
        <ele>761.3</ele>
        <time>2015-07-30T15:53:03Z</time>
      </trkpt>
      <trkpt lat="40.607467" lon="0.007367">
        <ele>751.4</ele>
        <time>2015-07-30T15:53:13Z</time>
      </trkpt>
      <trkpt lat="40.607467" lon="0.007367">
        <ele>751.4</ele>
        <time>2015-07-30T15:53:13Z</time>
      </trkpt>
      <trkpt lat="40.607550" lon="0.007300">
        <ele>750.1</ele>
        <time>2015-07-30T15:53:20Z</time>
      </trkpt>
      <trkpt lat="40.607617" lon="0.007250">
        <ele>750.1</ele>
        <time>2015-07-30T15:53:26Z</time>
      </trkpt>
      <trkpt lat="40.607700" lon="0.007217">
        <ele>751.7</ele>
        <time>2015-07-30T15:53:32Z</time>
      </trkpt>
      <trkpt lat="40.607783" lon="0.007200">
        <ele>750.9</ele>
        <time>2015-07-30T15:53:38Z</time>
      </trkpt>
      <trkpt lat="40.607867" lon="0.007183">
        <ele>748.6</ele>
        <time>2015-07-30T15:53:44Z</time>
      </trkpt>
      <trkpt lat="40.607950" lon="0.007150">
        <ele>745.7</ele>
        <time>2015-07-30T15:53:50Z</time>
      </trkpt>
      <trkpt lat="40.608068" lon="0.006633">
        <ele>736.0</ele>
        <time>2015-07-30T15:54:20Z</time>
      </trkpt>
      <trkpt lat="40.608050" lon="0.006517">
        <ele>736.7</ele>
        <time>2015-07-30T15:54:27Z</time>
      </trkpt>
      <trkpt lat="40.608050" lon="0.006417">
        <ele>737.6</ele>
        <time>2015-07-30T15:54:32Z</time>
      </trkpt>
      <trkpt lat="40.608050" lon="0.006333">
        <ele>738.3</ele>
        <time>2015-07-30T15:54:37Z</time>
      </trkpt>
      <trkpt lat="40.608033" lon="0.006233">
        <ele>740.1</ele>
        <time>2015-07-30T15:54:43Z</time>
      </trkpt>
      <trkpt lat="40.608017" lon="0.006117">
        <ele>740.5</ele>
        <time>2015-07-30T15:54:49Z</time>
      </trkpt>
      <trkpt lat="40.608000" lon="0.006017">
        <ele>740.7</ele>
        <time>2015-07-30T15:54:55Z</time>
      </trkpt>
      <trkpt lat="40.607950" lon="0.005833">
        <ele>740.5</ele>
        <time>2015-07-30T15:55:06Z</time>
      </trkpt>
      <trkpt lat="40.607950" lon="0.005817">
        <ele>740.3</ele>
        <time>2015-07-30T15:55:07Z</time>
      </trkpt>
      <trkpt lat="40.607867" lon="0.005800">
        <ele>740.6</ele>
        <time>2015-07-30T15:55:13Z</time>
      </trkpt>
      <trkpt lat="40.607833" lon="0.005700">
        <ele>739.2</ele>
        <time>2015-07-30T15:55:19Z</time>
      </trkpt>
      <trkpt lat="40.607767" lon="0.005617">
        <ele>739.6</ele>
        <time>2015-07-30T15:55:25Z</time>
      </trkpt>
      <trkpt lat="40.607700" lon="0.005533">
        <ele>740.7</ele>
        <time>2015-07-30T15:55:32Z</time>
      </trkpt>
      <trkpt lat="40.607650" lon="0.005483">
        <ele>741.4</ele>
        <time>2015-07-30T15:55:37Z</time>
      </trkpt>
      <trkpt lat="40.607567" lon="0.005467">
        <ele>741.8</ele>
        <time>2015-07-30T15:55:43Z</time>
      </trkpt>
      <trkpt lat="40.607483" lon="0.005483">
        <ele>741.7</ele>
        <time>2015-07-30T15:55:49Z</time>
      </trkpt>
      <trkpt lat="40.607400" lon="0.005483">
        <ele>742.0</ele>
        <time>2015-07-30T15:55:55Z</time>
      </trkpt>
      <trkpt lat="40.607283" lon="0.005367">
        <ele>742.6</ele>
        <time>2015-07-30T15:56:06Z</time>
      </trkpt>
      <trkpt lat="40.607216" lon="0.005316">
        <ele>742.0</ele>
        <time>2015-07-30T15:56:11Z</time>
      </trkpt>
      <trkpt lat="40.607167" lon="0.005202">
        <ele>742.1</ele>
        <time>2015-07-30T15:56:19Z</time>
      </trkpt>
      <trkpt lat="40.607153" lon="0.005097">
        <ele>742.9</ele>
        <time>2015-07-30T15:56:24Z</time>
      </trkpt>
      <trkpt lat="40.607198" lon="0.004983">
        <ele>744.2</ele>
        <time>2015-07-30T15:56:31Z</time>
      </trkpt>
      <trkpt lat="40.607200" lon="0.004983">
        <ele>744.3</ele>
        <time>2015-07-30T15:56:32Z</time>
      </trkpt>
      <trkpt lat="40.607203" lon="0.004982">
        <ele>744.4</ele>
        <time>2015-07-30T15:56:32Z</time>
      </trkpt>
      <trkpt lat="40.607246" lon="0.005030">
        <ele>744.6</ele>
        <time>2015-07-30T15:56:36Z</time>
      </trkpt>
      <trkpt lat="40.607264" lon="0.005009">
        <ele>745.9</ele>
        <time>2015-07-30T15:56:38Z</time>
      </trkpt>
      <trkpt lat="40.607250" lon="0.004974">
        <ele>746.8</ele>
        <time>2015-07-30T15:56:40Z</time>
      </trkpt>
      <trkpt lat="40.607187" lon="0.004924">
        <ele>746.1</ele>
        <time>2015-07-30T15:56:45Z</time>
      </trkpt>
      <trkpt lat="40.607196" lon="0.004887">
        <ele>748.2</ele>
        <time>2015-07-30T15:56:47Z</time>
      </trkpt>
      <trkpt lat="40.607208" lon="0.004879">
        <ele>749.1</ele>
        <time>2015-07-30T15:56:48Z</time>
      </trkpt>
      <trkpt lat="40.607292" lon="0.004960">
        <ele>749.1</ele>
        <time>2015-07-30T15:56:56Z</time>
      </trkpt>
      <trkpt lat="40.607300" lon="0.004930">
        <ele>750.6</ele>
        <time>2015-07-30T15:56:58Z</time>
      </trkpt>
      <trkpt lat="40.607284" lon="0.004910">
        <ele>750.9</ele>
        <time>2015-07-30T15:56:59Z</time>
      </trkpt>
      <trkpt lat="40.607240" lon="0.004877">
        <ele>750.3</ele>
        <time>2015-07-30T15:57:03Z</time>
      </trkpt>
      <trkpt lat="40.607220" lon="0.004826">
        <ele>750.7</ele>
        <time>2015-07-30T15:57:06Z</time>
      </trkpt>
      <trkpt lat="40.607233" lon="0.004785">
        <ele>751.3</ele>
        <time>2015-07-30T15:57:09Z</time>
      </trkpt>
      <trkpt lat="40.607240" lon="0.004685">
        <ele>752.5</ele>
        <time>2015-07-30T15:57:14Z</time>
      </trkpt>
      <trkpt lat="40.607233" lon="0.004583">
        <ele>753.3</ele>
        <time>2015-07-30T15:57:20Z</time>
      </trkpt>
      <trkpt lat="40.607233" lon="0.004583">
        <ele>753.3</ele>
        <time>2015-07-30T15:57:20Z</time>
      </trkpt>
      <trkpt lat="40.607233" lon="0.004583">
        <ele>753.3</ele>
        <time>2015-07-30T15:57:20Z</time>
      </trkpt>
      <trkpt lat="40.607233" lon="0.004583">
        <ele>753.3</ele>
        <time>2015-07-30T15:57:20Z</time>
      </trkpt>
      <trkpt lat="40.607233" lon="0.004583">
        <ele>753.3</ele>
        <time>2015-07-30T15:57:20Z</time>
      </trkpt>
      <trkpt lat="40.607233" lon="0.004583">
        <ele>753.3</ele>
        <time>2015-07-30T15:57:20Z</time>
      </trkpt>
      <trkpt lat="40.607233" lon="0.004583">
        <ele>753.3</ele>
        <time>2015-07-30T15:57:20Z</time>
      </trkpt>
      <trkpt lat="40.607233" lon="0.004583">
        <ele>753.3</ele>
        <time>2015-07-30T15:57:20Z</time>
      </trkpt>
      <trkpt lat="40.607233" lon="0.004583">
        <ele>753.3</ele>
        <time>2015-07-30T15:57:20Z</time>
      </trkpt>
      <trkpt lat="40.607233" lon="0.004583">
        <ele>753.3</ele>
        <time>2015-07-30T15:57:20Z</time>
      </trkpt>
      <trkpt lat="40.607233" lon="0.004583">
        <ele>753.3</ele>
        <time>2015-07-30T15:57:20Z</time>
      </trkpt>
      <trkpt lat="40.607233" lon="0.004583">
        <ele>753.3</ele>
        <time>2015-07-30T15:57:20Z</time>
      </trkpt>
      <trkpt lat="40.607233" lon="0.004583">
        <ele>753.3</ele>
        <time>2015-07-30T15:57:20Z</time>
      </trkpt>
      <trkpt lat="40.607233" lon="0.004583">
        <ele>753.3</ele>
        <time>2015-07-30T15:57:20Z</time>
      </trkpt>
      <trkpt lat="40.607267" lon="0.004533">
        <ele>755.1</ele>
        <time>2015-07-30T15:57:24Z</time>
      </trkpt>
      <trkpt lat="40.607300" lon="0.004467">
        <ele>756.0</ele>
        <time>2015-07-30T15:57:28Z</time>
      </trkpt>
      <trkpt lat="40.607300" lon="0.004433">
        <ele>755.6</ele>
        <time>2015-07-30T15:57:30Z</time>
      </trkpt>
      <trkpt lat="40.607333" lon="0.004400">
        <ele>756.9</ele>
        <time>2015-07-30T15:57:33Z</time>
      </trkpt>
      <trkpt lat="40.607383" lon="0.004350">
        <ele>758.6</ele>
        <time>2015-07-30T15:57:37Z</time>
      </trkpt>
      <trkpt lat="40.607400" lon="0.004333">
        <ele>759.4</ele>
        <time>2015-07-30T15:57:39Z</time>
      </trkpt>
      <trkpt lat="40.607400" lon="0.004317">
        <ele>758.9</ele>
        <time>2015-07-30T15:57:40Z</time>
      </trkpt>
      <trkpt lat="40.607467" lon="0.004250">
        <ele>759.8</ele>
        <time>2015-07-30T15:57:46Z</time>
      </trkpt>
      <trkpt lat="40.607483" lon="0.004233">
        <ele>760.0</ele>
        <time>2015-07-30T15:57:47Z</time>
      </trkpt>
      <trkpt lat="40.607517" lon="0.004183">
        <ele>760.2</ele>
        <time>2015-07-30T15:57:51Z</time>
      </trkpt>
      <trkpt lat="40.607633" lon="0.004083">
        <ele>762.1</ele>
        <time>2015-07-30T15:58:01Z</time>
      </trkpt>
      <trkpt lat="40.607817" lon="0.003800">
        <ele>760.7</ele>
        <time>2015-07-30T15:58:22Z</time>
      </trkpt>
      <trkpt lat="40.607917" lon="0.003683">
        <ele>761.6</ele>
        <time>2015-07-30T15:58:32Z</time>
      </trkpt>
      <trkpt lat="40.608150" lon="0.003550">
        <ele>761.8</ele>
        <time>2015-07-30T15:58:50Z</time>
      </trkpt>
      <trkpt lat="40.608267" lon="0.003434">
        <ele>761.0</ele>
        <time>2015-07-30T15:59:01Z</time>
      </trkpt>
      <trkpt lat="40.608283" lon="0.003417">
        <ele>760.8</ele>
        <time>2015-07-30T15:59:02Z</time>
      </trkpt>
      <trkpt lat="40.608400" lon="0.003333">
        <ele>760.7</ele>
        <time>2015-07-30T15:59:12Z</time>
      </trkpt>
      <trkpt lat="40.608417" lon="0.003317">
        <ele>760.7</ele>
        <time>2015-07-30T15:59:13Z</time>
      </trkpt>
      <trkpt lat="40.608467" lon="0.003283">
        <ele>760.6</ele>
        <time>2015-07-30T15:59:18Z</time>
      </trkpt>
      <trkpt lat="40.608483" lon="0.003267">
        <ele>760.6</ele>
        <time>2015-07-30T15:59:19Z</time>
      </trkpt>
      <trkpt lat="40.608517" lon="0.003217">
        <ele>759.7</ele>
        <time>2015-07-30T15:59:23Z</time>
      </trkpt>
      <trkpt lat="40.608533" lon="0.003183">
        <ele>759.4</ele>
        <time>2015-07-30T15:59:25Z</time>
      </trkpt>
      <trkpt lat="40.608567" lon="0.003050">
        <ele>758.2</ele>
        <time>2015-07-30T15:59:33Z</time>
      </trkpt>
      <trkpt lat="40.608584" lon="0.002983">
        <ele>758.3</ele>
        <time>2015-07-30T15:59:37Z</time>
      </trkpt>
      <trkpt lat="40.608584" lon="0.002933">
        <ele>757.8</ele>
        <time>2015-07-30T15:59:39Z</time>
      </trkpt>
      <trkpt lat="40.608600" lon="0.002883">
        <ele>757.7</ele>
        <time>2015-07-30T15:59:42Z</time>
      </trkpt>
      <trkpt lat="40.608617" lon="0.002867">
        <ele>757.9</ele>
        <time>2015-07-30T15:59:44Z</time>
      </trkpt>
      <trkpt lat="40.608633" lon="0.002850">
        <ele>758.2</ele>
        <time>2015-07-30T15:59:45Z</time>
      </trkpt>
      <trkpt lat="40.608650" lon="0.002767">
        <ele>757.5</ele>
        <time>2015-07-30T15:59:50Z</time>
      </trkpt>
      <trkpt lat="40.608650" lon="0.002717">
        <ele>757.1</ele>
        <time>2015-07-30T15:59:53Z</time>
      </trkpt>
      <trkpt lat="40.608667" lon="0.002650">
        <ele>757.4</ele>
        <time>2015-07-30T15:59:57Z</time>
      </trkpt>
      <trkpt lat="40.608667" lon="0.002617">
        <ele>757.2</ele>
        <time>2015-07-30T15:59:59Z</time>
      </trkpt>
      <trkpt lat="40.608667" lon="0.002467">
        <ele>757.4</ele>
        <time>2015-07-30T16:00:07Z</time>
      </trkpt>
      <trkpt lat="40.608667" lon="0.002400">
        <ele>757.3</ele>
        <time>2015-07-30T16:00:11Z</time>
      </trkpt>
      <trkpt lat="40.608683" lon="0.002367">
        <ele>757.6</ele>
        <time>2015-07-30T16:00:13Z</time>
      </trkpt>
      <trkpt lat="40.608700" lon="0.002333">
        <ele>758.1</ele>
        <time>2015-07-30T16:00:15Z</time>
      </trkpt>
      <trkpt lat="40.608717" lon="0.002283">
        <ele>758.1</ele>
        <time>2015-07-30T16:00:18Z</time>
      </trkpt>
      <trkpt lat="40.608767" lon="0.002150">
        <ele>757.4</ele>
        <time>2015-07-30T16:00:26Z</time>
      </trkpt>
      <trkpt lat="40.608933" lon="0.001817">
        <ele>757.5</ele>
        <time>2015-07-30T16:00:48Z</time>
      </trkpt>
      <trkpt lat="40.608933" lon="0.001783">
        <ele>757.1</ele>
        <time>2015-07-30T16:00:50Z</time>
      </trkpt>
      <trkpt lat="40.608967" lon="0.001633">
        <ele>757.2</ele>
        <time>2015-07-30T16:00:59Z</time>
      </trkpt>
      <trkpt lat="40.608967" lon="0.001600">
        <ele>757.0</ele>
        <time>2015-07-30T16:01:01Z</time>
      </trkpt>
      <trkpt lat="40.609000" lon="0.001517">
        <ele>757.8</ele>
        <time>2015-07-30T16:01:06Z</time>
      </trkpt>
      <trkpt lat="40.609017" lon="0.001433">
        <ele>759.3</ele>
        <time>2015-07-30T16:01:11Z</time>
      </trkpt>
      <trkpt lat="40.609017" lon="0.001433">
        <ele>759.3</ele>
        <time>2015-07-30T16:01:11Z</time>
      </trkpt>
      <trkpt lat="40.609017" lon="0.001433">
        <ele>759.3</ele>
        <time>2015-07-30T16:01:11Z</time>
      </trkpt>
      <trkpt lat="40.609017" lon="0.001417">
        <ele>759.2</ele>
        <time>2015-07-30T16:01:11Z</time>
      </trkpt>
      <trkpt lat="40.609033" lon="0.001333">
        <ele>760.4</ele>
        <time>2015-07-30T16:01:16Z</time>
      </trkpt>
      <trkpt lat="40.609033" lon="0.001300">
        <ele>760.6</ele>
        <time>2015-07-30T16:01:18Z</time>
      </trkpt>
      <trkpt lat="40.609033" lon="0.001283">
        <ele>760.7</ele>
        <time>2015-07-30T16:01:19Z</time>
      </trkpt>
      <trkpt lat="40.609000" lon="0.001150">
        <ele>759.6</ele>
        <time>2015-07-30T16:01:27Z</time>
      </trkpt>
      <trkpt lat="40.608983" lon="0.001017">
        <ele>759.6</ele>
        <time>2015-07-30T16:01:34Z</time>
      </trkpt>
      <trkpt lat="40.608967" lon="0.000983">
        <ele>758.9</ele>
        <time>2015-07-30T16:01:36Z</time>
      </trkpt>
      <trkpt lat="40.608950" lon="0.000933">
        <ele>758.4</ele>
        <time>2015-07-30T16:01:39Z</time>
      </trkpt>
      <trkpt lat="40.608950" lon="0.000883">
        <ele>758.9</ele>
        <time>2015-07-30T16:01:42Z</time>
      </trkpt>
      <trkpt lat="40.608900" lon="0.000583">
        <ele>758.4</ele>
        <time>2015-07-30T16:01:59Z</time>
      </trkpt>
      <trkpt lat="40.608900" lon="0.000550">
        <ele>758.6</ele>
        <time>2015-07-30T16:02:01Z</time>
      </trkpt>
      <trkpt lat="40.608717" lon="0.000101">
        <ele>758.0</ele>
        <time>2015-07-30T16:02:29Z</time>
      </trkpt>
      <trkpt lat="40.608717" lon="0.000000">
        <ele>758.7</ele>
        <time>2015-07-30T16:02:35Z</time>
      </trkpt>
      <trkpt lat="40.608717" lon="-0.000050">
        <ele>758.9</ele>
        <time>2015-07-30T16:02:37Z</time>
      </trkpt>
      <trkpt lat="40.608733" lon="-0.000167">
        <ele>759.6</ele>
        <time>2015-07-30T16:02:44Z</time>
      </trkpt>
      <trkpt lat="40.608750" lon="-0.000317">
        <ele>760.1</ele>
        <time>2015-07-30T16:02:52Z</time>
      </trkpt>
      <trkpt lat="40.608767" lon="-0.000417">
        <ele>760.8</ele>
        <time>2015-07-30T16:02:58Z</time>
      </trkpt>
      <trkpt lat="40.608783" lon="-0.000567">
        <ele>761.7</ele>
        <time>2015-07-30T16:03:06Z</time>
      </trkpt>
      <trkpt lat="40.608833" lon="-0.000850">
        <ele>763.1</ele>
        <time>2015-07-30T16:03:23Z</time>
      </trkpt>
      <trkpt lat="40.608833" lon="-0.001017">
        <ele>762.2</ele>
        <time>2015-07-30T16:03:32Z</time>
      </trkpt>
      <trkpt lat="40.608851" lon="-0.001150">
        <ele>761.3</ele>
        <time>2015-07-30T16:03:39Z</time>
      </trkpt>
      <trkpt lat="40.608867" lon="-0.001183">
        <ele>761.8</ele>
        <time>2015-07-30T16:03:41Z</time>
      </trkpt>
      <trkpt lat="40.608967" lon="-0.001383">
        <ele>764.0</ele>
        <time>2015-07-30T16:03:55Z</time>
      </trkpt>
      <trkpt lat="40.609050" lon="-0.001500">
        <ele>765.1</ele>
        <time>2015-07-30T16:04:03Z</time>
      </trkpt>
      <trkpt lat="40.609067" lon="-0.001517">
        <ele>765.2</ele>
        <time>2015-07-30T16:04:05Z</time>
      </trkpt>
      <trkpt lat="40.609083" lon="-0.001533">
        <ele>765.6</ele>
        <time>2015-07-30T16:04:06Z</time>
      </trkpt>
      <trkpt lat="40.609117" lon="-0.001583">
        <ele>765.7</ele>
        <time>2015-07-30T16:04:10Z</time>
      </trkpt>
      <trkpt lat="40.609167" lon="-0.001633">
        <ele>766.5</ele>
        <time>2015-07-30T16:04:15Z</time>
      </trkpt>
      <trkpt lat="40.609167" lon="-0.001650">
        <ele>766.3</ele>
        <time>2015-07-30T16:04:16Z</time>
      </trkpt>
      <trkpt lat="40.609183" lon="-0.001700">
        <ele>767.0</ele>
        <time>2015-07-30T16:04:19Z</time>
      </trkpt>
      <trkpt lat="40.609183" lon="-0.001733">
        <ele>767.3</ele>
        <time>2015-07-30T16:04:21Z</time>
      </trkpt>
      <trkpt lat="40.609200" lon="-0.001850">
        <ele>769.4</ele>
        <time>2015-07-30T16:04:27Z</time>
      </trkpt>
      <trkpt lat="40.609200" lon="-0.001933">
        <ele>770.6</ele>
        <time>2015-07-30T16:04:32Z</time>
      </trkpt>
      <trkpt lat="40.609217" lon="-0.002033">
        <ele>770.5</ele>
        <time>2015-07-30T16:04:37Z</time>
      </trkpt>
      <trkpt lat="40.609250" lon="-0.002100">
        <ele>770.5</ele>
        <time>2015-07-30T16:04:42Z</time>
      </trkpt>
      <trkpt lat="40.609267" lon="-0.002133">
        <ele>770.4</ele>
        <time>2015-07-30T16:04:44Z</time>
      </trkpt>
      <trkpt lat="40.609317" lon="-0.002167">
        <ele>771.0</ele>
        <time>2015-07-30T16:04:48Z</time>
      </trkpt>
      <trkpt lat="40.609350" lon="-0.002250">
        <ele>770.4</ele>
        <time>2015-07-30T16:04:53Z</time>
      </trkpt>
      <trkpt lat="40.609383" lon="-0.002267">
        <ele>771.1</ele>
        <time>2015-07-30T16:04:56Z</time>
      </trkpt>
      <trkpt lat="40.609400" lon="-0.002317">
        <ele>769.4</ele>
        <time>2015-07-30T16:04:59Z</time>
      </trkpt>
      <trkpt lat="40.609417" lon="-0.002333">
        <ele>769.1</ele>
        <time>2015-07-30T16:05:00Z</time>
      </trkpt>
      <trkpt lat="40.609433" lon="-0.002350">
        <ele>768.9</ele>
        <time>2015-07-30T16:05:02Z</time>
      </trkpt>
      <trkpt lat="40.609500" lon="-0.002400">
        <ele>768.2</ele>
        <time>2015-07-30T16:05:07Z</time>
      </trkpt>
      <trkpt lat="40.609517" lon="-0.002417">
        <ele>767.9</ele>
        <time>2015-07-30T16:05:09Z</time>
      </trkpt>
      <trkpt lat="40.609733" lon="-0.002500">
        <ele>773.8</ele>
        <time>2015-07-30T16:05:25Z</time>
      </trkpt>
      <trkpt lat="40.609900" lon="-0.002617">
        <ele>767.8</ele>
        <time>2015-07-30T16:05:39Z</time>
      </trkpt>
      <trkpt lat="40.609900" lon="-0.002617">
        <ele>767.8</ele>
        <time>2015-07-30T16:05:39Z</time>
      </trkpt>
      <trkpt lat="40.609900" lon="-0.002617">
        <ele>767.8</ele>
        <time>2015-07-30T16:05:39Z</time>
      </trkpt>
      <trkpt lat="40.609900" lon="-0.002617">
        <ele>767.8</ele>
        <time>2015-07-30T16:05:39Z</time>
      </trkpt>
      <trkpt lat="40.609900" lon="-0.002617">
        <ele>767.8</ele>
        <time>2015-07-30T16:05:39Z</time>
      </trkpt>
      <trkpt lat="40.609917" lon="-0.002617">
        <ele>767.9</ele>
        <time>2015-07-30T16:05:40Z</time>
      </trkpt>
      <trkpt lat="40.610067" lon="-0.002650">
        <ele>768.9</ele>
        <time>2015-07-30T16:05:51Z</time>
      </trkpt>
      <trkpt lat="40.610067" lon="-0.002650">
        <ele>768.9</ele>
        <time>2015-07-30T16:05:51Z</time>
      </trkpt>
      <trkpt lat="40.610067" lon="-0.002650">
        <ele>768.9</ele>
        <time>2015-07-30T16:05:51Z</time>
      </trkpt>
      <trkpt lat="40.610067" lon="-0.002650">
        <ele>768.9</ele>
        <time>2015-07-30T16:05:51Z</time>
      </trkpt>
      <trkpt lat="40.610067" lon="-0.002650">
        <ele>768.9</ele>
        <time>2015-07-30T16:05:51Z</time>
      </trkpt>
      <trkpt lat="40.610067" lon="-0.002650">
        <ele>768.9</ele>
        <time>2015-07-30T16:05:51Z</time>
      </trkpt>
      <trkpt lat="40.610067" lon="-0.002650">
        <ele>768.9</ele>
        <time>2015-07-30T16:05:51Z</time>
      </trkpt>
      <trkpt lat="40.610067" lon="-0.002650">
        <ele>768.9</ele>
        <time>2015-07-30T16:05:51Z</time>
      </trkpt>
      <trkpt lat="40.610067" lon="-0.002650">
        <ele>768.9</ele>
        <time>2015-07-30T16:05:51Z</time>
      </trkpt>
      <trkpt lat="40.610067" lon="-0.002650">
        <ele>768.9</ele>
        <time>2015-07-30T16:05:51Z</time>
      </trkpt>
      <trkpt lat="40.610067" lon="-0.002650">
        <ele>768.9</ele>
        <time>2015-07-30T16:05:51Z</time>
      </trkpt>
      <trkpt lat="40.610067" lon="-0.002650">
        <ele>768.9</ele>
        <time>2015-07-30T16:05:51Z</time>
      </trkpt>
      <trkpt lat="40.610067" lon="-0.002650">
        <ele>768.9</ele>
        <time>2015-07-30T16:05:51Z</time>
      </trkpt>
      <trkpt lat="40.610067" lon="-0.002650">
        <ele>768.9</ele>
        <time>2015-07-30T16:05:51Z</time>
      </trkpt>
      <trkpt lat="40.610067" lon="-0.002650">
        <ele>768.9</ele>
        <time>2015-07-30T16:05:51Z</time>
      </trkpt>
      <trkpt lat="40.610067" lon="-0.002650">
        <ele>768.9</ele>
        <time>2015-07-30T16:05:51Z</time>
      </trkpt>
      <trkpt lat="40.610067" lon="-0.002650">
        <ele>768.9</ele>
        <time>2015-07-30T16:05:51Z</time>
      </trkpt>
      <trkpt lat="40.610067" lon="-0.002650">
        <ele>768.9</ele>
        <time>2015-07-30T16:05:51Z</time>
      </trkpt>
      <trkpt lat="40.610067" lon="-0.002650">
        <ele>768.9</ele>
        <time>2015-07-30T16:05:51Z</time>
      </trkpt>
      <trkpt lat="40.610067" lon="-0.002650">
        <ele>768.9</ele>
        <time>2015-07-30T16:05:51Z</time>
      </trkpt>
      <trkpt lat="40.610067" lon="-0.002650">
        <ele>768.9</ele>
        <time>2015-07-30T16:05:51Z</time>
      </trkpt>
      <trkpt lat="40.610067" lon="-0.002650">
        <ele>768.9</ele>
        <time>2015-07-30T16:05:51Z</time>
      </trkpt>
      <trkpt lat="40.610067" lon="-0.002650">
        <ele>768.9</ele>
        <time>2015-07-30T16:05:51Z</time>
      </trkpt>
      <trkpt lat="40.610067" lon="-0.002650">
        <ele>768.9</ele>
        <time>2015-07-30T16:05:51Z</time>
      </trkpt>
      <trkpt lat="40.610067" lon="-0.002650">
        <ele>768.9</ele>
        <time>2015-07-30T16:05:51Z</time>
      </trkpt>
      <trkpt lat="40.610083" lon="-0.002667">
        <ele>768.7</ele>
        <time>2015-07-30T16:05:53Z</time>
      </trkpt>
      <trkpt lat="40.610100" lon="-0.002683">
        <ele>768.5</ele>
        <time>2015-07-30T16:05:55Z</time>
      </trkpt>
      <trkpt lat="40.610117" lon="-0.002700">
        <ele>768.5</ele>
        <time>2015-07-30T16:05:56Z</time>
      </trkpt>
      <trkpt lat="40.610150" lon="-0.002833">
        <ele>768.4</ele>
        <time>2015-07-30T16:06:04Z</time>
      </trkpt>
      <trkpt lat="40.610183" lon="-0.002883">
        <ele>768.4</ele>
        <time>2015-07-30T16:06:07Z</time>
      </trkpt>
      <trkpt lat="40.610200" lon="-0.002917">
        <ele>768.2</ele>
        <time>2015-07-30T16:06:10Z</time>
      </trkpt>
      <trkpt lat="40.610283" lon="-0.003033">
        <ele>767.9</ele>
        <time>2015-07-30T16:06:19Z</time>
      </trkpt>
      <trkpt lat="40.610350" lon="-0.003117">
        <ele>768.7</ele>
        <time>2015-07-30T16:06:25Z</time>
      </trkpt>
      <trkpt lat="40.610417" lon="-0.003167">
        <ele>768.5</ele>
        <time>2015-07-30T16:06:31Z</time>
      </trkpt>
      <trkpt lat="40.610500" lon="-0.003300">
        <ele>768.3</ele>
        <time>2015-07-30T16:06:40Z</time>
      </trkpt>
      <trkpt lat="40.610500" lon="-0.003317">
        <ele>767.9</ele>
        <time>2015-07-30T16:06:41Z</time>
      </trkpt>
      <trkpt lat="40.610517" lon="-0.003333">
        <ele>768.0</ele>
        <time>2015-07-30T16:06:43Z</time>
      </trkpt>
      <trkpt lat="40.610517" lon="-0.003350">
        <ele>767.6</ele>
        <time>2015-07-30T16:06:44Z</time>
      </trkpt>
      <trkpt lat="40.610550" lon="-0.003367">
        <ele>767.3</ele>
        <time>2015-07-30T16:06:46Z</time>
      </trkpt>
      <trkpt lat="40.610600" lon="-0.003417">
        <ele>766.3</ele>
        <time>2015-07-30T16:06:51Z</time>
      </trkpt>
      <trkpt lat="40.610617" lon="-0.003433">
        <ele>766.7</ele>
        <time>2015-07-30T16:06:52Z</time>
      </trkpt>
      <trkpt lat="40.610633" lon="-0.003467">
        <ele>767.3</ele>
        <time>2015-07-30T16:06:55Z</time>
      </trkpt>
      <trkpt lat="40.610650" lon="-0.003550">
        <ele>766.7</ele>
        <time>2015-07-30T16:06:59Z</time>
      </trkpt>
      <trkpt lat="40.610717" lon="-0.003733">
        <ele>767.1</ele>
        <time>2015-07-30T16:07:11Z</time>
      </trkpt>
      <trkpt lat="40.610783" lon="-0.003867">
        <ele>766.9</ele>
        <time>2015-07-30T16:07:19Z</time>
      </trkpt>
      <trkpt lat="40.610833" lon="-0.003917">
        <ele>767.8</ele>
        <time>2015-07-30T16:07:24Z</time>
      </trkpt>
      <trkpt lat="40.610850" lon="-0.003950">
        <ele>767.8</ele>
        <time>2015-07-30T16:07:26Z</time>
      </trkpt>
      <trkpt lat="40.610883" lon="-0.004000">
        <ele>768.3</ele>
        <time>2015-07-30T16:07:30Z</time>
      </trkpt>
      <trkpt lat="40.611017" lon="-0.004200">
        <ele>771.2</ele>
        <time>2015-07-30T16:07:45Z</time>
      </trkpt>
      <trkpt lat="40.611033" lon="-0.004233">
        <ele>771.0</ele>
        <time>2015-07-30T16:07:47Z</time>
      </trkpt>
      <trkpt lat="40.611150" lon="-0.004533">
        <ele>767.4</ele>
        <time>2015-07-30T16:08:05Z</time>
      </trkpt>
      <trkpt lat="40.611150" lon="-0.004533">
        <ele>767.4</ele>
        <time>2015-07-30T16:08:05Z</time>
      </trkpt>
      <trkpt lat="40.611150" lon="-0.004533">
        <ele>767.4</ele>
        <time>2015-07-30T16:08:05Z</time>
      </trkpt>
      <trkpt lat="40.611150" lon="-0.004533">
        <ele>767.4</ele>
        <time>2015-07-30T16:08:05Z</time>
      </trkpt>
      <trkpt lat="40.611150" lon="-0.004533">
        <ele>767.4</ele>
        <time>2015-07-30T16:08:05Z</time>
      </trkpt>
      <trkpt lat="40.611150" lon="-0.004533">
        <ele>767.4</ele>
        <time>2015-07-30T16:08:05Z</time>
      </trkpt>
      <trkpt lat="40.611150" lon="-0.004533">
        <ele>767.4</ele>
        <time>2015-07-30T16:08:05Z</time>
      </trkpt>
      <trkpt lat="40.611150" lon="-0.004533">
        <ele>767.4</ele>
        <time>2015-07-30T16:08:05Z</time>
      </trkpt>
      <trkpt lat="40.611150" lon="-0.004533">
        <ele>767.4</ele>
        <time>2015-07-30T16:08:05Z</time>
      </trkpt>
      <trkpt lat="40.611150" lon="-0.004533">
        <ele>767.4</ele>
        <time>2015-07-30T16:08:05Z</time>
      </trkpt>
      <trkpt lat="40.611150" lon="-0.004533">
        <ele>767.4</ele>
        <time>2015-07-30T16:08:05Z</time>
      </trkpt>
      <trkpt lat="40.611150" lon="-0.004533">
        <ele>767.4</ele>
        <time>2015-07-30T16:08:05Z</time>
      </trkpt>
      <trkpt lat="40.611150" lon="-0.004533">
        <ele>767.4</ele>
        <time>2015-07-30T16:08:05Z</time>
      </trkpt>
      <trkpt lat="40.611150" lon="-0.004533">
        <ele>767.4</ele>
        <time>2015-07-30T16:08:05Z</time>
      </trkpt>
      <trkpt lat="40.611150" lon="-0.004533">
        <ele>767.4</ele>
        <time>2015-07-30T16:08:05Z</time>
      </trkpt>
      <trkpt lat="40.611150" lon="-0.004533">
        <ele>767.4</ele>
        <time>2015-07-30T16:08:05Z</time>
      </trkpt>
      <trkpt lat="40.611150" lon="-0.004533">
        <ele>767.4</ele>
        <time>2015-07-30T16:08:05Z</time>
      </trkpt>
      <trkpt lat="40.611150" lon="-0.004533">
        <ele>767.4</ele>
        <time>2015-07-30T16:08:05Z</time>
      </trkpt>
      <trkpt lat="40.611150" lon="-0.004533">
        <ele>767.4</ele>
        <time>2015-07-30T16:08:05Z</time>
      </trkpt>
      <trkpt lat="40.611150" lon="-0.004533">
        <ele>767.4</ele>
        <time>2015-07-30T16:08:05Z</time>
      </trkpt>
      <trkpt lat="40.611150" lon="-0.004533">
        <ele>767.4</ele>
        <time>2015-07-30T16:08:05Z</time>
      </trkpt>
      <trkpt lat="40.611150" lon="-0.004533">
        <ele>767.4</ele>
        <time>2015-07-30T16:08:05Z</time>
      </trkpt>
      <trkpt lat="40.611150" lon="-0.004533">
        <ele>767.4</ele>
        <time>2015-07-30T16:08:05Z</time>
      </trkpt>
      <trkpt lat="40.611150" lon="-0.004533">
        <ele>767.4</ele>
        <time>2015-07-30T16:08:05Z</time>
      </trkpt>
      <trkpt lat="40.611150" lon="-0.004533">
        <ele>767.4</ele>
        <time>2015-07-30T16:08:05Z</time>
      </trkpt>
      <trkpt lat="40.611150" lon="-0.004533">
        <ele>767.4</ele>
        <time>2015-07-30T16:08:05Z</time>
      </trkpt>
      <trkpt lat="40.611150" lon="-0.004533">
        <ele>767.4</ele>
        <time>2015-07-30T16:08:05Z</time>
      </trkpt>
      <trkpt lat="40.611150" lon="-0.004533">
        <ele>767.4</ele>
        <time>2015-07-30T16:08:05Z</time>
      </trkpt>
      <trkpt lat="40.611150" lon="-0.004533">
        <ele>767.4</ele>
        <time>2015-07-30T16:08:05Z</time>
      </trkpt>
      <trkpt lat="40.611150" lon="-0.004533">
        <ele>767.4</ele>
        <time>2015-07-30T16:08:05Z</time>
      </trkpt>
      <trkpt lat="40.611150" lon="-0.004533">
        <ele>767.4</ele>
        <time>2015-07-30T16:08:05Z</time>
      </trkpt>
      <trkpt lat="40.611150" lon="-0.004533">
        <ele>767.4</ele>
        <time>2015-07-30T16:08:05Z</time>
      </trkpt>
      <trkpt lat="40.611150" lon="-0.004533">
        <ele>767.4</ele>
        <time>2015-07-30T16:08:05Z</time>
      </trkpt>
      <trkpt lat="40.611150" lon="-0.004533">
        <ele>767.4</ele>
        <time>2015-07-30T16:08:05Z</time>
      </trkpt>
      <trkpt lat="40.611150" lon="-0.004533">
        <ele>767.4</ele>
        <time>2015-07-30T16:08:05Z</time>
      </trkpt>
      <trkpt lat="40.611150" lon="-0.004533">
        <ele>767.4</ele>
        <time>2015-07-30T16:08:05Z</time>
      </trkpt>
      <trkpt lat="40.611150" lon="-0.004533">
        <ele>767.4</ele>
        <time>2015-07-30T16:08:05Z</time>
      </trkpt>
      <trkpt lat="40.611150" lon="-0.004533">
        <ele>767.4</ele>
        <time>2015-07-30T16:08:05Z</time>
      </trkpt>
      <trkpt lat="40.611150" lon="-0.004533">
        <ele>767.4</ele>
        <time>2015-07-30T16:08:05Z</time>
      </trkpt>
      <trkpt lat="40.611150" lon="-0.004533">
        <ele>767.4</ele>
        <time>2015-07-30T16:08:05Z</time>
      </trkpt>
      <trkpt lat="40.611150" lon="-0.004533">
        <ele>767.4</ele>
        <time>2015-07-30T16:08:05Z</time>
      </trkpt>
      <trkpt lat="40.611150" lon="-0.004533">
        <ele>767.4</ele>
        <time>2015-07-30T16:08:05Z</time>
      </trkpt>
      <trkpt lat="40.611150" lon="-0.004533">
        <ele>767.4</ele>
        <time>2015-07-30T16:08:05Z</time>
      </trkpt>
      <trkpt lat="40.611150" lon="-0.004533">
        <ele>767.4</ele>
        <time>2015-07-30T16:08:05Z</time>
      </trkpt>
      <trkpt lat="40.611150" lon="-0.004533">
        <ele>767.4</ele>
        <time>2015-07-30T16:08:05Z</time>
      </trkpt>
      <trkpt lat="40.611150" lon="-0.004533">
        <ele>767.4</ele>
        <time>2015-07-30T16:08:05Z</time>
      </trkpt>
      <trkpt lat="40.611150" lon="-0.004533">
        <ele>767.4</ele>
        <time>2015-07-30T16:08:05Z</time>
      </trkpt>
      <trkpt lat="40.611150" lon="-0.004533">
        <ele>767.4</ele>
        <time>2015-07-30T16:08:05Z</time>
      </trkpt>
      <trkpt lat="40.611150" lon="-0.004550">
        <ele>767.0</ele>
        <time>2015-07-30T16:08:06Z</time>
      </trkpt>
      <trkpt lat="40.611167" lon="-0.004550">
        <ele>767.2</ele>
        <time>2015-07-30T16:08:08Z</time>
      </trkpt>
      <trkpt lat="40.611200" lon="-0.004567">
        <ele>767.5</ele>
        <time>2015-07-30T16:08:10Z</time>
      </trkpt>
      <trkpt lat="40.611283" lon="-0.004617">
        <ele>768.3</ele>
        <time>2015-07-30T16:08:17Z</time>
      </trkpt>
      <trkpt lat="40.611350" lon="-0.004633">
        <ele>769.3</ele>
        <time>2015-07-30T16:08:22Z</time>
      </trkpt>
      <trkpt lat="40.611417" lon="-0.004667">
        <ele>770.5</ele>
        <time>2015-07-30T16:08:27Z</time>
      </trkpt>
      <trkpt lat="40.611417" lon="-0.004667">
        <ele>770.5</ele>
        <time>2015-07-30T16:08:27Z</time>
      </trkpt>
      <trkpt lat="40.611417" lon="-0.004667">
        <ele>770.5</ele>
        <time>2015-07-30T16:08:27Z</time>
      </trkpt>
      <trkpt lat="40.611417" lon="-0.004667">
        <ele>770.5</ele>
        <time>2015-07-30T16:08:27Z</time>
      </trkpt>
      <trkpt lat="40.611417" lon="-0.004667">
        <ele>770.5</ele>
        <time>2015-07-30T16:08:27Z</time>
      </trkpt>
      <trkpt lat="40.611450" lon="-0.004717">
        <ele>769.8</ele>
        <time>2015-07-30T16:08:31Z</time>
      </trkpt>
      <trkpt lat="40.611483" lon="-0.004767">
        <ele>768.8</ele>
        <time>2015-07-30T16:08:34Z</time>
      </trkpt>
      <trkpt lat="40.611483" lon="-0.004767">
        <ele>768.8</ele>
        <time>2015-07-30T16:08:34Z</time>
      </trkpt>
      <trkpt lat="40.611483" lon="-0.004767">
        <ele>768.8</ele>
        <time>2015-07-30T16:08:34Z</time>
      </trkpt>
      <trkpt lat="40.611483" lon="-0.004767">
        <ele>768.8</ele>
        <time>2015-07-30T16:08:34Z</time>
      </trkpt>
      <trkpt lat="40.611483" lon="-0.004767">
        <ele>768.8</ele>
        <time>2015-07-30T16:08:34Z</time>
      </trkpt>
      <trkpt lat="40.611483" lon="-0.004767">
        <ele>768.8</ele>
        <time>2015-07-30T16:08:34Z</time>
      </trkpt>
      <trkpt lat="40.611483" lon="-0.004767">
        <ele>768.8</ele>
        <time>2015-07-30T16:08:34Z</time>
      </trkpt>
      <trkpt lat="40.611517" lon="-0.004800">
        <ele>768.6</ele>
        <time>2015-07-30T16:08:37Z</time>
      </trkpt>
      <trkpt lat="40.611700" lon="-0.004933">
        <ele>769.5</ele>
        <time>2015-07-30T16:08:53Z</time>
      </trkpt>
      <trkpt lat="40.611750" lon="-0.004967">
        <ele>770.8</ele>
        <time>2015-07-30T16:08:57Z</time>
      </trkpt>
      <trkpt lat="40.611750" lon="-0.004967">
        <ele>770.8</ele>
        <time>2015-07-30T16:08:57Z</time>
      </trkpt>
      <trkpt lat="40.611750" lon="-0.004967">
        <ele>770.8</ele>
        <time>2015-07-30T16:08:57Z</time>
      </trkpt>
      <trkpt lat="40.611750" lon="-0.004967">
        <ele>770.8</ele>
        <time>2015-07-30T16:08:57Z</time>
      </trkpt>
      <trkpt lat="40.611750" lon="-0.004967">
        <ele>770.8</ele>
        <time>2015-07-30T16:08:57Z</time>
      </trkpt>
      <trkpt lat="40.611750" lon="-0.004967">
        <ele>770.8</ele>
        <time>2015-07-30T16:08:57Z</time>
      </trkpt>
      <trkpt lat="40.611750" lon="-0.004967">
        <ele>770.8</ele>
        <time>2015-07-30T16:08:57Z</time>
      </trkpt>
      <trkpt lat="40.611750" lon="-0.004967">
        <ele>770.8</ele>
        <time>2015-07-30T16:08:57Z</time>
      </trkpt>
      <trkpt lat="40.611750" lon="-0.004967">
        <ele>770.8</ele>
        <time>2015-07-30T16:08:57Z</time>
      </trkpt>
      <trkpt lat="40.611767" lon="-0.004983">
        <ele>771.1</ele>
        <time>2015-07-30T16:08:58Z</time>
      </trkpt>
      <trkpt lat="40.611783" lon="-0.005000">
        <ele>771.3</ele>
        <time>2015-07-30T16:09:00Z</time>
      </trkpt>
      <trkpt lat="40.611800" lon="-0.005017">
        <ele>771.4</ele>
        <time>2015-07-30T16:09:01Z</time>
      </trkpt>
      <trkpt lat="40.611833" lon="-0.005050">
        <ele>771.4</ele>
        <time>2015-07-30T16:09:04Z</time>
      </trkpt>
      <trkpt lat="40.611833" lon="-0.005050">
        <ele>771.4</ele>
        <time>2015-07-30T16:09:04Z</time>
      </trkpt>
      <trkpt lat="40.611833" lon="-0.005050">
        <ele>771.4</ele>
        <time>2015-07-30T16:09:04Z</time>
      </trkpt>
      <trkpt lat="40.611833" lon="-0.005050">
        <ele>771.4</ele>
        <time>2015-07-30T16:09:04Z</time>
      </trkpt>
      <trkpt lat="40.611833" lon="-0.005050">
        <ele>771.4</ele>
        <time>2015-07-30T16:09:04Z</time>
      </trkpt>
      <trkpt lat="40.611833" lon="-0.005050">
        <ele>771.4</ele>
        <time>2015-07-30T16:09:04Z</time>
      </trkpt>
      <trkpt lat="40.611833" lon="-0.005050">
        <ele>771.4</ele>
        <time>2015-07-30T16:09:04Z</time>
      </trkpt>
      <trkpt lat="40.611833" lon="-0.005050">
        <ele>771.4</ele>
        <time>2015-07-30T16:09:04Z</time>
      </trkpt>
      <trkpt lat="40.611833" lon="-0.005050">
        <ele>771.4</ele>
        <time>2015-07-30T16:09:04Z</time>
      </trkpt>
      <trkpt lat="40.611833" lon="-0.005050">
        <ele>771.4</ele>
        <time>2015-07-30T16:09:04Z</time>
      </trkpt>
      <trkpt lat="40.611833" lon="-0.005050">
        <ele>771.4</ele>
        <time>2015-07-30T16:09:04Z</time>
      </trkpt>
      <trkpt lat="40.611833" lon="-0.005050">
        <ele>771.4</ele>
        <time>2015-07-30T16:09:04Z</time>
      </trkpt>
      <trkpt lat="40.611833" lon="-0.005050">
        <ele>771.4</ele>
        <time>2015-07-30T16:09:04Z</time>
      </trkpt>
      <trkpt lat="40.611833" lon="-0.005050">
        <ele>771.4</ele>
        <time>2015-07-30T16:09:04Z</time>
      </trkpt>
      <trkpt lat="40.611833" lon="-0.005050">
        <ele>771.4</ele>
        <time>2015-07-30T16:09:04Z</time>
      </trkpt>
      <trkpt lat="40.611833" lon="-0.005050">
        <ele>771.4</ele>
        <time>2015-07-30T16:09:04Z</time>
      </trkpt>
      <trkpt lat="40.611833" lon="-0.005050">
        <ele>771.4</ele>
        <time>2015-07-30T16:09:04Z</time>
      </trkpt>
      <trkpt lat="40.611833" lon="-0.005050">
        <ele>771.4</ele>
        <time>2015-07-30T16:09:04Z</time>
      </trkpt>
      <trkpt lat="40.611833" lon="-0.005050">
        <ele>771.4</ele>
        <time>2015-07-30T16:09:04Z</time>
      </trkpt>
      <trkpt lat="40.611833" lon="-0.005050">
        <ele>771.4</ele>
        <time>2015-07-30T16:09:04Z</time>
      </trkpt>
      <trkpt lat="40.611833" lon="-0.005050">
        <ele>771.4</ele>
        <time>2015-07-30T16:09:04Z</time>
      </trkpt>
      <trkpt lat="40.611833" lon="-0.005050">
        <ele>771.4</ele>
        <time>2015-07-30T16:09:04Z</time>
      </trkpt>
      <trkpt lat="40.611833" lon="-0.005050">
        <ele>771.4</ele>
        <time>2015-07-30T16:09:04Z</time>
      </trkpt>
      <trkpt lat="40.611833" lon="-0.005050">
        <ele>771.4</ele>
        <time>2015-07-30T16:09:04Z</time>
      </trkpt>
      <trkpt lat="40.611833" lon="-0.005050">
        <ele>771.4</ele>
        <time>2015-07-30T16:09:04Z</time>
      </trkpt>
      <trkpt lat="40.611833" lon="-0.005050">
        <ele>771.4</ele>
        <time>2015-07-30T16:09:04Z</time>
      </trkpt>
      <trkpt lat="40.611833" lon="-0.005050">
        <ele>771.4</ele>
        <time>2015-07-30T16:09:04Z</time>
      </trkpt>
      <trkpt lat="40.611833" lon="-0.005050">
        <ele>771.4</ele>
        <time>2015-07-30T16:09:04Z</time>
      </trkpt>
      <trkpt lat="40.611833" lon="-0.005050">
        <ele>771.4</ele>
        <time>2015-07-30T16:09:04Z</time>
      </trkpt>
      <trkpt lat="40.611833" lon="-0.005050">
        <ele>771.4</ele>
        <time>2015-07-30T16:09:04Z</time>
      </trkpt>
      <trkpt lat="40.611833" lon="-0.005050">
        <ele>771.4</ele>
        <time>2015-07-30T16:09:04Z</time>
      </trkpt>
      <trkpt lat="40.611833" lon="-0.005050">
        <ele>771.4</ele>
        <time>2015-07-30T16:09:04Z</time>
      </trkpt>
      <trkpt lat="40.611833" lon="-0.005050">
        <ele>771.4</ele>
        <time>2015-07-30T16:09:04Z</time>
      </trkpt>
      <trkpt lat="40.611833" lon="-0.005050">
        <ele>771.4</ele>
        <time>2015-07-30T16:09:04Z</time>
      </trkpt>
      <trkpt lat="40.611833" lon="-0.005050">
        <ele>771.4</ele>
        <time>2015-07-30T16:09:04Z</time>
      </trkpt>
      <trkpt lat="40.611833" lon="-0.005050">
        <ele>771.4</ele>
        <time>2015-07-30T16:09:04Z</time>
      </trkpt>
      <trkpt lat="40.611833" lon="-0.005050">
        <ele>771.4</ele>
        <time>2015-07-30T16:09:04Z</time>
      </trkpt>
      <trkpt lat="40.611833" lon="-0.005050">
        <ele>771.4</ele>
        <time>2015-07-30T16:09:04Z</time>
      </trkpt>
      <trkpt lat="40.611833" lon="-0.005050">
        <ele>771.4</ele>
        <time>2015-07-30T16:09:04Z</time>
      </trkpt>
      <trkpt lat="40.611833" lon="-0.005050">
        <ele>771.4</ele>
        <time>2015-07-30T16:09:04Z</time>
      </trkpt>
      <trkpt lat="40.611833" lon="-0.005050">
        <ele>771.4</ele>
        <time>2015-07-30T16:09:04Z</time>
      </trkpt>
      <trkpt lat="40.611850" lon="-0.005050">
        <ele>771.7</ele>
        <time>2015-07-30T16:09:05Z</time>
      </trkpt>
      <trkpt lat="40.611900" lon="-0.005150">
        <ele>771.4</ele>
        <time>2015-07-30T16:09:12Z</time>
      </trkpt>
      <trkpt lat="40.611917" lon="-0.005167">
        <ele>771.4</ele>
        <time>2015-07-30T16:09:14Z</time>
      </trkpt>
      <trkpt lat="40.611950" lon="-0.005283">
        <ele>770.8</ele>
        <time>2015-07-30T16:09:21Z</time>
      </trkpt>
      <trkpt lat="40.612017" lon="-0.005350">
        <ele>770.9</ele>
        <time>2015-07-30T16:09:27Z</time>
      </trkpt>
      <trkpt lat="40.612050" lon="-0.005417">
        <ele>771.1</ele>
        <time>2015-07-30T16:09:31Z</time>
      </trkpt>
      <trkpt lat="40.612133" lon="-0.005650">
        <ele>771.5</ele>
        <time>2015-07-30T16:09:45Z</time>
      </trkpt>
      <trkpt lat="40.612167" lon="-0.005717">
        <ele>771.9</ele>
        <time>2015-07-30T16:09:50Z</time>
      </trkpt>
      <trkpt lat="40.612200" lon="-0.005767">
        <ele>773.2</ele>
        <time>2015-07-30T16:09:53Z</time>
      </trkpt>
      <trkpt lat="40.612233" lon="-0.005850">
        <ele>773.1</ele>
        <time>2015-07-30T16:09:59Z</time>
      </trkpt>
      <trkpt lat="40.612233" lon="-0.005883">
        <ele>772.7</ele>
        <time>2015-07-30T16:10:00Z</time>
      </trkpt>
      <trkpt lat="40.612267" lon="-0.005950">
        <ele>773.3</ele>
        <time>2015-07-30T16:10:05Z</time>
      </trkpt>
      <trkpt lat="40.612317" lon="-0.006117">
        <ele>772.2</ele>
        <time>2015-07-30T16:10:15Z</time>
      </trkpt>
      <trkpt lat="40.612350" lon="-0.006200">
        <ele>771.4</ele>
        <time>2015-07-30T16:10:20Z</time>
      </trkpt>
      <trkpt lat="40.612367" lon="-0.006233">
        <ele>771.7</ele>
        <time>2015-07-30T16:10:22Z</time>
      </trkpt>
      <trkpt lat="40.612400" lon="-0.006283">
        <ele>772.1</ele>
        <time>2015-07-30T16:10:26Z</time>
      </trkpt>
      <trkpt lat="40.612400" lon="-0.006317">
        <ele>770.9</ele>
        <time>2015-07-30T16:10:28Z</time>
      </trkpt>
      <trkpt lat="40.612417" lon="-0.006350">
        <ele>771.0</ele>
        <time>2015-07-30T16:10:30Z</time>
      </trkpt>
      <trkpt lat="40.612467" lon="-0.006433">
        <ele>771.7</ele>
        <time>2015-07-30T16:10:36Z</time>
      </trkpt>
      <trkpt lat="40.612500" lon="-0.006533">
        <ele>770.3</ele>
        <time>2015-07-30T16:10:42Z</time>
      </trkpt>
      <trkpt lat="40.612500" lon="-0.006533">
        <ele>770.3</ele>
        <time>2015-07-30T16:10:42Z</time>
      </trkpt>
      <trkpt lat="40.612500" lon="-0.006533">
        <ele>770.3</ele>
        <time>2015-07-30T16:10:42Z</time>
      </trkpt>
      <trkpt lat="40.612500" lon="-0.006533">
        <ele>770.3</ele>
        <time>2015-07-30T16:10:42Z</time>
      </trkpt>
      <trkpt lat="40.612500" lon="-0.006533">
        <ele>770.3</ele>
        <time>2015-07-30T16:10:42Z</time>
      </trkpt>
      <trkpt lat="40.612500" lon="-0.006533">
        <ele>770.3</ele>
        <time>2015-07-30T16:10:42Z</time>
      </trkpt>
      <trkpt lat="40.612500" lon="-0.006533">
        <ele>770.3</ele>
        <time>2015-07-30T16:10:42Z</time>
      </trkpt>
      <trkpt lat="40.612500" lon="-0.006533">
        <ele>770.3</ele>
        <time>2015-07-30T16:10:42Z</time>
      </trkpt>
      <trkpt lat="40.612500" lon="-0.006533">
        <ele>770.3</ele>
        <time>2015-07-30T16:10:42Z</time>
      </trkpt>
      <trkpt lat="40.612500" lon="-0.006533">
        <ele>770.3</ele>
        <time>2015-07-30T16:10:42Z</time>
      </trkpt>
      <trkpt lat="40.612500" lon="-0.006533">
        <ele>770.3</ele>
        <time>2015-07-30T16:10:42Z</time>
      </trkpt>
      <trkpt lat="40.612500" lon="-0.006533">
        <ele>770.3</ele>
        <time>2015-07-30T16:10:42Z</time>
      </trkpt>
      <trkpt lat="40.612517" lon="-0.006567">
        <ele>770.2</ele>
        <time>2015-07-30T16:10:44Z</time>
      </trkpt>
      <trkpt lat="40.612517" lon="-0.006650">
        <ele>768.1</ele>
        <time>2015-07-30T16:10:49Z</time>
      </trkpt>
      <trkpt lat="40.612650" lon="-0.006917">
        <ele>768.9</ele>
        <time>2015-07-30T16:11:06Z</time>
      </trkpt>
      <trkpt lat="40.612733" lon="-0.007017">
        <ele>770.2</ele>
        <time>2015-07-30T16:11:14Z</time>
      </trkpt>
      <trkpt lat="40.612750" lon="-0.007050">
        <ele>770.5</ele>
        <time>2015-07-30T16:11:17Z</time>
      </trkpt>
      <trkpt lat="40.612767" lon="-0.007083">
        <ele>770.4</ele>
        <time>2015-07-30T16:11:19Z</time>
      </trkpt>
      <trkpt lat="40.612800" lon="-0.007117">
        <ele>770.5</ele>
        <time>2015-07-30T16:11:22Z</time>
      </trkpt>
      <trkpt lat="40.612817" lon="-0.007133">
        <ele>770.5</ele>
        <time>2015-07-30T16:11:23Z</time>
      </trkpt>
      <trkpt lat="40.612883" lon="-0.007233">
        <ele>773.0</ele>
        <time>2015-07-30T16:11:31Z</time>
      </trkpt>
      <trkpt lat="40.613100" lon="-0.007467">
        <ele>773.2</ele>
        <time>2015-07-30T16:11:51Z</time>
      </trkpt>
      <trkpt lat="40.613100" lon="-0.007467">
        <ele>773.2</ele>
        <time>2015-07-30T16:11:51Z</time>
      </trkpt>
      <trkpt lat="40.613100" lon="-0.007467">
        <ele>773.2</ele>
        <time>2015-07-30T16:11:51Z</time>
      </trkpt>
      <trkpt lat="40.613100" lon="-0.007467">
        <ele>773.2</ele>
        <time>2015-07-30T16:11:51Z</time>
      </trkpt>
      <trkpt lat="40.613100" lon="-0.007467">
        <ele>773.2</ele>
        <time>2015-07-30T16:11:51Z</time>
      </trkpt>
      <trkpt lat="40.613100" lon="-0.007467">
        <ele>773.2</ele>
        <time>2015-07-30T16:11:51Z</time>
      </trkpt>
      <trkpt lat="40.613100" lon="-0.007467">
        <ele>773.2</ele>
        <time>2015-07-30T16:11:51Z</time>
      </trkpt>
      <trkpt lat="40.613100" lon="-0.007467">
        <ele>773.2</ele>
        <time>2015-07-30T16:11:51Z</time>
      </trkpt>
      <trkpt lat="40.613100" lon="-0.007467">
        <ele>773.2</ele>
        <time>2015-07-30T16:11:51Z</time>
      </trkpt>
      <trkpt lat="40.613100" lon="-0.007467">
        <ele>773.2</ele>
        <time>2015-07-30T16:11:51Z</time>
      </trkpt>
      <trkpt lat="40.613150" lon="-0.007517">
        <ele>773.5</ele>
        <time>2015-07-30T16:11:56Z</time>
      </trkpt>
      <trkpt lat="40.613183" lon="-0.007533">
        <ele>774.4</ele>
        <time>2015-07-30T16:11:58Z</time>
      </trkpt>
      <trkpt lat="40.613217" lon="-0.007550">
        <ele>775.2</ele>
        <time>2015-07-30T16:12:01Z</time>
      </trkpt>
      <trkpt lat="40.613217" lon="-0.007550">
        <ele>775.2</ele>
        <time>2015-07-30T16:12:01Z</time>
      </trkpt>
      <trkpt lat="40.613217" lon="-0.007550">
        <ele>775.2</ele>
        <time>2015-07-30T16:12:01Z</time>
      </trkpt>
      <trkpt lat="40.613217" lon="-0.007550">
        <ele>775.2</ele>
        <time>2015-07-30T16:12:01Z</time>
      </trkpt>
      <trkpt lat="40.613217" lon="-0.007550">
        <ele>775.2</ele>
        <time>2015-07-30T16:12:01Z</time>
      </trkpt>
      <trkpt lat="40.613217" lon="-0.007550">
        <ele>775.2</ele>
        <time>2015-07-30T16:12:01Z</time>
      </trkpt>
      <trkpt lat="40.613217" lon="-0.007550">
        <ele>775.2</ele>
        <time>2015-07-30T16:12:01Z</time>
      </trkpt>
      <trkpt lat="40.613217" lon="-0.007550">
        <ele>775.2</ele>
        <time>2015-07-30T16:12:01Z</time>
      </trkpt>
      <trkpt lat="40.613217" lon="-0.007550">
        <ele>775.2</ele>
        <time>2015-07-30T16:12:01Z</time>
      </trkpt>
      <trkpt lat="40.613217" lon="-0.007550">
        <ele>775.2</ele>
        <time>2015-07-30T16:12:01Z</time>
      </trkpt>
      <trkpt lat="40.613217" lon="-0.007550">
        <ele>775.2</ele>
        <time>2015-07-30T16:12:01Z</time>
      </trkpt>
      <trkpt lat="40.613217" lon="-0.007550">
        <ele>775.2</ele>
        <time>2015-07-30T16:12:01Z</time>
      </trkpt>
      <trkpt lat="40.613217" lon="-0.007550">
        <ele>775.2</ele>
        <time>2015-07-30T16:12:01Z</time>
      </trkpt>
      <trkpt lat="40.613217" lon="-0.007550">
        <ele>775.2</ele>
        <time>2015-07-30T16:12:01Z</time>
      </trkpt>
      <trkpt lat="40.613217" lon="-0.007550">
        <ele>775.2</ele>
        <time>2015-07-30T16:12:01Z</time>
      </trkpt>
      <trkpt lat="40.613217" lon="-0.007550">
        <ele>775.2</ele>
        <time>2015-07-30T16:12:01Z</time>
      </trkpt>
      <trkpt lat="40.613217" lon="-0.007550">
        <ele>775.2</ele>
        <time>2015-07-30T16:12:01Z</time>
      </trkpt>
      <trkpt lat="40.613217" lon="-0.007550">
        <ele>775.2</ele>
        <time>2015-07-30T16:12:01Z</time>
      </trkpt>
      <trkpt lat="40.613217" lon="-0.007550">
        <ele>775.2</ele>
        <time>2015-07-30T16:12:01Z</time>
      </trkpt>
      <trkpt lat="40.613217" lon="-0.007550">
        <ele>775.2</ele>
        <time>2015-07-30T16:12:01Z</time>
      </trkpt>
      <trkpt lat="40.613217" lon="-0.007550">
        <ele>775.2</ele>
        <time>2015-07-30T16:12:01Z</time>
      </trkpt>
      <trkpt lat="40.613217" lon="-0.007550">
        <ele>775.2</ele>
        <time>2015-07-30T16:12:01Z</time>
      </trkpt>
      <trkpt lat="40.613217" lon="-0.007550">
        <ele>775.2</ele>
        <time>2015-07-30T16:12:01Z</time>
      </trkpt>
      <trkpt lat="40.613217" lon="-0.007550">
        <ele>775.2</ele>
        <time>2015-07-30T16:12:01Z</time>
      </trkpt>
      <trkpt lat="40.613217" lon="-0.007550">
        <ele>775.2</ele>
        <time>2015-07-30T16:12:01Z</time>
      </trkpt>
      <trkpt lat="40.613217" lon="-0.007550">
        <ele>775.2</ele>
        <time>2015-07-30T16:12:01Z</time>
      </trkpt>
      <trkpt lat="40.613217" lon="-0.007550">
        <ele>775.2</ele>
        <time>2015-07-30T16:12:01Z</time>
      </trkpt>
      <trkpt lat="40.613217" lon="-0.007550">
        <ele>775.2</ele>
        <time>2015-07-30T16:12:01Z</time>
      </trkpt>
      <trkpt lat="40.613217" lon="-0.007550">
        <ele>775.2</ele>
        <time>2015-07-30T16:12:01Z</time>
      </trkpt>
      <trkpt lat="40.613217" lon="-0.007550">
        <ele>775.2</ele>
        <time>2015-07-30T16:12:01Z</time>
      </trkpt>
      <trkpt lat="40.613217" lon="-0.007550">
        <ele>775.2</ele>
        <time>2015-07-30T16:12:01Z</time>
      </trkpt>
      <trkpt lat="40.613217" lon="-0.007550">
        <ele>775.2</ele>
        <time>2015-07-30T16:12:01Z</time>
      </trkpt>
      <trkpt lat="40.613217" lon="-0.007550">
        <ele>775.2</ele>
        <time>2015-07-30T16:12:01Z</time>
      </trkpt>
      <trkpt lat="40.613217" lon="-0.007550">
        <ele>775.2</ele>
        <time>2015-07-30T16:12:01Z</time>
      </trkpt>
      <trkpt lat="40.613217" lon="-0.007550">
        <ele>775.2</ele>
        <time>2015-07-30T16:12:01Z</time>
      </trkpt>
      <trkpt lat="40.613217" lon="-0.007550">
        <ele>775.2</ele>
        <time>2015-07-30T16:12:01Z</time>
      </trkpt>
      <trkpt lat="40.613217" lon="-0.007550">
        <ele>775.2</ele>
        <time>2015-07-30T16:12:01Z</time>
      </trkpt>
      <trkpt lat="40.613217" lon="-0.007550">
        <ele>775.2</ele>
        <time>2015-07-30T16:12:01Z</time>
      </trkpt>
      <trkpt lat="40.613217" lon="-0.007550">
        <ele>775.2</ele>
        <time>2015-07-30T16:12:01Z</time>
      </trkpt>
      <trkpt lat="40.613217" lon="-0.007550">
        <ele>775.2</ele>
        <time>2015-07-30T16:12:01Z</time>
      </trkpt>
      <trkpt lat="40.613217" lon="-0.007550">
        <ele>775.2</ele>
        <time>2015-07-30T16:12:01Z</time>
      </trkpt>
      <trkpt lat="40.613217" lon="-0.007550">
        <ele>775.2</ele>
        <time>2015-07-30T16:12:01Z</time>
      </trkpt>
      <trkpt lat="40.613217" lon="-0.007550">
        <ele>775.2</ele>
        <time>2015-07-30T16:12:01Z</time>
      </trkpt>
      <trkpt lat="40.613217" lon="-0.007550">
        <ele>775.2</ele>
        <time>2015-07-30T16:12:01Z</time>
      </trkpt>
      <trkpt lat="40.613217" lon="-0.007550">
        <ele>775.2</ele>
        <time>2015-07-30T16:12:01Z</time>
      </trkpt>
      <trkpt lat="40.613217" lon="-0.007550">
        <ele>775.2</ele>
        <time>2015-07-30T16:12:01Z</time>
      </trkpt>
      <trkpt lat="40.613217" lon="-0.007550">
        <ele>775.2</ele>
        <time>2015-07-30T16:12:01Z</time>
      </trkpt>
      <trkpt lat="40.613217" lon="-0.007550">
        <ele>775.2</ele>
        <time>2015-07-30T16:12:01Z</time>
      </trkpt>
      <trkpt lat="40.613217" lon="-0.007550">
        <ele>775.2</ele>
        <time>2015-07-30T16:12:01Z</time>
      </trkpt>
      <trkpt lat="40.613217" lon="-0.007550">
        <ele>775.2</ele>
        <time>2015-07-30T16:12:01Z</time>
      </trkpt>
      <trkpt lat="40.613217" lon="-0.007550">
        <ele>775.2</ele>
        <time>2015-07-30T16:12:01Z</time>
      </trkpt>
      <trkpt lat="40.613217" lon="-0.007550">
        <ele>775.2</ele>
        <time>2015-07-30T16:12:01Z</time>
      </trkpt>
      <trkpt lat="40.613217" lon="-0.007550">
        <ele>775.2</ele>
        <time>2015-07-30T16:12:01Z</time>
      </trkpt>
      <trkpt lat="40.613217" lon="-0.007550">
        <ele>775.2</ele>
        <time>2015-07-30T16:12:01Z</time>
      </trkpt>
      <trkpt lat="40.613217" lon="-0.007550">
        <ele>775.2</ele>
        <time>2015-07-30T16:12:01Z</time>
      </trkpt>
      <trkpt lat="40.613217" lon="-0.007550">
        <ele>775.2</ele>
        <time>2015-07-30T16:12:01Z</time>
      </trkpt>
      <trkpt lat="40.613217" lon="-0.007550">
        <ele>775.2</ele>
        <time>2015-07-30T16:12:01Z</time>
      </trkpt>
      <trkpt lat="40.613217" lon="-0.007550">
        <ele>775.2</ele>
        <time>2015-07-30T16:12:01Z</time>
      </trkpt>
      <trkpt lat="40.613217" lon="-0.007550">
        <ele>775.2</ele>
        <time>2015-07-30T16:12:01Z</time>
      </trkpt>
      <trkpt lat="40.613217" lon="-0.007550">
        <ele>775.2</ele>
        <time>2015-07-30T16:12:01Z</time>
      </trkpt>
      <trkpt lat="40.613217" lon="-0.007550">
        <ele>775.2</ele>
        <time>2015-07-30T16:12:01Z</time>
      </trkpt>
      <trkpt lat="40.613217" lon="-0.007550">
        <ele>775.2</ele>
        <time>2015-07-30T16:12:01Z</time>
      </trkpt>
      <trkpt lat="40.613217" lon="-0.007550">
        <ele>775.2</ele>
        <time>2015-07-30T16:12:01Z</time>
      </trkpt>
      <trkpt lat="40.613217" lon="-0.007550">
        <ele>775.2</ele>
        <time>2015-07-30T16:12:01Z</time>
      </trkpt>
      <trkpt lat="40.613217" lon="-0.007550">
        <ele>775.2</ele>
        <time>2015-07-30T16:12:01Z</time>
      </trkpt>
      <trkpt lat="40.613217" lon="-0.007550">
        <ele>775.2</ele>
        <time>2015-07-30T16:12:01Z</time>
      </trkpt>
      <trkpt lat="40.613217" lon="-0.007550">
        <ele>775.2</ele>
        <time>2015-07-30T16:12:01Z</time>
      </trkpt>
      <trkpt lat="40.613217" lon="-0.007550">
        <ele>775.2</ele>
        <time>2015-07-30T16:12:01Z</time>
      </trkpt>
      <trkpt lat="40.613217" lon="-0.007550">
        <ele>775.2</ele>
        <time>2015-07-30T16:12:01Z</time>
      </trkpt>
      <trkpt lat="40.613217" lon="-0.007550">
        <ele>775.2</ele>
        <time>2015-07-30T16:12:01Z</time>
      </trkpt>
      <trkpt lat="40.613217" lon="-0.007550">
        <ele>775.2</ele>
        <time>2015-07-30T16:12:01Z</time>
      </trkpt>
      <trkpt lat="40.613217" lon="-0.007550">
        <ele>775.2</ele>
        <time>2015-07-30T16:12:01Z</time>
      </trkpt>
      <trkpt lat="40.613217" lon="-0.007550">
        <ele>775.2</ele>
        <time>2015-07-30T16:12:01Z</time>
      </trkpt>
      <trkpt lat="40.613217" lon="-0.007550">
        <ele>775.2</ele>
        <time>2015-07-30T16:12:01Z</time>
      </trkpt>
      <trkpt lat="40.613217" lon="-0.007550">
        <ele>775.2</ele>
        <time>2015-07-30T16:12:01Z</time>
      </trkpt>
      <trkpt lat="40.613217" lon="-0.007550">
        <ele>775.2</ele>
        <time>2015-07-30T16:12:01Z</time>
      </trkpt>
      <trkpt lat="40.613217" lon="-0.007550">
        <ele>775.2</ele>
        <time>2015-07-30T16:12:01Z</time>
      </trkpt>
      <trkpt lat="40.613217" lon="-0.007550">
        <ele>775.2</ele>
        <time>2015-07-30T16:12:01Z</time>
      </trkpt>
      <trkpt lat="40.613217" lon="-0.007550">
        <ele>775.2</ele>
        <time>2015-07-30T16:12:01Z</time>
      </trkpt>
      <trkpt lat="40.613217" lon="-0.007550">
        <ele>775.2</ele>
        <time>2015-07-30T16:12:01Z</time>
      </trkpt>
      <trkpt lat="40.613217" lon="-0.007550">
        <ele>775.2</ele>
        <time>2015-07-30T16:12:01Z</time>
      </trkpt>
      <trkpt lat="40.613217" lon="-0.007550">
        <ele>775.2</ele>
        <time>2015-07-30T16:12:01Z</time>
      </trkpt>
      <trkpt lat="40.613217" lon="-0.007550">
        <ele>775.2</ele>
        <time>2015-07-30T16:12:01Z</time>
      </trkpt>
      <trkpt lat="40.613217" lon="-0.007550">
        <ele>775.2</ele>
        <time>2015-07-30T16:12:01Z</time>
      </trkpt>
      <trkpt lat="40.613217" lon="-0.007550">
        <ele>775.2</ele>
        <time>2015-07-30T16:12:01Z</time>
      </trkpt>
      <trkpt lat="40.613217" lon="-0.007550">
        <ele>775.2</ele>
        <time>2015-07-30T16:12:01Z</time>
      </trkpt>
      <trkpt lat="40.613217" lon="-0.007550">
        <ele>775.2</ele>
        <time>2015-07-30T16:12:01Z</time>
      </trkpt>
      <trkpt lat="40.613217" lon="-0.007550">
        <ele>775.2</ele>
        <time>2015-07-30T16:12:01Z</time>
      </trkpt>
      <trkpt lat="40.613217" lon="-0.007550">
        <ele>775.2</ele>
        <time>2015-07-30T16:12:01Z</time>
      </trkpt>
      <trkpt lat="40.613217" lon="-0.007550">
        <ele>775.2</ele>
        <time>2015-07-30T16:12:01Z</time>
      </trkpt>
      <trkpt lat="40.613217" lon="-0.007550">
        <ele>775.2</ele>
        <time>2015-07-30T16:12:01Z</time>
      </trkpt>
      <trkpt lat="40.613217" lon="-0.007550">
        <ele>775.2</ele>
        <time>2015-07-30T16:12:01Z</time>
      </trkpt>
      <trkpt lat="40.613217" lon="-0.007550">
        <ele>775.2</ele>
        <time>2015-07-30T16:12:01Z</time>
      </trkpt>
      <trkpt lat="40.613217" lon="-0.007550">
        <ele>775.2</ele>
        <time>2015-07-30T16:12:01Z</time>
      </trkpt>
      <trkpt lat="40.613217" lon="-0.007550">
        <ele>775.2</ele>
        <time>2015-07-30T16:12:01Z</time>
      </trkpt>
      <trkpt lat="40.613217" lon="-0.007550">
        <ele>775.2</ele>
        <time>2015-07-30T16:12:01Z</time>
      </trkpt>
      <trkpt lat="40.613217" lon="-0.007550">
        <ele>775.2</ele>
        <time>2015-07-30T16:12:01Z</time>
      </trkpt>
      <trkpt lat="40.613217" lon="-0.007550">
        <ele>775.2</ele>
        <time>2015-07-30T16:12:01Z</time>
      </trkpt>
      <trkpt lat="40.613217" lon="-0.007550">
        <ele>775.2</ele>
        <time>2015-07-30T16:12:01Z</time>
      </trkpt>
      <trkpt lat="40.613217" lon="-0.007567">
        <ele>774.8</ele>
        <time>2015-07-30T16:12:02Z</time>
      </trkpt>
      <trkpt lat="40.613250" lon="-0.007700">
        <ele>773.2</ele>
        <time>2015-07-30T16:12:10Z</time>
      </trkpt>
      <trkpt lat="40.613250" lon="-0.007700">
        <ele>773.2</ele>
        <time>2015-07-30T16:12:10Z</time>
      </trkpt>
      <trkpt lat="40.613250" lon="-0.007700">
        <ele>773.2</ele>
        <time>2015-07-30T16:12:10Z</time>
      </trkpt>
      <trkpt lat="40.613250" lon="-0.007700">
        <ele>773.2</ele>
        <time>2015-07-30T16:12:10Z</time>
      </trkpt>
      <trkpt lat="40.613250" lon="-0.007700">
        <ele>773.2</ele>
        <time>2015-07-30T16:12:10Z</time>
      </trkpt>
      <trkpt lat="40.613250" lon="-0.007700">
        <ele>773.2</ele>
        <time>2015-07-30T16:12:10Z</time>
      </trkpt>
      <trkpt lat="40.613250" lon="-0.007700">
        <ele>773.2</ele>
        <time>2015-07-30T16:12:10Z</time>
      </trkpt>
      <trkpt lat="40.613250" lon="-0.007700">
        <ele>773.2</ele>
        <time>2015-07-30T16:12:10Z</time>
      </trkpt>
      <trkpt lat="40.613250" lon="-0.007700">
        <ele>773.2</ele>
        <time>2015-07-30T16:12:10Z</time>
      </trkpt>
      <trkpt lat="40.613250" lon="-0.007733">
        <ele>772.3</ele>
        <time>2015-07-30T16:12:11Z</time>
      </trkpt>
      <trkpt lat="40.613250" lon="-0.007767">
        <ele>771.5</ele>
        <time>2015-07-30T16:12:13Z</time>
      </trkpt>
      <trkpt lat="40.613267" lon="-0.007783">
        <ele>771.8</ele>
        <time>2015-07-30T16:12:15Z</time>
      </trkpt>
      <trkpt lat="40.613267" lon="-0.007817">
        <ele>771.4</ele>
        <time>2015-07-30T16:12:17Z</time>
      </trkpt>
      <trkpt lat="40.613267" lon="-0.007817">
        <ele>771.4</ele>
        <time>2015-07-30T16:12:17Z</time>
      </trkpt>
      <trkpt lat="40.613267" lon="-0.007817">
        <ele>771.4</ele>
        <time>2015-07-30T16:12:17Z</time>
      </trkpt>
      <trkpt lat="40.613267" lon="-0.007817">
        <ele>771.4</ele>
        <time>2015-07-30T16:12:17Z</time>
      </trkpt>
      <trkpt lat="40.613267" lon="-0.007817">
        <ele>771.4</ele>
        <time>2015-07-30T16:12:17Z</time>
      </trkpt>
      <trkpt lat="40.613267" lon="-0.007817">
        <ele>771.4</ele>
        <time>2015-07-30T16:12:17Z</time>
      </trkpt>
      <trkpt lat="40.613301" lon="-0.008050">
        <ele>770.3</ele>
        <time>2015-07-30T16:12:30Z</time>
      </trkpt>
      <trkpt lat="40.613301" lon="-0.008050">
        <ele>770.3</ele>
        <time>2015-07-30T16:12:30Z</time>
      </trkpt>
      <trkpt lat="40.613301" lon="-0.008050">
        <ele>770.3</ele>
        <time>2015-07-30T16:12:30Z</time>
      </trkpt>
      <trkpt lat="40.613317" lon="-0.008367">
        <ele>768.0</ele>
        <time>2015-07-30T16:12:47Z</time>
      </trkpt>
      <trkpt lat="40.613317" lon="-0.008367">
        <ele>768.0</ele>
        <time>2015-07-30T16:12:47Z</time>
      </trkpt>
      <trkpt lat="40.613317" lon="-0.008367">
        <ele>768.0</ele>
        <time>2015-07-30T16:12:47Z</time>
      </trkpt>
      <trkpt lat="40.613317" lon="-0.008367">
        <ele>768.0</ele>
        <time>2015-07-30T16:12:47Z</time>
      </trkpt>
      <trkpt lat="40.613317" lon="-0.008367">
        <ele>768.0</ele>
        <time>2015-07-30T16:12:47Z</time>
      </trkpt>
      <trkpt lat="40.613317" lon="-0.008367">
        <ele>768.0</ele>
        <time>2015-07-30T16:12:47Z</time>
      </trkpt>
      <trkpt lat="40.613317" lon="-0.008367">
        <ele>768.0</ele>
        <time>2015-07-30T16:12:47Z</time>
      </trkpt>
      <trkpt lat="40.613317" lon="-0.008367">
        <ele>768.0</ele>
        <time>2015-07-30T16:12:47Z</time>
      </trkpt>
      <trkpt lat="40.613317" lon="-0.008367">
        <ele>768.0</ele>
        <time>2015-07-30T16:12:47Z</time>
      </trkpt>
      <trkpt lat="40.613317" lon="-0.008367">
        <ele>768.0</ele>
        <time>2015-07-30T16:12:47Z</time>
      </trkpt>
      <trkpt lat="40.613317" lon="-0.008367">
        <ele>768.0</ele>
        <time>2015-07-30T16:12:47Z</time>
      </trkpt>
      <trkpt lat="40.613317" lon="-0.008367">
        <ele>768.0</ele>
        <time>2015-07-30T16:12:47Z</time>
      </trkpt>
      <trkpt lat="40.613317" lon="-0.008367">
        <ele>768.0</ele>
        <time>2015-07-30T16:12:47Z</time>
      </trkpt>
      <trkpt lat="40.613317" lon="-0.008367">
        <ele>768.0</ele>
        <time>2015-07-30T16:12:47Z</time>
      </trkpt>
      <trkpt lat="40.613317" lon="-0.008367">
        <ele>768.0</ele>
        <time>2015-07-30T16:12:47Z</time>
      </trkpt>
      <trkpt lat="40.613317" lon="-0.008367">
        <ele>768.0</ele>
        <time>2015-07-30T16:12:47Z</time>
      </trkpt>
      <trkpt lat="40.613317" lon="-0.008367">
        <ele>768.0</ele>
        <time>2015-07-30T16:12:47Z</time>
      </trkpt>
      <trkpt lat="40.613317" lon="-0.008367">
        <ele>768.0</ele>
        <time>2015-07-30T16:12:47Z</time>
      </trkpt>
      <trkpt lat="40.613317" lon="-0.008367">
        <ele>768.0</ele>
        <time>2015-07-30T16:12:47Z</time>
      </trkpt>
      <trkpt lat="40.613317" lon="-0.008367">
        <ele>768.0</ele>
        <time>2015-07-30T16:12:47Z</time>
      </trkpt>
      <trkpt lat="40.613317" lon="-0.008367">
        <ele>768.0</ele>
        <time>2015-07-30T16:12:47Z</time>
      </trkpt>
      <trkpt lat="40.613317" lon="-0.008367">
        <ele>768.0</ele>
        <time>2015-07-30T16:12:47Z</time>
      </trkpt>
      <trkpt lat="40.613317" lon="-0.008367">
        <ele>768.0</ele>
        <time>2015-07-30T16:12:47Z</time>
      </trkpt>
      <trkpt lat="40.613317" lon="-0.008367">
        <ele>768.0</ele>
        <time>2015-07-30T16:12:47Z</time>
      </trkpt>
      <trkpt lat="40.613317" lon="-0.008367">
        <ele>768.0</ele>
        <time>2015-07-30T16:12:47Z</time>
      </trkpt>
      <trkpt lat="40.613317" lon="-0.008367">
        <ele>768.0</ele>
        <time>2015-07-30T16:12:47Z</time>
      </trkpt>
      <trkpt lat="40.613317" lon="-0.008367">
        <ele>768.0</ele>
        <time>2015-07-30T16:12:47Z</time>
      </trkpt>
      <trkpt lat="40.613317" lon="-0.008367">
        <ele>768.0</ele>
        <time>2015-07-30T16:12:47Z</time>
      </trkpt>
      <trkpt lat="40.613317" lon="-0.008367">
        <ele>768.0</ele>
        <time>2015-07-30T16:12:47Z</time>
      </trkpt>
      <trkpt lat="40.613317" lon="-0.008367">
        <ele>768.0</ele>
        <time>2015-07-30T16:12:47Z</time>
      </trkpt>
      <trkpt lat="40.613317" lon="-0.008367">
        <ele>768.0</ele>
        <time>2015-07-30T16:12:47Z</time>
      </trkpt>
      <trkpt lat="40.613317" lon="-0.008367">
        <ele>768.0</ele>
        <time>2015-07-30T16:12:47Z</time>
      </trkpt>
      <trkpt lat="40.613317" lon="-0.008367">
        <ele>768.0</ele>
        <time>2015-07-30T16:12:47Z</time>
      </trkpt>
      <trkpt lat="40.613317" lon="-0.008367">
        <ele>768.0</ele>
        <time>2015-07-30T16:12:47Z</time>
      </trkpt>
      <trkpt lat="40.613317" lon="-0.008367">
        <ele>768.0</ele>
        <time>2015-07-30T16:12:47Z</time>
      </trkpt>
      <trkpt lat="40.613317" lon="-0.008367">
        <ele>768.0</ele>
        <time>2015-07-30T16:12:47Z</time>
      </trkpt>
      <trkpt lat="40.613317" lon="-0.008367">
        <ele>768.0</ele>
        <time>2015-07-30T16:12:47Z</time>
      </trkpt>
      <trkpt lat="40.613317" lon="-0.008367">
        <ele>768.0</ele>
        <time>2015-07-30T16:12:47Z</time>
      </trkpt>
      <trkpt lat="40.613317" lon="-0.008367">
        <ele>768.0</ele>
        <time>2015-07-30T16:12:47Z</time>
      </trkpt>
      <trkpt lat="40.613317" lon="-0.008367">
        <ele>768.0</ele>
        <time>2015-07-30T16:12:47Z</time>
      </trkpt>
      <trkpt lat="40.613317" lon="-0.008367">
        <ele>768.0</ele>
        <time>2015-07-30T16:12:47Z</time>
      </trkpt>
      <trkpt lat="40.613317" lon="-0.008367">
        <ele>768.0</ele>
        <time>2015-07-30T16:12:47Z</time>
      </trkpt>
      <trkpt lat="40.613317" lon="-0.008367">
        <ele>768.0</ele>
        <time>2015-07-30T16:12:47Z</time>
      </trkpt>
      <trkpt lat="40.613317" lon="-0.008367">
        <ele>768.0</ele>
        <time>2015-07-30T16:12:47Z</time>
      </trkpt>
      <trkpt lat="40.613317" lon="-0.008367">
        <ele>768.0</ele>
        <time>2015-07-30T16:12:47Z</time>
      </trkpt>
      <trkpt lat="40.613317" lon="-0.008367">
        <ele>768.0</ele>
        <time>2015-07-30T16:12:47Z</time>
      </trkpt>
      <trkpt lat="40.613317" lon="-0.008367">
        <ele>768.0</ele>
        <time>2015-07-30T16:12:47Z</time>
      </trkpt>
      <trkpt lat="40.613317" lon="-0.008367">
        <ele>768.0</ele>
        <time>2015-07-30T16:12:47Z</time>
      </trkpt>
      <trkpt lat="40.613317" lon="-0.008367">
        <ele>768.0</ele>
        <time>2015-07-30T16:12:47Z</time>
      </trkpt>
      <trkpt lat="40.613317" lon="-0.008367">
        <ele>768.0</ele>
        <time>2015-07-30T16:12:47Z</time>
      </trkpt>
      <trkpt lat="40.613317" lon="-0.008367">
        <ele>768.0</ele>
        <time>2015-07-30T16:12:47Z</time>
      </trkpt>
      <trkpt lat="40.613317" lon="-0.008367">
        <ele>768.0</ele>
        <time>2015-07-30T16:12:47Z</time>
      </trkpt>
      <trkpt lat="40.613317" lon="-0.008367">
        <ele>768.0</ele>
        <time>2015-07-30T16:12:47Z</time>
      </trkpt>
      <trkpt lat="40.613317" lon="-0.008367">
        <ele>768.0</ele>
        <time>2015-07-30T16:12:47Z</time>
      </trkpt>
      <trkpt lat="40.613317" lon="-0.008367">
        <ele>768.0</ele>
        <time>2015-07-30T16:12:47Z</time>
      </trkpt>
      <trkpt lat="40.613317" lon="-0.008367">
        <ele>768.0</ele>
        <time>2015-07-30T16:12:47Z</time>
      </trkpt>
      <trkpt lat="40.613317" lon="-0.008367">
        <ele>768.0</ele>
        <time>2015-07-30T16:12:47Z</time>
      </trkpt>
      <trkpt lat="40.613317" lon="-0.008367">
        <ele>768.0</ele>
        <time>2015-07-30T16:12:47Z</time>
      </trkpt>
      <trkpt lat="40.613317" lon="-0.008367">
        <ele>768.0</ele>
        <time>2015-07-30T16:12:47Z</time>
      </trkpt>
      <trkpt lat="40.613317" lon="-0.008367">
        <ele>768.0</ele>
        <time>2015-07-30T16:12:47Z</time>
      </trkpt>
      <trkpt lat="40.613317" lon="-0.008367">
        <ele>768.0</ele>
        <time>2015-07-30T16:12:47Z</time>
      </trkpt>
      <trkpt lat="40.613317" lon="-0.008367">
        <ele>768.0</ele>
        <time>2015-07-30T16:12:47Z</time>
      </trkpt>
      <trkpt lat="40.613317" lon="-0.008367">
        <ele>768.0</ele>
        <time>2015-07-30T16:12:47Z</time>
      </trkpt>
      <trkpt lat="40.613317" lon="-0.008367">
        <ele>768.0</ele>
        <time>2015-07-30T16:12:47Z</time>
      </trkpt>
      <trkpt lat="40.613317" lon="-0.008367">
        <ele>768.0</ele>
        <time>2015-07-30T16:12:47Z</time>
      </trkpt>
      <trkpt lat="40.613317" lon="-0.008367">
        <ele>768.0</ele>
        <time>2015-07-30T16:12:47Z</time>
      </trkpt>
      <trkpt lat="40.613317" lon="-0.008367">
        <ele>768.0</ele>
        <time>2015-07-30T16:12:47Z</time>
      </trkpt>
      <trkpt lat="40.613317" lon="-0.008367">
        <ele>768.0</ele>
        <time>2015-07-30T16:12:47Z</time>
      </trkpt>
      <trkpt lat="40.613317" lon="-0.008367">
        <ele>768.0</ele>
        <time>2015-07-30T16:12:47Z</time>
      </trkpt>
      <trkpt lat="40.613317" lon="-0.008367">
        <ele>768.0</ele>
        <time>2015-07-30T16:12:47Z</time>
      </trkpt>
      <trkpt lat="40.613317" lon="-0.008367">
        <ele>768.0</ele>
        <time>2015-07-30T16:12:47Z</time>
      </trkpt>
      <trkpt lat="40.613317" lon="-0.008367">
        <ele>768.0</ele>
        <time>2015-07-30T16:12:47Z</time>
      </trkpt>
      <trkpt lat="40.613317" lon="-0.008367">
        <ele>768.0</ele>
        <time>2015-07-30T16:12:47Z</time>
      </trkpt>
      <trkpt lat="40.613317" lon="-0.008367">
        <ele>768.0</ele>
        <time>2015-07-30T16:12:47Z</time>
      </trkpt>
      <trkpt lat="40.613317" lon="-0.008367">
        <ele>768.0</ele>
        <time>2015-07-30T16:12:47Z</time>
      </trkpt>
      <trkpt lat="40.613317" lon="-0.008367">
        <ele>768.0</ele>
        <time>2015-07-30T16:12:47Z</time>
      </trkpt>
      <trkpt lat="40.613317" lon="-0.008367">
        <ele>768.0</ele>
        <time>2015-07-30T16:12:47Z</time>
      </trkpt>
      <trkpt lat="40.613317" lon="-0.008367">
        <ele>768.0</ele>
        <time>2015-07-30T16:12:47Z</time>
      </trkpt>
      <trkpt lat="40.613317" lon="-0.008367">
        <ele>768.0</ele>
        <time>2015-07-30T16:12:47Z</time>
      </trkpt>
      <trkpt lat="40.613317" lon="-0.008367">
        <ele>768.0</ele>
        <time>2015-07-30T16:12:47Z</time>
      </trkpt>
      <trkpt lat="40.613317" lon="-0.008367">
        <ele>768.0</ele>
        <time>2015-07-30T16:12:47Z</time>
      </trkpt>
      <trkpt lat="40.613317" lon="-0.008367">
        <ele>768.0</ele>
        <time>2015-07-30T16:12:47Z</time>
      </trkpt>
      <trkpt lat="40.613317" lon="-0.008367">
        <ele>768.0</ele>
        <time>2015-07-30T16:12:47Z</time>
      </trkpt>
      <trkpt lat="40.613317" lon="-0.008367">
        <ele>768.0</ele>
        <time>2015-07-30T16:12:47Z</time>
      </trkpt>
      <trkpt lat="40.613317" lon="-0.008367">
        <ele>768.0</ele>
        <time>2015-07-30T16:12:47Z</time>
      </trkpt>
      <trkpt lat="40.613317" lon="-0.008367">
        <ele>768.0</ele>
        <time>2015-07-30T16:12:47Z</time>
      </trkpt>
      <trkpt lat="40.613317" lon="-0.008400">
        <ele>767.9</ele>
        <time>2015-07-30T16:12:49Z</time>
      </trkpt>
      <trkpt lat="40.613333" lon="-0.008417">
        <ele>768.0</ele>
        <time>2015-07-30T16:12:51Z</time>
      </trkpt>
      <trkpt lat="40.613333" lon="-0.008433">
        <ele>768.1</ele>
        <time>2015-07-30T16:12:52Z</time>
      </trkpt>
      <trkpt lat="40.613350" lon="-0.008467">
        <ele>768.0</ele>
        <time>2015-07-30T16:12:54Z</time>
      </trkpt>
      <trkpt lat="40.613433" lon="-0.008783">
        <ele>771.2</ele>
        <time>2015-07-30T16:13:12Z</time>
      </trkpt>
      <trkpt lat="40.613433" lon="-0.008783">
        <ele>771.2</ele>
        <time>2015-07-30T16:13:12Z</time>
      </trkpt>
      <trkpt lat="40.613433" lon="-0.008783">
        <ele>771.2</ele>
        <time>2015-07-30T16:13:12Z</time>
      </trkpt>
      <trkpt lat="40.613433" lon="-0.008783">
        <ele>771.2</ele>
        <time>2015-07-30T16:13:12Z</time>
      </trkpt>
      <trkpt lat="40.613433" lon="-0.008783">
        <ele>771.2</ele>
        <time>2015-07-30T16:13:12Z</time>
      </trkpt>
      <trkpt lat="40.613433" lon="-0.008783">
        <ele>771.2</ele>
        <time>2015-07-30T16:13:12Z</time>
      </trkpt>
      <trkpt lat="40.613433" lon="-0.008783">
        <ele>771.2</ele>
        <time>2015-07-30T16:13:12Z</time>
      </trkpt>
      <trkpt lat="40.613433" lon="-0.008783">
        <ele>771.2</ele>
        <time>2015-07-30T16:13:12Z</time>
      </trkpt>
      <trkpt lat="40.613433" lon="-0.008783">
        <ele>771.2</ele>
        <time>2015-07-30T16:13:12Z</time>
      </trkpt>
      <trkpt lat="40.613433" lon="-0.008783">
        <ele>771.2</ele>
        <time>2015-07-30T16:13:12Z</time>
      </trkpt>
      <trkpt lat="40.613433" lon="-0.008783">
        <ele>771.2</ele>
        <time>2015-07-30T16:13:12Z</time>
      </trkpt>
      <trkpt lat="40.613433" lon="-0.008783">
        <ele>771.2</ele>
        <time>2015-07-30T16:13:12Z</time>
      </trkpt>
      <trkpt lat="40.613433" lon="-0.008783">
        <ele>771.2</ele>
        <time>2015-07-30T16:13:12Z</time>
      </trkpt>
      <trkpt lat="40.613433" lon="-0.008783">
        <ele>771.2</ele>
        <time>2015-07-30T16:13:12Z</time>
      </trkpt>
      <trkpt lat="40.613433" lon="-0.008783">
        <ele>771.2</ele>
        <time>2015-07-30T16:13:12Z</time>
      </trkpt>
      <trkpt lat="40.613433" lon="-0.008783">
        <ele>771.2</ele>
        <time>2015-07-30T16:13:12Z</time>
      </trkpt>
      <trkpt lat="40.613433" lon="-0.008783">
        <ele>771.2</ele>
        <time>2015-07-30T16:13:12Z</time>
      </trkpt>
      <trkpt lat="40.613433" lon="-0.008783">
        <ele>771.2</ele>
        <time>2015-07-30T16:13:12Z</time>
      </trkpt>
      <trkpt lat="40.613433" lon="-0.008783">
        <ele>771.2</ele>
        <time>2015-07-30T16:13:12Z</time>
      </trkpt>
      <trkpt lat="40.613433" lon="-0.008783">
        <ele>771.2</ele>
        <time>2015-07-30T16:13:12Z</time>
      </trkpt>
      <trkpt lat="40.613433" lon="-0.008783">
        <ele>771.2</ele>
        <time>2015-07-30T16:13:12Z</time>
      </trkpt>
      <trkpt lat="40.613433" lon="-0.008783">
        <ele>771.2</ele>
        <time>2015-07-30T16:13:12Z</time>
      </trkpt>
      <trkpt lat="40.613433" lon="-0.008783">
        <ele>771.2</ele>
        <time>2015-07-30T16:13:12Z</time>
      </trkpt>
      <trkpt lat="40.613433" lon="-0.008783">
        <ele>771.2</ele>
        <time>2015-07-30T16:13:12Z</time>
      </trkpt>
      <trkpt lat="40.613433" lon="-0.008783">
        <ele>771.2</ele>
        <time>2015-07-30T16:13:12Z</time>
      </trkpt>
      <trkpt lat="40.613433" lon="-0.008783">
        <ele>771.2</ele>
        <time>2015-07-30T16:13:12Z</time>
      </trkpt>
      <trkpt lat="40.613433" lon="-0.008783">
        <ele>771.2</ele>
        <time>2015-07-30T16:13:12Z</time>
      </trkpt>
      <trkpt lat="40.613433" lon="-0.008783">
        <ele>771.2</ele>
        <time>2015-07-30T16:13:12Z</time>
      </trkpt>
      <trkpt lat="40.613433" lon="-0.008783">
        <ele>771.2</ele>
        <time>2015-07-30T16:13:12Z</time>
      </trkpt>
      <trkpt lat="40.613433" lon="-0.008783">
        <ele>771.2</ele>
        <time>2015-07-30T16:13:12Z</time>
      </trkpt>
      <trkpt lat="40.613433" lon="-0.008783">
        <ele>771.2</ele>
        <time>2015-07-30T16:13:12Z</time>
      </trkpt>
      <trkpt lat="40.613433" lon="-0.008800">
        <ele>772.0</ele>
        <time>2015-07-30T16:13:13Z</time>
      </trkpt>
      <trkpt lat="40.613433" lon="-0.008800">
        <ele>772.0</ele>
        <time>2015-07-30T16:13:13Z</time>
      </trkpt>
      <trkpt lat="40.613483" lon="-0.008917">
        <ele>775.3</ele>
        <time>2015-07-30T16:13:21Z</time>
      </trkpt>
      <trkpt lat="40.613550" lon="-0.009133">
        <ele>780.6</ele>
        <time>2015-07-30T16:13:33Z</time>
      </trkpt>
      <trkpt lat="40.613550" lon="-0.009133">
        <ele>780.6</ele>
        <time>2015-07-30T16:13:33Z</time>
      </trkpt>
      <trkpt lat="40.613550" lon="-0.009133">
        <ele>780.6</ele>
        <time>2015-07-30T16:13:33Z</time>
      </trkpt>
      <trkpt lat="40.613550" lon="-0.009133">
        <ele>780.6</ele>
        <time>2015-07-30T16:13:33Z</time>
      </trkpt>
      <trkpt lat="40.613567" lon="-0.009167">
        <ele>780.9</ele>
        <time>2015-07-30T16:13:36Z</time>
      </trkpt>
      <trkpt lat="40.613583" lon="-0.009217">
        <ele>782.1</ele>
        <time>2015-07-30T16:13:39Z</time>
      </trkpt>
      <trkpt lat="40.613600" lon="-0.009283">
        <ele>783.6</ele>
        <time>2015-07-30T16:13:43Z</time>
      </trkpt>
      <trkpt lat="40.613617" lon="-0.009367">
        <ele>786.1</ele>
        <time>2015-07-30T16:13:47Z</time>
      </trkpt>
      <trkpt lat="40.613617" lon="-0.009367">
        <ele>786.1</ele>
        <time>2015-07-30T16:13:47Z</time>
      </trkpt>
      <trkpt lat="40.613617" lon="-0.009367">
        <ele>786.1</ele>
        <time>2015-07-30T16:13:47Z</time>
      </trkpt>
      <trkpt lat="40.613617" lon="-0.009367">
        <ele>786.1</ele>
        <time>2015-07-30T16:13:47Z</time>
      </trkpt>
      <trkpt lat="40.613617" lon="-0.009367">
        <ele>786.1</ele>
        <time>2015-07-30T16:13:47Z</time>
      </trkpt>
      <trkpt lat="40.613617" lon="-0.009367">
        <ele>786.1</ele>
        <time>2015-07-30T16:13:47Z</time>
      </trkpt>
      <trkpt lat="40.613617" lon="-0.009367">
        <ele>786.1</ele>
        <time>2015-07-30T16:13:47Z</time>
      </trkpt>
      <trkpt lat="40.613617" lon="-0.009367">
        <ele>786.1</ele>
        <time>2015-07-30T16:13:47Z</time>
      </trkpt>
      <trkpt lat="40.613617" lon="-0.009367">
        <ele>786.1</ele>
        <time>2015-07-30T16:13:47Z</time>
      </trkpt>
      <trkpt lat="40.613617" lon="-0.009367">
        <ele>786.1</ele>
        <time>2015-07-30T16:13:47Z</time>
      </trkpt>
      <trkpt lat="40.613617" lon="-0.009367">
        <ele>786.1</ele>
        <time>2015-07-30T16:13:47Z</time>
      </trkpt>
      <trkpt lat="40.613650" lon="-0.009500">
        <ele>790.3</ele>
        <time>2015-07-30T16:13:55Z</time>
      </trkpt>
      <trkpt lat="40.613650" lon="-0.009567">
        <ele>792.5</ele>
        <time>2015-07-30T16:13:59Z</time>
      </trkpt>
      <trkpt lat="40.613650" lon="-0.009633">
        <ele>793.9</ele>
        <time>2015-07-30T16:14:02Z</time>
      </trkpt>
      <trkpt lat="40.613650" lon="-0.009633">
        <ele>793.9</ele>
        <time>2015-07-30T16:14:02Z</time>
      </trkpt>
      <trkpt lat="40.613650" lon="-0.009633">
        <ele>793.9</ele>
        <time>2015-07-30T16:14:02Z</time>
      </trkpt>
      <trkpt lat="40.613650" lon="-0.009633">
        <ele>793.9</ele>
        <time>2015-07-30T16:14:02Z</time>
      </trkpt>
      <trkpt lat="40.613650" lon="-0.009633">
        <ele>793.9</ele>
        <time>2015-07-30T16:14:02Z</time>
      </trkpt>
      <trkpt lat="40.613650" lon="-0.009633">
        <ele>793.9</ele>
        <time>2015-07-30T16:14:02Z</time>
      </trkpt>
      <trkpt lat="40.613650" lon="-0.009633">
        <ele>793.9</ele>
        <time>2015-07-30T16:14:02Z</time>
      </trkpt>
      <trkpt lat="40.613650" lon="-0.009633">
        <ele>793.9</ele>
        <time>2015-07-30T16:14:02Z</time>
      </trkpt>
      <trkpt lat="40.613650" lon="-0.009633">
        <ele>793.9</ele>
        <time>2015-07-30T16:14:02Z</time>
      </trkpt>
      <trkpt lat="40.613650" lon="-0.009633">
        <ele>793.9</ele>
        <time>2015-07-30T16:14:02Z</time>
      </trkpt>
      <trkpt lat="40.613650" lon="-0.009633">
        <ele>793.9</ele>
        <time>2015-07-30T16:14:02Z</time>
      </trkpt>
      <trkpt lat="40.613650" lon="-0.009633">
        <ele>793.9</ele>
        <time>2015-07-30T16:14:02Z</time>
      </trkpt>
      <trkpt lat="40.613650" lon="-0.009633">
        <ele>793.9</ele>
        <time>2015-07-30T16:14:02Z</time>
      </trkpt>
      <trkpt lat="40.613650" lon="-0.009633">
        <ele>793.9</ele>
        <time>2015-07-30T16:14:02Z</time>
      </trkpt>
      <trkpt lat="40.613650" lon="-0.009633">
        <ele>793.9</ele>
        <time>2015-07-30T16:14:02Z</time>
      </trkpt>
      <trkpt lat="40.613650" lon="-0.009633">
        <ele>793.9</ele>
        <time>2015-07-30T16:14:02Z</time>
      </trkpt>
      <trkpt lat="40.613650" lon="-0.009633">
        <ele>793.9</ele>
        <time>2015-07-30T16:14:02Z</time>
      </trkpt>
      <trkpt lat="40.613650" lon="-0.009633">
        <ele>793.9</ele>
        <time>2015-07-30T16:14:02Z</time>
      </trkpt>
      <trkpt lat="40.613650" lon="-0.009633">
        <ele>793.9</ele>
        <time>2015-07-30T16:14:02Z</time>
      </trkpt>
      <trkpt lat="40.613650" lon="-0.009633">
        <ele>793.9</ele>
        <time>2015-07-30T16:14:02Z</time>
      </trkpt>
      <trkpt lat="40.613650" lon="-0.009633">
        <ele>793.9</ele>
        <time>2015-07-30T16:14:02Z</time>
      </trkpt>
      <trkpt lat="40.613650" lon="-0.009633">
        <ele>793.9</ele>
        <time>2015-07-30T16:14:02Z</time>
      </trkpt>
      <trkpt lat="40.613650" lon="-0.009633">
        <ele>793.9</ele>
        <time>2015-07-30T16:14:02Z</time>
      </trkpt>
      <trkpt lat="40.613650" lon="-0.009633">
        <ele>793.9</ele>
        <time>2015-07-30T16:14:02Z</time>
      </trkpt>
      <trkpt lat="40.613650" lon="-0.009633">
        <ele>793.9</ele>
        <time>2015-07-30T16:14:02Z</time>
      </trkpt>
      <trkpt lat="40.613650" lon="-0.009633">
        <ele>793.9</ele>
        <time>2015-07-30T16:14:02Z</time>
      </trkpt>
      <trkpt lat="40.613650" lon="-0.009633">
        <ele>793.9</ele>
        <time>2015-07-30T16:14:02Z</time>
      </trkpt>
      <trkpt lat="40.613650" lon="-0.009633">
        <ele>793.9</ele>
        <time>2015-07-30T16:14:02Z</time>
      </trkpt>
      <trkpt lat="40.613650" lon="-0.009633">
        <ele>793.9</ele>
        <time>2015-07-30T16:14:02Z</time>
      </trkpt>
      <trkpt lat="40.613650" lon="-0.009633">
        <ele>793.9</ele>
        <time>2015-07-30T16:14:02Z</time>
      </trkpt>
      <trkpt lat="40.613650" lon="-0.009633">
        <ele>793.9</ele>
        <time>2015-07-30T16:14:02Z</time>
      </trkpt>
      <trkpt lat="40.613650" lon="-0.009633">
        <ele>793.9</ele>
        <time>2015-07-30T16:14:02Z</time>
      </trkpt>
      <trkpt lat="40.613650" lon="-0.009633">
        <ele>793.9</ele>
        <time>2015-07-30T16:14:02Z</time>
      </trkpt>
      <trkpt lat="40.613650" lon="-0.009633">
        <ele>793.9</ele>
        <time>2015-07-30T16:14:02Z</time>
      </trkpt>
      <trkpt lat="40.613650" lon="-0.009633">
        <ele>793.9</ele>
        <time>2015-07-30T16:14:02Z</time>
      </trkpt>
      <trkpt lat="40.613650" lon="-0.009633">
        <ele>793.9</ele>
        <time>2015-07-30T16:14:02Z</time>
      </trkpt>
      <trkpt lat="40.613650" lon="-0.009633">
        <ele>793.9</ele>
        <time>2015-07-30T16:14:02Z</time>
      </trkpt>
      <trkpt lat="40.613650" lon="-0.009633">
        <ele>793.9</ele>
        <time>2015-07-30T16:14:02Z</time>
      </trkpt>
      <trkpt lat="40.613650" lon="-0.009633">
        <ele>793.9</ele>
        <time>2015-07-30T16:14:02Z</time>
      </trkpt>
      <trkpt lat="40.613650" lon="-0.009633">
        <ele>793.9</ele>
        <time>2015-07-30T16:14:02Z</time>
      </trkpt>
      <trkpt lat="40.613650" lon="-0.009633">
        <ele>793.9</ele>
        <time>2015-07-30T16:14:02Z</time>
      </trkpt>
      <trkpt lat="40.613650" lon="-0.009633">
        <ele>793.9</ele>
        <time>2015-07-30T16:14:02Z</time>
      </trkpt>
      <trkpt lat="40.613650" lon="-0.009633">
        <ele>793.9</ele>
        <time>2015-07-30T16:14:02Z</time>
      </trkpt>
      <trkpt lat="40.613650" lon="-0.009633">
        <ele>793.9</ele>
        <time>2015-07-30T16:14:02Z</time>
      </trkpt>
      <trkpt lat="40.613650" lon="-0.009633">
        <ele>793.9</ele>
        <time>2015-07-30T16:14:02Z</time>
      </trkpt>
      <trkpt lat="40.613650" lon="-0.009633">
        <ele>793.9</ele>
        <time>2015-07-30T16:14:02Z</time>
      </trkpt>
      <trkpt lat="40.613650" lon="-0.009633">
        <ele>793.9</ele>
        <time>2015-07-30T16:14:02Z</time>
      </trkpt>
      <trkpt lat="40.613650" lon="-0.009633">
        <ele>793.9</ele>
        <time>2015-07-30T16:14:02Z</time>
      </trkpt>
      <trkpt lat="40.613650" lon="-0.009633">
        <ele>793.9</ele>
        <time>2015-07-30T16:14:02Z</time>
      </trkpt>
      <trkpt lat="40.613650" lon="-0.009633">
        <ele>793.9</ele>
        <time>2015-07-30T16:14:02Z</time>
      </trkpt>
      <trkpt lat="40.613650" lon="-0.009633">
        <ele>793.9</ele>
        <time>2015-07-30T16:14:02Z</time>
      </trkpt>
      <trkpt lat="40.613650" lon="-0.009633">
        <ele>793.9</ele>
        <time>2015-07-30T16:14:02Z</time>
      </trkpt>
      <trkpt lat="40.613650" lon="-0.009633">
        <ele>793.9</ele>
        <time>2015-07-30T16:14:02Z</time>
      </trkpt>
      <trkpt lat="40.613650" lon="-0.009633">
        <ele>793.9</ele>
        <time>2015-07-30T16:14:02Z</time>
      </trkpt>
      <trkpt lat="40.613650" lon="-0.009633">
        <ele>793.9</ele>
        <time>2015-07-30T16:14:02Z</time>
      </trkpt>
      <trkpt lat="40.613650" lon="-0.009633">
        <ele>793.9</ele>
        <time>2015-07-30T16:14:02Z</time>
      </trkpt>
      <trkpt lat="40.613650" lon="-0.009633">
        <ele>793.9</ele>
        <time>2015-07-30T16:14:02Z</time>
      </trkpt>
      <trkpt lat="40.613650" lon="-0.009633">
        <ele>793.9</ele>
        <time>2015-07-30T16:14:02Z</time>
      </trkpt>
      <trkpt lat="40.613650" lon="-0.009633">
        <ele>793.9</ele>
        <time>2015-07-30T16:14:02Z</time>
      </trkpt>
      <trkpt lat="40.613650" lon="-0.009633">
        <ele>793.9</ele>
        <time>2015-07-30T16:14:02Z</time>
      </trkpt>
      <trkpt lat="40.613650" lon="-0.009633">
        <ele>793.9</ele>
        <time>2015-07-30T16:14:02Z</time>
      </trkpt>
      <trkpt lat="40.613650" lon="-0.009633">
        <ele>793.9</ele>
        <time>2015-07-30T16:14:02Z</time>
      </trkpt>
      <trkpt lat="40.613650" lon="-0.009633">
        <ele>793.9</ele>
        <time>2015-07-30T16:14:02Z</time>
      </trkpt>
      <trkpt lat="40.613650" lon="-0.009633">
        <ele>793.9</ele>
        <time>2015-07-30T16:14:02Z</time>
      </trkpt>
      <trkpt lat="40.613667" lon="-0.009650">
        <ele>794.0</ele>
        <time>2015-07-30T16:14:04Z</time>
      </trkpt>
      <trkpt lat="40.613667" lon="-0.009717">
        <ele>795.1</ele>
        <time>2015-07-30T16:14:08Z</time>
      </trkpt>
      <trkpt lat="40.613683" lon="-0.009767">
        <ele>796.0</ele>
        <time>2015-07-30T16:14:11Z</time>
      </trkpt>
      <trkpt lat="40.613683" lon="-0.009783">
        <ele>796.4</ele>
        <time>2015-07-30T16:14:12Z</time>
      </trkpt>
      <trkpt lat="40.613700" lon="-0.009833">
        <ele>797.2</ele>
        <time>2015-07-30T16:14:15Z</time>
      </trkpt>
      <trkpt lat="40.613733" lon="-0.009917">
        <ele>798.7</ele>
        <time>2015-07-30T16:14:20Z</time>
      </trkpt>
      <trkpt lat="40.613733" lon="-0.009950">
        <ele>799.1</ele>
        <time>2015-07-30T16:14:22Z</time>
      </trkpt>
      <trkpt lat="40.613733" lon="-0.009950">
        <ele>799.1</ele>
        <time>2015-07-30T16:14:22Z</time>
      </trkpt>
      <trkpt lat="40.613733" lon="-0.009950">
        <ele>799.1</ele>
        <time>2015-07-30T16:14:22Z</time>
      </trkpt>
      <trkpt lat="40.613733" lon="-0.009950">
        <ele>799.1</ele>
        <time>2015-07-30T16:14:22Z</time>
      </trkpt>
      <trkpt lat="40.613733" lon="-0.009950">
        <ele>799.1</ele>
        <time>2015-07-30T16:14:22Z</time>
      </trkpt>
      <trkpt lat="40.613733" lon="-0.009950">
        <ele>799.1</ele>
        <time>2015-07-30T16:14:22Z</time>
      </trkpt>
      <trkpt lat="40.613733" lon="-0.009950">
        <ele>799.1</ele>
        <time>2015-07-30T16:14:22Z</time>
      </trkpt>
      <trkpt lat="40.613733" lon="-0.009950">
        <ele>799.1</ele>
        <time>2015-07-30T16:14:22Z</time>
      </trkpt>
      <trkpt lat="40.613733" lon="-0.009950">
        <ele>799.1</ele>
        <time>2015-07-30T16:14:22Z</time>
      </trkpt>
      <trkpt lat="40.613733" lon="-0.009950">
        <ele>799.1</ele>
        <time>2015-07-30T16:14:22Z</time>
      </trkpt>
      <trkpt lat="40.613733" lon="-0.009950">
        <ele>799.1</ele>
        <time>2015-07-30T16:14:22Z</time>
      </trkpt>
      <trkpt lat="40.613733" lon="-0.009950">
        <ele>799.1</ele>
        <time>2015-07-30T16:14:22Z</time>
      </trkpt>
      <trkpt lat="40.613733" lon="-0.009950">
        <ele>799.1</ele>
        <time>2015-07-30T16:14:22Z</time>
      </trkpt>
      <trkpt lat="40.613733" lon="-0.009950">
        <ele>799.1</ele>
        <time>2015-07-30T16:14:22Z</time>
      </trkpt>
      <trkpt lat="40.613733" lon="-0.009967">
        <ele>799.2</ele>
        <time>2015-07-30T16:14:23Z</time>
      </trkpt>
      <trkpt lat="40.613717" lon="-0.010017">
        <ele>799.8</ele>
        <time>2015-07-30T16:14:26Z</time>
      </trkpt>
      <trkpt lat="40.613717" lon="-0.010050">
        <ele>800.2</ele>
        <time>2015-07-30T16:14:27Z</time>
      </trkpt>
      <trkpt lat="40.613733" lon="-0.010083">
        <ele>800.7</ele>
        <time>2015-07-30T16:14:30Z</time>
      </trkpt>
      <trkpt lat="40.613733" lon="-0.010117">
        <ele>801.2</ele>
        <time>2015-07-30T16:14:31Z</time>
      </trkpt>
      <trkpt lat="40.613717" lon="-0.010150">
        <ele>801.7</ele>
        <time>2015-07-30T16:14:34Z</time>
      </trkpt>
      <trkpt lat="40.613617" lon="-0.010250">
        <ele>804.1</ele>
        <time>2015-07-30T16:14:43Z</time>
      </trkpt>
      <trkpt lat="40.613583" lon="-0.010267">
        <ele>804.7</ele>
        <time>2015-07-30T16:14:45Z</time>
      </trkpt>
      <trkpt lat="40.613567" lon="-0.010283">
        <ele>805.0</ele>
        <time>2015-07-30T16:14:47Z</time>
      </trkpt>
      <trkpt lat="40.613533" lon="-0.010283">
        <ele>805.8</ele>
        <time>2015-07-30T16:14:49Z</time>
      </trkpt>
      <trkpt lat="40.613483" lon="-0.010317">
        <ele>808.1</ele>
        <time>2015-07-30T16:14:53Z</time>
      </trkpt>
      <trkpt lat="40.613483" lon="-0.010317">
        <ele>808.1</ele>
        <time>2015-07-30T16:14:53Z</time>
      </trkpt>
      <trkpt lat="40.613483" lon="-0.010317">
        <ele>808.1</ele>
        <time>2015-07-30T16:14:53Z</time>
      </trkpt>
      <trkpt lat="40.613483" lon="-0.010317">
        <ele>808.1</ele>
        <time>2015-07-30T16:14:53Z</time>
      </trkpt>
      <trkpt lat="40.613483" lon="-0.010317">
        <ele>808.1</ele>
        <time>2015-07-30T16:14:53Z</time>
      </trkpt>
      <trkpt lat="40.613467" lon="-0.010317">
        <ele>808.6</ele>
        <time>2015-07-30T16:14:55Z</time>
      </trkpt>
      <trkpt lat="40.613467" lon="-0.010333">
        <ele>809.0</ele>
        <time>2015-07-30T16:14:56Z</time>
      </trkpt>
      <trkpt lat="40.613467" lon="-0.010333">
        <ele>809.0</ele>
        <time>2015-07-30T16:14:56Z</time>
      </trkpt>
      <trkpt lat="40.613450" lon="-0.010333">
        <ele>809.7</ele>
        <time>2015-07-30T16:14:57Z</time>
      </trkpt>
      <trkpt lat="40.613450" lon="-0.010333">
        <ele>809.7</ele>
        <time>2015-07-30T16:14:57Z</time>
      </trkpt>
      <trkpt lat="40.613450" lon="-0.010333">
        <ele>809.7</ele>
        <time>2015-07-30T16:14:57Z</time>
      </trkpt>
      <trkpt lat="40.613450" lon="-0.010333">
        <ele>809.7</ele>
        <time>2015-07-30T16:14:57Z</time>
      </trkpt>
      <trkpt lat="40.613450" lon="-0.010333">
        <ele>809.7</ele>
        <time>2015-07-30T16:14:57Z</time>
      </trkpt>
      <trkpt lat="40.613450" lon="-0.010333">
        <ele>809.7</ele>
        <time>2015-07-30T16:14:57Z</time>
      </trkpt>
      <trkpt lat="40.613450" lon="-0.010333">
        <ele>809.7</ele>
        <time>2015-07-30T16:14:57Z</time>
      </trkpt>
      <trkpt lat="40.613450" lon="-0.010333">
        <ele>809.7</ele>
        <time>2015-07-30T16:14:57Z</time>
      </trkpt>
      <trkpt lat="40.613450" lon="-0.010333">
        <ele>809.7</ele>
        <time>2015-07-30T16:14:57Z</time>
      </trkpt>
      <trkpt lat="40.613450" lon="-0.010333">
        <ele>809.7</ele>
        <time>2015-07-30T16:14:57Z</time>
      </trkpt>
      <trkpt lat="40.613450" lon="-0.010333">
        <ele>809.7</ele>
        <time>2015-07-30T16:14:57Z</time>
      </trkpt>
      <trkpt lat="40.613450" lon="-0.010333">
        <ele>809.7</ele>
        <time>2015-07-30T16:14:57Z</time>
      </trkpt>
      <trkpt lat="40.613450" lon="-0.010350">
        <ele>810.2</ele>
        <time>2015-07-30T16:14:58Z</time>
      </trkpt>
      <trkpt lat="40.613467" lon="-0.010433">
        <ele>809.3</ele>
        <time>2015-07-30T16:15:02Z</time>
      </trkpt>
      <trkpt lat="40.613467" lon="-0.010517">
        <ele>808.7</ele>
        <time>2015-07-30T16:15:07Z</time>
      </trkpt>
      <trkpt lat="40.613467" lon="-0.010517">
        <ele>808.7</ele>
        <time>2015-07-30T16:15:07Z</time>
      </trkpt>
      <trkpt lat="40.613467" lon="-0.010517">
        <ele>808.7</ele>
        <time>2015-07-30T16:15:07Z</time>
      </trkpt>
      <trkpt lat="40.613467" lon="-0.010517">
        <ele>808.7</ele>
        <time>2015-07-30T16:15:07Z</time>
      </trkpt>
      <trkpt lat="40.613467" lon="-0.010517">
        <ele>808.7</ele>
        <time>2015-07-30T16:15:07Z</time>
      </trkpt>
      <trkpt lat="40.613467" lon="-0.010517">
        <ele>808.7</ele>
        <time>2015-07-30T16:15:07Z</time>
      </trkpt>
      <trkpt lat="40.613467" lon="-0.010517">
        <ele>808.7</ele>
        <time>2015-07-30T16:15:07Z</time>
      </trkpt>
      <trkpt lat="40.613467" lon="-0.010517">
        <ele>808.7</ele>
        <time>2015-07-30T16:15:07Z</time>
      </trkpt>
      <trkpt lat="40.613467" lon="-0.010517">
        <ele>808.7</ele>
        <time>2015-07-30T16:15:07Z</time>
      </trkpt>
      <trkpt lat="40.613467" lon="-0.010517">
        <ele>808.7</ele>
        <time>2015-07-30T16:15:07Z</time>
      </trkpt>
      <trkpt lat="40.613467" lon="-0.010517">
        <ele>808.7</ele>
        <time>2015-07-30T16:15:07Z</time>
      </trkpt>
      <trkpt lat="40.613467" lon="-0.010517">
        <ele>808.7</ele>
        <time>2015-07-30T16:15:07Z</time>
      </trkpt>
      <trkpt lat="40.613467" lon="-0.010517">
        <ele>808.7</ele>
        <time>2015-07-30T16:15:07Z</time>
      </trkpt>
      <trkpt lat="40.613467" lon="-0.010517">
        <ele>808.7</ele>
        <time>2015-07-30T16:15:07Z</time>
      </trkpt>
      <trkpt lat="40.613467" lon="-0.010517">
        <ele>808.7</ele>
        <time>2015-07-30T16:15:07Z</time>
      </trkpt>
      <trkpt lat="40.613467" lon="-0.010517">
        <ele>808.7</ele>
        <time>2015-07-30T16:15:07Z</time>
      </trkpt>
      <trkpt lat="40.613467" lon="-0.010517">
        <ele>808.7</ele>
        <time>2015-07-30T16:15:07Z</time>
      </trkpt>
      <trkpt lat="40.613467" lon="-0.010517">
        <ele>808.7</ele>
        <time>2015-07-30T16:15:07Z</time>
      </trkpt>
      <trkpt lat="40.613467" lon="-0.010517">
        <ele>808.7</ele>
        <time>2015-07-30T16:15:07Z</time>
      </trkpt>
      <trkpt lat="40.613467" lon="-0.010517">
        <ele>808.7</ele>
        <time>2015-07-30T16:15:07Z</time>
      </trkpt>
      <trkpt lat="40.613467" lon="-0.010517">
        <ele>808.7</ele>
        <time>2015-07-30T16:15:07Z</time>
      </trkpt>
      <trkpt lat="40.613467" lon="-0.010517">
        <ele>808.7</ele>
        <time>2015-07-30T16:15:07Z</time>
      </trkpt>
      <trkpt lat="40.613467" lon="-0.010517">
        <ele>808.7</ele>
        <time>2015-07-30T16:15:07Z</time>
      </trkpt>
      <trkpt lat="40.613467" lon="-0.010517">
        <ele>808.7</ele>
        <time>2015-07-30T16:15:07Z</time>
      </trkpt>
      <trkpt lat="40.613467" lon="-0.010517">
        <ele>808.7</ele>
        <time>2015-07-30T16:15:07Z</time>
      </trkpt>
      <trkpt lat="40.613467" lon="-0.010517">
        <ele>808.7</ele>
        <time>2015-07-30T16:15:07Z</time>
      </trkpt>
      <trkpt lat="40.613467" lon="-0.010517">
        <ele>808.7</ele>
        <time>2015-07-30T16:15:07Z</time>
      </trkpt>
      <trkpt lat="40.613467" lon="-0.010517">
        <ele>808.7</ele>
        <time>2015-07-30T16:15:07Z</time>
      </trkpt>
      <trkpt lat="40.613467" lon="-0.010517">
        <ele>808.7</ele>
        <time>2015-07-30T16:15:07Z</time>
      </trkpt>
      <trkpt lat="40.613467" lon="-0.010517">
        <ele>808.7</ele>
        <time>2015-07-30T16:15:07Z</time>
      </trkpt>
      <trkpt lat="40.613467" lon="-0.010517">
        <ele>808.7</ele>
        <time>2015-07-30T16:15:07Z</time>
      </trkpt>
      <trkpt lat="40.613467" lon="-0.010517">
        <ele>808.7</ele>
        <time>2015-07-30T16:15:07Z</time>
      </trkpt>
      <trkpt lat="40.613467" lon="-0.010517">
        <ele>808.7</ele>
        <time>2015-07-30T16:15:07Z</time>
      </trkpt>
      <trkpt lat="40.613467" lon="-0.010517">
        <ele>808.7</ele>
        <time>2015-07-30T16:15:07Z</time>
      </trkpt>
      <trkpt lat="40.613467" lon="-0.010517">
        <ele>808.7</ele>
        <time>2015-07-30T16:15:07Z</time>
      </trkpt>
      <trkpt lat="40.613467" lon="-0.010517">
        <ele>808.7</ele>
        <time>2015-07-30T16:15:07Z</time>
      </trkpt>
      <trkpt lat="40.613467" lon="-0.010517">
        <ele>808.7</ele>
        <time>2015-07-30T16:15:07Z</time>
      </trkpt>
      <trkpt lat="40.613467" lon="-0.010517">
        <ele>808.7</ele>
        <time>2015-07-30T16:15:07Z</time>
      </trkpt>
      <trkpt lat="40.613467" lon="-0.010517">
        <ele>808.7</ele>
        <time>2015-07-30T16:15:07Z</time>
      </trkpt>
      <trkpt lat="40.613467" lon="-0.010517">
        <ele>808.7</ele>
        <time>2015-07-30T16:15:07Z</time>
      </trkpt>
      <trkpt lat="40.613467" lon="-0.010517">
        <ele>808.7</ele>
        <time>2015-07-30T16:15:07Z</time>
      </trkpt>
      <trkpt lat="40.613467" lon="-0.010517">
        <ele>808.7</ele>
        <time>2015-07-30T16:15:07Z</time>
      </trkpt>
      <trkpt lat="40.613467" lon="-0.010517">
        <ele>808.7</ele>
        <time>2015-07-30T16:15:07Z</time>
      </trkpt>
      <trkpt lat="40.613467" lon="-0.010517">
        <ele>808.7</ele>
        <time>2015-07-30T16:15:07Z</time>
      </trkpt>
      <trkpt lat="40.613467" lon="-0.010517">
        <ele>808.7</ele>
        <time>2015-07-30T16:15:07Z</time>
      </trkpt>
      <trkpt lat="40.613467" lon="-0.010533">
        <ele>808.4</ele>
        <time>2015-07-30T16:15:08Z</time>
      </trkpt>
      <trkpt lat="40.613417" lon="-0.010717">
        <ele>809.2</ele>
        <time>2015-07-30T16:15:19Z</time>
      </trkpt>
      <trkpt lat="40.613417" lon="-0.010750">
        <ele>808.3</ele>
        <time>2015-07-30T16:15:21Z</time>
      </trkpt>
      <trkpt lat="40.613433" lon="-0.011067">
        <ele>799.5</ele>
        <time>2015-07-30T16:15:38Z</time>
      </trkpt>
      <trkpt lat="40.613433" lon="-0.011283">
        <ele>815.8</ele>
        <time>2015-07-30T16:15:50Z</time>
      </trkpt>
      <trkpt lat="40.613433" lon="-0.011333">
        <ele>817.4</ele>
        <time>2015-07-30T16:15:53Z</time>
      </trkpt>
      <trkpt lat="40.613433" lon="-0.011333">
        <ele>817.4</ele>
        <time>2015-07-30T16:15:53Z</time>
      </trkpt>
      <trkpt lat="40.613433" lon="-0.011333">
        <ele>817.4</ele>
        <time>2015-07-30T16:15:53Z</time>
      </trkpt>
      <trkpt lat="40.613433" lon="-0.011333">
        <ele>817.4</ele>
        <time>2015-07-30T16:15:53Z</time>
      </trkpt>
      <trkpt lat="40.613433" lon="-0.011333">
        <ele>817.4</ele>
        <time>2015-07-30T16:15:53Z</time>
      </trkpt>
      <trkpt lat="40.613433" lon="-0.011333">
        <ele>817.4</ele>
        <time>2015-07-30T16:15:53Z</time>
      </trkpt>
      <trkpt lat="40.613433" lon="-0.011333">
        <ele>817.4</ele>
        <time>2015-07-30T16:15:53Z</time>
      </trkpt>
      <trkpt lat="40.613433" lon="-0.011333">
        <ele>817.4</ele>
        <time>2015-07-30T16:15:53Z</time>
      </trkpt>
      <trkpt lat="40.613433" lon="-0.011333">
        <ele>817.4</ele>
        <time>2015-07-30T16:15:53Z</time>
      </trkpt>
      <trkpt lat="40.613433" lon="-0.011333">
        <ele>817.4</ele>
        <time>2015-07-30T16:15:53Z</time>
      </trkpt>
      <trkpt lat="40.613433" lon="-0.011333">
        <ele>817.4</ele>
        <time>2015-07-30T16:15:53Z</time>
      </trkpt>
      <trkpt lat="40.613433" lon="-0.011333">
        <ele>817.4</ele>
        <time>2015-07-30T16:15:53Z</time>
      </trkpt>
      <trkpt lat="40.613433" lon="-0.011333">
        <ele>817.4</ele>
        <time>2015-07-30T16:15:53Z</time>
      </trkpt>
      <trkpt lat="40.613433" lon="-0.011333">
        <ele>817.4</ele>
        <time>2015-07-30T16:15:53Z</time>
      </trkpt>
      <trkpt lat="40.613433" lon="-0.011333">
        <ele>817.4</ele>
        <time>2015-07-30T16:15:53Z</time>
      </trkpt>
      <trkpt lat="40.613433" lon="-0.011333">
        <ele>817.4</ele>
        <time>2015-07-30T16:15:53Z</time>
      </trkpt>
      <trkpt lat="40.613433" lon="-0.011333">
        <ele>817.4</ele>
        <time>2015-07-30T16:15:53Z</time>
      </trkpt>
      <trkpt lat="40.613433" lon="-0.011333">
        <ele>817.4</ele>
        <time>2015-07-30T16:15:53Z</time>
      </trkpt>
      <trkpt lat="40.613433" lon="-0.011333">
        <ele>817.4</ele>
        <time>2015-07-30T16:15:53Z</time>
      </trkpt>
      <trkpt lat="40.613433" lon="-0.011333">
        <ele>817.4</ele>
        <time>2015-07-30T16:15:53Z</time>
      </trkpt>
      <trkpt lat="40.613433" lon="-0.011333">
        <ele>817.4</ele>
        <time>2015-07-30T16:15:53Z</time>
      </trkpt>
      <trkpt lat="40.613433" lon="-0.011333">
        <ele>817.4</ele>
        <time>2015-07-30T16:15:53Z</time>
      </trkpt>
      <trkpt lat="40.613433" lon="-0.011333">
        <ele>817.4</ele>
        <time>2015-07-30T16:15:53Z</time>
      </trkpt>
      <trkpt lat="40.613433" lon="-0.011333">
        <ele>817.4</ele>
        <time>2015-07-30T16:15:53Z</time>
      </trkpt>
      <trkpt lat="40.613433" lon="-0.011333">
        <ele>817.4</ele>
        <time>2015-07-30T16:15:53Z</time>
      </trkpt>
      <trkpt lat="40.613433" lon="-0.011333">
        <ele>817.4</ele>
        <time>2015-07-30T16:15:53Z</time>
      </trkpt>
      <trkpt lat="40.613433" lon="-0.011333">
        <ele>817.4</ele>
        <time>2015-07-30T16:15:53Z</time>
      </trkpt>
      <trkpt lat="40.613433" lon="-0.011333">
        <ele>817.4</ele>
        <time>2015-07-30T16:15:53Z</time>
      </trkpt>
      <trkpt lat="40.613433" lon="-0.011333">
        <ele>817.4</ele>
        <time>2015-07-30T16:15:53Z</time>
      </trkpt>
      <trkpt lat="40.613433" lon="-0.011333">
        <ele>817.4</ele>
        <time>2015-07-30T16:15:53Z</time>
      </trkpt>
      <trkpt lat="40.613433" lon="-0.011333">
        <ele>817.4</ele>
        <time>2015-07-30T16:15:53Z</time>
      </trkpt>
      <trkpt lat="40.613433" lon="-0.011333">
        <ele>817.4</ele>
        <time>2015-07-30T16:15:53Z</time>
      </trkpt>
      <trkpt lat="40.613433" lon="-0.011333">
        <ele>817.4</ele>
        <time>2015-07-30T16:15:53Z</time>
      </trkpt>
      <trkpt lat="40.613433" lon="-0.011333">
        <ele>817.4</ele>
        <time>2015-07-30T16:15:53Z</time>
      </trkpt>
      <trkpt lat="40.613433" lon="-0.011333">
        <ele>817.4</ele>
        <time>2015-07-30T16:15:53Z</time>
      </trkpt>
      <trkpt lat="40.613433" lon="-0.011333">
        <ele>817.4</ele>
        <time>2015-07-30T16:15:53Z</time>
      </trkpt>
      <trkpt lat="40.613433" lon="-0.011333">
        <ele>817.4</ele>
        <time>2015-07-30T16:15:53Z</time>
      </trkpt>
      <trkpt lat="40.613433" lon="-0.011333">
        <ele>817.4</ele>
        <time>2015-07-30T16:15:53Z</time>
      </trkpt>
      <trkpt lat="40.613433" lon="-0.011333">
        <ele>817.4</ele>
        <time>2015-07-30T16:15:53Z</time>
      </trkpt>
      <trkpt lat="40.613433" lon="-0.011333">
        <ele>817.4</ele>
        <time>2015-07-30T16:15:53Z</time>
      </trkpt>
      <trkpt lat="40.613433" lon="-0.011333">
        <ele>817.4</ele>
        <time>2015-07-30T16:15:53Z</time>
      </trkpt>
      <trkpt lat="40.613433" lon="-0.011333">
        <ele>817.4</ele>
        <time>2015-07-30T16:15:53Z</time>
      </trkpt>
      <trkpt lat="40.613433" lon="-0.011333">
        <ele>817.4</ele>
        <time>2015-07-30T16:15:53Z</time>
      </trkpt>
      <trkpt lat="40.613433" lon="-0.011333">
        <ele>817.4</ele>
        <time>2015-07-30T16:15:53Z</time>
      </trkpt>
      <trkpt lat="40.613433" lon="-0.011333">
        <ele>817.4</ele>
        <time>2015-07-30T16:15:53Z</time>
      </trkpt>
      <trkpt lat="40.613433" lon="-0.011333">
        <ele>817.4</ele>
        <time>2015-07-30T16:15:53Z</time>
      </trkpt>
      <trkpt lat="40.613433" lon="-0.011333">
        <ele>817.4</ele>
        <time>2015-07-30T16:15:53Z</time>
      </trkpt>
      <trkpt lat="40.613433" lon="-0.011333">
        <ele>817.4</ele>
        <time>2015-07-30T16:15:53Z</time>
      </trkpt>
      <trkpt lat="40.613433" lon="-0.011333">
        <ele>817.4</ele>
        <time>2015-07-30T16:15:53Z</time>
      </trkpt>
      <trkpt lat="40.613433" lon="-0.011333">
        <ele>817.4</ele>
        <time>2015-07-30T16:15:53Z</time>
      </trkpt>
      <trkpt lat="40.613433" lon="-0.011333">
        <ele>817.4</ele>
        <time>2015-07-30T16:15:53Z</time>
      </trkpt>
      <trkpt lat="40.613433" lon="-0.011333">
        <ele>817.4</ele>
        <time>2015-07-30T16:15:53Z</time>
      </trkpt>
      <trkpt lat="40.613433" lon="-0.011333">
        <ele>817.4</ele>
        <time>2015-07-30T16:15:53Z</time>
      </trkpt>
      <trkpt lat="40.613433" lon="-0.011333">
        <ele>817.4</ele>
        <time>2015-07-30T16:15:53Z</time>
      </trkpt>
      <trkpt lat="40.613433" lon="-0.011333">
        <ele>817.4</ele>
        <time>2015-07-30T16:15:53Z</time>
      </trkpt>
      <trkpt lat="40.613433" lon="-0.011333">
        <ele>817.4</ele>
        <time>2015-07-30T16:15:53Z</time>
      </trkpt>
      <trkpt lat="40.613433" lon="-0.011333">
        <ele>817.4</ele>
        <time>2015-07-30T16:15:53Z</time>
      </trkpt>
      <trkpt lat="40.613433" lon="-0.011333">
        <ele>817.4</ele>
        <time>2015-07-30T16:15:53Z</time>
      </trkpt>
      <trkpt lat="40.613433" lon="-0.011333">
        <ele>817.4</ele>
        <time>2015-07-30T16:15:53Z</time>
      </trkpt>
      <trkpt lat="40.613433" lon="-0.011333">
        <ele>817.4</ele>
        <time>2015-07-30T16:15:53Z</time>
      </trkpt>
      <trkpt lat="40.613433" lon="-0.011333">
        <ele>817.4</ele>
        <time>2015-07-30T16:15:53Z</time>
      </trkpt>
      <trkpt lat="40.613433" lon="-0.011333">
        <ele>817.4</ele>
        <time>2015-07-30T16:15:53Z</time>
      </trkpt>
      <trkpt lat="40.613433" lon="-0.011333">
        <ele>817.4</ele>
        <time>2015-07-30T16:15:53Z</time>
      </trkpt>
      <trkpt lat="40.613433" lon="-0.011333">
        <ele>817.4</ele>
        <time>2015-07-30T16:15:53Z</time>
      </trkpt>
      <trkpt lat="40.613433" lon="-0.011333">
        <ele>817.4</ele>
        <time>2015-07-30T16:15:53Z</time>
      </trkpt>
      <trkpt lat="40.613433" lon="-0.011333">
        <ele>817.4</ele>
        <time>2015-07-30T16:15:53Z</time>
      </trkpt>
      <trkpt lat="40.613433" lon="-0.011333">
        <ele>817.4</ele>
        <time>2015-07-30T16:15:53Z</time>
      </trkpt>
      <trkpt lat="40.613433" lon="-0.011333">
        <ele>817.4</ele>
        <time>2015-07-30T16:15:53Z</time>
      </trkpt>
      <trkpt lat="40.613433" lon="-0.011333">
        <ele>817.4</ele>
        <time>2015-07-30T16:15:53Z</time>
      </trkpt>
      <trkpt lat="40.613450" lon="-0.011333">
        <ele>817.5</ele>
        <time>2015-07-30T16:15:54Z</time>
      </trkpt>
      <trkpt lat="40.613483" lon="-0.011317">
        <ele>817.3</ele>
        <time>2015-07-30T16:15:57Z</time>
      </trkpt>
      <trkpt lat="40.613500" lon="-0.011317">
        <ele>817.2</ele>
        <time>2015-07-30T16:15:58Z</time>
      </trkpt>
      <trkpt lat="40.613517" lon="-0.011317">
        <ele>817.2</ele>
        <time>2015-07-30T16:15:59Z</time>
      </trkpt>
      <trkpt lat="40.613517" lon="-0.011317">
        <ele>817.2</ele>
        <time>2015-07-30T16:15:59Z</time>
      </trkpt>
      <trkpt lat="40.613517" lon="-0.011317">
        <ele>817.2</ele>
        <time>2015-07-30T16:15:59Z</time>
      </trkpt>
      <trkpt lat="40.613517" lon="-0.011317">
        <ele>817.2</ele>
        <time>2015-07-30T16:15:59Z</time>
      </trkpt>
      <trkpt lat="40.613533" lon="-0.011317">
        <ele>817.4</ele>
        <time>2015-07-30T16:16:00Z</time>
      </trkpt>
      <trkpt lat="40.613550" lon="-0.011317">
        <ele>817.7</ele>
        <time>2015-07-30T16:16:02Z</time>
      </trkpt>
      <trkpt lat="40.613567" lon="-0.011317">
        <ele>818.0</ele>
        <time>2015-07-30T16:16:03Z</time>
      </trkpt>
      <trkpt lat="40.613583" lon="-0.011317">
        <ele>818.3</ele>
        <time>2015-07-30T16:16:04Z</time>
      </trkpt>
      <trkpt lat="40.613650" lon="-0.011267">
        <ele>818.9</ele>
        <time>2015-07-30T16:16:10Z</time>
      </trkpt>
      <trkpt lat="40.613700" lon="-0.011250">
        <ele>820.1</ele>
        <time>2015-07-30T16:16:13Z</time>
      </trkpt>
      <trkpt lat="40.613767" lon="-0.011233">
        <ele>821.3</ele>
        <time>2015-07-30T16:16:18Z</time>
      </trkpt>
      <trkpt lat="40.613767" lon="-0.011233">
        <ele>821.3</ele>
        <time>2015-07-30T16:16:18Z</time>
      </trkpt>
      <trkpt lat="40.613783" lon="-0.011217">
        <ele>821.1</ele>
        <time>2015-07-30T16:16:20Z</time>
      </trkpt>
      <trkpt lat="40.613800" lon="-0.011217">
        <ele>821.3</ele>
        <time>2015-07-30T16:16:21Z</time>
      </trkpt>
      <trkpt lat="40.613817" lon="-0.011200">
        <ele>821.1</ele>
        <time>2015-07-30T16:16:22Z</time>
      </trkpt>
      <trkpt lat="40.613933" lon="-0.011200">
        <ele>823.1</ele>
        <time>2015-07-30T16:16:31Z</time>
      </trkpt>
      <trkpt lat="40.613983" lon="-0.011183">
        <ele>823.3</ele>
        <time>2015-07-30T16:16:35Z</time>
      </trkpt>
      <trkpt lat="40.614017" lon="-0.011183">
        <ele>823.5</ele>
        <time>2015-07-30T16:16:37Z</time>
      </trkpt>
      <trkpt lat="40.614400" lon="-0.011317">
        <ele>825.9</ele>
        <time>2015-07-30T16:17:06Z</time>
      </trkpt>
      <trkpt lat="40.614433" lon="-0.011350">
        <ele>826.2</ele>
        <time>2015-07-30T16:17:09Z</time>
      </trkpt>
      <trkpt lat="40.614517" lon="-0.011367">
        <ele>826.6</ele>
        <time>2015-07-30T16:17:15Z</time>
      </trkpt>
      <trkpt lat="40.614633" lon="-0.011417">
        <ele>828.0</ele>
        <time>2015-07-30T16:17:24Z</time>
      </trkpt>
      <trkpt lat="40.614717" lon="-0.011450">
        <ele>829.6</ele>
        <time>2015-07-30T16:17:30Z</time>
      </trkpt>
      <trkpt lat="40.614867" lon="-0.011467">
        <ele>830.5</ele>
        <time>2015-07-30T16:17:41Z</time>
      </trkpt>
      <trkpt lat="40.614900" lon="-0.011467">
        <ele>830.4</ele>
        <time>2015-07-30T16:17:44Z</time>
      </trkpt>
      <trkpt lat="40.615000" lon="-0.011517">
        <ele>831.6</ele>
        <time>2015-07-30T16:17:52Z</time>
      </trkpt>
      <trkpt lat="40.615017" lon="-0.011533">
        <ele>832.0</ele>
        <time>2015-07-30T16:17:53Z</time>
      </trkpt>
      <trkpt lat="40.615033" lon="-0.011533">
        <ele>831.7</ele>
        <time>2015-07-30T16:17:54Z</time>
      </trkpt>
      <trkpt lat="40.615050" lon="-0.011533">
        <ele>831.5</ele>
        <time>2015-07-30T16:17:56Z</time>
      </trkpt>
      <trkpt lat="40.615133" lon="-0.011600">
        <ele>831.6</ele>
        <time>2015-07-30T16:18:03Z</time>
      </trkpt>
      <trkpt lat="40.615183" lon="-0.011667">
        <ele>832.2</ele>
        <time>2015-07-30T16:18:08Z</time>
      </trkpt>
      <trkpt lat="40.615217" lon="-0.011700">
        <ele>832.0</ele>
        <time>2015-07-30T16:18:11Z</time>
      </trkpt>
      <trkpt lat="40.615333" lon="-0.011867">
        <ele>834.1</ele>
        <time>2015-07-30T16:18:23Z</time>
      </trkpt>
      <trkpt lat="40.615383" lon="-0.011900">
        <ele>833.8</ele>
        <time>2015-07-30T16:18:27Z</time>
      </trkpt>
      <trkpt lat="40.615483" lon="-0.012067">
        <ele>835.8</ele>
        <time>2015-07-30T16:18:39Z</time>
      </trkpt>
      <trkpt lat="40.615500" lon="-0.012100">
        <ele>836.7</ele>
        <time>2015-07-30T16:18:41Z</time>
      </trkpt>
      <trkpt lat="40.615517" lon="-0.012117">
        <ele>836.9</ele>
        <time>2015-07-30T16:18:43Z</time>
      </trkpt>
      <trkpt lat="40.615550" lon="-0.012150">
        <ele>837.7</ele>
        <time>2015-07-30T16:18:46Z</time>
      </trkpt>
      <trkpt lat="40.615617" lon="-0.012217">
        <ele>838.8</ele>
        <time>2015-07-30T16:18:52Z</time>
      </trkpt>
      <trkpt lat="40.615683" lon="-0.012250">
        <ele>840.6</ele>
        <time>2015-07-30T16:18:57Z</time>
      </trkpt>
      <trkpt lat="40.615700" lon="-0.012267">
        <ele>841.6</ele>
        <time>2015-07-30T16:18:59Z</time>
      </trkpt>
      <trkpt lat="40.615783" lon="-0.012283">
        <ele>843.6</ele>
        <time>2015-07-30T16:19:05Z</time>
      </trkpt>
      <trkpt lat="40.615883" lon="-0.012283">
        <ele>844.8</ele>
        <time>2015-07-30T16:19:12Z</time>
      </trkpt>
      <trkpt lat="40.615983" lon="-0.012317">
        <ele>845.5</ele>
        <time>2015-07-30T16:19:20Z</time>
      </trkpt>
      <trkpt lat="40.616050" lon="-0.012367">
        <ele>846.5</ele>
        <time>2015-07-30T16:19:25Z</time>
      </trkpt>
      <trkpt lat="40.616100" lon="-0.012433">
        <ele>847.6</ele>
        <time>2015-07-30T16:19:30Z</time>
      </trkpt>
      <trkpt lat="40.616150" lon="-0.012517">
        <ele>849.9</ele>
        <time>2015-07-30T16:19:36Z</time>
      </trkpt>
      <trkpt lat="40.616200" lon="-0.012583">
        <ele>851.2</ele>
        <time>2015-07-30T16:19:41Z</time>
      </trkpt>
      <trkpt lat="40.616217" lon="-0.012600">
        <ele>851.2</ele>
        <time>2015-07-30T16:19:43Z</time>
      </trkpt>
      <trkpt lat="40.616217" lon="-0.012617">
        <ele>851.1</ele>
        <time>2015-07-30T16:19:44Z</time>
      </trkpt>
      <trkpt lat="40.616233" lon="-0.012617">
        <ele>851.1</ele>
        <time>2015-07-30T16:19:45Z</time>
      </trkpt>
      <trkpt lat="40.616283" lon="-0.012633">
        <ele>851.2</ele>
        <time>2015-07-30T16:19:49Z</time>
      </trkpt>
      <trkpt lat="40.616283" lon="-0.012633">
        <ele>851.2</ele>
        <time>2015-07-30T16:19:49Z</time>
      </trkpt>
      <trkpt lat="40.616283" lon="-0.012633">
        <ele>851.2</ele>
        <time>2015-07-30T16:19:49Z</time>
      </trkpt>
      <trkpt lat="40.616283" lon="-0.012633">
        <ele>851.2</ele>
        <time>2015-07-30T16:19:49Z</time>
      </trkpt>
      <trkpt lat="40.616283" lon="-0.012633">
        <ele>851.2</ele>
        <time>2015-07-30T16:19:49Z</time>
      </trkpt>
      <trkpt lat="40.616283" lon="-0.012633">
        <ele>851.2</ele>
        <time>2015-07-30T16:19:49Z</time>
      </trkpt>
      <trkpt lat="40.616283" lon="-0.012633">
        <ele>851.2</ele>
        <time>2015-07-30T16:19:49Z</time>
      </trkpt>
      <trkpt lat="40.616300" lon="-0.012633">
        <ele>851.3</ele>
        <time>2015-07-30T16:19:50Z</time>
      </trkpt>
      <trkpt lat="40.616400" lon="-0.012683">
        <ele>852.0</ele>
        <time>2015-07-30T16:19:58Z</time>
      </trkpt>
      <trkpt lat="40.616450" lon="-0.012717">
        <ele>853.2</ele>
        <time>2015-07-30T16:20:02Z</time>
      </trkpt>
      <trkpt lat="40.616517" lon="-0.012800">
        <ele>855.1</ele>
        <time>2015-07-30T16:20:09Z</time>
      </trkpt>
      <trkpt lat="40.616517" lon="-0.012800">
        <ele>855.1</ele>
        <time>2015-07-30T16:20:09Z</time>
      </trkpt>
      <trkpt lat="40.616517" lon="-0.012800">
        <ele>855.1</ele>
        <time>2015-07-30T16:20:09Z</time>
      </trkpt>
      <trkpt lat="40.616517" lon="-0.012800">
        <ele>855.1</ele>
        <time>2015-07-30T16:20:09Z</time>
      </trkpt>
      <trkpt lat="40.616517" lon="-0.012800">
        <ele>855.1</ele>
        <time>2015-07-30T16:20:09Z</time>
      </trkpt>
      <trkpt lat="40.616517" lon="-0.012800">
        <ele>855.1</ele>
        <time>2015-07-30T16:20:09Z</time>
      </trkpt>
      <trkpt lat="40.616517" lon="-0.012800">
        <ele>855.1</ele>
        <time>2015-07-30T16:20:09Z</time>
      </trkpt>
      <trkpt lat="40.616517" lon="-0.012800">
        <ele>855.1</ele>
        <time>2015-07-30T16:20:09Z</time>
      </trkpt>
      <trkpt lat="40.616517" lon="-0.012800">
        <ele>855.1</ele>
        <time>2015-07-30T16:20:09Z</time>
      </trkpt>
      <trkpt lat="40.616517" lon="-0.012800">
        <ele>855.1</ele>
        <time>2015-07-30T16:20:09Z</time>
      </trkpt>
      <trkpt lat="40.616517" lon="-0.012800">
        <ele>855.1</ele>
        <time>2015-07-30T16:20:09Z</time>
      </trkpt>
      <trkpt lat="40.616517" lon="-0.012800">
        <ele>855.1</ele>
        <time>2015-07-30T16:20:09Z</time>
      </trkpt>
      <trkpt lat="40.616567" lon="-0.012850">
        <ele>855.9</ele>
        <time>2015-07-30T16:20:13Z</time>
      </trkpt>
      <trkpt lat="40.616600" lon="-0.012883">
        <ele>856.7</ele>
        <time>2015-07-30T16:20:16Z</time>
      </trkpt>
      <trkpt lat="40.616634" lon="-0.012900">
        <ele>857.2</ele>
        <time>2015-07-30T16:20:19Z</time>
      </trkpt>
      <trkpt lat="40.616650" lon="-0.012917">
        <ele>857.4</ele>
        <time>2015-07-30T16:20:20Z</time>
      </trkpt>
      <trkpt lat="40.616667" lon="-0.012950">
        <ele>858.1</ele>
        <time>2015-07-30T16:20:23Z</time>
      </trkpt>
      <trkpt lat="40.616683" lon="-0.012967">
        <ele>858.6</ele>
        <time>2015-07-30T16:20:24Z</time>
      </trkpt>
      <trkpt lat="40.616750" lon="-0.012967">
        <ele>858.4</ele>
        <time>2015-07-30T16:20:29Z</time>
      </trkpt>
      <trkpt lat="40.616817" lon="-0.012967">
        <ele>858.4</ele>
        <time>2015-07-30T16:20:34Z</time>
      </trkpt>
      <trkpt lat="40.616850" lon="-0.012983">
        <ele>858.9</ele>
        <time>2015-07-30T16:20:36Z</time>
      </trkpt>
      <trkpt lat="40.616900" lon="-0.012983">
        <ele>858.1</ele>
        <time>2015-07-30T16:20:40Z</time>
      </trkpt>
      <trkpt lat="40.616950" lon="-0.012967">
        <ele>857.0</ele>
        <time>2015-07-30T16:20:44Z</time>
      </trkpt>
      <trkpt lat="40.616983" lon="-0.012967">
        <ele>856.5</ele>
        <time>2015-07-30T16:20:46Z</time>
      </trkpt>
      <trkpt lat="40.617000" lon="-0.012967">
        <ele>856.3</ele>
        <time>2015-07-30T16:20:47Z</time>
      </trkpt>
      <trkpt lat="40.617133" lon="-0.012967">
        <ele>856.0</ele>
        <time>2015-07-30T16:20:57Z</time>
      </trkpt>
      <trkpt lat="40.617150" lon="-0.012967">
        <ele>856.0</ele>
        <time>2015-07-30T16:20:58Z</time>
      </trkpt>
      <trkpt lat="40.617233" lon="-0.012983">
        <ele>856.7</ele>
        <time>2015-07-30T16:21:04Z</time>
      </trkpt>
      <trkpt lat="40.617283" lon="-0.012983">
        <ele>856.8</ele>
        <time>2015-07-30T16:21:08Z</time>
      </trkpt>
      <trkpt lat="40.617350" lon="-0.012983">
        <ele>857.4</ele>
        <time>2015-07-30T16:21:13Z</time>
      </trkpt>
      <trkpt lat="40.617567" lon="-0.013300">
        <ele>859.7</ele>
        <time>2015-07-30T16:21:37Z</time>
      </trkpt>
      <trkpt lat="40.617567" lon="-0.013300">
        <ele>859.7</ele>
        <time>2015-07-30T16:21:37Z</time>
      </trkpt>
      <trkpt lat="40.617567" lon="-0.013300">
        <ele>859.7</ele>
        <time>2015-07-30T16:21:37Z</time>
      </trkpt>
      <trkpt lat="40.617567" lon="-0.013300">
        <ele>859.7</ele>
        <time>2015-07-30T16:21:37Z</time>
      </trkpt>
      <trkpt lat="40.617567" lon="-0.013300">
        <ele>859.7</ele>
        <time>2015-07-30T16:21:37Z</time>
      </trkpt>
      <trkpt lat="40.617567" lon="-0.013300">
        <ele>859.7</ele>
        <time>2015-07-30T16:21:37Z</time>
      </trkpt>
      <trkpt lat="40.617567" lon="-0.013300">
        <ele>859.7</ele>
        <time>2015-07-30T16:21:37Z</time>
      </trkpt>
      <trkpt lat="40.617567" lon="-0.013300">
        <ele>859.7</ele>
        <time>2015-07-30T16:21:37Z</time>
      </trkpt>
      <trkpt lat="40.617567" lon="-0.013300">
        <ele>859.7</ele>
        <time>2015-07-30T16:21:37Z</time>
      </trkpt>
      <trkpt lat="40.617567" lon="-0.013300">
        <ele>859.7</ele>
        <time>2015-07-30T16:21:37Z</time>
      </trkpt>
      <trkpt lat="40.617567" lon="-0.013300">
        <ele>859.7</ele>
        <time>2015-07-30T16:21:37Z</time>
      </trkpt>
      <trkpt lat="40.617567" lon="-0.013300">
        <ele>859.7</ele>
        <time>2015-07-30T16:21:37Z</time>
      </trkpt>
      <trkpt lat="40.617567" lon="-0.013300">
        <ele>859.7</ele>
        <time>2015-07-30T16:21:37Z</time>
      </trkpt>
      <trkpt lat="40.617567" lon="-0.013300">
        <ele>859.7</ele>
        <time>2015-07-30T16:21:37Z</time>
      </trkpt>
      <trkpt lat="40.617567" lon="-0.013300">
        <ele>859.7</ele>
        <time>2015-07-30T16:21:37Z</time>
      </trkpt>
      <trkpt lat="40.617567" lon="-0.013300">
        <ele>859.7</ele>
        <time>2015-07-30T16:21:37Z</time>
      </trkpt>
      <trkpt lat="40.617567" lon="-0.013300">
        <ele>859.7</ele>
        <time>2015-07-30T16:21:37Z</time>
      </trkpt>
      <trkpt lat="40.617567" lon="-0.013300">
        <ele>859.7</ele>
        <time>2015-07-30T16:21:37Z</time>
      </trkpt>
      <trkpt lat="40.617567" lon="-0.013300">
        <ele>859.7</ele>
        <time>2015-07-30T16:21:37Z</time>
      </trkpt>
      <trkpt lat="40.617567" lon="-0.013300">
        <ele>859.7</ele>
        <time>2015-07-30T16:21:37Z</time>
      </trkpt>
      <trkpt lat="40.617567" lon="-0.013300">
        <ele>859.7</ele>
        <time>2015-07-30T16:21:37Z</time>
      </trkpt>
      <trkpt lat="40.617567" lon="-0.013300">
        <ele>859.7</ele>
        <time>2015-07-30T16:21:37Z</time>
      </trkpt>
      <trkpt lat="40.617567" lon="-0.013300">
        <ele>859.7</ele>
        <time>2015-07-30T16:21:37Z</time>
      </trkpt>
      <trkpt lat="40.617567" lon="-0.013300">
        <ele>859.7</ele>
        <time>2015-07-30T16:21:37Z</time>
      </trkpt>
      <trkpt lat="40.617567" lon="-0.013300">
        <ele>859.7</ele>
        <time>2015-07-30T16:21:37Z</time>
      </trkpt>
      <trkpt lat="40.617567" lon="-0.013300">
        <ele>859.7</ele>
        <time>2015-07-30T16:21:37Z</time>
      </trkpt>
      <trkpt lat="40.617567" lon="-0.013300">
        <ele>859.7</ele>
        <time>2015-07-30T16:21:37Z</time>
      </trkpt>
      <trkpt lat="40.617567" lon="-0.013300">
        <ele>859.7</ele>
        <time>2015-07-30T16:21:37Z</time>
      </trkpt>
      <trkpt lat="40.617567" lon="-0.013300">
        <ele>859.7</ele>
        <time>2015-07-30T16:21:37Z</time>
      </trkpt>
      <trkpt lat="40.617567" lon="-0.013300">
        <ele>859.7</ele>
        <time>2015-07-30T16:21:37Z</time>
      </trkpt>
      <trkpt lat="40.617567" lon="-0.013300">
        <ele>859.7</ele>
        <time>2015-07-30T16:21:37Z</time>
      </trkpt>
      <trkpt lat="40.617567" lon="-0.013300">
        <ele>859.7</ele>
        <time>2015-07-30T16:21:37Z</time>
      </trkpt>
      <trkpt lat="40.617567" lon="-0.013300">
        <ele>859.7</ele>
        <time>2015-07-30T16:21:37Z</time>
      </trkpt>
      <trkpt lat="40.617567" lon="-0.013300">
        <ele>859.7</ele>
        <time>2015-07-30T16:21:37Z</time>
      </trkpt>
      <trkpt lat="40.617567" lon="-0.013300">
        <ele>859.7</ele>
        <time>2015-07-30T16:21:37Z</time>
      </trkpt>
      <trkpt lat="40.617567" lon="-0.013300">
        <ele>859.7</ele>
        <time>2015-07-30T16:21:37Z</time>
      </trkpt>
      <trkpt lat="40.617567" lon="-0.013300">
        <ele>859.7</ele>
        <time>2015-07-30T16:21:37Z</time>
      </trkpt>
      <trkpt lat="40.617567" lon="-0.013300">
        <ele>859.7</ele>
        <time>2015-07-30T16:21:37Z</time>
      </trkpt>
      <trkpt lat="40.617567" lon="-0.013300">
        <ele>859.7</ele>
        <time>2015-07-30T16:21:37Z</time>
      </trkpt>
      <trkpt lat="40.617567" lon="-0.013300">
        <ele>859.7</ele>
        <time>2015-07-30T16:21:37Z</time>
      </trkpt>
      <trkpt lat="40.617567" lon="-0.013300">
        <ele>859.7</ele>
        <time>2015-07-30T16:21:37Z</time>
      </trkpt>
      <trkpt lat="40.617567" lon="-0.013300">
        <ele>859.7</ele>
        <time>2015-07-30T16:21:37Z</time>
      </trkpt>
      <trkpt lat="40.617567" lon="-0.013300">
        <ele>859.7</ele>
        <time>2015-07-30T16:21:37Z</time>
      </trkpt>
      <trkpt lat="40.617567" lon="-0.013300">
        <ele>859.7</ele>
        <time>2015-07-30T16:21:37Z</time>
      </trkpt>
      <trkpt lat="40.617567" lon="-0.013300">
        <ele>859.7</ele>
        <time>2015-07-30T16:21:37Z</time>
      </trkpt>
      <trkpt lat="40.617567" lon="-0.013300">
        <ele>859.7</ele>
        <time>2015-07-30T16:21:37Z</time>
      </trkpt>
      <trkpt lat="40.617567" lon="-0.013300">
        <ele>859.7</ele>
        <time>2015-07-30T16:21:37Z</time>
      </trkpt>
      <trkpt lat="40.617567" lon="-0.013300">
        <ele>859.7</ele>
        <time>2015-07-30T16:21:37Z</time>
      </trkpt>
      <trkpt lat="40.617567" lon="-0.013300">
        <ele>859.7</ele>
        <time>2015-07-30T16:21:37Z</time>
      </trkpt>
      <trkpt lat="40.617567" lon="-0.013300">
        <ele>859.7</ele>
        <time>2015-07-30T16:21:37Z</time>
      </trkpt>
      <trkpt lat="40.617567" lon="-0.013300">
        <ele>859.7</ele>
        <time>2015-07-30T16:21:37Z</time>
      </trkpt>
      <trkpt lat="40.617567" lon="-0.013300">
        <ele>859.7</ele>
        <time>2015-07-30T16:21:37Z</time>
      </trkpt>
      <trkpt lat="40.617567" lon="-0.013300">
        <ele>859.7</ele>
        <time>2015-07-30T16:21:37Z</time>
      </trkpt>
      <trkpt lat="40.617567" lon="-0.013300">
        <ele>859.7</ele>
        <time>2015-07-30T16:21:37Z</time>
      </trkpt>
      <trkpt lat="40.617567" lon="-0.013300">
        <ele>859.7</ele>
        <time>2015-07-30T16:21:37Z</time>
      </trkpt>
      <trkpt lat="40.617567" lon="-0.013300">
        <ele>859.7</ele>
        <time>2015-07-30T16:21:37Z</time>
      </trkpt>
      <trkpt lat="40.617567" lon="-0.013300">
        <ele>859.7</ele>
        <time>2015-07-30T16:21:37Z</time>
      </trkpt>
      <trkpt lat="40.617567" lon="-0.013300">
        <ele>859.7</ele>
        <time>2015-07-30T16:21:37Z</time>
      </trkpt>
      <trkpt lat="40.617567" lon="-0.013300">
        <ele>859.7</ele>
        <time>2015-07-30T16:21:37Z</time>
      </trkpt>
      <trkpt lat="40.617567" lon="-0.013300">
        <ele>859.7</ele>
        <time>2015-07-30T16:21:37Z</time>
      </trkpt>
      <trkpt lat="40.617567" lon="-0.013300">
        <ele>859.7</ele>
        <time>2015-07-30T16:21:37Z</time>
      </trkpt>
      <trkpt lat="40.617567" lon="-0.013300">
        <ele>859.7</ele>
        <time>2015-07-30T16:21:37Z</time>
      </trkpt>
      <trkpt lat="40.617567" lon="-0.013300">
        <ele>859.7</ele>
        <time>2015-07-30T16:21:37Z</time>
      </trkpt>
      <trkpt lat="40.617567" lon="-0.013300">
        <ele>859.7</ele>
        <time>2015-07-30T16:21:37Z</time>
      </trkpt>
      <trkpt lat="40.617567" lon="-0.013300">
        <ele>859.7</ele>
        <time>2015-07-30T16:21:37Z</time>
      </trkpt>
      <trkpt lat="40.617567" lon="-0.013300">
        <ele>859.7</ele>
        <time>2015-07-30T16:21:37Z</time>
      </trkpt>
      <trkpt lat="40.617567" lon="-0.013300">
        <ele>859.7</ele>
        <time>2015-07-30T16:21:37Z</time>
      </trkpt>
      <trkpt lat="40.617567" lon="-0.013300">
        <ele>859.7</ele>
        <time>2015-07-30T16:21:37Z</time>
      </trkpt>
      <trkpt lat="40.617567" lon="-0.013300">
        <ele>859.7</ele>
        <time>2015-07-30T16:21:37Z</time>
      </trkpt>
      <trkpt lat="40.617567" lon="-0.013300">
        <ele>859.7</ele>
        <time>2015-07-30T16:21:37Z</time>
      </trkpt>
      <trkpt lat="40.617567" lon="-0.013300">
        <ele>859.7</ele>
        <time>2015-07-30T16:21:37Z</time>
      </trkpt>
      <trkpt lat="40.617567" lon="-0.013300">
        <ele>859.7</ele>
        <time>2015-07-30T16:21:37Z</time>
      </trkpt>
      <trkpt lat="40.617567" lon="-0.013300">
        <ele>859.7</ele>
        <time>2015-07-30T16:21:37Z</time>
      </trkpt>
      <trkpt lat="40.617567" lon="-0.013300">
        <ele>859.7</ele>
        <time>2015-07-30T16:21:37Z</time>
      </trkpt>
      <trkpt lat="40.617567" lon="-0.013300">
        <ele>859.7</ele>
        <time>2015-07-30T16:21:37Z</time>
      </trkpt>
      <trkpt lat="40.617567" lon="-0.013300">
        <ele>859.7</ele>
        <time>2015-07-30T16:21:37Z</time>
      </trkpt>
      <trkpt lat="40.617567" lon="-0.013300">
        <ele>859.7</ele>
        <time>2015-07-30T16:21:37Z</time>
      </trkpt>
      <trkpt lat="40.617567" lon="-0.013300">
        <ele>859.7</ele>
        <time>2015-07-30T16:21:37Z</time>
      </trkpt>
      <trkpt lat="40.617567" lon="-0.013300">
        <ele>859.7</ele>
        <time>2015-07-30T16:21:37Z</time>
      </trkpt>
      <trkpt lat="40.617567" lon="-0.013300">
        <ele>859.7</ele>
        <time>2015-07-30T16:21:37Z</time>
      </trkpt>
      <trkpt lat="40.617567" lon="-0.013300">
        <ele>859.7</ele>
        <time>2015-07-30T16:21:37Z</time>
      </trkpt>
      <trkpt lat="40.617567" lon="-0.013300">
        <ele>859.7</ele>
        <time>2015-07-30T16:21:37Z</time>
      </trkpt>
      <trkpt lat="40.617567" lon="-0.013300">
        <ele>859.7</ele>
        <time>2015-07-30T16:21:37Z</time>
      </trkpt>
      <trkpt lat="40.617567" lon="-0.013300">
        <ele>859.7</ele>
        <time>2015-07-30T16:21:37Z</time>
      </trkpt>
      <trkpt lat="40.617567" lon="-0.013300">
        <ele>859.7</ele>
        <time>2015-07-30T16:21:37Z</time>
      </trkpt>
      <trkpt lat="40.617567" lon="-0.013300">
        <ele>859.7</ele>
        <time>2015-07-30T16:21:37Z</time>
      </trkpt>
      <trkpt lat="40.617567" lon="-0.013300">
        <ele>859.7</ele>
        <time>2015-07-30T16:21:37Z</time>
      </trkpt>
      <trkpt lat="40.617567" lon="-0.013300">
        <ele>859.7</ele>
        <time>2015-07-30T16:21:37Z</time>
      </trkpt>
      <trkpt lat="40.617567" lon="-0.013300">
        <ele>859.7</ele>
        <time>2015-07-30T16:21:37Z</time>
      </trkpt>
      <trkpt lat="40.617567" lon="-0.013300">
        <ele>859.7</ele>
        <time>2015-07-30T16:21:37Z</time>
      </trkpt>
      <trkpt lat="40.617567" lon="-0.013300">
        <ele>859.7</ele>
        <time>2015-07-30T16:21:37Z</time>
      </trkpt>
      <trkpt lat="40.617567" lon="-0.013300">
        <ele>859.7</ele>
        <time>2015-07-30T16:21:37Z</time>
      </trkpt>
      <trkpt lat="40.617567" lon="-0.013300">
        <ele>859.7</ele>
        <time>2015-07-30T16:21:37Z</time>
      </trkpt>
      <trkpt lat="40.617567" lon="-0.013300">
        <ele>859.7</ele>
        <time>2015-07-30T16:21:37Z</time>
      </trkpt>
      <trkpt lat="40.617567" lon="-0.013300">
        <ele>859.7</ele>
        <time>2015-07-30T16:21:37Z</time>
      </trkpt>
      <trkpt lat="40.617567" lon="-0.013300">
        <ele>859.7</ele>
        <time>2015-07-30T16:21:37Z</time>
      </trkpt>
      <trkpt lat="40.617567" lon="-0.013300">
        <ele>859.7</ele>
        <time>2015-07-30T16:21:37Z</time>
      </trkpt>
      <trkpt lat="40.617567" lon="-0.013300">
        <ele>859.7</ele>
        <time>2015-07-30T16:21:37Z</time>
      </trkpt>
      <trkpt lat="40.617567" lon="-0.013300">
        <ele>859.7</ele>
        <time>2015-07-30T16:21:37Z</time>
      </trkpt>
      <trkpt lat="40.617567" lon="-0.013300">
        <ele>859.7</ele>
        <time>2015-07-30T16:21:37Z</time>
      </trkpt>
      <trkpt lat="40.617567" lon="-0.013300">
        <ele>859.7</ele>
        <time>2015-07-30T16:21:37Z</time>
      </trkpt>
      <trkpt lat="40.617567" lon="-0.013300">
        <ele>859.7</ele>
        <time>2015-07-30T16:21:37Z</time>
      </trkpt>
      <trkpt lat="40.617567" lon="-0.013300">
        <ele>859.7</ele>
        <time>2015-07-30T16:21:37Z</time>
      </trkpt>
      <trkpt lat="40.617567" lon="-0.013300">
        <ele>859.7</ele>
        <time>2015-07-30T16:21:37Z</time>
      </trkpt>
      <trkpt lat="40.617567" lon="-0.013300">
        <ele>859.7</ele>
        <time>2015-07-30T16:21:37Z</time>
      </trkpt>
      <trkpt lat="40.617567" lon="-0.013300">
        <ele>859.7</ele>
        <time>2015-07-30T16:21:37Z</time>
      </trkpt>
      <trkpt lat="40.617567" lon="-0.013300">
        <ele>859.7</ele>
        <time>2015-07-30T16:21:37Z</time>
      </trkpt>
      <trkpt lat="40.617567" lon="-0.013300">
        <ele>859.7</ele>
        <time>2015-07-30T16:21:37Z</time>
      </trkpt>
      <trkpt lat="40.617567" lon="-0.013300">
        <ele>859.7</ele>
        <time>2015-07-30T16:21:37Z</time>
      </trkpt>
      <trkpt lat="40.617567" lon="-0.013300">
        <ele>859.7</ele>
        <time>2015-07-30T16:21:37Z</time>
      </trkpt>
      <trkpt lat="40.617567" lon="-0.013300">
        <ele>859.7</ele>
        <time>2015-07-30T16:21:37Z</time>
      </trkpt>
      <trkpt lat="40.617567" lon="-0.013300">
        <ele>859.7</ele>
        <time>2015-07-30T16:21:37Z</time>
      </trkpt>
      <trkpt lat="40.617567" lon="-0.013300">
        <ele>859.7</ele>
        <time>2015-07-30T16:21:37Z</time>
      </trkpt>
      <trkpt lat="40.617567" lon="-0.013300">
        <ele>859.7</ele>
        <time>2015-07-30T16:21:37Z</time>
      </trkpt>
      <trkpt lat="40.617567" lon="-0.013300">
        <ele>859.7</ele>
        <time>2015-07-30T16:21:37Z</time>
      </trkpt>
      <trkpt lat="40.617567" lon="-0.013300">
        <ele>859.7</ele>
        <time>2015-07-30T16:21:37Z</time>
      </trkpt>
      <trkpt lat="40.617567" lon="-0.013300">
        <ele>859.7</ele>
        <time>2015-07-30T16:21:37Z</time>
      </trkpt>
      <trkpt lat="40.617567" lon="-0.013300">
        <ele>859.7</ele>
        <time>2015-07-30T16:21:37Z</time>
      </trkpt>
      <trkpt lat="40.617567" lon="-0.013300">
        <ele>859.7</ele>
        <time>2015-07-30T16:21:37Z</time>
      </trkpt>
      <trkpt lat="40.617567" lon="-0.013300">
        <ele>859.7</ele>
        <time>2015-07-30T16:21:37Z</time>
      </trkpt>
      <trkpt lat="40.617567" lon="-0.013300">
        <ele>859.7</ele>
        <time>2015-07-30T16:21:37Z</time>
      </trkpt>
      <trkpt lat="40.617567" lon="-0.013300">
        <ele>859.7</ele>
        <time>2015-07-30T16:21:37Z</time>
      </trkpt>
      <trkpt lat="40.617567" lon="-0.013300">
        <ele>859.7</ele>
        <time>2015-07-30T16:21:37Z</time>
      </trkpt>
      <trkpt lat="40.617567" lon="-0.013300">
        <ele>859.7</ele>
        <time>2015-07-30T16:21:37Z</time>
      </trkpt>
      <trkpt lat="40.617567" lon="-0.013300">
        <ele>859.7</ele>
        <time>2015-07-30T16:21:37Z</time>
      </trkpt>
      <trkpt lat="40.617567" lon="-0.013300">
        <ele>859.7</ele>
        <time>2015-07-30T16:21:37Z</time>
      </trkpt>
      <trkpt lat="40.617567" lon="-0.013300">
        <ele>859.7</ele>
        <time>2015-07-30T16:21:37Z</time>
      </trkpt>
      <trkpt lat="40.617567" lon="-0.013300">
        <ele>859.7</ele>
        <time>2015-07-30T16:21:37Z</time>
      </trkpt>
      <trkpt lat="40.617567" lon="-0.013300">
        <ele>859.7</ele>
        <time>2015-07-30T16:21:37Z</time>
      </trkpt>
      <trkpt lat="40.617567" lon="-0.013300">
        <ele>859.7</ele>
        <time>2015-07-30T16:21:37Z</time>
      </trkpt>
      <trkpt lat="40.617567" lon="-0.013300">
        <ele>859.7</ele>
        <time>2015-07-30T16:21:37Z</time>
      </trkpt>
      <trkpt lat="40.617567" lon="-0.013300">
        <ele>859.7</ele>
        <time>2015-07-30T16:21:37Z</time>
      </trkpt>
      <trkpt lat="40.617567" lon="-0.013300">
        <ele>859.7</ele>
        <time>2015-07-30T16:21:37Z</time>
      </trkpt>
      <trkpt lat="40.617567" lon="-0.013300">
        <ele>859.7</ele>
        <time>2015-07-30T16:21:37Z</time>
      </trkpt>
      <trkpt lat="40.617567" lon="-0.013300">
        <ele>859.7</ele>
        <time>2015-07-30T16:21:37Z</time>
      </trkpt>
      <trkpt lat="40.617567" lon="-0.013300">
        <ele>859.7</ele>
        <time>2015-07-30T16:21:37Z</time>
      </trkpt>
      <trkpt lat="40.617567" lon="-0.013300">
        <ele>859.7</ele>
        <time>2015-07-30T16:21:37Z</time>
      </trkpt>
      <trkpt lat="40.617567" lon="-0.013300">
        <ele>859.7</ele>
        <time>2015-07-30T16:21:37Z</time>
      </trkpt>
      <trkpt lat="40.617567" lon="-0.013300">
        <ele>859.7</ele>
        <time>2015-07-30T16:21:37Z</time>
      </trkpt>
      <trkpt lat="40.617567" lon="-0.013300">
        <ele>859.7</ele>
        <time>2015-07-30T16:21:37Z</time>
      </trkpt>
      <trkpt lat="40.617567" lon="-0.013300">
        <ele>859.7</ele>
        <time>2015-07-30T16:21:37Z</time>
      </trkpt>
      <trkpt lat="40.617567" lon="-0.013300">
        <ele>859.7</ele>
        <time>2015-07-30T16:21:37Z</time>
      </trkpt>
      <trkpt lat="40.617567" lon="-0.013300">
        <ele>859.7</ele>
        <time>2015-07-30T16:21:37Z</time>
      </trkpt>
      <trkpt lat="40.617567" lon="-0.013300">
        <ele>859.7</ele>
        <time>2015-07-30T16:21:37Z</time>
      </trkpt>
      <trkpt lat="40.617567" lon="-0.013300">
        <ele>859.7</ele>
        <time>2015-07-30T16:21:37Z</time>
      </trkpt>
      <trkpt lat="40.617567" lon="-0.013300">
        <ele>859.7</ele>
        <time>2015-07-30T16:21:37Z</time>
      </trkpt>
      <trkpt lat="40.617567" lon="-0.013300">
        <ele>859.7</ele>
        <time>2015-07-30T16:21:37Z</time>
      </trkpt>
      <trkpt lat="40.617567" lon="-0.013300">
        <ele>859.7</ele>
        <time>2015-07-30T16:21:37Z</time>
      </trkpt>
      <trkpt lat="40.617567" lon="-0.013300">
        <ele>859.7</ele>
        <time>2015-07-30T16:21:37Z</time>
      </trkpt>
      <trkpt lat="40.617567" lon="-0.013300">
        <ele>859.7</ele>
        <time>2015-07-30T16:21:37Z</time>
      </trkpt>
      <trkpt lat="40.617567" lon="-0.013300">
        <ele>859.7</ele>
        <time>2015-07-30T16:21:37Z</time>
      </trkpt>
      <trkpt lat="40.617567" lon="-0.013300">
        <ele>859.7</ele>
        <time>2015-07-30T16:21:37Z</time>
      </trkpt>
      <trkpt lat="40.617567" lon="-0.013300">
        <ele>859.7</ele>
        <time>2015-07-30T16:21:37Z</time>
      </trkpt>
      <trkpt lat="40.617567" lon="-0.013300">
        <ele>859.7</ele>
        <time>2015-07-30T16:21:37Z</time>
      </trkpt>
      <trkpt lat="40.617567" lon="-0.013300">
        <ele>859.7</ele>
        <time>2015-07-30T16:21:37Z</time>
      </trkpt>
      <trkpt lat="40.617567" lon="-0.013300">
        <ele>859.7</ele>
        <time>2015-07-30T16:21:37Z</time>
      </trkpt>
      <trkpt lat="40.617567" lon="-0.013300">
        <ele>859.7</ele>
        <time>2015-07-30T16:21:37Z</time>
      </trkpt>
      <trkpt lat="40.617567" lon="-0.013300">
        <ele>859.7</ele>
        <time>2015-07-30T16:21:37Z</time>
      </trkpt>
      <trkpt lat="40.617567" lon="-0.013300">
        <ele>859.7</ele>
        <time>2015-07-30T16:21:37Z</time>
      </trkpt>
      <trkpt lat="40.617567" lon="-0.013300">
        <ele>859.7</ele>
        <time>2015-07-30T16:21:37Z</time>
      </trkpt>
      <trkpt lat="40.617567" lon="-0.013300">
        <ele>859.7</ele>
        <time>2015-07-30T16:21:37Z</time>
      </trkpt>
      <trkpt lat="40.617567" lon="-0.013300">
        <ele>859.7</ele>
        <time>2015-07-30T16:21:37Z</time>
      </trkpt>
      <trkpt lat="40.617567" lon="-0.013300">
        <ele>859.7</ele>
        <time>2015-07-30T16:21:37Z</time>
      </trkpt>
      <trkpt lat="40.617567" lon="-0.013300">
        <ele>859.7</ele>
        <time>2015-07-30T16:21:37Z</time>
      </trkpt>
      <trkpt lat="40.617567" lon="-0.013300">
        <ele>859.7</ele>
        <time>2015-07-30T16:21:37Z</time>
      </trkpt>
      <trkpt lat="40.617567" lon="-0.013300">
        <ele>859.7</ele>
        <time>2015-07-30T16:21:37Z</time>
      </trkpt>
      <trkpt lat="40.617567" lon="-0.013300">
        <ele>859.7</ele>
        <time>2015-07-30T16:21:37Z</time>
      </trkpt>
      <trkpt lat="40.617567" lon="-0.013300">
        <ele>859.7</ele>
        <time>2015-07-30T16:21:37Z</time>
      </trkpt>
      <trkpt lat="40.617567" lon="-0.013300">
        <ele>859.7</ele>
        <time>2015-07-30T16:21:37Z</time>
      </trkpt>
      <trkpt lat="40.617567" lon="-0.013300">
        <ele>859.7</ele>
        <time>2015-07-30T16:21:37Z</time>
      </trkpt>
      <trkpt lat="40.617567" lon="-0.013300">
        <ele>859.7</ele>
        <time>2015-07-30T16:21:37Z</time>
      </trkpt>
      <trkpt lat="40.617567" lon="-0.013300">
        <ele>859.7</ele>
        <time>2015-07-30T16:21:37Z</time>
      </trkpt>
      <trkpt lat="40.617567" lon="-0.013300">
        <ele>859.7</ele>
        <time>2015-07-30T16:21:37Z</time>
      </trkpt>
      <trkpt lat="40.617567" lon="-0.013300">
        <ele>859.7</ele>
        <time>2015-07-30T16:21:37Z</time>
      </trkpt>
      <trkpt lat="40.617567" lon="-0.013300">
        <ele>859.7</ele>
        <time>2015-07-30T16:21:37Z</time>
      </trkpt>
      <trkpt lat="40.617567" lon="-0.013300">
        <ele>859.7</ele>
        <time>2015-07-30T16:21:37Z</time>
      </trkpt>
      <trkpt lat="40.617567" lon="-0.013300">
        <ele>859.7</ele>
        <time>2015-07-30T16:21:37Z</time>
      </trkpt>
      <trkpt lat="40.617567" lon="-0.013300">
        <ele>859.7</ele>
        <time>2015-07-30T16:21:37Z</time>
      </trkpt>
      <trkpt lat="40.617567" lon="-0.013300">
        <ele>859.7</ele>
        <time>2015-07-30T16:21:37Z</time>
      </trkpt>
      <trkpt lat="40.617567" lon="-0.013300">
        <ele>859.7</ele>
        <time>2015-07-30T16:21:37Z</time>
      </trkpt>
      <trkpt lat="40.617567" lon="-0.013300">
        <ele>859.7</ele>
        <time>2015-07-30T16:21:37Z</time>
      </trkpt>
      <trkpt lat="40.617567" lon="-0.013300">
        <ele>859.7</ele>
        <time>2015-07-30T16:21:37Z</time>
      </trkpt>
      <trkpt lat="40.617567" lon="-0.013300">
        <ele>859.7</ele>
        <time>2015-07-30T16:21:37Z</time>
      </trkpt>
      <trkpt lat="40.617567" lon="-0.013300">
        <ele>859.7</ele>
        <time>2015-07-30T16:21:37Z</time>
      </trkpt>
      <trkpt lat="40.617567" lon="-0.013300">
        <ele>859.7</ele>
        <time>2015-07-30T16:21:37Z</time>
      </trkpt>
      <trkpt lat="40.617567" lon="-0.013300">
        <ele>859.7</ele>
        <time>2015-07-30T16:21:37Z</time>
      </trkpt>
      <trkpt lat="40.617567" lon="-0.013300">
        <ele>859.7</ele>
        <time>2015-07-30T16:21:37Z</time>
      </trkpt>
      <trkpt lat="40.617567" lon="-0.013300">
        <ele>859.7</ele>
        <time>2015-07-30T16:21:37Z</time>
      </trkpt>
      <trkpt lat="40.617567" lon="-0.013300">
        <ele>859.7</ele>
        <time>2015-07-30T16:21:37Z</time>
      </trkpt>
      <trkpt lat="40.617567" lon="-0.013300">
        <ele>859.7</ele>
        <time>2015-07-30T16:21:37Z</time>
      </trkpt>
      <trkpt lat="40.617567" lon="-0.013300">
        <ele>859.7</ele>
        <time>2015-07-30T16:21:37Z</time>
      </trkpt>
      <trkpt lat="40.617567" lon="-0.013300">
        <ele>859.7</ele>
        <time>2015-07-30T16:21:37Z</time>
      </trkpt>
      <trkpt lat="40.617567" lon="-0.013300">
        <ele>859.7</ele>
        <time>2015-07-30T16:21:37Z</time>
      </trkpt>
      <trkpt lat="40.617567" lon="-0.013300">
        <ele>859.7</ele>
        <time>2015-07-30T16:21:37Z</time>
      </trkpt>
      <trkpt lat="40.617567" lon="-0.013300">
        <ele>859.7</ele>
        <time>2015-07-30T16:21:37Z</time>
      </trkpt>
      <trkpt lat="40.617567" lon="-0.013300">
        <ele>859.7</ele>
        <time>2015-07-30T16:21:37Z</time>
      </trkpt>
      <trkpt lat="40.617567" lon="-0.013300">
        <ele>859.7</ele>
        <time>2015-07-30T16:21:37Z</time>
      </trkpt>
      <trkpt lat="40.617567" lon="-0.013300">
        <ele>859.7</ele>
        <time>2015-07-30T16:21:37Z</time>
      </trkpt>
      <trkpt lat="40.617567" lon="-0.013300">
        <ele>859.7</ele>
        <time>2015-07-30T16:21:37Z</time>
      </trkpt>
      <trkpt lat="40.617567" lon="-0.013300">
        <ele>859.7</ele>
        <time>2015-07-30T16:21:37Z</time>
      </trkpt>
      <trkpt lat="40.617567" lon="-0.013300">
        <ele>859.7</ele>
        <time>2015-07-30T16:21:37Z</time>
      </trkpt>
      <trkpt lat="40.617567" lon="-0.013300">
        <ele>859.7</ele>
        <time>2015-07-30T16:21:37Z</time>
      </trkpt>
      <trkpt lat="40.617567" lon="-0.013300">
        <ele>859.7</ele>
        <time>2015-07-30T16:21:37Z</time>
      </trkpt>
      <trkpt lat="40.617567" lon="-0.013300">
        <ele>859.7</ele>
        <time>2015-07-30T16:21:37Z</time>
      </trkpt>
      <trkpt lat="40.617567" lon="-0.013300">
        <ele>859.7</ele>
        <time>2015-07-30T16:21:37Z</time>
      </trkpt>
      <trkpt lat="40.617567" lon="-0.013300">
        <ele>859.7</ele>
        <time>2015-07-30T16:21:37Z</time>
      </trkpt>
      <trkpt lat="40.617567" lon="-0.013300">
        <ele>859.7</ele>
        <time>2015-07-30T16:21:37Z</time>
      </trkpt>
      <trkpt lat="40.617567" lon="-0.013300">
        <ele>859.7</ele>
        <time>2015-07-30T16:21:37Z</time>
      </trkpt>
      <trkpt lat="40.617567" lon="-0.013300">
        <ele>859.7</ele>
        <time>2015-07-30T16:21:37Z</time>
      </trkpt>
      <trkpt lat="40.617567" lon="-0.013300">
        <ele>859.7</ele>
        <time>2015-07-30T16:21:37Z</time>
      </trkpt>
      <trkpt lat="40.617567" lon="-0.013300">
        <ele>859.7</ele>
        <time>2015-07-30T16:21:37Z</time>
      </trkpt>
      <trkpt lat="40.617567" lon="-0.013300">
        <ele>859.7</ele>
        <time>2015-07-30T16:21:37Z</time>
      </trkpt>
      <trkpt lat="40.617567" lon="-0.013300">
        <ele>859.7</ele>
        <time>2015-07-30T16:21:37Z</time>
      </trkpt>
      <trkpt lat="40.617567" lon="-0.013300">
        <ele>859.7</ele>
        <time>2015-07-30T16:21:37Z</time>
      </trkpt>
      <trkpt lat="40.617567" lon="-0.013300">
        <ele>859.7</ele>
        <time>2015-07-30T16:21:37Z</time>
      </trkpt>
      <trkpt lat="40.617567" lon="-0.013300">
        <ele>859.7</ele>
        <time>2015-07-30T16:21:37Z</time>
      </trkpt>
      <trkpt lat="40.617567" lon="-0.013300">
        <ele>859.7</ele>
        <time>2015-07-30T16:21:37Z</time>
      </trkpt>
      <trkpt lat="40.617567" lon="-0.013300">
        <ele>859.7</ele>
        <time>2015-07-30T16:21:37Z</time>
      </trkpt>
      <trkpt lat="40.617567" lon="-0.013300">
        <ele>859.7</ele>
        <time>2015-07-30T16:21:37Z</time>
      </trkpt>
      <trkpt lat="40.617567" lon="-0.013300">
        <ele>859.7</ele>
        <time>2015-07-30T16:21:37Z</time>
      </trkpt>
      <trkpt lat="40.617567" lon="-0.013300">
        <ele>859.7</ele>
        <time>2015-07-30T16:21:37Z</time>
      </trkpt>
      <trkpt lat="40.617567" lon="-0.013300">
        <ele>859.7</ele>
        <time>2015-07-30T16:21:37Z</time>
      </trkpt>
      <trkpt lat="40.617567" lon="-0.013300">
        <ele>859.7</ele>
        <time>2015-07-30T16:21:37Z</time>
      </trkpt>
      <trkpt lat="40.617567" lon="-0.013300">
        <ele>859.7</ele>
        <time>2015-07-30T16:21:37Z</time>
      </trkpt>
      <trkpt lat="40.617567" lon="-0.013300">
        <ele>859.7</ele>
        <time>2015-07-30T16:21:37Z</time>
      </trkpt>
      <trkpt lat="40.617567" lon="-0.013300">
        <ele>859.7</ele>
        <time>2015-07-30T16:21:37Z</time>
      </trkpt>
      <trkpt lat="40.617567" lon="-0.013300">
        <ele>859.7</ele>
        <time>2015-07-30T16:21:37Z</time>
      </trkpt>
      <trkpt lat="40.617567" lon="-0.013300">
        <ele>859.7</ele>
        <time>2015-07-30T16:21:37Z</time>
      </trkpt>
      <trkpt lat="40.617567" lon="-0.013300">
        <ele>859.7</ele>
        <time>2015-07-30T16:21:37Z</time>
      </trkpt>
      <trkpt lat="40.617567" lon="-0.013300">
        <ele>859.7</ele>
        <time>2015-07-30T16:21:37Z</time>
      </trkpt>
      <trkpt lat="40.617567" lon="-0.013300">
        <ele>859.7</ele>
        <time>2015-07-30T16:21:37Z</time>
      </trkpt>
      <trkpt lat="40.617567" lon="-0.013300">
        <ele>859.7</ele>
        <time>2015-07-30T16:21:37Z</time>
      </trkpt>
      <trkpt lat="40.617567" lon="-0.013300">
        <ele>859.7</ele>
        <time>2015-07-30T16:21:37Z</time>
      </trkpt>
      <trkpt lat="40.617567" lon="-0.013300">
        <ele>859.7</ele>
        <time>2015-07-30T16:21:37Z</time>
      </trkpt>
      <trkpt lat="40.617567" lon="-0.013300">
        <ele>859.7</ele>
        <time>2015-07-30T16:21:37Z</time>
      </trkpt>
      <trkpt lat="40.617567" lon="-0.013300">
        <ele>859.7</ele>
        <time>2015-07-30T16:21:37Z</time>
      </trkpt>
      <trkpt lat="40.617567" lon="-0.013300">
        <ele>859.7</ele>
        <time>2015-07-30T16:21:37Z</time>
      </trkpt>
      <trkpt lat="40.617567" lon="-0.013300">
        <ele>859.7</ele>
        <time>2015-07-30T16:21:37Z</time>
      </trkpt>
      <trkpt lat="40.617567" lon="-0.013300">
        <ele>859.7</ele>
        <time>2015-07-30T16:21:37Z</time>
      </trkpt>
      <trkpt lat="40.617567" lon="-0.013300">
        <ele>859.7</ele>
        <time>2015-07-30T16:21:37Z</time>
      </trkpt>
      <trkpt lat="40.617567" lon="-0.013300">
        <ele>859.7</ele>
        <time>2015-07-30T16:21:37Z</time>
      </trkpt>
      <trkpt lat="40.617567" lon="-0.013300">
        <ele>859.7</ele>
        <time>2015-07-30T16:21:37Z</time>
      </trkpt>
      <trkpt lat="40.617567" lon="-0.013300">
        <ele>859.7</ele>
        <time>2015-07-30T16:21:37Z</time>
      </trkpt>
      <trkpt lat="40.617567" lon="-0.013300">
        <ele>859.7</ele>
        <time>2015-07-30T16:21:37Z</time>
      </trkpt>
      <trkpt lat="40.617567" lon="-0.013300">
        <ele>859.7</ele>
        <time>2015-07-30T16:21:37Z</time>
      </trkpt>
      <trkpt lat="40.617567" lon="-0.013300">
        <ele>859.7</ele>
        <time>2015-07-30T16:21:37Z</time>
      </trkpt>
      <trkpt lat="40.617567" lon="-0.013300">
        <ele>859.7</ele>
        <time>2015-07-30T16:21:37Z</time>
      </trkpt>
      <trkpt lat="40.617567" lon="-0.013300">
        <ele>859.7</ele>
        <time>2015-07-30T16:21:37Z</time>
      </trkpt>
      <trkpt lat="40.617567" lon="-0.013300">
        <ele>859.7</ele>
        <time>2015-07-30T16:21:37Z</time>
      </trkpt>
      <trkpt lat="40.617567" lon="-0.013300">
        <ele>859.7</ele>
        <time>2015-07-30T16:21:37Z</time>
      </trkpt>
      <trkpt lat="40.617567" lon="-0.013300">
        <ele>859.7</ele>
        <time>2015-07-30T16:21:37Z</time>
      </trkpt>
      <trkpt lat="40.617567" lon="-0.013300">
        <ele>859.7</ele>
        <time>2015-07-30T16:21:37Z</time>
      </trkpt>
      <trkpt lat="40.617567" lon="-0.013300">
        <ele>859.7</ele>
        <time>2015-07-30T16:21:37Z</time>
      </trkpt>
      <trkpt lat="40.617567" lon="-0.013300">
        <ele>859.7</ele>
        <time>2015-07-30T16:21:37Z</time>
      </trkpt>
      <trkpt lat="40.617567" lon="-0.013300">
        <ele>859.7</ele>
        <time>2015-07-30T16:21:37Z</time>
      </trkpt>
      <trkpt lat="40.617567" lon="-0.013300">
        <ele>859.7</ele>
        <time>2015-07-30T16:21:37Z</time>
      </trkpt>
      <trkpt lat="40.617567" lon="-0.013300">
        <ele>859.7</ele>
        <time>2015-07-30T16:21:37Z</time>
      </trkpt>
      <trkpt lat="40.617567" lon="-0.013300">
        <ele>859.7</ele>
        <time>2015-07-30T16:21:37Z</time>
      </trkpt>
      <trkpt lat="40.617567" lon="-0.013300">
        <ele>859.7</ele>
        <time>2015-07-30T16:21:37Z</time>
      </trkpt>
      <trkpt lat="40.617567" lon="-0.013300">
        <ele>859.7</ele>
        <time>2015-07-30T16:21:37Z</time>
      </trkpt>
      <trkpt lat="40.617567" lon="-0.013300">
        <ele>859.7</ele>
        <time>2015-07-30T16:21:37Z</time>
      </trkpt>
      <trkpt lat="40.617567" lon="-0.013300">
        <ele>859.7</ele>
        <time>2015-07-30T16:21:37Z</time>
      </trkpt>
      <trkpt lat="40.617567" lon="-0.013300">
        <ele>859.7</ele>
        <time>2015-07-30T16:21:37Z</time>
      </trkpt>
      <trkpt lat="40.617567" lon="-0.013300">
        <ele>859.7</ele>
        <time>2015-07-30T16:21:37Z</time>
      </trkpt>
      <trkpt lat="40.617567" lon="-0.013300">
        <ele>859.7</ele>
        <time>2015-07-30T16:21:37Z</time>
      </trkpt>
      <trkpt lat="40.617567" lon="-0.013300">
        <ele>859.7</ele>
        <time>2015-07-30T16:21:37Z</time>
      </trkpt>
      <trkpt lat="40.617567" lon="-0.013300">
        <ele>859.7</ele>
        <time>2015-07-30T16:21:37Z</time>
      </trkpt>
      <trkpt lat="40.617567" lon="-0.013300">
        <ele>859.7</ele>
        <time>2015-07-30T16:21:37Z</time>
      </trkpt>
      <trkpt lat="40.617567" lon="-0.013300">
        <ele>859.7</ele>
        <time>2015-07-30T16:21:37Z</time>
      </trkpt>
      <trkpt lat="40.617567" lon="-0.013300">
        <ele>859.7</ele>
        <time>2015-07-30T16:21:37Z</time>
      </trkpt>
      <trkpt lat="40.617567" lon="-0.013300">
        <ele>859.7</ele>
        <time>2015-07-30T16:21:37Z</time>
      </trkpt>
      <trkpt lat="40.617567" lon="-0.013300">
        <ele>859.7</ele>
        <time>2015-07-30T16:21:37Z</time>
      </trkpt>
      <trkpt lat="40.617567" lon="-0.013300">
        <ele>859.7</ele>
        <time>2015-07-30T16:21:37Z</time>
      </trkpt>
      <trkpt lat="40.617567" lon="-0.013300">
        <ele>859.7</ele>
        <time>2015-07-30T16:21:37Z</time>
      </trkpt>
      <trkpt lat="40.617567" lon="-0.013300">
        <ele>859.7</ele>
        <time>2015-07-30T16:21:37Z</time>
      </trkpt>
      <trkpt lat="40.617567" lon="-0.013300">
        <ele>859.7</ele>
        <time>2015-07-30T16:21:37Z</time>
      </trkpt>
      <trkpt lat="40.617567" lon="-0.013300">
        <ele>859.7</ele>
        <time>2015-07-30T16:21:37Z</time>
      </trkpt>
      <trkpt lat="40.617567" lon="-0.013300">
        <ele>859.7</ele>
        <time>2015-07-30T16:21:37Z</time>
      </trkpt>
      <trkpt lat="40.617567" lon="-0.013300">
        <ele>859.7</ele>
        <time>2015-07-30T16:21:37Z</time>
      </trkpt>
      <trkpt lat="40.617567" lon="-0.013300">
        <ele>859.7</ele>
        <time>2015-07-30T16:21:37Z</time>
      </trkpt>
      <trkpt lat="40.617567" lon="-0.013300">
        <ele>859.7</ele>
        <time>2015-07-30T16:21:37Z</time>
      </trkpt>
      <trkpt lat="40.617567" lon="-0.013300">
        <ele>859.7</ele>
        <time>2015-07-30T16:21:37Z</time>
      </trkpt>
      <trkpt lat="40.617567" lon="-0.013300">
        <ele>859.7</ele>
        <time>2015-07-30T16:21:37Z</time>
      </trkpt>
      <trkpt lat="40.617567" lon="-0.013300">
        <ele>859.7</ele>
        <time>2015-07-30T16:21:37Z</time>
      </trkpt>
      <trkpt lat="40.617567" lon="-0.013300">
        <ele>859.7</ele>
        <time>2015-07-30T16:21:37Z</time>
      </trkpt>
      <trkpt lat="40.617567" lon="-0.013300">
        <ele>859.7</ele>
        <time>2015-07-30T16:21:37Z</time>
      </trkpt>
      <trkpt lat="40.617567" lon="-0.013300">
        <ele>859.7</ele>
        <time>2015-07-30T16:21:37Z</time>
      </trkpt>
      <trkpt lat="40.617567" lon="-0.013300">
        <ele>859.7</ele>
        <time>2015-07-30T16:21:37Z</time>
      </trkpt>
      <trkpt lat="40.617567" lon="-0.013300">
        <ele>859.7</ele>
        <time>2015-07-30T16:21:37Z</time>
      </trkpt>
      <trkpt lat="40.617567" lon="-0.013300">
        <ele>859.7</ele>
        <time>2015-07-30T16:21:37Z</time>
      </trkpt>
      <trkpt lat="40.617567" lon="-0.013300">
        <ele>859.7</ele>
        <time>2015-07-30T16:21:37Z</time>
      </trkpt>
      <trkpt lat="40.617567" lon="-0.013300">
        <ele>859.7</ele>
        <time>2015-07-30T16:21:37Z</time>
      </trkpt>
      <trkpt lat="40.617567" lon="-0.013300">
        <ele>859.7</ele>
        <time>2015-07-30T16:21:37Z</time>
      </trkpt>
      <trkpt lat="40.617567" lon="-0.013300">
        <ele>859.7</ele>
        <time>2015-07-30T16:21:37Z</time>
      </trkpt>
      <trkpt lat="40.617567" lon="-0.013300">
        <ele>859.7</ele>
        <time>2015-07-30T16:21:37Z</time>
      </trkpt>
      <trkpt lat="40.617567" lon="-0.013300">
        <ele>859.7</ele>
        <time>2015-07-30T16:21:37Z</time>
      </trkpt>
      <trkpt lat="40.617567" lon="-0.013300">
        <ele>859.7</ele>
        <time>2015-07-30T16:21:37Z</time>
      </trkpt>
      <trkpt lat="40.617567" lon="-0.013300">
        <ele>859.7</ele>
        <time>2015-07-30T16:21:37Z</time>
      </trkpt>
      <trkpt lat="40.617567" lon="-0.013300">
        <ele>859.7</ele>
        <time>2015-07-30T16:21:37Z</time>
      </trkpt>
      <trkpt lat="40.617567" lon="-0.013300">
        <ele>859.7</ele>
        <time>2015-07-30T16:21:37Z</time>
      </trkpt>
      <trkpt lat="40.617567" lon="-0.013300">
        <ele>859.7</ele>
        <time>2015-07-30T16:21:37Z</time>
      </trkpt>
      <trkpt lat="40.617567" lon="-0.013300">
        <ele>859.7</ele>
        <time>2015-07-30T16:21:37Z</time>
      </trkpt>
      <trkpt lat="40.617567" lon="-0.013300">
        <ele>859.7</ele>
        <time>2015-07-30T16:21:37Z</time>
      </trkpt>
      <trkpt lat="40.617567" lon="-0.013300">
        <ele>859.7</ele>
        <time>2015-07-30T16:21:37Z</time>
      </trkpt>
      <trkpt lat="40.617567" lon="-0.013300">
        <ele>859.7</ele>
        <time>2015-07-30T16:21:37Z</time>
      </trkpt>
      <trkpt lat="40.617567" lon="-0.013300">
        <ele>859.7</ele>
        <time>2015-07-30T16:21:37Z</time>
      </trkpt>
      <trkpt lat="40.617567" lon="-0.013300">
        <ele>859.7</ele>
        <time>2015-07-30T16:21:37Z</time>
      </trkpt>
      <trkpt lat="40.617567" lon="-0.013300">
        <ele>859.7</ele>
        <time>2015-07-30T16:21:37Z</time>
      </trkpt>
      <trkpt lat="40.617567" lon="-0.013300">
        <ele>859.7</ele>
        <time>2015-07-30T16:21:37Z</time>
      </trkpt>
      <trkpt lat="40.617567" lon="-0.013300">
        <ele>859.7</ele>
        <time>2015-07-30T16:21:37Z</time>
      </trkpt>
      <trkpt lat="40.617567" lon="-0.013300">
        <ele>859.7</ele>
        <time>2015-07-30T16:21:37Z</time>
      </trkpt>
      <trkpt lat="40.617567" lon="-0.013300">
        <ele>859.7</ele>
        <time>2015-07-30T16:21:37Z</time>
      </trkpt>
      <trkpt lat="40.617567" lon="-0.013300">
        <ele>859.7</ele>
        <time>2015-07-30T16:21:37Z</time>
      </trkpt>
      <trkpt lat="40.617567" lon="-0.013300">
        <ele>859.7</ele>
        <time>2015-07-30T16:21:37Z</time>
      </trkpt>
      <trkpt lat="40.617567" lon="-0.013300">
        <ele>859.7</ele>
        <time>2015-07-30T16:21:37Z</time>
      </trkpt>
      <trkpt lat="40.617567" lon="-0.013300">
        <ele>859.7</ele>
        <time>2015-07-30T16:21:37Z</time>
      </trkpt>
      <trkpt lat="40.617567" lon="-0.013300">
        <ele>859.7</ele>
        <time>2015-07-30T16:21:37Z</time>
      </trkpt>
      <trkpt lat="40.617567" lon="-0.013300">
        <ele>859.7</ele>
        <time>2015-07-30T16:21:37Z</time>
      </trkpt>
      <trkpt lat="40.617567" lon="-0.013300">
        <ele>859.7</ele>
        <time>2015-07-30T16:21:37Z</time>
      </trkpt>
      <trkpt lat="40.617567" lon="-0.013300">
        <ele>859.7</ele>
        <time>2015-07-30T16:21:37Z</time>
      </trkpt>
      <trkpt lat="40.617567" lon="-0.013300">
        <ele>859.7</ele>
        <time>2015-07-30T16:21:37Z</time>
      </trkpt>
      <trkpt lat="40.617567" lon="-0.013300">
        <ele>859.7</ele>
        <time>2015-07-30T16:21:37Z</time>
      </trkpt>
      <trkpt lat="40.617567" lon="-0.013300">
        <ele>859.7</ele>
        <time>2015-07-30T16:21:37Z</time>
      </trkpt>
      <trkpt lat="40.617567" lon="-0.013300">
        <ele>859.7</ele>
        <time>2015-07-30T16:21:37Z</time>
      </trkpt>
      <trkpt lat="40.617567" lon="-0.013300">
        <ele>859.7</ele>
        <time>2015-07-30T16:21:37Z</time>
      </trkpt>
      <trkpt lat="40.617567" lon="-0.013300">
        <ele>859.7</ele>
        <time>2015-07-30T16:21:37Z</time>
      </trkpt>
      <trkpt lat="40.617567" lon="-0.013300">
        <ele>859.7</ele>
        <time>2015-07-30T16:21:37Z</time>
      </trkpt>
      <trkpt lat="40.617567" lon="-0.013300">
        <ele>859.7</ele>
        <time>2015-07-30T16:21:37Z</time>
      </trkpt>
      <trkpt lat="40.617567" lon="-0.013300">
        <ele>859.7</ele>
        <time>2015-07-30T16:21:37Z</time>
      </trkpt>
      <trkpt lat="40.617567" lon="-0.013300">
        <ele>859.7</ele>
        <time>2015-07-30T16:21:37Z</time>
      </trkpt>
      <trkpt lat="40.617567" lon="-0.013300">
        <ele>859.7</ele>
        <time>2015-07-30T16:21:37Z</time>
      </trkpt>
      <trkpt lat="40.617567" lon="-0.013300">
        <ele>859.7</ele>
        <time>2015-07-30T16:21:37Z</time>
      </trkpt>
      <trkpt lat="40.617567" lon="-0.013300">
        <ele>859.7</ele>
        <time>2015-07-30T16:21:37Z</time>
      </trkpt>
      <trkpt lat="40.617567" lon="-0.013300">
        <ele>859.7</ele>
        <time>2015-07-30T16:21:37Z</time>
      </trkpt>
      <trkpt lat="40.617567" lon="-0.013300">
        <ele>859.7</ele>
        <time>2015-07-30T16:21:37Z</time>
      </trkpt>
      <trkpt lat="40.617567" lon="-0.013300">
        <ele>859.7</ele>
        <time>2015-07-30T16:21:37Z</time>
      </trkpt>
      <trkpt lat="40.617567" lon="-0.013300">
        <ele>859.7</ele>
        <time>2015-07-30T16:21:37Z</time>
      </trkpt>
      <trkpt lat="40.617567" lon="-0.013300">
        <ele>859.7</ele>
        <time>2015-07-30T16:21:37Z</time>
      </trkpt>
      <trkpt lat="40.617567" lon="-0.013300">
        <ele>859.7</ele>
        <time>2015-07-30T16:21:37Z</time>
      </trkpt>
      <trkpt lat="40.617567" lon="-0.013300">
        <ele>859.7</ele>
        <time>2015-07-30T16:21:37Z</time>
      </trkpt>
      <trkpt lat="40.617567" lon="-0.013300">
        <ele>859.7</ele>
        <time>2015-07-30T16:21:37Z</time>
      </trkpt>
      <trkpt lat="40.617567" lon="-0.013300">
        <ele>859.7</ele>
        <time>2015-07-30T16:21:37Z</time>
      </trkpt>
      <trkpt lat="40.617567" lon="-0.013300">
        <ele>859.7</ele>
        <time>2015-07-30T16:21:37Z</time>
      </trkpt>
      <trkpt lat="40.617567" lon="-0.013300">
        <ele>859.7</ele>
        <time>2015-07-30T16:21:37Z</time>
      </trkpt>
      <trkpt lat="40.617567" lon="-0.013300">
        <ele>859.7</ele>
        <time>2015-07-30T16:21:37Z</time>
      </trkpt>
      <trkpt lat="40.617567" lon="-0.013300">
        <ele>859.7</ele>
        <time>2015-07-30T16:21:37Z</time>
      </trkpt>
      <trkpt lat="40.617567" lon="-0.013300">
        <ele>859.7</ele>
        <time>2015-07-30T16:21:37Z</time>
      </trkpt>
      <trkpt lat="40.617567" lon="-0.013300">
        <ele>859.7</ele>
        <time>2015-07-30T16:21:37Z</time>
      </trkpt>
      <trkpt lat="40.617567" lon="-0.013300">
        <ele>859.7</ele>
        <time>2015-07-30T16:21:37Z</time>
      </trkpt>
      <trkpt lat="40.617567" lon="-0.013300">
        <ele>859.7</ele>
        <time>2015-07-30T16:21:37Z</time>
      </trkpt>
      <trkpt lat="40.617583" lon="-0.013333">
        <ele>859.5</ele>
        <time>2015-07-30T16:21:39Z</time>
      </trkpt>
      <trkpt lat="40.617583" lon="-0.013350">
        <ele>859.7</ele>
        <time>2015-07-30T16:21:40Z</time>
      </trkpt>
      <trkpt lat="40.617617" lon="-0.013433">
        <ele>858.6</ele>
        <time>2015-07-30T16:21:45Z</time>
      </trkpt>
      <trkpt lat="40.617617" lon="-0.013467">
        <ele>858.8</ele>
        <time>2015-07-30T16:21:47Z</time>
      </trkpt>
      <trkpt lat="40.617650" lon="-0.013583">
        <ele>859.1</ele>
        <time>2015-07-30T16:21:54Z</time>
      </trkpt>
      <trkpt lat="40.617650" lon="-0.013633">
        <ele>860.0</ele>
        <time>2015-07-30T16:21:56Z</time>
      </trkpt>
      <trkpt lat="40.617667" lon="-0.013683">
        <ele>860.2</ele>
        <time>2015-07-30T16:21:59Z</time>
      </trkpt>
      <trkpt lat="40.617683" lon="-0.013717">
        <ele>860.1</ele>
        <time>2015-07-30T16:22:02Z</time>
      </trkpt>
      <trkpt lat="40.617733" lon="-0.013783">
        <ele>859.6</ele>
        <time>2015-07-30T16:22:07Z</time>
      </trkpt>
      <trkpt lat="40.617750" lon="-0.013817">
        <ele>859.5</ele>
        <time>2015-07-30T16:22:09Z</time>
      </trkpt>
      <trkpt lat="40.617767" lon="-0.013850">
        <ele>859.5</ele>
        <time>2015-07-30T16:22:11Z</time>
      </trkpt>
      <trkpt lat="40.617800" lon="-0.013900">
        <ele>859.6</ele>
        <time>2015-07-30T16:22:15Z</time>
      </trkpt>
      <trkpt lat="40.617800" lon="-0.013917">
        <ele>860.0</ele>
        <time>2015-07-30T16:22:16Z</time>
      </trkpt>
      <trkpt lat="40.617817" lon="-0.013933">
        <ele>860.2</ele>
        <time>2015-07-30T16:22:17Z</time>
      </trkpt>
      <trkpt lat="40.617833" lon="-0.013950">
        <ele>859.9</ele>
        <time>2015-07-30T16:22:19Z</time>
      </trkpt>
      <trkpt lat="40.617917" lon="-0.014033">
        <ele>858.1</ele>
        <time>2015-07-30T16:22:26Z</time>
      </trkpt>
      <trkpt lat="40.617950" lon="-0.014100">
        <ele>857.6</ele>
        <time>2015-07-30T16:22:31Z</time>
      </trkpt>
      <trkpt lat="40.618017" lon="-0.014317">
        <ele>857.2</ele>
        <time>2015-07-30T16:22:44Z</time>
      </trkpt>
      <trkpt lat="40.618050" lon="-0.014417">
        <ele>857.6</ele>
        <time>2015-07-30T16:22:50Z</time>
      </trkpt>
      <trkpt lat="40.618117" lon="-0.014550">
        <ele>858.7</ele>
        <time>2015-07-30T16:22:59Z</time>
      </trkpt>
      <trkpt lat="40.618150" lon="-0.014583">
        <ele>858.9</ele>
        <time>2015-07-30T16:23:02Z</time>
      </trkpt>
      <trkpt lat="40.618267" lon="-0.014683">
        <ele>859.8</ele>
        <time>2015-07-30T16:23:12Z</time>
      </trkpt>
      <trkpt lat="40.618383" lon="-0.014817">
        <ele>860.7</ele>
        <time>2015-07-30T16:23:23Z</time>
      </trkpt>
      <trkpt lat="40.618400" lon="-0.014833">
        <ele>859.7</ele>
        <time>2015-07-30T16:23:25Z</time>
      </trkpt>
      <trkpt lat="40.618400" lon="-0.014833">
        <ele>859.7</ele>
        <time>2015-07-30T16:23:25Z</time>
      </trkpt>
      <trkpt lat="40.618400" lon="-0.014833">
        <ele>859.7</ele>
        <time>2015-07-30T16:23:25Z</time>
      </trkpt>
      <trkpt lat="40.618400" lon="-0.014833">
        <ele>859.7</ele>
        <time>2015-07-30T16:23:25Z</time>
      </trkpt>
      <trkpt lat="40.618400" lon="-0.014833">
        <ele>859.7</ele>
        <time>2015-07-30T16:23:25Z</time>
      </trkpt>
      <trkpt lat="40.618400" lon="-0.014833">
        <ele>859.7</ele>
        <time>2015-07-30T16:23:25Z</time>
      </trkpt>
      <trkpt lat="40.618400" lon="-0.014833">
        <ele>859.7</ele>
        <time>2015-07-30T16:23:25Z</time>
      </trkpt>
      <trkpt lat="40.618400" lon="-0.014833">
        <ele>859.7</ele>
        <time>2015-07-30T16:23:25Z</time>
      </trkpt>
      <trkpt lat="40.618400" lon="-0.014833">
        <ele>859.7</ele>
        <time>2015-07-30T16:23:25Z</time>
      </trkpt>
      <trkpt lat="40.618400" lon="-0.014833">
        <ele>859.7</ele>
        <time>2015-07-30T16:23:25Z</time>
      </trkpt>
      <trkpt lat="40.618400" lon="-0.014833">
        <ele>859.7</ele>
        <time>2015-07-30T16:23:25Z</time>
      </trkpt>
      <trkpt lat="40.618400" lon="-0.014833">
        <ele>859.7</ele>
        <time>2015-07-30T16:23:25Z</time>
      </trkpt>
      <trkpt lat="40.618583" lon="-0.015050">
        <ele>860.7</ele>
        <time>2015-07-30T16:23:42Z</time>
      </trkpt>
      <trkpt lat="40.618617" lon="-0.015083">
        <ele>860.7</ele>
        <time>2015-07-30T16:23:46Z</time>
      </trkpt>
      <trkpt lat="40.618667" lon="-0.015167">
        <ele>861.3</ele>
        <time>2015-07-30T16:23:51Z</time>
      </trkpt>
      <trkpt lat="40.618683" lon="-0.015200">
        <ele>860.9</ele>
        <time>2015-07-30T16:23:54Z</time>
      </trkpt>
      <trkpt lat="40.618750" lon="-0.015383">
        <ele>860.2</ele>
        <time>2015-07-30T16:24:05Z</time>
      </trkpt>
      <trkpt lat="40.618783" lon="-0.015416">
        <ele>860.8</ele>
        <time>2015-07-30T16:24:08Z</time>
      </trkpt>
      <trkpt lat="40.618800" lon="-0.015450">
        <ele>861.7</ele>
        <time>2015-07-30T16:24:10Z</time>
      </trkpt>
      <trkpt lat="40.618867" lon="-0.015550">
        <ele>862.3</ele>
        <time>2015-07-30T16:24:17Z</time>
      </trkpt>
      <trkpt lat="40.618883" lon="-0.015583">
        <ele>862.0</ele>
        <time>2015-07-30T16:24:20Z</time>
      </trkpt>
      <trkpt lat="40.618933" lon="-0.015817">
        <ele>862.1</ele>
        <time>2015-07-30T16:24:33Z</time>
      </trkpt>
      <trkpt lat="40.619083" lon="-0.016217">
        <ele>863.9</ele>
        <time>2015-07-30T16:24:58Z</time>
      </trkpt>
      <trkpt lat="40.619133" lon="-0.016283">
        <ele>863.3</ele>
        <time>2015-07-30T16:25:03Z</time>
      </trkpt>
      <trkpt lat="40.619200" lon="-0.016467">
        <ele>864.2</ele>
        <time>2015-07-30T16:25:14Z</time>
      </trkpt>
      <trkpt lat="40.619383" lon="-0.016750">
        <ele>863.5</ele>
        <time>2015-07-30T16:25:35Z</time>
      </trkpt>
      <trkpt lat="40.619467" lon="-0.016833">
        <ele>862.6</ele>
        <time>2015-07-30T16:25:42Z</time>
      </trkpt>
      <trkpt lat="40.619483" lon="-0.016850">
        <ele>862.4</ele>
        <time>2015-07-30T16:25:44Z</time>
      </trkpt>
      <trkpt lat="40.619533" lon="-0.016883">
        <ele>861.3</ele>
        <time>2015-07-30T16:25:48Z</time>
      </trkpt>
      <trkpt lat="40.619617" lon="-0.016950">
        <ele>859.5</ele>
        <time>2015-07-30T16:25:55Z</time>
      </trkpt>
      <trkpt lat="40.619683" lon="-0.016967">
        <ele>859.0</ele>
        <time>2015-07-30T16:26:00Z</time>
      </trkpt>
      <trkpt lat="40.619783" lon="-0.016983">
        <ele>859.1</ele>
        <time>2015-07-30T16:26:07Z</time>
      </trkpt>
      <trkpt lat="40.619817" lon="-0.017000">
        <ele>859.4</ele>
        <time>2015-07-30T16:26:10Z</time>
      </trkpt>
      <trkpt lat="40.619850" lon="-0.017017">
        <ele>859.1</ele>
        <time>2015-07-30T16:26:12Z</time>
      </trkpt>
      <trkpt lat="40.619933" lon="-0.017133">
        <ele>860.4</ele>
        <time>2015-07-30T16:26:21Z</time>
      </trkpt>
      <trkpt lat="40.620067" lon="-0.017483">
        <ele>861.9</ele>
        <time>2015-07-30T16:26:43Z</time>
      </trkpt>
      <trkpt lat="40.620083" lon="-0.017533">
        <ele>861.1</ele>
        <time>2015-07-30T16:26:46Z</time>
      </trkpt>
      <trkpt lat="40.620117" lon="-0.017700">
        <ele>859.8</ele>
        <time>2015-07-30T16:26:55Z</time>
      </trkpt>
      <trkpt lat="40.620133" lon="-0.017833">
        <ele>856.9</ele>
        <time>2015-07-30T16:27:03Z</time>
      </trkpt>
      <trkpt lat="40.620100" lon="-0.017967">
        <ele>858.1</ele>
        <time>2015-07-30T16:27:11Z</time>
      </trkpt>
      <trkpt lat="40.620117" lon="-0.018000">
        <ele>858.4</ele>
        <time>2015-07-30T16:27:13Z</time>
      </trkpt>
      <trkpt lat="40.620200" lon="-0.018100">
        <ele>859.4</ele>
        <time>2015-07-30T16:27:21Z</time>
      </trkpt>
      <trkpt lat="40.620217" lon="-0.018117">
        <ele>859.5</ele>
        <time>2015-07-30T16:27:23Z</time>
      </trkpt>
      <trkpt lat="40.620250" lon="-0.018133">
        <ele>859.5</ele>
        <time>2015-07-30T16:27:25Z</time>
      </trkpt>
      <trkpt lat="40.620368" lon="-0.018183">
        <ele>859.6</ele>
        <time>2015-07-30T16:27:34Z</time>
      </trkpt>
      <trkpt lat="40.620383" lon="-0.018200">
        <ele>859.9</ele>
        <time>2015-07-30T16:27:36Z</time>
      </trkpt>
      <trkpt lat="40.620667" lon="-0.018317">
        <ele>860.7</ele>
        <time>2015-07-30T16:27:57Z</time>
      </trkpt>
      <trkpt lat="40.620700" lon="-0.018333">
        <ele>860.4</ele>
        <time>2015-07-30T16:28:00Z</time>
      </trkpt>
      <trkpt lat="40.620884" lon="-0.018367">
        <ele>857.9</ele>
        <time>2015-07-30T16:28:13Z</time>
      </trkpt>
      <trkpt lat="40.620900" lon="-0.018367">
        <ele>857.7</ele>
        <time>2015-07-30T16:28:15Z</time>
      </trkpt>
      <trkpt lat="40.621000" lon="-0.018417">
        <ele>857.0</ele>
        <time>2015-07-30T16:28:22Z</time>
      </trkpt>
      <trkpt lat="40.621033" lon="-0.018450">
        <ele>856.5</ele>
        <time>2015-07-30T16:28:25Z</time>
      </trkpt>
      <trkpt lat="40.621533" lon="-0.019083">
        <ele>862.0</ele>
        <time>2015-07-30T16:29:16Z</time>
      </trkpt>
      <trkpt lat="40.621700" lon="-0.019217">
        <ele>861.5</ele>
        <time>2015-07-30T16:29:30Z</time>
      </trkpt>
      <trkpt lat="40.621800" lon="-0.019267">
        <ele>861.3</ele>
        <time>2015-07-30T16:29:38Z</time>
      </trkpt>
      <trkpt lat="40.621883" lon="-0.019283">
        <ele>861.1</ele>
        <time>2015-07-30T16:29:44Z</time>
      </trkpt>
      <trkpt lat="40.622133" lon="-0.019417">
        <ele>861.8</ele>
        <time>2015-07-30T16:30:04Z</time>
      </trkpt>
      <trkpt lat="40.622268" lon="-0.019483">
        <ele>863.4</ele>
        <time>2015-07-30T16:30:14Z</time>
      </trkpt>
      <trkpt lat="40.622533" lon="-0.019767">
        <ele>865.9</ele>
        <time>2015-07-30T16:30:39Z</time>
      </trkpt>
      <trkpt lat="40.622567" lon="-0.019800">
        <ele>866.1</ele>
        <time>2015-07-30T16:30:42Z</time>
      </trkpt>
      <trkpt lat="40.622800" lon="-0.020100">
        <ele>866.2</ele>
        <time>2015-07-30T16:31:06Z</time>
      </trkpt>
      <trkpt lat="40.622833" lon="-0.020133">
        <ele>865.8</ele>
        <time>2015-07-30T16:31:09Z</time>
      </trkpt>
      <trkpt lat="40.623033" lon="-0.020633">
        <ele>865.5</ele>
        <time>2015-07-30T16:31:40Z</time>
      </trkpt>
      <trkpt lat="40.623150" lon="-0.020817">
        <ele>866.0</ele>
        <time>2015-07-30T16:31:53Z</time>
      </trkpt>
      <trkpt lat="40.623167" lon="-0.020833">
        <ele>865.9</ele>
        <time>2015-07-30T16:31:55Z</time>
      </trkpt>
      <trkpt lat="40.623200" lon="-0.020867">
        <ele>866.4</ele>
        <time>2015-07-30T16:31:58Z</time>
      </trkpt>
      <trkpt lat="40.623217" lon="-0.020867">
        <ele>866.4</ele>
        <time>2015-07-30T16:31:59Z</time>
      </trkpt>
      <trkpt lat="40.623233" lon="-0.020867">
        <ele>866.3</ele>
        <time>2015-07-30T16:32:00Z</time>
      </trkpt>
      <trkpt lat="40.623250" lon="-0.020883">
        <ele>866.5</ele>
        <time>2015-07-30T16:32:02Z</time>
      </trkpt>
      <trkpt lat="40.623250" lon="-0.020900">
        <ele>866.8</ele>
        <time>2015-07-30T16:32:03Z</time>
      </trkpt>
      <trkpt lat="40.623233" lon="-0.020917">
        <ele>867.2</ele>
        <time>2015-07-30T16:32:04Z</time>
      </trkpt>
      <trkpt lat="40.623217" lon="-0.020933">
        <ele>867.9</ele>
        <time>2015-07-30T16:32:06Z</time>
      </trkpt>
      <trkpt lat="40.623183" lon="-0.020933">
        <ele>868.6</ele>
        <time>2015-07-30T16:32:08Z</time>
      </trkpt>
      <trkpt lat="40.623183" lon="-0.020933">
        <ele>868.6</ele>
        <time>2015-07-30T16:32:08Z</time>
      </trkpt>
      <trkpt lat="40.623183" lon="-0.020933">
        <ele>868.6</ele>
        <time>2015-07-30T16:32:08Z</time>
      </trkpt>
      <trkpt lat="40.623183" lon="-0.020950">
        <ele>868.9</ele>
        <time>2015-07-30T16:32:09Z</time>
      </trkpt>
      <trkpt lat="40.623167" lon="-0.020950">
        <ele>869.0</ele>
        <time>2015-07-30T16:32:10Z</time>
      </trkpt>
      <trkpt lat="40.623167" lon="-0.021000">
        <ele>870.1</ele>
        <time>2015-07-30T16:32:13Z</time>
      </trkpt>
      <trkpt lat="40.623167" lon="-0.021017">
        <ele>870.5</ele>
        <time>2015-07-30T16:32:14Z</time>
      </trkpt>
      <trkpt lat="40.623167" lon="-0.021033">
        <ele>871.0</ele>
        <time>2015-07-30T16:32:15Z</time>
      </trkpt>
      <trkpt lat="40.623217" lon="-0.021067">
        <ele>871.6</ele>
        <time>2015-07-30T16:32:19Z</time>
      </trkpt>
      <trkpt lat="40.623250" lon="-0.021100">
        <ele>871.7</ele>
        <time>2015-07-30T16:32:22Z</time>
      </trkpt>
      <trkpt lat="40.623250" lon="-0.021133">
        <ele>872.4</ele>
        <time>2015-07-30T16:32:24Z</time>
      </trkpt>
      <trkpt lat="40.623267" lon="-0.021250">
        <ele>874.3</ele>
        <time>2015-07-30T16:32:30Z</time>
      </trkpt>
      <trkpt lat="40.623300" lon="-0.021317">
        <ele>874.3</ele>
        <time>2015-07-30T16:32:35Z</time>
      </trkpt>
      <trkpt lat="40.623383" lon="-0.021567">
        <ele>879.2</ele>
        <time>2015-07-30T16:32:50Z</time>
      </trkpt>
      <trkpt lat="40.623383" lon="-0.021567">
        <ele>879.2</ele>
        <time>2015-07-30T16:32:50Z</time>
      </trkpt>
      <trkpt lat="40.623383" lon="-0.021567">
        <ele>879.2</ele>
        <time>2015-07-30T16:32:50Z</time>
      </trkpt>
      <trkpt lat="40.623383" lon="-0.021567">
        <ele>879.2</ele>
        <time>2015-07-30T16:32:50Z</time>
      </trkpt>
      <trkpt lat="40.623383" lon="-0.021567">
        <ele>879.2</ele>
        <time>2015-07-30T16:32:50Z</time>
      </trkpt>
      <trkpt lat="40.623383" lon="-0.021567">
        <ele>879.2</ele>
        <time>2015-07-30T16:32:50Z</time>
      </trkpt>
      <trkpt lat="40.623383" lon="-0.021567">
        <ele>879.2</ele>
        <time>2015-07-30T16:32:50Z</time>
      </trkpt>
      <trkpt lat="40.623383" lon="-0.021567">
        <ele>879.2</ele>
        <time>2015-07-30T16:32:50Z</time>
      </trkpt>
      <trkpt lat="40.623383" lon="-0.021567">
        <ele>879.2</ele>
        <time>2015-07-30T16:32:50Z</time>
      </trkpt>
      <trkpt lat="40.623383" lon="-0.021567">
        <ele>879.2</ele>
        <time>2015-07-30T16:32:50Z</time>
      </trkpt>
      <trkpt lat="40.623383" lon="-0.021567">
        <ele>879.2</ele>
        <time>2015-07-30T16:32:50Z</time>
      </trkpt>
      <trkpt lat="40.623383" lon="-0.021567">
        <ele>879.2</ele>
        <time>2015-07-30T16:32:50Z</time>
      </trkpt>
      <trkpt lat="40.623383" lon="-0.021567">
        <ele>879.2</ele>
        <time>2015-07-30T16:32:50Z</time>
      </trkpt>
      <trkpt lat="40.623383" lon="-0.021567">
        <ele>879.2</ele>
        <time>2015-07-30T16:32:50Z</time>
      </trkpt>
      <trkpt lat="40.623383" lon="-0.021567">
        <ele>879.2</ele>
        <time>2015-07-30T16:32:50Z</time>
      </trkpt>
      <trkpt lat="40.623383" lon="-0.021567">
        <ele>879.2</ele>
        <time>2015-07-30T16:32:50Z</time>
      </trkpt>
      <trkpt lat="40.623383" lon="-0.021567">
        <ele>879.2</ele>
        <time>2015-07-30T16:32:50Z</time>
      </trkpt>
      <trkpt lat="40.623383" lon="-0.021567">
        <ele>879.2</ele>
        <time>2015-07-30T16:32:50Z</time>
      </trkpt>
      <trkpt lat="40.623383" lon="-0.021567">
        <ele>879.2</ele>
        <time>2015-07-30T16:32:50Z</time>
      </trkpt>
      <trkpt lat="40.623383" lon="-0.021567">
        <ele>879.2</ele>
        <time>2015-07-30T16:32:50Z</time>
      </trkpt>
      <trkpt lat="40.623383" lon="-0.021567">
        <ele>879.2</ele>
        <time>2015-07-30T16:32:50Z</time>
      </trkpt>
      <trkpt lat="40.623383" lon="-0.021567">
        <ele>879.2</ele>
        <time>2015-07-30T16:32:50Z</time>
      </trkpt>
      <trkpt lat="40.623383" lon="-0.021567">
        <ele>879.2</ele>
        <time>2015-07-30T16:32:50Z</time>
      </trkpt>
      <trkpt lat="40.623383" lon="-0.021567">
        <ele>879.2</ele>
        <time>2015-07-30T16:32:50Z</time>
      </trkpt>
      <trkpt lat="40.623383" lon="-0.021567">
        <ele>879.2</ele>
        <time>2015-07-30T16:32:50Z</time>
      </trkpt>
      <trkpt lat="40.623383" lon="-0.021567">
        <ele>879.2</ele>
        <time>2015-07-30T16:32:50Z</time>
      </trkpt>
      <trkpt lat="40.623383" lon="-0.021567">
        <ele>879.2</ele>
        <time>2015-07-30T16:32:50Z</time>
      </trkpt>
      <trkpt lat="40.623383" lon="-0.021567">
        <ele>879.2</ele>
        <time>2015-07-30T16:32:50Z</time>
      </trkpt>
      <trkpt lat="40.623383" lon="-0.021567">
        <ele>879.2</ele>
        <time>2015-07-30T16:32:50Z</time>
      </trkpt>
      <trkpt lat="40.623383" lon="-0.021567">
        <ele>879.2</ele>
        <time>2015-07-30T16:32:50Z</time>
      </trkpt>
      <trkpt lat="40.623383" lon="-0.021567">
        <ele>879.2</ele>
        <time>2015-07-30T16:32:50Z</time>
      </trkpt>
      <trkpt lat="40.623383" lon="-0.021567">
        <ele>879.2</ele>
        <time>2015-07-30T16:32:50Z</time>
      </trkpt>
      <trkpt lat="40.623383" lon="-0.021567">
        <ele>879.2</ele>
        <time>2015-07-30T16:32:50Z</time>
      </trkpt>
      <trkpt lat="40.623383" lon="-0.021567">
        <ele>879.2</ele>
        <time>2015-07-30T16:32:50Z</time>
      </trkpt>
      <trkpt lat="40.623383" lon="-0.021567">
        <ele>879.2</ele>
        <time>2015-07-30T16:32:50Z</time>
      </trkpt>
      <trkpt lat="40.623383" lon="-0.021567">
        <ele>879.2</ele>
        <time>2015-07-30T16:32:50Z</time>
      </trkpt>
      <trkpt lat="40.623383" lon="-0.021567">
        <ele>879.2</ele>
        <time>2015-07-30T16:32:50Z</time>
      </trkpt>
      <trkpt lat="40.623383" lon="-0.021567">
        <ele>879.2</ele>
        <time>2015-07-30T16:32:50Z</time>
      </trkpt>
      <trkpt lat="40.623383" lon="-0.021567">
        <ele>879.2</ele>
        <time>2015-07-30T16:32:50Z</time>
      </trkpt>
      <trkpt lat="40.623383" lon="-0.021567">
        <ele>879.2</ele>
        <time>2015-07-30T16:32:50Z</time>
      </trkpt>
      <trkpt lat="40.623383" lon="-0.021567">
        <ele>879.2</ele>
        <time>2015-07-30T16:32:50Z</time>
      </trkpt>
      <trkpt lat="40.623383" lon="-0.021567">
        <ele>879.2</ele>
        <time>2015-07-30T16:32:50Z</time>
      </trkpt>
      <trkpt lat="40.623383" lon="-0.021567">
        <ele>879.2</ele>
        <time>2015-07-30T16:32:50Z</time>
      </trkpt>
      <trkpt lat="40.623383" lon="-0.021567">
        <ele>879.2</ele>
        <time>2015-07-30T16:32:50Z</time>
      </trkpt>
      <trkpt lat="40.623383" lon="-0.021567">
        <ele>879.2</ele>
        <time>2015-07-30T16:32:50Z</time>
      </trkpt>
      <trkpt lat="40.623383" lon="-0.021567">
        <ele>879.2</ele>
        <time>2015-07-30T16:32:50Z</time>
      </trkpt>
      <trkpt lat="40.623383" lon="-0.021567">
        <ele>879.2</ele>
        <time>2015-07-30T16:32:50Z</time>
      </trkpt>
      <trkpt lat="40.623383" lon="-0.021567">
        <ele>879.2</ele>
        <time>2015-07-30T16:32:50Z</time>
      </trkpt>
      <trkpt lat="40.623383" lon="-0.021567">
        <ele>879.2</ele>
        <time>2015-07-30T16:32:50Z</time>
      </trkpt>
      <trkpt lat="40.623383" lon="-0.021567">
        <ele>879.2</ele>
        <time>2015-07-30T16:32:50Z</time>
      </trkpt>
      <trkpt lat="40.623383" lon="-0.021567">
        <ele>879.2</ele>
        <time>2015-07-30T16:32:50Z</time>
      </trkpt>
      <trkpt lat="40.623383" lon="-0.021567">
        <ele>879.2</ele>
        <time>2015-07-30T16:32:50Z</time>
      </trkpt>
      <trkpt lat="40.623383" lon="-0.021567">
        <ele>879.2</ele>
        <time>2015-07-30T16:32:50Z</time>
      </trkpt>
      <trkpt lat="40.623383" lon="-0.021567">
        <ele>879.2</ele>
        <time>2015-07-30T16:32:50Z</time>
      </trkpt>
      <trkpt lat="40.623383" lon="-0.021567">
        <ele>879.2</ele>
        <time>2015-07-30T16:32:50Z</time>
      </trkpt>
      <trkpt lat="40.623383" lon="-0.021567">
        <ele>879.2</ele>
        <time>2015-07-30T16:32:50Z</time>
      </trkpt>
      <trkpt lat="40.623383" lon="-0.021567">
        <ele>879.2</ele>
        <time>2015-07-30T16:32:50Z</time>
      </trkpt>
      <trkpt lat="40.623383" lon="-0.021567">
        <ele>879.2</ele>
        <time>2015-07-30T16:32:50Z</time>
      </trkpt>
      <trkpt lat="40.623383" lon="-0.021567">
        <ele>879.2</ele>
        <time>2015-07-30T16:32:50Z</time>
      </trkpt>
      <trkpt lat="40.623383" lon="-0.021567">
        <ele>879.2</ele>
        <time>2015-07-30T16:32:50Z</time>
      </trkpt>
      <trkpt lat="40.623383" lon="-0.021567">
        <ele>879.2</ele>
        <time>2015-07-30T16:32:50Z</time>
      </trkpt>
      <trkpt lat="40.623383" lon="-0.021567">
        <ele>879.2</ele>
        <time>2015-07-30T16:32:50Z</time>
      </trkpt>
      <trkpt lat="40.623383" lon="-0.021567">
        <ele>879.2</ele>
        <time>2015-07-30T16:32:50Z</time>
      </trkpt>
      <trkpt lat="40.623383" lon="-0.021567">
        <ele>879.2</ele>
        <time>2015-07-30T16:32:50Z</time>
      </trkpt>
      <trkpt lat="40.623383" lon="-0.021567">
        <ele>879.2</ele>
        <time>2015-07-30T16:32:50Z</time>
      </trkpt>
      <trkpt lat="40.623383" lon="-0.021567">
        <ele>879.2</ele>
        <time>2015-07-30T16:32:50Z</time>
      </trkpt>
      <trkpt lat="40.623383" lon="-0.021567">
        <ele>879.2</ele>
        <time>2015-07-30T16:32:50Z</time>
      </trkpt>
      <trkpt lat="40.623383" lon="-0.021567">
        <ele>879.2</ele>
        <time>2015-07-30T16:32:50Z</time>
      </trkpt>
      <trkpt lat="40.623383" lon="-0.021567">
        <ele>879.2</ele>
        <time>2015-07-30T16:32:50Z</time>
      </trkpt>
      <trkpt lat="40.623383" lon="-0.021567">
        <ele>879.2</ele>
        <time>2015-07-30T16:32:50Z</time>
      </trkpt>
      <trkpt lat="40.623383" lon="-0.021567">
        <ele>879.2</ele>
        <time>2015-07-30T16:32:50Z</time>
      </trkpt>
      <trkpt lat="40.623383" lon="-0.021567">
        <ele>879.2</ele>
        <time>2015-07-30T16:32:50Z</time>
      </trkpt>
      <trkpt lat="40.623383" lon="-0.021567">
        <ele>879.2</ele>
        <time>2015-07-30T16:32:50Z</time>
      </trkpt>
      <trkpt lat="40.623383" lon="-0.021567">
        <ele>879.2</ele>
        <time>2015-07-30T16:32:50Z</time>
      </trkpt>
      <trkpt lat="40.623383" lon="-0.021567">
        <ele>879.2</ele>
        <time>2015-07-30T16:32:50Z</time>
      </trkpt>
      <trkpt lat="40.623383" lon="-0.021567">
        <ele>879.2</ele>
        <time>2015-07-30T16:32:50Z</time>
      </trkpt>
      <trkpt lat="40.623383" lon="-0.021567">
        <ele>879.2</ele>
        <time>2015-07-30T16:32:50Z</time>
      </trkpt>
      <trkpt lat="40.623383" lon="-0.021567">
        <ele>879.2</ele>
        <time>2015-07-30T16:32:50Z</time>
      </trkpt>
      <trkpt lat="40.623383" lon="-0.021567">
        <ele>879.2</ele>
        <time>2015-07-30T16:32:50Z</time>
      </trkpt>
      <trkpt lat="40.623383" lon="-0.021567">
        <ele>879.2</ele>
        <time>2015-07-30T16:32:50Z</time>
      </trkpt>
      <trkpt lat="40.623383" lon="-0.021567">
        <ele>879.2</ele>
        <time>2015-07-30T16:32:50Z</time>
      </trkpt>
      <trkpt lat="40.623383" lon="-0.021567">
        <ele>879.2</ele>
        <time>2015-07-30T16:32:50Z</time>
      </trkpt>
      <trkpt lat="40.623383" lon="-0.021567">
        <ele>879.2</ele>
        <time>2015-07-30T16:32:50Z</time>
      </trkpt>
      <trkpt lat="40.623383" lon="-0.021567">
        <ele>879.2</ele>
        <time>2015-07-30T16:32:50Z</time>
      </trkpt>
      <trkpt lat="40.623383" lon="-0.021567">
        <ele>879.2</ele>
        <time>2015-07-30T16:32:50Z</time>
      </trkpt>
      <trkpt lat="40.623383" lon="-0.021567">
        <ele>879.2</ele>
        <time>2015-07-30T16:32:50Z</time>
      </trkpt>
      <trkpt lat="40.623383" lon="-0.021567">
        <ele>879.2</ele>
        <time>2015-07-30T16:32:50Z</time>
      </trkpt>
      <trkpt lat="40.623383" lon="-0.021567">
        <ele>879.2</ele>
        <time>2015-07-30T16:32:50Z</time>
      </trkpt>
      <trkpt lat="40.623383" lon="-0.021567">
        <ele>879.2</ele>
        <time>2015-07-30T16:32:50Z</time>
      </trkpt>
      <trkpt lat="40.623383" lon="-0.021567">
        <ele>879.2</ele>
        <time>2015-07-30T16:32:50Z</time>
      </trkpt>
      <trkpt lat="40.623383" lon="-0.021567">
        <ele>879.2</ele>
        <time>2015-07-30T16:32:50Z</time>
      </trkpt>
      <trkpt lat="40.623383" lon="-0.021567">
        <ele>879.2</ele>
        <time>2015-07-30T16:32:50Z</time>
      </trkpt>
      <trkpt lat="40.623383" lon="-0.021567">
        <ele>879.2</ele>
        <time>2015-07-30T16:32:50Z</time>
      </trkpt>
      <trkpt lat="40.623383" lon="-0.021567">
        <ele>879.2</ele>
        <time>2015-07-30T16:32:50Z</time>
      </trkpt>
      <trkpt lat="40.623383" lon="-0.021567">
        <ele>879.2</ele>
        <time>2015-07-30T16:32:50Z</time>
      </trkpt>
      <trkpt lat="40.623383" lon="-0.021567">
        <ele>879.2</ele>
        <time>2015-07-30T16:32:50Z</time>
      </trkpt>
      <trkpt lat="40.623383" lon="-0.021567">
        <ele>879.2</ele>
        <time>2015-07-30T16:32:50Z</time>
      </trkpt>
      <trkpt lat="40.623383" lon="-0.021567">
        <ele>879.2</ele>
        <time>2015-07-30T16:32:50Z</time>
      </trkpt>
      <trkpt lat="40.623383" lon="-0.021567">
        <ele>879.2</ele>
        <time>2015-07-30T16:32:50Z</time>
      </trkpt>
      <trkpt lat="40.623383" lon="-0.021567">
        <ele>879.2</ele>
        <time>2015-07-30T16:32:50Z</time>
      </trkpt>
      <trkpt lat="40.623383" lon="-0.021567">
        <ele>879.2</ele>
        <time>2015-07-30T16:32:50Z</time>
      </trkpt>
      <trkpt lat="40.623383" lon="-0.021567">
        <ele>879.2</ele>
        <time>2015-07-30T16:32:50Z</time>
      </trkpt>
      <trkpt lat="40.623383" lon="-0.021567">
        <ele>879.2</ele>
        <time>2015-07-30T16:32:50Z</time>
      </trkpt>
      <trkpt lat="40.623383" lon="-0.021567">
        <ele>879.2</ele>
        <time>2015-07-30T16:32:50Z</time>
      </trkpt>
      <trkpt lat="40.623383" lon="-0.021567">
        <ele>879.2</ele>
        <time>2015-07-30T16:32:50Z</time>
      </trkpt>
      <trkpt lat="40.623383" lon="-0.021567">
        <ele>879.2</ele>
        <time>2015-07-30T16:32:50Z</time>
      </trkpt>
      <trkpt lat="40.623383" lon="-0.021567">
        <ele>879.2</ele>
        <time>2015-07-30T16:32:50Z</time>
      </trkpt>
      <trkpt lat="40.623383" lon="-0.021567">
        <ele>879.2</ele>
        <time>2015-07-30T16:32:50Z</time>
      </trkpt>
      <trkpt lat="40.623383" lon="-0.021567">
        <ele>879.2</ele>
        <time>2015-07-30T16:32:50Z</time>
      </trkpt>
      <trkpt lat="40.623383" lon="-0.021567">
        <ele>879.2</ele>
        <time>2015-07-30T16:32:50Z</time>
      </trkpt>
      <trkpt lat="40.623383" lon="-0.021567">
        <ele>879.2</ele>
        <time>2015-07-30T16:32:50Z</time>
      </trkpt>
      <trkpt lat="40.623383" lon="-0.021567">
        <ele>879.2</ele>
        <time>2015-07-30T16:32:50Z</time>
      </trkpt>
      <trkpt lat="40.623383" lon="-0.021567">
        <ele>879.2</ele>
        <time>2015-07-30T16:32:50Z</time>
      </trkpt>
      <trkpt lat="40.623383" lon="-0.021567">
        <ele>879.2</ele>
        <time>2015-07-30T16:32:50Z</time>
      </trkpt>
      <trkpt lat="40.623383" lon="-0.021567">
        <ele>879.2</ele>
        <time>2015-07-30T16:32:50Z</time>
      </trkpt>
      <trkpt lat="40.623383" lon="-0.021567">
        <ele>879.2</ele>
        <time>2015-07-30T16:32:50Z</time>
      </trkpt>
      <trkpt lat="40.623383" lon="-0.021567">
        <ele>879.2</ele>
        <time>2015-07-30T16:32:50Z</time>
      </trkpt>
      <trkpt lat="40.623383" lon="-0.021567">
        <ele>879.2</ele>
        <time>2015-07-30T16:32:50Z</time>
      </trkpt>
      <trkpt lat="40.623383" lon="-0.021567">
        <ele>879.2</ele>
        <time>2015-07-30T16:32:50Z</time>
      </trkpt>
      <trkpt lat="40.623383" lon="-0.021567">
        <ele>879.2</ele>
        <time>2015-07-30T16:32:50Z</time>
      </trkpt>
      <trkpt lat="40.623383" lon="-0.021567">
        <ele>879.2</ele>
        <time>2015-07-30T16:32:50Z</time>
      </trkpt>
      <trkpt lat="40.623383" lon="-0.021567">
        <ele>879.2</ele>
        <time>2015-07-30T16:32:50Z</time>
      </trkpt>
      <trkpt lat="40.623383" lon="-0.021567">
        <ele>879.2</ele>
        <time>2015-07-30T16:32:50Z</time>
      </trkpt>
      <trkpt lat="40.623383" lon="-0.021567">
        <ele>879.2</ele>
        <time>2015-07-30T16:32:50Z</time>
      </trkpt>
      <trkpt lat="40.623383" lon="-0.021567">
        <ele>879.2</ele>
        <time>2015-07-30T16:32:50Z</time>
      </trkpt>
      <trkpt lat="40.623383" lon="-0.021567">
        <ele>879.2</ele>
        <time>2015-07-30T16:32:50Z</time>
      </trkpt>
      <trkpt lat="40.623383" lon="-0.021567">
        <ele>879.2</ele>
        <time>2015-07-30T16:32:50Z</time>
      </trkpt>
      <trkpt lat="40.623383" lon="-0.021567">
        <ele>879.2</ele>
        <time>2015-07-30T16:32:50Z</time>
      </trkpt>
      <trkpt lat="40.623383" lon="-0.021567">
        <ele>879.2</ele>
        <time>2015-07-30T16:32:50Z</time>
      </trkpt>
      <trkpt lat="40.623383" lon="-0.021567">
        <ele>879.2</ele>
        <time>2015-07-30T16:32:50Z</time>
      </trkpt>
      <trkpt lat="40.623383" lon="-0.021567">
        <ele>879.2</ele>
        <time>2015-07-30T16:32:50Z</time>
      </trkpt>
      <trkpt lat="40.623383" lon="-0.021567">
        <ele>879.2</ele>
        <time>2015-07-30T16:32:50Z</time>
      </trkpt>
      <trkpt lat="40.623383" lon="-0.021567">
        <ele>879.2</ele>
        <time>2015-07-30T16:32:50Z</time>
      </trkpt>
      <trkpt lat="40.623383" lon="-0.021567">
        <ele>879.2</ele>
        <time>2015-07-30T16:32:50Z</time>
      </trkpt>
      <trkpt lat="40.623383" lon="-0.021567">
        <ele>879.2</ele>
        <time>2015-07-30T16:32:50Z</time>
      </trkpt>
      <trkpt lat="40.623383" lon="-0.021567">
        <ele>879.2</ele>
        <time>2015-07-30T16:32:50Z</time>
      </trkpt>
      <trkpt lat="40.623383" lon="-0.021567">
        <ele>879.2</ele>
        <time>2015-07-30T16:32:50Z</time>
      </trkpt>
      <trkpt lat="40.623383" lon="-0.021567">
        <ele>879.2</ele>
        <time>2015-07-30T16:32:50Z</time>
      </trkpt>
      <trkpt lat="40.623383" lon="-0.021567">
        <ele>879.2</ele>
        <time>2015-07-30T16:32:50Z</time>
      </trkpt>
      <trkpt lat="40.623383" lon="-0.021567">
        <ele>879.2</ele>
        <time>2015-07-30T16:32:50Z</time>
      </trkpt>
      <trkpt lat="40.623383" lon="-0.021567">
        <ele>879.2</ele>
        <time>2015-07-30T16:32:50Z</time>
      </trkpt>
      <trkpt lat="40.623383" lon="-0.021567">
        <ele>879.2</ele>
        <time>2015-07-30T16:32:50Z</time>
      </trkpt>
      <trkpt lat="40.623383" lon="-0.021567">
        <ele>879.2</ele>
        <time>2015-07-30T16:32:50Z</time>
      </trkpt>
      <trkpt lat="40.623383" lon="-0.021567">
        <ele>879.2</ele>
        <time>2015-07-30T16:32:50Z</time>
      </trkpt>
      <trkpt lat="40.623383" lon="-0.021567">
        <ele>879.2</ele>
        <time>2015-07-30T16:32:50Z</time>
      </trkpt>
      <trkpt lat="40.623383" lon="-0.021567">
        <ele>879.2</ele>
        <time>2015-07-30T16:32:50Z</time>
      </trkpt>
      <trkpt lat="40.623383" lon="-0.021567">
        <ele>879.2</ele>
        <time>2015-07-30T16:32:50Z</time>
      </trkpt>
      <trkpt lat="40.623383" lon="-0.021567">
        <ele>879.2</ele>
        <time>2015-07-30T16:32:50Z</time>
      </trkpt>
      <trkpt lat="40.623383" lon="-0.021567">
        <ele>879.2</ele>
        <time>2015-07-30T16:32:50Z</time>
      </trkpt>
      <trkpt lat="40.623383" lon="-0.021567">
        <ele>879.2</ele>
        <time>2015-07-30T16:32:50Z</time>
      </trkpt>
      <trkpt lat="40.623383" lon="-0.021567">
        <ele>879.2</ele>
        <time>2015-07-30T16:32:50Z</time>
      </trkpt>
      <trkpt lat="40.623383" lon="-0.021567">
        <ele>879.2</ele>
        <time>2015-07-30T16:32:50Z</time>
      </trkpt>
      <trkpt lat="40.623383" lon="-0.021567">
        <ele>879.2</ele>
        <time>2015-07-30T16:32:50Z</time>
      </trkpt>
      <trkpt lat="40.623383" lon="-0.021567">
        <ele>879.2</ele>
        <time>2015-07-30T16:32:50Z</time>
      </trkpt>
      <trkpt lat="40.623383" lon="-0.021567">
        <ele>879.2</ele>
        <time>2015-07-30T16:32:50Z</time>
      </trkpt>
      <trkpt lat="40.623383" lon="-0.021567">
        <ele>879.2</ele>
        <time>2015-07-30T16:32:50Z</time>
      </trkpt>
      <trkpt lat="40.623383" lon="-0.021567">
        <ele>879.2</ele>
        <time>2015-07-30T16:32:50Z</time>
      </trkpt>
      <trkpt lat="40.623383" lon="-0.021567">
        <ele>879.2</ele>
        <time>2015-07-30T16:32:50Z</time>
      </trkpt>
      <trkpt lat="40.623383" lon="-0.021567">
        <ele>879.2</ele>
        <time>2015-07-30T16:32:50Z</time>
      </trkpt>
      <trkpt lat="40.623383" lon="-0.021567">
        <ele>879.2</ele>
        <time>2015-07-30T16:32:50Z</time>
      </trkpt>
      <trkpt lat="40.623383" lon="-0.021567">
        <ele>879.2</ele>
        <time>2015-07-30T16:32:50Z</time>
      </trkpt>
      <trkpt lat="40.623383" lon="-0.021567">
        <ele>879.2</ele>
        <time>2015-07-30T16:32:50Z</time>
      </trkpt>
      <trkpt lat="40.623383" lon="-0.021567">
        <ele>879.2</ele>
        <time>2015-07-30T16:32:50Z</time>
      </trkpt>
      <trkpt lat="40.623383" lon="-0.021567">
        <ele>879.2</ele>
        <time>2015-07-30T16:32:50Z</time>
      </trkpt>
      <trkpt lat="40.623383" lon="-0.021567">
        <ele>879.2</ele>
        <time>2015-07-30T16:32:50Z</time>
      </trkpt>
      <trkpt lat="40.623383" lon="-0.021567">
        <ele>879.2</ele>
        <time>2015-07-30T16:32:50Z</time>
      </trkpt>
      <trkpt lat="40.623383" lon="-0.021567">
        <ele>879.2</ele>
        <time>2015-07-30T16:32:50Z</time>
      </trkpt>
      <trkpt lat="40.623383" lon="-0.021567">
        <ele>879.2</ele>
        <time>2015-07-30T16:32:50Z</time>
      </trkpt>
      <trkpt lat="40.623383" lon="-0.021567">
        <ele>879.2</ele>
        <time>2015-07-30T16:32:50Z</time>
      </trkpt>
      <trkpt lat="40.623383" lon="-0.021567">
        <ele>879.2</ele>
        <time>2015-07-30T16:32:50Z</time>
      </trkpt>
      <trkpt lat="40.623383" lon="-0.021567">
        <ele>879.2</ele>
        <time>2015-07-30T16:32:50Z</time>
      </trkpt>
      <trkpt lat="40.623383" lon="-0.021567">
        <ele>879.2</ele>
        <time>2015-07-30T16:32:50Z</time>
      </trkpt>
      <trkpt lat="40.623383" lon="-0.021567">
        <ele>879.2</ele>
        <time>2015-07-30T16:32:50Z</time>
      </trkpt>
      <trkpt lat="40.623383" lon="-0.021567">
        <ele>879.2</ele>
        <time>2015-07-30T16:32:50Z</time>
      </trkpt>
      <trkpt lat="40.623383" lon="-0.021567">
        <ele>879.2</ele>
        <time>2015-07-30T16:32:50Z</time>
      </trkpt>
      <trkpt lat="40.623383" lon="-0.021567">
        <ele>879.2</ele>
        <time>2015-07-30T16:32:50Z</time>
      </trkpt>
      <trkpt lat="40.623383" lon="-0.021567">
        <ele>879.2</ele>
        <time>2015-07-30T16:32:50Z</time>
      </trkpt>
      <trkpt lat="40.623383" lon="-0.021567">
        <ele>879.2</ele>
        <time>2015-07-30T16:32:50Z</time>
      </trkpt>
      <trkpt lat="40.623383" lon="-0.021567">
        <ele>879.2</ele>
        <time>2015-07-30T16:32:50Z</time>
      </trkpt>
      <trkpt lat="40.623383" lon="-0.021567">
        <ele>879.2</ele>
        <time>2015-07-30T16:32:50Z</time>
      </trkpt>
      <trkpt lat="40.623383" lon="-0.021567">
        <ele>879.2</ele>
        <time>2015-07-30T16:32:50Z</time>
      </trkpt>
      <trkpt lat="40.623383" lon="-0.021567">
        <ele>879.2</ele>
        <time>2015-07-30T16:32:50Z</time>
      </trkpt>
      <trkpt lat="40.623383" lon="-0.021567">
        <ele>879.2</ele>
        <time>2015-07-30T16:32:50Z</time>
      </trkpt>
      <trkpt lat="40.623383" lon="-0.021567">
        <ele>879.2</ele>
        <time>2015-07-30T16:32:50Z</time>
      </trkpt>
      <trkpt lat="40.623383" lon="-0.021567">
        <ele>879.2</ele>
        <time>2015-07-30T16:32:50Z</time>
      </trkpt>
      <trkpt lat="40.623383" lon="-0.021567">
        <ele>879.2</ele>
        <time>2015-07-30T16:32:50Z</time>
      </trkpt>
      <trkpt lat="40.623383" lon="-0.021567">
        <ele>879.2</ele>
        <time>2015-07-30T16:32:50Z</time>
      </trkpt>
      <trkpt lat="40.623383" lon="-0.021567">
        <ele>879.2</ele>
        <time>2015-07-30T16:32:50Z</time>
      </trkpt>
      <trkpt lat="40.623383" lon="-0.021567">
        <ele>879.2</ele>
        <time>2015-07-30T16:32:50Z</time>
      </trkpt>
      <trkpt lat="40.623383" lon="-0.021567">
        <ele>879.2</ele>
        <time>2015-07-30T16:32:50Z</time>
      </trkpt>
      <trkpt lat="40.623383" lon="-0.021567">
        <ele>879.2</ele>
        <time>2015-07-30T16:32:50Z</time>
      </trkpt>
      <trkpt lat="40.623383" lon="-0.021567">
        <ele>879.2</ele>
        <time>2015-07-30T16:32:50Z</time>
      </trkpt>
      <trkpt lat="40.623383" lon="-0.021567">
        <ele>879.2</ele>
        <time>2015-07-30T16:32:50Z</time>
      </trkpt>
      <trkpt lat="40.623383" lon="-0.021567">
        <ele>879.2</ele>
        <time>2015-07-30T16:32:50Z</time>
      </trkpt>
      <trkpt lat="40.623383" lon="-0.021567">
        <ele>879.2</ele>
        <time>2015-07-30T16:32:50Z</time>
      </trkpt>
      <trkpt lat="40.623383" lon="-0.021567">
        <ele>879.2</ele>
        <time>2015-07-30T16:32:50Z</time>
      </trkpt>
      <trkpt lat="40.623383" lon="-0.021567">
        <ele>879.2</ele>
        <time>2015-07-30T16:32:50Z</time>
      </trkpt>
      <trkpt lat="40.623383" lon="-0.021567">
        <ele>879.2</ele>
        <time>2015-07-30T16:32:50Z</time>
      </trkpt>
      <trkpt lat="40.623383" lon="-0.021567">
        <ele>879.2</ele>
        <time>2015-07-30T16:32:50Z</time>
      </trkpt>
      <trkpt lat="40.623383" lon="-0.021567">
        <ele>879.2</ele>
        <time>2015-07-30T16:32:50Z</time>
      </trkpt>
      <trkpt lat="40.623383" lon="-0.021567">
        <ele>879.2</ele>
        <time>2015-07-30T16:32:50Z</time>
      </trkpt>
      <trkpt lat="40.623383" lon="-0.021567">
        <ele>879.2</ele>
        <time>2015-07-30T16:32:50Z</time>
      </trkpt>
      <trkpt lat="40.623383" lon="-0.021567">
        <ele>879.2</ele>
        <time>2015-07-30T16:32:50Z</time>
      </trkpt>
      <trkpt lat="40.623383" lon="-0.021567">
        <ele>879.2</ele>
        <time>2015-07-30T16:32:50Z</time>
      </trkpt>
      <trkpt lat="40.623383" lon="-0.021567">
        <ele>879.2</ele>
        <time>2015-07-30T16:32:50Z</time>
      </trkpt>
      <trkpt lat="40.623383" lon="-0.021567">
        <ele>879.2</ele>
        <time>2015-07-30T16:32:50Z</time>
      </trkpt>
      <trkpt lat="40.623383" lon="-0.021567">
        <ele>879.2</ele>
        <time>2015-07-30T16:32:50Z</time>
      </trkpt>
      <trkpt lat="40.623383" lon="-0.021567">
        <ele>879.2</ele>
        <time>2015-07-30T16:32:50Z</time>
      </trkpt>
      <trkpt lat="40.623383" lon="-0.021567">
        <ele>879.2</ele>
        <time>2015-07-30T16:32:50Z</time>
      </trkpt>
      <trkpt lat="40.623383" lon="-0.021567">
        <ele>879.2</ele>
        <time>2015-07-30T16:32:50Z</time>
      </trkpt>
      <trkpt lat="40.623383" lon="-0.021567">
        <ele>879.2</ele>
        <time>2015-07-30T16:32:50Z</time>
      </trkpt>
      <trkpt lat="40.623383" lon="-0.021567">
        <ele>879.2</ele>
        <time>2015-07-30T16:32:50Z</time>
      </trkpt>
      <trkpt lat="40.623383" lon="-0.021567">
        <ele>879.2</ele>
        <time>2015-07-30T16:32:50Z</time>
      </trkpt>
      <trkpt lat="40.623383" lon="-0.021567">
        <ele>879.2</ele>
        <time>2015-07-30T16:32:50Z</time>
      </trkpt>
      <trkpt lat="40.623383" lon="-0.021567">
        <ele>879.2</ele>
        <time>2015-07-30T16:32:50Z</time>
      </trkpt>
      <trkpt lat="40.623383" lon="-0.021567">
        <ele>879.2</ele>
        <time>2015-07-30T16:32:50Z</time>
      </trkpt>
      <trkpt lat="40.623383" lon="-0.021567">
        <ele>879.2</ele>
        <time>2015-07-30T16:32:50Z</time>
      </trkpt>
      <trkpt lat="40.623383" lon="-0.021567">
        <ele>879.2</ele>
        <time>2015-07-30T16:32:50Z</time>
      </trkpt>
      <trkpt lat="40.623383" lon="-0.021567">
        <ele>879.2</ele>
        <time>2015-07-30T16:32:50Z</time>
      </trkpt>
      <trkpt lat="40.623383" lon="-0.021567">
        <ele>879.2</ele>
        <time>2015-07-30T16:32:50Z</time>
      </trkpt>
      <trkpt lat="40.623383" lon="-0.021567">
        <ele>879.2</ele>
        <time>2015-07-30T16:32:50Z</time>
      </trkpt>
      <trkpt lat="40.623383" lon="-0.021567">
        <ele>879.2</ele>
        <time>2015-07-30T16:32:50Z</time>
      </trkpt>
      <trkpt lat="40.623383" lon="-0.021567">
        <ele>879.2</ele>
        <time>2015-07-30T16:32:50Z</time>
      </trkpt>
      <trkpt lat="40.623383" lon="-0.021567">
        <ele>879.2</ele>
        <time>2015-07-30T16:32:50Z</time>
      </trkpt>
      <trkpt lat="40.623400" lon="-0.021567">
        <ele>879.1</ele>
        <time>2015-07-30T16:32:51Z</time>
      </trkpt>
      <trkpt lat="40.623400" lon="-0.021567">
        <ele>879.1</ele>
        <time>2015-07-30T16:32:51Z</time>
      </trkpt>
      <trkpt lat="40.623433" lon="-0.021600">
        <ele>879.8</ele>
        <time>2015-07-30T16:32:54Z</time>
      </trkpt>
      <trkpt lat="40.623467" lon="-0.021650">
        <ele>880.6</ele>
        <time>2015-07-30T16:32:58Z</time>
      </trkpt>
      <trkpt lat="40.623567" lon="-0.021700">
        <ele>881.3</ele>
        <time>2015-07-30T16:33:06Z</time>
      </trkpt>
      <trkpt lat="40.623583" lon="-0.021700">
        <ele>881.0</ele>
        <time>2015-07-30T16:33:07Z</time>
      </trkpt>
      <trkpt lat="40.623600" lon="-0.021700">
        <ele>880.7</ele>
        <time>2015-07-30T16:33:08Z</time>
      </trkpt>
      <trkpt lat="40.623633" lon="-0.021700">
        <ele>880.0</ele>
        <time>2015-07-30T16:33:10Z</time>
      </trkpt>
      <trkpt lat="40.623650" lon="-0.021717">
        <ele>880.0</ele>
        <time>2015-07-30T16:33:12Z</time>
      </trkpt>
      <trkpt lat="40.623701" lon="-0.021767">
        <ele>880.9</ele>
        <time>2015-07-30T16:33:17Z</time>
      </trkpt>
      <trkpt lat="40.623717" lon="-0.021783">
        <ele>881.3</ele>
        <time>2015-07-30T16:33:18Z</time>
      </trkpt>
      <trkpt lat="40.623850" lon="-0.021817">
        <ele>881.5</ele>
        <time>2015-07-30T16:33:28Z</time>
      </trkpt>
      <trkpt lat="40.623883" lon="-0.021833">
        <ele>881.1</ele>
        <time>2015-07-30T16:33:30Z</time>
      </trkpt>
      <trkpt lat="40.623900" lon="-0.021850">
        <ele>880.9</ele>
        <time>2015-07-30T16:33:32Z</time>
      </trkpt>
      <trkpt lat="40.623933" lon="-0.021917">
        <ele>880.4</ele>
        <time>2015-07-30T16:33:36Z</time>
      </trkpt>
      <trkpt lat="40.623950" lon="-0.021967">
        <ele>880.6</ele>
        <time>2015-07-30T16:33:39Z</time>
      </trkpt>
      <trkpt lat="40.623967" lon="-0.022017">
        <ele>881.0</ele>
        <time>2015-07-30T16:33:42Z</time>
      </trkpt>
      <trkpt lat="40.624000" lon="-0.022117">
        <ele>882.2</ele>
        <time>2015-07-30T16:33:48Z</time>
      </trkpt>
      <trkpt lat="40.624017" lon="-0.022133">
        <ele>882.0</ele>
        <time>2015-07-30T16:33:50Z</time>
      </trkpt>
      <trkpt lat="40.624050" lon="-0.022167">
        <ele>881.5</ele>
        <time>2015-07-30T16:33:53Z</time>
      </trkpt>
      <trkpt lat="40.624100" lon="-0.022217">
        <ele>881.2</ele>
        <time>2015-07-30T16:33:58Z</time>
      </trkpt>
      <trkpt lat="40.624133" lon="-0.022283">
        <ele>880.8</ele>
        <time>2015-07-30T16:34:02Z</time>
      </trkpt>
      <trkpt lat="40.624150" lon="-0.022317">
        <ele>881.1</ele>
        <time>2015-07-30T16:34:04Z</time>
      </trkpt>
      <trkpt lat="40.624267" lon="-0.022467">
        <ele>880.5</ele>
        <time>2015-07-30T16:34:16Z</time>
      </trkpt>
      <trkpt lat="40.624283" lon="-0.022500">
        <ele>880.6</ele>
        <time>2015-07-30T16:34:18Z</time>
      </trkpt>
      <trkpt lat="40.624300" lon="-0.022550">
        <ele>881.0</ele>
        <time>2015-07-30T16:34:21Z</time>
      </trkpt>
      <trkpt lat="40.624333" lon="-0.022650">
        <ele>882.4</ele>
        <time>2015-07-30T16:34:27Z</time>
      </trkpt>
      <trkpt lat="40.624717" lon="-0.023100">
        <ele>881.9</ele>
        <time>2015-07-30T16:35:05Z</time>
      </trkpt>
      <trkpt lat="40.624717" lon="-0.023100">
        <ele>881.9</ele>
        <time>2015-07-30T16:35:05Z</time>
      </trkpt>
      <trkpt lat="40.624717" lon="-0.023100">
        <ele>881.9</ele>
        <time>2015-07-30T16:35:05Z</time>
      </trkpt>
      <trkpt lat="40.624717" lon="-0.023100">
        <ele>881.9</ele>
        <time>2015-07-30T16:35:05Z</time>
      </trkpt>
      <trkpt lat="40.624717" lon="-0.023100">
        <ele>881.9</ele>
        <time>2015-07-30T16:35:05Z</time>
      </trkpt>
      <trkpt lat="40.624717" lon="-0.023100">
        <ele>881.9</ele>
        <time>2015-07-30T16:35:05Z</time>
      </trkpt>
      <trkpt lat="40.624717" lon="-0.023100">
        <ele>881.9</ele>
        <time>2015-07-30T16:35:05Z</time>
      </trkpt>
      <trkpt lat="40.624717" lon="-0.023100">
        <ele>881.9</ele>
        <time>2015-07-30T16:35:05Z</time>
      </trkpt>
      <trkpt lat="40.624750" lon="-0.023150">
        <ele>882.2</ele>
        <time>2015-07-30T16:35:08Z</time>
      </trkpt>
      <trkpt lat="40.624783" lon="-0.023200">
        <ele>882.8</ele>
        <time>2015-07-30T16:35:12Z</time>
      </trkpt>
      <trkpt lat="40.624783" lon="-0.023200">
        <ele>882.8</ele>
        <time>2015-07-30T16:35:12Z</time>
      </trkpt>
      <trkpt lat="40.624783" lon="-0.023200">
        <ele>882.8</ele>
        <time>2015-07-30T16:35:12Z</time>
      </trkpt>
      <trkpt lat="40.624783" lon="-0.023200">
        <ele>882.8</ele>
        <time>2015-07-30T16:35:12Z</time>
      </trkpt>
      <trkpt lat="40.624783" lon="-0.023200">
        <ele>882.8</ele>
        <time>2015-07-30T16:35:12Z</time>
      </trkpt>
      <trkpt lat="40.624783" lon="-0.023200">
        <ele>882.8</ele>
        <time>2015-07-30T16:35:12Z</time>
      </trkpt>
      <trkpt lat="40.624783" lon="-0.023200">
        <ele>882.8</ele>
        <time>2015-07-30T16:35:12Z</time>
      </trkpt>
      <trkpt lat="40.624783" lon="-0.023200">
        <ele>882.8</ele>
        <time>2015-07-30T16:35:12Z</time>
      </trkpt>
      <trkpt lat="40.624783" lon="-0.023200">
        <ele>882.8</ele>
        <time>2015-07-30T16:35:12Z</time>
      </trkpt>
      <trkpt lat="40.624783" lon="-0.023200">
        <ele>882.8</ele>
        <time>2015-07-30T16:35:12Z</time>
      </trkpt>
      <trkpt lat="40.624783" lon="-0.023200">
        <ele>882.8</ele>
        <time>2015-07-30T16:35:12Z</time>
      </trkpt>
      <trkpt lat="40.624783" lon="-0.023200">
        <ele>882.8</ele>
        <time>2015-07-30T16:35:12Z</time>
      </trkpt>
      <trkpt lat="40.624783" lon="-0.023200">
        <ele>882.8</ele>
        <time>2015-07-30T16:35:12Z</time>
      </trkpt>
      <trkpt lat="40.624783" lon="-0.023200">
        <ele>882.8</ele>
        <time>2015-07-30T16:35:12Z</time>
      </trkpt>
      <trkpt lat="40.624783" lon="-0.023200">
        <ele>882.8</ele>
        <time>2015-07-30T16:35:12Z</time>
      </trkpt>
      <trkpt lat="40.624783" lon="-0.023200">
        <ele>882.8</ele>
        <time>2015-07-30T16:35:12Z</time>
      </trkpt>
      <trkpt lat="40.624783" lon="-0.023200">
        <ele>882.8</ele>
        <time>2015-07-30T16:35:12Z</time>
      </trkpt>
      <trkpt lat="40.624783" lon="-0.023200">
        <ele>882.8</ele>
        <time>2015-07-30T16:35:12Z</time>
      </trkpt>
      <trkpt lat="40.624783" lon="-0.023200">
        <ele>882.8</ele>
        <time>2015-07-30T16:35:12Z</time>
      </trkpt>
      <trkpt lat="40.624783" lon="-0.023200">
        <ele>882.8</ele>
        <time>2015-07-30T16:35:12Z</time>
      </trkpt>
      <trkpt lat="40.624783" lon="-0.023200">
        <ele>882.8</ele>
        <time>2015-07-30T16:35:12Z</time>
      </trkpt>
      <trkpt lat="40.624783" lon="-0.023200">
        <ele>882.8</ele>
        <time>2015-07-30T16:35:12Z</time>
      </trkpt>
      <trkpt lat="40.624783" lon="-0.023200">
        <ele>882.8</ele>
        <time>2015-07-30T16:35:12Z</time>
      </trkpt>
      <trkpt lat="40.624783" lon="-0.023200">
        <ele>882.8</ele>
        <time>2015-07-30T16:35:12Z</time>
      </trkpt>
      <trkpt lat="40.624783" lon="-0.023200">
        <ele>882.8</ele>
        <time>2015-07-30T16:35:12Z</time>
      </trkpt>
      <trkpt lat="40.624783" lon="-0.023200">
        <ele>882.8</ele>
        <time>2015-07-30T16:35:12Z</time>
      </trkpt>
      <trkpt lat="40.624783" lon="-0.023200">
        <ele>882.8</ele>
        <time>2015-07-30T16:35:12Z</time>
      </trkpt>
      <trkpt lat="40.624783" lon="-0.023200">
        <ele>882.8</ele>
        <time>2015-07-30T16:35:12Z</time>
      </trkpt>
      <trkpt lat="40.624783" lon="-0.023200">
        <ele>882.8</ele>
        <time>2015-07-30T16:35:12Z</time>
      </trkpt>
      <trkpt lat="40.624783" lon="-0.023200">
        <ele>882.8</ele>
        <time>2015-07-30T16:35:12Z</time>
      </trkpt>
      <trkpt lat="40.624783" lon="-0.023200">
        <ele>882.8</ele>
        <time>2015-07-30T16:35:12Z</time>
      </trkpt>
      <trkpt lat="40.624783" lon="-0.023200">
        <ele>882.8</ele>
        <time>2015-07-30T16:35:12Z</time>
      </trkpt>
      <trkpt lat="40.624783" lon="-0.023200">
        <ele>882.8</ele>
        <time>2015-07-30T16:35:12Z</time>
      </trkpt>
      <trkpt lat="40.624800" lon="-0.023233">
        <ele>883.6</ele>
        <time>2015-07-30T16:35:14Z</time>
      </trkpt>
      <trkpt lat="40.624850" lon="-0.023283">
        <ele>884.1</ele>
        <time>2015-07-30T16:35:19Z</time>
      </trkpt>
      <trkpt lat="40.624883" lon="-0.023317">
        <ele>884.0</ele>
        <time>2015-07-30T16:35:22Z</time>
      </trkpt>
      <trkpt lat="40.624883" lon="-0.023317">
        <ele>884.0</ele>
        <time>2015-07-30T16:35:22Z</time>
      </trkpt>
      <trkpt lat="40.624883" lon="-0.023317">
        <ele>884.0</ele>
        <time>2015-07-30T16:35:22Z</time>
      </trkpt>
      <trkpt lat="40.624883" lon="-0.023317">
        <ele>884.0</ele>
        <time>2015-07-30T16:35:22Z</time>
      </trkpt>
      <trkpt lat="40.624883" lon="-0.023317">
        <ele>884.0</ele>
        <time>2015-07-30T16:35:22Z</time>
      </trkpt>
      <trkpt lat="40.624883" lon="-0.023317">
        <ele>884.0</ele>
        <time>2015-07-30T16:35:22Z</time>
      </trkpt>
      <trkpt lat="40.624883" lon="-0.023317">
        <ele>884.0</ele>
        <time>2015-07-30T16:35:22Z</time>
      </trkpt>
      <trkpt lat="40.624883" lon="-0.023317">
        <ele>884.0</ele>
        <time>2015-07-30T16:35:22Z</time>
      </trkpt>
      <trkpt lat="40.624883" lon="-0.023317">
        <ele>884.0</ele>
        <time>2015-07-30T16:35:22Z</time>
      </trkpt>
      <trkpt lat="40.624883" lon="-0.023317">
        <ele>884.0</ele>
        <time>2015-07-30T16:35:22Z</time>
      </trkpt>
      <trkpt lat="40.624900" lon="-0.023317">
        <ele>883.5</ele>
        <time>2015-07-30T16:35:23Z</time>
      </trkpt>
      <trkpt lat="40.624917" lon="-0.023333">
        <ele>883.5</ele>
        <time>2015-07-30T16:35:25Z</time>
      </trkpt>
      <trkpt lat="40.624933" lon="-0.023367">
        <ele>883.9</ele>
        <time>2015-07-30T16:35:27Z</time>
      </trkpt>
      <trkpt lat="40.625017" lon="-0.023417">
        <ele>883.6</ele>
        <time>2015-07-30T16:35:34Z</time>
      </trkpt>
      <trkpt lat="40.625067" lon="-0.023450">
        <ele>883.7</ele>
        <time>2015-07-30T16:35:38Z</time>
      </trkpt>
      <trkpt lat="40.625100" lon="-0.023467">
        <ele>883.5</ele>
        <time>2015-07-30T16:35:40Z</time>
      </trkpt>
      <trkpt lat="40.625133" lon="-0.023500">
        <ele>883.7</ele>
        <time>2015-07-30T16:35:43Z</time>
      </trkpt>
      <trkpt lat="40.625133" lon="-0.023533">
        <ele>884.5</ele>
        <time>2015-07-30T16:35:45Z</time>
      </trkpt>
      <trkpt lat="40.625133" lon="-0.023533">
        <ele>884.5</ele>
        <time>2015-07-30T16:35:45Z</time>
      </trkpt>
      <trkpt lat="40.625133" lon="-0.023533">
        <ele>884.5</ele>
        <time>2015-07-30T16:35:45Z</time>
      </trkpt>
      <trkpt lat="40.625133" lon="-0.023533">
        <ele>884.5</ele>
        <time>2015-07-30T16:35:45Z</time>
      </trkpt>
      <trkpt lat="40.625133" lon="-0.023533">
        <ele>884.5</ele>
        <time>2015-07-30T16:35:45Z</time>
      </trkpt>
      <trkpt lat="40.625150" lon="-0.023550">
        <ele>884.4</ele>
        <time>2015-07-30T16:35:47Z</time>
      </trkpt>
      <trkpt lat="40.625183" lon="-0.023583">
        <ele>884.2</ele>
        <time>2015-07-30T16:35:50Z</time>
      </trkpt>
      <trkpt lat="40.625200" lon="-0.023600">
        <ele>884.3</ele>
        <time>2015-07-30T16:35:51Z</time>
      </trkpt>
      <trkpt lat="40.625200" lon="-0.023617">
        <ele>884.9</ele>
        <time>2015-07-30T16:35:52Z</time>
      </trkpt>
      <trkpt lat="40.625200" lon="-0.023617">
        <ele>884.9</ele>
        <time>2015-07-30T16:35:52Z</time>
      </trkpt>
      <trkpt lat="40.625267" lon="-0.023717">
        <ele>884.9</ele>
        <time>2015-07-30T16:35:59Z</time>
      </trkpt>
      <trkpt lat="40.625266" lon="-0.023710">
        <ele>884.8</ele>
        <time>2015-07-30T16:36:00Z</time>
        <sat>8</sat>
      </trkpt>
      <trkpt lat="40.625100" lon="-0.023450">
        <ele>883.0</ele>
        <time>2015-07-30T16:36:19Z</time>
      </trkpt>
      <trkpt lat="40.625117" lon="-0.023483">
        <ele>883.6</ele>
        <time>2015-07-30T16:36:21Z</time>
      </trkpt>
      <trkpt lat="40.625117" lon="-0.023516">
        <ele>884.5</ele>
        <time>2015-07-30T16:36:23Z</time>
      </trkpt>
      <trkpt lat="40.625117" lon="-0.023516">
        <ele>884.5</ele>
        <time>2015-07-30T16:36:23Z</time>
      </trkpt>
      <trkpt lat="40.625117" lon="-0.023516">
        <ele>884.5</ele>
        <time>2015-07-30T16:36:23Z</time>
      </trkpt>
      <trkpt lat="40.625117" lon="-0.023516">
        <ele>884.5</ele>
        <time>2015-07-30T16:36:23Z</time>
      </trkpt>
      <trkpt lat="40.625117" lon="-0.023516">
        <ele>884.5</ele>
        <time>2015-07-30T16:36:23Z</time>
      </trkpt>
      <trkpt lat="40.625150" lon="-0.023533">
        <ele>884.0</ele>
        <time>2015-07-30T16:36:25Z</time>
      </trkpt>
      <trkpt lat="40.625167" lon="-0.023567">
        <ele>884.3</ele>
        <time>2015-07-30T16:36:27Z</time>
      </trkpt>
      <trkpt lat="40.625200" lon="-0.023583">
        <ele>883.8</ele>
        <time>2015-07-30T16:36:30Z</time>
      </trkpt>
      <trkpt lat="40.625200" lon="-0.023600">
        <ele>884.3</ele>
        <time>2015-07-30T16:36:31Z</time>
      </trkpt>
      <trkpt lat="40.625200" lon="-0.023600">
        <ele>884.3</ele>
        <time>2015-07-30T16:36:31Z</time>
      </trkpt>
      <trkpt lat="40.625267" lon="-0.023700">
        <ele>884.5</ele>
        <time>2015-07-30T16:36:38Z</time>
      </trkpt>
      <trkpt lat="40.625400" lon="-0.023866">
        <ele>883.2</ele>
        <time>2015-07-30T16:36:52Z</time>
      </trkpt>
      <trkpt lat="40.625450" lon="-0.023933">
        <ele>882.9</ele>
        <time>2015-07-30T16:36:57Z</time>
      </trkpt>
      <trkpt lat="40.625467" lon="-0.023983">
        <ele>882.7</ele>
        <time>2015-07-30T16:37:00Z</time>
      </trkpt>
      <trkpt lat="40.625500" lon="-0.024117">
        <ele>882.0</ele>
        <time>2015-07-30T16:37:08Z</time>
      </trkpt>
      <trkpt lat="40.625500" lon="-0.024233">
        <ele>881.5</ele>
        <time>2015-07-30T16:37:14Z</time>
      </trkpt>
      <trkpt lat="40.625500" lon="-0.024267">
        <ele>881.4</ele>
        <time>2015-07-30T16:37:16Z</time>
      </trkpt>
      <trkpt lat="40.625517" lon="-0.024316">
        <ele>881.0</ele>
        <time>2015-07-30T16:37:19Z</time>
      </trkpt>
      <trkpt lat="40.625517" lon="-0.024467">
        <ele>881.9</ele>
        <time>2015-07-30T16:37:27Z</time>
      </trkpt>
      <trkpt lat="40.625550" lon="-0.024583">
        <ele>881.6</ele>
        <time>2015-07-30T16:37:34Z</time>
      </trkpt>
      <trkpt lat="40.625583" lon="-0.024667">
        <ele>880.5</ele>
        <time>2015-07-30T16:37:39Z</time>
      </trkpt>
      <trkpt lat="40.625583" lon="-0.024700">
        <ele>880.3</ele>
        <time>2015-07-30T16:37:41Z</time>
      </trkpt>
      <trkpt lat="40.625583" lon="-0.024766">
        <ele>880.2</ele>
        <time>2015-07-30T16:37:45Z</time>
      </trkpt>
      <trkpt lat="40.625583" lon="-0.024800">
        <ele>881.1</ele>
        <time>2015-07-30T16:37:47Z</time>
      </trkpt>
      <trkpt lat="40.625601" lon="-0.024850">
        <ele>881.7</ele>
        <time>2015-07-30T16:37:50Z</time>
      </trkpt>
      <trkpt lat="40.625617" lon="-0.024866">
        <ele>881.8</ele>
        <time>2015-07-30T16:37:51Z</time>
      </trkpt>
      <trkpt lat="40.625667" lon="-0.024866">
        <ele>880.8</ele>
        <time>2015-07-30T16:37:55Z</time>
      </trkpt>
      <trkpt lat="40.625667" lon="-0.024917">
        <ele>881.6</ele>
        <time>2015-07-30T16:37:58Z</time>
      </trkpt>
      <trkpt lat="40.625700" lon="-0.024933">
        <ele>879.6</ele>
        <time>2015-07-30T16:38:00Z</time>
      </trkpt>
      <trkpt lat="40.625717" lon="-0.024966">
        <ele>878.5</ele>
        <time>2015-07-30T16:38:02Z</time>
      </trkpt>
      <trkpt lat="40.625717" lon="-0.025066">
        <ele>879.3</ele>
        <time>2015-07-30T16:38:08Z</time>
      </trkpt>
      <trkpt lat="40.625717" lon="-0.025066">
        <ele>879.3</ele>
        <time>2015-07-30T16:38:08Z</time>
      </trkpt>
      <trkpt lat="40.625750" lon="-0.025083">
        <ele>879.7</ele>
        <time>2015-07-30T16:38:10Z</time>
      </trkpt>
      <trkpt lat="40.625800" lon="-0.025116">
        <ele>880.2</ele>
        <time>2015-07-30T16:38:15Z</time>
      </trkpt>
      <trkpt lat="40.625817" lon="-0.025133">
        <ele>880.3</ele>
        <time>2015-07-30T16:38:16Z</time>
      </trkpt>
      <trkpt lat="40.625950" lon="-0.025383">
        <ele>881.8</ele>
        <time>2015-07-30T16:38:33Z</time>
      </trkpt>
      <trkpt lat="40.626017" lon="-0.025467">
        <ele>883.6</ele>
        <time>2015-07-30T16:38:40Z</time>
      </trkpt>
      <trkpt lat="40.626367" lon="-0.025917">
        <ele>886.4</ele>
        <time>2015-07-30T16:39:15Z</time>
      </trkpt>
      <trkpt lat="40.626400" lon="-0.025917">
        <ele>885.2</ele>
        <time>2015-07-30T16:39:18Z</time>
      </trkpt>
      <trkpt lat="40.626400" lon="-0.025933">
        <ele>885.5</ele>
        <time>2015-07-30T16:39:19Z</time>
      </trkpt>
      <trkpt lat="40.626483" lon="-0.026067">
        <ele>883.7</ele>
        <time>2015-07-30T16:39:28Z</time>
      </trkpt>
      <trkpt lat="40.626500" lon="-0.026200">
        <ele>881.4</ele>
        <time>2015-07-30T16:39:36Z</time>
      </trkpt>
      <trkpt lat="40.626500" lon="-0.026216">
        <ele>881.7</ele>
        <time>2015-07-30T16:39:37Z</time>
      </trkpt>
      <trkpt lat="40.626517" lon="-0.026233">
        <ele>880.9</ele>
        <time>2015-07-30T16:39:38Z</time>
      </trkpt>
      <trkpt lat="40.626517" lon="-0.026316">
        <ele>882.4</ele>
        <time>2015-07-30T16:39:43Z</time>
      </trkpt>
      <trkpt lat="40.626517" lon="-0.026316">
        <ele>882.4</ele>
        <time>2015-07-30T16:39:43Z</time>
      </trkpt>
      <trkpt lat="40.626517" lon="-0.026316">
        <ele>882.4</ele>
        <time>2015-07-30T16:39:43Z</time>
      </trkpt>
      <trkpt lat="40.626517" lon="-0.026316">
        <ele>882.4</ele>
        <time>2015-07-30T16:39:43Z</time>
      </trkpt>
      <trkpt lat="40.626517" lon="-0.026316">
        <ele>882.4</ele>
        <time>2015-07-30T16:39:43Z</time>
      </trkpt>
      <trkpt lat="40.626517" lon="-0.026316">
        <ele>882.4</ele>
        <time>2015-07-30T16:39:43Z</time>
      </trkpt>
      <trkpt lat="40.626600" lon="-0.026467">
        <ele>883.0</ele>
        <time>2015-07-30T16:39:53Z</time>
      </trkpt>
      <trkpt lat="40.626617" lon="-0.026483">
        <ele>882.6</ele>
        <time>2015-07-30T16:39:54Z</time>
      </trkpt>
      <trkpt lat="40.626667" lon="-0.026516">
        <ele>882.0</ele>
        <time>2015-07-30T16:39:58Z</time>
      </trkpt>
      <trkpt lat="40.626667" lon="-0.026533">
        <ele>882.9</ele>
        <time>2015-07-30T16:39:59Z</time>
      </trkpt>
      <trkpt lat="40.626717" lon="-0.026567">
        <ele>882.2</ele>
        <time>2015-07-30T16:40:03Z</time>
      </trkpt>
      <trkpt lat="40.626800" lon="-0.026633">
        <ele>881.3</ele>
        <time>2015-07-30T16:40:11Z</time>
      </trkpt>
      <trkpt lat="40.626950" lon="-0.026817">
        <ele>878.9</ele>
        <time>2015-07-30T16:40:25Z</time>
      </trkpt>
      <trkpt lat="40.626950" lon="-0.026817">
        <ele>878.9</ele>
        <time>2015-07-30T16:40:25Z</time>
      </trkpt>
      <trkpt lat="40.626950" lon="-0.026817">
        <ele>878.9</ele>
        <time>2015-07-30T16:40:25Z</time>
      </trkpt>
      <trkpt lat="40.626950" lon="-0.026817">
        <ele>878.9</ele>
        <time>2015-07-30T16:40:25Z</time>
      </trkpt>
      <trkpt lat="40.626950" lon="-0.026817">
        <ele>878.9</ele>
        <time>2015-07-30T16:40:25Z</time>
      </trkpt>
      <trkpt lat="40.626950" lon="-0.026817">
        <ele>878.9</ele>
        <time>2015-07-30T16:40:25Z</time>
      </trkpt>
      <trkpt lat="40.626950" lon="-0.026817">
        <ele>878.9</ele>
        <time>2015-07-30T16:40:25Z</time>
      </trkpt>
      <trkpt lat="40.626950" lon="-0.026817">
        <ele>878.9</ele>
        <time>2015-07-30T16:40:25Z</time>
      </trkpt>
      <trkpt lat="40.626950" lon="-0.026817">
        <ele>878.9</ele>
        <time>2015-07-30T16:40:25Z</time>
      </trkpt>
      <trkpt lat="40.626950" lon="-0.026817">
        <ele>878.9</ele>
        <time>2015-07-30T16:40:25Z</time>
      </trkpt>
      <trkpt lat="40.626950" lon="-0.026817">
        <ele>878.9</ele>
        <time>2015-07-30T16:40:25Z</time>
      </trkpt>
      <trkpt lat="40.626967" lon="-0.026866">
        <ele>879.1</ele>
        <time>2015-07-30T16:40:28Z</time>
      </trkpt>
      <trkpt lat="40.627000" lon="-0.026883">
        <ele>877.8</ele>
        <time>2015-07-30T16:40:31Z</time>
      </trkpt>
      <trkpt lat="40.627000" lon="-0.026883">
        <ele>877.8</ele>
        <time>2015-07-30T16:40:31Z</time>
      </trkpt>
      <trkpt lat="40.627000" lon="-0.026883">
        <ele>877.8</ele>
        <time>2015-07-30T16:40:31Z</time>
      </trkpt>
      <trkpt lat="40.627000" lon="-0.026883">
        <ele>877.8</ele>
        <time>2015-07-30T16:40:31Z</time>
      </trkpt>
      <trkpt lat="40.627000" lon="-0.026883">
        <ele>877.8</ele>
        <time>2015-07-30T16:40:31Z</time>
      </trkpt>
      <trkpt lat="40.627000" lon="-0.026883">
        <ele>877.8</ele>
        <time>2015-07-30T16:40:31Z</time>
      </trkpt>
      <trkpt lat="40.627000" lon="-0.026883">
        <ele>877.8</ele>
        <time>2015-07-30T16:40:31Z</time>
      </trkpt>
      <trkpt lat="40.627000" lon="-0.026883">
        <ele>877.8</ele>
        <time>2015-07-30T16:40:31Z</time>
      </trkpt>
      <trkpt lat="40.627000" lon="-0.026883">
        <ele>877.8</ele>
        <time>2015-07-30T16:40:31Z</time>
      </trkpt>
      <trkpt lat="40.627000" lon="-0.026883">
        <ele>877.8</ele>
        <time>2015-07-30T16:40:31Z</time>
      </trkpt>
      <trkpt lat="40.627000" lon="-0.026883">
        <ele>877.8</ele>
        <time>2015-07-30T16:40:31Z</time>
      </trkpt>
      <trkpt lat="40.627000" lon="-0.026883">
        <ele>877.8</ele>
        <time>2015-07-30T16:40:31Z</time>
      </trkpt>
      <trkpt lat="40.627000" lon="-0.026883">
        <ele>877.8</ele>
        <time>2015-07-30T16:40:31Z</time>
      </trkpt>
      <trkpt lat="40.627000" lon="-0.026883">
        <ele>877.8</ele>
        <time>2015-07-30T16:40:31Z</time>
      </trkpt>
      <trkpt lat="40.627017" lon="-0.026883">
        <ele>877.0</ele>
        <time>2015-07-30T16:40:32Z</time>
      </trkpt>
      <trkpt lat="40.627067" lon="-0.026966">
        <ele>875.3</ele>
        <time>2015-07-30T16:40:38Z</time>
      </trkpt>
      <trkpt lat="40.627100" lon="-0.027016">
        <ele>874.8</ele>
        <time>2015-07-30T16:40:42Z</time>
      </trkpt>
      <trkpt lat="40.627150" lon="-0.027033">
        <ele>873.2</ele>
        <time>2015-07-30T16:40:46Z</time>
      </trkpt>
      <trkpt lat="40.627167" lon="-0.027067">
        <ele>873.7</ele>
        <time>2015-07-30T16:40:48Z</time>
      </trkpt>
      <trkpt lat="40.627200" lon="-0.027083">
        <ele>872.5</ele>
        <time>2015-07-30T16:40:50Z</time>
      </trkpt>
      <trkpt lat="40.627283" lon="-0.027216">
        <ele>873.0</ele>
        <time>2015-07-30T16:41:00Z</time>
      </trkpt>
      <trkpt lat="40.627317" lon="-0.027267">
        <ele>872.9</ele>
        <time>2015-07-30T16:41:04Z</time>
      </trkpt>
      <trkpt lat="40.627383" lon="-0.027316">
        <ele>871.2</ele>
        <time>2015-07-30T16:41:09Z</time>
      </trkpt>
      <trkpt lat="40.627400" lon="-0.027367">
        <ele>872.5</ele>
        <time>2015-07-30T16:41:12Z</time>
      </trkpt>
      <trkpt lat="40.627417" lon="-0.027383">
        <ele>872.1</ele>
        <time>2015-07-30T16:41:14Z</time>
      </trkpt>
      <trkpt lat="40.627517" lon="-0.027516">
        <ele>872.3</ele>
        <time>2015-07-30T16:41:24Z</time>
      </trkpt>
      <trkpt lat="40.627550" lon="-0.027566">
        <ele>872.3</ele>
        <time>2015-07-30T16:41:28Z</time>
      </trkpt>
      <trkpt lat="40.627567" lon="-0.027600">
        <ele>872.5</ele>
        <time>2015-07-30T16:41:30Z</time>
      </trkpt>
      <trkpt lat="40.627617" lon="-0.027617">
        <ele>871.2</ele>
        <time>2015-07-30T16:41:34Z</time>
      </trkpt>
      <trkpt lat="40.627700" lon="-0.027766">
        <ele>872.1</ele>
        <time>2015-07-30T16:41:44Z</time>
      </trkpt>
      <trkpt lat="40.627817" lon="-0.027950">
        <ele>873.0</ele>
        <time>2015-07-30T16:41:57Z</time>
      </trkpt>
      <trkpt lat="40.627833" lon="-0.027967">
        <ele>872.5</ele>
        <time>2015-07-30T16:41:59Z</time>
      </trkpt>
      <trkpt lat="40.627967" lon="-0.028416">
        <ele>878.2</ele>
        <time>2015-07-30T16:42:25Z</time>
      </trkpt>
      <trkpt lat="40.628000" lon="-0.028433">
        <ele>877.6</ele>
        <time>2015-07-30T16:42:28Z</time>
      </trkpt>
      <trkpt lat="40.628017" lon="-0.028467">
        <ele>877.9</ele>
        <time>2015-07-30T16:42:30Z</time>
      </trkpt>
      <trkpt lat="40.628117" lon="-0.028717">
        <ele>880.7</ele>
        <time>2015-07-30T16:42:46Z</time>
      </trkpt>
      <trkpt lat="40.628167" lon="-0.028766">
        <ele>880.5</ele>
        <time>2015-07-30T16:42:50Z</time>
      </trkpt>
      <trkpt lat="40.628200" lon="-0.028766">
        <ele>879.5</ele>
        <time>2015-07-30T16:42:53Z</time>
      </trkpt>
      <trkpt lat="40.628250" lon="-0.028833">
        <ele>878.4</ele>
        <time>2015-07-30T16:42:58Z</time>
      </trkpt>
      <trkpt lat="40.628300" lon="-0.028883">
        <ele>876.9</ele>
        <time>2015-07-30T16:43:03Z</time>
      </trkpt>
      <trkpt lat="40.628317" lon="-0.028949">
        <ele>877.9</ele>
        <time>2015-07-30T16:43:06Z</time>
      </trkpt>
      <trkpt lat="40.628317" lon="-0.028967">
        <ele>878.3</ele>
        <time>2015-07-30T16:43:07Z</time>
      </trkpt>
      <trkpt lat="40.628350" lon="-0.029016">
        <ele>878.2</ele>
        <time>2015-07-30T16:43:11Z</time>
      </trkpt>
      <trkpt lat="40.628450" lon="-0.029116">
        <ele>876.6</ele>
        <time>2015-07-30T16:43:20Z</time>
      </trkpt>
      <trkpt lat="40.628500" lon="-0.029216">
        <ele>876.2</ele>
        <time>2015-07-30T16:43:27Z</time>
      </trkpt>
      <trkpt lat="40.628567" lon="-0.029383">
        <ele>876.0</ele>
        <time>2015-07-30T16:43:37Z</time>
      </trkpt>
      <trkpt lat="40.628567" lon="-0.029416">
        <ele>876.4</ele>
        <time>2015-07-30T16:43:39Z</time>
      </trkpt>
      <trkpt lat="40.628600" lon="-0.029500">
        <ele>876.6</ele>
        <time>2015-07-30T16:43:44Z</time>
      </trkpt>
      <trkpt lat="40.628617" lon="-0.029566">
        <ele>876.4</ele>
        <time>2015-07-30T16:43:48Z</time>
      </trkpt>
      <trkpt lat="40.628667" lon="-0.029717">
        <ele>876.9</ele>
        <time>2015-07-30T16:43:57Z</time>
      </trkpt>
      <trkpt lat="40.628750" lon="-0.029833">
        <ele>877.1</ele>
        <time>2015-07-30T16:44:06Z</time>
      </trkpt>
      <trkpt lat="40.628750" lon="-0.029867">
        <ele>877.4</ele>
        <time>2015-07-30T16:44:08Z</time>
      </trkpt>
      <trkpt lat="40.628800" lon="-0.030033">
        <ele>878.5</ele>
        <time>2015-07-30T16:44:18Z</time>
      </trkpt>
      <trkpt lat="40.628900" lon="-0.030300">
        <ele>878.7</ele>
        <time>2015-07-30T16:44:34Z</time>
      </trkpt>
      <trkpt lat="40.628988" lon="-0.030591">
        <ele>885.0</ele>
        <time>2015-07-30T16:44:51Z</time>
      </trkpt>
      <trkpt lat="40.628990" lon="-0.030585">
        <ele>884.8</ele>
        <time>2015-07-30T16:44:52Z</time>
      </trkpt>
      <trkpt lat="40.629027" lon="-0.030506">
        <ele>881.5</ele>
        <time>2015-07-30T16:44:57Z</time>
      </trkpt>
      <trkpt lat="40.629032" lon="-0.030455">
        <ele>881.0</ele>
        <time>2015-07-30T16:45:00Z</time>
      </trkpt>
      <trkpt lat="40.629036" lon="-0.030428">
        <ele>880.3</ele>
        <time>2015-07-30T16:45:01Z</time>
      </trkpt>
      <trkpt lat="40.629073" lon="-0.030426">
        <ele>878.9</ele>
        <time>2015-07-30T16:45:04Z</time>
      </trkpt>
      <trkpt lat="40.629100" lon="-0.030531">
        <ele>877.8</ele>
        <time>2015-07-30T16:45:10Z</time>
      </trkpt>
      <trkpt lat="40.629193" lon="-0.030621">
        <ele>877.9</ele>
        <time>2015-07-30T16:45:18Z</time>
      </trkpt>
      <trkpt lat="40.629228" lon="-0.030634">
        <ele>876.3</ele>
        <time>2015-07-30T16:45:21Z</time>
      </trkpt>
      <trkpt lat="40.629235" lon="-0.030665">
        <ele>876.4</ele>
        <time>2015-07-30T16:45:23Z</time>
      </trkpt>
      <trkpt lat="40.629288" lon="-0.030679">
        <ele>875.4</ele>
        <time>2015-07-30T16:45:27Z</time>
      </trkpt>
      <trkpt lat="40.629286" lon="-0.030679">
        <ele>875.3</ele>
        <time>2015-07-30T16:45:27Z</time>
      </trkpt>
      <trkpt lat="40.629308" lon="-0.030664">
        <ele>876.1</ele>
        <time>2015-07-30T16:45:29Z</time>
      </trkpt>
      <trkpt lat="40.629347" lon="-0.030656">
        <ele>877.3</ele>
        <time>2015-07-30T16:45:32Z</time>
      </trkpt>
      <trkpt lat="40.629374" lon="-0.030642">
        <ele>878.5</ele>
        <time>2015-07-30T16:45:34Z</time>
      </trkpt>
      <trkpt lat="40.629437" lon="-0.030631">
        <ele>879.5</ele>
        <time>2015-07-30T16:45:38Z</time>
      </trkpt>
      <trkpt lat="40.629513" lon="-0.030565">
        <ele>881.5</ele>
        <time>2015-07-30T16:45:45Z</time>
      </trkpt>
      <trkpt lat="40.629528" lon="-0.030484">
        <ele>883.4</ele>
        <time>2015-07-30T16:45:50Z</time>
      </trkpt>
      <trkpt lat="40.629556" lon="-0.030416">
        <ele>884.9</ele>
        <time>2015-07-30T16:45:54Z</time>
      </trkpt>
      <trkpt lat="40.629635" lon="-0.030375">
        <ele>883.6</ele>
        <time>2015-07-30T16:46:00Z</time>
      </trkpt>
      <trkpt lat="40.629669" lon="-0.030390">
        <ele>882.6</ele>
        <time>2015-07-30T16:46:03Z</time>
      </trkpt>
      <trkpt lat="40.629702" lon="-0.030409">
        <ele>881.5</ele>
        <time>2015-07-30T16:46:05Z</time>
      </trkpt>
      <trkpt lat="40.629743" lon="-0.030465">
        <ele>880.0</ele>
        <time>2015-07-30T16:46:10Z</time>
      </trkpt>
      <trkpt lat="40.629824" lon="-0.030549">
        <ele>879.7</ele>
        <time>2015-07-30T16:46:17Z</time>
      </trkpt>
      <trkpt lat="40.629910" lon="-0.030639">
        <ele>880.1</ele>
        <time>2015-07-30T16:46:25Z</time>
      </trkpt>
      <trkpt lat="40.629996" lon="-0.030687">
        <ele>880.4</ele>
        <time>2015-07-30T16:46:32Z</time>
      </trkpt>
      <trkpt lat="40.630061" lon="-0.030781">
        <ele>881.5</ele>
        <time>2015-07-30T16:46:39Z</time>
      </trkpt>
      <trkpt lat="40.630120" lon="-0.030885">
        <ele>881.9</ele>
        <time>2015-07-30T16:46:46Z</time>
      </trkpt>
      <trkpt lat="40.630120" lon="-0.030885">
        <ele>881.9</ele>
        <time>2015-07-30T16:46:46Z</time>
      </trkpt>
      <trkpt lat="40.630212" lon="-0.031199">
        <ele>881.2</ele>
        <time>2015-07-30T16:47:05Z</time>
      </trkpt>
      <trkpt lat="40.630266" lon="-0.031313">
        <ele>881.5</ele>
        <time>2015-07-30T16:47:12Z</time>
      </trkpt>
      <trkpt lat="40.630269" lon="-0.031392">
        <ele>881.2</ele>
        <time>2015-07-30T16:47:17Z</time>
      </trkpt>
      <trkpt lat="40.630386" lon="-0.031550">
        <ele>881.8</ele>
        <time>2015-07-30T16:47:29Z</time>
      </trkpt>
      <trkpt lat="40.630518" lon="-0.031847">
        <ele>881.8</ele>
        <time>2015-07-30T16:47:48Z</time>
      </trkpt>
      <trkpt lat="40.630680" lon="-0.032151">
        <ele>882.5</ele>
        <time>2015-07-30T16:48:08Z</time>
      </trkpt>
      <trkpt lat="40.630822" lon="-0.032374">
        <ele>883.0</ele>
        <time>2015-07-30T16:48:24Z</time>
      </trkpt>
      <trkpt lat="40.630978" lon="-0.032574">
        <ele>884.5</ele>
        <time>2015-07-30T16:48:40Z</time>
      </trkpt>
      <trkpt lat="40.631084" lon="-0.032900">
        <ele>883.9</ele>
        <time>2015-07-30T16:49:00Z</time>
      </trkpt>
      <trkpt lat="40.631156" lon="-0.032978">
        <ele>883.9</ele>
        <time>2015-07-30T16:49:07Z</time>
      </trkpt>
      <trkpt lat="40.631226" lon="-0.032992">
        <ele>884.2</ele>
        <time>2015-07-30T16:49:12Z</time>
      </trkpt>
      <trkpt lat="40.631300" lon="-0.032971">
        <ele>884.4</ele>
        <time>2015-07-30T16:49:17Z</time>
      </trkpt>
      <trkpt lat="40.631349" lon="-0.032980">
        <ele>884.6</ele>
        <time>2015-07-30T16:49:21Z</time>
      </trkpt>
      <trkpt lat="40.631371" lon="-0.032979">
        <ele>884.7</ele>
        <time>2015-07-30T16:49:22Z</time>
      </trkpt>
      <trkpt lat="40.631407" lon="-0.033024">
        <ele>884.9</ele>
        <time>2015-07-30T16:49:26Z</time>
      </trkpt>
      <trkpt lat="40.631496" lon="-0.033078">
        <ele>885.2</ele>
        <time>2015-07-30T16:49:33Z</time>
      </trkpt>
      <trkpt lat="40.631579" lon="-0.033069">
        <ele>885.5</ele>
        <time>2015-07-30T16:49:39Z</time>
      </trkpt>
      <trkpt lat="40.631653" lon="-0.033071">
        <ele>885.7</ele>
        <time>2015-07-30T16:49:45Z</time>
      </trkpt>
      <trkpt lat="40.631702" lon="-0.033103">
        <ele>885.9</ele>
        <time>2015-07-30T16:49:49Z</time>
      </trkpt>
      <trkpt lat="40.631770" lon="-0.033175">
        <ele>885.9</ele>
        <time>2015-07-30T16:49:55Z</time>
      </trkpt>
      <trkpt lat="40.631853" lon="-0.033148">
        <ele>886.2</ele>
        <time>2015-07-30T16:50:01Z</time>
      </trkpt>
      <trkpt lat="40.631952" lon="-0.033231">
        <ele>886.2</ele>
        <time>2015-07-30T16:50:10Z</time>
      </trkpt>
      <trkpt lat="40.632058" lon="-0.033178">
        <ele>887.5</ele>
        <time>2015-07-30T16:50:18Z</time>
      </trkpt>
      <trkpt lat="40.632061" lon="-0.033177">
        <ele>887.6</ele>
        <time>2015-07-30T16:50:18Z</time>
      </trkpt>
      <trkpt lat="40.632060" lon="-0.033175">
        <ele>887.6</ele>
        <time>2015-07-30T16:50:18Z</time>
      </trkpt>
      <trkpt lat="40.632048" lon="-0.033281">
        <ele>885.7</ele>
        <time>2015-07-30T16:50:24Z</time>
      </trkpt>
      <trkpt lat="40.632048" lon="-0.033281">
        <ele>885.7</ele>
        <time>2015-07-30T16:50:24Z</time>
      </trkpt>
      <trkpt lat="40.631963" lon="-0.033504">
        <ele>885.5</ele>
        <time>2015-07-30T16:50:38Z</time>
      </trkpt>
      <trkpt lat="40.632022" lon="-0.033637">
        <ele>886.4</ele>
        <time>2015-07-30T16:50:46Z</time>
      </trkpt>
      <trkpt lat="40.632151" lon="-0.033785">
        <ele>887.2</ele>
        <time>2015-07-30T16:50:59Z</time>
      </trkpt>
      <trkpt lat="40.632262" lon="-0.033856">
        <ele>888.5</ele>
        <time>2015-07-30T16:51:08Z</time>
      </trkpt>
      <trkpt lat="40.632577" lon="-0.034035">
        <ele>893.5</ele>
        <time>2015-07-30T16:51:33Z</time>
      </trkpt>
      <trkpt lat="40.632624" lon="-0.034279">
        <ele>898.6</ele>
        <time>2015-07-30T16:51:47Z</time>
      </trkpt>
      <trkpt lat="40.632622" lon="-0.034271">
        <ele>898.4</ele>
        <time>2015-07-30T16:51:47Z</time>
      </trkpt>
      <trkpt lat="40.632934" lon="-0.034650">
        <ele>899.4</ele>
        <time>2015-07-30T16:52:18Z</time>
      </trkpt>
      <trkpt lat="40.633200" lon="-0.035466">
        <ele>901.4</ele>
        <time>2015-07-30T16:53:07Z</time>
      </trkpt>
      <trkpt lat="40.634267" lon="-0.036983">
        <ele>896.4</ele>
        <time>2015-07-30T16:55:01Z</time>
      </trkpt>
      <trkpt lat="40.634450" lon="-0.037366">
        <ele>901.6</ele>
        <time>2015-07-30T16:55:26Z</time>
      </trkpt>
      <trkpt lat="40.635550" lon="-0.038800">
        <ele>905.2</ele>
        <time>2015-07-30T16:57:19Z</time>
      </trkpt>
      <trkpt lat="40.635650" lon="-0.039100">
        <ele>910.1</ele>
        <time>2015-07-30T16:57:37Z</time>
      </trkpt>
      <trkpt lat="40.635734" lon="-0.039283">
        <ele>909.5</ele>
        <time>2015-07-30T16:57:49Z</time>
      </trkpt>
      <trkpt lat="40.635867" lon="-0.039483">
        <ele>915.1</ele>
        <time>2015-07-30T16:58:04Z</time>
      </trkpt>
      <trkpt lat="40.635950" lon="-0.039533">
        <ele>915.7</ele>
        <time>2015-07-30T16:58:10Z</time>
      </trkpt>
      <trkpt lat="40.635983" lon="-0.039550">
        <ele>915.3</ele>
        <time>2015-07-30T16:58:13Z</time>
      </trkpt>
      <trkpt lat="40.636083" lon="-0.039533">
        <ele>915.2</ele>
        <time>2015-07-30T16:58:20Z</time>
      </trkpt>
      <trkpt lat="40.636184" lon="-0.039516">
        <ele>918.4</ele>
        <time>2015-07-30T16:58:28Z</time>
      </trkpt>
      <trkpt lat="40.636217" lon="-0.039449">
        <ele>921.4</ele>
        <time>2015-07-30T16:58:32Z</time>
      </trkpt>
      <trkpt lat="40.636233" lon="-0.039433">
        <ele>924.1</ele>
        <time>2015-07-30T16:58:33Z</time>
      </trkpt>
      <trkpt lat="40.636250" lon="-0.039516">
        <ele>925.9</ele>
        <time>2015-07-30T16:58:38Z</time>
      </trkpt>
      <trkpt lat="40.636267" lon="-0.039716">
        <ele>932.9</ele>
        <time>2015-07-30T16:58:49Z</time>
      </trkpt>
      <trkpt lat="40.636284" lon="-0.039850">
        <ele>932.6</ele>
        <time>2015-07-30T16:58:57Z</time>
      </trkpt>
      <trkpt lat="40.636317" lon="-0.039983">
        <ele>933.4</ele>
        <time>2015-07-30T16:59:05Z</time>
      </trkpt>
      <trkpt lat="40.636333" lon="-0.040133">
        <ele>934.7</ele>
        <time>2015-07-30T16:59:13Z</time>
      </trkpt>
      <trkpt lat="40.636350" lon="-0.040217">
        <ele>935.5</ele>
        <time>2015-07-30T16:59:18Z</time>
      </trkpt>
      <trkpt lat="40.636367" lon="-0.040300">
        <ele>935.8</ele>
        <time>2015-07-30T16:59:22Z</time>
      </trkpt>
      <trkpt lat="40.636384" lon="-0.040416">
        <ele>936.5</ele>
        <time>2015-07-30T16:59:29Z</time>
      </trkpt>
      <trkpt lat="40.636384" lon="-0.040483">
        <ele>938.2</ele>
        <time>2015-07-30T16:59:33Z</time>
      </trkpt>
      <trkpt lat="40.636350" lon="-0.040433">
        <ele>939.3</ele>
        <time>2015-07-30T16:59:36Z</time>
      </trkpt>
      <trkpt lat="40.636317" lon="-0.040367">
        <ele>940.2</ele>
        <time>2015-07-30T16:59:41Z</time>
      </trkpt>
      <trkpt lat="40.636317" lon="-0.040333">
        <ele>939.7</ele>
        <time>2015-07-30T16:59:43Z</time>
      </trkpt>
      <trkpt lat="40.636267" lon="-0.040266">
        <ele>942.4</ele>
        <time>2015-07-30T16:59:48Z</time>
      </trkpt>
      <trkpt lat="40.636201" lon="-0.040150">
        <ele>944.6</ele>
        <time>2015-07-30T16:59:56Z</time>
      </trkpt>
      <trkpt lat="40.636150" lon="-0.040050">
        <ele>946.2</ele>
        <time>2015-07-30T17:00:02Z</time>
      </trkpt>
      <trkpt lat="40.636101" lon="-0.039916">
        <ele>947.3</ele>
        <time>2015-07-30T17:00:11Z</time>
      </trkpt>
      <trkpt lat="40.635867" lon="-0.039783">
        <ele>952.0</ele>
        <time>2015-07-30T17:00:29Z</time>
      </trkpt>
      <trkpt lat="40.635767" lon="-0.039733">
        <ele>951.6</ele>
        <time>2015-07-30T17:00:37Z</time>
      </trkpt>
      <trkpt lat="40.635650" lon="-0.039767">
        <ele>956.7</ele>
        <time>2015-07-30T17:00:46Z</time>
      </trkpt>
      <trkpt lat="40.635700" lon="-0.039916">
        <ele>959.5</ele>
        <time>2015-07-30T17:00:55Z</time>
      </trkpt>
      <trkpt lat="40.635750" lon="-0.039966">
        <ele>958.9</ele>
        <time>2015-07-30T17:00:59Z</time>
      </trkpt>
      <trkpt lat="40.635783" lon="-0.040033">
        <ele>959.9</ele>
        <time>2015-07-30T17:01:04Z</time>
      </trkpt>
      <trkpt lat="40.635800" lon="-0.040066">
        <ele>960.4</ele>
        <time>2015-07-30T17:01:06Z</time>
      </trkpt>
      <trkpt lat="40.635850" lon="-0.040217">
        <ele>962.2</ele>
        <time>2015-07-30T17:01:15Z</time>
      </trkpt>
      <trkpt lat="40.635883" lon="-0.040667">
        <ele>970.2</ele>
        <time>2015-07-30T17:01:40Z</time>
      </trkpt>
      <trkpt lat="40.636017" lon="-0.041066">
        <ele>969.5</ele>
        <time>2015-07-30T17:02:04Z</time>
      </trkpt>
      <trkpt lat="40.636083" lon="-0.041367">
        <ele>974.7</ele>
        <time>2015-07-30T17:02:21Z</time>
      </trkpt>
      <trkpt lat="40.636101" lon="-0.041417">
        <ele>976.6</ele>
        <time>2015-07-30T17:02:24Z</time>
      </trkpt>
      <trkpt lat="40.636117" lon="-0.041433">
        <ele>977.1</ele>
        <time>2015-07-30T17:02:26Z</time>
      </trkpt>
      <trkpt lat="40.636117" lon="-0.041450">
        <ele>977.7</ele>
        <time>2015-07-30T17:02:27Z</time>
      </trkpt>
      <trkpt lat="40.636167" lon="-0.041516">
        <ele>978.3</ele>
        <time>2015-07-30T17:02:32Z</time>
      </trkpt>
      <trkpt lat="40.636217" lon="-0.041633">
        <ele>979.6</ele>
        <time>2015-07-30T17:02:39Z</time>
      </trkpt>
      <trkpt lat="40.636217" lon="-0.041683">
        <ele>979.4</ele>
        <time>2015-07-30T17:02:42Z</time>
      </trkpt>
      <trkpt lat="40.636217" lon="-0.041716">
        <ele>979.1</ele>
        <time>2015-07-30T17:02:44Z</time>
      </trkpt>
      <trkpt lat="40.636201" lon="-0.041966">
        <ele>979.7</ele>
        <time>2015-07-30T17:02:58Z</time>
      </trkpt>
      <trkpt lat="40.636167" lon="-0.042000">
        <ele>981.5</ele>
        <time>2015-07-30T17:03:01Z</time>
      </trkpt>
      <trkpt lat="40.636167" lon="-0.042000">
        <ele>981.5</ele>
        <time>2015-07-30T17:03:01Z</time>
      </trkpt>
      <trkpt lat="40.636167" lon="-0.042000">
        <ele>981.5</ele>
        <time>2015-07-30T17:03:01Z</time>
      </trkpt>
      <trkpt lat="40.636167" lon="-0.042000">
        <ele>981.5</ele>
        <time>2015-07-30T17:03:01Z</time>
      </trkpt>
      <trkpt lat="40.636167" lon="-0.042000">
        <ele>981.5</ele>
        <time>2015-07-30T17:03:01Z</time>
      </trkpt>
      <trkpt lat="40.636167" lon="-0.042000">
        <ele>981.5</ele>
        <time>2015-07-30T17:03:01Z</time>
      </trkpt>
      <trkpt lat="40.636167" lon="-0.042000">
        <ele>981.5</ele>
        <time>2015-07-30T17:03:01Z</time>
      </trkpt>
      <trkpt lat="40.636167" lon="-0.042000">
        <ele>981.5</ele>
        <time>2015-07-30T17:03:01Z</time>
      </trkpt>
      <trkpt lat="40.636167" lon="-0.042000">
        <ele>981.5</ele>
        <time>2015-07-30T17:03:01Z</time>
      </trkpt>
      <trkpt lat="40.636167" lon="-0.042000">
        <ele>981.5</ele>
        <time>2015-07-30T17:03:01Z</time>
      </trkpt>
      <trkpt lat="40.636167" lon="-0.042000">
        <ele>981.5</ele>
        <time>2015-07-30T17:03:01Z</time>
      </trkpt>
      <trkpt lat="40.636167" lon="-0.042000">
        <ele>981.5</ele>
        <time>2015-07-30T17:03:01Z</time>
      </trkpt>
      <trkpt lat="40.636167" lon="-0.042000">
        <ele>981.5</ele>
        <time>2015-07-30T17:03:01Z</time>
      </trkpt>
      <trkpt lat="40.636167" lon="-0.042000">
        <ele>981.5</ele>
        <time>2015-07-30T17:03:01Z</time>
      </trkpt>
      <trkpt lat="40.636167" lon="-0.042000">
        <ele>981.5</ele>
        <time>2015-07-30T17:03:01Z</time>
      </trkpt>
      <trkpt lat="40.636167" lon="-0.042000">
        <ele>981.5</ele>
        <time>2015-07-30T17:03:01Z</time>
      </trkpt>
      <trkpt lat="40.636167" lon="-0.042000">
        <ele>981.5</ele>
        <time>2015-07-30T17:03:01Z</time>
      </trkpt>
      <trkpt lat="40.636167" lon="-0.042000">
        <ele>981.5</ele>
        <time>2015-07-30T17:03:01Z</time>
      </trkpt>
      <trkpt lat="40.636167" lon="-0.042000">
        <ele>981.5</ele>
        <time>2015-07-30T17:03:01Z</time>
      </trkpt>
      <trkpt lat="40.636167" lon="-0.042000">
        <ele>981.5</ele>
        <time>2015-07-30T17:03:01Z</time>
      </trkpt>
      <trkpt lat="40.636167" lon="-0.042000">
        <ele>981.5</ele>
        <time>2015-07-30T17:03:01Z</time>
      </trkpt>
      <trkpt lat="40.636167" lon="-0.042000">
        <ele>981.5</ele>
        <time>2015-07-30T17:03:01Z</time>
      </trkpt>
      <trkpt lat="40.636167" lon="-0.042000">
        <ele>981.5</ele>
        <time>2015-07-30T17:03:01Z</time>
      </trkpt>
      <trkpt lat="40.636167" lon="-0.042000">
        <ele>981.5</ele>
        <time>2015-07-30T17:03:01Z</time>
      </trkpt>
      <trkpt lat="40.636167" lon="-0.042000">
        <ele>981.5</ele>
        <time>2015-07-30T17:03:01Z</time>
      </trkpt>
      <trkpt lat="40.636167" lon="-0.042000">
        <ele>981.5</ele>
        <time>2015-07-30T17:03:01Z</time>
      </trkpt>
      <trkpt lat="40.636167" lon="-0.042000">
        <ele>981.5</ele>
        <time>2015-07-30T17:03:01Z</time>
      </trkpt>
      <trkpt lat="40.636167" lon="-0.042000">
        <ele>981.5</ele>
        <time>2015-07-30T17:03:01Z</time>
      </trkpt>
      <trkpt lat="40.636167" lon="-0.042000">
        <ele>981.5</ele>
        <time>2015-07-30T17:03:01Z</time>
      </trkpt>
      <trkpt lat="40.636167" lon="-0.042000">
        <ele>981.5</ele>
        <time>2015-07-30T17:03:01Z</time>
      </trkpt>
      <trkpt lat="40.636167" lon="-0.042000">
        <ele>981.5</ele>
        <time>2015-07-30T17:03:01Z</time>
      </trkpt>
      <trkpt lat="40.636167" lon="-0.042000">
        <ele>981.5</ele>
        <time>2015-07-30T17:03:01Z</time>
      </trkpt>
      <trkpt lat="40.636167" lon="-0.042000">
        <ele>981.5</ele>
        <time>2015-07-30T17:03:01Z</time>
      </trkpt>
      <trkpt lat="40.636167" lon="-0.042000">
        <ele>981.5</ele>
        <time>2015-07-30T17:03:01Z</time>
      </trkpt>
      <trkpt lat="40.636167" lon="-0.042000">
        <ele>981.5</ele>
        <time>2015-07-30T17:03:01Z</time>
      </trkpt>
      <trkpt lat="40.636167" lon="-0.042000">
        <ele>981.5</ele>
        <time>2015-07-30T17:03:01Z</time>
      </trkpt>
      <trkpt lat="40.636167" lon="-0.042000">
        <ele>981.5</ele>
        <time>2015-07-30T17:03:01Z</time>
      </trkpt>
      <trkpt lat="40.636167" lon="-0.042000">
        <ele>981.5</ele>
        <time>2015-07-30T17:03:01Z</time>
      </trkpt>
      <trkpt lat="40.636167" lon="-0.042017">
        <ele>981.7</ele>
        <time>2015-07-30T17:03:02Z</time>
      </trkpt>
      <trkpt lat="40.636167" lon="-0.042017">
        <ele>981.7</ele>
        <time>2015-07-30T17:03:02Z</time>
      </trkpt>
      <trkpt lat="40.636167" lon="-0.042266">
        <ele>986.0</ele>
        <time>2015-07-30T17:03:16Z</time>
      </trkpt>
      <trkpt lat="40.636167" lon="-0.042366">
        <ele>989.8</ele>
        <time>2015-07-30T17:03:21Z</time>
      </trkpt>
      <trkpt lat="40.636201" lon="-0.042450">
        <ele>986.6</ele>
        <time>2015-07-30T17:03:26Z</time>
      </trkpt>
      <trkpt lat="40.636201" lon="-0.042567">
        <ele>986.9</ele>
        <time>2015-07-30T17:03:33Z</time>
      </trkpt>
      <trkpt lat="40.636201" lon="-0.042717">
        <ele>989.5</ele>
        <time>2015-07-30T17:03:41Z</time>
      </trkpt>
      <trkpt lat="40.636217" lon="-0.042767">
        <ele>989.1</ele>
        <time>2015-07-30T17:03:44Z</time>
      </trkpt>
      <trkpt lat="40.636217" lon="-0.042800">
        <ele>989.2</ele>
        <time>2015-07-30T17:03:46Z</time>
      </trkpt>
      <trkpt lat="40.636217" lon="-0.042817">
        <ele>989.6</ele>
        <time>2015-07-30T17:03:47Z</time>
      </trkpt>
      <trkpt lat="40.636250" lon="-0.043117">
        <ele>992.3</ele>
        <time>2015-07-30T17:04:03Z</time>
      </trkpt>
      <trkpt lat="40.636267" lon="-0.043233">
        <ele>993.1</ele>
        <time>2015-07-30T17:04:10Z</time>
      </trkpt>
      <trkpt lat="40.636267" lon="-0.043616">
        <ele>998.5</ele>
        <time>2015-07-30T17:04:31Z</time>
      </trkpt>
      <trkpt lat="40.636317" lon="-0.043966">
        <ele>1003.5</ele>
        <time>2015-07-30T17:04:51Z</time>
      </trkpt>
      <trkpt lat="40.636317" lon="-0.044017">
        <ele>1004.2</ele>
        <time>2015-07-30T17:04:54Z</time>
      </trkpt>
      <trkpt lat="40.636317" lon="-0.044017">
        <ele>1004.2</ele>
        <time>2015-07-30T17:04:54Z</time>
      </trkpt>
      <trkpt lat="40.636317" lon="-0.044017">
        <ele>1004.2</ele>
        <time>2015-07-30T17:04:54Z</time>
      </trkpt>
      <trkpt lat="40.636317" lon="-0.044017">
        <ele>1004.2</ele>
        <time>2015-07-30T17:04:54Z</time>
      </trkpt>
      <trkpt lat="40.636317" lon="-0.044017">
        <ele>1004.2</ele>
        <time>2015-07-30T17:04:54Z</time>
      </trkpt>
      <trkpt lat="40.636317" lon="-0.044017">
        <ele>1004.2</ele>
        <time>2015-07-30T17:04:54Z</time>
      </trkpt>
      <trkpt lat="40.636317" lon="-0.044017">
        <ele>1004.2</ele>
        <time>2015-07-30T17:04:54Z</time>
      </trkpt>
      <trkpt lat="40.636317" lon="-0.044017">
        <ele>1004.2</ele>
        <time>2015-07-30T17:04:54Z</time>
      </trkpt>
      <trkpt lat="40.636317" lon="-0.044017">
        <ele>1004.2</ele>
        <time>2015-07-30T17:04:54Z</time>
      </trkpt>
      <trkpt lat="40.636317" lon="-0.044017">
        <ele>1004.2</ele>
        <time>2015-07-30T17:04:54Z</time>
      </trkpt>
      <trkpt lat="40.636317" lon="-0.044017">
        <ele>1004.2</ele>
        <time>2015-07-30T17:04:54Z</time>
      </trkpt>
      <trkpt lat="40.636317" lon="-0.044017">
        <ele>1004.2</ele>
        <time>2015-07-30T17:04:54Z</time>
      </trkpt>
      <trkpt lat="40.636317" lon="-0.044017">
        <ele>1004.2</ele>
        <time>2015-07-30T17:04:54Z</time>
      </trkpt>
      <trkpt lat="40.636317" lon="-0.044017">
        <ele>1004.2</ele>
        <time>2015-07-30T17:04:54Z</time>
      </trkpt>
      <trkpt lat="40.636317" lon="-0.044017">
        <ele>1004.2</ele>
        <time>2015-07-30T17:04:54Z</time>
      </trkpt>
      <trkpt lat="40.636317" lon="-0.044017">
        <ele>1004.2</ele>
        <time>2015-07-30T17:04:54Z</time>
      </trkpt>
      <trkpt lat="40.636317" lon="-0.044017">
        <ele>1004.2</ele>
        <time>2015-07-30T17:04:54Z</time>
      </trkpt>
      <trkpt lat="40.636317" lon="-0.044017">
        <ele>1004.2</ele>
        <time>2015-07-30T17:04:54Z</time>
      </trkpt>
      <trkpt lat="40.636317" lon="-0.044017">
        <ele>1004.2</ele>
        <time>2015-07-30T17:04:54Z</time>
      </trkpt>
      <trkpt lat="40.636317" lon="-0.044017">
        <ele>1004.2</ele>
        <time>2015-07-30T17:04:54Z</time>
      </trkpt>
      <trkpt lat="40.636317" lon="-0.044017">
        <ele>1004.2</ele>
        <time>2015-07-30T17:04:54Z</time>
      </trkpt>
      <trkpt lat="40.636317" lon="-0.044017">
        <ele>1004.2</ele>
        <time>2015-07-30T17:04:54Z</time>
      </trkpt>
      <trkpt lat="40.636317" lon="-0.044017">
        <ele>1004.2</ele>
        <time>2015-07-30T17:04:54Z</time>
      </trkpt>
      <trkpt lat="40.636317" lon="-0.044017">
        <ele>1004.2</ele>
        <time>2015-07-30T17:04:54Z</time>
      </trkpt>
      <trkpt lat="40.636317" lon="-0.044017">
        <ele>1004.2</ele>
        <time>2015-07-30T17:04:54Z</time>
      </trkpt>
      <trkpt lat="40.636317" lon="-0.044017">
        <ele>1004.2</ele>
        <time>2015-07-30T17:04:54Z</time>
      </trkpt>
      <trkpt lat="40.636317" lon="-0.044017">
        <ele>1004.2</ele>
        <time>2015-07-30T17:04:54Z</time>
      </trkpt>
      <trkpt lat="40.636317" lon="-0.044017">
        <ele>1004.2</ele>
        <time>2015-07-30T17:04:54Z</time>
      </trkpt>
      <trkpt lat="40.636317" lon="-0.044017">
        <ele>1004.2</ele>
        <time>2015-07-30T17:04:54Z</time>
      </trkpt>
      <trkpt lat="40.636317" lon="-0.044017">
        <ele>1004.2</ele>
        <time>2015-07-30T17:04:54Z</time>
      </trkpt>
      <trkpt lat="40.636317" lon="-0.044017">
        <ele>1004.2</ele>
        <time>2015-07-30T17:04:54Z</time>
      </trkpt>
      <trkpt lat="40.636317" lon="-0.044017">
        <ele>1004.2</ele>
        <time>2015-07-30T17:04:54Z</time>
      </trkpt>
      <trkpt lat="40.636317" lon="-0.044017">
        <ele>1004.2</ele>
        <time>2015-07-30T17:04:54Z</time>
      </trkpt>
      <trkpt lat="40.636317" lon="-0.044017">
        <ele>1004.2</ele>
        <time>2015-07-30T17:04:54Z</time>
      </trkpt>
      <trkpt lat="40.636317" lon="-0.044017">
        <ele>1004.2</ele>
        <time>2015-07-30T17:04:54Z</time>
      </trkpt>
      <trkpt lat="40.636317" lon="-0.044017">
        <ele>1004.2</ele>
        <time>2015-07-30T17:04:54Z</time>
      </trkpt>
      <trkpt lat="40.636317" lon="-0.044017">
        <ele>1004.2</ele>
        <time>2015-07-30T17:04:54Z</time>
      </trkpt>
      <trkpt lat="40.636317" lon="-0.044017">
        <ele>1004.2</ele>
        <time>2015-07-30T17:04:54Z</time>
      </trkpt>
      <trkpt lat="40.636317" lon="-0.044017">
        <ele>1004.2</ele>
        <time>2015-07-30T17:04:54Z</time>
      </trkpt>
      <trkpt lat="40.636317" lon="-0.044017">
        <ele>1004.2</ele>
        <time>2015-07-30T17:04:54Z</time>
      </trkpt>
      <trkpt lat="40.636317" lon="-0.044017">
        <ele>1004.2</ele>
        <time>2015-07-30T17:04:54Z</time>
      </trkpt>
      <trkpt lat="40.636317" lon="-0.044017">
        <ele>1004.2</ele>
        <time>2015-07-30T17:04:54Z</time>
      </trkpt>
      <trkpt lat="40.636317" lon="-0.044017">
        <ele>1004.2</ele>
        <time>2015-07-30T17:04:54Z</time>
      </trkpt>
      <trkpt lat="40.636317" lon="-0.044017">
        <ele>1004.2</ele>
        <time>2015-07-30T17:04:54Z</time>
      </trkpt>
      <trkpt lat="40.636317" lon="-0.044017">
        <ele>1004.2</ele>
        <time>2015-07-30T17:04:54Z</time>
      </trkpt>
      <trkpt lat="40.636317" lon="-0.044017">
        <ele>1004.2</ele>
        <time>2015-07-30T17:04:54Z</time>
      </trkpt>
      <trkpt lat="40.636317" lon="-0.044017">
        <ele>1004.2</ele>
        <time>2015-07-30T17:04:54Z</time>
      </trkpt>
      <trkpt lat="40.636317" lon="-0.044017">
        <ele>1004.2</ele>
        <time>2015-07-30T17:04:54Z</time>
      </trkpt>
      <trkpt lat="40.636317" lon="-0.044017">
        <ele>1004.2</ele>
        <time>2015-07-30T17:04:54Z</time>
      </trkpt>
      <trkpt lat="40.636317" lon="-0.044017">
        <ele>1004.2</ele>
        <time>2015-07-30T17:04:54Z</time>
      </trkpt>
      <trkpt lat="40.636317" lon="-0.044017">
        <ele>1004.2</ele>
        <time>2015-07-30T17:04:54Z</time>
      </trkpt>
      <trkpt lat="40.636317" lon="-0.044017">
        <ele>1004.2</ele>
        <time>2015-07-30T17:04:54Z</time>
      </trkpt>
      <trkpt lat="40.636317" lon="-0.044017">
        <ele>1004.2</ele>
        <time>2015-07-30T17:04:54Z</time>
      </trkpt>
      <trkpt lat="40.636317" lon="-0.044017">
        <ele>1004.2</ele>
        <time>2015-07-30T17:04:54Z</time>
      </trkpt>
      <trkpt lat="40.636317" lon="-0.044017">
        <ele>1004.2</ele>
        <time>2015-07-30T17:04:54Z</time>
      </trkpt>
      <trkpt lat="40.636300" lon="-0.044017">
        <ele>1004.5</ele>
        <time>2015-07-30T17:04:55Z</time>
      </trkpt>
      <trkpt lat="40.636267" lon="-0.044017">
        <ele>1005.1</ele>
        <time>2015-07-30T17:04:57Z</time>
      </trkpt>
      <trkpt lat="40.636267" lon="-0.044033">
        <ele>1005.3</ele>
        <time>2015-07-30T17:04:58Z</time>
      </trkpt>
      <trkpt lat="40.636267" lon="-0.044083">
        <ele>1006.1</ele>
        <time>2015-07-30T17:05:01Z</time>
      </trkpt>
      <trkpt lat="40.636267" lon="-0.044083">
        <ele>1006.1</ele>
        <time>2015-07-30T17:05:01Z</time>
      </trkpt>
      <trkpt lat="40.636267" lon="-0.044083">
        <ele>1006.1</ele>
        <time>2015-07-30T17:05:01Z</time>
      </trkpt>
      <trkpt lat="40.636267" lon="-0.044083">
        <ele>1006.1</ele>
        <time>2015-07-30T17:05:01Z</time>
      </trkpt>
      <trkpt lat="40.636250" lon="-0.044117">
        <ele>1007.2</ele>
        <time>2015-07-30T17:05:03Z</time>
      </trkpt>
      <trkpt lat="40.636250" lon="-0.044150">
        <ele>1007.9</ele>
        <time>2015-07-30T17:05:05Z</time>
      </trkpt>
      <trkpt lat="40.636267" lon="-0.044216">
        <ele>1007.7</ele>
        <time>2015-07-30T17:05:09Z</time>
      </trkpt>
      <trkpt lat="40.636350" lon="-0.044533">
        <ele>1011.5</ele>
        <time>2015-07-30T17:05:27Z</time>
      </trkpt>
      <trkpt lat="40.636350" lon="-0.044533">
        <ele>1011.5</ele>
        <time>2015-07-30T17:05:27Z</time>
      </trkpt>
      <trkpt lat="40.636350" lon="-0.044533">
        <ele>1011.5</ele>
        <time>2015-07-30T17:05:27Z</time>
      </trkpt>
      <trkpt lat="40.636350" lon="-0.044533">
        <ele>1011.5</ele>
        <time>2015-07-30T17:05:27Z</time>
      </trkpt>
      <trkpt lat="40.636350" lon="-0.044533">
        <ele>1011.5</ele>
        <time>2015-07-30T17:05:27Z</time>
      </trkpt>
      <trkpt lat="40.636350" lon="-0.044533">
        <ele>1011.5</ele>
        <time>2015-07-30T17:05:27Z</time>
      </trkpt>
      <trkpt lat="40.636350" lon="-0.044533">
        <ele>1011.5</ele>
        <time>2015-07-30T17:05:27Z</time>
      </trkpt>
      <trkpt lat="40.636350" lon="-0.044533">
        <ele>1011.5</ele>
        <time>2015-07-30T17:05:27Z</time>
      </trkpt>
      <trkpt lat="40.636350" lon="-0.044533">
        <ele>1011.5</ele>
        <time>2015-07-30T17:05:27Z</time>
      </trkpt>
      <trkpt lat="40.636350" lon="-0.044533">
        <ele>1011.5</ele>
        <time>2015-07-30T17:05:27Z</time>
      </trkpt>
      <trkpt lat="40.636350" lon="-0.044533">
        <ele>1011.5</ele>
        <time>2015-07-30T17:05:27Z</time>
      </trkpt>
      <trkpt lat="40.636350" lon="-0.044533">
        <ele>1011.5</ele>
        <time>2015-07-30T17:05:27Z</time>
      </trkpt>
      <trkpt lat="40.636350" lon="-0.044533">
        <ele>1011.5</ele>
        <time>2015-07-30T17:05:27Z</time>
      </trkpt>
      <trkpt lat="40.636350" lon="-0.044533">
        <ele>1011.5</ele>
        <time>2015-07-30T17:05:27Z</time>
      </trkpt>
      <trkpt lat="40.636350" lon="-0.044533">
        <ele>1011.5</ele>
        <time>2015-07-30T17:05:27Z</time>
      </trkpt>
      <trkpt lat="40.636350" lon="-0.044533">
        <ele>1011.5</ele>
        <time>2015-07-30T17:05:27Z</time>
      </trkpt>
      <trkpt lat="40.636350" lon="-0.044533">
        <ele>1011.5</ele>
        <time>2015-07-30T17:05:27Z</time>
      </trkpt>
      <trkpt lat="40.636350" lon="-0.044533">
        <ele>1011.5</ele>
        <time>2015-07-30T17:05:27Z</time>
      </trkpt>
      <trkpt lat="40.636350" lon="-0.044533">
        <ele>1011.5</ele>
        <time>2015-07-30T17:05:27Z</time>
      </trkpt>
      <trkpt lat="40.636350" lon="-0.044533">
        <ele>1011.5</ele>
        <time>2015-07-30T17:05:27Z</time>
      </trkpt>
      <trkpt lat="40.636350" lon="-0.044533">
        <ele>1011.5</ele>
        <time>2015-07-30T17:05:27Z</time>
      </trkpt>
      <trkpt lat="40.636350" lon="-0.044533">
        <ele>1011.5</ele>
        <time>2015-07-30T17:05:27Z</time>
      </trkpt>
      <trkpt lat="40.636350" lon="-0.044533">
        <ele>1011.5</ele>
        <time>2015-07-30T17:05:27Z</time>
      </trkpt>
      <trkpt lat="40.636350" lon="-0.044533">
        <ele>1011.5</ele>
        <time>2015-07-30T17:05:27Z</time>
      </trkpt>
      <trkpt lat="40.636350" lon="-0.044533">
        <ele>1011.5</ele>
        <time>2015-07-30T17:05:27Z</time>
      </trkpt>
      <trkpt lat="40.636350" lon="-0.044533">
        <ele>1011.5</ele>
        <time>2015-07-30T17:05:27Z</time>
      </trkpt>
      <trkpt lat="40.636350" lon="-0.044533">
        <ele>1011.5</ele>
        <time>2015-07-30T17:05:27Z</time>
      </trkpt>
      <trkpt lat="40.636350" lon="-0.044533">
        <ele>1011.5</ele>
        <time>2015-07-30T17:05:27Z</time>
      </trkpt>
      <trkpt lat="40.636350" lon="-0.044533">
        <ele>1011.5</ele>
        <time>2015-07-30T17:05:27Z</time>
      </trkpt>
      <trkpt lat="40.636350" lon="-0.044533">
        <ele>1011.5</ele>
        <time>2015-07-30T17:05:27Z</time>
      </trkpt>
      <trkpt lat="40.636350" lon="-0.044533">
        <ele>1011.5</ele>
        <time>2015-07-30T17:05:27Z</time>
      </trkpt>
      <trkpt lat="40.636350" lon="-0.044533">
        <ele>1011.5</ele>
        <time>2015-07-30T17:05:27Z</time>
      </trkpt>
      <trkpt lat="40.636500" lon="-0.045017">
        <ele>1020.1</ele>
        <time>2015-07-30T17:05:56Z</time>
      </trkpt>
      <trkpt lat="40.636500" lon="-0.045017">
        <ele>1020.1</ele>
        <time>2015-07-30T17:05:56Z</time>
      </trkpt>
      <trkpt lat="40.636500" lon="-0.045017">
        <ele>1020.1</ele>
        <time>2015-07-30T17:05:56Z</time>
      </trkpt>
      <trkpt lat="40.636500" lon="-0.045017">
        <ele>1020.1</ele>
        <time>2015-07-30T17:05:56Z</time>
      </trkpt>
      <trkpt lat="40.636500" lon="-0.045017">
        <ele>1020.1</ele>
        <time>2015-07-30T17:05:56Z</time>
      </trkpt>
      <trkpt lat="40.636500" lon="-0.045017">
        <ele>1020.1</ele>
        <time>2015-07-30T17:05:56Z</time>
      </trkpt>
      <trkpt lat="40.636550" lon="-0.045167">
        <ele>1022.5</ele>
        <time>2015-07-30T17:06:05Z</time>
      </trkpt>
      <trkpt lat="40.636550" lon="-0.045167">
        <ele>1022.5</ele>
        <time>2015-07-30T17:06:05Z</time>
      </trkpt>
      <trkpt lat="40.636550" lon="-0.045167">
        <ele>1022.5</ele>
        <time>2015-07-30T17:06:05Z</time>
      </trkpt>
      <trkpt lat="40.636550" lon="-0.045167">
        <ele>1022.5</ele>
        <time>2015-07-30T17:06:05Z</time>
      </trkpt>
      <trkpt lat="40.636550" lon="-0.045167">
        <ele>1022.5</ele>
        <time>2015-07-30T17:06:05Z</time>
      </trkpt>
      <trkpt lat="40.636550" lon="-0.045167">
        <ele>1022.5</ele>
        <time>2015-07-30T17:06:05Z</time>
      </trkpt>
      <trkpt lat="40.636600" lon="-0.045267">
        <ele>1023.4</ele>
        <time>2015-07-30T17:06:12Z</time>
      </trkpt>
      <trkpt lat="40.636600" lon="-0.045316">
        <ele>1024.4</ele>
        <time>2015-07-30T17:06:15Z</time>
      </trkpt>
      <trkpt lat="40.636600" lon="-0.045316">
        <ele>1024.4</ele>
        <time>2015-07-30T17:06:15Z</time>
      </trkpt>
      <trkpt lat="40.636617" lon="-0.045367">
        <ele>1024.4</ele>
        <time>2015-07-30T17:06:18Z</time>
      </trkpt>
      <trkpt lat="40.636617" lon="-0.045416">
        <ele>1025.6</ele>
        <time>2015-07-30T17:06:20Z</time>
      </trkpt>
      <trkpt lat="40.636650" lon="-0.045433">
        <ele>1024.3</ele>
        <time>2015-07-30T17:06:23Z</time>
      </trkpt>
      <trkpt lat="40.636650" lon="-0.045500">
        <ele>1026.0</ele>
        <time>2015-07-30T17:06:27Z</time>
      </trkpt>
      <trkpt lat="40.636650" lon="-0.045500">
        <ele>1026.0</ele>
        <time>2015-07-30T17:06:27Z</time>
      </trkpt>
      <trkpt lat="40.636650" lon="-0.045500">
        <ele>1026.0</ele>
        <time>2015-07-30T17:06:27Z</time>
      </trkpt>
      <trkpt lat="40.636650" lon="-0.045500">
        <ele>1026.0</ele>
        <time>2015-07-30T17:06:27Z</time>
      </trkpt>
      <trkpt lat="40.636650" lon="-0.045500">
        <ele>1026.0</ele>
        <time>2015-07-30T17:06:27Z</time>
      </trkpt>
      <trkpt lat="40.636650" lon="-0.045500">
        <ele>1026.0</ele>
        <time>2015-07-30T17:06:27Z</time>
      </trkpt>
      <trkpt lat="40.636650" lon="-0.045500">
        <ele>1026.0</ele>
        <time>2015-07-30T17:06:27Z</time>
      </trkpt>
      <trkpt lat="40.636650" lon="-0.045500">
        <ele>1026.0</ele>
        <time>2015-07-30T17:06:27Z</time>
      </trkpt>
      <trkpt lat="40.636650" lon="-0.045500">
        <ele>1026.0</ele>
        <time>2015-07-30T17:06:27Z</time>
      </trkpt>
      <trkpt lat="40.636650" lon="-0.045500">
        <ele>1026.0</ele>
        <time>2015-07-30T17:06:27Z</time>
      </trkpt>
      <trkpt lat="40.636650" lon="-0.045500">
        <ele>1026.0</ele>
        <time>2015-07-30T17:06:27Z</time>
      </trkpt>
      <trkpt lat="40.636650" lon="-0.045500">
        <ele>1026.0</ele>
        <time>2015-07-30T17:06:27Z</time>
      </trkpt>
      <trkpt lat="40.636650" lon="-0.045500">
        <ele>1026.0</ele>
        <time>2015-07-30T17:06:27Z</time>
      </trkpt>
      <trkpt lat="40.636650" lon="-0.045500">
        <ele>1026.0</ele>
        <time>2015-07-30T17:06:27Z</time>
      </trkpt>
      <trkpt lat="40.636650" lon="-0.045500">
        <ele>1026.0</ele>
        <time>2015-07-30T17:06:27Z</time>
      </trkpt>
      <trkpt lat="40.636650" lon="-0.045500">
        <ele>1026.0</ele>
        <time>2015-07-30T17:06:27Z</time>
      </trkpt>
      <trkpt lat="40.636650" lon="-0.045500">
        <ele>1026.0</ele>
        <time>2015-07-30T17:06:27Z</time>
      </trkpt>
      <trkpt lat="40.636650" lon="-0.045500">
        <ele>1026.0</ele>
        <time>2015-07-30T17:06:27Z</time>
      </trkpt>
      <trkpt lat="40.636667" lon="-0.045516">
        <ele>1025.6</ele>
        <time>2015-07-30T17:06:28Z</time>
      </trkpt>
      <trkpt lat="40.636667" lon="-0.045533">
        <ele>1025.9</ele>
        <time>2015-07-30T17:06:29Z</time>
      </trkpt>
      <trkpt lat="40.636700" lon="-0.045616">
        <ele>1026.0</ele>
        <time>2015-07-30T17:06:34Z</time>
      </trkpt>
      <trkpt lat="40.636700" lon="-0.045616">
        <ele>1026.0</ele>
        <time>2015-07-30T17:06:34Z</time>
      </trkpt>
      <trkpt lat="40.636700" lon="-0.045616">
        <ele>1026.0</ele>
        <time>2015-07-30T17:06:34Z</time>
      </trkpt>
      <trkpt lat="40.636700" lon="-0.045616">
        <ele>1026.0</ele>
        <time>2015-07-30T17:06:34Z</time>
      </trkpt>
      <trkpt lat="40.636700" lon="-0.045616">
        <ele>1026.0</ele>
        <time>2015-07-30T17:06:34Z</time>
      </trkpt>
      <trkpt lat="40.636700" lon="-0.045616">
        <ele>1026.0</ele>
        <time>2015-07-30T17:06:34Z</time>
      </trkpt>
      <trkpt lat="40.636700" lon="-0.045616">
        <ele>1026.0</ele>
        <time>2015-07-30T17:06:34Z</time>
      </trkpt>
      <trkpt lat="40.636700" lon="-0.045616">
        <ele>1026.0</ele>
        <time>2015-07-30T17:06:34Z</time>
      </trkpt>
      <trkpt lat="40.636700" lon="-0.045616">
        <ele>1026.0</ele>
        <time>2015-07-30T17:06:34Z</time>
      </trkpt>
      <trkpt lat="40.636700" lon="-0.045616">
        <ele>1026.0</ele>
        <time>2015-07-30T17:06:34Z</time>
      </trkpt>
      <trkpt lat="40.636700" lon="-0.045616">
        <ele>1026.0</ele>
        <time>2015-07-30T17:06:34Z</time>
      </trkpt>
      <trkpt lat="40.636717" lon="-0.045666">
        <ele>1026.8</ele>
        <time>2015-07-30T17:06:37Z</time>
      </trkpt>
      <trkpt lat="40.636717" lon="-0.045717">
        <ele>1028.3</ele>
        <time>2015-07-30T17:06:40Z</time>
      </trkpt>
      <trkpt lat="40.636750" lon="-0.045766">
        <ele>1028.1</ele>
        <time>2015-07-30T17:06:44Z</time>
      </trkpt>
      <trkpt lat="40.636750" lon="-0.045766">
        <ele>1028.1</ele>
        <time>2015-07-30T17:06:44Z</time>
      </trkpt>
      <trkpt lat="40.636750" lon="-0.045766">
        <ele>1028.1</ele>
        <time>2015-07-30T17:06:44Z</time>
      </trkpt>
      <trkpt lat="40.636750" lon="-0.045766">
        <ele>1028.1</ele>
        <time>2015-07-30T17:06:44Z</time>
      </trkpt>
      <trkpt lat="40.636750" lon="-0.045766">
        <ele>1028.1</ele>
        <time>2015-07-30T17:06:44Z</time>
      </trkpt>
      <trkpt lat="40.636750" lon="-0.045766">
        <ele>1028.1</ele>
        <time>2015-07-30T17:06:44Z</time>
      </trkpt>
      <trkpt lat="40.636750" lon="-0.045766">
        <ele>1028.1</ele>
        <time>2015-07-30T17:06:44Z</time>
      </trkpt>
      <trkpt lat="40.636750" lon="-0.045766">
        <ele>1028.1</ele>
        <time>2015-07-30T17:06:44Z</time>
      </trkpt>
      <trkpt lat="40.636750" lon="-0.045766">
        <ele>1028.1</ele>
        <time>2015-07-30T17:06:44Z</time>
      </trkpt>
      <trkpt lat="40.636750" lon="-0.045766">
        <ele>1028.1</ele>
        <time>2015-07-30T17:06:44Z</time>
      </trkpt>
      <trkpt lat="40.636750" lon="-0.045766">
        <ele>1028.1</ele>
        <time>2015-07-30T17:06:44Z</time>
      </trkpt>
      <trkpt lat="40.636750" lon="-0.045766">
        <ele>1028.1</ele>
        <time>2015-07-30T17:06:44Z</time>
      </trkpt>
      <trkpt lat="40.636750" lon="-0.045766">
        <ele>1028.1</ele>
        <time>2015-07-30T17:06:44Z</time>
      </trkpt>
      <trkpt lat="40.636750" lon="-0.045766">
        <ele>1028.1</ele>
        <time>2015-07-30T17:06:44Z</time>
      </trkpt>
      <trkpt lat="40.636767" lon="-0.045833">
        <ele>1029.3</ele>
        <time>2015-07-30T17:06:48Z</time>
      </trkpt>
      <trkpt lat="40.636800" lon="-0.045917">
        <ele>1029.1</ele>
        <time>2015-07-30T17:06:53Z</time>
      </trkpt>
      <trkpt lat="40.636800" lon="-0.045917">
        <ele>1029.1</ele>
        <time>2015-07-30T17:06:53Z</time>
      </trkpt>
      <trkpt lat="40.636800" lon="-0.045917">
        <ele>1029.1</ele>
        <time>2015-07-30T17:06:53Z</time>
      </trkpt>
      <trkpt lat="40.636800" lon="-0.045917">
        <ele>1029.1</ele>
        <time>2015-07-30T17:06:53Z</time>
      </trkpt>
      <trkpt lat="40.636800" lon="-0.045917">
        <ele>1029.1</ele>
        <time>2015-07-30T17:06:53Z</time>
      </trkpt>
      <trkpt lat="40.636800" lon="-0.045917">
        <ele>1029.1</ele>
        <time>2015-07-30T17:06:53Z</time>
      </trkpt>
      <trkpt lat="40.636800" lon="-0.045917">
        <ele>1029.1</ele>
        <time>2015-07-30T17:06:53Z</time>
      </trkpt>
      <trkpt lat="40.636800" lon="-0.045917">
        <ele>1029.1</ele>
        <time>2015-07-30T17:06:53Z</time>
      </trkpt>
      <trkpt lat="40.636800" lon="-0.045917">
        <ele>1029.1</ele>
        <time>2015-07-30T17:06:53Z</time>
      </trkpt>
      <trkpt lat="40.636800" lon="-0.045917">
        <ele>1029.1</ele>
        <time>2015-07-30T17:06:53Z</time>
      </trkpt>
      <trkpt lat="40.636800" lon="-0.045917">
        <ele>1029.1</ele>
        <time>2015-07-30T17:06:53Z</time>
      </trkpt>
      <trkpt lat="40.636800" lon="-0.045917">
        <ele>1029.1</ele>
        <time>2015-07-30T17:06:53Z</time>
      </trkpt>
      <trkpt lat="40.636800" lon="-0.045917">
        <ele>1029.1</ele>
        <time>2015-07-30T17:06:53Z</time>
      </trkpt>
      <trkpt lat="40.636800" lon="-0.045917">
        <ele>1029.1</ele>
        <time>2015-07-30T17:06:53Z</time>
      </trkpt>
      <trkpt lat="40.636850" lon="-0.046083">
        <ele>1028.8</ele>
        <time>2015-07-30T17:07:03Z</time>
      </trkpt>
      <trkpt lat="40.636850" lon="-0.046083">
        <ele>1028.8</ele>
        <time>2015-07-30T17:07:03Z</time>
      </trkpt>
      <trkpt lat="40.636850" lon="-0.046083">
        <ele>1028.8</ele>
        <time>2015-07-30T17:07:03Z</time>
      </trkpt>
      <trkpt lat="40.636850" lon="-0.046083">
        <ele>1028.8</ele>
        <time>2015-07-30T17:07:03Z</time>
      </trkpt>
      <trkpt lat="40.636850" lon="-0.046083">
        <ele>1028.8</ele>
        <time>2015-07-30T17:07:03Z</time>
      </trkpt>
      <trkpt lat="40.636850" lon="-0.046083">
        <ele>1028.8</ele>
        <time>2015-07-30T17:07:03Z</time>
      </trkpt>
      <trkpt lat="40.636850" lon="-0.046083">
        <ele>1028.8</ele>
        <time>2015-07-30T17:07:03Z</time>
      </trkpt>
      <trkpt lat="40.636850" lon="-0.046083">
        <ele>1028.8</ele>
        <time>2015-07-30T17:07:03Z</time>
      </trkpt>
      <trkpt lat="40.636850" lon="-0.046083">
        <ele>1028.8</ele>
        <time>2015-07-30T17:07:03Z</time>
      </trkpt>
      <trkpt lat="40.636850" lon="-0.046083">
        <ele>1028.8</ele>
        <time>2015-07-30T17:07:03Z</time>
      </trkpt>
      <trkpt lat="40.636850" lon="-0.046083">
        <ele>1028.8</ele>
        <time>2015-07-30T17:07:03Z</time>
      </trkpt>
      <trkpt lat="40.636850" lon="-0.046083">
        <ele>1028.8</ele>
        <time>2015-07-30T17:07:03Z</time>
      </trkpt>
      <trkpt lat="40.636850" lon="-0.046083">
        <ele>1028.8</ele>
        <time>2015-07-30T17:07:03Z</time>
      </trkpt>
      <trkpt lat="40.636850" lon="-0.046083">
        <ele>1028.8</ele>
        <time>2015-07-30T17:07:03Z</time>
      </trkpt>
      <trkpt lat="40.636850" lon="-0.046083">
        <ele>1028.8</ele>
        <time>2015-07-30T17:07:03Z</time>
      </trkpt>
      <trkpt lat="40.636850" lon="-0.046083">
        <ele>1028.8</ele>
        <time>2015-07-30T17:07:03Z</time>
      </trkpt>
      <trkpt lat="40.636850" lon="-0.046083">
        <ele>1028.8</ele>
        <time>2015-07-30T17:07:03Z</time>
      </trkpt>
      <trkpt lat="40.636850" lon="-0.046116">
        <ele>1029.2</ele>
        <time>2015-07-30T17:07:05Z</time>
      </trkpt>
      <trkpt lat="40.636867" lon="-0.046150">
        <ele>1028.7</ele>
        <time>2015-07-30T17:07:07Z</time>
      </trkpt>
      <trkpt lat="40.636867" lon="-0.046233">
        <ele>1029.4</ele>
        <time>2015-07-30T17:07:11Z</time>
      </trkpt>
      <trkpt lat="40.636867" lon="-0.046233">
        <ele>1029.4</ele>
        <time>2015-07-30T17:07:11Z</time>
      </trkpt>
      <trkpt lat="40.636867" lon="-0.046233">
        <ele>1029.4</ele>
        <time>2015-07-30T17:07:11Z</time>
      </trkpt>
      <trkpt lat="40.636867" lon="-0.046233">
        <ele>1029.4</ele>
        <time>2015-07-30T17:07:11Z</time>
      </trkpt>
      <trkpt lat="40.636867" lon="-0.046233">
        <ele>1029.4</ele>
        <time>2015-07-30T17:07:11Z</time>
      </trkpt>
      <trkpt lat="40.636867" lon="-0.046233">
        <ele>1029.4</ele>
        <time>2015-07-30T17:07:11Z</time>
      </trkpt>
      <trkpt lat="40.636867" lon="-0.046233">
        <ele>1029.4</ele>
        <time>2015-07-30T17:07:11Z</time>
      </trkpt>
      <trkpt lat="40.636867" lon="-0.046233">
        <ele>1029.4</ele>
        <time>2015-07-30T17:07:11Z</time>
      </trkpt>
      <trkpt lat="40.636867" lon="-0.046233">
        <ele>1029.4</ele>
        <time>2015-07-30T17:07:11Z</time>
      </trkpt>
      <trkpt lat="40.636867" lon="-0.046233">
        <ele>1029.4</ele>
        <time>2015-07-30T17:07:11Z</time>
      </trkpt>
      <trkpt lat="40.636867" lon="-0.046233">
        <ele>1029.4</ele>
        <time>2015-07-30T17:07:11Z</time>
      </trkpt>
      <trkpt lat="40.636867" lon="-0.046267">
        <ele>1029.7</ele>
        <time>2015-07-30T17:07:13Z</time>
      </trkpt>
      <trkpt lat="40.636900" lon="-0.046416">
        <ele>1029.1</ele>
        <time>2015-07-30T17:07:22Z</time>
      </trkpt>
      <trkpt lat="40.636900" lon="-0.046416">
        <ele>1029.1</ele>
        <time>2015-07-30T17:07:22Z</time>
      </trkpt>
      <trkpt lat="40.636900" lon="-0.046416">
        <ele>1029.1</ele>
        <time>2015-07-30T17:07:22Z</time>
      </trkpt>
      <trkpt lat="40.636900" lon="-0.046416">
        <ele>1029.1</ele>
        <time>2015-07-30T17:07:22Z</time>
      </trkpt>
      <trkpt lat="40.636900" lon="-0.046416">
        <ele>1029.1</ele>
        <time>2015-07-30T17:07:22Z</time>
      </trkpt>
      <trkpt lat="40.636900" lon="-0.046416">
        <ele>1029.1</ele>
        <time>2015-07-30T17:07:22Z</time>
      </trkpt>
      <trkpt lat="40.636900" lon="-0.046416">
        <ele>1029.1</ele>
        <time>2015-07-30T17:07:22Z</time>
      </trkpt>
      <trkpt lat="40.636900" lon="-0.046416">
        <ele>1029.1</ele>
        <time>2015-07-30T17:07:22Z</time>
      </trkpt>
      <trkpt lat="40.636900" lon="-0.046416">
        <ele>1029.1</ele>
        <time>2015-07-30T17:07:22Z</time>
      </trkpt>
      <trkpt lat="40.636900" lon="-0.046416">
        <ele>1029.1</ele>
        <time>2015-07-30T17:07:22Z</time>
      </trkpt>
      <trkpt lat="40.636900" lon="-0.046416">
        <ele>1029.1</ele>
        <time>2015-07-30T17:07:22Z</time>
      </trkpt>
      <trkpt lat="40.636900" lon="-0.046416">
        <ele>1029.1</ele>
        <time>2015-07-30T17:07:22Z</time>
      </trkpt>
      <trkpt lat="40.636900" lon="-0.046416">
        <ele>1029.1</ele>
        <time>2015-07-30T17:07:22Z</time>
      </trkpt>
      <trkpt lat="40.636900" lon="-0.046416">
        <ele>1029.1</ele>
        <time>2015-07-30T17:07:22Z</time>
      </trkpt>
      <trkpt lat="40.636900" lon="-0.046416">
        <ele>1029.1</ele>
        <time>2015-07-30T17:07:22Z</time>
      </trkpt>
      <trkpt lat="40.636900" lon="-0.046416">
        <ele>1029.1</ele>
        <time>2015-07-30T17:07:22Z</time>
      </trkpt>
      <trkpt lat="40.636900" lon="-0.046416">
        <ele>1029.1</ele>
        <time>2015-07-30T17:07:22Z</time>
      </trkpt>
      <trkpt lat="40.636900" lon="-0.046416">
        <ele>1029.1</ele>
        <time>2015-07-30T17:07:22Z</time>
      </trkpt>
      <trkpt lat="40.636900" lon="-0.046416">
        <ele>1029.1</ele>
        <time>2015-07-30T17:07:22Z</time>
      </trkpt>
      <trkpt lat="40.636900" lon="-0.046416">
        <ele>1029.1</ele>
        <time>2015-07-30T17:07:22Z</time>
      </trkpt>
      <trkpt lat="40.636900" lon="-0.046416">
        <ele>1029.1</ele>
        <time>2015-07-30T17:07:22Z</time>
      </trkpt>
      <trkpt lat="40.636900" lon="-0.046416">
        <ele>1029.1</ele>
        <time>2015-07-30T17:07:22Z</time>
      </trkpt>
      <trkpt lat="40.636900" lon="-0.046416">
        <ele>1029.1</ele>
        <time>2015-07-30T17:07:22Z</time>
      </trkpt>
      <trkpt lat="40.636900" lon="-0.046416">
        <ele>1029.1</ele>
        <time>2015-07-30T17:07:22Z</time>
      </trkpt>
      <trkpt lat="40.636900" lon="-0.046416">
        <ele>1029.1</ele>
        <time>2015-07-30T17:07:22Z</time>
      </trkpt>
      <trkpt lat="40.636900" lon="-0.046416">
        <ele>1029.1</ele>
        <time>2015-07-30T17:07:22Z</time>
      </trkpt>
      <trkpt lat="40.636900" lon="-0.046416">
        <ele>1029.1</ele>
        <time>2015-07-30T17:07:22Z</time>
      </trkpt>
      <trkpt lat="40.636900" lon="-0.046416">
        <ele>1029.1</ele>
        <time>2015-07-30T17:07:22Z</time>
      </trkpt>
      <trkpt lat="40.636900" lon="-0.046416">
        <ele>1029.1</ele>
        <time>2015-07-30T17:07:22Z</time>
      </trkpt>
      <trkpt lat="40.636900" lon="-0.046416">
        <ele>1029.1</ele>
        <time>2015-07-30T17:07:22Z</time>
      </trkpt>
      <trkpt lat="40.636900" lon="-0.046416">
        <ele>1029.1</ele>
        <time>2015-07-30T17:07:22Z</time>
      </trkpt>
      <trkpt lat="40.636900" lon="-0.046416">
        <ele>1029.1</ele>
        <time>2015-07-30T17:07:22Z</time>
      </trkpt>
      <trkpt lat="40.636900" lon="-0.046416">
        <ele>1029.1</ele>
        <time>2015-07-30T17:07:22Z</time>
      </trkpt>
      <trkpt lat="40.636900" lon="-0.046416">
        <ele>1029.1</ele>
        <time>2015-07-30T17:07:22Z</time>
      </trkpt>
      <trkpt lat="40.636900" lon="-0.046467">
        <ele>1029.1</ele>
        <time>2015-07-30T17:07:25Z</time>
      </trkpt>
      <trkpt lat="40.636917" lon="-0.046467">
        <ele>1028.4</ele>
        <time>2015-07-30T17:07:26Z</time>
      </trkpt>
      <trkpt lat="40.636917" lon="-0.046500">
        <ele>1028.5</ele>
        <time>2015-07-30T17:07:28Z</time>
      </trkpt>
      <trkpt lat="40.636917" lon="-0.046517">
        <ele>1028.6</ele>
        <time>2015-07-30T17:07:29Z</time>
      </trkpt>
      <trkpt lat="40.636917" lon="-0.046583">
        <ele>1029.3</ele>
        <time>2015-07-30T17:07:32Z</time>
      </trkpt>
      <trkpt lat="40.637117" lon="-0.047233">
        <ele>1028.9</ele>
        <time>2015-07-30T17:08:11Z</time>
      </trkpt>
      <trkpt lat="40.637117" lon="-0.047233">
        <ele>1028.9</ele>
        <time>2015-07-30T17:08:11Z</time>
      </trkpt>
      <trkpt lat="40.637117" lon="-0.047233">
        <ele>1028.9</ele>
        <time>2015-07-30T17:08:11Z</time>
      </trkpt>
      <trkpt lat="40.637117" lon="-0.047233">
        <ele>1028.9</ele>
        <time>2015-07-30T17:08:11Z</time>
      </trkpt>
      <trkpt lat="40.637117" lon="-0.047233">
        <ele>1028.9</ele>
        <time>2015-07-30T17:08:11Z</time>
      </trkpt>
      <trkpt lat="40.637117" lon="-0.047233">
        <ele>1028.9</ele>
        <time>2015-07-30T17:08:11Z</time>
      </trkpt>
      <trkpt lat="40.637117" lon="-0.047233">
        <ele>1028.9</ele>
        <time>2015-07-30T17:08:11Z</time>
      </trkpt>
      <trkpt lat="40.637117" lon="-0.047233">
        <ele>1028.9</ele>
        <time>2015-07-30T17:08:11Z</time>
      </trkpt>
      <trkpt lat="40.637117" lon="-0.047233">
        <ele>1028.9</ele>
        <time>2015-07-30T17:08:11Z</time>
      </trkpt>
      <trkpt lat="40.637117" lon="-0.047233">
        <ele>1028.9</ele>
        <time>2015-07-30T17:08:11Z</time>
      </trkpt>
      <trkpt lat="40.637117" lon="-0.047233">
        <ele>1028.9</ele>
        <time>2015-07-30T17:08:11Z</time>
      </trkpt>
      <trkpt lat="40.637117" lon="-0.047233">
        <ele>1028.9</ele>
        <time>2015-07-30T17:08:11Z</time>
      </trkpt>
      <trkpt lat="40.637117" lon="-0.047233">
        <ele>1028.9</ele>
        <time>2015-07-30T17:08:11Z</time>
      </trkpt>
      <trkpt lat="40.637117" lon="-0.047233">
        <ele>1028.9</ele>
        <time>2015-07-30T17:08:11Z</time>
      </trkpt>
      <trkpt lat="40.637117" lon="-0.047233">
        <ele>1028.9</ele>
        <time>2015-07-30T17:08:11Z</time>
      </trkpt>
      <trkpt lat="40.637117" lon="-0.047233">
        <ele>1028.9</ele>
        <time>2015-07-30T17:08:11Z</time>
      </trkpt>
      <trkpt lat="40.637117" lon="-0.047233">
        <ele>1028.9</ele>
        <time>2015-07-30T17:08:11Z</time>
      </trkpt>
      <trkpt lat="40.637117" lon="-0.047233">
        <ele>1028.9</ele>
        <time>2015-07-30T17:08:11Z</time>
      </trkpt>
      <trkpt lat="40.637117" lon="-0.047233">
        <ele>1028.9</ele>
        <time>2015-07-30T17:08:11Z</time>
      </trkpt>
      <trkpt lat="40.637117" lon="-0.047233">
        <ele>1028.9</ele>
        <time>2015-07-30T17:08:11Z</time>
      </trkpt>
      <trkpt lat="40.637117" lon="-0.047233">
        <ele>1028.9</ele>
        <time>2015-07-30T17:08:11Z</time>
      </trkpt>
      <trkpt lat="40.637117" lon="-0.047233">
        <ele>1028.9</ele>
        <time>2015-07-30T17:08:11Z</time>
      </trkpt>
      <trkpt lat="40.637117" lon="-0.047233">
        <ele>1028.9</ele>
        <time>2015-07-30T17:08:11Z</time>
      </trkpt>
      <trkpt lat="40.637117" lon="-0.047233">
        <ele>1028.9</ele>
        <time>2015-07-30T17:08:11Z</time>
      </trkpt>
      <trkpt lat="40.637117" lon="-0.047233">
        <ele>1028.9</ele>
        <time>2015-07-30T17:08:11Z</time>
      </trkpt>
      <trkpt lat="40.637117" lon="-0.047233">
        <ele>1028.9</ele>
        <time>2015-07-30T17:08:11Z</time>
      </trkpt>
      <trkpt lat="40.637117" lon="-0.047233">
        <ele>1028.9</ele>
        <time>2015-07-30T17:08:11Z</time>
      </trkpt>
      <trkpt lat="40.637117" lon="-0.047233">
        <ele>1028.9</ele>
        <time>2015-07-30T17:08:11Z</time>
      </trkpt>
      <trkpt lat="40.637117" lon="-0.047233">
        <ele>1028.9</ele>
        <time>2015-07-30T17:08:11Z</time>
      </trkpt>
      <trkpt lat="40.637117" lon="-0.047233">
        <ele>1028.9</ele>
        <time>2015-07-30T17:08:11Z</time>
      </trkpt>
      <trkpt lat="40.637117" lon="-0.047233">
        <ele>1028.9</ele>
        <time>2015-07-30T17:08:11Z</time>
      </trkpt>
      <trkpt lat="40.637117" lon="-0.047233">
        <ele>1028.9</ele>
        <time>2015-07-30T17:08:11Z</time>
      </trkpt>
      <trkpt lat="40.637117" lon="-0.047233">
        <ele>1028.9</ele>
        <time>2015-07-30T17:08:11Z</time>
      </trkpt>
      <trkpt lat="40.637117" lon="-0.047233">
        <ele>1028.9</ele>
        <time>2015-07-30T17:08:11Z</time>
      </trkpt>
      <trkpt lat="40.637117" lon="-0.047233">
        <ele>1028.9</ele>
        <time>2015-07-30T17:08:11Z</time>
      </trkpt>
      <trkpt lat="40.637117" lon="-0.047233">
        <ele>1028.9</ele>
        <time>2015-07-30T17:08:11Z</time>
      </trkpt>
      <trkpt lat="40.637117" lon="-0.047233">
        <ele>1028.9</ele>
        <time>2015-07-30T17:08:11Z</time>
      </trkpt>
      <trkpt lat="40.637117" lon="-0.047233">
        <ele>1028.9</ele>
        <time>2015-07-30T17:08:11Z</time>
      </trkpt>
      <trkpt lat="40.637117" lon="-0.047233">
        <ele>1028.9</ele>
        <time>2015-07-30T17:08:11Z</time>
      </trkpt>
      <trkpt lat="40.637117" lon="-0.047233">
        <ele>1028.9</ele>
        <time>2015-07-30T17:08:11Z</time>
      </trkpt>
      <trkpt lat="40.637117" lon="-0.047233">
        <ele>1028.9</ele>
        <time>2015-07-30T17:08:11Z</time>
      </trkpt>
      <trkpt lat="40.637117" lon="-0.047233">
        <ele>1028.9</ele>
        <time>2015-07-30T17:08:11Z</time>
      </trkpt>
      <trkpt lat="40.637117" lon="-0.047233">
        <ele>1028.9</ele>
        <time>2015-07-30T17:08:11Z</time>
      </trkpt>
      <trkpt lat="40.637117" lon="-0.047233">
        <ele>1028.9</ele>
        <time>2015-07-30T17:08:11Z</time>
      </trkpt>
      <trkpt lat="40.637117" lon="-0.047233">
        <ele>1028.9</ele>
        <time>2015-07-30T17:08:11Z</time>
      </trkpt>
      <trkpt lat="40.637117" lon="-0.047233">
        <ele>1028.9</ele>
        <time>2015-07-30T17:08:11Z</time>
      </trkpt>
      <trkpt lat="40.637117" lon="-0.047233">
        <ele>1028.9</ele>
        <time>2015-07-30T17:08:11Z</time>
      </trkpt>
      <trkpt lat="40.637117" lon="-0.047233">
        <ele>1028.9</ele>
        <time>2015-07-30T17:08:11Z</time>
      </trkpt>
      <trkpt lat="40.637117" lon="-0.047233">
        <ele>1028.9</ele>
        <time>2015-07-30T17:08:11Z</time>
      </trkpt>
      <trkpt lat="40.637117" lon="-0.047233">
        <ele>1028.9</ele>
        <time>2015-07-30T17:08:11Z</time>
      </trkpt>
      <trkpt lat="40.637117" lon="-0.047233">
        <ele>1028.9</ele>
        <time>2015-07-30T17:08:11Z</time>
      </trkpt>
      <trkpt lat="40.637117" lon="-0.047233">
        <ele>1028.9</ele>
        <time>2015-07-30T17:08:11Z</time>
      </trkpt>
      <trkpt lat="40.637117" lon="-0.047233">
        <ele>1028.9</ele>
        <time>2015-07-30T17:08:11Z</time>
      </trkpt>
      <trkpt lat="40.637117" lon="-0.047233">
        <ele>1028.9</ele>
        <time>2015-07-30T17:08:11Z</time>
      </trkpt>
      <trkpt lat="40.637117" lon="-0.047233">
        <ele>1028.9</ele>
        <time>2015-07-30T17:08:11Z</time>
      </trkpt>
      <trkpt lat="40.637117" lon="-0.047233">
        <ele>1028.9</ele>
        <time>2015-07-30T17:08:11Z</time>
      </trkpt>
      <trkpt lat="40.637117" lon="-0.047233">
        <ele>1028.9</ele>
        <time>2015-07-30T17:08:11Z</time>
      </trkpt>
      <trkpt lat="40.637117" lon="-0.047233">
        <ele>1028.9</ele>
        <time>2015-07-30T17:08:11Z</time>
      </trkpt>
      <trkpt lat="40.637117" lon="-0.047233">
        <ele>1028.9</ele>
        <time>2015-07-30T17:08:11Z</time>
      </trkpt>
      <trkpt lat="40.637117" lon="-0.047233">
        <ele>1028.9</ele>
        <time>2015-07-30T17:08:11Z</time>
      </trkpt>
      <trkpt lat="40.637117" lon="-0.047233">
        <ele>1028.9</ele>
        <time>2015-07-30T17:08:11Z</time>
      </trkpt>
      <trkpt lat="40.637117" lon="-0.047233">
        <ele>1028.9</ele>
        <time>2015-07-30T17:08:11Z</time>
      </trkpt>
      <trkpt lat="40.637117" lon="-0.047267">
        <ele>1029.2</ele>
        <time>2015-07-30T17:08:13Z</time>
      </trkpt>
      <trkpt lat="40.637117" lon="-0.047267">
        <ele>1029.2</ele>
        <time>2015-07-30T17:08:13Z</time>
      </trkpt>
      <trkpt lat="40.637217" lon="-0.047517">
        <ele>1026.9</ele>
        <time>2015-07-30T17:08:28Z</time>
      </trkpt>
      <trkpt lat="40.637250" lon="-0.047683">
        <ele>1027.3</ele>
        <time>2015-07-30T17:08:38Z</time>
      </trkpt>
      <trkpt lat="40.637267" lon="-0.047817">
        <ele>1028.4</ele>
        <time>2015-07-30T17:08:45Z</time>
      </trkpt>
      <trkpt lat="40.637267" lon="-0.047817">
        <ele>1028.4</ele>
        <time>2015-07-30T17:08:45Z</time>
      </trkpt>
      <trkpt lat="40.637267" lon="-0.047817">
        <ele>1028.4</ele>
        <time>2015-07-30T17:08:45Z</time>
      </trkpt>
      <trkpt lat="40.637267" lon="-0.047817">
        <ele>1028.4</ele>
        <time>2015-07-30T17:08:45Z</time>
      </trkpt>
      <trkpt lat="40.637267" lon="-0.047817">
        <ele>1028.4</ele>
        <time>2015-07-30T17:08:45Z</time>
      </trkpt>
      <trkpt lat="40.637267" lon="-0.047817">
        <ele>1028.4</ele>
        <time>2015-07-30T17:08:45Z</time>
      </trkpt>
      <trkpt lat="40.637267" lon="-0.047817">
        <ele>1028.4</ele>
        <time>2015-07-30T17:08:45Z</time>
      </trkpt>
      <trkpt lat="40.637267" lon="-0.047817">
        <ele>1028.4</ele>
        <time>2015-07-30T17:08:45Z</time>
      </trkpt>
      <trkpt lat="40.637267" lon="-0.047817">
        <ele>1028.4</ele>
        <time>2015-07-30T17:08:45Z</time>
      </trkpt>
      <trkpt lat="40.637267" lon="-0.047817">
        <ele>1028.4</ele>
        <time>2015-07-30T17:08:45Z</time>
      </trkpt>
      <trkpt lat="40.637267" lon="-0.047817">
        <ele>1028.4</ele>
        <time>2015-07-30T17:08:45Z</time>
      </trkpt>
      <trkpt lat="40.637267" lon="-0.047817">
        <ele>1028.4</ele>
        <time>2015-07-30T17:08:45Z</time>
      </trkpt>
      <trkpt lat="40.637267" lon="-0.047817">
        <ele>1028.4</ele>
        <time>2015-07-30T17:08:45Z</time>
      </trkpt>
      <trkpt lat="40.637267" lon="-0.047817">
        <ele>1028.4</ele>
        <time>2015-07-30T17:08:45Z</time>
      </trkpt>
      <trkpt lat="40.637267" lon="-0.047817">
        <ele>1028.4</ele>
        <time>2015-07-30T17:08:45Z</time>
      </trkpt>
      <trkpt lat="40.637267" lon="-0.047817">
        <ele>1028.4</ele>
        <time>2015-07-30T17:08:45Z</time>
      </trkpt>
      <trkpt lat="40.637267" lon="-0.047817">
        <ele>1028.4</ele>
        <time>2015-07-30T17:08:45Z</time>
      </trkpt>
      <trkpt lat="40.637267" lon="-0.047817">
        <ele>1028.4</ele>
        <time>2015-07-30T17:08:45Z</time>
      </trkpt>
      <trkpt lat="40.637267" lon="-0.047817">
        <ele>1028.4</ele>
        <time>2015-07-30T17:08:45Z</time>
      </trkpt>
      <trkpt lat="40.637267" lon="-0.047817">
        <ele>1028.4</ele>
        <time>2015-07-30T17:08:45Z</time>
      </trkpt>
      <trkpt lat="40.637267" lon="-0.047817">
        <ele>1028.4</ele>
        <time>2015-07-30T17:08:45Z</time>
      </trkpt>
      <trkpt lat="40.637267" lon="-0.047817">
        <ele>1028.4</ele>
        <time>2015-07-30T17:08:45Z</time>
      </trkpt>
      <trkpt lat="40.637267" lon="-0.047817">
        <ele>1028.4</ele>
        <time>2015-07-30T17:08:45Z</time>
      </trkpt>
      <trkpt lat="40.637267" lon="-0.047817">
        <ele>1028.4</ele>
        <time>2015-07-30T17:08:45Z</time>
      </trkpt>
      <trkpt lat="40.637267" lon="-0.047817">
        <ele>1028.4</ele>
        <time>2015-07-30T17:08:45Z</time>
      </trkpt>
      <trkpt lat="40.637267" lon="-0.047817">
        <ele>1028.4</ele>
        <time>2015-07-30T17:08:45Z</time>
      </trkpt>
      <trkpt lat="40.637267" lon="-0.047817">
        <ele>1028.4</ele>
        <time>2015-07-30T17:08:45Z</time>
      </trkpt>
      <trkpt lat="40.637300" lon="-0.047817">
        <ele>1027.0</ele>
        <time>2015-07-30T17:08:48Z</time>
      </trkpt>
      <trkpt lat="40.637300" lon="-0.047866">
        <ele>1026.9</ele>
        <time>2015-07-30T17:08:51Z</time>
      </trkpt>
      <trkpt lat="40.637333" lon="-0.047933">
        <ele>1026.5</ele>
        <time>2015-07-30T17:08:55Z</time>
      </trkpt>
      <trkpt lat="40.637500" lon="-0.048433">
        <ele>1029.1</ele>
        <time>2015-07-30T17:09:25Z</time>
      </trkpt>
      <trkpt lat="40.637550" lon="-0.048566">
        <ele>1029.4</ele>
        <time>2015-07-30T17:09:33Z</time>
      </trkpt>
      <trkpt lat="40.637567" lon="-0.048600">
        <ele>1029.6</ele>
        <time>2015-07-30T17:09:36Z</time>
      </trkpt>
      <trkpt lat="40.637567" lon="-0.048600">
        <ele>1029.6</ele>
        <time>2015-07-30T17:09:36Z</time>
      </trkpt>
      <trkpt lat="40.637567" lon="-0.048600">
        <ele>1029.6</ele>
        <time>2015-07-30T17:09:36Z</time>
      </trkpt>
      <trkpt lat="40.637567" lon="-0.048600">
        <ele>1029.6</ele>
        <time>2015-07-30T17:09:36Z</time>
      </trkpt>
      <trkpt lat="40.637567" lon="-0.048600">
        <ele>1029.6</ele>
        <time>2015-07-30T17:09:36Z</time>
      </trkpt>
      <trkpt lat="40.637567" lon="-0.048600">
        <ele>1029.6</ele>
        <time>2015-07-30T17:09:36Z</time>
      </trkpt>
      <trkpt lat="40.637567" lon="-0.048600">
        <ele>1029.6</ele>
        <time>2015-07-30T17:09:36Z</time>
      </trkpt>
      <trkpt lat="40.637567" lon="-0.048600">
        <ele>1029.6</ele>
        <time>2015-07-30T17:09:36Z</time>
      </trkpt>
      <trkpt lat="40.637567" lon="-0.048633">
        <ele>1030.2</ele>
        <time>2015-07-30T17:09:37Z</time>
      </trkpt>
      <trkpt lat="40.637617" lon="-0.048766">
        <ele>1030.7</ele>
        <time>2015-07-30T17:09:46Z</time>
      </trkpt>
      <trkpt lat="40.637617" lon="-0.048766">
        <ele>1030.7</ele>
        <time>2015-07-30T17:09:46Z</time>
      </trkpt>
      <trkpt lat="40.637617" lon="-0.048766">
        <ele>1030.7</ele>
        <time>2015-07-30T17:09:46Z</time>
      </trkpt>
      <trkpt lat="40.637617" lon="-0.048766">
        <ele>1030.7</ele>
        <time>2015-07-30T17:09:46Z</time>
      </trkpt>
      <trkpt lat="40.637617" lon="-0.048766">
        <ele>1030.7</ele>
        <time>2015-07-30T17:09:46Z</time>
      </trkpt>
      <trkpt lat="40.637617" lon="-0.048766">
        <ele>1030.7</ele>
        <time>2015-07-30T17:09:46Z</time>
      </trkpt>
      <trkpt lat="40.637617" lon="-0.048766">
        <ele>1030.7</ele>
        <time>2015-07-30T17:09:46Z</time>
      </trkpt>
      <trkpt lat="40.637617" lon="-0.048766">
        <ele>1030.7</ele>
        <time>2015-07-30T17:09:46Z</time>
      </trkpt>
      <trkpt lat="40.637617" lon="-0.048766">
        <ele>1030.7</ele>
        <time>2015-07-30T17:09:46Z</time>
      </trkpt>
      <trkpt lat="40.637617" lon="-0.048766">
        <ele>1030.7</ele>
        <time>2015-07-30T17:09:46Z</time>
      </trkpt>
      <trkpt lat="40.637617" lon="-0.048766">
        <ele>1030.7</ele>
        <time>2015-07-30T17:09:46Z</time>
      </trkpt>
      <trkpt lat="40.637617" lon="-0.048766">
        <ele>1030.7</ele>
        <time>2015-07-30T17:09:46Z</time>
      </trkpt>
      <trkpt lat="40.637617" lon="-0.048766">
        <ele>1030.7</ele>
        <time>2015-07-30T17:09:46Z</time>
      </trkpt>
      <trkpt lat="40.637617" lon="-0.048766">
        <ele>1030.7</ele>
        <time>2015-07-30T17:09:46Z</time>
      </trkpt>
      <trkpt lat="40.637667" lon="-0.048933">
        <ele>1032.5</ele>
        <time>2015-07-30T17:09:56Z</time>
      </trkpt>
      <trkpt lat="40.637667" lon="-0.048933">
        <ele>1032.5</ele>
        <time>2015-07-30T17:09:56Z</time>
      </trkpt>
      <trkpt lat="40.637667" lon="-0.048933">
        <ele>1032.5</ele>
        <time>2015-07-30T17:09:56Z</time>
      </trkpt>
      <trkpt lat="40.637667" lon="-0.048933">
        <ele>1032.5</ele>
        <time>2015-07-30T17:09:56Z</time>
      </trkpt>
      <trkpt lat="40.637667" lon="-0.048933">
        <ele>1032.5</ele>
        <time>2015-07-30T17:09:56Z</time>
      </trkpt>
      <trkpt lat="40.637667" lon="-0.048933">
        <ele>1032.5</ele>
        <time>2015-07-30T17:09:56Z</time>
      </trkpt>
      <trkpt lat="40.637667" lon="-0.048933">
        <ele>1032.5</ele>
        <time>2015-07-30T17:09:56Z</time>
      </trkpt>
      <trkpt lat="40.637667" lon="-0.048933">
        <ele>1032.5</ele>
        <time>2015-07-30T17:09:56Z</time>
      </trkpt>
      <trkpt lat="40.637667" lon="-0.048933">
        <ele>1032.5</ele>
        <time>2015-07-30T17:09:56Z</time>
      </trkpt>
      <trkpt lat="40.637667" lon="-0.048933">
        <ele>1032.5</ele>
        <time>2015-07-30T17:09:56Z</time>
      </trkpt>
      <trkpt lat="40.637667" lon="-0.048933">
        <ele>1032.5</ele>
        <time>2015-07-30T17:09:56Z</time>
      </trkpt>
      <trkpt lat="40.637667" lon="-0.048933">
        <ele>1032.5</ele>
        <time>2015-07-30T17:09:56Z</time>
      </trkpt>
      <trkpt lat="40.637667" lon="-0.048933">
        <ele>1032.5</ele>
        <time>2015-07-30T17:09:56Z</time>
      </trkpt>
      <trkpt lat="40.637667" lon="-0.048933">
        <ele>1032.5</ele>
        <time>2015-07-30T17:09:56Z</time>
      </trkpt>
      <trkpt lat="40.637667" lon="-0.048933">
        <ele>1032.5</ele>
        <time>2015-07-30T17:09:56Z</time>
      </trkpt>
      <trkpt lat="40.637667" lon="-0.048933">
        <ele>1032.5</ele>
        <time>2015-07-30T17:09:56Z</time>
      </trkpt>
      <trkpt lat="40.637667" lon="-0.048933">
        <ele>1032.5</ele>
        <time>2015-07-30T17:09:56Z</time>
      </trkpt>
      <trkpt lat="40.637667" lon="-0.048933">
        <ele>1032.5</ele>
        <time>2015-07-30T17:09:56Z</time>
      </trkpt>
      <trkpt lat="40.637667" lon="-0.048933">
        <ele>1032.5</ele>
        <time>2015-07-30T17:09:56Z</time>
      </trkpt>
      <trkpt lat="40.637667" lon="-0.048933">
        <ele>1032.5</ele>
        <time>2015-07-30T17:09:56Z</time>
      </trkpt>
      <trkpt lat="40.637667" lon="-0.048933">
        <ele>1032.5</ele>
        <time>2015-07-30T17:09:56Z</time>
      </trkpt>
      <trkpt lat="40.637667" lon="-0.048933">
        <ele>1032.5</ele>
        <time>2015-07-30T17:09:56Z</time>
      </trkpt>
      <trkpt lat="40.637667" lon="-0.048933">
        <ele>1032.5</ele>
        <time>2015-07-30T17:09:56Z</time>
      </trkpt>
      <trkpt lat="40.637667" lon="-0.048933">
        <ele>1032.5</ele>
        <time>2015-07-30T17:09:56Z</time>
      </trkpt>
      <trkpt lat="40.637667" lon="-0.048933">
        <ele>1032.5</ele>
        <time>2015-07-30T17:09:56Z</time>
      </trkpt>
      <trkpt lat="40.637667" lon="-0.048933">
        <ele>1032.5</ele>
        <time>2015-07-30T17:09:56Z</time>
      </trkpt>
      <trkpt lat="40.637667" lon="-0.048933">
        <ele>1032.5</ele>
        <time>2015-07-30T17:09:56Z</time>
      </trkpt>
      <trkpt lat="40.637667" lon="-0.048933">
        <ele>1032.5</ele>
        <time>2015-07-30T17:09:56Z</time>
      </trkpt>
      <trkpt lat="40.637667" lon="-0.048967">
        <ele>1033.4</ele>
        <time>2015-07-30T17:09:57Z</time>
      </trkpt>
      <trkpt lat="40.637667" lon="-0.049016">
        <ele>1034.6</ele>
        <time>2015-07-30T17:10:00Z</time>
      </trkpt>
      <trkpt lat="40.637700" lon="-0.049067">
        <ele>1034.1</ele>
        <time>2015-07-30T17:10:04Z</time>
      </trkpt>
      <trkpt lat="40.637717" lon="-0.049116">
        <ele>1034.6</ele>
        <time>2015-07-30T17:10:07Z</time>
      </trkpt>
      <trkpt lat="40.637717" lon="-0.049116">
        <ele>1034.6</ele>
        <time>2015-07-30T17:10:07Z</time>
      </trkpt>
      <trkpt lat="40.637717" lon="-0.049116">
        <ele>1034.6</ele>
        <time>2015-07-30T17:10:07Z</time>
      </trkpt>
      <trkpt lat="40.637717" lon="-0.049116">
        <ele>1034.6</ele>
        <time>2015-07-30T17:10:07Z</time>
      </trkpt>
      <trkpt lat="40.637717" lon="-0.049116">
        <ele>1034.6</ele>
        <time>2015-07-30T17:10:07Z</time>
      </trkpt>
      <trkpt lat="40.637717" lon="-0.049116">
        <ele>1034.6</ele>
        <time>2015-07-30T17:10:07Z</time>
      </trkpt>
      <trkpt lat="40.637717" lon="-0.049116">
        <ele>1034.6</ele>
        <time>2015-07-30T17:10:07Z</time>
      </trkpt>
      <trkpt lat="40.637717" lon="-0.049116">
        <ele>1034.6</ele>
        <time>2015-07-30T17:10:07Z</time>
      </trkpt>
      <trkpt lat="40.637717" lon="-0.049116">
        <ele>1034.6</ele>
        <time>2015-07-30T17:10:07Z</time>
      </trkpt>
      <trkpt lat="40.637717" lon="-0.049116">
        <ele>1034.6</ele>
        <time>2015-07-30T17:10:07Z</time>
      </trkpt>
      <trkpt lat="40.637717" lon="-0.049116">
        <ele>1034.6</ele>
        <time>2015-07-30T17:10:07Z</time>
      </trkpt>
      <trkpt lat="40.637717" lon="-0.049116">
        <ele>1034.6</ele>
        <time>2015-07-30T17:10:07Z</time>
      </trkpt>
      <trkpt lat="40.637717" lon="-0.049116">
        <ele>1034.6</ele>
        <time>2015-07-30T17:10:07Z</time>
      </trkpt>
      <trkpt lat="40.637717" lon="-0.049116">
        <ele>1034.6</ele>
        <time>2015-07-30T17:10:07Z</time>
      </trkpt>
      <trkpt lat="40.637717" lon="-0.049116">
        <ele>1034.6</ele>
        <time>2015-07-30T17:10:07Z</time>
      </trkpt>
      <trkpt lat="40.637717" lon="-0.049133">
        <ele>1034.9</ele>
        <time>2015-07-30T17:10:08Z</time>
      </trkpt>
      <trkpt lat="40.637717" lon="-0.049167">
        <ele>1035.6</ele>
        <time>2015-07-30T17:10:10Z</time>
      </trkpt>
      <trkpt lat="40.637767" lon="-0.049267">
        <ele>1034.4</ele>
        <time>2015-07-30T17:10:16Z</time>
      </trkpt>
      <trkpt lat="40.637767" lon="-0.049267">
        <ele>1034.4</ele>
        <time>2015-07-30T17:10:16Z</time>
      </trkpt>
      <trkpt lat="40.637767" lon="-0.049267">
        <ele>1034.4</ele>
        <time>2015-07-30T17:10:16Z</time>
      </trkpt>
      <trkpt lat="40.637767" lon="-0.049267">
        <ele>1034.4</ele>
        <time>2015-07-30T17:10:16Z</time>
      </trkpt>
      <trkpt lat="40.637767" lon="-0.049267">
        <ele>1034.4</ele>
        <time>2015-07-30T17:10:16Z</time>
      </trkpt>
      <trkpt lat="40.637767" lon="-0.049267">
        <ele>1034.4</ele>
        <time>2015-07-30T17:10:16Z</time>
      </trkpt>
      <trkpt lat="40.637767" lon="-0.049267">
        <ele>1034.4</ele>
        <time>2015-07-30T17:10:16Z</time>
      </trkpt>
      <trkpt lat="40.637767" lon="-0.049267">
        <ele>1034.4</ele>
        <time>2015-07-30T17:10:16Z</time>
      </trkpt>
      <trkpt lat="40.637767" lon="-0.049267">
        <ele>1034.4</ele>
        <time>2015-07-30T17:10:16Z</time>
      </trkpt>
      <trkpt lat="40.637767" lon="-0.049267">
        <ele>1034.4</ele>
        <time>2015-07-30T17:10:16Z</time>
      </trkpt>
      <trkpt lat="40.637767" lon="-0.049267">
        <ele>1034.4</ele>
        <time>2015-07-30T17:10:16Z</time>
      </trkpt>
      <trkpt lat="40.637767" lon="-0.049267">
        <ele>1034.4</ele>
        <time>2015-07-30T17:10:16Z</time>
      </trkpt>
      <trkpt lat="40.637767" lon="-0.049267">
        <ele>1034.4</ele>
        <time>2015-07-30T17:10:16Z</time>
      </trkpt>
      <trkpt lat="40.637767" lon="-0.049267">
        <ele>1034.4</ele>
        <time>2015-07-30T17:10:16Z</time>
      </trkpt>
      <trkpt lat="40.637767" lon="-0.049267">
        <ele>1034.4</ele>
        <time>2015-07-30T17:10:16Z</time>
      </trkpt>
      <trkpt lat="40.637767" lon="-0.049267">
        <ele>1034.4</ele>
        <time>2015-07-30T17:10:16Z</time>
      </trkpt>
      <trkpt lat="40.637767" lon="-0.049267">
        <ele>1034.4</ele>
        <time>2015-07-30T17:10:16Z</time>
      </trkpt>
      <trkpt lat="40.637767" lon="-0.049267">
        <ele>1034.4</ele>
        <time>2015-07-30T17:10:16Z</time>
      </trkpt>
      <trkpt lat="40.637767" lon="-0.049267">
        <ele>1034.4</ele>
        <time>2015-07-30T17:10:16Z</time>
      </trkpt>
      <trkpt lat="40.637767" lon="-0.049267">
        <ele>1034.4</ele>
        <time>2015-07-30T17:10:16Z</time>
      </trkpt>
      <trkpt lat="40.637767" lon="-0.049267">
        <ele>1034.4</ele>
        <time>2015-07-30T17:10:16Z</time>
      </trkpt>
      <trkpt lat="40.637767" lon="-0.049267">
        <ele>1034.4</ele>
        <time>2015-07-30T17:10:16Z</time>
      </trkpt>
      <trkpt lat="40.637767" lon="-0.049267">
        <ele>1034.4</ele>
        <time>2015-07-30T17:10:16Z</time>
      </trkpt>
      <trkpt lat="40.637767" lon="-0.049267">
        <ele>1034.4</ele>
        <time>2015-07-30T17:10:16Z</time>
      </trkpt>
      <trkpt lat="40.637767" lon="-0.049267">
        <ele>1034.4</ele>
        <time>2015-07-30T17:10:16Z</time>
      </trkpt>
      <trkpt lat="40.637767" lon="-0.049267">
        <ele>1034.4</ele>
        <time>2015-07-30T17:10:16Z</time>
      </trkpt>
      <trkpt lat="40.637767" lon="-0.049267">
        <ele>1034.4</ele>
        <time>2015-07-30T17:10:16Z</time>
      </trkpt>
      <trkpt lat="40.637767" lon="-0.049267">
        <ele>1034.4</ele>
        <time>2015-07-30T17:10:16Z</time>
      </trkpt>
      <trkpt lat="40.637767" lon="-0.049267">
        <ele>1034.4</ele>
        <time>2015-07-30T17:10:16Z</time>
      </trkpt>
      <trkpt lat="40.637767" lon="-0.049267">
        <ele>1034.4</ele>
        <time>2015-07-30T17:10:16Z</time>
      </trkpt>
      <trkpt lat="40.637767" lon="-0.049267">
        <ele>1034.4</ele>
        <time>2015-07-30T17:10:16Z</time>
      </trkpt>
      <trkpt lat="40.637767" lon="-0.049267">
        <ele>1034.4</ele>
        <time>2015-07-30T17:10:16Z</time>
      </trkpt>
      <trkpt lat="40.637767" lon="-0.049267">
        <ele>1034.4</ele>
        <time>2015-07-30T17:10:16Z</time>
      </trkpt>
      <trkpt lat="40.637767" lon="-0.049267">
        <ele>1034.4</ele>
        <time>2015-07-30T17:10:16Z</time>
      </trkpt>
      <trkpt lat="40.637767" lon="-0.049267">
        <ele>1034.4</ele>
        <time>2015-07-30T17:10:16Z</time>
      </trkpt>
      <trkpt lat="40.637767" lon="-0.049267">
        <ele>1034.4</ele>
        <time>2015-07-30T17:10:16Z</time>
      </trkpt>
      <trkpt lat="40.637767" lon="-0.049267">
        <ele>1034.4</ele>
        <time>2015-07-30T17:10:16Z</time>
      </trkpt>
      <trkpt lat="40.637767" lon="-0.049267">
        <ele>1034.4</ele>
        <time>2015-07-30T17:10:16Z</time>
      </trkpt>
      <trkpt lat="40.637767" lon="-0.049267">
        <ele>1034.4</ele>
        <time>2015-07-30T17:10:16Z</time>
      </trkpt>
      <trkpt lat="40.637767" lon="-0.049267">
        <ele>1034.4</ele>
        <time>2015-07-30T17:10:16Z</time>
      </trkpt>
      <trkpt lat="40.637767" lon="-0.049267">
        <ele>1034.4</ele>
        <time>2015-07-30T17:10:16Z</time>
      </trkpt>
      <trkpt lat="40.637767" lon="-0.049267">
        <ele>1034.4</ele>
        <time>2015-07-30T17:10:16Z</time>
      </trkpt>
      <trkpt lat="40.637767" lon="-0.049267">
        <ele>1034.4</ele>
        <time>2015-07-30T17:10:16Z</time>
      </trkpt>
      <trkpt lat="40.637767" lon="-0.049267">
        <ele>1034.4</ele>
        <time>2015-07-30T17:10:16Z</time>
      </trkpt>
      <trkpt lat="40.637767" lon="-0.049267">
        <ele>1034.4</ele>
        <time>2015-07-30T17:10:16Z</time>
      </trkpt>
      <trkpt lat="40.637767" lon="-0.049267">
        <ele>1034.4</ele>
        <time>2015-07-30T17:10:16Z</time>
      </trkpt>
      <trkpt lat="40.637767" lon="-0.049267">
        <ele>1034.4</ele>
        <time>2015-07-30T17:10:16Z</time>
      </trkpt>
      <trkpt lat="40.637767" lon="-0.049267">
        <ele>1034.4</ele>
        <time>2015-07-30T17:10:16Z</time>
      </trkpt>
      <trkpt lat="40.637767" lon="-0.049267">
        <ele>1034.4</ele>
        <time>2015-07-30T17:10:16Z</time>
      </trkpt>
      <trkpt lat="40.637767" lon="-0.049267">
        <ele>1034.4</ele>
        <time>2015-07-30T17:10:16Z</time>
      </trkpt>
      <trkpt lat="40.637850" lon="-0.049467">
        <ele>1034.2</ele>
        <time>2015-07-30T17:10:29Z</time>
      </trkpt>
      <trkpt lat="40.637867" lon="-0.049500">
        <ele>1034.0</ele>
        <time>2015-07-30T17:10:31Z</time>
      </trkpt>
      <trkpt lat="40.638050" lon="-0.049967">
        <ele>1034.6</ele>
        <time>2015-07-30T17:11:00Z</time>
      </trkpt>
      <trkpt lat="40.638050" lon="-0.049967">
        <ele>1034.6</ele>
        <time>2015-07-30T17:11:00Z</time>
      </trkpt>
      <trkpt lat="40.638050" lon="-0.049967">
        <ele>1034.6</ele>
        <time>2015-07-30T17:11:00Z</time>
      </trkpt>
      <trkpt lat="40.638050" lon="-0.049967">
        <ele>1034.6</ele>
        <time>2015-07-30T17:11:00Z</time>
      </trkpt>
      <trkpt lat="40.638050" lon="-0.049967">
        <ele>1034.6</ele>
        <time>2015-07-30T17:11:00Z</time>
      </trkpt>
      <trkpt lat="40.638050" lon="-0.049967">
        <ele>1034.6</ele>
        <time>2015-07-30T17:11:00Z</time>
      </trkpt>
      <trkpt lat="40.638050" lon="-0.049967">
        <ele>1034.6</ele>
        <time>2015-07-30T17:11:00Z</time>
      </trkpt>
      <trkpt lat="40.638050" lon="-0.049967">
        <ele>1034.6</ele>
        <time>2015-07-30T17:11:00Z</time>
      </trkpt>
      <trkpt lat="40.638050" lon="-0.049967">
        <ele>1034.6</ele>
        <time>2015-07-30T17:11:00Z</time>
      </trkpt>
      <trkpt lat="40.638050" lon="-0.049967">
        <ele>1034.6</ele>
        <time>2015-07-30T17:11:00Z</time>
      </trkpt>
      <trkpt lat="40.638050" lon="-0.049967">
        <ele>1034.6</ele>
        <time>2015-07-30T17:11:00Z</time>
      </trkpt>
      <trkpt lat="40.638067" lon="-0.050016">
        <ele>1035.2</ele>
        <time>2015-07-30T17:11:03Z</time>
      </trkpt>
      <trkpt lat="40.638117" lon="-0.050133">
        <ele>1036.4</ele>
        <time>2015-07-30T17:11:11Z</time>
      </trkpt>
      <trkpt lat="40.638117" lon="-0.050133">
        <ele>1036.4</ele>
        <time>2015-07-30T17:11:11Z</time>
      </trkpt>
      <trkpt lat="40.638117" lon="-0.050133">
        <ele>1036.4</ele>
        <time>2015-07-30T17:11:11Z</time>
      </trkpt>
      <trkpt lat="40.638117" lon="-0.050133">
        <ele>1036.4</ele>
        <time>2015-07-30T17:11:11Z</time>
      </trkpt>
      <trkpt lat="40.638117" lon="-0.050133">
        <ele>1036.4</ele>
        <time>2015-07-30T17:11:11Z</time>
      </trkpt>
      <trkpt lat="40.638117" lon="-0.050133">
        <ele>1036.4</ele>
        <time>2015-07-30T17:11:11Z</time>
      </trkpt>
      <trkpt lat="40.638117" lon="-0.050133">
        <ele>1036.4</ele>
        <time>2015-07-30T17:11:11Z</time>
      </trkpt>
      <trkpt lat="40.638117" lon="-0.050133">
        <ele>1036.4</ele>
        <time>2015-07-30T17:11:11Z</time>
      </trkpt>
      <trkpt lat="40.638117" lon="-0.050133">
        <ele>1036.4</ele>
        <time>2015-07-30T17:11:11Z</time>
      </trkpt>
      <trkpt lat="40.638117" lon="-0.050133">
        <ele>1036.4</ele>
        <time>2015-07-30T17:11:11Z</time>
      </trkpt>
      <trkpt lat="40.638117" lon="-0.050133">
        <ele>1036.4</ele>
        <time>2015-07-30T17:11:11Z</time>
      </trkpt>
      <trkpt lat="40.638117" lon="-0.050133">
        <ele>1036.4</ele>
        <time>2015-07-30T17:11:11Z</time>
      </trkpt>
      <trkpt lat="40.638117" lon="-0.050133">
        <ele>1036.4</ele>
        <time>2015-07-30T17:11:11Z</time>
      </trkpt>
      <trkpt lat="40.638117" lon="-0.050133">
        <ele>1036.4</ele>
        <time>2015-07-30T17:11:11Z</time>
      </trkpt>
      <trkpt lat="40.638117" lon="-0.050133">
        <ele>1036.4</ele>
        <time>2015-07-30T17:11:11Z</time>
      </trkpt>
      <trkpt lat="40.638117" lon="-0.050133">
        <ele>1036.4</ele>
        <time>2015-07-30T17:11:11Z</time>
      </trkpt>
      <trkpt lat="40.638117" lon="-0.050133">
        <ele>1036.4</ele>
        <time>2015-07-30T17:11:11Z</time>
      </trkpt>
      <trkpt lat="40.638117" lon="-0.050133">
        <ele>1036.4</ele>
        <time>2015-07-30T17:11:11Z</time>
      </trkpt>
      <trkpt lat="40.638117" lon="-0.050133">
        <ele>1036.4</ele>
        <time>2015-07-30T17:11:11Z</time>
      </trkpt>
      <trkpt lat="40.638117" lon="-0.050133">
        <ele>1036.4</ele>
        <time>2015-07-30T17:11:11Z</time>
      </trkpt>
      <trkpt lat="40.638117" lon="-0.050133">
        <ele>1036.4</ele>
        <time>2015-07-30T17:11:11Z</time>
      </trkpt>
      <trkpt lat="40.638117" lon="-0.050133">
        <ele>1036.4</ele>
        <time>2015-07-30T17:11:11Z</time>
      </trkpt>
      <trkpt lat="40.638117" lon="-0.050167">
        <ele>1037.4</ele>
        <time>2015-07-30T17:11:12Z</time>
      </trkpt>
      <trkpt lat="40.638117" lon="-0.050167">
        <ele>1037.4</ele>
        <time>2015-07-30T17:11:12Z</time>
      </trkpt>
      <trkpt lat="40.638250" lon="-0.050433">
        <ele>1036.0</ele>
        <time>2015-07-30T17:11:30Z</time>
      </trkpt>
      <trkpt lat="40.638250" lon="-0.050433">
        <ele>1036.0</ele>
        <time>2015-07-30T17:11:30Z</time>
      </trkpt>
      <trkpt lat="40.638250" lon="-0.050433">
        <ele>1036.0</ele>
        <time>2015-07-30T17:11:30Z</time>
      </trkpt>
      <trkpt lat="40.638250" lon="-0.050433">
        <ele>1036.0</ele>
        <time>2015-07-30T17:11:30Z</time>
      </trkpt>
      <trkpt lat="40.638250" lon="-0.050433">
        <ele>1036.0</ele>
        <time>2015-07-30T17:11:30Z</time>
      </trkpt>
      <trkpt lat="40.638250" lon="-0.050433">
        <ele>1036.0</ele>
        <time>2015-07-30T17:11:30Z</time>
      </trkpt>
      <trkpt lat="40.638250" lon="-0.050433">
        <ele>1036.0</ele>
        <time>2015-07-30T17:11:30Z</time>
      </trkpt>
      <trkpt lat="40.638267" lon="-0.050466">
        <ele>1036.1</ele>
        <time>2015-07-30T17:11:32Z</time>
      </trkpt>
      <trkpt lat="40.638300" lon="-0.050600">
        <ele>1037.8</ele>
        <time>2015-07-30T17:11:40Z</time>
      </trkpt>
      <trkpt lat="40.638300" lon="-0.050600">
        <ele>1037.8</ele>
        <time>2015-07-30T17:11:40Z</time>
      </trkpt>
      <trkpt lat="40.638300" lon="-0.050600">
        <ele>1037.8</ele>
        <time>2015-07-30T17:11:40Z</time>
      </trkpt>
      <trkpt lat="40.638300" lon="-0.050600">
        <ele>1037.8</ele>
        <time>2015-07-30T17:11:40Z</time>
      </trkpt>
      <trkpt lat="40.638300" lon="-0.050600">
        <ele>1037.8</ele>
        <time>2015-07-30T17:11:40Z</time>
      </trkpt>
      <trkpt lat="40.638300" lon="-0.050600">
        <ele>1037.8</ele>
        <time>2015-07-30T17:11:40Z</time>
      </trkpt>
      <trkpt lat="40.638300" lon="-0.050600">
        <ele>1037.8</ele>
        <time>2015-07-30T17:11:40Z</time>
      </trkpt>
      <trkpt lat="40.638300" lon="-0.050600">
        <ele>1037.8</ele>
        <time>2015-07-30T17:11:40Z</time>
      </trkpt>
      <trkpt lat="40.638317" lon="-0.050650">
        <ele>1038.4</ele>
        <time>2015-07-30T17:11:43Z</time>
      </trkpt>
      <trkpt lat="40.638333" lon="-0.050666">
        <ele>1038.3</ele>
        <time>2015-07-30T17:11:44Z</time>
      </trkpt>
      <trkpt lat="40.638350" lon="-0.050750">
        <ele>1038.7</ele>
        <time>2015-07-30T17:11:49Z</time>
      </trkpt>
      <trkpt lat="40.638350" lon="-0.050750">
        <ele>1038.7</ele>
        <time>2015-07-30T17:11:49Z</time>
      </trkpt>
      <trkpt lat="40.638350" lon="-0.050750">
        <ele>1038.7</ele>
        <time>2015-07-30T17:11:49Z</time>
      </trkpt>
      <trkpt lat="40.638350" lon="-0.050750">
        <ele>1038.7</ele>
        <time>2015-07-30T17:11:49Z</time>
      </trkpt>
      <trkpt lat="40.638350" lon="-0.050750">
        <ele>1038.7</ele>
        <time>2015-07-30T17:11:49Z</time>
      </trkpt>
      <trkpt lat="40.638350" lon="-0.050750">
        <ele>1038.7</ele>
        <time>2015-07-30T17:11:49Z</time>
      </trkpt>
      <trkpt lat="40.638350" lon="-0.050750">
        <ele>1038.7</ele>
        <time>2015-07-30T17:11:49Z</time>
      </trkpt>
      <trkpt lat="40.638350" lon="-0.050750">
        <ele>1038.7</ele>
        <time>2015-07-30T17:11:49Z</time>
      </trkpt>
      <trkpt lat="40.638350" lon="-0.050750">
        <ele>1038.7</ele>
        <time>2015-07-30T17:11:49Z</time>
      </trkpt>
      <trkpt lat="40.638350" lon="-0.050750">
        <ele>1038.7</ele>
        <time>2015-07-30T17:11:49Z</time>
      </trkpt>
      <trkpt lat="40.638350" lon="-0.050750">
        <ele>1038.7</ele>
        <time>2015-07-30T17:11:49Z</time>
      </trkpt>
      <trkpt lat="40.638350" lon="-0.050750">
        <ele>1038.7</ele>
        <time>2015-07-30T17:11:49Z</time>
      </trkpt>
      <trkpt lat="40.638367" lon="-0.050817">
        <ele>1039.5</ele>
        <time>2015-07-30T17:11:53Z</time>
      </trkpt>
      <trkpt lat="40.638400" lon="-0.050867">
        <ele>1038.9</ele>
        <time>2015-07-30T17:11:57Z</time>
      </trkpt>
      <trkpt lat="40.638417" lon="-0.050916">
        <ele>1039.3</ele>
        <time>2015-07-30T17:12:00Z</time>
      </trkpt>
      <trkpt lat="40.638417" lon="-0.050916">
        <ele>1039.3</ele>
        <time>2015-07-30T17:12:00Z</time>
      </trkpt>
      <trkpt lat="40.638417" lon="-0.050916">
        <ele>1039.3</ele>
        <time>2015-07-30T17:12:00Z</time>
      </trkpt>
      <trkpt lat="40.638417" lon="-0.050916">
        <ele>1039.3</ele>
        <time>2015-07-30T17:12:00Z</time>
      </trkpt>
      <trkpt lat="40.638417" lon="-0.050916">
        <ele>1039.3</ele>
        <time>2015-07-30T17:12:00Z</time>
      </trkpt>
      <trkpt lat="40.638417" lon="-0.050916">
        <ele>1039.3</ele>
        <time>2015-07-30T17:12:00Z</time>
      </trkpt>
      <trkpt lat="40.638417" lon="-0.050916">
        <ele>1039.3</ele>
        <time>2015-07-30T17:12:00Z</time>
      </trkpt>
      <trkpt lat="40.638417" lon="-0.050916">
        <ele>1039.3</ele>
        <time>2015-07-30T17:12:00Z</time>
      </trkpt>
      <trkpt lat="40.638417" lon="-0.050916">
        <ele>1039.3</ele>
        <time>2015-07-30T17:12:00Z</time>
      </trkpt>
      <trkpt lat="40.638417" lon="-0.050916">
        <ele>1039.3</ele>
        <time>2015-07-30T17:12:00Z</time>
      </trkpt>
      <trkpt lat="40.638417" lon="-0.050916">
        <ele>1039.3</ele>
        <time>2015-07-30T17:12:00Z</time>
      </trkpt>
      <trkpt lat="40.638417" lon="-0.050916">
        <ele>1039.3</ele>
        <time>2015-07-30T17:12:00Z</time>
      </trkpt>
      <trkpt lat="40.638417" lon="-0.050916">
        <ele>1039.3</ele>
        <time>2015-07-30T17:12:00Z</time>
      </trkpt>
      <trkpt lat="40.638417" lon="-0.050916">
        <ele>1039.3</ele>
        <time>2015-07-30T17:12:00Z</time>
      </trkpt>
      <trkpt lat="40.638450" lon="-0.050967">
        <ele>1038.1</ele>
        <time>2015-07-30T17:12:03Z</time>
      </trkpt>
      <trkpt lat="40.638450" lon="-0.051016">
        <ele>1038.9</ele>
        <time>2015-07-30T17:12:06Z</time>
      </trkpt>
      <trkpt lat="40.638467" lon="-0.051067">
        <ele>1039.0</ele>
        <time>2015-07-30T17:12:09Z</time>
      </trkpt>
      <trkpt lat="40.638467" lon="-0.051067">
        <ele>1039.0</ele>
        <time>2015-07-30T17:12:09Z</time>
      </trkpt>
      <trkpt lat="40.638467" lon="-0.051067">
        <ele>1039.0</ele>
        <time>2015-07-30T17:12:09Z</time>
      </trkpt>
      <trkpt lat="40.638467" lon="-0.051067">
        <ele>1039.0</ele>
        <time>2015-07-30T17:12:09Z</time>
      </trkpt>
      <trkpt lat="40.638467" lon="-0.051067">
        <ele>1039.0</ele>
        <time>2015-07-30T17:12:09Z</time>
      </trkpt>
      <trkpt lat="40.638467" lon="-0.051067">
        <ele>1039.0</ele>
        <time>2015-07-30T17:12:09Z</time>
      </trkpt>
      <trkpt lat="40.638467" lon="-0.051067">
        <ele>1039.0</ele>
        <time>2015-07-30T17:12:09Z</time>
      </trkpt>
      <trkpt lat="40.638467" lon="-0.051067">
        <ele>1039.0</ele>
        <time>2015-07-30T17:12:09Z</time>
      </trkpt>
      <trkpt lat="40.638467" lon="-0.051067">
        <ele>1039.0</ele>
        <time>2015-07-30T17:12:09Z</time>
      </trkpt>
      <trkpt lat="40.638467" lon="-0.051067">
        <ele>1039.0</ele>
        <time>2015-07-30T17:12:09Z</time>
      </trkpt>
      <trkpt lat="40.638467" lon="-0.051067">
        <ele>1039.0</ele>
        <time>2015-07-30T17:12:09Z</time>
      </trkpt>
      <trkpt lat="40.638467" lon="-0.051067">
        <ele>1039.0</ele>
        <time>2015-07-30T17:12:09Z</time>
      </trkpt>
      <trkpt lat="40.638467" lon="-0.051067">
        <ele>1039.0</ele>
        <time>2015-07-30T17:12:09Z</time>
      </trkpt>
      <trkpt lat="40.638467" lon="-0.051067">
        <ele>1039.0</ele>
        <time>2015-07-30T17:12:09Z</time>
      </trkpt>
      <trkpt lat="40.638467" lon="-0.051067">
        <ele>1039.0</ele>
        <time>2015-07-30T17:12:09Z</time>
      </trkpt>
      <trkpt lat="40.638517" lon="-0.051167">
        <ele>1038.8</ele>
        <time>2015-07-30T17:12:16Z</time>
      </trkpt>
      <trkpt lat="40.638517" lon="-0.051216">
        <ele>1039.9</ele>
        <time>2015-07-30T17:12:19Z</time>
      </trkpt>
      <trkpt lat="40.638517" lon="-0.051216">
        <ele>1039.9</ele>
        <time>2015-07-30T17:12:19Z</time>
      </trkpt>
      <trkpt lat="40.638517" lon="-0.051216">
        <ele>1039.9</ele>
        <time>2015-07-30T17:12:19Z</time>
      </trkpt>
      <trkpt lat="40.638517" lon="-0.051216">
        <ele>1039.9</ele>
        <time>2015-07-30T17:12:19Z</time>
      </trkpt>
      <trkpt lat="40.638517" lon="-0.051216">
        <ele>1039.9</ele>
        <time>2015-07-30T17:12:19Z</time>
      </trkpt>
      <trkpt lat="40.638517" lon="-0.051216">
        <ele>1039.9</ele>
        <time>2015-07-30T17:12:19Z</time>
      </trkpt>
      <trkpt lat="40.638517" lon="-0.051216">
        <ele>1039.9</ele>
        <time>2015-07-30T17:12:19Z</time>
      </trkpt>
      <trkpt lat="40.638517" lon="-0.051216">
        <ele>1039.9</ele>
        <time>2015-07-30T17:12:19Z</time>
      </trkpt>
      <trkpt lat="40.638517" lon="-0.051216">
        <ele>1039.9</ele>
        <time>2015-07-30T17:12:19Z</time>
      </trkpt>
      <trkpt lat="40.638517" lon="-0.051216">
        <ele>1039.9</ele>
        <time>2015-07-30T17:12:19Z</time>
      </trkpt>
      <trkpt lat="40.638517" lon="-0.051216">
        <ele>1039.9</ele>
        <time>2015-07-30T17:12:19Z</time>
      </trkpt>
      <trkpt lat="40.638517" lon="-0.051216">
        <ele>1039.9</ele>
        <time>2015-07-30T17:12:19Z</time>
      </trkpt>
      <trkpt lat="40.638567" lon="-0.051383">
        <ele>1041.3</ele>
        <time>2015-07-30T17:12:29Z</time>
      </trkpt>
      <trkpt lat="40.638567" lon="-0.051383">
        <ele>1041.3</ele>
        <time>2015-07-30T17:12:29Z</time>
      </trkpt>
      <trkpt lat="40.638567" lon="-0.051383">
        <ele>1041.3</ele>
        <time>2015-07-30T17:12:29Z</time>
      </trkpt>
      <trkpt lat="40.638567" lon="-0.051383">
        <ele>1041.3</ele>
        <time>2015-07-30T17:12:29Z</time>
      </trkpt>
      <trkpt lat="40.638567" lon="-0.051383">
        <ele>1041.3</ele>
        <time>2015-07-30T17:12:29Z</time>
      </trkpt>
      <trkpt lat="40.638567" lon="-0.051383">
        <ele>1041.3</ele>
        <time>2015-07-30T17:12:29Z</time>
      </trkpt>
      <trkpt lat="40.638567" lon="-0.051383">
        <ele>1041.3</ele>
        <time>2015-07-30T17:12:29Z</time>
      </trkpt>
      <trkpt lat="40.638567" lon="-0.051383">
        <ele>1041.3</ele>
        <time>2015-07-30T17:12:29Z</time>
      </trkpt>
      <trkpt lat="40.638567" lon="-0.051383">
        <ele>1041.3</ele>
        <time>2015-07-30T17:12:29Z</time>
      </trkpt>
      <trkpt lat="40.638567" lon="-0.051383">
        <ele>1041.3</ele>
        <time>2015-07-30T17:12:29Z</time>
      </trkpt>
      <trkpt lat="40.638567" lon="-0.051383">
        <ele>1041.3</ele>
        <time>2015-07-30T17:12:29Z</time>
      </trkpt>
      <trkpt lat="40.638567" lon="-0.051383">
        <ele>1041.3</ele>
        <time>2015-07-30T17:12:29Z</time>
      </trkpt>
      <trkpt lat="40.638567" lon="-0.051383">
        <ele>1041.3</ele>
        <time>2015-07-30T17:12:29Z</time>
      </trkpt>
      <trkpt lat="40.638567" lon="-0.051383">
        <ele>1041.3</ele>
        <time>2015-07-30T17:12:29Z</time>
      </trkpt>
      <trkpt lat="40.638567" lon="-0.051383">
        <ele>1041.3</ele>
        <time>2015-07-30T17:12:29Z</time>
      </trkpt>
      <trkpt lat="40.638567" lon="-0.051383">
        <ele>1041.3</ele>
        <time>2015-07-30T17:12:29Z</time>
      </trkpt>
      <trkpt lat="40.638567" lon="-0.051383">
        <ele>1041.3</ele>
        <time>2015-07-30T17:12:29Z</time>
      </trkpt>
      <trkpt lat="40.638567" lon="-0.051383">
        <ele>1041.3</ele>
        <time>2015-07-30T17:12:29Z</time>
      </trkpt>
      <trkpt lat="40.638567" lon="-0.051383">
        <ele>1041.3</ele>
        <time>2015-07-30T17:12:29Z</time>
      </trkpt>
      <trkpt lat="40.638567" lon="-0.051383">
        <ele>1041.3</ele>
        <time>2015-07-30T17:12:29Z</time>
      </trkpt>
      <trkpt lat="40.638567" lon="-0.051383">
        <ele>1041.3</ele>
        <time>2015-07-30T17:12:29Z</time>
      </trkpt>
      <trkpt lat="40.638567" lon="-0.051383">
        <ele>1041.3</ele>
        <time>2015-07-30T17:12:29Z</time>
      </trkpt>
      <trkpt lat="40.638567" lon="-0.051383">
        <ele>1041.3</ele>
        <time>2015-07-30T17:12:29Z</time>
      </trkpt>
      <trkpt lat="40.638567" lon="-0.051383">
        <ele>1041.3</ele>
        <time>2015-07-30T17:12:29Z</time>
      </trkpt>
      <trkpt lat="40.638567" lon="-0.051383">
        <ele>1041.3</ele>
        <time>2015-07-30T17:12:29Z</time>
      </trkpt>
      <trkpt lat="40.638567" lon="-0.051383">
        <ele>1041.3</ele>
        <time>2015-07-30T17:12:29Z</time>
      </trkpt>
      <trkpt lat="40.638567" lon="-0.051383">
        <ele>1041.3</ele>
        <time>2015-07-30T17:12:29Z</time>
      </trkpt>
      <trkpt lat="40.638567" lon="-0.051383">
        <ele>1041.3</ele>
        <time>2015-07-30T17:12:29Z</time>
      </trkpt>
      <trkpt lat="40.638567" lon="-0.051383">
        <ele>1041.3</ele>
        <time>2015-07-30T17:12:29Z</time>
      </trkpt>
      <trkpt lat="40.638567" lon="-0.051383">
        <ele>1041.3</ele>
        <time>2015-07-30T17:12:29Z</time>
      </trkpt>
      <trkpt lat="40.638567" lon="-0.051383">
        <ele>1041.3</ele>
        <time>2015-07-30T17:12:29Z</time>
      </trkpt>
      <trkpt lat="40.638567" lon="-0.051383">
        <ele>1041.3</ele>
        <time>2015-07-30T17:12:29Z</time>
      </trkpt>
      <trkpt lat="40.638567" lon="-0.051383">
        <ele>1041.3</ele>
        <time>2015-07-30T17:12:29Z</time>
      </trkpt>
      <trkpt lat="40.638567" lon="-0.051383">
        <ele>1041.3</ele>
        <time>2015-07-30T17:12:29Z</time>
      </trkpt>
      <trkpt lat="40.638567" lon="-0.051383">
        <ele>1041.3</ele>
        <time>2015-07-30T17:12:29Z</time>
      </trkpt>
      <trkpt lat="40.638567" lon="-0.051383">
        <ele>1041.3</ele>
        <time>2015-07-30T17:12:29Z</time>
      </trkpt>
      <trkpt lat="40.638567" lon="-0.051383">
        <ele>1041.3</ele>
        <time>2015-07-30T17:12:29Z</time>
      </trkpt>
      <trkpt lat="40.638567" lon="-0.051383">
        <ele>1041.3</ele>
        <time>2015-07-30T17:12:29Z</time>
      </trkpt>
      <trkpt lat="40.638567" lon="-0.051383">
        <ele>1041.3</ele>
        <time>2015-07-30T17:12:29Z</time>
      </trkpt>
      <trkpt lat="40.638567" lon="-0.051383">
        <ele>1041.3</ele>
        <time>2015-07-30T17:12:29Z</time>
      </trkpt>
      <trkpt lat="40.638567" lon="-0.051383">
        <ele>1041.3</ele>
        <time>2015-07-30T17:12:29Z</time>
      </trkpt>
      <trkpt lat="40.638567" lon="-0.051383">
        <ele>1041.3</ele>
        <time>2015-07-30T17:12:29Z</time>
      </trkpt>
      <trkpt lat="40.638567" lon="-0.051383">
        <ele>1041.3</ele>
        <time>2015-07-30T17:12:29Z</time>
      </trkpt>
      <trkpt lat="40.638567" lon="-0.051383">
        <ele>1041.3</ele>
        <time>2015-07-30T17:12:29Z</time>
      </trkpt>
      <trkpt lat="40.638567" lon="-0.051383">
        <ele>1041.3</ele>
        <time>2015-07-30T17:12:29Z</time>
      </trkpt>
      <trkpt lat="40.638567" lon="-0.051383">
        <ele>1041.3</ele>
        <time>2015-07-30T17:12:29Z</time>
      </trkpt>
      <trkpt lat="40.638617" lon="-0.051483">
        <ele>1041.6</ele>
        <time>2015-07-30T17:12:35Z</time>
      </trkpt>
      <trkpt lat="40.638650" lon="-0.051517">
        <ele>1040.7</ele>
        <time>2015-07-30T17:12:38Z</time>
      </trkpt>
      <trkpt lat="40.638667" lon="-0.051583">
        <ele>1040.9</ele>
        <time>2015-07-30T17:12:42Z</time>
      </trkpt>
      <trkpt lat="40.638717" lon="-0.051766">
        <ele>1042.7</ele>
        <time>2015-07-30T17:12:53Z</time>
      </trkpt>
      <trkpt lat="40.638717" lon="-0.051766">
        <ele>1042.7</ele>
        <time>2015-07-30T17:12:53Z</time>
      </trkpt>
      <trkpt lat="40.638717" lon="-0.051766">
        <ele>1042.7</ele>
        <time>2015-07-30T17:12:53Z</time>
      </trkpt>
      <trkpt lat="40.638717" lon="-0.051783">
        <ele>1043.0</ele>
        <time>2015-07-30T17:12:54Z</time>
      </trkpt>
      <trkpt lat="40.638800" lon="-0.052000">
        <ele>1044.1</ele>
        <time>2015-07-30T17:13:07Z</time>
      </trkpt>
      <trkpt lat="40.638800" lon="-0.052000">
        <ele>1044.1</ele>
        <time>2015-07-30T17:13:07Z</time>
      </trkpt>
      <trkpt lat="40.638800" lon="-0.052000">
        <ele>1044.1</ele>
        <time>2015-07-30T17:13:07Z</time>
      </trkpt>
      <trkpt lat="40.638800" lon="-0.052000">
        <ele>1044.1</ele>
        <time>2015-07-30T17:13:07Z</time>
      </trkpt>
      <trkpt lat="40.638800" lon="-0.052000">
        <ele>1044.1</ele>
        <time>2015-07-30T17:13:07Z</time>
      </trkpt>
      <trkpt lat="40.638800" lon="-0.052000">
        <ele>1044.1</ele>
        <time>2015-07-30T17:13:07Z</time>
      </trkpt>
      <trkpt lat="40.638800" lon="-0.052000">
        <ele>1044.1</ele>
        <time>2015-07-30T17:13:07Z</time>
      </trkpt>
      <trkpt lat="40.638800" lon="-0.052016">
        <ele>1044.5</ele>
        <time>2015-07-30T17:13:08Z</time>
      </trkpt>
      <trkpt lat="40.638817" lon="-0.052016">
        <ele>1043.8</ele>
        <time>2015-07-30T17:13:09Z</time>
      </trkpt>
      <trkpt lat="40.638817" lon="-0.052067">
        <ele>1044.7</ele>
        <time>2015-07-30T17:13:12Z</time>
      </trkpt>
      <trkpt lat="40.638850" lon="-0.052133">
        <ele>1044.2</ele>
        <time>2015-07-30T17:13:16Z</time>
      </trkpt>
      <trkpt lat="40.638850" lon="-0.052133">
        <ele>1044.2</ele>
        <time>2015-07-30T17:13:16Z</time>
      </trkpt>
      <trkpt lat="40.638850" lon="-0.052133">
        <ele>1044.2</ele>
        <time>2015-07-30T17:13:16Z</time>
      </trkpt>
      <trkpt lat="40.638917" lon="-0.052400">
        <ele>1047.6</ele>
        <time>2015-07-30T17:13:32Z</time>
      </trkpt>
      <trkpt lat="40.638917" lon="-0.052400">
        <ele>1047.6</ele>
        <time>2015-07-30T17:13:32Z</time>
      </trkpt>
      <trkpt lat="40.638950" lon="-0.052466">
        <ele>1047.9</ele>
        <time>2015-07-30T17:13:36Z</time>
      </trkpt>
      <trkpt lat="40.638967" lon="-0.052483">
        <ele>1047.8</ele>
        <time>2015-07-30T17:13:38Z</time>
      </trkpt>
      <trkpt lat="40.639050" lon="-0.052717">
        <ele>1050.3</ele>
        <time>2015-07-30T17:13:52Z</time>
      </trkpt>
      <trkpt lat="40.639050" lon="-0.052717">
        <ele>1050.3</ele>
        <time>2015-07-30T17:13:52Z</time>
      </trkpt>
      <trkpt lat="40.639050" lon="-0.052717">
        <ele>1050.3</ele>
        <time>2015-07-30T17:13:52Z</time>
      </trkpt>
      <trkpt lat="40.639050" lon="-0.052717">
        <ele>1050.3</ele>
        <time>2015-07-30T17:13:52Z</time>
      </trkpt>
      <trkpt lat="40.639050" lon="-0.052717">
        <ele>1050.3</ele>
        <time>2015-07-30T17:13:52Z</time>
      </trkpt>
      <trkpt lat="40.639050" lon="-0.052717">
        <ele>1050.3</ele>
        <time>2015-07-30T17:13:52Z</time>
      </trkpt>
      <trkpt lat="40.639050" lon="-0.052717">
        <ele>1050.3</ele>
        <time>2015-07-30T17:13:52Z</time>
      </trkpt>
      <trkpt lat="40.639050" lon="-0.052717">
        <ele>1050.3</ele>
        <time>2015-07-30T17:13:52Z</time>
      </trkpt>
      <trkpt lat="40.639067" lon="-0.052750">
        <ele>1050.2</ele>
        <time>2015-07-30T17:13:54Z</time>
      </trkpt>
      <trkpt lat="40.639250" lon="-0.053167">
        <ele>1053.8</ele>
        <time>2015-07-30T17:14:21Z</time>
      </trkpt>
      <trkpt lat="40.639250" lon="-0.053167">
        <ele>1053.8</ele>
        <time>2015-07-30T17:14:21Z</time>
      </trkpt>
      <trkpt lat="40.639250" lon="-0.053167">
        <ele>1053.8</ele>
        <time>2015-07-30T17:14:21Z</time>
      </trkpt>
      <trkpt lat="40.639250" lon="-0.053167">
        <ele>1053.8</ele>
        <time>2015-07-30T17:14:21Z</time>
      </trkpt>
      <trkpt lat="40.639250" lon="-0.053167">
        <ele>1053.8</ele>
        <time>2015-07-30T17:14:21Z</time>
      </trkpt>
      <trkpt lat="40.639250" lon="-0.053167">
        <ele>1053.8</ele>
        <time>2015-07-30T17:14:21Z</time>
      </trkpt>
      <trkpt lat="40.639250" lon="-0.053167">
        <ele>1053.8</ele>
        <time>2015-07-30T17:14:21Z</time>
      </trkpt>
      <trkpt lat="40.639250" lon="-0.053167">
        <ele>1053.8</ele>
        <time>2015-07-30T17:14:21Z</time>
      </trkpt>
      <trkpt lat="40.639250" lon="-0.053167">
        <ele>1053.8</ele>
        <time>2015-07-30T17:14:21Z</time>
      </trkpt>
      <trkpt lat="40.639250" lon="-0.053167">
        <ele>1053.8</ele>
        <time>2015-07-30T17:14:21Z</time>
      </trkpt>
      <trkpt lat="40.639250" lon="-0.053167">
        <ele>1053.8</ele>
        <time>2015-07-30T17:14:21Z</time>
      </trkpt>
      <trkpt lat="40.639250" lon="-0.053167">
        <ele>1053.8</ele>
        <time>2015-07-30T17:14:21Z</time>
      </trkpt>
      <trkpt lat="40.639250" lon="-0.053167">
        <ele>1053.8</ele>
        <time>2015-07-30T17:14:21Z</time>
      </trkpt>
      <trkpt lat="40.639250" lon="-0.053167">
        <ele>1053.8</ele>
        <time>2015-07-30T17:14:21Z</time>
      </trkpt>
      <trkpt lat="40.639250" lon="-0.053167">
        <ele>1053.8</ele>
        <time>2015-07-30T17:14:21Z</time>
      </trkpt>
      <trkpt lat="40.639250" lon="-0.053167">
        <ele>1053.8</ele>
        <time>2015-07-30T17:14:21Z</time>
      </trkpt>
      <trkpt lat="40.639250" lon="-0.053167">
        <ele>1053.8</ele>
        <time>2015-07-30T17:14:21Z</time>
      </trkpt>
      <trkpt lat="40.639250" lon="-0.053167">
        <ele>1053.8</ele>
        <time>2015-07-30T17:14:21Z</time>
      </trkpt>
      <trkpt lat="40.639267" lon="-0.053167">
        <ele>1053.2</ele>
        <time>2015-07-30T17:14:22Z</time>
      </trkpt>
      <trkpt lat="40.639267" lon="-0.053183">
        <ele>1053.6</ele>
        <time>2015-07-30T17:14:23Z</time>
      </trkpt>
      <trkpt lat="40.639333" lon="-0.053283">
        <ele>1053.3</ele>
        <time>2015-07-30T17:14:30Z</time>
      </trkpt>
      <trkpt lat="40.639333" lon="-0.053283">
        <ele>1053.3</ele>
        <time>2015-07-30T17:14:30Z</time>
      </trkpt>
      <trkpt lat="40.639333" lon="-0.053283">
        <ele>1053.3</ele>
        <time>2015-07-30T17:14:30Z</time>
      </trkpt>
      <trkpt lat="40.639333" lon="-0.053283">
        <ele>1053.3</ele>
        <time>2015-07-30T17:14:30Z</time>
      </trkpt>
      <trkpt lat="40.639333" lon="-0.053283">
        <ele>1053.3</ele>
        <time>2015-07-30T17:14:30Z</time>
      </trkpt>
      <trkpt lat="40.639333" lon="-0.053283">
        <ele>1053.3</ele>
        <time>2015-07-30T17:14:30Z</time>
      </trkpt>
      <trkpt lat="40.639333" lon="-0.053283">
        <ele>1053.3</ele>
        <time>2015-07-30T17:14:30Z</time>
      </trkpt>
      <trkpt lat="40.639333" lon="-0.053283">
        <ele>1053.3</ele>
        <time>2015-07-30T17:14:30Z</time>
      </trkpt>
      <trkpt lat="40.639333" lon="-0.053283">
        <ele>1053.3</ele>
        <time>2015-07-30T17:14:30Z</time>
      </trkpt>
      <trkpt lat="40.639333" lon="-0.053283">
        <ele>1053.3</ele>
        <time>2015-07-30T17:14:30Z</time>
      </trkpt>
      <trkpt lat="40.639333" lon="-0.053283">
        <ele>1053.3</ele>
        <time>2015-07-30T17:14:30Z</time>
      </trkpt>
      <trkpt lat="40.639333" lon="-0.053283">
        <ele>1053.3</ele>
        <time>2015-07-30T17:14:30Z</time>
      </trkpt>
      <trkpt lat="40.639333" lon="-0.053283">
        <ele>1053.3</ele>
        <time>2015-07-30T17:14:30Z</time>
      </trkpt>
      <trkpt lat="40.639333" lon="-0.053283">
        <ele>1053.3</ele>
        <time>2015-07-30T17:14:30Z</time>
      </trkpt>
      <trkpt lat="40.639333" lon="-0.053283">
        <ele>1053.3</ele>
        <time>2015-07-30T17:14:30Z</time>
      </trkpt>
      <trkpt lat="40.639333" lon="-0.053283">
        <ele>1053.3</ele>
        <time>2015-07-30T17:14:30Z</time>
      </trkpt>
      <trkpt lat="40.639333" lon="-0.053283">
        <ele>1053.3</ele>
        <time>2015-07-30T17:14:30Z</time>
      </trkpt>
      <trkpt lat="40.639333" lon="-0.053283">
        <ele>1053.3</ele>
        <time>2015-07-30T17:14:30Z</time>
      </trkpt>
      <trkpt lat="40.639333" lon="-0.053283">
        <ele>1053.3</ele>
        <time>2015-07-30T17:14:30Z</time>
      </trkpt>
      <trkpt lat="40.639333" lon="-0.053283">
        <ele>1053.3</ele>
        <time>2015-07-30T17:14:30Z</time>
      </trkpt>
      <trkpt lat="40.639350" lon="-0.053300">
        <ele>1053.2</ele>
        <time>2015-07-30T17:14:32Z</time>
      </trkpt>
      <trkpt lat="40.639517" lon="-0.053717">
        <ele>1056.2</ele>
        <time>2015-07-30T17:14:58Z</time>
      </trkpt>
      <trkpt lat="40.639517" lon="-0.053717">
        <ele>1056.2</ele>
        <time>2015-07-30T17:14:58Z</time>
      </trkpt>
      <trkpt lat="40.639517" lon="-0.053717">
        <ele>1056.2</ele>
        <time>2015-07-30T17:14:58Z</time>
      </trkpt>
      <trkpt lat="40.639517" lon="-0.053717">
        <ele>1056.2</ele>
        <time>2015-07-30T17:14:58Z</time>
      </trkpt>
      <trkpt lat="40.639517" lon="-0.053717">
        <ele>1056.2</ele>
        <time>2015-07-30T17:14:58Z</time>
      </trkpt>
      <trkpt lat="40.639517" lon="-0.053717">
        <ele>1056.2</ele>
        <time>2015-07-30T17:14:58Z</time>
      </trkpt>
      <trkpt lat="40.639517" lon="-0.053717">
        <ele>1056.2</ele>
        <time>2015-07-30T17:14:58Z</time>
      </trkpt>
      <trkpt lat="40.639517" lon="-0.053717">
        <ele>1056.2</ele>
        <time>2015-07-30T17:14:58Z</time>
      </trkpt>
      <trkpt lat="40.639517" lon="-0.053717">
        <ele>1056.2</ele>
        <time>2015-07-30T17:14:58Z</time>
      </trkpt>
      <trkpt lat="40.639517" lon="-0.053717">
        <ele>1056.2</ele>
        <time>2015-07-30T17:14:58Z</time>
      </trkpt>
      <trkpt lat="40.639517" lon="-0.053717">
        <ele>1056.2</ele>
        <time>2015-07-30T17:14:58Z</time>
      </trkpt>
      <trkpt lat="40.639517" lon="-0.053717">
        <ele>1056.2</ele>
        <time>2015-07-30T17:14:58Z</time>
      </trkpt>
      <trkpt lat="40.639517" lon="-0.053717">
        <ele>1056.2</ele>
        <time>2015-07-30T17:14:58Z</time>
      </trkpt>
      <trkpt lat="40.639517" lon="-0.053717">
        <ele>1056.2</ele>
        <time>2015-07-30T17:14:58Z</time>
      </trkpt>
      <trkpt lat="40.639517" lon="-0.053717">
        <ele>1056.2</ele>
        <time>2015-07-30T17:14:58Z</time>
      </trkpt>
      <trkpt lat="40.639517" lon="-0.053717">
        <ele>1056.2</ele>
        <time>2015-07-30T17:14:58Z</time>
      </trkpt>
      <trkpt lat="40.639517" lon="-0.053717">
        <ele>1056.2</ele>
        <time>2015-07-30T17:14:58Z</time>
      </trkpt>
      <trkpt lat="40.639517" lon="-0.053717">
        <ele>1056.2</ele>
        <time>2015-07-30T17:14:58Z</time>
      </trkpt>
      <trkpt lat="40.639517" lon="-0.053717">
        <ele>1056.2</ele>
        <time>2015-07-30T17:14:58Z</time>
      </trkpt>
      <trkpt lat="40.639517" lon="-0.053717">
        <ele>1056.2</ele>
        <time>2015-07-30T17:14:58Z</time>
      </trkpt>
      <trkpt lat="40.639517" lon="-0.053717">
        <ele>1056.2</ele>
        <time>2015-07-30T17:14:58Z</time>
      </trkpt>
      <trkpt lat="40.639517" lon="-0.053717">
        <ele>1056.2</ele>
        <time>2015-07-30T17:14:58Z</time>
      </trkpt>
      <trkpt lat="40.639517" lon="-0.053717">
        <ele>1056.2</ele>
        <time>2015-07-30T17:14:58Z</time>
      </trkpt>
      <trkpt lat="40.639517" lon="-0.053717">
        <ele>1056.2</ele>
        <time>2015-07-30T17:14:58Z</time>
      </trkpt>
      <trkpt lat="40.639517" lon="-0.053717">
        <ele>1056.2</ele>
        <time>2015-07-30T17:14:58Z</time>
      </trkpt>
      <trkpt lat="40.639517" lon="-0.053717">
        <ele>1056.2</ele>
        <time>2015-07-30T17:14:58Z</time>
      </trkpt>
      <trkpt lat="40.639517" lon="-0.053717">
        <ele>1056.2</ele>
        <time>2015-07-30T17:14:58Z</time>
      </trkpt>
      <trkpt lat="40.639517" lon="-0.053717">
        <ele>1056.2</ele>
        <time>2015-07-30T17:14:58Z</time>
      </trkpt>
      <trkpt lat="40.639517" lon="-0.053717">
        <ele>1056.2</ele>
        <time>2015-07-30T17:14:58Z</time>
      </trkpt>
      <trkpt lat="40.639517" lon="-0.053717">
        <ele>1056.2</ele>
        <time>2015-07-30T17:14:58Z</time>
      </trkpt>
      <trkpt lat="40.639517" lon="-0.053733">
        <ele>1056.5</ele>
        <time>2015-07-30T17:14:59Z</time>
      </trkpt>
      <trkpt lat="40.639567" lon="-0.053833">
        <ele>1057.2</ele>
        <time>2015-07-30T17:15:05Z</time>
      </trkpt>
      <trkpt lat="40.639650" lon="-0.053983">
        <ele>1058.3</ele>
        <time>2015-07-30T17:15:16Z</time>
      </trkpt>
      <trkpt lat="40.639867" lon="-0.054433">
        <ele>1063.3</ele>
        <time>2015-07-30T17:15:45Z</time>
      </trkpt>
      <trkpt lat="40.639867" lon="-0.054433">
        <ele>1063.3</ele>
        <time>2015-07-30T17:15:45Z</time>
      </trkpt>
      <trkpt lat="40.639867" lon="-0.054433">
        <ele>1063.3</ele>
        <time>2015-07-30T17:15:45Z</time>
      </trkpt>
      <trkpt lat="40.639867" lon="-0.054433">
        <ele>1063.3</ele>
        <time>2015-07-30T17:15:45Z</time>
      </trkpt>
      <trkpt lat="40.639867" lon="-0.054433">
        <ele>1063.3</ele>
        <time>2015-07-30T17:15:45Z</time>
      </trkpt>
      <trkpt lat="40.639867" lon="-0.054433">
        <ele>1063.3</ele>
        <time>2015-07-30T17:15:45Z</time>
      </trkpt>
      <trkpt lat="40.639867" lon="-0.054433">
        <ele>1063.3</ele>
        <time>2015-07-30T17:15:45Z</time>
      </trkpt>
      <trkpt lat="40.639867" lon="-0.054433">
        <ele>1063.3</ele>
        <time>2015-07-30T17:15:45Z</time>
      </trkpt>
      <trkpt lat="40.639867" lon="-0.054433">
        <ele>1063.3</ele>
        <time>2015-07-30T17:15:45Z</time>
      </trkpt>
      <trkpt lat="40.639867" lon="-0.054433">
        <ele>1063.3</ele>
        <time>2015-07-30T17:15:45Z</time>
      </trkpt>
      <trkpt lat="40.639867" lon="-0.054433">
        <ele>1063.3</ele>
        <time>2015-07-30T17:15:45Z</time>
      </trkpt>
      <trkpt lat="40.639867" lon="-0.054433">
        <ele>1063.3</ele>
        <time>2015-07-30T17:15:45Z</time>
      </trkpt>
      <trkpt lat="40.639867" lon="-0.054433">
        <ele>1063.3</ele>
        <time>2015-07-30T17:15:45Z</time>
      </trkpt>
      <trkpt lat="40.639867" lon="-0.054433">
        <ele>1063.3</ele>
        <time>2015-07-30T17:15:45Z</time>
      </trkpt>
      <trkpt lat="40.639867" lon="-0.054433">
        <ele>1063.3</ele>
        <time>2015-07-30T17:15:45Z</time>
      </trkpt>
      <trkpt lat="40.639867" lon="-0.054433">
        <ele>1063.3</ele>
        <time>2015-07-30T17:15:45Z</time>
      </trkpt>
      <trkpt lat="40.639867" lon="-0.054433">
        <ele>1063.3</ele>
        <time>2015-07-30T17:15:45Z</time>
      </trkpt>
      <trkpt lat="40.639867" lon="-0.054433">
        <ele>1063.3</ele>
        <time>2015-07-30T17:15:45Z</time>
      </trkpt>
      <trkpt lat="40.639867" lon="-0.054433">
        <ele>1063.3</ele>
        <time>2015-07-30T17:15:45Z</time>
      </trkpt>
      <trkpt lat="40.639867" lon="-0.054433">
        <ele>1063.3</ele>
        <time>2015-07-30T17:15:45Z</time>
      </trkpt>
      <trkpt lat="40.639867" lon="-0.054433">
        <ele>1063.3</ele>
        <time>2015-07-30T17:15:45Z</time>
      </trkpt>
      <trkpt lat="40.639867" lon="-0.054433">
        <ele>1063.3</ele>
        <time>2015-07-30T17:15:45Z</time>
      </trkpt>
      <trkpt lat="40.639867" lon="-0.054433">
        <ele>1063.3</ele>
        <time>2015-07-30T17:15:45Z</time>
      </trkpt>
      <trkpt lat="40.639867" lon="-0.054433">
        <ele>1063.3</ele>
        <time>2015-07-30T17:15:45Z</time>
      </trkpt>
      <trkpt lat="40.639867" lon="-0.054433">
        <ele>1063.3</ele>
        <time>2015-07-30T17:15:45Z</time>
      </trkpt>
      <trkpt lat="40.639867" lon="-0.054433">
        <ele>1063.3</ele>
        <time>2015-07-30T17:15:45Z</time>
      </trkpt>
      <trkpt lat="40.639867" lon="-0.054433">
        <ele>1063.3</ele>
        <time>2015-07-30T17:15:45Z</time>
      </trkpt>
      <trkpt lat="40.639867" lon="-0.054433">
        <ele>1063.3</ele>
        <time>2015-07-30T17:15:45Z</time>
      </trkpt>
      <trkpt lat="40.639867" lon="-0.054433">
        <ele>1063.3</ele>
        <time>2015-07-30T17:15:45Z</time>
      </trkpt>
      <trkpt lat="40.639867" lon="-0.054433">
        <ele>1063.3</ele>
        <time>2015-07-30T17:15:45Z</time>
      </trkpt>
      <trkpt lat="40.639867" lon="-0.054433">
        <ele>1063.3</ele>
        <time>2015-07-30T17:15:45Z</time>
      </trkpt>
      <trkpt lat="40.639917" lon="-0.054617">
        <ele>1067.2</ele>
        <time>2015-07-30T17:15:56Z</time>
      </trkpt>
      <trkpt lat="40.639917" lon="-0.054617">
        <ele>1067.2</ele>
        <time>2015-07-30T17:15:56Z</time>
      </trkpt>
      <trkpt lat="40.639917" lon="-0.054617">
        <ele>1067.2</ele>
        <time>2015-07-30T17:15:56Z</time>
      </trkpt>
      <trkpt lat="40.639917" lon="-0.054617">
        <ele>1067.2</ele>
        <time>2015-07-30T17:15:56Z</time>
      </trkpt>
      <trkpt lat="40.639917" lon="-0.054617">
        <ele>1067.2</ele>
        <time>2015-07-30T17:15:56Z</time>
      </trkpt>
      <trkpt lat="40.639917" lon="-0.054617">
        <ele>1067.2</ele>
        <time>2015-07-30T17:15:56Z</time>
      </trkpt>
      <trkpt lat="40.639917" lon="-0.054617">
        <ele>1067.2</ele>
        <time>2015-07-30T17:15:56Z</time>
      </trkpt>
      <trkpt lat="40.639917" lon="-0.054617">
        <ele>1067.2</ele>
        <time>2015-07-30T17:15:56Z</time>
      </trkpt>
      <trkpt lat="40.639917" lon="-0.054617">
        <ele>1067.2</ele>
        <time>2015-07-30T17:15:56Z</time>
      </trkpt>
      <trkpt lat="40.639917" lon="-0.054617">
        <ele>1067.2</ele>
        <time>2015-07-30T17:15:56Z</time>
      </trkpt>
      <trkpt lat="40.639917" lon="-0.054617">
        <ele>1067.2</ele>
        <time>2015-07-30T17:15:56Z</time>
      </trkpt>
      <trkpt lat="40.639917" lon="-0.054617">
        <ele>1067.2</ele>
        <time>2015-07-30T17:15:56Z</time>
      </trkpt>
      <trkpt lat="40.639917" lon="-0.054617">
        <ele>1067.2</ele>
        <time>2015-07-30T17:15:56Z</time>
      </trkpt>
      <trkpt lat="40.639917" lon="-0.054617">
        <ele>1067.2</ele>
        <time>2015-07-30T17:15:56Z</time>
      </trkpt>
      <trkpt lat="40.639917" lon="-0.054617">
        <ele>1067.2</ele>
        <time>2015-07-30T17:15:56Z</time>
      </trkpt>
      <trkpt lat="40.639917" lon="-0.054617">
        <ele>1067.2</ele>
        <time>2015-07-30T17:15:56Z</time>
      </trkpt>
      <trkpt lat="40.639917" lon="-0.054617">
        <ele>1067.2</ele>
        <time>2015-07-30T17:15:56Z</time>
      </trkpt>
      <trkpt lat="40.639917" lon="-0.054617">
        <ele>1067.2</ele>
        <time>2015-07-30T17:15:56Z</time>
      </trkpt>
      <trkpt lat="40.639917" lon="-0.054617">
        <ele>1067.2</ele>
        <time>2015-07-30T17:15:56Z</time>
      </trkpt>
      <trkpt lat="40.639917" lon="-0.054617">
        <ele>1067.2</ele>
        <time>2015-07-30T17:15:56Z</time>
      </trkpt>
      <trkpt lat="40.639917" lon="-0.054617">
        <ele>1067.2</ele>
        <time>2015-07-30T17:15:56Z</time>
      </trkpt>
      <trkpt lat="40.639917" lon="-0.054617">
        <ele>1067.2</ele>
        <time>2015-07-30T17:15:56Z</time>
      </trkpt>
      <trkpt lat="40.639917" lon="-0.054617">
        <ele>1067.2</ele>
        <time>2015-07-30T17:15:56Z</time>
      </trkpt>
      <trkpt lat="40.639917" lon="-0.054617">
        <ele>1067.2</ele>
        <time>2015-07-30T17:15:56Z</time>
      </trkpt>
      <trkpt lat="40.639917" lon="-0.054617">
        <ele>1067.2</ele>
        <time>2015-07-30T17:15:56Z</time>
      </trkpt>
      <trkpt lat="40.639917" lon="-0.054617">
        <ele>1067.2</ele>
        <time>2015-07-30T17:15:56Z</time>
      </trkpt>
      <trkpt lat="40.639967" lon="-0.054617">
        <ele>1066.3</ele>
        <time>2015-07-30T17:16:00Z</time>
      </trkpt>
      <trkpt lat="40.639967" lon="-0.054633">
        <ele>1066.8</ele>
        <time>2015-07-30T17:16:01Z</time>
      </trkpt>
      <trkpt lat="40.640000" lon="-0.054683">
        <ele>1067.4</ele>
        <time>2015-07-30T17:16:04Z</time>
      </trkpt>
      <trkpt lat="40.640050" lon="-0.054733">
        <ele>1068.1</ele>
        <time>2015-07-30T17:16:09Z</time>
      </trkpt>
      <trkpt lat="40.640200" lon="-0.054933">
        <ele>1071.5</ele>
        <time>2015-07-30T17:16:24Z</time>
      </trkpt>
      <trkpt lat="40.640250" lon="-0.055016">
        <ele>1073.2</ele>
        <time>2015-07-30T17:16:30Z</time>
      </trkpt>
      <trkpt lat="40.640267" lon="-0.055083">
        <ele>1075.6</ele>
        <time>2015-07-30T17:16:34Z</time>
      </trkpt>
      <trkpt lat="40.640333" lon="-0.055166">
        <ele>1076.4</ele>
        <time>2015-07-30T17:16:41Z</time>
      </trkpt>
      <trkpt lat="40.640367" lon="-0.055217">
        <ele>1077.6</ele>
        <time>2015-07-30T17:16:44Z</time>
      </trkpt>
      <trkpt lat="40.640367" lon="-0.055266">
        <ele>1079.8</ele>
        <time>2015-07-30T17:16:47Z</time>
      </trkpt>
      <trkpt lat="40.640367" lon="-0.055266">
        <ele>1079.8</ele>
        <time>2015-07-30T17:16:47Z</time>
      </trkpt>
      <trkpt lat="40.640367" lon="-0.055266">
        <ele>1079.8</ele>
        <time>2015-07-30T17:16:47Z</time>
      </trkpt>
      <trkpt lat="40.640417" lon="-0.055283">
        <ele>1079.2</ele>
        <time>2015-07-30T17:16:51Z</time>
      </trkpt>
      <trkpt lat="40.640417" lon="-0.055283">
        <ele>1079.2</ele>
        <time>2015-07-30T17:16:51Z</time>
      </trkpt>
      <trkpt lat="40.640417" lon="-0.055283">
        <ele>1079.2</ele>
        <time>2015-07-30T17:16:51Z</time>
      </trkpt>
      <trkpt lat="40.640417" lon="-0.055283">
        <ele>1079.2</ele>
        <time>2015-07-30T17:16:51Z</time>
      </trkpt>
      <trkpt lat="40.640451" lon="-0.055317">
        <ele>1079.9</ele>
        <time>2015-07-30T17:16:54Z</time>
      </trkpt>
      <trkpt lat="40.640451" lon="-0.055317">
        <ele>1079.9</ele>
        <time>2015-07-30T17:16:54Z</time>
      </trkpt>
      <trkpt lat="40.640467" lon="-0.055333">
        <ele>1080.4</ele>
        <time>2015-07-30T17:16:55Z</time>
      </trkpt>
      <trkpt lat="40.640517" lon="-0.055383">
        <ele>1081.9</ele>
        <time>2015-07-30T17:17:00Z</time>
      </trkpt>
      <trkpt lat="40.640567" lon="-0.055417">
        <ele>1082.3</ele>
        <time>2015-07-30T17:17:04Z</time>
      </trkpt>
      <trkpt lat="40.640600" lon="-0.055417">
        <ele>1081.5</ele>
        <time>2015-07-30T17:17:07Z</time>
      </trkpt>
      <trkpt lat="40.640600" lon="-0.055433">
        <ele>1082.4</ele>
        <time>2015-07-30T17:17:07Z</time>
      </trkpt>
      <trkpt lat="40.640650" lon="-0.055483">
        <ele>1084.1</ele>
        <time>2015-07-30T17:17:12Z</time>
      </trkpt>
      <trkpt lat="40.640717" lon="-0.055617">
        <ele>1087.0</ele>
        <time>2015-07-30T17:17:21Z</time>
      </trkpt>
      <trkpt lat="40.640750" lon="-0.055617">
        <ele>1086.6</ele>
        <time>2015-07-30T17:17:23Z</time>
      </trkpt>
      <trkpt lat="40.641150" lon="-0.056016">
        <ele>1095.1</ele>
        <time>2015-07-30T17:18:00Z</time>
      </trkpt>
      <trkpt lat="40.641150" lon="-0.056016">
        <ele>1095.1</ele>
        <time>2015-07-30T17:18:00Z</time>
      </trkpt>
      <trkpt lat="40.641150" lon="-0.056016">
        <ele>1095.1</ele>
        <time>2015-07-30T17:18:00Z</time>
      </trkpt>
      <trkpt lat="40.641150" lon="-0.056016">
        <ele>1095.1</ele>
        <time>2015-07-30T17:18:00Z</time>
      </trkpt>
      <trkpt lat="40.641150" lon="-0.056016">
        <ele>1095.1</ele>
        <time>2015-07-30T17:18:00Z</time>
      </trkpt>
      <trkpt lat="40.641150" lon="-0.056016">
        <ele>1095.1</ele>
        <time>2015-07-30T17:18:00Z</time>
      </trkpt>
      <trkpt lat="40.641150" lon="-0.056016">
        <ele>1095.1</ele>
        <time>2015-07-30T17:18:00Z</time>
      </trkpt>
      <trkpt lat="40.641150" lon="-0.056016">
        <ele>1095.1</ele>
        <time>2015-07-30T17:18:00Z</time>
      </trkpt>
      <trkpt lat="40.641150" lon="-0.056016">
        <ele>1095.1</ele>
        <time>2015-07-30T17:18:00Z</time>
      </trkpt>
      <trkpt lat="40.641150" lon="-0.056016">
        <ele>1095.1</ele>
        <time>2015-07-30T17:18:00Z</time>
      </trkpt>
      <trkpt lat="40.641150" lon="-0.056016">
        <ele>1095.1</ele>
        <time>2015-07-30T17:18:00Z</time>
      </trkpt>
      <trkpt lat="40.641167" lon="-0.056066">
        <ele>1096.2</ele>
        <time>2015-07-30T17:18:03Z</time>
      </trkpt>
      <trkpt lat="40.641200" lon="-0.056100">
        <ele>1096.7</ele>
        <time>2015-07-30T17:18:06Z</time>
      </trkpt>
      <trkpt lat="40.641233" lon="-0.056133">
        <ele>1097.0</ele>
        <time>2015-07-30T17:18:09Z</time>
      </trkpt>
      <trkpt lat="40.641250" lon="-0.056166">
        <ele>1097.5</ele>
        <time>2015-07-30T17:18:11Z</time>
      </trkpt>
      <trkpt lat="40.641250" lon="-0.056166">
        <ele>1097.5</ele>
        <time>2015-07-30T17:18:11Z</time>
      </trkpt>
      <trkpt lat="40.641250" lon="-0.056166">
        <ele>1097.5</ele>
        <time>2015-07-30T17:18:11Z</time>
      </trkpt>
      <trkpt lat="40.641250" lon="-0.056166">
        <ele>1097.5</ele>
        <time>2015-07-30T17:18:11Z</time>
      </trkpt>
      <trkpt lat="40.641250" lon="-0.056166">
        <ele>1097.5</ele>
        <time>2015-07-30T17:18:11Z</time>
      </trkpt>
      <trkpt lat="40.641250" lon="-0.056166">
        <ele>1097.5</ele>
        <time>2015-07-30T17:18:11Z</time>
      </trkpt>
      <trkpt lat="40.641250" lon="-0.056166">
        <ele>1097.5</ele>
        <time>2015-07-30T17:18:11Z</time>
      </trkpt>
      <trkpt lat="40.641250" lon="-0.056166">
        <ele>1097.5</ele>
        <time>2015-07-30T17:18:11Z</time>
      </trkpt>
      <trkpt lat="40.641250" lon="-0.056166">
        <ele>1097.5</ele>
        <time>2015-07-30T17:18:11Z</time>
      </trkpt>
      <trkpt lat="40.641250" lon="-0.056166">
        <ele>1097.5</ele>
        <time>2015-07-30T17:18:11Z</time>
      </trkpt>
      <trkpt lat="40.641250" lon="-0.056166">
        <ele>1097.5</ele>
        <time>2015-07-30T17:18:11Z</time>
      </trkpt>
      <trkpt lat="40.641250" lon="-0.056166">
        <ele>1097.5</ele>
        <time>2015-07-30T17:18:11Z</time>
      </trkpt>
      <trkpt lat="40.641250" lon="-0.056166">
        <ele>1097.5</ele>
        <time>2015-07-30T17:18:11Z</time>
      </trkpt>
      <trkpt lat="40.641250" lon="-0.056166">
        <ele>1097.5</ele>
        <time>2015-07-30T17:18:11Z</time>
      </trkpt>
      <trkpt lat="40.641250" lon="-0.056166">
        <ele>1097.5</ele>
        <time>2015-07-30T17:18:11Z</time>
      </trkpt>
      <trkpt lat="40.641250" lon="-0.056166">
        <ele>1097.5</ele>
        <time>2015-07-30T17:18:11Z</time>
      </trkpt>
      <trkpt lat="40.641250" lon="-0.056166">
        <ele>1097.5</ele>
        <time>2015-07-30T17:18:11Z</time>
      </trkpt>
      <trkpt lat="40.641250" lon="-0.056166">
        <ele>1097.5</ele>
        <time>2015-07-30T17:18:11Z</time>
      </trkpt>
      <trkpt lat="40.641250" lon="-0.056166">
        <ele>1097.5</ele>
        <time>2015-07-30T17:18:11Z</time>
      </trkpt>
      <trkpt lat="40.641250" lon="-0.056166">
        <ele>1097.5</ele>
        <time>2015-07-30T17:18:11Z</time>
      </trkpt>
      <trkpt lat="40.641250" lon="-0.056166">
        <ele>1097.5</ele>
        <time>2015-07-30T17:18:11Z</time>
      </trkpt>
      <trkpt lat="40.641250" lon="-0.056166">
        <ele>1097.5</ele>
        <time>2015-07-30T17:18:11Z</time>
      </trkpt>
      <trkpt lat="40.641250" lon="-0.056166">
        <ele>1097.5</ele>
        <time>2015-07-30T17:18:11Z</time>
      </trkpt>
      <trkpt lat="40.641250" lon="-0.056166">
        <ele>1097.5</ele>
        <time>2015-07-30T17:18:11Z</time>
      </trkpt>
      <trkpt lat="40.641250" lon="-0.056166">
        <ele>1097.5</ele>
        <time>2015-07-30T17:18:11Z</time>
      </trkpt>
      <trkpt lat="40.641250" lon="-0.056166">
        <ele>1097.5</ele>
        <time>2015-07-30T17:18:11Z</time>
      </trkpt>
      <trkpt lat="40.641250" lon="-0.056166">
        <ele>1097.5</ele>
        <time>2015-07-30T17:18:11Z</time>
      </trkpt>
      <trkpt lat="40.641250" lon="-0.056166">
        <ele>1097.5</ele>
        <time>2015-07-30T17:18:11Z</time>
      </trkpt>
      <trkpt lat="40.641250" lon="-0.056166">
        <ele>1097.5</ele>
        <time>2015-07-30T17:18:11Z</time>
      </trkpt>
      <trkpt lat="40.641250" lon="-0.056166">
        <ele>1097.5</ele>
        <time>2015-07-30T17:18:11Z</time>
      </trkpt>
      <trkpt lat="40.641250" lon="-0.056166">
        <ele>1097.5</ele>
        <time>2015-07-30T17:18:11Z</time>
      </trkpt>
      <trkpt lat="40.641250" lon="-0.056166">
        <ele>1097.5</ele>
        <time>2015-07-30T17:18:11Z</time>
      </trkpt>
      <trkpt lat="40.641250" lon="-0.056166">
        <ele>1097.5</ele>
        <time>2015-07-30T17:18:11Z</time>
      </trkpt>
      <trkpt lat="40.641250" lon="-0.056166">
        <ele>1097.5</ele>
        <time>2015-07-30T17:18:11Z</time>
      </trkpt>
      <trkpt lat="40.641250" lon="-0.056166">
        <ele>1097.5</ele>
        <time>2015-07-30T17:18:11Z</time>
      </trkpt>
      <trkpt lat="40.641250" lon="-0.056166">
        <ele>1097.5</ele>
        <time>2015-07-30T17:18:11Z</time>
      </trkpt>
      <trkpt lat="40.641250" lon="-0.056166">
        <ele>1097.5</ele>
        <time>2015-07-30T17:18:11Z</time>
      </trkpt>
      <trkpt lat="40.641250" lon="-0.056166">
        <ele>1097.5</ele>
        <time>2015-07-30T17:18:11Z</time>
      </trkpt>
      <trkpt lat="40.641250" lon="-0.056166">
        <ele>1097.5</ele>
        <time>2015-07-30T17:18:11Z</time>
      </trkpt>
      <trkpt lat="40.641250" lon="-0.056166">
        <ele>1097.5</ele>
        <time>2015-07-30T17:18:11Z</time>
      </trkpt>
      <trkpt lat="40.641250" lon="-0.056166">
        <ele>1097.5</ele>
        <time>2015-07-30T17:18:11Z</time>
      </trkpt>
      <trkpt lat="40.641250" lon="-0.056166">
        <ele>1097.5</ele>
        <time>2015-07-30T17:18:11Z</time>
      </trkpt>
      <trkpt lat="40.641250" lon="-0.056166">
        <ele>1097.5</ele>
        <time>2015-07-30T17:18:11Z</time>
      </trkpt>
      <trkpt lat="40.641250" lon="-0.056166">
        <ele>1097.5</ele>
        <time>2015-07-30T17:18:11Z</time>
      </trkpt>
      <trkpt lat="40.641250" lon="-0.056166">
        <ele>1097.5</ele>
        <time>2015-07-30T17:18:11Z</time>
      </trkpt>
      <trkpt lat="40.641250" lon="-0.056183">
        <ele>1098.1</ele>
        <time>2015-07-30T17:18:12Z</time>
      </trkpt>
      <trkpt lat="40.641250" lon="-0.056181">
        <ele>1098.0</ele>
        <time>2015-07-30T17:18:12Z</time>
      </trkpt>
      <trkpt lat="40.641262" lon="-0.056187">
        <ele>1098.0</ele>
        <time>2015-07-30T17:18:13Z</time>
      </trkpt>
      <trkpt lat="40.641349" lon="-0.056245">
        <ele>1098.3</ele>
        <time>2015-07-30T17:18:20Z</time>
      </trkpt>
      <trkpt lat="40.641356" lon="-0.056279">
        <ele>1098.8</ele>
        <time>2015-07-30T17:18:22Z</time>
      </trkpt>
      <trkpt lat="40.641189" lon="-0.056265">
        <ele>1100.3</ele>
        <time>2015-07-30T17:18:34Z</time>
      </trkpt>
      <trkpt lat="40.641032" lon="-0.056234">
        <ele>1101.7</ele>
        <time>2015-07-30T17:18:46Z</time>
      </trkpt>
      <trkpt lat="40.640916" lon="-0.056224">
        <ele>1102.5</ele>
        <time>2015-07-30T17:18:54Z</time>
      </trkpt>
      <trkpt lat="40.640839" lon="-0.056271">
        <ele>1103.1</ele>
        <time>2015-07-30T17:19:00Z</time>
      </trkpt>
      <trkpt lat="40.640779" lon="-0.056339">
        <ele>1103.8</ele>
        <time>2015-07-30T17:19:06Z</time>
      </trkpt>
      <trkpt lat="40.640755" lon="-0.056459">
        <ele>1104.5</ele>
        <time>2015-07-30T17:19:13Z</time>
      </trkpt>
      <trkpt lat="40.640771" lon="-0.056604">
        <ele>1105.1</ele>
        <time>2015-07-30T17:19:21Z</time>
      </trkpt>
      <trkpt lat="40.640870" lon="-0.056796">
        <ele>1106.0</ele>
        <time>2015-07-30T17:19:34Z</time>
      </trkpt>
      <trkpt lat="40.641062" lon="-0.057071">
        <ele>1107.3</ele>
        <time>2015-07-30T17:19:55Z</time>
      </trkpt>
      <trkpt lat="40.641349" lon="-0.057484">
        <ele>1109.5</ele>
        <time>2015-07-30T17:20:26Z</time>
      </trkpt>
      <trkpt lat="40.641639" lon="-0.057894">
        <ele>1112.4</ele>
        <time>2015-07-30T17:20:57Z</time>
      </trkpt>
      <trkpt lat="40.641940" lon="-0.058308">
        <ele>1115.2</ele>
        <time>2015-07-30T17:21:28Z</time>
      </trkpt>
      <trkpt lat="40.642136" lon="-0.058688">
        <ele>1117.7</ele>
        <time>2015-07-30T17:21:54Z</time>
      </trkpt>
      <trkpt lat="40.642279" lon="-0.059076">
        <ele>1118.8</ele>
        <time>2015-07-30T17:22:17Z</time>
      </trkpt>
      <trkpt lat="40.642361" lon="-0.059428">
        <ele>1119.2</ele>
        <time>2015-07-30T17:22:38Z</time>
      </trkpt>
      <trkpt lat="40.642369" lon="-0.059769">
        <ele>1120.6</ele>
        <time>2015-07-30T17:22:57Z</time>
      </trkpt>
      <trkpt lat="40.642308" lon="-0.060073">
        <ele>1123.0</ele>
        <time>2015-07-30T17:23:14Z</time>
      </trkpt>
      <trkpt lat="40.642204" lon="-0.060339">
        <ele>1123.5</ele>
        <time>2015-07-30T17:23:31Z</time>
      </trkpt>
      <trkpt lat="40.642041" lon="-0.060652">
        <ele>1122.8</ele>
        <time>2015-07-30T17:23:51Z</time>
      </trkpt>
      <trkpt lat="40.641875" lon="-0.060951">
        <ele>1122.4</ele>
        <time>2015-07-30T17:24:12Z</time>
      </trkpt>
      <trkpt lat="40.641786" lon="-0.061214">
        <ele>1121.9</ele>
        <time>2015-07-30T17:24:28Z</time>
      </trkpt>
      <trkpt lat="40.641742" lon="-0.061426">
        <ele>1121.0</ele>
        <time>2015-07-30T17:24:40Z</time>
      </trkpt>
      <trkpt lat="40.641710" lon="-0.061749">
        <ele>1119.4</ele>
        <time>2015-07-30T17:24:58Z</time>
      </trkpt>
      <trkpt lat="40.641676" lon="-0.061961">
        <ele>1118.7</ele>
        <time>2015-07-30T17:25:10Z</time>
      </trkpt>
      <trkpt lat="40.641632" lon="-0.062080">
        <ele>1118.3</ele>
        <time>2015-07-30T17:25:17Z</time>
      </trkpt>
      <trkpt lat="40.641571" lon="-0.062183">
        <ele>1118.4</ele>
        <time>2015-07-30T17:25:24Z</time>
      </trkpt>
      <trkpt lat="40.641454" lon="-0.062289">
        <ele>1118.8</ele>
        <time>2015-07-30T17:25:35Z</time>
      </trkpt>
      <trkpt lat="40.641358" lon="-0.062374">
        <ele>1119.3</ele>
        <time>2015-07-30T17:25:43Z</time>
      </trkpt>
      <trkpt lat="40.641295" lon="-0.062479">
        <ele>1119.2</ele>
        <time>2015-07-30T17:25:51Z</time>
      </trkpt>
      <trkpt lat="40.641295" lon="-0.062678">
        <ele>1119.4</ele>
        <time>2015-07-30T17:26:02Z</time>
      </trkpt>
      <trkpt lat="40.641295" lon="-0.062678">
        <ele>1119.4</ele>
        <time>2015-07-30T17:26:02Z</time>
      </trkpt>
      <trkpt lat="40.641406" lon="-0.062857">
        <ele>1119.9</ele>
        <time>2015-07-30T17:26:14Z</time>
      </trkpt>
      <trkpt lat="40.641417" lon="-0.062847">
        <ele>1120.0</ele>
        <time>2015-07-30T17:26:15Z</time>
      </trkpt>
      <trkpt lat="40.641571" lon="-0.062795">
        <ele>1122.1</ele>
        <time>2015-07-30T17:26:27Z</time>
      </trkpt>
      <trkpt lat="40.641727" lon="-0.062841">
        <ele>1122.7</ele>
        <time>2015-07-30T17:26:39Z</time>
      </trkpt>
      <trkpt lat="40.641964" lon="-0.062969">
        <ele>1122.5</ele>
        <time>2015-07-30T17:26:57Z</time>
      </trkpt>
      <trkpt lat="40.642154" lon="-0.063003">
        <ele>1122.5</ele>
        <time>2015-07-30T17:27:11Z</time>
      </trkpt>
      <trkpt lat="40.642441" lon="-0.062926">
        <ele>1122.7</ele>
        <time>2015-07-30T17:27:32Z</time>
      </trkpt>
      <trkpt lat="40.642769" lon="-0.062817">
        <ele>1123.7</ele>
        <time>2015-07-30T17:27:57Z</time>
      </trkpt>
      <trkpt lat="40.643072" lon="-0.062741">
        <ele>1125.1</ele>
        <time>2015-07-30T17:28:20Z</time>
      </trkpt>
      <trkpt lat="40.643226" lon="-0.062756">
        <ele>1125.4</ele>
        <time>2015-07-30T17:28:31Z</time>
      </trkpt>
      <trkpt lat="40.643436" lon="-0.062909">
        <ele>1125.7</ele>
        <time>2015-07-30T17:28:48Z</time>
      </trkpt>
      <trkpt lat="40.643678" lon="-0.063065">
        <ele>1125.8</ele>
        <time>2015-07-30T17:29:08Z</time>
      </trkpt>
      <trkpt lat="40.643868" lon="-0.063219">
        <ele>1125.4</ele>
        <time>2015-07-30T17:29:24Z</time>
      </trkpt>
      <trkpt lat="40.643962" lon="-0.063318">
        <ele>1125.0</ele>
        <time>2015-07-30T17:29:33Z</time>
      </trkpt>
      <trkpt lat="40.644115" lon="-0.063430">
        <ele>1124.5</ele>
        <time>2015-07-30T17:29:46Z</time>
      </trkpt>
      <trkpt lat="40.644250" lon="-0.063488">
        <ele>1124.0</ele>
        <time>2015-07-30T17:29:56Z</time>
      </trkpt>
      <trkpt lat="40.644353" lon="-0.063893">
        <ele>1123.5</ele>
        <time>2015-07-30T17:30:19Z</time>
      </trkpt>
      <trkpt lat="40.644649" lon="-0.064750">
        <ele>1123.3</ele>
        <time>2015-07-30T17:31:11Z</time>
      </trkpt>
      <trkpt lat="40.644865" lon="-0.065272">
        <ele>1123.0</ele>
        <time>2015-07-30T17:31:44Z</time>
      </trkpt>
      <trkpt lat="40.645017" lon="-0.065573">
        <ele>1122.8</ele>
        <time>2015-07-30T17:32:04Z</time>
      </trkpt>
      <trkpt lat="40.645248" lon="-0.065901">
        <ele>1123.0</ele>
        <time>2015-07-30T17:32:29Z</time>
      </trkpt>
      <trkpt lat="40.645435" lon="-0.066154">
        <ele>1123.6</ele>
        <time>2015-07-30T17:32:48Z</time>
      </trkpt>
      <trkpt lat="40.645636" lon="-0.066352">
        <ele>1124.6</ele>
        <time>2015-07-30T17:33:07Z</time>
      </trkpt>
      <trkpt lat="40.645828" lon="-0.066677">
        <ele>1125.4</ele>
        <time>2015-07-30T17:33:29Z</time>
      </trkpt>
      <trkpt lat="40.646113" lon="-0.067010">
        <ele>1126.8</ele>
        <time>2015-07-30T17:33:57Z</time>
      </trkpt>
      <trkpt lat="40.646395" lon="-0.067336">
        <ele>1128.5</ele>
        <time>2015-07-30T17:34:25Z</time>
      </trkpt>
      <trkpt lat="40.647085" lon="-0.068011">
        <ele>1131.0</ele>
        <time>2015-07-30T17:35:27Z</time>
      </trkpt>
      <trkpt lat="40.647204" lon="-0.068168">
        <ele>1131.5</ele>
        <time>2015-07-30T17:35:39Z</time>
      </trkpt>
      <trkpt lat="40.647273" lon="-0.068357">
        <ele>1130.9</ele>
        <time>2015-07-30T17:35:51Z</time>
      </trkpt>
      <trkpt lat="40.647381" lon="-0.068514">
        <ele>1130.1</ele>
        <time>2015-07-30T17:36:03Z</time>
      </trkpt>
      <trkpt lat="40.647556" lon="-0.068733">
        <ele>1129.1</ele>
        <time>2015-07-30T17:36:20Z</time>
      </trkpt>
      <trkpt lat="40.647674" lon="-0.068971">
        <ele>1128.3</ele>
        <time>2015-07-30T17:36:36Z</time>
      </trkpt>
      <trkpt lat="40.647764" lon="-0.069272">
        <ele>1124.5</ele>
        <time>2015-07-30T17:36:54Z</time>
      </trkpt>
      <trkpt lat="40.647915" lon="-0.069687">
        <ele>1119.1</ele>
        <time>2015-07-30T17:37:19Z</time>
      </trkpt>
      <trkpt lat="40.647963" lon="-0.070074">
        <ele>1114.2</ele>
        <time>2015-07-30T17:37:41Z</time>
      </trkpt>
      <trkpt lat="40.648021" lon="-0.070446">
        <ele>1110.6</ele>
        <time>2015-07-30T17:38:02Z</time>
      </trkpt>
      <trkpt lat="40.648026" lon="-0.070654">
        <ele>1108.8</ele>
        <time>2015-07-30T17:38:13Z</time>
      </trkpt>
      <trkpt lat="40.648039" lon="-0.070945">
        <ele>1107.0</ele>
        <time>2015-07-30T17:38:29Z</time>
      </trkpt>
      <trkpt lat="40.648094" lon="-0.071470">
        <ele>1104.1</ele>
        <time>2015-07-30T17:38:59Z</time>
      </trkpt>
      <trkpt lat="40.648056" lon="-0.071909">
        <ele>1101.4</ele>
        <time>2015-07-30T17:39:23Z</time>
      </trkpt>
      <trkpt lat="40.648063" lon="-0.072271">
        <ele>1098.1</ele>
        <time>2015-07-30T17:39:43Z</time>
      </trkpt>
      <trkpt lat="40.648070" lon="-0.072589">
        <ele>1095.0</ele>
        <time>2015-07-30T17:40:01Z</time>
      </trkpt>
      <trkpt lat="40.648108" lon="-0.072725">
        <ele>1093.7</ele>
        <time>2015-07-30T17:40:09Z</time>
      </trkpt>
      <trkpt lat="40.648198" lon="-0.073016">
        <ele>1091.0</ele>
        <time>2015-07-30T17:40:26Z</time>
      </trkpt>
      <trkpt lat="40.648264" lon="-0.073202">
        <ele>1089.5</ele>
        <time>2015-07-30T17:40:37Z</time>
      </trkpt>
      <trkpt lat="40.648300" lon="-0.073452">
        <ele>1087.7</ele>
        <time>2015-07-30T17:40:51Z</time>
      </trkpt>
      <trkpt lat="40.648329" lon="-0.073805">
        <ele>1085.6</ele>
        <time>2015-07-30T17:41:11Z</time>
      </trkpt>
      <trkpt lat="40.648317" lon="-0.074094">
        <ele>1082.7</ele>
        <time>2015-07-30T17:41:27Z</time>
      </trkpt>
      <trkpt lat="40.648239" lon="-0.074205">
        <ele>1081.4</ele>
        <time>2015-07-30T17:41:35Z</time>
      </trkpt>
      <trkpt lat="40.648017" lon="-0.074461">
        <ele>1078.7</ele>
        <time>2015-07-30T17:41:57Z</time>
      </trkpt>
      <trkpt lat="40.647723" lon="-0.074784">
        <ele>1077.3</ele>
        <time>2015-07-30T17:42:25Z</time>
      </trkpt>
      <trkpt lat="40.647453" lon="-0.074928">
        <ele>1075.9</ele>
        <time>2015-07-30T17:42:46Z</time>
      </trkpt>
      <trkpt lat="40.647329" lon="-0.075060">
        <ele>1074.3</ele>
        <time>2015-07-30T17:42:57Z</time>
      </trkpt>
      <trkpt lat="40.647324" lon="-0.075236">
        <ele>1072.8</ele>
        <time>2015-07-30T17:43:07Z</time>
      </trkpt>
      <trkpt lat="40.647535" lon="-0.075581">
        <ele>1072.1</ele>
        <time>2015-07-30T17:43:32Z</time>
      </trkpt>
      <trkpt lat="40.647575" lon="-0.075743">
        <ele>1071.1</ele>
        <time>2015-07-30T17:43:41Z</time>
      </trkpt>
      <trkpt lat="40.647077" lon="-0.076382">
        <ele>1071.2</ele>
        <time>2015-07-30T17:44:32Z</time>
      </trkpt>
      <trkpt lat="40.646562" lon="-0.077021">
        <ele>1073.7</ele>
        <time>2015-07-30T17:45:23Z</time>
      </trkpt>
      <trkpt lat="40.646048" lon="-0.077640">
        <ele>1077.0</ele>
        <time>2015-07-30T17:46:14Z</time>
      </trkpt>
      <trkpt lat="40.645688" lon="-0.078041">
        <ele>1081.1</ele>
        <time>2015-07-30T17:46:48Z</time>
      </trkpt>
      <trkpt lat="40.645382" lon="-0.078328">
        <ele>1086.0</ele>
        <time>2015-07-30T17:47:15Z</time>
      </trkpt>
      <trkpt lat="40.645332" lon="-0.078557">
        <ele>1086.9</ele>
        <time>2015-07-30T17:47:29Z</time>
      </trkpt>
      <trkpt lat="40.645180" lon="-0.078759">
        <ele>1088.0</ele>
        <time>2015-07-30T17:47:44Z</time>
      </trkpt>
      <trkpt lat="40.645158" lon="-0.078805">
        <ele>1088.1</ele>
        <time>2015-07-30T17:47:47Z</time>
      </trkpt>
      <trkpt lat="40.645111" lon="-0.078985">
        <ele>1087.4</ele>
        <time>2015-07-30T17:47:58Z</time>
      </trkpt>
      <trkpt lat="40.644996" lon="-0.079175">
        <ele>1085.7</ele>
        <time>2015-07-30T17:48:11Z</time>
      </trkpt>
      <trkpt lat="40.644979" lon="-0.079308">
        <ele>1084.4</ele>
        <time>2015-07-30T17:48:19Z</time>
      </trkpt>
      <trkpt lat="40.644992" lon="-0.079402">
        <ele>1082.9</ele>
        <time>2015-07-30T17:48:24Z</time>
      </trkpt>
      <trkpt lat="40.645005" lon="-0.079423">
        <ele>1082.9</ele>
        <time>2015-07-30T17:48:25Z</time>
      </trkpt>
      <trkpt lat="40.645008" lon="-0.079427">
        <ele>1082.9</ele>
        <time>2015-07-30T17:48:26Z</time>
      </trkpt>
      <trkpt lat="40.645008" lon="-0.079427">
        <ele>1082.9</ele>
        <time>2015-07-30T17:48:26Z</time>
      </trkpt>
      <trkpt lat="40.645106" lon="-0.079706">
        <ele>1084.3</ele>
        <time>2015-07-30T17:48:43Z</time>
      </trkpt>
      <trkpt lat="40.645190" lon="-0.079906">
        <ele>1086.1</ele>
        <time>2015-07-30T17:48:55Z</time>
      </trkpt>
      <trkpt lat="40.645190" lon="-0.079906">
        <ele>1086.1</ele>
        <time>2015-07-30T17:48:55Z</time>
      </trkpt>
      <trkpt lat="40.645186" lon="-0.079996">
        <ele>1086.8</ele>
        <time>2015-07-30T17:49:00Z</time>
      </trkpt>
      <trkpt lat="40.645096" lon="-0.080022">
        <ele>1086.1</ele>
        <time>2015-07-30T17:49:07Z</time>
        <sat>10</sat>
        <extensions>
          <gpxtpx:TrackPointExtension>
            <gpxtpx:hr>131</gpxtpx:hr>
          </gpxtpx:TrackPointExtension>
        </extensions>
      </trkpt>
      <trkpt lat="40.645084" lon="-0.080038">
        <ele>1086.2</ele>
        <time>2015-07-30T17:49:08Z</time>
        <sat>10</sat>
        <extensions>
          <gpxtpx:TrackPointExtension>
            <gpxtpx:hr>131</gpxtpx:hr>
          </gpxtpx:TrackPointExtension>
        </extensions>
      </trkpt>
      <trkpt lat="40.644981" lon="-0.080188">
        <ele>1086.7</ele>
        <time>2015-07-30T17:49:19Z</time>
        <sat>10</sat>
        <extensions>
          <gpxtpx:TrackPointExtension>
            <gpxtpx:hr>132</gpxtpx:hr>
          </gpxtpx:TrackPointExtension>
        </extensions>
      </trkpt>
      <trkpt lat="40.644929" lon="-0.080281">
        <ele>1087.2</ele>
        <time>2015-07-30T17:49:26Z</time>
        <sat>10</sat>
        <extensions>
          <gpxtpx:TrackPointExtension>
            <gpxtpx:hr>131</gpxtpx:hr>
          </gpxtpx:TrackPointExtension>
        </extensions>
      </trkpt>
      <trkpt lat="40.644879" lon="-0.080364">
        <ele>1087.7</ele>
        <time>2015-07-30T17:49:32Z</time>
        <sat>10</sat>
        <extensions>
          <gpxtpx:TrackPointExtension>
            <gpxtpx:hr>131</gpxtpx:hr>
          </gpxtpx:TrackPointExtension>
        </extensions>
      </trkpt>
      <trkpt lat="40.644831" lon="-0.080448">
        <ele>1089.0</ele>
        <time>2015-07-30T17:49:37Z</time>
        <sat>11</sat>
        <extensions>
          <gpxtpx:TrackPointExtension>
            <gpxtpx:hr>128</gpxtpx:hr>
          </gpxtpx:TrackPointExtension>
        </extensions>
      </trkpt>
      <trkpt lat="40.644794" lon="-0.080550">
        <ele>1091.1</ele>
        <time>2015-07-30T17:49:44Z</time>
        <sat>11</sat>
        <extensions>
          <gpxtpx:TrackPointExtension>
            <gpxtpx:hr>137</gpxtpx:hr>
          </gpxtpx:TrackPointExtension>
        </extensions>
      </trkpt>
      <trkpt lat="40.644807" lon="-0.080656">
        <ele>1092.5</ele>
        <time>2015-07-30T17:49:50Z</time>
        <sat>11</sat>
        <extensions>
          <gpxtpx:TrackPointExtension>
            <gpxtpx:hr>147</gpxtpx:hr>
          </gpxtpx:TrackPointExtension>
        </extensions>
      </trkpt>
      <trkpt lat="40.644791" lon="-0.080768">
        <ele>1094.1</ele>
        <time>2015-07-30T17:49:56Z</time>
        <sat>11</sat>
        <extensions>
          <gpxtpx:TrackPointExtension>
            <gpxtpx:hr>151</gpxtpx:hr>
          </gpxtpx:TrackPointExtension>
        </extensions>
      </trkpt>
      <trkpt lat="40.644749" lon="-0.080863">
        <ele>1096.5</ele>
        <time>2015-07-30T17:50:02Z</time>
        <sat>11</sat>
        <extensions>
          <gpxtpx:TrackPointExtension>
            <gpxtpx:hr>153</gpxtpx:hr>
          </gpxtpx:TrackPointExtension>
        </extensions>
      </trkpt>
      <trkpt lat="40.644707" lon="-0.080961">
        <ele>1099.1</ele>
        <time>2015-07-30T17:50:08Z</time>
        <sat>11</sat>
        <extensions>
          <gpxtpx:TrackPointExtension>
            <gpxtpx:hr>154</gpxtpx:hr>
          </gpxtpx:TrackPointExtension>
        </extensions>
      </trkpt>
      <trkpt lat="40.644702" lon="-0.080966">
        <ele>1099.3</ele>
        <time>2015-07-30T17:50:09Z</time>
        <sat>11</sat>
        <extensions>
          <gpxtpx:TrackPointExtension>
            <gpxtpx:hr>153</gpxtpx:hr>
          </gpxtpx:TrackPointExtension>
        </extensions>
      </trkpt>
      <trkpt lat="40.644620" lon="-0.081154">
        <ele>1103.1</ele>
        <time>2015-07-30T17:50:21Z</time>
        <sat>11</sat>
        <extensions>
          <gpxtpx:TrackPointExtension>
            <gpxtpx:hr>143</gpxtpx:hr>
          </gpxtpx:TrackPointExtension>
        </extensions>
      </trkpt>
      <trkpt lat="40.644586" lon="-0.081251">
        <ele>1104.7</ele>
        <time>2015-07-30T17:50:27Z</time>
        <sat>11</sat>
        <extensions>
          <gpxtpx:TrackPointExtension>
            <gpxtpx:hr>129</gpxtpx:hr>
          </gpxtpx:TrackPointExtension>
        </extensions>
      </trkpt>
      <trkpt lat="40.644581" lon="-0.081366">
        <ele>1106.3</ele>
        <time>2015-07-30T17:50:33Z</time>
        <sat>11</sat>
        <extensions>
          <gpxtpx:TrackPointExtension>
            <gpxtpx:hr>133</gpxtpx:hr>
          </gpxtpx:TrackPointExtension>
        </extensions>
      </trkpt>
      <trkpt lat="40.644577" lon="-0.081382">
        <ele>1106.6</ele>
        <time>2015-07-30T17:50:34Z</time>
        <sat>11</sat>
        <extensions>
          <gpxtpx:TrackPointExtension>
            <gpxtpx:hr>133</gpxtpx:hr>
          </gpxtpx:TrackPointExtension>
        </extensions>
      </trkpt>
      <trkpt lat="40.644543" lon="-0.081573">
        <ele>1109.4</ele>
        <time>2015-07-30T17:50:45Z</time>
        <sat>11</sat>
        <extensions>
          <gpxtpx:TrackPointExtension>
            <gpxtpx:hr>145</gpxtpx:hr>
          </gpxtpx:TrackPointExtension>
        </extensions>
      </trkpt>
      <trkpt lat="40.644529" lon="-0.081678">
        <ele>1110.8</ele>
        <time>2015-07-30T17:50:50Z</time>
        <sat>11</sat>
        <extensions>
          <gpxtpx:TrackPointExtension>
            <gpxtpx:hr>150</gpxtpx:hr>
          </gpxtpx:TrackPointExtension>
        </extensions>
      </trkpt>
      <trkpt lat="40.644520" lon="-0.081788">
        <ele>1112.1</ele>
        <time>2015-07-30T17:50:57Z</time>
        <sat>11</sat>
        <extensions>
          <gpxtpx:TrackPointExtension>
            <gpxtpx:hr>153</gpxtpx:hr>
          </gpxtpx:TrackPointExtension>
        </extensions>
      </trkpt>
      <trkpt lat="40.644516" lon="-0.081898">
        <ele>1113.4</ele>
        <time>2015-07-30T17:51:03Z</time>
        <sat>11</sat>
        <extensions>
          <gpxtpx:TrackPointExtension>
            <gpxtpx:hr>155</gpxtpx:hr>
          </gpxtpx:TrackPointExtension>
        </extensions>
      </trkpt>
      <trkpt lat="40.644519" lon="-0.082011">
        <ele>1114.5</ele>
        <time>2015-07-30T17:51:09Z</time>
        <sat>11</sat>
        <extensions>
          <gpxtpx:TrackPointExtension>
            <gpxtpx:hr>155</gpxtpx:hr>
          </gpxtpx:TrackPointExtension>
        </extensions>
      </trkpt>
      <trkpt lat="40.644525" lon="-0.082123">
        <ele>1115.4</ele>
        <time>2015-07-30T17:51:15Z</time>
        <sat>11</sat>
        <extensions>
          <gpxtpx:TrackPointExtension>
            <gpxtpx:hr>154</gpxtpx:hr>
          </gpxtpx:TrackPointExtension>
        </extensions>
      </trkpt>
      <trkpt lat="40.644535" lon="-0.082224">
        <ele>1116.3</ele>
        <time>2015-07-30T17:51:21Z</time>
        <sat>11</sat>
        <extensions>
          <gpxtpx:TrackPointExtension>
            <gpxtpx:hr>154</gpxtpx:hr>
          </gpxtpx:TrackPointExtension>
        </extensions>
      </trkpt>
      <trkpt lat="40.644544" lon="-0.082341">
        <ele>1117.2</ele>
        <time>2015-07-30T17:51:27Z</time>
        <sat>11</sat>
        <extensions>
          <gpxtpx:TrackPointExtension>
            <gpxtpx:hr>152</gpxtpx:hr>
          </gpxtpx:TrackPointExtension>
        </extensions>
      </trkpt>
      <trkpt lat="40.644545" lon="-0.082358">
        <ele>1117.4</ele>
        <time>2015-07-30T17:51:28Z</time>
        <sat>11</sat>
        <extensions>
          <gpxtpx:TrackPointExtension>
            <gpxtpx:hr>152</gpxtpx:hr>
          </gpxtpx:TrackPointExtension>
        </extensions>
      </trkpt>
      <trkpt lat="40.644566" lon="-0.082573">
        <ele>1119.6</ele>
        <time>2015-07-30T17:51:40Z</time>
        <sat>11</sat>
        <extensions>
          <gpxtpx:TrackPointExtension>
            <gpxtpx:hr>152</gpxtpx:hr>
          </gpxtpx:TrackPointExtension>
        </extensions>
      </trkpt>
      <trkpt lat="40.644574" lon="-0.082674">
        <ele>1120.6</ele>
        <time>2015-07-30T17:51:46Z</time>
        <sat>11</sat>
        <extensions>
          <gpxtpx:TrackPointExtension>
            <gpxtpx:hr>152</gpxtpx:hr>
          </gpxtpx:TrackPointExtension>
        </extensions>
      </trkpt>
      <trkpt lat="40.644586" lon="-0.082774">
        <ele>1121.5</ele>
        <time>2015-07-30T17:51:51Z</time>
        <sat>11</sat>
        <extensions>
          <gpxtpx:TrackPointExtension>
            <gpxtpx:hr>152</gpxtpx:hr>
          </gpxtpx:TrackPointExtension>
        </extensions>
      </trkpt>
      <trkpt lat="40.644601" lon="-0.082878">
        <ele>1122.5</ele>
        <time>2015-07-30T17:51:57Z</time>
        <sat>11</sat>
        <extensions>
          <gpxtpx:TrackPointExtension>
            <gpxtpx:hr>153</gpxtpx:hr>
          </gpxtpx:TrackPointExtension>
        </extensions>
      </trkpt>
      <trkpt lat="40.644620" lon="-0.082981">
        <ele>1123.4</ele>
        <time>2015-07-30T17:52:03Z</time>
        <sat>10</sat>
        <extensions>
          <gpxtpx:TrackPointExtension>
            <gpxtpx:hr>153</gpxtpx:hr>
          </gpxtpx:TrackPointExtension>
        </extensions>
      </trkpt>
      <trkpt lat="40.644637" lon="-0.083088">
        <ele>1124.3</ele>
        <time>2015-07-30T17:52:09Z</time>
        <sat>10</sat>
        <extensions>
          <gpxtpx:TrackPointExtension>
            <gpxtpx:hr>153</gpxtpx:hr>
          </gpxtpx:TrackPointExtension>
        </extensions>
      </trkpt>
      <trkpt lat="40.644655" lon="-0.083193">
        <ele>1125.2</ele>
        <time>2015-07-30T17:52:15Z</time>
        <sat>10</sat>
        <extensions>
          <gpxtpx:TrackPointExtension>
            <gpxtpx:hr>153</gpxtpx:hr>
          </gpxtpx:TrackPointExtension>
        </extensions>
      </trkpt>
      <trkpt lat="40.644674" lon="-0.083296">
        <ele>1126.0</ele>
        <time>2015-07-30T17:52:21Z</time>
        <sat>10</sat>
        <extensions>
          <gpxtpx:TrackPointExtension>
            <gpxtpx:hr>152</gpxtpx:hr>
          </gpxtpx:TrackPointExtension>
        </extensions>
      </trkpt>
      <trkpt lat="40.644696" lon="-0.083399">
        <ele>1126.8</ele>
        <time>2015-07-30T17:52:27Z</time>
        <sat>10</sat>
        <extensions>
          <gpxtpx:TrackPointExtension>
            <gpxtpx:hr>151</gpxtpx:hr>
          </gpxtpx:TrackPointExtension>
        </extensions>
      </trkpt>
      <trkpt lat="40.644699" lon="-0.083418">
        <ele>1126.9</ele>
        <time>2015-07-30T17:52:28Z</time>
        <sat>10</sat>
        <extensions>
          <gpxtpx:TrackPointExtension>
            <gpxtpx:hr>151</gpxtpx:hr>
          </gpxtpx:TrackPointExtension>
        </extensions>
      </trkpt>
      <trkpt lat="40.644737" lon="-0.083618">
        <ele>1128.4</ele>
        <time>2015-07-30T17:52:39Z</time>
        <sat>10</sat>
        <extensions>
          <gpxtpx:TrackPointExtension>
            <gpxtpx:hr>151</gpxtpx:hr>
          </gpxtpx:TrackPointExtension>
        </extensions>
      </trkpt>
      <trkpt lat="40.644760" lon="-0.083726">
        <ele>1129.0</ele>
        <time>2015-07-30T17:52:45Z</time>
        <sat>10</sat>
        <extensions>
          <gpxtpx:TrackPointExtension>
            <gpxtpx:hr>151</gpxtpx:hr>
          </gpxtpx:TrackPointExtension>
        </extensions>
      </trkpt>
      <trkpt lat="40.644787" lon="-0.083838">
        <ele>1129.6</ele>
        <time>2015-07-30T17:52:52Z</time>
        <sat>10</sat>
        <extensions>
          <gpxtpx:TrackPointExtension>
            <gpxtpx:hr>150</gpxtpx:hr>
          </gpxtpx:TrackPointExtension>
        </extensions>
      </trkpt>
      <trkpt lat="40.644811" lon="-0.083946">
        <ele>1130.1</ele>
        <time>2015-07-30T17:52:58Z</time>
        <sat>10</sat>
        <extensions>
          <gpxtpx:TrackPointExtension>
            <gpxtpx:hr>148</gpxtpx:hr>
          </gpxtpx:TrackPointExtension>
        </extensions>
      </trkpt>
      <trkpt lat="40.644834" lon="-0.084039">
        <ele>1130.7</ele>
        <time>2015-07-30T17:53:04Z</time>
        <sat>10</sat>
        <extensions>
          <gpxtpx:TrackPointExtension>
            <gpxtpx:hr>148</gpxtpx:hr>
          </gpxtpx:TrackPointExtension>
        </extensions>
      </trkpt>
      <trkpt lat="40.644859" lon="-0.084149">
        <ele>1131.6</ele>
        <time>2015-07-30T17:53:10Z</time>
        <sat>10</sat>
        <extensions>
          <gpxtpx:TrackPointExtension>
            <gpxtpx:hr>148</gpxtpx:hr>
          </gpxtpx:TrackPointExtension>
        </extensions>
      </trkpt>
      <trkpt lat="40.644884" lon="-0.084256">
        <ele>1132.3</ele>
        <time>2015-07-30T17:53:16Z</time>
        <sat>10</sat>
        <extensions>
          <gpxtpx:TrackPointExtension>
            <gpxtpx:hr>147</gpxtpx:hr>
          </gpxtpx:TrackPointExtension>
        </extensions>
      </trkpt>
      <trkpt lat="40.644911" lon="-0.084363">
        <ele>1133.2</ele>
        <time>2015-07-30T17:53:22Z</time>
        <sat>10</sat>
        <extensions>
          <gpxtpx:TrackPointExtension>
            <gpxtpx:hr>147</gpxtpx:hr>
          </gpxtpx:TrackPointExtension>
        </extensions>
      </trkpt>
      <trkpt lat="40.644939" lon="-0.084469">
        <ele>1134.2</ele>
        <time>2015-07-30T17:53:29Z</time>
        <sat>10</sat>
        <extensions>
          <gpxtpx:TrackPointExtension>
            <gpxtpx:hr>147</gpxtpx:hr>
          </gpxtpx:TrackPointExtension>
        </extensions>
      </trkpt>
      <trkpt lat="40.644969" lon="-0.084576">
        <ele>1135.1</ele>
        <time>2015-07-30T17:53:35Z</time>
        <sat>11</sat>
        <extensions>
          <gpxtpx:TrackPointExtension>
            <gpxtpx:hr>149</gpxtpx:hr>
          </gpxtpx:TrackPointExtension>
        </extensions>
      </trkpt>
      <trkpt lat="40.644974" lon="-0.084591">
        <ele>1135.3</ele>
        <time>2015-07-30T17:53:36Z</time>
        <sat>11</sat>
        <extensions>
          <gpxtpx:TrackPointExtension>
            <gpxtpx:hr>149</gpxtpx:hr>
          </gpxtpx:TrackPointExtension>
        </extensions>
      </trkpt>
      <trkpt lat="40.645017" lon="-0.084783">
        <ele>1137.3</ele>
        <time>2015-07-30T17:53:47Z</time>
        <sat>11</sat>
        <extensions>
          <gpxtpx:TrackPointExtension>
            <gpxtpx:hr>152</gpxtpx:hr>
          </gpxtpx:TrackPointExtension>
        </extensions>
      </trkpt>
      <trkpt lat="40.645049" lon="-0.084885">
        <ele>1138.7</ele>
        <time>2015-07-30T17:53:53Z</time>
        <sat>11</sat>
        <extensions>
          <gpxtpx:TrackPointExtension>
            <gpxtpx:hr>153</gpxtpx:hr>
          </gpxtpx:TrackPointExtension>
        </extensions>
      </trkpt>
      <trkpt lat="40.645082" lon="-0.084978">
        <ele>1139.6</ele>
        <time>2015-07-30T17:53:59Z</time>
        <sat>11</sat>
        <extensions>
          <gpxtpx:TrackPointExtension>
            <gpxtpx:hr>155</gpxtpx:hr>
          </gpxtpx:TrackPointExtension>
        </extensions>
      </trkpt>
      <trkpt lat="40.645114" lon="-0.085073">
        <ele>1140.9</ele>
        <time>2015-07-30T17:54:04Z</time>
        <sat>11</sat>
        <extensions>
          <gpxtpx:TrackPointExtension>
            <gpxtpx:hr>156</gpxtpx:hr>
          </gpxtpx:TrackPointExtension>
        </extensions>
      </trkpt>
      <trkpt lat="40.645152" lon="-0.085180">
        <ele>1142.5</ele>
        <time>2015-07-30T17:54:11Z</time>
        <sat>11</sat>
        <extensions>
          <gpxtpx:TrackPointExtension>
            <gpxtpx:hr>158</gpxtpx:hr>
          </gpxtpx:TrackPointExtension>
        </extensions>
      </trkpt>
      <trkpt lat="40.645192" lon="-0.085284">
        <ele>1144.0</ele>
        <time>2015-07-30T17:54:17Z</time>
        <sat>11</sat>
        <extensions>
          <gpxtpx:TrackPointExtension>
            <gpxtpx:hr>161</gpxtpx:hr>
          </gpxtpx:TrackPointExtension>
        </extensions>
      </trkpt>
      <trkpt lat="40.645237" lon="-0.085378">
        <ele>1145.2</ele>
        <time>2015-07-30T17:54:23Z</time>
        <sat>11</sat>
        <extensions>
          <gpxtpx:TrackPointExtension>
            <gpxtpx:hr>163</gpxtpx:hr>
          </gpxtpx:TrackPointExtension>
        </extensions>
      </trkpt>
      <trkpt lat="40.645264" lon="-0.085483">
        <ele>1146.6</ele>
        <time>2015-07-30T17:54:29Z</time>
        <sat>11</sat>
        <extensions>
          <gpxtpx:TrackPointExtension>
            <gpxtpx:hr>163</gpxtpx:hr>
          </gpxtpx:TrackPointExtension>
        </extensions>
      </trkpt>
      <trkpt lat="40.645291" lon="-0.085581">
        <ele>1147.8</ele>
        <time>2015-07-30T17:54:35Z</time>
        <sat>11</sat>
        <extensions>
          <gpxtpx:TrackPointExtension>
            <gpxtpx:hr>163</gpxtpx:hr>
          </gpxtpx:TrackPointExtension>
        </extensions>
      </trkpt>
      <trkpt lat="40.645294" lon="-0.085598">
        <ele>1148.0</ele>
        <time>2015-07-30T17:54:36Z</time>
        <sat>11</sat>
        <extensions>
          <gpxtpx:TrackPointExtension>
            <gpxtpx:hr>163</gpxtpx:hr>
          </gpxtpx:TrackPointExtension>
        </extensions>
      </trkpt>
      <trkpt lat="40.645335" lon="-0.085801">
        <ele>1150.2</ele>
        <time>2015-07-30T17:54:48Z</time>
        <sat>11</sat>
        <extensions>
          <gpxtpx:TrackPointExtension>
            <gpxtpx:hr>163</gpxtpx:hr>
          </gpxtpx:TrackPointExtension>
        </extensions>
      </trkpt>
      <trkpt lat="40.645372" lon="-0.085898">
        <ele>1151.0</ele>
        <time>2015-07-30T17:54:54Z</time>
        <sat>11</sat>
        <extensions>
          <gpxtpx:TrackPointExtension>
            <gpxtpx:hr>163</gpxtpx:hr>
          </gpxtpx:TrackPointExtension>
        </extensions>
      </trkpt>
      <trkpt lat="40.645381" lon="-0.086013">
        <ele>1151.8</ele>
        <time>2015-07-30T17:55:00Z</time>
        <sat>11</sat>
        <extensions>
          <gpxtpx:TrackPointExtension>
            <gpxtpx:hr>161</gpxtpx:hr>
          </gpxtpx:TrackPointExtension>
        </extensions>
      </trkpt>
      <trkpt lat="40.645377" lon="-0.086128">
        <ele>1152.7</ele>
        <time>2015-07-30T17:55:07Z</time>
        <sat>11</sat>
        <extensions>
          <gpxtpx:TrackPointExtension>
            <gpxtpx:hr>160</gpxtpx:hr>
          </gpxtpx:TrackPointExtension>
        </extensions>
      </trkpt>
      <trkpt lat="40.645350" lon="-0.086228">
        <ele>1153.2</ele>
        <time>2015-07-30T17:55:12Z</time>
        <sat>11</sat>
        <extensions>
          <gpxtpx:TrackPointExtension>
            <gpxtpx:hr>154</gpxtpx:hr>
          </gpxtpx:TrackPointExtension>
        </extensions>
      </trkpt>
      <trkpt lat="40.645342" lon="-0.086328">
        <ele>1153.2</ele>
        <time>2015-07-30T17:55:18Z</time>
        <sat>11</sat>
        <extensions>
          <gpxtpx:TrackPointExtension>
            <gpxtpx:hr>152</gpxtpx:hr>
          </gpxtpx:TrackPointExtension>
        </extensions>
      </trkpt>
      <trkpt lat="40.645329" lon="-0.086421">
        <ele>1153.4</ele>
        <time>2015-07-30T17:55:23Z</time>
        <sat>11</sat>
        <extensions>
          <gpxtpx:TrackPointExtension>
            <gpxtpx:hr>150</gpxtpx:hr>
          </gpxtpx:TrackPointExtension>
        </extensions>
      </trkpt>
      <trkpt lat="40.645322" lon="-0.086521">
        <ele>1153.5</ele>
        <time>2015-07-30T17:55:29Z</time>
        <sat>11</sat>
        <extensions>
          <gpxtpx:TrackPointExtension>
            <gpxtpx:hr>149</gpxtpx:hr>
          </gpxtpx:TrackPointExtension>
        </extensions>
      </trkpt>
      <trkpt lat="40.645325" lon="-0.086546">
        <ele>1153.5</ele>
        <time>2015-07-30T17:55:30Z</time>
        <sat>11</sat>
        <extensions>
          <gpxtpx:TrackPointExtension>
            <gpxtpx:hr>148</gpxtpx:hr>
          </gpxtpx:TrackPointExtension>
        </extensions>
      </trkpt>
      <trkpt lat="40.645337" lon="-0.086728">
        <ele>1154.2</ele>
        <time>2015-07-30T17:55:40Z</time>
        <sat>11</sat>
        <extensions>
          <gpxtpx:TrackPointExtension>
            <gpxtpx:hr>146</gpxtpx:hr>
          </gpxtpx:TrackPointExtension>
        </extensions>
      </trkpt>
      <trkpt lat="40.645339" lon="-0.086839">
        <ele>1154.6</ele>
        <time>2015-07-30T17:55:46Z</time>
        <sat>11</sat>
        <extensions>
          <gpxtpx:TrackPointExtension>
            <gpxtpx:hr>145</gpxtpx:hr>
          </gpxtpx:TrackPointExtension>
        </extensions>
      </trkpt>
      <trkpt lat="40.645359" lon="-0.086944">
        <ele>1155.2</ele>
        <time>2015-07-30T17:55:52Z</time>
        <sat>11</sat>
        <extensions>
          <gpxtpx:TrackPointExtension>
            <gpxtpx:hr>145</gpxtpx:hr>
          </gpxtpx:TrackPointExtension>
        </extensions>
      </trkpt>
      <trkpt lat="40.645377" lon="-0.087046">
        <ele>1155.8</ele>
        <time>2015-07-30T17:55:58Z</time>
        <sat>11</sat>
        <extensions>
          <gpxtpx:TrackPointExtension>
            <gpxtpx:hr>144</gpxtpx:hr>
          </gpxtpx:TrackPointExtension>
        </extensions>
      </trkpt>
      <trkpt lat="40.645399" lon="-0.087153">
        <ele>1157.0</ele>
        <time>2015-07-30T17:56:04Z</time>
        <sat>11</sat>
        <extensions>
          <gpxtpx:TrackPointExtension>
            <gpxtpx:hr>146</gpxtpx:hr>
          </gpxtpx:TrackPointExtension>
        </extensions>
      </trkpt>
      <trkpt lat="40.645429" lon="-0.087254">
        <ele>1158.0</ele>
        <time>2015-07-30T17:56:10Z</time>
        <sat>11</sat>
        <extensions>
          <gpxtpx:TrackPointExtension>
            <gpxtpx:hr>148</gpxtpx:hr>
          </gpxtpx:TrackPointExtension>
        </extensions>
      </trkpt>
      <trkpt lat="40.645457" lon="-0.087356">
        <ele>1159.3</ele>
        <time>2015-07-30T17:56:16Z</time>
        <sat>11</sat>
        <extensions>
          <gpxtpx:TrackPointExtension>
            <gpxtpx:hr>150</gpxtpx:hr>
          </gpxtpx:TrackPointExtension>
        </extensions>
      </trkpt>
      <trkpt lat="40.645484" lon="-0.087460">
        <ele>1160.3</ele>
        <time>2015-07-30T17:56:22Z</time>
        <sat>11</sat>
        <extensions>
          <gpxtpx:TrackPointExtension>
            <gpxtpx:hr>151</gpxtpx:hr>
          </gpxtpx:TrackPointExtension>
        </extensions>
      </trkpt>
      <trkpt lat="40.645487" lon="-0.087558">
        <ele>1160.4</ele>
        <time>2015-07-30T17:56:28Z</time>
        <sat>11</sat>
        <extensions>
          <gpxtpx:TrackPointExtension>
            <gpxtpx:hr>152</gpxtpx:hr>
          </gpxtpx:TrackPointExtension>
        </extensions>
      </trkpt>
      <trkpt lat="40.645459" lon="-0.087667">
        <ele>1160.1</ele>
        <time>2015-07-30T17:56:34Z</time>
        <sat>11</sat>
        <extensions>
          <gpxtpx:TrackPointExtension>
            <gpxtpx:hr>153</gpxtpx:hr>
          </gpxtpx:TrackPointExtension>
        </extensions>
      </trkpt>
      <trkpt lat="40.645445" lon="-0.087780">
        <ele>1159.8</ele>
        <time>2015-07-30T17:56:40Z</time>
        <sat>11</sat>
        <extensions>
          <gpxtpx:TrackPointExtension>
            <gpxtpx:hr>155</gpxtpx:hr>
          </gpxtpx:TrackPointExtension>
        </extensions>
      </trkpt>
      <trkpt lat="40.645430" lon="-0.087896">
        <ele>1159.9</ele>
        <time>2015-07-30T17:56:47Z</time>
        <sat>11</sat>
        <extensions>
          <gpxtpx:TrackPointExtension>
            <gpxtpx:hr>156</gpxtpx:hr>
          </gpxtpx:TrackPointExtension>
        </extensions>
      </trkpt>
      <trkpt lat="40.645429" lon="-0.087921">
        <ele>1160.0</ele>
        <time>2015-07-30T17:56:48Z</time>
        <sat>11</sat>
        <extensions>
          <gpxtpx:TrackPointExtension>
            <gpxtpx:hr>155</gpxtpx:hr>
          </gpxtpx:TrackPointExtension>
        </extensions>
      </trkpt>
      <trkpt lat="40.645396" lon="-0.088088">
        <ele>1159.9</ele>
        <time>2015-07-30T17:56:58Z</time>
        <sat>11</sat>
        <extensions>
          <gpxtpx:TrackPointExtension>
            <gpxtpx:hr>153</gpxtpx:hr>
          </gpxtpx:TrackPointExtension>
        </extensions>
      </trkpt>
      <trkpt lat="40.645394" lon="-0.088193">
        <ele>1160.9</ele>
        <time>2015-07-30T17:57:04Z</time>
        <sat>11</sat>
        <extensions>
          <gpxtpx:TrackPointExtension>
            <gpxtpx:hr>153</gpxtpx:hr>
          </gpxtpx:TrackPointExtension>
        </extensions>
      </trkpt>
      <trkpt lat="40.645389" lon="-0.088291">
        <ele>1161.7</ele>
        <time>2015-07-30T17:57:09Z</time>
        <sat>11</sat>
        <extensions>
          <gpxtpx:TrackPointExtension>
            <gpxtpx:hr>152</gpxtpx:hr>
          </gpxtpx:TrackPointExtension>
        </extensions>
      </trkpt>
      <trkpt lat="40.645386" lon="-0.088386">
        <ele>1162.2</ele>
        <time>2015-07-30T17:57:14Z</time>
        <sat>11</sat>
      </trkpt>
      <trkpt lat="40.645387" lon="-0.088489">
        <ele>1162.5</ele>
        <time>2015-07-30T17:57:20Z</time>
        <sat>11</sat>
        <extensions>
          <gpxtpx:TrackPointExtension>
            <gpxtpx:hr>153</gpxtpx:hr>
          </gpxtpx:TrackPointExtension>
        </extensions>
      </trkpt>
      <trkpt lat="40.645400" lon="-0.088584">
        <ele>1163.5</ele>
        <time>2015-07-30T17:57:25Z</time>
        <sat>11</sat>
        <extensions>
          <gpxtpx:TrackPointExtension>
            <gpxtpx:hr>154</gpxtpx:hr>
          </gpxtpx:TrackPointExtension>
        </extensions>
      </trkpt>
      <trkpt lat="40.645424" lon="-0.088680">
        <ele>1163.7</ele>
        <time>2015-07-30T17:57:31Z</time>
        <sat>11</sat>
        <extensions>
          <gpxtpx:TrackPointExtension>
            <gpxtpx:hr>156</gpxtpx:hr>
          </gpxtpx:TrackPointExtension>
        </extensions>
      </trkpt>
      <trkpt lat="40.645437" lon="-0.088795">
        <ele>1164.4</ele>
        <time>2015-07-30T17:57:37Z</time>
        <sat>11</sat>
        <extensions>
          <gpxtpx:TrackPointExtension>
            <gpxtpx:hr>158</gpxtpx:hr>
          </gpxtpx:TrackPointExtension>
        </extensions>
      </trkpt>
      <trkpt lat="40.645452" lon="-0.088910">
        <ele>1165.4</ele>
        <time>2015-07-30T17:57:44Z</time>
        <sat>11</sat>
        <extensions>
          <gpxtpx:TrackPointExtension>
            <gpxtpx:hr>158</gpxtpx:hr>
          </gpxtpx:TrackPointExtension>
        </extensions>
      </trkpt>
      <trkpt lat="40.645461" lon="-0.089015">
        <ele>1165.1</ele>
        <time>2015-07-30T17:57:50Z</time>
        <sat>11</sat>
        <extensions>
          <gpxtpx:TrackPointExtension>
            <gpxtpx:hr>156</gpxtpx:hr>
          </gpxtpx:TrackPointExtension>
        </extensions>
      </trkpt>
      <trkpt lat="40.645389" lon="-0.089079">
        <ele>1164.6</ele>
        <time>2015-07-30T17:57:56Z</time>
        <sat>10</sat>
        <extensions>
          <gpxtpx:TrackPointExtension>
            <gpxtpx:hr>117</gpxtpx:hr>
          </gpxtpx:TrackPointExtension>
        </extensions>
      </trkpt>
      <trkpt lat="40.645387" lon="-0.089088">
        <ele>1164.6</ele>
        <time>2015-07-30T17:57:56Z</time>
        <sat>10</sat>
        <extensions>
          <gpxtpx:TrackPointExtension>
            <gpxtpx:hr>115</gpxtpx:hr>
          </gpxtpx:TrackPointExtension>
        </extensions>
      </trkpt>
      <trkpt lat="40.645335" lon="-0.089258">
        <ele>1162.8</ele>
        <time>2015-07-30T17:58:06Z</time>
        <sat>11</sat>
        <extensions>
          <gpxtpx:TrackPointExtension>
            <gpxtpx:hr>121</gpxtpx:hr>
          </gpxtpx:TrackPointExtension>
        </extensions>
      </trkpt>
      <trkpt lat="40.645304" lon="-0.089294">
        <ele>1162.0</ele>
        <time>2015-07-30T17:58:10Z</time>
        <sat>11</sat>
        <extensions>
          <gpxtpx:TrackPointExtension>
            <gpxtpx:hr>122</gpxtpx:hr>
          </gpxtpx:TrackPointExtension>
        </extensions>
      </trkpt>
      <trkpt lat="40.645269" lon="-0.089341">
        <ele>1160.9</ele>
        <time>2015-07-30T17:58:13Z</time>
        <sat>11</sat>
        <extensions>
          <gpxtpx:TrackPointExtension>
            <gpxtpx:hr>123</gpxtpx:hr>
          </gpxtpx:TrackPointExtension>
        </extensions>
      </trkpt>
      <trkpt lat="40.645235" lon="-0.089403">
        <ele>1159.8</ele>
        <time>2015-07-30T17:58:17Z</time>
        <sat>11</sat>
        <extensions>
          <gpxtpx:TrackPointExtension>
            <gpxtpx:hr>123</gpxtpx:hr>
          </gpxtpx:TrackPointExtension>
        </extensions>
      </trkpt>
      <trkpt lat="40.645202" lon="-0.089473">
        <ele>1158.7</ele>
        <time>2015-07-30T17:58:22Z</time>
        <sat>11</sat>
        <extensions>
          <gpxtpx:TrackPointExtension>
            <gpxtpx:hr>124</gpxtpx:hr>
          </gpxtpx:TrackPointExtension>
        </extensions>
      </trkpt>
      <trkpt lat="40.645162" lon="-0.089546">
        <ele>1157.7</ele>
        <time>2015-07-30T17:58:27Z</time>
        <sat>11</sat>
        <extensions>
          <gpxtpx:TrackPointExtension>
            <gpxtpx:hr>124</gpxtpx:hr>
          </gpxtpx:TrackPointExtension>
        </extensions>
      </trkpt>
      <trkpt lat="40.645124" lon="-0.089616">
        <ele>1156.7</ele>
        <time>2015-07-30T17:58:32Z</time>
        <sat>11</sat>
        <extensions>
          <gpxtpx:TrackPointExtension>
            <gpxtpx:hr>124</gpxtpx:hr>
          </gpxtpx:TrackPointExtension>
        </extensions>
      </trkpt>
      <trkpt lat="40.645094" lon="-0.089671">
        <ele>1156.1</ele>
        <time>2015-07-30T17:58:35Z</time>
        <sat>11</sat>
        <extensions>
          <gpxtpx:TrackPointExtension>
            <gpxtpx:hr>123</gpxtpx:hr>
          </gpxtpx:TrackPointExtension>
        </extensions>
      </trkpt>
      <trkpt lat="40.645074" lon="-0.089728">
        <ele>1155.5</ele>
        <time>2015-07-30T17:58:39Z</time>
        <sat>11</sat>
      </trkpt>
      <trkpt lat="40.645064" lon="-0.089793">
        <ele>1154.5</ele>
        <time>2015-07-30T17:58:42Z</time>
        <sat>11</sat>
        <extensions>
          <gpxtpx:TrackPointExtension>
            <gpxtpx:hr>124</gpxtpx:hr>
          </gpxtpx:TrackPointExtension>
        </extensions>
      </trkpt>
      <trkpt lat="40.645057" lon="-0.089868">
        <ele>1153.1</ele>
        <time>2015-07-30T17:58:47Z</time>
        <sat>11</sat>
        <extensions>
          <gpxtpx:TrackPointExtension>
            <gpxtpx:hr>124</gpxtpx:hr>
          </gpxtpx:TrackPointExtension>
        </extensions>
      </trkpt>
      <trkpt lat="40.645049" lon="-0.089929">
        <ele>1152.2</ele>
        <time>2015-07-30T17:58:50Z</time>
        <sat>11</sat>
        <extensions>
          <gpxtpx:TrackPointExtension>
            <gpxtpx:hr>124</gpxtpx:hr>
          </gpxtpx:TrackPointExtension>
        </extensions>
      </trkpt>
      <trkpt lat="40.645036" lon="-0.090039">
        <ele>1150.8</ele>
        <time>2015-07-30T17:58:56Z</time>
        <sat>11</sat>
        <extensions>
          <gpxtpx:TrackPointExtension>
            <gpxtpx:hr>125</gpxtpx:hr>
          </gpxtpx:TrackPointExtension>
        </extensions>
      </trkpt>
      <trkpt lat="40.645036" lon="-0.090096">
        <ele>1150.0</ele>
        <time>2015-07-30T17:58:59Z</time>
        <sat>10</sat>
        <extensions>
          <gpxtpx:TrackPointExtension>
            <gpxtpx:hr>126</gpxtpx:hr>
          </gpxtpx:TrackPointExtension>
        </extensions>
      </trkpt>
      <trkpt lat="40.645027" lon="-0.090213">
        <ele>1149.4</ele>
        <time>2015-07-30T17:59:06Z</time>
        <sat>10</sat>
        <extensions>
          <gpxtpx:TrackPointExtension>
            <gpxtpx:hr>126</gpxtpx:hr>
          </gpxtpx:TrackPointExtension>
        </extensions>
      </trkpt>
      <trkpt lat="40.645022" lon="-0.090311">
        <ele>1149.2</ele>
        <time>2015-07-30T17:59:11Z</time>
        <sat>10</sat>
        <extensions>
          <gpxtpx:TrackPointExtension>
            <gpxtpx:hr>127</gpxtpx:hr>
          </gpxtpx:TrackPointExtension>
        </extensions>
      </trkpt>
      <trkpt lat="40.645029" lon="-0.090418">
        <ele>1148.3</ele>
        <time>2015-07-30T17:59:17Z</time>
        <sat>10</sat>
        <extensions>
          <gpxtpx:TrackPointExtension>
            <gpxtpx:hr>128</gpxtpx:hr>
          </gpxtpx:TrackPointExtension>
        </extensions>
      </trkpt>
      <trkpt lat="40.645037" lon="-0.090519">
        <ele>1148.0</ele>
        <time>2015-07-30T17:59:23Z</time>
        <sat>10</sat>
        <extensions>
          <gpxtpx:TrackPointExtension>
            <gpxtpx:hr>130</gpxtpx:hr>
          </gpxtpx:TrackPointExtension>
        </extensions>
      </trkpt>
      <trkpt lat="40.645026" lon="-0.090631">
        <ele>1148.7</ele>
        <time>2015-07-30T17:59:29Z</time>
        <sat>10</sat>
        <extensions>
          <gpxtpx:TrackPointExtension>
            <gpxtpx:hr>134</gpxtpx:hr>
          </gpxtpx:TrackPointExtension>
        </extensions>
      </trkpt>
      <trkpt lat="40.645027" lon="-0.090724">
        <ele>1149.6</ele>
        <time>2015-07-30T17:59:34Z</time>
        <sat>10</sat>
        <extensions>
          <gpxtpx:TrackPointExtension>
            <gpxtpx:hr>138</gpxtpx:hr>
          </gpxtpx:TrackPointExtension>
        </extensions>
      </trkpt>
      <trkpt lat="40.645014" lon="-0.090833">
        <ele>1150.9</ele>
        <time>2015-07-30T17:59:40Z</time>
        <sat>10</sat>
        <extensions>
          <gpxtpx:TrackPointExtension>
            <gpxtpx:hr>145</gpxtpx:hr>
          </gpxtpx:TrackPointExtension>
        </extensions>
      </trkpt>
      <trkpt lat="40.645021" lon="-0.090939">
        <ele>1151.0</ele>
        <time>2015-07-30T17:59:46Z</time>
        <sat>10</sat>
        <extensions>
          <gpxtpx:TrackPointExtension>
            <gpxtpx:hr>153</gpxtpx:hr>
          </gpxtpx:TrackPointExtension>
        </extensions>
      </trkpt>
      <trkpt lat="40.645034" lon="-0.091046">
        <ele>1151.5</ele>
        <time>2015-07-30T17:59:52Z</time>
        <sat>11</sat>
        <extensions>
          <gpxtpx:TrackPointExtension>
            <gpxtpx:hr>158</gpxtpx:hr>
          </gpxtpx:TrackPointExtension>
        </extensions>
      </trkpt>
      <trkpt lat="40.645032" lon="-0.091163">
        <ele>1152.2</ele>
        <time>2015-07-30T17:59:59Z</time>
        <sat>11</sat>
        <extensions>
          <gpxtpx:TrackPointExtension>
            <gpxtpx:hr>162</gpxtpx:hr>
          </gpxtpx:TrackPointExtension>
        </extensions>
      </trkpt>
      <trkpt lat="40.645039" lon="-0.091278">
        <ele>1151.9</ele>
        <time>2015-07-30T18:00:05Z</time>
        <sat>11</sat>
        <extensions>
          <gpxtpx:TrackPointExtension>
            <gpxtpx:hr>164</gpxtpx:hr>
          </gpxtpx:TrackPointExtension>
        </extensions>
      </trkpt>
      <trkpt lat="40.645044" lon="-0.091293">
        <ele>1151.9</ele>
        <time>2015-07-30T18:00:06Z</time>
        <sat>11</sat>
        <extensions>
          <gpxtpx:TrackPointExtension>
            <gpxtpx:hr>164</gpxtpx:hr>
          </gpxtpx:TrackPointExtension>
        </extensions>
      </trkpt>
      <trkpt lat="40.645124" lon="-0.091463">
        <ele>1152.3</ele>
        <time>2015-07-30T18:00:17Z</time>
        <sat>11</sat>
        <extensions>
          <gpxtpx:TrackPointExtension>
            <gpxtpx:hr>164</gpxtpx:hr>
          </gpxtpx:TrackPointExtension>
        </extensions>
      </trkpt>
      <trkpt lat="40.645154" lon="-0.091553">
        <ele>1152.2</ele>
        <time>2015-07-30T18:00:22Z</time>
        <sat>11</sat>
      </trkpt>
      <trkpt lat="40.645182" lon="-0.091643">
        <ele>1152.0</ele>
        <time>2015-07-30T18:00:28Z</time>
        <sat>11</sat>
        <extensions>
          <gpxtpx:TrackPointExtension>
            <gpxtpx:hr>162</gpxtpx:hr>
          </gpxtpx:TrackPointExtension>
        </extensions>
      </trkpt>
      <trkpt lat="40.645222" lon="-0.091731">
        <ele>1152.3</ele>
        <time>2015-07-30T18:00:33Z</time>
        <sat>11</sat>
        <extensions>
          <gpxtpx:TrackPointExtension>
            <gpxtpx:hr>160</gpxtpx:hr>
          </gpxtpx:TrackPointExtension>
        </extensions>
      </trkpt>
      <trkpt lat="40.645249" lon="-0.091839">
        <ele>1153.0</ele>
        <time>2015-07-30T18:00:40Z</time>
        <sat>11</sat>
        <extensions>
          <gpxtpx:TrackPointExtension>
            <gpxtpx:hr>159</gpxtpx:hr>
          </gpxtpx:TrackPointExtension>
        </extensions>
      </trkpt>
      <trkpt lat="40.645266" lon="-0.091954">
        <ele>1153.0</ele>
        <time>2015-07-30T18:00:46Z</time>
        <sat>11</sat>
        <extensions>
          <gpxtpx:TrackPointExtension>
            <gpxtpx:hr>157</gpxtpx:hr>
          </gpxtpx:TrackPointExtension>
        </extensions>
      </trkpt>
      <trkpt lat="40.645312" lon="-0.092053">
        <ele>1153.3</ele>
        <time>2015-07-30T18:00:53Z</time>
        <sat>11</sat>
      </trkpt>
      <trkpt lat="40.645346" lon="-0.092161">
        <ele>1154.1</ele>
        <time>2015-07-30T18:00:59Z</time>
        <sat>11</sat>
        <extensions>
          <gpxtpx:TrackPointExtension>
            <gpxtpx:hr>154</gpxtpx:hr>
          </gpxtpx:TrackPointExtension>
        </extensions>
      </trkpt>
      <trkpt lat="40.645386" lon="-0.092253">
        <ele>1155.3</ele>
        <time>2015-07-30T18:01:05Z</time>
        <sat>11</sat>
        <extensions>
          <gpxtpx:TrackPointExtension>
            <gpxtpx:hr>154</gpxtpx:hr>
          </gpxtpx:TrackPointExtension>
        </extensions>
      </trkpt>
      <trkpt lat="40.645414" lon="-0.092358">
        <ele>1155.8</ele>
        <time>2015-07-30T18:01:11Z</time>
        <sat>11</sat>
        <extensions>
          <gpxtpx:TrackPointExtension>
            <gpxtpx:hr>156</gpxtpx:hr>
          </gpxtpx:TrackPointExtension>
        </extensions>
      </trkpt>
      <trkpt lat="40.645434" lon="-0.092463">
        <ele>1156.3</ele>
        <time>2015-07-30T18:01:17Z</time>
        <sat>11</sat>
        <extensions>
          <gpxtpx:TrackPointExtension>
            <gpxtpx:hr>157</gpxtpx:hr>
          </gpxtpx:TrackPointExtension>
        </extensions>
      </trkpt>
      <trkpt lat="40.645461" lon="-0.092563">
        <ele>1156.2</ele>
        <time>2015-07-30T18:01:23Z</time>
        <sat>11</sat>
        <extensions>
          <gpxtpx:TrackPointExtension>
            <gpxtpx:hr>158</gpxtpx:hr>
          </gpxtpx:TrackPointExtension>
        </extensions>
      </trkpt>
      <trkpt lat="40.645467" lon="-0.092585">
        <ele>1156.0</ele>
        <time>2015-07-30T18:01:24Z</time>
        <sat>11</sat>
        <extensions>
          <gpxtpx:TrackPointExtension>
            <gpxtpx:hr>158</gpxtpx:hr>
          </gpxtpx:TrackPointExtension>
        </extensions>
      </trkpt>
      <trkpt lat="40.645496" lon="-0.092764">
        <ele>1155.6</ele>
        <time>2015-07-30T18:01:34Z</time>
        <sat>11</sat>
        <extensions>
          <gpxtpx:TrackPointExtension>
            <gpxtpx:hr>158</gpxtpx:hr>
          </gpxtpx:TrackPointExtension>
        </extensions>
      </trkpt>
      <trkpt lat="40.645521" lon="-0.092864">
        <ele>1155.2</ele>
        <time>2015-07-30T18:01:40Z</time>
        <sat>11</sat>
        <extensions>
          <gpxtpx:TrackPointExtension>
            <gpxtpx:hr>156</gpxtpx:hr>
          </gpxtpx:TrackPointExtension>
        </extensions>
      </trkpt>
      <trkpt lat="40.645550" lon="-0.092964">
        <ele>1155.8</ele>
        <time>2015-07-30T18:01:46Z</time>
        <sat>11</sat>
        <extensions>
          <gpxtpx:TrackPointExtension>
            <gpxtpx:hr>155</gpxtpx:hr>
          </gpxtpx:TrackPointExtension>
        </extensions>
      </trkpt>
      <trkpt lat="40.645577" lon="-0.093053">
        <ele>1155.8</ele>
        <time>2015-07-30T18:01:51Z</time>
        <sat>11</sat>
        <extensions>
          <gpxtpx:TrackPointExtension>
            <gpxtpx:hr>155</gpxtpx:hr>
          </gpxtpx:TrackPointExtension>
        </extensions>
      </trkpt>
      <trkpt lat="40.645597" lon="-0.093155">
        <ele>1156.5</ele>
        <time>2015-07-30T18:01:57Z</time>
        <sat>11</sat>
        <extensions>
          <gpxtpx:TrackPointExtension>
            <gpxtpx:hr>153</gpxtpx:hr>
          </gpxtpx:TrackPointExtension>
        </extensions>
      </trkpt>
      <trkpt lat="40.645597" lon="-0.093244">
        <ele>1156.4</ele>
        <time>2015-07-30T18:02:02Z</time>
        <sat>11</sat>
        <extensions>
          <gpxtpx:TrackPointExtension>
            <gpxtpx:hr>153</gpxtpx:hr>
          </gpxtpx:TrackPointExtension>
        </extensions>
      </trkpt>
      <trkpt lat="40.645592" lon="-0.093347">
        <ele>1155.9</ele>
        <time>2015-07-30T18:02:08Z</time>
        <sat>11</sat>
        <extensions>
          <gpxtpx:TrackPointExtension>
            <gpxtpx:hr>152</gpxtpx:hr>
          </gpxtpx:TrackPointExtension>
        </extensions>
      </trkpt>
      <trkpt lat="40.645609" lon="-0.093454">
        <ele>1156.4</ele>
        <time>2015-07-30T18:02:14Z</time>
        <sat>11</sat>
        <extensions>
          <gpxtpx:TrackPointExtension>
            <gpxtpx:hr>151</gpxtpx:hr>
          </gpxtpx:TrackPointExtension>
        </extensions>
      </trkpt>
      <trkpt lat="40.645645" lon="-0.093552">
        <ele>1156.9</ele>
        <time>2015-07-30T18:02:20Z</time>
        <sat>11</sat>
        <extensions>
          <gpxtpx:TrackPointExtension>
            <gpxtpx:hr>151</gpxtpx:hr>
          </gpxtpx:TrackPointExtension>
        </extensions>
      </trkpt>
      <trkpt lat="40.645662" lon="-0.093668">
        <ele>1156.5</ele>
        <time>2015-07-30T18:02:26Z</time>
        <sat>11</sat>
        <extensions>
          <gpxtpx:TrackPointExtension>
            <gpxtpx:hr>151</gpxtpx:hr>
          </gpxtpx:TrackPointExtension>
        </extensions>
      </trkpt>
      <trkpt lat="40.645664" lon="-0.093764">
        <ele>1156.5</ele>
        <time>2015-07-30T18:02:32Z</time>
        <sat>11</sat>
        <extensions>
          <gpxtpx:TrackPointExtension>
            <gpxtpx:hr>149</gpxtpx:hr>
          </gpxtpx:TrackPointExtension>
        </extensions>
      </trkpt>
      <trkpt lat="40.645655" lon="-0.093862">
        <ele>1156.0</ele>
        <time>2015-07-30T18:02:37Z</time>
        <sat>11</sat>
        <extensions>
          <gpxtpx:TrackPointExtension>
            <gpxtpx:hr>148</gpxtpx:hr>
          </gpxtpx:TrackPointExtension>
        </extensions>
      </trkpt>
      <trkpt lat="40.645639" lon="-0.093974">
        <ele>1155.5</ele>
        <time>2015-07-30T18:02:43Z</time>
        <sat>11</sat>
        <extensions>
          <gpxtpx:TrackPointExtension>
            <gpxtpx:hr>147</gpxtpx:hr>
          </gpxtpx:TrackPointExtension>
        </extensions>
      </trkpt>
      <trkpt lat="40.645637" lon="-0.094077">
        <ele>1155.1</ele>
        <time>2015-07-30T18:02:49Z</time>
        <sat>11</sat>
        <extensions>
          <gpxtpx:TrackPointExtension>
            <gpxtpx:hr>147</gpxtpx:hr>
          </gpxtpx:TrackPointExtension>
        </extensions>
      </trkpt>
      <trkpt lat="40.645625" lon="-0.094164">
        <ele>1155.7</ele>
        <time>2015-07-30T18:02:54Z</time>
        <sat>11</sat>
        <extensions>
          <gpxtpx:TrackPointExtension>
            <gpxtpx:hr>147</gpxtpx:hr>
          </gpxtpx:TrackPointExtension>
        </extensions>
      </trkpt>
      <trkpt lat="40.645591" lon="-0.094266">
        <ele>1155.0</ele>
        <time>2015-07-30T18:03:00Z</time>
        <sat>11</sat>
        <extensions>
          <gpxtpx:TrackPointExtension>
            <gpxtpx:hr>146</gpxtpx:hr>
          </gpxtpx:TrackPointExtension>
        </extensions>
      </trkpt>
      <trkpt lat="40.645554" lon="-0.094363">
        <ele>1155.1</ele>
        <time>2015-07-30T18:03:06Z</time>
        <sat>11</sat>
        <extensions>
          <gpxtpx:TrackPointExtension>
            <gpxtpx:hr>145</gpxtpx:hr>
          </gpxtpx:TrackPointExtension>
        </extensions>
      </trkpt>
      <trkpt lat="40.645564" lon="-0.094466">
        <ele>1155.9</ele>
        <time>2015-07-30T18:03:12Z</time>
        <sat>11</sat>
        <extensions>
          <gpxtpx:TrackPointExtension>
            <gpxtpx:hr>145</gpxtpx:hr>
          </gpxtpx:TrackPointExtension>
        </extensions>
      </trkpt>
      <trkpt lat="40.645569" lon="-0.094486">
        <ele>1155.9</ele>
        <time>2015-07-30T18:03:13Z</time>
        <sat>11</sat>
        <extensions>
          <gpxtpx:TrackPointExtension>
            <gpxtpx:hr>145</gpxtpx:hr>
          </gpxtpx:TrackPointExtension>
        </extensions>
      </trkpt>
      <trkpt lat="40.645584" lon="-0.094679">
        <ele>1157.3</ele>
        <time>2015-07-30T18:03:24Z</time>
        <sat>11</sat>
        <extensions>
          <gpxtpx:TrackPointExtension>
            <gpxtpx:hr>150</gpxtpx:hr>
          </gpxtpx:TrackPointExtension>
        </extensions>
      </trkpt>
      <trkpt lat="40.645602" lon="-0.094788">
        <ele>1158.0</ele>
        <time>2015-07-30T18:03:30Z</time>
        <sat>11</sat>
        <extensions>
          <gpxtpx:TrackPointExtension>
            <gpxtpx:hr>152</gpxtpx:hr>
          </gpxtpx:TrackPointExtension>
        </extensions>
      </trkpt>
      <trkpt lat="40.645609" lon="-0.094879">
        <ele>1157.6</ele>
        <time>2015-07-30T18:03:35Z</time>
        <sat>11</sat>
        <extensions>
          <gpxtpx:TrackPointExtension>
            <gpxtpx:hr>153</gpxtpx:hr>
          </gpxtpx:TrackPointExtension>
        </extensions>
      </trkpt>
      <trkpt lat="40.645609" lon="-0.094977">
        <ele>1157.1</ele>
        <time>2015-07-30T18:03:40Z</time>
        <sat>11</sat>
        <extensions>
          <gpxtpx:TrackPointExtension>
            <gpxtpx:hr>152</gpxtpx:hr>
          </gpxtpx:TrackPointExtension>
        </extensions>
      </trkpt>
      <trkpt lat="40.645599" lon="-0.095072">
        <ele>1157.1</ele>
        <time>2015-07-30T18:03:46Z</time>
        <sat>11</sat>
        <extensions>
          <gpxtpx:TrackPointExtension>
            <gpxtpx:hr>152</gpxtpx:hr>
          </gpxtpx:TrackPointExtension>
        </extensions>
      </trkpt>
      <trkpt lat="40.645576" lon="-0.095168">
        <ele>1156.3</ele>
        <time>2015-07-30T18:03:51Z</time>
        <sat>11</sat>
        <extensions>
          <gpxtpx:TrackPointExtension>
            <gpxtpx:hr>152</gpxtpx:hr>
          </gpxtpx:TrackPointExtension>
        </extensions>
      </trkpt>
      <trkpt lat="40.645565" lon="-0.095261">
        <ele>1156.1</ele>
        <time>2015-07-30T18:03:56Z</time>
        <sat>11</sat>
        <extensions>
          <gpxtpx:TrackPointExtension>
            <gpxtpx:hr>152</gpxtpx:hr>
          </gpxtpx:TrackPointExtension>
        </extensions>
      </trkpt>
      <trkpt lat="40.645564" lon="-0.095357">
        <ele>1155.7</ele>
        <time>2015-07-30T18:04:02Z</time>
        <sat>11</sat>
        <extensions>
          <gpxtpx:TrackPointExtension>
            <gpxtpx:hr>151</gpxtpx:hr>
          </gpxtpx:TrackPointExtension>
        </extensions>
      </trkpt>
      <trkpt lat="40.645599" lon="-0.095466">
        <ele>1155.0</ele>
        <time>2015-07-30T18:04:08Z</time>
        <sat>10</sat>
        <extensions>
          <gpxtpx:TrackPointExtension>
            <gpxtpx:hr>148</gpxtpx:hr>
          </gpxtpx:TrackPointExtension>
        </extensions>
      </trkpt>
      <trkpt lat="40.645581" lon="-0.095568">
        <ele>1155.6</ele>
        <time>2015-07-30T18:04:14Z</time>
        <sat>10</sat>
        <extensions>
          <gpxtpx:TrackPointExtension>
            <gpxtpx:hr>142</gpxtpx:hr>
          </gpxtpx:TrackPointExtension>
        </extensions>
      </trkpt>
      <trkpt lat="40.645549" lon="-0.095669">
        <ele>1155.3</ele>
        <time>2015-07-30T18:04:20Z</time>
        <sat>10</sat>
        <extensions>
          <gpxtpx:TrackPointExtension>
            <gpxtpx:hr>143</gpxtpx:hr>
          </gpxtpx:TrackPointExtension>
        </extensions>
      </trkpt>
      <trkpt lat="40.645569" lon="-0.095776">
        <ele>1155.4</ele>
        <time>2015-07-30T18:04:26Z</time>
        <sat>10</sat>
      </trkpt>
      <trkpt lat="40.645487" lon="-0.095728">
        <ele>1154.4</ele>
        <time>2015-07-30T18:04:33Z</time>
        <sat>10</sat>
      </trkpt>
      <trkpt lat="40.645486" lon="-0.095728">
        <ele>1154.4</ele>
        <time>2015-07-30T18:04:33Z</time>
        <sat>10</sat>
      </trkpt>
      <trkpt lat="40.645399" lon="-0.095684">
        <ele>1154.4</ele>
        <time>2015-07-30T18:04:40Z</time>
        <sat>10</sat>
        <extensions>
          <gpxtpx:TrackPointExtension>
            <gpxtpx:hr>127</gpxtpx:hr>
          </gpxtpx:TrackPointExtension>
        </extensions>
      </trkpt>
      <trkpt lat="40.645305" lon="-0.095592">
        <ele>1152.7</ele>
        <time>2015-07-30T18:04:48Z</time>
        <sat>10</sat>
        <extensions>
          <gpxtpx:TrackPointExtension>
            <gpxtpx:hr>128</gpxtpx:hr>
          </gpxtpx:TrackPointExtension>
        </extensions>
      </trkpt>
      <trkpt lat="40.645246" lon="-0.095554">
        <ele>1151.2</ele>
        <time>2015-07-30T18:04:53Z</time>
        <sat>10</sat>
        <extensions>
          <gpxtpx:TrackPointExtension>
            <gpxtpx:hr>128</gpxtpx:hr>
          </gpxtpx:TrackPointExtension>
        </extensions>
      </trkpt>
      <trkpt lat="40.645212" lon="-0.095489">
        <ele>1150.5</ele>
        <time>2015-07-30T18:04:57Z</time>
        <sat>10</sat>
        <extensions>
          <gpxtpx:TrackPointExtension>
            <gpxtpx:hr>127</gpxtpx:hr>
          </gpxtpx:TrackPointExtension>
        </extensions>
      </trkpt>
      <trkpt lat="40.645197" lon="-0.095405">
        <ele>1150.1</ele>
        <time>2015-07-30T18:05:02Z</time>
        <sat>10</sat>
        <extensions>
          <gpxtpx:TrackPointExtension>
            <gpxtpx:hr>127</gpxtpx:hr>
          </gpxtpx:TrackPointExtension>
        </extensions>
      </trkpt>
      <trkpt lat="40.645182" lon="-0.095319">
        <ele>1149.5</ele>
        <time>2015-07-30T18:05:07Z</time>
        <sat>10</sat>
        <extensions>
          <gpxtpx:TrackPointExtension>
            <gpxtpx:hr>127</gpxtpx:hr>
          </gpxtpx:TrackPointExtension>
        </extensions>
      </trkpt>
      <trkpt lat="40.645157" lon="-0.095213">
        <ele>1148.4</ele>
        <time>2015-07-30T18:05:13Z</time>
        <sat>10</sat>
        <extensions>
          <gpxtpx:TrackPointExtension>
            <gpxtpx:hr>126</gpxtpx:hr>
          </gpxtpx:TrackPointExtension>
        </extensions>
      </trkpt>
      <trkpt lat="40.645141" lon="-0.095149">
        <ele>1147.3</ele>
        <time>2015-07-30T18:05:17Z</time>
        <sat>10</sat>
        <extensions>
          <gpxtpx:TrackPointExtension>
            <gpxtpx:hr>126</gpxtpx:hr>
          </gpxtpx:TrackPointExtension>
        </extensions>
      </trkpt>
      <trkpt lat="40.645114" lon="-0.095050">
        <ele>1145.9</ele>
        <time>2015-07-30T18:05:22Z</time>
        <sat>10</sat>
      </trkpt>
      <trkpt lat="40.645056" lon="-0.095094">
        <ele>1143.1</ele>
        <time>2015-07-30T18:05:27Z</time>
        <sat>9</sat>
        <extensions>
          <gpxtpx:TrackPointExtension>
            <gpxtpx:hr>133</gpxtpx:hr>
          </gpxtpx:TrackPointExtension>
        </extensions>
      </trkpt>
      <trkpt lat="40.644975" lon="-0.095111">
        <ele>1141.4</ele>
        <time>2015-07-30T18:05:33Z</time>
        <sat>9</sat>
        <extensions>
          <gpxtpx:TrackPointExtension>
            <gpxtpx:hr>135</gpxtpx:hr>
          </gpxtpx:TrackPointExtension>
        </extensions>
      </trkpt>
      <trkpt lat="40.644894" lon="-0.095070">
        <ele>1140.2</ele>
        <time>2015-07-30T18:05:40Z</time>
        <sat>9</sat>
        <extensions>
          <gpxtpx:TrackPointExtension>
            <gpxtpx:hr>135</gpxtpx:hr>
          </gpxtpx:TrackPointExtension>
        </extensions>
      </trkpt>
      <trkpt lat="40.644849" lon="-0.095044">
        <ele>1139.6</ele>
        <time>2015-07-30T18:05:43Z</time>
        <sat>10</sat>
        <extensions>
          <gpxtpx:TrackPointExtension>
            <gpxtpx:hr>134</gpxtpx:hr>
          </gpxtpx:TrackPointExtension>
        </extensions>
      </trkpt>
      <trkpt lat="40.644807" lon="-0.095014">
        <ele>1139.0</ele>
        <time>2015-07-30T18:05:47Z</time>
        <sat>10</sat>
        <extensions>
          <gpxtpx:TrackPointExtension>
            <gpxtpx:hr>134</gpxtpx:hr>
          </gpxtpx:TrackPointExtension>
        </extensions>
      </trkpt>
      <trkpt lat="40.644767" lon="-0.094979">
        <ele>1138.7</ele>
        <time>2015-07-30T18:05:50Z</time>
        <sat>10</sat>
        <extensions>
          <gpxtpx:TrackPointExtension>
            <gpxtpx:hr>134</gpxtpx:hr>
          </gpxtpx:TrackPointExtension>
        </extensions>
      </trkpt>
      <trkpt lat="40.644731" lon="-0.094938">
        <ele>1138.3</ele>
        <time>2015-07-30T18:05:54Z</time>
        <sat>10</sat>
        <extensions>
          <gpxtpx:TrackPointExtension>
            <gpxtpx:hr>134</gpxtpx:hr>
          </gpxtpx:TrackPointExtension>
        </extensions>
      </trkpt>
      <trkpt lat="40.644659" lon="-0.094867">
        <ele>1138.1</ele>
        <time>2015-07-30T18:06:00Z</time>
        <sat>10</sat>
        <extensions>
          <gpxtpx:TrackPointExtension>
            <gpxtpx:hr>136</gpxtpx:hr>
          </gpxtpx:TrackPointExtension>
        </extensions>
      </trkpt>
      <trkpt lat="40.644581" lon="-0.094834">
        <ele>1138.1</ele>
        <time>2015-07-30T18:06:06Z</time>
        <sat>10</sat>
        <extensions>
          <gpxtpx:TrackPointExtension>
            <gpxtpx:hr>138</gpxtpx:hr>
          </gpxtpx:TrackPointExtension>
        </extensions>
      </trkpt>
      <trkpt lat="40.644509" lon="-0.094819">
        <ele>1137.7</ele>
        <time>2015-07-30T18:06:11Z</time>
        <sat>10</sat>
        <extensions>
          <gpxtpx:TrackPointExtension>
            <gpxtpx:hr>140</gpxtpx:hr>
          </gpxtpx:TrackPointExtension>
        </extensions>
      </trkpt>
      <trkpt lat="40.644432" lon="-0.094784">
        <ele>1135.8</ele>
        <time>2015-07-30T18:06:17Z</time>
        <sat>9</sat>
        <extensions>
          <gpxtpx:TrackPointExtension>
            <gpxtpx:hr>141</gpxtpx:hr>
          </gpxtpx:TrackPointExtension>
        </extensions>
      </trkpt>
      <trkpt lat="40.644395" lon="-0.094676">
        <ele>1133.2</ele>
        <time>2015-07-30T18:06:24Z</time>
        <sat>9</sat>
        <extensions>
          <gpxtpx:TrackPointExtension>
            <gpxtpx:hr>141</gpxtpx:hr>
          </gpxtpx:TrackPointExtension>
        </extensions>
      </trkpt>
      <trkpt lat="40.644341" lon="-0.094761">
        <ele>1130.8</ele>
        <time>2015-07-30T18:06:30Z</time>
        <sat>9</sat>
        <extensions>
          <gpxtpx:TrackPointExtension>
            <gpxtpx:hr>139</gpxtpx:hr>
          </gpxtpx:TrackPointExtension>
        </extensions>
      </trkpt>
      <trkpt lat="40.644312" lon="-0.094788">
        <ele>1130.3</ele>
        <time>2015-07-30T18:06:33Z</time>
        <sat>9</sat>
        <extensions>
          <gpxtpx:TrackPointExtension>
            <gpxtpx:hr>139</gpxtpx:hr>
          </gpxtpx:TrackPointExtension>
        </extensions>
      </trkpt>
      <trkpt lat="40.644219" lon="-0.094867">
        <ele>1129.6</ele>
        <time>2015-07-30T18:06:41Z</time>
        <sat>9</sat>
        <extensions>
          <gpxtpx:TrackPointExtension>
            <gpxtpx:hr>141</gpxtpx:hr>
          </gpxtpx:TrackPointExtension>
        </extensions>
      </trkpt>
      <trkpt lat="40.644144" lon="-0.094906">
        <ele>1129.2</ele>
        <time>2015-07-30T18:06:47Z</time>
        <sat>9</sat>
        <extensions>
          <gpxtpx:TrackPointExtension>
            <gpxtpx:hr>143</gpxtpx:hr>
          </gpxtpx:TrackPointExtension>
        </extensions>
      </trkpt>
      <trkpt lat="40.644095" lon="-0.094912">
        <ele>1128.5</ele>
        <time>2015-07-30T18:06:50Z</time>
        <sat>9</sat>
        <extensions>
          <gpxtpx:TrackPointExtension>
            <gpxtpx:hr>143</gpxtpx:hr>
          </gpxtpx:TrackPointExtension>
        </extensions>
      </trkpt>
      <trkpt lat="40.644041" lon="-0.094919">
        <ele>1127.8</ele>
        <time>2015-07-30T18:06:54Z</time>
        <sat>9</sat>
        <extensions>
          <gpxtpx:TrackPointExtension>
            <gpxtpx:hr>144</gpxtpx:hr>
          </gpxtpx:TrackPointExtension>
        </extensions>
      </trkpt>
      <trkpt lat="40.643984" lon="-0.094926">
        <ele>1127.0</ele>
        <time>2015-07-30T18:06:58Z</time>
        <sat>9</sat>
        <extensions>
          <gpxtpx:TrackPointExtension>
            <gpxtpx:hr>145</gpxtpx:hr>
          </gpxtpx:TrackPointExtension>
        </extensions>
      </trkpt>
      <trkpt lat="40.643926" lon="-0.094924">
        <ele>1126.6</ele>
        <time>2015-07-30T18:07:02Z</time>
        <sat>9</sat>
        <extensions>
          <gpxtpx:TrackPointExtension>
            <gpxtpx:hr>145</gpxtpx:hr>
          </gpxtpx:TrackPointExtension>
        </extensions>
      </trkpt>
      <trkpt lat="40.643877" lon="-0.094901">
        <ele>1125.9</ele>
        <time>2015-07-30T18:07:06Z</time>
        <sat>9</sat>
        <extensions>
          <gpxtpx:TrackPointExtension>
            <gpxtpx:hr>145</gpxtpx:hr>
          </gpxtpx:TrackPointExtension>
        </extensions>
      </trkpt>
      <trkpt lat="40.643818" lon="-0.094844">
        <ele>1124.7</ele>
        <time>2015-07-30T18:07:12Z</time>
        <sat>10</sat>
        <extensions>
          <gpxtpx:TrackPointExtension>
            <gpxtpx:hr>145</gpxtpx:hr>
          </gpxtpx:TrackPointExtension>
        </extensions>
      </trkpt>
      <trkpt lat="40.643814" lon="-0.094752">
        <ele>1123.3</ele>
        <time>2015-07-30T18:07:17Z</time>
        <sat>10</sat>
        <extensions>
          <gpxtpx:TrackPointExtension>
            <gpxtpx:hr>145</gpxtpx:hr>
          </gpxtpx:TrackPointExtension>
        </extensions>
      </trkpt>
      <trkpt lat="40.643794" lon="-0.094697">
        <ele>1122.5</ele>
        <time>2015-07-30T18:07:20Z</time>
        <sat>10</sat>
        <extensions>
          <gpxtpx:TrackPointExtension>
            <gpxtpx:hr>145</gpxtpx:hr>
          </gpxtpx:TrackPointExtension>
        </extensions>
      </trkpt>
      <trkpt lat="40.643777" lon="-0.094636">
        <ele>1121.9</ele>
        <time>2015-07-30T18:07:24Z</time>
        <sat>10</sat>
        <extensions>
          <gpxtpx:TrackPointExtension>
            <gpxtpx:hr>145</gpxtpx:hr>
          </gpxtpx:TrackPointExtension>
        </extensions>
      </trkpt>
      <trkpt lat="40.643767" lon="-0.094568">
        <ele>1120.9</ele>
        <time>2015-07-30T18:07:27Z</time>
        <sat>10</sat>
        <extensions>
          <gpxtpx:TrackPointExtension>
            <gpxtpx:hr>145</gpxtpx:hr>
          </gpxtpx:TrackPointExtension>
        </extensions>
      </trkpt>
      <trkpt lat="40.643759" lon="-0.094496">
        <ele>1120.0</ele>
        <time>2015-07-30T18:07:31Z</time>
        <sat>10</sat>
        <extensions>
          <gpxtpx:TrackPointExtension>
            <gpxtpx:hr>145</gpxtpx:hr>
          </gpxtpx:TrackPointExtension>
        </extensions>
      </trkpt>
      <trkpt lat="40.643752" lon="-0.094421">
        <ele>1118.9</ele>
        <time>2015-07-30T18:07:36Z</time>
        <sat>10</sat>
        <extensions>
          <gpxtpx:TrackPointExtension>
            <gpxtpx:hr>145</gpxtpx:hr>
          </gpxtpx:TrackPointExtension>
        </extensions>
      </trkpt>
      <trkpt lat="40.643740" lon="-0.094346">
        <ele>1118.1</ele>
        <time>2015-07-30T18:07:40Z</time>
        <sat>10</sat>
        <extensions>
          <gpxtpx:TrackPointExtension>
            <gpxtpx:hr>145</gpxtpx:hr>
          </gpxtpx:TrackPointExtension>
        </extensions>
      </trkpt>
      <trkpt lat="40.643732" lon="-0.094273">
        <ele>1117.2</ele>
        <time>2015-07-30T18:07:44Z</time>
        <sat>10</sat>
        <extensions>
          <gpxtpx:TrackPointExtension>
            <gpxtpx:hr>144</gpxtpx:hr>
          </gpxtpx:TrackPointExtension>
        </extensions>
      </trkpt>
      <trkpt lat="40.643719" lon="-0.094158">
        <ele>1115.9</ele>
        <time>2015-07-30T18:07:50Z</time>
        <sat>10</sat>
        <extensions>
          <gpxtpx:TrackPointExtension>
            <gpxtpx:hr>144</gpxtpx:hr>
          </gpxtpx:TrackPointExtension>
        </extensions>
      </trkpt>
      <trkpt lat="40.643687" lon="-0.094083">
        <ele>1115.2</ele>
        <time>2015-07-30T18:07:55Z</time>
        <sat>9</sat>
        <extensions>
          <gpxtpx:TrackPointExtension>
            <gpxtpx:hr>144</gpxtpx:hr>
          </gpxtpx:TrackPointExtension>
        </extensions>
      </trkpt>
      <trkpt lat="40.643650" lon="-0.093978">
        <ele>1114.4</ele>
        <time>2015-07-30T18:08:01Z</time>
        <sat>10</sat>
        <extensions>
          <gpxtpx:TrackPointExtension>
            <gpxtpx:hr>144</gpxtpx:hr>
          </gpxtpx:TrackPointExtension>
        </extensions>
      </trkpt>
      <trkpt lat="40.643611" lon="-0.093893">
        <ele>1113.7</ele>
        <time>2015-07-30T18:08:07Z</time>
        <sat>10</sat>
        <extensions>
          <gpxtpx:TrackPointExtension>
            <gpxtpx:hr>145</gpxtpx:hr>
          </gpxtpx:TrackPointExtension>
        </extensions>
      </trkpt>
      <trkpt lat="40.643579" lon="-0.093806">
        <ele>1111.7</ele>
        <time>2015-07-30T18:08:12Z</time>
        <sat>9</sat>
        <extensions>
          <gpxtpx:TrackPointExtension>
            <gpxtpx:hr>146</gpxtpx:hr>
          </gpxtpx:TrackPointExtension>
        </extensions>
      </trkpt>
      <trkpt lat="40.643552" lon="-0.093698">
        <ele>1109.7</ele>
        <time>2015-07-30T18:08:19Z</time>
        <sat>10</sat>
        <extensions>
          <gpxtpx:TrackPointExtension>
            <gpxtpx:hr>147</gpxtpx:hr>
          </gpxtpx:TrackPointExtension>
        </extensions>
      </trkpt>
      <trkpt lat="40.643504" lon="-0.093629">
        <ele>1108.9</ele>
        <time>2015-07-30T18:08:24Z</time>
        <sat>10</sat>
        <extensions>
          <gpxtpx:TrackPointExtension>
            <gpxtpx:hr>146</gpxtpx:hr>
          </gpxtpx:TrackPointExtension>
        </extensions>
      </trkpt>
      <trkpt lat="40.643471" lon="-0.093549">
        <ele>1107.8</ele>
        <time>2015-07-30T18:08:29Z</time>
        <sat>10</sat>
        <extensions>
          <gpxtpx:TrackPointExtension>
            <gpxtpx:hr>146</gpxtpx:hr>
          </gpxtpx:TrackPointExtension>
        </extensions>
      </trkpt>
      <trkpt lat="40.643399" lon="-0.093486">
        <ele>1105.5</ele>
        <time>2015-07-30T18:08:35Z</time>
        <sat>9</sat>
        <extensions>
          <gpxtpx:TrackPointExtension>
            <gpxtpx:hr>145</gpxtpx:hr>
          </gpxtpx:TrackPointExtension>
        </extensions>
      </trkpt>
      <trkpt lat="40.643336" lon="-0.093526">
        <ele>1104.6</ele>
        <time>2015-07-30T18:08:40Z</time>
        <sat>9</sat>
        <extensions>
          <gpxtpx:TrackPointExtension>
            <gpxtpx:hr>144</gpxtpx:hr>
          </gpxtpx:TrackPointExtension>
        </extensions>
      </trkpt>
      <trkpt lat="40.643296" lon="-0.093459">
        <ele>1102.0</ele>
        <time>2015-07-30T18:08:45Z</time>
        <sat>9</sat>
        <extensions>
          <gpxtpx:TrackPointExtension>
            <gpxtpx:hr>144</gpxtpx:hr>
          </gpxtpx:TrackPointExtension>
        </extensions>
      </trkpt>
      <trkpt lat="40.643252" lon="-0.093384">
        <ele>1099.2</ele>
        <time>2015-07-30T18:08:50Z</time>
        <sat>9</sat>
        <extensions>
          <gpxtpx:TrackPointExtension>
            <gpxtpx:hr>144</gpxtpx:hr>
          </gpxtpx:TrackPointExtension>
        </extensions>
      </trkpt>
      <trkpt lat="40.643187" lon="-0.093380">
        <ele>1098.1</ele>
        <time>2015-07-30T18:08:55Z</time>
        <sat>9</sat>
        <extensions>
          <gpxtpx:TrackPointExtension>
            <gpxtpx:hr>143</gpxtpx:hr>
          </gpxtpx:TrackPointExtension>
        </extensions>
      </trkpt>
      <trkpt lat="40.643138" lon="-0.093296">
        <ele>1095.8</ele>
        <time>2015-07-30T18:09:01Z</time>
        <sat>9</sat>
        <extensions>
          <gpxtpx:TrackPointExtension>
            <gpxtpx:hr>142</gpxtpx:hr>
          </gpxtpx:TrackPointExtension>
        </extensions>
      </trkpt>
      <trkpt lat="40.643062" lon="-0.093328">
        <ele>1094.4</ele>
        <time>2015-07-30T18:09:06Z</time>
        <sat>9</sat>
        <extensions>
          <gpxtpx:TrackPointExtension>
            <gpxtpx:hr>147</gpxtpx:hr>
          </gpxtpx:TrackPointExtension>
        </extensions>
      </trkpt>
      <trkpt lat="40.643038" lon="-0.093339">
        <ele>1093.6</ele>
        <time>2015-07-30T18:09:08Z</time>
        <sat>9</sat>
        <extensions>
          <gpxtpx:TrackPointExtension>
            <gpxtpx:hr>149</gpxtpx:hr>
          </gpxtpx:TrackPointExtension>
        </extensions>
      </trkpt>
      <trkpt lat="40.642903" lon="-0.093334">
        <ele>1093.2</ele>
        <time>2015-07-30T18:09:18Z</time>
        <sat>9</sat>
        <extensions>
          <gpxtpx:TrackPointExtension>
            <gpxtpx:hr>147</gpxtpx:hr>
          </gpxtpx:TrackPointExtension>
        </extensions>
      </trkpt>
      <trkpt lat="40.642831" lon="-0.093298">
        <ele>1092.5</ele>
        <time>2015-07-30T18:09:24Z</time>
        <sat>9</sat>
        <extensions>
          <gpxtpx:TrackPointExtension>
            <gpxtpx:hr>146</gpxtpx:hr>
          </gpxtpx:TrackPointExtension>
        </extensions>
      </trkpt>
      <trkpt lat="40.642762" lon="-0.093253">
        <ele>1091.6</ele>
        <time>2015-07-30T18:09:29Z</time>
        <sat>9</sat>
        <extensions>
          <gpxtpx:TrackPointExtension>
            <gpxtpx:hr>145</gpxtpx:hr>
          </gpxtpx:TrackPointExtension>
        </extensions>
      </trkpt>
      <trkpt lat="40.642686" lon="-0.093229">
        <ele>1091.1</ele>
        <time>2015-07-30T18:09:35Z</time>
        <sat>9</sat>
        <extensions>
          <gpxtpx:TrackPointExtension>
            <gpxtpx:hr>146</gpxtpx:hr>
          </gpxtpx:TrackPointExtension>
        </extensions>
      </trkpt>
      <trkpt lat="40.642629" lon="-0.093196">
        <ele>1090.4</ele>
        <time>2015-07-30T18:09:40Z</time>
        <sat>9</sat>
      </trkpt>
      <trkpt lat="40.642572" lon="-0.093148">
        <ele>1090.2</ele>
        <time>2015-07-30T18:09:45Z</time>
        <sat>9</sat>
        <extensions>
          <gpxtpx:TrackPointExtension>
            <gpxtpx:hr>148</gpxtpx:hr>
          </gpxtpx:TrackPointExtension>
        </extensions>
      </trkpt>
      <trkpt lat="40.642519" lon="-0.093086">
        <ele>1090.1</ele>
        <time>2015-07-30T18:09:50Z</time>
        <sat>9</sat>
        <extensions>
          <gpxtpx:TrackPointExtension>
            <gpxtpx:hr>148</gpxtpx:hr>
          </gpxtpx:TrackPointExtension>
        </extensions>
      </trkpt>
      <trkpt lat="40.642463" lon="-0.093031">
        <ele>1089.7</ele>
        <time>2015-07-30T18:09:55Z</time>
        <sat>9</sat>
        <extensions>
          <gpxtpx:TrackPointExtension>
            <gpxtpx:hr>148</gpxtpx:hr>
          </gpxtpx:TrackPointExtension>
        </extensions>
      </trkpt>
      <trkpt lat="40.642402" lon="-0.092993">
        <ele>1089.4</ele>
        <time>2015-07-30T18:10:00Z</time>
        <sat>9</sat>
      </trkpt>
      <trkpt lat="40.642334" lon="-0.092968">
        <ele>1089.1</ele>
        <time>2015-07-30T18:10:05Z</time>
        <sat>10</sat>
        <extensions>
          <gpxtpx:TrackPointExtension>
            <gpxtpx:hr>146</gpxtpx:hr>
          </gpxtpx:TrackPointExtension>
        </extensions>
      </trkpt>
      <trkpt lat="40.642271" lon="-0.092961">
        <ele>1088.9</ele>
        <time>2015-07-30T18:10:09Z</time>
        <sat>10</sat>
        <extensions>
          <gpxtpx:TrackPointExtension>
            <gpxtpx:hr>145</gpxtpx:hr>
          </gpxtpx:TrackPointExtension>
        </extensions>
      </trkpt>
      <trkpt lat="40.642182" lon="-0.092954">
        <ele>1088.9</ele>
        <time>2015-07-30T18:10:16Z</time>
        <sat>10</sat>
        <extensions>
          <gpxtpx:TrackPointExtension>
            <gpxtpx:hr>145</gpxtpx:hr>
          </gpxtpx:TrackPointExtension>
        </extensions>
      </trkpt>
      <trkpt lat="40.642099" lon="-0.092949">
        <ele>1088.7</ele>
        <time>2015-07-30T18:10:22Z</time>
        <sat>10</sat>
        <extensions>
          <gpxtpx:TrackPointExtension>
            <gpxtpx:hr>143</gpxtpx:hr>
          </gpxtpx:TrackPointExtension>
        </extensions>
      </trkpt>
      <trkpt lat="40.642099" lon="-0.092953">
        <ele>1088.6</ele>
        <time>2015-07-30T18:10:22Z</time>
      </trkpt>
      <trkpt lat="40.642088" lon="-0.092947">
        <ele>1088.7</ele>
        <time>2015-07-30T18:10:23Z</time>
      </trkpt>
      <trkpt lat="40.642034" lon="-0.092900">
        <ele>1088.6</ele>
        <time>2015-07-30T18:10:28Z</time>
      </trkpt>
      <trkpt lat="40.641901" lon="-0.092783">
        <ele>1089.5</ele>
        <time>2015-07-30T18:10:39Z</time>
      </trkpt>
      <trkpt lat="40.641884" lon="-0.092766">
        <ele>1090.0</ele>
        <time>2015-07-30T18:10:41Z</time>
      </trkpt>
      <trkpt lat="40.641717" lon="-0.092766">
        <ele>1091.1</ele>
        <time>2015-07-30T18:10:53Z</time>
      </trkpt>
      <trkpt lat="40.641651" lon="-0.092800">
        <ele>1091.0</ele>
        <time>2015-07-30T18:10:58Z</time>
      </trkpt>
      <trkpt lat="40.641567" lon="-0.092833">
        <ele>1091.6</ele>
        <time>2015-07-30T18:11:05Z</time>
      </trkpt>
      <trkpt lat="40.641500" lon="-0.092866">
        <ele>1092.5</ele>
        <time>2015-07-30T18:11:10Z</time>
      </trkpt>
      <trkpt lat="40.641434" lon="-0.092916">
        <ele>1092.4</ele>
        <time>2015-07-30T18:11:15Z</time>
      </trkpt>
      <trkpt lat="40.641384" lon="-0.092966">
        <ele>1091.7</ele>
        <time>2015-07-30T18:11:20Z</time>
      </trkpt>
      <trkpt lat="40.641317" lon="-0.093016">
        <ele>1092.1</ele>
        <time>2015-07-30T18:11:25Z</time>
      </trkpt>
      <trkpt lat="40.641267" lon="-0.093083">
        <ele>1091.2</ele>
        <time>2015-07-30T18:11:31Z</time>
      </trkpt>
      <trkpt lat="40.641217" lon="-0.093132">
        <ele>1091.5</ele>
        <time>2015-07-30T18:11:35Z</time>
      </trkpt>
      <trkpt lat="40.641184" lon="-0.093199">
        <ele>1090.9</ele>
        <time>2015-07-30T18:11:40Z</time>
      </trkpt>
      <trkpt lat="40.641117" lon="-0.093283">
        <ele>1091.4</ele>
        <time>2015-07-30T18:11:46Z</time>
      </trkpt>
      <trkpt lat="40.641067" lon="-0.093350">
        <ele>1092.1</ele>
        <time>2015-07-30T18:11:52Z</time>
      </trkpt>
      <trkpt lat="40.641017" lon="-0.093416">
        <ele>1092.0</ele>
        <time>2015-07-30T18:11:57Z</time>
      </trkpt>
      <trkpt lat="40.640950" lon="-0.093483">
        <ele>1092.3</ele>
        <time>2015-07-30T18:12:03Z</time>
      </trkpt>
      <trkpt lat="40.640901" lon="-0.093516">
        <ele>1092.0</ele>
        <time>2015-07-30T18:12:07Z</time>
      </trkpt>
      <trkpt lat="40.640834" lon="-0.093533">
        <ele>1091.7</ele>
        <time>2015-07-30T18:12:12Z</time>
      </trkpt>
      <trkpt lat="40.640750" lon="-0.093549">
        <ele>1090.8</ele>
        <time>2015-07-30T18:12:18Z</time>
      </trkpt>
      <trkpt lat="40.640667" lon="-0.093583">
        <ele>1089.5</ele>
        <time>2015-07-30T18:12:24Z</time>
      </trkpt>
      <trkpt lat="40.640600" lon="-0.093583">
        <ele>1089.0</ele>
        <time>2015-07-30T18:12:29Z</time>
      </trkpt>
      <trkpt lat="40.640517" lon="-0.093600">
        <ele>1088.1</ele>
        <time>2015-07-30T18:12:35Z</time>
      </trkpt>
      <trkpt lat="40.640434" lon="-0.093583">
        <ele>1087.4</ele>
        <time>2015-07-30T18:12:41Z</time>
      </trkpt>
      <trkpt lat="40.640400" lon="-0.093566">
        <ele>1087.3</ele>
        <time>2015-07-30T18:12:44Z</time>
      </trkpt>
      <trkpt lat="40.640317" lon="-0.093583">
        <ele>1085.6</ele>
        <time>2015-07-30T18:12:50Z</time>
      </trkpt>
      <trkpt lat="40.640284" lon="-0.093600">
        <ele>1085.2</ele>
        <time>2015-07-30T18:12:53Z</time>
      </trkpt>
      <trkpt lat="40.640184" lon="-0.093683">
        <ele>1083.7</ele>
        <time>2015-07-30T18:13:01Z</time>
      </trkpt>
      <trkpt lat="40.640134" lon="-0.093716">
        <ele>1083.6</ele>
        <time>2015-07-30T18:13:05Z</time>
      </trkpt>
      <trkpt lat="40.640084" lon="-0.093749">
        <ele>1083.4</ele>
        <time>2015-07-30T18:13:09Z</time>
      </trkpt>
      <trkpt lat="40.640017" lon="-0.093800">
        <ele>1082.4</ele>
        <time>2015-07-30T18:13:15Z</time>
      </trkpt>
      <trkpt lat="40.639934" lon="-0.093849">
        <ele>1082.1</ele>
        <time>2015-07-30T18:13:22Z</time>
      </trkpt>
      <trkpt lat="40.639867" lon="-0.093916">
        <ele>1082.4</ele>
        <time>2015-07-30T18:13:28Z</time>
      </trkpt>
      <trkpt lat="40.639817" lon="-0.093966">
        <ele>1082.1</ele>
        <time>2015-07-30T18:13:32Z</time>
      </trkpt>
      <trkpt lat="40.639750" lon="-0.094016">
        <ele>1082.4</ele>
        <time>2015-07-30T18:13:38Z</time>
      </trkpt>
      <trkpt lat="40.639684" lon="-0.094066">
        <ele>1081.9</ele>
        <time>2015-07-30T18:13:44Z</time>
      </trkpt>
      <trkpt lat="40.639617" lon="-0.094116">
        <ele>1082.1</ele>
        <time>2015-07-30T18:13:49Z</time>
      </trkpt>
      <trkpt lat="40.639551" lon="-0.094166">
        <ele>1081.3</ele>
        <time>2015-07-30T18:13:55Z</time>
      </trkpt>
      <trkpt lat="40.639467" lon="-0.094183">
        <ele>1080.2</ele>
        <time>2015-07-30T18:14:01Z</time>
      </trkpt>
      <trkpt lat="40.639400" lon="-0.094233">
        <ele>1080.5</ele>
        <time>2015-07-30T18:14:06Z</time>
      </trkpt>
      <trkpt lat="40.639351" lon="-0.094283">
        <ele>1080.0</ele>
        <time>2015-07-30T18:14:11Z</time>
      </trkpt>
      <trkpt lat="40.639300" lon="-0.094333">
        <ele>1080.1</ele>
        <time>2015-07-30T18:14:16Z</time>
      </trkpt>
      <trkpt lat="40.639234" lon="-0.094383">
        <ele>1080.7</ele>
        <time>2015-07-30T18:14:21Z</time>
      </trkpt>
      <trkpt lat="40.639184" lon="-0.094450">
        <ele>1081.0</ele>
        <time>2015-07-30T18:14:26Z</time>
      </trkpt>
      <trkpt lat="40.639101" lon="-0.094483">
        <ele>1082.1</ele>
        <time>2015-07-30T18:14:33Z</time>
      </trkpt>
      <trkpt lat="40.639017" lon="-0.094549">
        <ele>1083.5</ele>
        <time>2015-07-30T18:14:40Z</time>
      </trkpt>
      <trkpt lat="40.638950" lon="-0.094633">
        <ele>1084.1</ele>
        <time>2015-07-30T18:14:46Z</time>
      </trkpt>
      <trkpt lat="40.638884" lon="-0.094683">
        <ele>1084.5</ele>
        <time>2015-07-30T18:14:52Z</time>
      </trkpt>
      <trkpt lat="40.638850" lon="-0.094683">
        <ele>1085.0</ele>
        <time>2015-07-30T18:14:54Z</time>
      </trkpt>
      <trkpt lat="40.638767" lon="-0.094800">
        <ele>1082.9</ele>
        <time>2015-07-30T18:15:03Z</time>
      </trkpt>
      <trkpt lat="40.638734" lon="-0.094866">
        <ele>1082.7</ele>
        <time>2015-07-30T18:15:08Z</time>
      </trkpt>
      <trkpt lat="40.638700" lon="-0.094950">
        <ele>1082.7</ele>
        <time>2015-07-30T18:15:13Z</time>
      </trkpt>
      <trkpt lat="40.638684" lon="-0.095033">
        <ele>1082.1</ele>
        <time>2015-07-30T18:15:18Z</time>
      </trkpt>
      <trkpt lat="40.638634" lon="-0.095099">
        <ele>1082.6</ele>
        <time>2015-07-30T18:15:23Z</time>
      </trkpt>
      <trkpt lat="40.638584" lon="-0.095166">
        <ele>1082.2</ele>
        <time>2015-07-30T18:15:28Z</time>
      </trkpt>
      <trkpt lat="40.638517" lon="-0.095199">
        <ele>1081.8</ele>
        <time>2015-07-30T18:15:33Z</time>
      </trkpt>
      <trkpt lat="40.638467" lon="-0.095233">
        <ele>1080.9</ele>
        <time>2015-07-30T18:15:37Z</time>
      </trkpt>
      <trkpt lat="40.638384" lon="-0.095283">
        <ele>1080.1</ele>
        <time>2015-07-30T18:15:44Z</time>
      </trkpt>
      <trkpt lat="40.638317" lon="-0.095316">
        <ele>1079.5</ele>
        <time>2015-07-30T18:15:49Z</time>
      </trkpt>
      <trkpt lat="40.638251" lon="-0.095333">
        <ele>1079.4</ele>
        <time>2015-07-30T18:15:54Z</time>
      </trkpt>
      <trkpt lat="40.638184" lon="-0.095349">
        <ele>1079.2</ele>
        <time>2015-07-30T18:15:59Z</time>
      </trkpt>
      <trkpt lat="40.638117" lon="-0.095383">
        <ele>1078.1</ele>
        <time>2015-07-30T18:16:04Z</time>
      </trkpt>
      <trkpt lat="40.638067" lon="-0.095416">
        <ele>1076.8</ele>
        <time>2015-07-30T18:16:08Z</time>
      </trkpt>
      <trkpt lat="40.637984" lon="-0.095433">
        <ele>1077.0</ele>
        <time>2015-07-30T18:16:14Z</time>
      </trkpt>
      <trkpt lat="40.637917" lon="-0.095466">
        <ele>1076.4</ele>
        <time>2015-07-30T18:16:20Z</time>
      </trkpt>
      <trkpt lat="40.637850" lon="-0.095500">
        <ele>1076.0</ele>
        <time>2015-07-30T18:16:25Z</time>
      </trkpt>
      <trkpt lat="40.637767" lon="-0.095533">
        <ele>1075.7</ele>
        <time>2015-07-30T18:16:31Z</time>
      </trkpt>
      <trkpt lat="40.637701" lon="-0.095566">
        <ele>1074.6</ele>
        <time>2015-07-30T18:16:36Z</time>
      </trkpt>
      <trkpt lat="40.637617" lon="-0.095633">
        <ele>1072.8</ele>
        <time>2015-07-30T18:16:43Z</time>
      </trkpt>
      <trkpt lat="40.637551" lon="-0.095700">
        <ele>1072.8</ele>
        <time>2015-07-30T18:16:49Z</time>
      </trkpt>
      <trkpt lat="40.637534" lon="-0.095716">
        <ele>1073.0</ele>
        <time>2015-07-30T18:16:51Z</time>
      </trkpt>
      <trkpt lat="40.637434" lon="-0.095833">
        <ele>1072.3</ele>
        <time>2015-07-30T18:17:01Z</time>
      </trkpt>
      <trkpt lat="40.637367" lon="-0.095899">
        <ele>1071.3</ele>
        <time>2015-07-30T18:17:07Z</time>
      </trkpt>
      <trkpt lat="40.637300" lon="-0.095916">
        <ele>1071.6</ele>
        <time>2015-07-30T18:17:12Z</time>
      </trkpt>
      <trkpt lat="40.637234" lon="-0.095949">
        <ele>1070.2</ele>
        <time>2015-07-30T18:17:17Z</time>
      </trkpt>
      <trkpt lat="40.637150" lon="-0.095966">
        <ele>1069.6</ele>
        <time>2015-07-30T18:17:23Z</time>
      </trkpt>
      <trkpt lat="40.637084" lon="-0.095966">
        <ele>1068.8</ele>
        <time>2015-07-30T18:17:28Z</time>
      </trkpt>
      <trkpt lat="40.637001" lon="-0.095949">
        <ele>1068.3</ele>
        <time>2015-07-30T18:17:34Z</time>
      </trkpt>
      <trkpt lat="40.636950" lon="-0.095916">
        <ele>1068.3</ele>
        <time>2015-07-30T18:17:38Z</time>
      </trkpt>
      <trkpt lat="40.636884" lon="-0.095899">
        <ele>1067.3</ele>
        <time>2015-07-30T18:17:43Z</time>
      </trkpt>
      <trkpt lat="40.636817" lon="-0.095849">
        <ele>1067.5</ele>
        <time>2015-07-30T18:17:49Z</time>
      </trkpt>
      <trkpt lat="40.636734" lon="-0.095833">
        <ele>1066.0</ele>
        <time>2015-07-30T18:17:55Z</time>
      </trkpt>
      <trkpt lat="40.636668" lon="-0.095800">
        <ele>1066.7</ele>
        <time>2015-07-30T18:18:00Z</time>
      </trkpt>
      <trkpt lat="40.636584" lon="-0.095800">
        <ele>1066.5</ele>
        <time>2015-07-30T18:18:06Z</time>
      </trkpt>
      <trkpt lat="40.636518" lon="-0.095833">
        <ele>1065.6</ele>
        <time>2015-07-30T18:18:11Z</time>
      </trkpt>
      <trkpt lat="40.636451" lon="-0.095883">
        <ele>1065.3</ele>
        <time>2015-07-30T18:18:17Z</time>
      </trkpt>
      <trkpt lat="40.636367" lon="-0.095899">
        <ele>1066.0</ele>
        <time>2015-07-30T18:18:23Z</time>
      </trkpt>
      <trkpt lat="40.636284" lon="-0.095883">
        <ele>1067.7</ele>
        <time>2015-07-30T18:18:29Z</time>
      </trkpt>
      <trkpt lat="40.636218" lon="-0.095933">
        <ele>1068.0</ele>
        <time>2015-07-30T18:18:35Z</time>
      </trkpt>
      <trkpt lat="40.636151" lon="-0.095999">
        <ele>1069.9</ele>
        <time>2015-07-30T18:18:41Z</time>
      </trkpt>
      <trkpt lat="40.636151" lon="-0.096016">
        <ele>1069.4</ele>
        <time>2015-07-30T18:18:42Z</time>
      </trkpt>
      <trkpt lat="40.636035" lon="-0.096150">
        <ele>1071.0</ele>
        <time>2015-07-30T18:18:53Z</time>
      </trkpt>
      <trkpt lat="40.635968" lon="-0.096216">
        <ele>1071.6</ele>
        <time>2015-07-30T18:18:59Z</time>
      </trkpt>
      <trkpt lat="40.635917" lon="-0.096283">
        <ele>1071.5</ele>
        <time>2015-07-30T18:19:04Z</time>
      </trkpt>
      <trkpt lat="40.635851" lon="-0.096333">
        <ele>1071.7</ele>
        <time>2015-07-30T18:19:10Z</time>
      </trkpt>
      <trkpt lat="40.635784" lon="-0.096383">
        <ele>1072.2</ele>
        <time>2015-07-30T18:19:15Z</time>
      </trkpt>
      <trkpt lat="40.635734" lon="-0.096483">
        <ele>1071.6</ele>
        <time>2015-07-30T18:19:22Z</time>
      </trkpt>
      <trkpt lat="40.635701" lon="-0.096583">
        <ele>1070.4</ele>
        <time>2015-07-30T18:19:28Z</time>
      </trkpt>
      <trkpt lat="40.635668" lon="-0.096633">
        <ele>1070.2</ele>
        <time>2015-07-30T18:19:32Z</time>
      </trkpt>
      <trkpt lat="40.635618" lon="-0.096716">
        <ele>1069.5</ele>
        <time>2015-07-30T18:19:37Z</time>
      </trkpt>
      <trkpt lat="40.635567" lon="-0.096800">
        <ele>1068.9</ele>
        <time>2015-07-30T18:19:43Z</time>
      </trkpt>
      <trkpt lat="40.635518" lon="-0.096900">
        <ele>1068.0</ele>
        <time>2015-07-30T18:19:50Z</time>
      </trkpt>
      <trkpt lat="40.635485" lon="-0.096966">
        <ele>1066.9</ele>
        <time>2015-07-30T18:19:54Z</time>
      </trkpt>
      <trkpt lat="40.635485" lon="-0.096983">
        <ele>1066.6</ele>
        <time>2015-07-30T18:19:55Z</time>
      </trkpt>
      <trkpt lat="40.635485" lon="-0.097150">
        <ele>1064.3</ele>
        <time>2015-07-30T18:20:05Z</time>
      </trkpt>
      <trkpt lat="40.635401" lon="-0.097166">
        <ele>1063.0</ele>
        <time>2015-07-30T18:20:11Z</time>
      </trkpt>
      <trkpt lat="40.635334" lon="-0.097116">
        <ele>1062.0</ele>
        <time>2015-07-30T18:20:16Z</time>
      </trkpt>
      <trkpt lat="40.635301" lon="-0.097066">
        <ele>1061.7</ele>
        <time>2015-07-30T18:20:20Z</time>
      </trkpt>
      <trkpt lat="40.635217" lon="-0.097033">
        <ele>1059.6</ele>
        <time>2015-07-30T18:20:26Z</time>
      </trkpt>
      <trkpt lat="40.635150" lon="-0.096983">
        <ele>1058.3</ele>
        <time>2015-07-30T18:20:32Z</time>
      </trkpt>
      <trkpt lat="40.635101" lon="-0.096950">
        <ele>1057.2</ele>
        <time>2015-07-30T18:20:36Z</time>
      </trkpt>
      <trkpt lat="40.635068" lon="-0.096916">
        <ele>1056.6</ele>
        <time>2015-07-30T18:20:39Z</time>
      </trkpt>
      <trkpt lat="40.635017" lon="-0.096900">
        <ele>1055.3</ele>
        <time>2015-07-30T18:20:43Z</time>
      </trkpt>
      <trkpt lat="40.634984" lon="-0.096866">
        <ele>1054.7</ele>
        <time>2015-07-30T18:20:46Z</time>
      </trkpt>
      <trkpt lat="40.634901" lon="-0.096816">
        <ele>1052.8</ele>
        <time>2015-07-30T18:20:52Z</time>
      </trkpt>
      <trkpt lat="40.634834" lon="-0.096766">
        <ele>1051.5</ele>
        <time>2015-07-30T18:20:58Z</time>
      </trkpt>
      <trkpt lat="40.634751" lon="-0.096716">
        <ele>1049.6</ele>
        <time>2015-07-30T18:21:05Z</time>
      </trkpt>
      <trkpt lat="40.634701" lon="-0.096700">
        <ele>1048.5</ele>
        <time>2015-07-30T18:21:08Z</time>
      </trkpt>
      <trkpt lat="40.634651" lon="-0.096666">
        <ele>1047.5</ele>
        <time>2015-07-30T18:21:13Z</time>
      </trkpt>
      <trkpt lat="40.634601" lon="-0.096649">
        <ele>1046.3</ele>
        <time>2015-07-30T18:21:16Z</time>
      </trkpt>
      <trkpt lat="40.634551" lon="-0.096632">
        <ele>1045.5</ele>
        <time>2015-07-30T18:21:20Z</time>
      </trkpt>
      <trkpt lat="40.634501" lon="-0.096616">
        <ele>1044.6</ele>
        <time>2015-07-30T18:21:24Z</time>
      </trkpt>
      <trkpt lat="40.634418" lon="-0.096583">
        <ele>1043.0</ele>
        <time>2015-07-30T18:21:30Z</time>
      </trkpt>
      <trkpt lat="40.634351" lon="-0.096583">
        <ele>1042.0</ele>
        <time>2015-07-30T18:21:35Z</time>
      </trkpt>
      <trkpt lat="40.634284" lon="-0.096583">
        <ele>1041.4</ele>
        <time>2015-07-30T18:21:40Z</time>
      </trkpt>
      <trkpt lat="40.634201" lon="-0.096549">
        <ele>1041.1</ele>
        <time>2015-07-30T18:21:46Z</time>
      </trkpt>
      <trkpt lat="40.634167" lon="-0.096549">
        <ele>1040.5</ele>
        <time>2015-07-30T18:21:49Z</time>
      </trkpt>
      <trkpt lat="40.634117" lon="-0.096549">
        <ele>1039.4</ele>
        <time>2015-07-30T18:21:52Z</time>
      </trkpt>
      <trkpt lat="40.634017" lon="-0.096549">
        <ele>1038.2</ele>
        <time>2015-07-30T18:22:00Z</time>
      </trkpt>
      <trkpt lat="40.633951" lon="-0.096583">
        <ele>1037.1</ele>
        <time>2015-07-30T18:22:05Z</time>
      </trkpt>
      <trkpt lat="40.633868" lon="-0.096583">
        <ele>1035.1</ele>
        <time>2015-07-30T18:22:11Z</time>
      </trkpt>
      <trkpt lat="40.633817" lon="-0.096516">
        <ele>1035.4</ele>
        <time>2015-07-30T18:22:16Z</time>
      </trkpt>
      <trkpt lat="40.633751" lon="-0.096449">
        <ele>1034.0</ele>
        <time>2015-07-30T18:22:22Z</time>
      </trkpt>
      <trkpt lat="40.633701" lon="-0.096366">
        <ele>1032.7</ele>
        <time>2015-07-30T18:22:28Z</time>
      </trkpt>
      <trkpt lat="40.633667" lon="-0.096300">
        <ele>1031.2</ele>
        <time>2015-07-30T18:22:32Z</time>
      </trkpt>
      <trkpt lat="40.633634" lon="-0.096216">
        <ele>1030.7</ele>
        <time>2015-07-30T18:22:37Z</time>
      </trkpt>
      <trkpt lat="40.633601" lon="-0.096133">
        <ele>1030.4</ele>
        <time>2015-07-30T18:22:43Z</time>
      </trkpt>
      <trkpt lat="40.633567" lon="-0.096066">
        <ele>1029.8</ele>
        <time>2015-07-30T18:22:47Z</time>
      </trkpt>
      <trkpt lat="40.633517" lon="-0.095999">
        <ele>1028.7</ele>
        <time>2015-07-30T18:22:52Z</time>
      </trkpt>
      <trkpt lat="40.633484" lon="-0.095933">
        <ele>1027.8</ele>
        <time>2015-07-30T18:22:57Z</time>
      </trkpt>
      <trkpt lat="40.633434" lon="-0.095833">
        <ele>1026.7</ele>
        <time>2015-07-30T18:23:03Z</time>
      </trkpt>
      <trkpt lat="40.633401" lon="-0.095783">
        <ele>1026.1</ele>
        <time>2015-07-30T18:23:07Z</time>
      </trkpt>
      <trkpt lat="40.633351" lon="-0.095716">
        <ele>1024.7</ele>
        <time>2015-07-30T18:23:12Z</time>
      </trkpt>
      <trkpt lat="40.633301" lon="-0.095649">
        <ele>1023.2</ele>
        <time>2015-07-30T18:23:17Z</time>
      </trkpt>
      <trkpt lat="40.633251" lon="-0.095583">
        <ele>1022.5</ele>
        <time>2015-07-30T18:23:23Z</time>
      </trkpt>
      <trkpt lat="40.633184" lon="-0.095500">
        <ele>1022.2</ele>
        <time>2015-07-30T18:23:29Z</time>
      </trkpt>
      <trkpt lat="40.633134" lon="-0.095449">
        <ele>1022.0</ele>
        <time>2015-07-30T18:23:34Z</time>
      </trkpt>
      <trkpt lat="40.633084" lon="-0.095383">
        <ele>1021.4</ele>
        <time>2015-07-30T18:23:39Z</time>
      </trkpt>
      <trkpt lat="40.633034" lon="-0.095333">
        <ele>1020.8</ele>
        <time>2015-07-30T18:23:44Z</time>
      </trkpt>
      <trkpt lat="40.632951" lon="-0.095283">
        <ele>1019.4</ele>
        <time>2015-07-30T18:23:50Z</time>
      </trkpt>
      <trkpt lat="40.632868" lon="-0.095250">
        <ele>1019.3</ele>
        <time>2015-07-30T18:23:57Z</time>
      </trkpt>
      <trkpt lat="40.632851" lon="-0.095233">
        <ele>1018.9</ele>
        <time>2015-07-30T18:23:58Z</time>
      </trkpt>
      <trkpt lat="40.632734" lon="-0.095199">
        <ele>1018.1</ele>
        <time>2015-07-30T18:24:07Z</time>
      </trkpt>
      <trkpt lat="40.632668" lon="-0.095199">
        <ele>1017.5</ele>
        <time>2015-07-30T18:24:12Z</time>
      </trkpt>
      <trkpt lat="40.632567" lon="-0.095216">
        <ele>1016.5</ele>
        <time>2015-07-30T18:24:19Z</time>
      </trkpt>
      <trkpt lat="40.632501" lon="-0.095233">
        <ele>1015.3</ele>
        <time>2015-07-30T18:24:24Z</time>
      </trkpt>
      <trkpt lat="40.632401" lon="-0.095233">
        <ele>1014.7</ele>
        <time>2015-07-30T18:24:31Z</time>
      </trkpt>
      <trkpt lat="40.632317" lon="-0.095250">
        <ele>1013.4</ele>
        <time>2015-07-30T18:24:37Z</time>
      </trkpt>
      <trkpt lat="40.632234" lon="-0.095233">
        <ele>1013.4</ele>
        <time>2015-07-30T18:24:43Z</time>
      </trkpt>
      <trkpt lat="40.632168" lon="-0.095183">
        <ele>1012.4</ele>
        <time>2015-07-30T18:24:49Z</time>
      </trkpt>
      <trkpt lat="40.632117" lon="-0.095133">
        <ele>1012.0</ele>
        <time>2015-07-30T18:24:54Z</time>
      </trkpt>
      <trkpt lat="40.632034" lon="-0.095099">
        <ele>1010.8</ele>
        <time>2015-07-30T18:25:00Z</time>
      </trkpt>
      <trkpt lat="40.631968" lon="-0.095050">
        <ele>1010.7</ele>
        <time>2015-07-30T18:25:05Z</time>
      </trkpt>
      <trkpt lat="40.631917" lon="-0.095016">
        <ele>1009.6</ele>
        <time>2015-07-30T18:25:10Z</time>
      </trkpt>
      <trkpt lat="40.631834" lon="-0.094966">
        <ele>1008.3</ele>
        <time>2015-07-30T18:25:16Z</time>
      </trkpt>
      <trkpt lat="40.631767" lon="-0.094933">
        <ele>1007.2</ele>
        <time>2015-07-30T18:25:21Z</time>
      </trkpt>
      <trkpt lat="40.631701" lon="-0.094883">
        <ele>1006.8</ele>
        <time>2015-07-30T18:25:27Z</time>
      </trkpt>
      <trkpt lat="40.631618" lon="-0.094833">
        <ele>1005.2</ele>
        <time>2015-07-30T18:25:34Z</time>
      </trkpt>
      <trkpt lat="40.631551" lon="-0.094799">
        <ele>1002.7</ele>
        <time>2015-07-30T18:25:39Z</time>
      </trkpt>
      <trkpt lat="40.631501" lon="-0.094733">
        <ele>1002.1</ele>
        <time>2015-07-30T18:25:44Z</time>
      </trkpt>
      <trkpt lat="40.631418" lon="-0.094683">
        <ele>1000.3</ele>
        <time>2015-07-30T18:25:51Z</time>
      </trkpt>
      <trkpt lat="40.631401" lon="-0.094683">
        <ele>999.5</ele>
        <time>2015-07-30T18:25:52Z</time>
      </trkpt>
      <trkpt lat="40.631284" lon="-0.094600">
        <ele>997.2</ele>
        <time>2015-07-30T18:26:02Z</time>
      </trkpt>
      <trkpt lat="40.631201" lon="-0.094566">
        <ele>994.8</ele>
        <time>2015-07-30T18:26:08Z</time>
      </trkpt>
      <trkpt lat="40.631134" lon="-0.094516">
        <ele>993.4</ele>
        <time>2015-07-30T18:26:13Z</time>
      </trkpt>
      <trkpt lat="40.631051" lon="-0.094483">
        <ele>991.2</ele>
        <time>2015-07-30T18:26:20Z</time>
      </trkpt>
      <trkpt lat="40.630984" lon="-0.094432">
        <ele>990.9</ele>
        <time>2015-07-30T18:26:25Z</time>
      </trkpt>
      <trkpt lat="40.630901" lon="-0.094483">
        <ele>989.1</ele>
        <time>2015-07-30T18:26:32Z</time>
      </trkpt>
      <trkpt lat="40.630834" lon="-0.094499">
        <ele>988.2</ele>
        <time>2015-07-30T18:26:37Z</time>
      </trkpt>
      <trkpt lat="40.630767" lon="-0.094583">
        <ele>986.7</ele>
        <time>2015-07-30T18:26:44Z</time>
      </trkpt>
      <trkpt lat="40.630734" lon="-0.094683">
        <ele>985.6</ele>
        <time>2015-07-30T18:26:50Z</time>
      </trkpt>
      <trkpt lat="40.630667" lon="-0.094683">
        <ele>984.1</ele>
        <time>2015-07-30T18:26:55Z</time>
      </trkpt>
      <trkpt lat="40.630584" lon="-0.094632">
        <ele>983.7</ele>
        <time>2015-07-30T18:27:01Z</time>
      </trkpt>
      <trkpt lat="40.630518" lon="-0.094583">
        <ele>980.6</ele>
        <time>2015-07-30T18:27:07Z</time>
      </trkpt>
      <trkpt lat="40.630451" lon="-0.094516">
        <ele>979.6</ele>
        <time>2015-07-30T18:27:13Z</time>
      </trkpt>
      <trkpt lat="40.630367" lon="-0.094483">
        <ele>977.9</ele>
        <time>2015-07-30T18:27:19Z</time>
      </trkpt>
      <trkpt lat="40.630367" lon="-0.094483">
        <ele>977.9</ele>
        <time>2015-07-30T18:27:19Z</time>
      </trkpt>
      <trkpt lat="40.630234" lon="-0.094416">
        <ele>975.0</ele>
        <time>2015-07-30T18:27:30Z</time>
      </trkpt>
      <trkpt lat="40.630168" lon="-0.094399">
        <ele>973.8</ele>
        <time>2015-07-30T18:27:35Z</time>
      </trkpt>
      <trkpt lat="40.630101" lon="-0.094383">
        <ele>973.5</ele>
        <time>2015-07-30T18:27:40Z</time>
      </trkpt>
      <trkpt lat="40.630034" lon="-0.094366">
        <ele>973.4</ele>
        <time>2015-07-30T18:27:44Z</time>
      </trkpt>
      <trkpt lat="40.629968" lon="-0.094332">
        <ele>973.0</ele>
        <time>2015-07-30T18:27:50Z</time>
      </trkpt>
      <trkpt lat="40.629885" lon="-0.094282">
        <ele>972.8</ele>
        <time>2015-07-30T18:27:56Z</time>
      </trkpt>
      <trkpt lat="40.629818" lon="-0.094232">
        <ele>973.1</ele>
        <time>2015-07-30T18:28:02Z</time>
      </trkpt>
      <trkpt lat="40.629767" lon="-0.094182">
        <ele>973.2</ele>
        <time>2015-07-30T18:28:06Z</time>
      </trkpt>
      <trkpt lat="40.629701" lon="-0.094133">
        <ele>973.4</ele>
        <time>2015-07-30T18:28:12Z</time>
      </trkpt>
      <trkpt lat="40.629701" lon="-0.094133">
        <ele>973.4</ele>
        <time>2015-07-30T18:28:12Z</time>
      </trkpt>
      <trkpt lat="40.629601" lon="-0.094166">
        <ele>973.9</ele>
        <time>2015-07-30T18:28:20Z</time>
      </trkpt>
      <trkpt lat="40.629601" lon="-0.094166">
        <ele>973.9</ele>
        <time>2015-07-30T18:28:20Z</time>
      </trkpt>
      <trkpt lat="40.629484" lon="-0.094316">
        <ele>975.7</ele>
        <time>2015-07-30T18:28:31Z</time>
      </trkpt>
      <trkpt lat="40.629435" lon="-0.094399">
        <ele>974.7</ele>
        <time>2015-07-30T18:28:37Z</time>
      </trkpt>
      <trkpt lat="40.629368" lon="-0.094483">
        <ele>974.8</ele>
        <time>2015-07-30T18:28:44Z</time>
      </trkpt>
      <trkpt lat="40.629335" lon="-0.094549">
        <ele>974.9</ele>
        <time>2015-07-30T18:28:48Z</time>
      </trkpt>
      <trkpt lat="40.629268" lon="-0.094599">
        <ele>975.4</ele>
        <time>2015-07-30T18:28:54Z</time>
      </trkpt>
      <trkpt lat="40.629217" lon="-0.094683">
        <ele>975.6</ele>
        <time>2015-07-30T18:29:00Z</time>
      </trkpt>
      <trkpt lat="40.629151" lon="-0.094732">
        <ele>976.1</ele>
        <time>2015-07-30T18:29:05Z</time>
      </trkpt>
      <trkpt lat="40.629100" lon="-0.094799">
        <ele>975.8</ele>
        <time>2015-07-30T18:29:11Z</time>
      </trkpt>
      <trkpt lat="40.629034" lon="-0.094866">
        <ele>975.6</ele>
        <time>2015-07-30T18:29:17Z</time>
      </trkpt>
      <trkpt lat="40.628968" lon="-0.094899">
        <ele>975.2</ele>
        <time>2015-07-30T18:29:22Z</time>
      </trkpt>
      <trkpt lat="40.628901" lon="-0.094933">
        <ele>975.5</ele>
        <time>2015-07-30T18:29:27Z</time>
      </trkpt>
      <trkpt lat="40.628851" lon="-0.094966">
        <ele>975.0</ele>
        <time>2015-07-30T18:29:31Z</time>
      </trkpt>
      <trkpt lat="40.628784" lon="-0.095016">
        <ele>975.0</ele>
        <time>2015-07-30T18:29:37Z</time>
      </trkpt>
      <trkpt lat="40.628734" lon="-0.095066">
        <ele>974.8</ele>
        <time>2015-07-30T18:29:41Z</time>
      </trkpt>
      <trkpt lat="40.628684" lon="-0.095116">
        <ele>974.7</ele>
        <time>2015-07-30T18:29:46Z</time>
      </trkpt>
      <trkpt lat="40.628634" lon="-0.095183">
        <ele>974.7</ele>
        <time>2015-07-30T18:29:51Z</time>
      </trkpt>
      <trkpt lat="40.628601" lon="-0.095266">
        <ele>974.7</ele>
        <time>2015-07-30T18:29:56Z</time>
      </trkpt>
      <trkpt lat="40.628567" lon="-0.095349">
        <ele>974.5</ele>
        <time>2015-07-30T18:30:01Z</time>
      </trkpt>
      <trkpt lat="40.628534" lon="-0.095416">
        <ele>974.7</ele>
        <time>2015-07-30T18:30:06Z</time>
      </trkpt>
      <trkpt lat="40.628501" lon="-0.095499">
        <ele>974.8</ele>
        <time>2015-07-30T18:30:11Z</time>
      </trkpt>
      <trkpt lat="40.628451" lon="-0.095582">
        <ele>975.0</ele>
        <time>2015-07-30T18:30:17Z</time>
      </trkpt>
      <trkpt lat="40.628434" lon="-0.095632">
        <ele>974.8</ele>
        <time>2015-07-30T18:30:20Z</time>
      </trkpt>
      <trkpt lat="40.628384" lon="-0.095749">
        <ele>975.4</ele>
        <time>2015-07-30T18:30:27Z</time>
      </trkpt>
      <trkpt lat="40.628351" lon="-0.095833">
        <ele>975.1</ele>
        <time>2015-07-30T18:30:33Z</time>
      </trkpt>
      <trkpt lat="40.628317" lon="-0.095916">
        <ele>975.1</ele>
        <time>2015-07-30T18:30:38Z</time>
      </trkpt>
      <trkpt lat="40.628284" lon="-0.095982">
        <ele>975.1</ele>
        <time>2015-07-30T18:30:42Z</time>
      </trkpt>
      <trkpt lat="40.628251" lon="-0.096049">
        <ele>975.1</ele>
        <time>2015-07-30T18:30:47Z</time>
      </trkpt>
      <trkpt lat="40.628201" lon="-0.096132">
        <ele>975.3</ele>
        <time>2015-07-30T18:30:52Z</time>
      </trkpt>
      <trkpt lat="40.628168" lon="-0.096199">
        <ele>975.3</ele>
        <time>2015-07-30T18:30:57Z</time>
      </trkpt>
      <trkpt lat="40.628134" lon="-0.096266">
        <ele>975.4</ele>
        <time>2015-07-30T18:31:01Z</time>
      </trkpt>
      <trkpt lat="40.628101" lon="-0.096349">
        <ele>975.2</ele>
        <time>2015-07-30T18:31:06Z</time>
      </trkpt>
      <trkpt lat="40.628068" lon="-0.096432">
        <ele>975.4</ele>
        <time>2015-07-30T18:31:12Z</time>
      </trkpt>
      <trkpt lat="40.628034" lon="-0.096499">
        <ele>975.3</ele>
        <time>2015-07-30T18:31:16Z</time>
      </trkpt>
      <trkpt lat="40.628017" lon="-0.096583">
        <ele>975.4</ele>
        <time>2015-07-30T18:31:21Z</time>
      </trkpt>
      <trkpt lat="40.627984" lon="-0.096666">
        <ele>975.5</ele>
        <time>2015-07-30T18:31:26Z</time>
      </trkpt>
      <trkpt lat="40.627951" lon="-0.096733">
        <ele>975.3</ele>
        <time>2015-07-30T18:31:30Z</time>
      </trkpt>
      <trkpt lat="40.627918" lon="-0.096816">
        <ele>975.3</ele>
        <time>2015-07-30T18:31:36Z</time>
      </trkpt>
      <trkpt lat="40.627884" lon="-0.096899">
        <ele>975.3</ele>
        <time>2015-07-30T18:31:41Z</time>
      </trkpt>
      <trkpt lat="40.627851" lon="-0.096966">
        <ele>975.3</ele>
        <time>2015-07-30T18:31:45Z</time>
      </trkpt>
      <trkpt lat="40.627818" lon="-0.097033">
        <ele>975.3</ele>
        <time>2015-07-30T18:31:50Z</time>
      </trkpt>
      <trkpt lat="40.627784" lon="-0.097099">
        <ele>975.1</ele>
        <time>2015-07-30T18:31:54Z</time>
      </trkpt>
      <trkpt lat="40.627734" lon="-0.097216">
        <ele>975.1</ele>
        <time>2015-07-30T18:32:01Z</time>
      </trkpt>
      <trkpt lat="40.627684" lon="-0.097299">
        <ele>975.1</ele>
        <time>2015-07-30T18:32:07Z</time>
      </trkpt>
      <trkpt lat="40.627651" lon="-0.097416">
        <ele>974.8</ele>
        <time>2015-07-30T18:32:14Z</time>
      </trkpt>
      <trkpt lat="40.627601" lon="-0.097466">
        <ele>974.4</ele>
        <time>2015-07-30T18:32:19Z</time>
      </trkpt>
      <trkpt lat="40.627551" lon="-0.097515">
        <ele>973.9</ele>
        <time>2015-07-30T18:32:23Z</time>
      </trkpt>
      <trkpt lat="40.627468" lon="-0.097515">
        <ele>973.2</ele>
        <time>2015-07-30T18:32:29Z</time>
      </trkpt>
      <trkpt lat="40.627417" lon="-0.097499">
        <ele>972.8</ele>
        <time>2015-07-30T18:32:33Z</time>
      </trkpt>
      <trkpt lat="40.627384" lon="-0.097466">
        <ele>972.5</ele>
        <time>2015-07-30T18:32:36Z</time>
      </trkpt>
      <trkpt lat="40.627334" lon="-0.097432">
        <ele>972.3</ele>
        <time>2015-07-30T18:32:40Z</time>
      </trkpt>
      <trkpt lat="40.627301" lon="-0.097416">
        <ele>972.0</ele>
        <time>2015-07-30T18:32:43Z</time>
      </trkpt>
      <trkpt lat="40.627251" lon="-0.097349">
        <ele>971.6</ele>
        <time>2015-07-30T18:32:48Z</time>
      </trkpt>
      <trkpt lat="40.627217" lon="-0.097316">
        <ele>971.6</ele>
        <time>2015-07-30T18:32:51Z</time>
      </trkpt>
      <trkpt lat="40.627168" lon="-0.097266">
        <ele>971.3</ele>
        <time>2015-07-30T18:32:56Z</time>
      </trkpt>
      <trkpt lat="40.627134" lon="-0.097232">
        <ele>970.8</ele>
        <time>2015-07-30T18:32:59Z</time>
      </trkpt>
      <trkpt lat="40.627085" lon="-0.097183">
        <ele>970.5</ele>
        <time>2015-07-30T18:33:03Z</time>
      </trkpt>
      <trkpt lat="40.627034" lon="-0.097132">
        <ele>970.4</ele>
        <time>2015-07-30T18:33:08Z</time>
      </trkpt>
      <trkpt lat="40.626984" lon="-0.097116">
        <ele>969.9</ele>
        <time>2015-07-30T18:33:12Z</time>
      </trkpt>
      <trkpt lat="40.626934" lon="-0.097099">
        <ele>969.3</ele>
        <time>2015-07-30T18:33:15Z</time>
      </trkpt>
      <trkpt lat="40.626884" lon="-0.097066">
        <ele>969.1</ele>
        <time>2015-07-30T18:33:19Z</time>
      </trkpt>
      <trkpt lat="40.626818" lon="-0.097066">
        <ele>968.7</ele>
        <time>2015-07-30T18:33:24Z</time>
      </trkpt>
      <trkpt lat="40.626751" lon="-0.097066">
        <ele>968.3</ele>
        <time>2015-07-30T18:33:29Z</time>
      </trkpt>
      <trkpt lat="40.626684" lon="-0.097099">
        <ele>967.9</ele>
        <time>2015-07-30T18:33:34Z</time>
      </trkpt>
      <trkpt lat="40.626618" lon="-0.097099">
        <ele>967.6</ele>
        <time>2015-07-30T18:33:39Z</time>
      </trkpt>
      <trkpt lat="40.626567" lon="-0.097149">
        <ele>967.1</ele>
        <time>2015-07-30T18:33:44Z</time>
      </trkpt>
      <trkpt lat="40.626518" lon="-0.097216">
        <ele>966.5</ele>
        <time>2015-07-30T18:33:49Z</time>
      </trkpt>
      <trkpt lat="40.626451" lon="-0.097249">
        <ele>966.2</ele>
        <time>2015-07-30T18:33:54Z</time>
      </trkpt>
      <trkpt lat="40.626401" lon="-0.097299">
        <ele>965.7</ele>
        <time>2015-07-30T18:33:59Z</time>
      </trkpt>
      <trkpt lat="40.626351" lon="-0.097366">
        <ele>965.4</ele>
        <time>2015-07-30T18:34:04Z</time>
      </trkpt>
      <trkpt lat="40.626301" lon="-0.097416">
        <ele>965.0</ele>
        <time>2015-07-30T18:34:08Z</time>
      </trkpt>
      <trkpt lat="40.626251" lon="-0.097482">
        <ele>964.5</ele>
        <time>2015-07-30T18:34:14Z</time>
      </trkpt>
      <trkpt lat="40.626201" lon="-0.097532">
        <ele>964.0</ele>
        <time>2015-07-30T18:34:18Z</time>
      </trkpt>
      <trkpt lat="40.626151" lon="-0.097599">
        <ele>963.6</ele>
        <time>2015-07-30T18:34:23Z</time>
      </trkpt>
      <trkpt lat="40.626117" lon="-0.097666">
        <ele>963.1</ele>
        <time>2015-07-30T18:34:28Z</time>
      </trkpt>
      <trkpt lat="40.626067" lon="-0.097733">
        <ele>962.4</ele>
        <time>2015-07-30T18:34:33Z</time>
      </trkpt>
      <trkpt lat="40.626034" lon="-0.097816">
        <ele>961.9</ele>
        <time>2015-07-30T18:34:38Z</time>
      </trkpt>
      <trkpt lat="40.626001" lon="-0.097899">
        <ele>961.5</ele>
        <time>2015-07-30T18:34:43Z</time>
      </trkpt>
      <trkpt lat="40.625984" lon="-0.097982">
        <ele>960.8</ele>
        <time>2015-07-30T18:34:48Z</time>
      </trkpt>
      <trkpt lat="40.625967" lon="-0.098065">
        <ele>960.4</ele>
        <time>2015-07-30T18:34:53Z</time>
      </trkpt>
      <trkpt lat="40.625967" lon="-0.098149">
        <ele>960.0</ele>
        <time>2015-07-30T18:34:57Z</time>
      </trkpt>
      <trkpt lat="40.625984" lon="-0.098249">
        <ele>959.3</ele>
        <time>2015-07-30T18:35:03Z</time>
      </trkpt>
      <trkpt lat="40.625984" lon="-0.098299">
        <ele>959.1</ele>
        <time>2015-07-30T18:35:06Z</time>
      </trkpt>
      <trkpt lat="40.626001" lon="-0.098366">
        <ele>958.8</ele>
        <time>2015-07-30T18:35:10Z</time>
      </trkpt>
      <trkpt lat="40.626001" lon="-0.098449">
        <ele>958.2</ele>
        <time>2015-07-30T18:35:14Z</time>
      </trkpt>
      <trkpt lat="40.625984" lon="-0.098516">
        <ele>957.6</ele>
        <time>2015-07-30T18:35:18Z</time>
      </trkpt>
      <trkpt lat="40.625951" lon="-0.098582">
        <ele>956.8</ele>
        <time>2015-07-30T18:35:23Z</time>
      </trkpt>
      <trkpt lat="40.625901" lon="-0.098633">
        <ele>955.8</ele>
        <time>2015-07-30T18:35:27Z</time>
      </trkpt>
      <trkpt lat="40.625867" lon="-0.098682">
        <ele>955.5</ele>
        <time>2015-07-30T18:35:31Z</time>
      </trkpt>
      <trkpt lat="40.625818" lon="-0.098716">
        <ele>955.3</ele>
        <time>2015-07-30T18:35:35Z</time>
      </trkpt>
      <trkpt lat="40.625767" lon="-0.098749">
        <ele>954.9</ele>
        <time>2015-07-30T18:35:39Z</time>
      </trkpt>
      <trkpt lat="40.625701" lon="-0.098782">
        <ele>954.5</ele>
        <time>2015-07-30T18:35:44Z</time>
      </trkpt>
      <trkpt lat="40.625651" lon="-0.098833">
        <ele>954.0</ele>
        <time>2015-07-30T18:35:49Z</time>
      </trkpt>
      <trkpt lat="40.625601" lon="-0.098866">
        <ele>953.6</ele>
        <time>2015-07-30T18:35:53Z</time>
      </trkpt>
      <trkpt lat="40.625551" lon="-0.098916">
        <ele>953.4</ele>
        <time>2015-07-30T18:35:57Z</time>
      </trkpt>
      <trkpt lat="40.625501" lon="-0.098966">
        <ele>953.0</ele>
        <time>2015-07-30T18:36:02Z</time>
      </trkpt>
      <trkpt lat="40.625451" lon="-0.098999">
        <ele>952.5</ele>
        <time>2015-07-30T18:36:06Z</time>
      </trkpt>
      <trkpt lat="40.625401" lon="-0.099049">
        <ele>952.0</ele>
        <time>2015-07-30T18:36:11Z</time>
      </trkpt>
      <trkpt lat="40.625351" lon="-0.099099">
        <ele>951.3</ele>
        <time>2015-07-30T18:36:15Z</time>
      </trkpt>
      <trkpt lat="40.625301" lon="-0.099132">
        <ele>951.0</ele>
        <time>2015-07-30T18:36:19Z</time>
      </trkpt>
      <trkpt lat="40.625251" lon="-0.099166">
        <ele>950.7</ele>
        <time>2015-07-30T18:36:23Z</time>
      </trkpt>
      <trkpt lat="40.625201" lon="-0.099199">
        <ele>950.4</ele>
        <time>2015-07-30T18:36:27Z</time>
      </trkpt>
      <trkpt lat="40.625151" lon="-0.099249">
        <ele>949.9</ele>
        <time>2015-07-30T18:36:32Z</time>
      </trkpt>
      <trkpt lat="40.625118" lon="-0.099283">
        <ele>949.5</ele>
        <time>2015-07-30T18:36:35Z</time>
      </trkpt>
      <trkpt lat="40.625085" lon="-0.099332">
        <ele>949.2</ele>
        <time>2015-07-30T18:36:39Z</time>
      </trkpt>
      <trkpt lat="40.625051" lon="-0.099382">
        <ele>948.8</ele>
        <time>2015-07-30T18:36:42Z</time>
      </trkpt>
      <trkpt lat="40.625018" lon="-0.099433">
        <ele>948.3</ele>
        <time>2015-07-30T18:36:46Z</time>
      </trkpt>
      <trkpt lat="40.624967" lon="-0.099516">
        <ele>947.5</ele>
        <time>2015-07-30T18:36:52Z</time>
      </trkpt>
      <trkpt lat="40.624934" lon="-0.099566">
        <ele>947.2</ele>
        <time>2015-07-30T18:36:56Z</time>
      </trkpt>
      <trkpt lat="40.624901" lon="-0.099616">
        <ele>947.0</ele>
        <time>2015-07-30T18:36:59Z</time>
      </trkpt>
      <trkpt lat="40.624867" lon="-0.099666">
        <ele>946.7</ele>
        <time>2015-07-30T18:37:03Z</time>
      </trkpt>
      <trkpt lat="40.624834" lon="-0.099716">
        <ele>946.4</ele>
        <time>2015-07-30T18:37:07Z</time>
      </trkpt>
      <trkpt lat="40.624784" lon="-0.099782">
        <ele>946.2</ele>
        <time>2015-07-30T18:37:12Z</time>
      </trkpt>
      <trkpt lat="40.624751" lon="-0.099833">
        <ele>945.9</ele>
        <time>2015-07-30T18:37:16Z</time>
      </trkpt>
      <trkpt lat="40.624718" lon="-0.099899">
        <ele>945.8</ele>
        <time>2015-07-30T18:37:20Z</time>
      </trkpt>
      <trkpt lat="40.624684" lon="-0.099949">
        <ele>945.6</ele>
        <time>2015-07-30T18:37:24Z</time>
      </trkpt>
      <trkpt lat="40.624634" lon="-0.099999">
        <ele>945.4</ele>
        <time>2015-07-30T18:37:28Z</time>
      </trkpt>
      <trkpt lat="40.624601" lon="-0.100066">
        <ele>945.3</ele>
        <time>2015-07-30T18:37:33Z</time>
      </trkpt>
      <trkpt lat="40.624568" lon="-0.100116">
        <ele>945.3</ele>
        <time>2015-07-30T18:37:36Z</time>
      </trkpt>
      <trkpt lat="40.624517" lon="-0.100166">
        <ele>945.1</ele>
        <time>2015-07-30T18:37:41Z</time>
      </trkpt>
      <trkpt lat="40.624468" lon="-0.100216">
        <ele>944.9</ele>
        <time>2015-07-30T18:37:45Z</time>
      </trkpt>
      <trkpt lat="40.624434" lon="-0.100249">
        <ele>945.0</ele>
        <time>2015-07-30T18:37:48Z</time>
      </trkpt>
      <trkpt lat="40.624384" lon="-0.100283">
        <ele>944.8</ele>
        <time>2015-07-30T18:37:53Z</time>
      </trkpt>
      <trkpt lat="40.624351" lon="-0.100316">
        <ele>944.7</ele>
        <time>2015-07-30T18:37:56Z</time>
      </trkpt>
      <trkpt lat="40.624268" lon="-0.100366">
        <ele>945.4</ele>
        <time>2015-07-30T18:38:02Z</time>
      </trkpt>
      <trkpt lat="40.624201" lon="-0.100382">
        <ele>944.7</ele>
        <time>2015-07-30T18:38:07Z</time>
      </trkpt>
      <trkpt lat="40.624134" lon="-0.100399">
        <ele>945.0</ele>
        <time>2015-07-30T18:38:12Z</time>
      </trkpt>
      <trkpt lat="40.624067" lon="-0.100432">
        <ele>946.4</ele>
        <time>2015-07-30T18:38:17Z</time>
      </trkpt>
      <trkpt lat="40.623984" lon="-0.100466">
        <ele>946.4</ele>
        <time>2015-07-30T18:38:24Z</time>
      </trkpt>
      <trkpt lat="40.623918" lon="-0.100482">
        <ele>947.1</ele>
        <time>2015-07-30T18:38:29Z</time>
      </trkpt>
      <trkpt lat="40.623851" lon="-0.100499">
        <ele>948.0</ele>
        <time>2015-07-30T18:38:33Z</time>
      </trkpt>
      <trkpt lat="40.623784" lon="-0.100516">
        <ele>948.8</ele>
        <time>2015-07-30T18:38:38Z</time>
      </trkpt>
      <trkpt lat="40.623701" lon="-0.100549">
        <ele>949.4</ele>
        <time>2015-07-30T18:38:45Z</time>
      </trkpt>
      <trkpt lat="40.623617" lon="-0.100566">
        <ele>949.9</ele>
        <time>2015-07-30T18:38:51Z</time>
      </trkpt>
      <trkpt lat="40.623534" lon="-0.100599">
        <ele>950.6</ele>
        <time>2015-07-30T18:38:57Z</time>
      </trkpt>
      <trkpt lat="40.623451" lon="-0.100616">
        <ele>950.9</ele>
        <time>2015-07-30T18:39:03Z</time>
      </trkpt>
      <trkpt lat="40.623368" lon="-0.100633">
        <ele>951.4</ele>
        <time>2015-07-30T18:39:10Z</time>
      </trkpt>
      <trkpt lat="40.623285" lon="-0.100666">
        <ele>950.9</ele>
        <time>2015-07-30T18:39:16Z</time>
      </trkpt>
      <trkpt lat="40.623218" lon="-0.100682">
        <ele>951.5</ele>
        <time>2015-07-30T18:39:21Z</time>
      </trkpt>
      <trkpt lat="40.623134" lon="-0.100716">
        <ele>951.1</ele>
        <time>2015-07-30T18:39:27Z</time>
      </trkpt>
      <trkpt lat="40.623118" lon="-0.100716">
        <ele>950.8</ele>
        <time>2015-07-30T18:39:28Z</time>
      </trkpt>
      <trkpt lat="40.622984" lon="-0.100766">
        <ele>953.5</ele>
        <time>2015-07-30T18:39:38Z</time>
      </trkpt>
      <trkpt lat="40.622901" lon="-0.100782">
        <ele>953.8</ele>
        <time>2015-07-30T18:39:45Z</time>
      </trkpt>
      <trkpt lat="40.622818" lon="-0.100799">
        <ele>954.9</ele>
        <time>2015-07-30T18:39:51Z</time>
      </trkpt>
      <trkpt lat="40.622734" lon="-0.100799">
        <ele>955.7</ele>
        <time>2015-07-30T18:39:57Z</time>
      </trkpt>
      <trkpt lat="40.622651" lon="-0.100766">
        <ele>955.8</ele>
        <time>2015-07-30T18:40:03Z</time>
      </trkpt>
      <trkpt lat="40.622584" lon="-0.100699">
        <ele>954.4</ele>
        <time>2015-07-30T18:40:09Z</time>
      </trkpt>
      <trkpt lat="40.622534" lon="-0.100633">
        <ele>956.6</ele>
        <time>2015-07-30T18:40:14Z</time>
      </trkpt>
      <trkpt lat="40.622484" lon="-0.100566">
        <ele>958.2</ele>
        <time>2015-07-30T18:40:20Z</time>
      </trkpt>
      <trkpt lat="40.622468" lon="-0.100466">
        <ele>958.4</ele>
        <time>2015-07-30T18:40:25Z</time>
      </trkpt>
      <trkpt lat="40.622468" lon="-0.100366">
        <ele>958.8</ele>
        <time>2015-07-30T18:40:31Z</time>
      </trkpt>
      <trkpt lat="40.622434" lon="-0.100266">
        <ele>959.3</ele>
        <time>2015-07-30T18:40:37Z</time>
      </trkpt>
      <trkpt lat="40.622417" lon="-0.100183">
        <ele>959.5</ele>
        <time>2015-07-30T18:40:42Z</time>
      </trkpt>
      <trkpt lat="40.622368" lon="-0.100099">
        <ele>959.7</ele>
        <time>2015-07-30T18:40:47Z</time>
      </trkpt>
      <trkpt lat="40.622317" lon="-0.100032">
        <ele>959.1</ele>
        <time>2015-07-30T18:40:53Z</time>
      </trkpt>
      <trkpt lat="40.622251" lon="-0.099999">
        <ele>959.5</ele>
        <time>2015-07-30T18:40:58Z</time>
      </trkpt>
      <trkpt lat="40.622168" lon="-0.099949">
        <ele>960.5</ele>
        <time>2015-07-30T18:41:04Z</time>
      </trkpt>
      <trkpt lat="40.622101" lon="-0.099882">
        <ele>961.4</ele>
        <time>2015-07-30T18:41:11Z</time>
      </trkpt>
      <trkpt lat="40.622084" lon="-0.099865">
        <ele>962.4</ele>
        <time>2015-07-30T18:41:12Z</time>
      </trkpt>
      <trkpt lat="40.621967" lon="-0.099749">
        <ele>963.7</ele>
        <time>2015-07-30T18:41:23Z</time>
      </trkpt>
      <trkpt lat="40.621934" lon="-0.099666">
        <ele>964.4</ele>
        <time>2015-07-30T18:41:28Z</time>
      </trkpt>
      <trkpt lat="40.621918" lon="-0.099582">
        <ele>964.9</ele>
        <time>2015-07-30T18:41:33Z</time>
      </trkpt>
      <trkpt lat="40.621901" lon="-0.099466">
        <ele>965.4</ele>
        <time>2015-07-30T18:41:39Z</time>
      </trkpt>
      <trkpt lat="40.621884" lon="-0.099366">
        <ele>965.9</ele>
        <time>2015-07-30T18:41:45Z</time>
      </trkpt>
      <trkpt lat="40.621851" lon="-0.099266">
        <ele>966.4</ele>
        <time>2015-07-30T18:41:51Z</time>
      </trkpt>
      <trkpt lat="40.621834" lon="-0.099166">
        <ele>967.0</ele>
        <time>2015-07-30T18:41:57Z</time>
      </trkpt>
      <trkpt lat="40.621801" lon="-0.099066">
        <ele>964.9</ele>
        <time>2015-07-30T18:42:03Z</time>
      </trkpt>
      <trkpt lat="40.621767" lon="-0.098999">
        <ele>965.3</ele>
        <time>2015-07-30T18:42:07Z</time>
      </trkpt>
      <trkpt lat="40.621684" lon="-0.098949">
        <ele>966.6</ele>
        <time>2015-07-30T18:42:14Z</time>
      </trkpt>
      <trkpt lat="40.621601" lon="-0.098949">
        <ele>966.3</ele>
        <time>2015-07-30T18:42:20Z</time>
      </trkpt>
      <trkpt lat="40.621534" lon="-0.098933">
        <ele>968.9</ele>
        <time>2015-07-30T18:42:25Z</time>
      </trkpt>
      <trkpt lat="40.621467" lon="-0.098899">
        <ele>969.5</ele>
        <time>2015-07-30T18:42:30Z</time>
      </trkpt>
      <trkpt lat="40.621400" lon="-0.098849">
        <ele>969.3</ele>
        <time>2015-07-30T18:42:35Z</time>
      </trkpt>
    </trkseg>
  </trk>
</gpx>
