<?xml version="1.0" encoding="UTF-8" standalone="no" ?>
<gpx xmlns="http://www.topografix.com/GPX/1/1" creator="CompeGPS" version="1.1" xmlns:xsi="http://www.w3.org/2001/XMLSchema-instance" xsi:schemaLocation="http://www.topografix.com/GPX/1/1 http://www.topografix.com/GPX/1/1/gpx.xsd http://www.garmin.com/xmlschemas/GpxExtensions/v3 http://www.garmin.com/xmlschemas/GpxExtensionsv3.xsd http://www.garmin.com/xmlschemas/TrackPointExtension/v1 http://www.garmin.com/xmlschemas/TrackPointExtensionv1.xsd" xmlns:gpxtpx="http://www.garmin.com/xmlschemas/TrackPointExtension/v1">
  <metadata>
    <link href="http://www.compegps.com">
      <text>CompeGPS TEAM, SL</text>
    </link>
    <time>2015-10-20T10:10:21Z</time>
    <bounds maxlat="40.655577" maxlon="-0.019754" minlat="40.621468" minlon="-0.115294"/>
  </metadata>
  <trk>
    <name>TeacherPerdidoV2</name>
    <trkseg>
      <trkpt lat="40.621468" lon="-0.098976">
        <ele>969.6</ele>
        <time>2015-10-20T10:08:52Z</time>
      </trkpt>
      <trkpt lat="40.621517" lon="-0.099049">
        <ele>969.5</ele>
        <time>2015-10-20T10:08:56Z</time>
      </trkpt>
      <trkpt lat="40.621560" lon="-0.099076">
        <ele>969.1</ele>
        <time>2015-10-20T10:08:58Z</time>
      </trkpt>
      <trkpt lat="40.621588" lon="-0.099075">
        <ele>968.9</ele>
        <time>2015-10-20T10:09:00Z</time>
      </trkpt>
      <trkpt lat="40.621712" lon="-0.099005">
        <ele>967.9</ele>
        <time>2015-10-20T10:09:08Z</time>
      </trkpt>
      <trkpt lat="40.621780" lon="-0.099075">
        <ele>966.2</ele>
        <time>2015-10-20T10:09:13Z</time>
      </trkpt>
      <trkpt lat="40.621884" lon="-0.099516">
        <ele>965.3</ele>
        <time>2015-10-20T10:09:33Z</time>
      </trkpt>
      <trkpt lat="40.622034" lon="-0.099866">
        <ele>962.7</ele>
        <time>2015-10-20T10:09:50Z</time>
      </trkpt>
      <trkpt lat="40.622118" lon="-0.099983">
        <ele>961.6</ele>
        <time>2015-10-20T10:09:57Z</time>
      </trkpt>
      <trkpt lat="40.622201" lon="-0.100033">
        <ele>960.7</ele>
        <time>2015-10-20T10:10:02Z</time>
      </trkpt>
      <trkpt lat="40.622484" lon="-0.100382">
        <ele>958.6</ele>
        <time>2015-10-20T10:10:25Z</time>
      </trkpt>
      <trkpt lat="40.622501" lon="-0.100599">
        <ele>958.0</ele>
        <time>2015-10-20T10:10:34Z</time>
      </trkpt>
      <trkpt lat="40.622701" lon="-0.100783">
        <ele>956.4</ele>
        <time>2015-10-20T10:10:48Z</time>
      </trkpt>
      <trkpt lat="40.622784" lon="-0.100800">
        <ele>955.5</ele>
        <time>2015-10-20T10:10:53Z</time>
      </trkpt>
      <trkpt lat="40.623351" lon="-0.100633">
        <ele>950.9</ele>
        <time>2015-10-20T10:11:26Z</time>
      </trkpt>
      <trkpt lat="40.624150" lon="-0.100366">
        <ele>943.5</ele>
        <time>2015-10-20T10:12:13Z</time>
      </trkpt>
      <trkpt lat="40.624267" lon="-0.100300">
        <ele>942.6</ele>
        <time>2015-10-20T10:12:21Z</time>
      </trkpt>
      <trkpt lat="40.624526" lon="-0.100122">
        <ele>945.1</ele>
        <time>2015-10-20T10:12:37Z</time>
      </trkpt>
      <trkpt lat="40.624533" lon="-0.100127">
        <ele>945.2</ele>
        <time>2015-10-20T10:12:38Z</time>
      </trkpt>
      <trkpt lat="40.624831" lon="-0.099550">
        <ele>946.4</ele>
        <time>2015-10-20T10:13:08Z</time>
      </trkpt>
      <trkpt lat="40.624922" lon="-0.099536">
        <ele>947.1</ele>
        <time>2015-10-20T10:13:13Z</time>
      </trkpt>
      <trkpt lat="40.625012" lon="-0.099444">
        <ele>948.2</ele>
        <time>2015-10-20T10:13:20Z</time>
      </trkpt>
      <trkpt lat="40.625115" lon="-0.099219">
        <ele>949.9</ele>
        <time>2015-10-20T10:13:31Z</time>
      </trkpt>
      <trkpt lat="40.625179" lon="-0.099234">
        <ele>950.2</ele>
        <time>2015-10-20T10:13:35Z</time>
      </trkpt>
      <trkpt lat="40.625333" lon="-0.099168">
        <ele>950.5</ele>
        <time>2015-10-20T10:13:44Z</time>
      </trkpt>
      <trkpt lat="40.625443" lon="-0.099050">
        <ele>952.0</ele>
        <time>2015-10-20T10:13:52Z</time>
      </trkpt>
      <trkpt lat="40.625559" lon="-0.098984">
        <ele>951.0</ele>
        <time>2015-10-20T10:13:59Z</time>
      </trkpt>
      <trkpt lat="40.625681" lon="-0.098870">
        <ele>953.9</ele>
        <time>2015-10-20T10:14:08Z</time>
      </trkpt>
      <trkpt lat="40.625932" lon="-0.098894">
        <ele>953.4</ele>
        <time>2015-10-20T10:14:22Z</time>
      </trkpt>
      <trkpt lat="40.626384" lon="-0.099003">
        <ele>949.8</ele>
        <time>2015-10-20T10:14:49Z</time>
      </trkpt>
      <trkpt lat="40.626473" lon="-0.098867">
        <ele>948.2</ele>
        <time>2015-10-20T10:14:56Z</time>
      </trkpt>
      <trkpt lat="40.626563" lon="-0.098648">
        <ele>946.8</ele>
        <time>2015-10-20T10:15:07Z</time>
      </trkpt>
      <trkpt lat="40.626671" lon="-0.098553">
        <ele>946.2</ele>
        <time>2015-10-20T10:15:15Z</time>
      </trkpt>
      <trkpt lat="40.626822" lon="-0.098543">
        <ele>945.4</ele>
        <time>2015-10-20T10:15:23Z</time>
      </trkpt>
      <trkpt lat="40.626961" lon="-0.098603">
        <ele>944.5</ele>
        <time>2015-10-20T10:15:32Z</time>
      </trkpt>
      <trkpt lat="40.627078" lon="-0.098641">
        <ele>943.8</ele>
        <time>2015-10-20T10:15:39Z</time>
      </trkpt>
      <trkpt lat="40.627188" lon="-0.098765">
        <ele>942.5</ele>
        <time>2015-10-20T10:15:47Z</time>
      </trkpt>
      <trkpt lat="40.627338" lon="-0.098934">
        <ele>940.8</ele>
        <time>2015-10-20T10:15:58Z</time>
      </trkpt>
      <trkpt lat="40.627665" lon="-0.099503">
        <ele>936.9</ele>
        <time>2015-10-20T10:16:29Z</time>
      </trkpt>
      <trkpt lat="40.627725" lon="-0.099830">
        <ele>935.2</ele>
        <time>2015-10-20T10:16:44Z</time>
      </trkpt>
      <trkpt lat="40.627836" lon="-0.100145">
        <ele>933.4</ele>
        <time>2015-10-20T10:16:59Z</time>
      </trkpt>
      <trkpt lat="40.627924" lon="-0.100328">
        <ele>931.9</ele>
        <time>2015-10-20T10:17:08Z</time>
      </trkpt>
      <trkpt lat="40.628058" lon="-0.100382">
        <ele>931.3</ele>
        <time>2015-10-20T10:17:16Z</time>
      </trkpt>
      <trkpt lat="40.628213" lon="-0.100315">
        <ele>930.5</ele>
        <time>2015-10-20T10:17:25Z</time>
      </trkpt>
      <trkpt lat="40.628536" lon="-0.100218">
        <ele>929.8</ele>
        <time>2015-10-20T10:17:44Z</time>
      </trkpt>
      <trkpt lat="40.628614" lon="-0.100240">
        <ele>929.2</ele>
        <time>2015-10-20T10:17:49Z</time>
      </trkpt>
      <trkpt lat="40.628686" lon="-0.100201">
        <ele>929.3</ele>
        <time>2015-10-20T10:17:53Z</time>
      </trkpt>
      <trkpt lat="40.628721" lon="-0.100304">
        <ele>927.7</ele>
        <time>2015-10-20T10:17:58Z</time>
      </trkpt>
      <trkpt lat="40.628739" lon="-0.100362">
        <ele>927.3</ele>
        <time>2015-10-20T10:18:01Z</time>
      </trkpt>
      <trkpt lat="40.628690" lon="-0.100447">
        <ele>926.3</ele>
        <time>2015-10-20T10:18:06Z</time>
      </trkpt>
      <trkpt lat="40.628552" lon="-0.100558">
        <ele>924.8</ele>
        <time>2015-10-20T10:18:15Z</time>
      </trkpt>
      <trkpt lat="40.628300" lon="-0.100639">
        <ele>923.7</ele>
        <time>2015-10-20T10:18:30Z</time>
      </trkpt>
      <trkpt lat="40.628141" lon="-0.100913">
        <ele>921.8</ele>
        <time>2015-10-20T10:18:45Z</time>
      </trkpt>
      <trkpt lat="40.628052" lon="-0.101263">
        <ele>919.0</ele>
        <time>2015-10-20T10:19:01Z</time>
      </trkpt>
      <trkpt lat="40.627960" lon="-0.101549">
        <ele>917.0</ele>
        <time>2015-10-20T10:19:14Z</time>
      </trkpt>
      <trkpt lat="40.627855" lon="-0.101620">
        <ele>916.2</ele>
        <time>2015-10-20T10:19:21Z</time>
      </trkpt>
      <trkpt lat="40.627686" lon="-0.101553">
        <ele>914.2</ele>
        <time>2015-10-20T10:19:31Z</time>
      </trkpt>
      <trkpt lat="40.627567" lon="-0.101471">
        <ele>912.9</ele>
        <time>2015-10-20T10:19:39Z</time>
      </trkpt>
      <trkpt lat="40.627473" lon="-0.101541">
        <ele>911.5</ele>
        <time>2015-10-20T10:19:45Z</time>
      </trkpt>
      <trkpt lat="40.627478" lon="-0.101724">
        <ele>910.0</ele>
        <time>2015-10-20T10:19:53Z</time>
      </trkpt>
      <trkpt lat="40.627622" lon="-0.101879">
        <ele>908.4</ele>
        <time>2015-10-20T10:20:03Z</time>
      </trkpt>
      <trkpt lat="40.628063" lon="-0.101882">
        <ele>904.7</ele>
        <time>2015-10-20T10:20:29Z</time>
      </trkpt>
      <trkpt lat="40.628344" lon="-0.101790">
        <ele>903.3</ele>
        <time>2015-10-20T10:20:45Z</time>
      </trkpt>
      <trkpt lat="40.628744" lon="-0.101890">
        <ele>900.8</ele>
        <time>2015-10-20T10:21:09Z</time>
      </trkpt>
      <trkpt lat="40.628958" lon="-0.101776">
        <ele>898.4</ele>
        <time>2015-10-20T10:21:22Z</time>
      </trkpt>
      <trkpt lat="40.629165" lon="-0.101673">
        <ele>895.6</ele>
        <time>2015-10-20T10:21:34Z</time>
      </trkpt>
      <trkpt lat="40.629313" lon="-0.101589">
        <ele>894.6</ele>
        <time>2015-10-20T10:21:44Z</time>
      </trkpt>
      <trkpt lat="40.629516" lon="-0.101648">
        <ele>894.3</ele>
        <time>2015-10-20T10:21:56Z</time>
      </trkpt>
      <trkpt lat="40.629708" lon="-0.101608">
        <ele>893.5</ele>
        <time>2015-10-20T10:22:07Z</time>
      </trkpt>
      <trkpt lat="40.629806" lon="-0.101478">
        <ele>892.2</ele>
        <time>2015-10-20T10:22:15Z</time>
      </trkpt>
      <trkpt lat="40.629918" lon="-0.101365">
        <ele>890.4</ele>
        <time>2015-10-20T10:22:23Z</time>
      </trkpt>
      <trkpt lat="40.630011" lon="-0.101118">
        <ele>889.7</ele>
        <time>2015-10-20T10:22:35Z</time>
      </trkpt>
      <trkpt lat="40.630145" lon="-0.100969">
        <ele>888.9</ele>
        <time>2015-10-20T10:22:45Z</time>
      </trkpt>
      <trkpt lat="40.630338" lon="-0.100919">
        <ele>888.8</ele>
        <time>2015-10-20T10:22:56Z</time>
      </trkpt>
      <trkpt lat="40.630497" lon="-0.100975">
        <ele>890.1</ele>
        <time>2015-10-20T10:23:05Z</time>
      </trkpt>
      <trkpt lat="40.630612" lon="-0.101209">
        <ele>891.0</ele>
        <time>2015-10-20T10:23:17Z</time>
      </trkpt>
      <trkpt lat="40.630732" lon="-0.101803">
        <ele>890.5</ele>
        <time>2015-10-20T10:23:44Z</time>
      </trkpt>
      <trkpt lat="40.630850" lon="-0.102181">
        <ele>892.0</ele>
        <time>2015-10-20T10:24:02Z</time>
      </trkpt>
      <trkpt lat="40.630981" lon="-0.102237">
        <ele>894.1</ele>
        <time>2015-10-20T10:24:10Z</time>
      </trkpt>
      <trkpt lat="40.630981" lon="-0.102237">
        <ele>894.1</ele>
        <time>2015-10-20T10:24:10Z</time>
      </trkpt>
      <trkpt lat="40.631147" lon="-0.102366">
        <ele>892.2</ele>
        <time>2015-10-20T10:24:21Z</time>
      </trkpt>
      <trkpt lat="40.631696" lon="-0.102702">
        <ele>892.4</ele>
        <time>2015-10-20T10:24:55Z</time>
      </trkpt>
      <trkpt lat="40.631951" lon="-0.102783">
        <ele>893.1</ele>
        <time>2015-10-20T10:25:10Z</time>
      </trkpt>
      <trkpt lat="40.632034" lon="-0.102866">
        <ele>892.8</ele>
        <time>2015-10-20T10:25:16Z</time>
      </trkpt>
      <trkpt lat="40.632084" lon="-0.102966">
        <ele>892.3</ele>
        <time>2015-10-20T10:25:21Z</time>
      </trkpt>
      <trkpt lat="40.632101" lon="-0.103100">
        <ele>891.7</ele>
        <time>2015-10-20T10:25:27Z</time>
      </trkpt>
      <trkpt lat="40.632068" lon="-0.103283">
        <ele>887.9</ele>
        <time>2015-10-20T10:25:36Z</time>
      </trkpt>
      <trkpt lat="40.631967" lon="-0.103399">
        <ele>891.9</ele>
        <time>2015-10-20T10:25:43Z</time>
      </trkpt>
      <trkpt lat="40.631535" lon="-0.103683">
        <ele>894.9</ele>
        <time>2015-10-20T10:26:11Z</time>
      </trkpt>
      <trkpt lat="40.631068" lon="-0.103833">
        <ele>897.5</ele>
        <time>2015-10-20T10:26:38Z</time>
      </trkpt>
      <trkpt lat="40.630918" lon="-0.103850">
        <ele>898.3</ele>
        <time>2015-10-20T10:26:47Z</time>
      </trkpt>
      <trkpt lat="40.630585" lon="-0.103863">
        <ele>900.3</ele>
        <time>2015-10-20T10:27:06Z</time>
      </trkpt>
      <trkpt lat="40.630351" lon="-0.103881">
        <ele>902.7</ele>
        <time>2015-10-20T10:27:19Z</time>
      </trkpt>
      <trkpt lat="40.630267" lon="-0.103928">
        <ele>902.2</ele>
        <time>2015-10-20T10:27:25Z</time>
      </trkpt>
      <trkpt lat="40.630184" lon="-0.104025">
        <ele>902.2</ele>
        <time>2015-10-20T10:27:31Z</time>
      </trkpt>
      <trkpt lat="40.630149" lon="-0.104181">
        <ele>903.2</ele>
        <time>2015-10-20T10:27:38Z</time>
      </trkpt>
      <trkpt lat="40.630197" lon="-0.104546">
        <ele>906.3</ele>
        <time>2015-10-20T10:27:54Z</time>
      </trkpt>
      <trkpt lat="40.630289" lon="-0.104799">
        <ele>908.4</ele>
        <time>2015-10-20T10:28:06Z</time>
      </trkpt>
      <trkpt lat="40.630700" lon="-0.105833">
        <ele>913.1</ele>
        <time>2015-10-20T10:28:57Z</time>
      </trkpt>
      <trkpt lat="40.630867" lon="-0.106116">
        <ele>915.2</ele>
        <time>2015-10-20T10:29:12Z</time>
      </trkpt>
      <trkpt lat="40.631216" lon="-0.106457">
        <ele>918.2</ele>
        <time>2015-10-20T10:29:37Z</time>
      </trkpt>
      <trkpt lat="40.631309" lon="-0.106593">
        <ele>918.4</ele>
        <time>2015-10-20T10:29:45Z</time>
      </trkpt>
      <trkpt lat="40.631438" lon="-0.106824">
        <ele>918.8</ele>
        <time>2015-10-20T10:29:58Z</time>
      </trkpt>
      <trkpt lat="40.631595" lon="-0.107236">
        <ele>923.1</ele>
        <time>2015-10-20T10:30:18Z</time>
      </trkpt>
      <trkpt lat="40.631715" lon="-0.107425">
        <ele>925.1</ele>
        <time>2015-10-20T10:30:28Z</time>
      </trkpt>
      <trkpt lat="40.631781" lon="-0.107432">
        <ele>926.8</ele>
        <time>2015-10-20T10:30:32Z</time>
      </trkpt>
      <trkpt lat="40.631829" lon="-0.107419">
        <ele>927.3</ele>
        <time>2015-10-20T10:30:35Z</time>
      </trkpt>
      <trkpt lat="40.631858" lon="-0.107268">
        <ele>927.8</ele>
        <time>2015-10-20T10:30:42Z</time>
      </trkpt>
      <trkpt lat="40.631667" lon="-0.106166">
        <ele>931.8</ele>
        <time>2015-10-20T10:31:31Z</time>
      </trkpt>
      <trkpt lat="40.631410" lon="-0.105447">
        <ele>938.2</ele>
        <time>2015-10-20T10:32:05Z</time>
      </trkpt>
      <trkpt lat="40.631357" lon="-0.105368">
        <ele>937.6</ele>
        <time>2015-10-20T10:32:10Z</time>
      </trkpt>
      <trkpt lat="40.631355" lon="-0.105261">
        <ele>939.1</ele>
        <time>2015-10-20T10:32:14Z</time>
      </trkpt>
      <trkpt lat="40.631373" lon="-0.105166">
        <ele>941.0</ele>
        <time>2015-10-20T10:32:19Z</time>
      </trkpt>
      <trkpt lat="40.631493" lon="-0.105053">
        <ele>940.8</ele>
        <time>2015-10-20T10:32:27Z</time>
      </trkpt>
      <trkpt lat="40.631677" lon="-0.105045">
        <ele>940.4</ele>
        <time>2015-10-20T10:32:38Z</time>
      </trkpt>
      <trkpt lat="40.631957" lon="-0.105154">
        <ele>941.6</ele>
        <time>2015-10-20T10:32:54Z</time>
      </trkpt>
      <trkpt lat="40.632018" lon="-0.105166">
        <ele>941.0</ele>
        <time>2015-10-20T10:32:58Z</time>
      </trkpt>
      <trkpt lat="40.632134" lon="-0.105316">
        <ele>942.0</ele>
        <time>2015-10-20T10:33:07Z</time>
      </trkpt>
      <trkpt lat="40.632268" lon="-0.105566">
        <ele>943.8</ele>
        <time>2015-10-20T10:33:20Z</time>
      </trkpt>
      <trkpt lat="40.632467" lon="-0.106033">
        <ele>944.9</ele>
        <time>2015-10-20T10:33:44Z</time>
      </trkpt>
      <trkpt lat="40.632734" lon="-0.106733">
        <ele>948.1</ele>
        <time>2015-10-20T10:34:18Z</time>
      </trkpt>
      <trkpt lat="40.632918" lon="-0.107267">
        <ele>950.5</ele>
        <time>2015-10-20T10:34:43Z</time>
      </trkpt>
      <trkpt lat="40.633068" lon="-0.107539">
        <ele>951.7</ele>
        <time>2015-10-20T10:34:58Z</time>
      </trkpt>
      <trkpt lat="40.633201" lon="-0.107732">
        <ele>952.0</ele>
        <time>2015-10-20T10:35:09Z</time>
      </trkpt>
      <trkpt lat="40.633598" lon="-0.108111">
        <ele>956.2</ele>
        <time>2015-10-20T10:35:37Z</time>
      </trkpt>
      <trkpt lat="40.633765" lon="-0.108301">
        <ele>958.0</ele>
        <time>2015-10-20T10:35:50Z</time>
      </trkpt>
      <trkpt lat="40.633863" lon="-0.108439">
        <ele>957.6</ele>
        <time>2015-10-20T10:35:58Z</time>
      </trkpt>
      <trkpt lat="40.633951" lon="-0.108549">
        <ele>959.1</ele>
        <time>2015-10-20T10:36:05Z</time>
      </trkpt>
      <trkpt lat="40.634051" lon="-0.108966">
        <ele>961.2</ele>
        <time>2015-10-20T10:36:24Z</time>
      </trkpt>
      <trkpt lat="40.634117" lon="-0.109149">
        <ele>962.1</ele>
        <time>2015-10-20T10:36:33Z</time>
      </trkpt>
      <trkpt lat="40.634217" lon="-0.109316">
        <ele>963.0</ele>
        <time>2015-10-20T10:36:42Z</time>
      </trkpt>
      <trkpt lat="40.634468" lon="-0.109583">
        <ele>964.5</ele>
        <time>2015-10-20T10:37:00Z</time>
      </trkpt>
      <trkpt lat="40.634884" lon="-0.109882">
        <ele>968.8</ele>
        <time>2015-10-20T10:37:27Z</time>
      </trkpt>
      <trkpt lat="40.635068" lon="-0.110066">
        <ele>970.1</ele>
        <time>2015-10-20T10:37:41Z</time>
      </trkpt>
      <trkpt lat="40.635201" lon="-0.110299">
        <ele>970.7</ele>
        <time>2015-10-20T10:37:53Z</time>
      </trkpt>
      <trkpt lat="40.635365" lon="-0.110697">
        <ele>973.0</ele>
        <time>2015-10-20T10:38:13Z</time>
      </trkpt>
      <trkpt lat="40.635401" lon="-0.110746">
        <ele>973.7</ele>
        <time>2015-10-20T10:38:16Z</time>
      </trkpt>
      <trkpt lat="40.635467" lon="-0.110812">
        <ele>974.1</ele>
        <time>2015-10-20T10:38:21Z</time>
      </trkpt>
      <trkpt lat="40.635758" lon="-0.110982">
        <ele>974.8</ele>
        <time>2015-10-20T10:38:39Z</time>
      </trkpt>
      <trkpt lat="40.635875" lon="-0.111085">
        <ele>975.3</ele>
        <time>2015-10-20T10:38:47Z</time>
      </trkpt>
      <trkpt lat="40.635958" lon="-0.111249">
        <ele>976.4</ele>
        <time>2015-10-20T10:38:55Z</time>
      </trkpt>
      <trkpt lat="40.635992" lon="-0.111352">
        <ele>976.3</ele>
        <time>2015-10-20T10:39:00Z</time>
      </trkpt>
      <trkpt lat="40.635992" lon="-0.111515">
        <ele>977.4</ele>
        <time>2015-10-20T10:39:07Z</time>
      </trkpt>
      <trkpt lat="40.635834" lon="-0.111765">
        <ele>982.2</ele>
        <time>2015-10-20T10:39:22Z</time>
      </trkpt>
      <trkpt lat="40.635798" lon="-0.111886">
        <ele>984.5</ele>
        <time>2015-10-20T10:39:27Z</time>
      </trkpt>
      <trkpt lat="40.635714" lon="-0.112121">
        <ele>983.2</ele>
        <time>2015-10-20T10:39:38Z</time>
      </trkpt>
      <trkpt lat="40.635714" lon="-0.112239">
        <ele>983.7</ele>
        <time>2015-10-20T10:39:44Z</time>
      </trkpt>
      <trkpt lat="40.635730" lon="-0.112337">
        <ele>984.4</ele>
        <time>2015-10-20T10:39:48Z</time>
      </trkpt>
      <trkpt lat="40.635901" lon="-0.112782">
        <ele>986.3</ele>
        <time>2015-10-20T10:40:10Z</time>
      </trkpt>
      <trkpt lat="40.636017" lon="-0.113149">
        <ele>988.0</ele>
        <time>2015-10-20T10:40:27Z</time>
      </trkpt>
      <trkpt lat="40.636051" lon="-0.113366">
        <ele>988.7</ele>
        <time>2015-10-20T10:40:36Z</time>
      </trkpt>
      <trkpt lat="40.636117" lon="-0.114916">
        <ele>994.0</ele>
        <time>2015-10-20T10:41:44Z</time>
      </trkpt>
      <trkpt lat="40.636134" lon="-0.115073">
        <ele>995.3</ele>
        <time>2015-10-20T10:41:51Z</time>
      </trkpt>
      <trkpt lat="40.636136" lon="-0.115075">
        <ele>995.3</ele>
        <time>2015-10-20T10:41:51Z</time>
      </trkpt>
      <trkpt lat="40.636203" lon="-0.115162">
        <ele>995.4</ele>
        <time>2015-10-20T10:41:56Z</time>
      </trkpt>
      <trkpt lat="40.636317" lon="-0.115232">
        <ele>995.0</ele>
        <time>2015-10-20T10:42:03Z</time>
      </trkpt>
      <trkpt lat="40.636347" lon="-0.115264">
        <ele>994.8</ele>
        <time>2015-10-20T10:42:06Z</time>
      </trkpt>
      <trkpt lat="40.636393" lon="-0.115293">
        <ele>994.6</ele>
        <time>2015-10-20T10:42:09Z</time>
      </trkpt>
      <trkpt lat="40.636442" lon="-0.115294">
        <ele>994.5</ele>
        <time>2015-10-20T10:42:11Z</time>
      </trkpt>
      <trkpt lat="40.636442" lon="-0.115294">
        <ele>994.5</ele>
        <time>2015-10-20T10:42:11Z</time>
      </trkpt>
      <trkpt lat="40.636466" lon="-0.115266">
        <ele>994.5</ele>
        <time>2015-10-20T10:42:13Z</time>
      </trkpt>
      <trkpt lat="40.636484" lon="-0.115224">
        <ele>995.2</ele>
        <time>2015-10-20T10:42:15Z</time>
      </trkpt>
      <trkpt lat="40.636465" lon="-0.115183">
        <ele>995.6</ele>
        <time>2015-10-20T10:42:17Z</time>
      </trkpt>
      <trkpt lat="40.636398" lon="-0.115174">
        <ele>995.5</ele>
        <time>2015-10-20T10:42:21Z</time>
      </trkpt>
      <trkpt lat="40.636351" lon="-0.115143">
        <ele>995.9</ele>
        <time>2015-10-20T10:42:24Z</time>
      </trkpt>
      <trkpt lat="40.636300" lon="-0.115115">
        <ele>996.3</ele>
        <time>2015-10-20T10:42:27Z</time>
      </trkpt>
      <trkpt lat="40.636267" lon="-0.115082">
        <ele>996.1</ele>
        <time>2015-10-20T10:42:30Z</time>
      </trkpt>
      <trkpt lat="40.636267" lon="-0.115082">
        <ele>996.1</ele>
        <time>2015-10-20T10:42:30Z</time>
      </trkpt>
      <trkpt lat="40.636267" lon="-0.115082">
        <ele>996.1</ele>
        <time>2015-10-20T10:42:30Z</time>
      </trkpt>
      <trkpt lat="40.636267" lon="-0.115082">
        <ele>996.1</ele>
        <time>2015-10-20T10:42:30Z</time>
      </trkpt>
      <trkpt lat="40.636267" lon="-0.115082">
        <ele>996.1</ele>
        <time>2015-10-20T10:42:30Z</time>
      </trkpt>
      <trkpt lat="40.636267" lon="-0.115082">
        <ele>996.1</ele>
        <time>2015-10-20T10:42:30Z</time>
      </trkpt>
      <trkpt lat="40.636267" lon="-0.115065">
        <ele>996.3</ele>
        <time>2015-10-20T10:42:30Z</time>
      </trkpt>
      <trkpt lat="40.636267" lon="-0.115048">
        <ele>996.5</ele>
        <time>2015-10-20T10:42:31Z</time>
      </trkpt>
      <trkpt lat="40.636267" lon="-0.115048">
        <ele>996.5</ele>
        <time>2015-10-20T10:42:31Z</time>
      </trkpt>
      <trkpt lat="40.636267" lon="-0.115048">
        <ele>996.5</ele>
        <time>2015-10-20T10:42:31Z</time>
      </trkpt>
      <trkpt lat="40.636267" lon="-0.115048">
        <ele>996.5</ele>
        <time>2015-10-20T10:42:31Z</time>
      </trkpt>
      <trkpt lat="40.636267" lon="-0.115048">
        <ele>996.5</ele>
        <time>2015-10-20T10:42:31Z</time>
      </trkpt>
      <trkpt lat="40.636267" lon="-0.115048">
        <ele>996.5</ele>
        <time>2015-10-20T10:42:31Z</time>
      </trkpt>
      <trkpt lat="40.636267" lon="-0.115048">
        <ele>996.5</ele>
        <time>2015-10-20T10:42:31Z</time>
      </trkpt>
      <trkpt lat="40.636267" lon="-0.115048">
        <ele>996.5</ele>
        <time>2015-10-20T10:42:31Z</time>
      </trkpt>
      <trkpt lat="40.636267" lon="-0.115032">
        <ele>996.7</ele>
        <time>2015-10-20T10:42:32Z</time>
      </trkpt>
      <trkpt lat="40.636267" lon="-0.114998">
        <ele>997.1</ele>
        <time>2015-10-20T10:42:33Z</time>
      </trkpt>
      <trkpt lat="40.636300" lon="-0.114815">
        <ele>999.8</ele>
        <time>2015-10-20T10:42:41Z</time>
      </trkpt>
      <trkpt lat="40.636284" lon="-0.114807">
        <ele>999.7</ele>
        <time>2015-10-20T10:42:42Z</time>
      </trkpt>
      <trkpt lat="40.636419" lon="-0.114734">
        <ele>1002.1</ele>
        <time>2015-10-20T10:42:51Z</time>
      </trkpt>
      <trkpt lat="40.636639" lon="-0.114523">
        <ele>1007.7</ele>
        <time>2015-10-20T10:43:06Z</time>
      </trkpt>
      <trkpt lat="40.636740" lon="-0.114364">
        <ele>1010.3</ele>
        <time>2015-10-20T10:43:15Z</time>
      </trkpt>
      <trkpt lat="40.636767" lon="-0.114279">
        <ele>1011.1</ele>
        <time>2015-10-20T10:43:19Z</time>
      </trkpt>
      <trkpt lat="40.636776" lon="-0.114180">
        <ele>1012.1</ele>
        <time>2015-10-20T10:43:24Z</time>
      </trkpt>
      <trkpt lat="40.636833" lon="-0.113983">
        <ele>1013.2</ele>
        <time>2015-10-20T10:43:33Z</time>
      </trkpt>
      <trkpt lat="40.636981" lon="-0.113753">
        <ele>1014.4</ele>
        <time>2015-10-20T10:43:46Z</time>
      </trkpt>
      <trkpt lat="40.637086" lon="-0.113454">
        <ele>1019.5</ele>
        <time>2015-10-20T10:44:00Z</time>
      </trkpt>
      <trkpt lat="40.637210" lon="-0.113196">
        <ele>1023.7</ele>
        <time>2015-10-20T10:44:13Z</time>
      </trkpt>
      <trkpt lat="40.637320" lon="-0.112985">
        <ele>1023.7</ele>
        <time>2015-10-20T10:44:25Z</time>
      </trkpt>
      <trkpt lat="40.637433" lon="-0.112875">
        <ele>1024.4</ele>
        <time>2015-10-20T10:44:33Z</time>
      </trkpt>
      <trkpt lat="40.637474" lon="-0.112743">
        <ele>1024.5</ele>
        <time>2015-10-20T10:44:39Z</time>
      </trkpt>
      <trkpt lat="40.637457" lon="-0.112617">
        <ele>1024.4</ele>
        <time>2015-10-20T10:44:44Z</time>
      </trkpt>
      <trkpt lat="40.637482" lon="-0.112390">
        <ele>1025.7</ele>
        <time>2015-10-20T10:44:54Z</time>
      </trkpt>
      <trkpt lat="40.637533" lon="-0.111951">
        <ele>1028.9</ele>
        <time>2015-10-20T10:45:14Z</time>
      </trkpt>
      <trkpt lat="40.637590" lon="-0.111672">
        <ele>1031.5</ele>
        <time>2015-10-20T10:45:26Z</time>
      </trkpt>
      <trkpt lat="40.637728" lon="-0.111381">
        <ele>1035.0</ele>
        <time>2015-10-20T10:45:41Z</time>
      </trkpt>
      <trkpt lat="40.637809" lon="-0.111081">
        <ele>1036.1</ele>
        <time>2015-10-20T10:45:55Z</time>
      </trkpt>
      <trkpt lat="40.637937" lon="-0.110919">
        <ele>1037.8</ele>
        <time>2015-10-20T10:46:05Z</time>
      </trkpt>
      <trkpt lat="40.638017" lon="-0.110861">
        <ele>1038.1</ele>
        <time>2015-10-20T10:46:10Z</time>
      </trkpt>
      <trkpt lat="40.638170" lon="-0.110839">
        <ele>1038.5</ele>
        <time>2015-10-20T10:46:19Z</time>
      </trkpt>
      <trkpt lat="40.638404" lon="-0.110928">
        <ele>1038.8</ele>
        <time>2015-10-20T10:46:33Z</time>
      </trkpt>
      <trkpt lat="40.638850" lon="-0.110965">
        <ele>1034.3</ele>
        <time>2015-10-20T10:46:58Z</time>
      </trkpt>
      <trkpt lat="40.638983" lon="-0.110965">
        <ele>1033.0</ele>
        <time>2015-10-20T10:47:06Z</time>
      </trkpt>
      <trkpt lat="40.639099" lon="-0.110965">
        <ele>1031.5</ele>
        <time>2015-10-20T10:47:13Z</time>
      </trkpt>
      <trkpt lat="40.639267" lon="-0.110965">
        <ele>1029.7</ele>
        <time>2015-10-20T10:47:22Z</time>
      </trkpt>
      <trkpt lat="40.639384" lon="-0.110865">
        <ele>1028.7</ele>
        <time>2015-10-20T10:47:30Z</time>
      </trkpt>
      <trkpt lat="40.639467" lon="-0.110782">
        <ele>1028.1</ele>
        <time>2015-10-20T10:47:36Z</time>
      </trkpt>
      <trkpt lat="40.639533" lon="-0.110715">
        <ele>1028.3</ele>
        <time>2015-10-20T10:47:41Z</time>
      </trkpt>
      <trkpt lat="40.639567" lon="-0.110698">
        <ele>1028.6</ele>
        <time>2015-10-20T10:47:43Z</time>
      </trkpt>
      <trkpt lat="40.639567" lon="-0.110698">
        <ele>1028.6</ele>
        <time>2015-10-20T10:47:43Z</time>
      </trkpt>
      <trkpt lat="40.639567" lon="-0.110698">
        <ele>1028.6</ele>
        <time>2015-10-20T10:47:43Z</time>
      </trkpt>
      <trkpt lat="40.639567" lon="-0.110698">
        <ele>1028.6</ele>
        <time>2015-10-20T10:47:43Z</time>
      </trkpt>
      <trkpt lat="40.639567" lon="-0.110698">
        <ele>1028.6</ele>
        <time>2015-10-20T10:47:43Z</time>
      </trkpt>
      <trkpt lat="40.639583" lon="-0.110698">
        <ele>1028.9</ele>
        <time>2015-10-20T10:47:44Z</time>
      </trkpt>
      <trkpt lat="40.639583" lon="-0.110698">
        <ele>1028.9</ele>
        <time>2015-10-20T10:47:44Z</time>
      </trkpt>
      <trkpt lat="40.639583" lon="-0.110698">
        <ele>1028.9</ele>
        <time>2015-10-20T10:47:44Z</time>
      </trkpt>
      <trkpt lat="40.639583" lon="-0.110698">
        <ele>1028.9</ele>
        <time>2015-10-20T10:47:44Z</time>
      </trkpt>
      <trkpt lat="40.639583" lon="-0.110698">
        <ele>1028.9</ele>
        <time>2015-10-20T10:47:44Z</time>
      </trkpt>
      <trkpt lat="40.639583" lon="-0.110698">
        <ele>1028.9</ele>
        <time>2015-10-20T10:47:44Z</time>
      </trkpt>
      <trkpt lat="40.639583" lon="-0.110665">
        <ele>1028.8</ele>
        <time>2015-10-20T10:47:45Z</time>
      </trkpt>
      <trkpt lat="40.639583" lon="-0.110665">
        <ele>1028.8</ele>
        <time>2015-10-20T10:47:45Z</time>
      </trkpt>
      <trkpt lat="40.639583" lon="-0.110648">
        <ele>1028.8</ele>
        <time>2015-10-20T10:47:46Z</time>
      </trkpt>
      <trkpt lat="40.639583" lon="-0.110648">
        <ele>1028.8</ele>
        <time>2015-10-20T10:47:46Z</time>
      </trkpt>
      <trkpt lat="40.639583" lon="-0.110615">
        <ele>1028.8</ele>
        <time>2015-10-20T10:47:48Z</time>
      </trkpt>
      <trkpt lat="40.639583" lon="-0.110565">
        <ele>1028.9</ele>
        <time>2015-10-20T10:47:50Z</time>
      </trkpt>
      <trkpt lat="40.639567" lon="-0.110515">
        <ele>1029.5</ele>
        <time>2015-10-20T10:47:52Z</time>
      </trkpt>
      <trkpt lat="40.639550" lon="-0.110448">
        <ele>1029.9</ele>
        <time>2015-10-20T10:47:55Z</time>
      </trkpt>
      <trkpt lat="40.639533" lon="-0.110415">
        <ele>1030.1</ele>
        <time>2015-10-20T10:47:57Z</time>
      </trkpt>
      <trkpt lat="40.639533" lon="-0.110365">
        <ele>1030.8</ele>
        <time>2015-10-20T10:47:59Z</time>
      </trkpt>
      <trkpt lat="40.639533" lon="-0.110348">
        <ele>1031.0</ele>
        <time>2015-10-20T10:48:00Z</time>
      </trkpt>
      <trkpt lat="40.639533" lon="-0.110348">
        <ele>1031.0</ele>
        <time>2015-10-20T10:48:00Z</time>
      </trkpt>
      <trkpt lat="40.639533" lon="-0.110348">
        <ele>1031.0</ele>
        <time>2015-10-20T10:48:00Z</time>
      </trkpt>
      <trkpt lat="40.639533" lon="-0.110348">
        <ele>1031.0</ele>
        <time>2015-10-20T10:48:00Z</time>
      </trkpt>
      <trkpt lat="40.639533" lon="-0.110348">
        <ele>1031.0</ele>
        <time>2015-10-20T10:48:00Z</time>
      </trkpt>
      <trkpt lat="40.639533" lon="-0.110315">
        <ele>1031.3</ele>
        <time>2015-10-20T10:48:01Z</time>
      </trkpt>
      <trkpt lat="40.639533" lon="-0.110315">
        <ele>1031.3</ele>
        <time>2015-10-20T10:48:01Z</time>
      </trkpt>
      <trkpt lat="40.639533" lon="-0.110315">
        <ele>1031.3</ele>
        <time>2015-10-20T10:48:01Z</time>
      </trkpt>
      <trkpt lat="40.639533" lon="-0.110315">
        <ele>1031.3</ele>
        <time>2015-10-20T10:48:01Z</time>
      </trkpt>
      <trkpt lat="40.639533" lon="-0.110315">
        <ele>1031.3</ele>
        <time>2015-10-20T10:48:01Z</time>
      </trkpt>
      <trkpt lat="40.639533" lon="-0.110315">
        <ele>1031.3</ele>
        <time>2015-10-20T10:48:01Z</time>
      </trkpt>
      <trkpt lat="40.639533" lon="-0.110315">
        <ele>1031.3</ele>
        <time>2015-10-20T10:48:01Z</time>
      </trkpt>
      <trkpt lat="40.639533" lon="-0.110315">
        <ele>1031.3</ele>
        <time>2015-10-20T10:48:01Z</time>
      </trkpt>
      <trkpt lat="40.639533" lon="-0.110315">
        <ele>1031.3</ele>
        <time>2015-10-20T10:48:01Z</time>
      </trkpt>
      <trkpt lat="40.639533" lon="-0.110315">
        <ele>1031.3</ele>
        <time>2015-10-20T10:48:01Z</time>
      </trkpt>
      <trkpt lat="40.639533" lon="-0.110315">
        <ele>1031.3</ele>
        <time>2015-10-20T10:48:01Z</time>
      </trkpt>
      <trkpt lat="40.639533" lon="-0.110315">
        <ele>1031.3</ele>
        <time>2015-10-20T10:48:01Z</time>
      </trkpt>
      <trkpt lat="40.639533" lon="-0.110315">
        <ele>1031.3</ele>
        <time>2015-10-20T10:48:01Z</time>
      </trkpt>
      <trkpt lat="40.639533" lon="-0.110315">
        <ele>1031.3</ele>
        <time>2015-10-20T10:48:01Z</time>
      </trkpt>
      <trkpt lat="40.639533" lon="-0.110315">
        <ele>1031.3</ele>
        <time>2015-10-20T10:48:01Z</time>
      </trkpt>
      <trkpt lat="40.639533" lon="-0.110315">
        <ele>1031.3</ele>
        <time>2015-10-20T10:48:01Z</time>
      </trkpt>
      <trkpt lat="40.639533" lon="-0.110315">
        <ele>1031.3</ele>
        <time>2015-10-20T10:48:01Z</time>
      </trkpt>
      <trkpt lat="40.639533" lon="-0.110315">
        <ele>1031.3</ele>
        <time>2015-10-20T10:48:01Z</time>
      </trkpt>
      <trkpt lat="40.639533" lon="-0.110315">
        <ele>1031.3</ele>
        <time>2015-10-20T10:48:01Z</time>
      </trkpt>
      <trkpt lat="40.639533" lon="-0.110315">
        <ele>1031.3</ele>
        <time>2015-10-20T10:48:01Z</time>
      </trkpt>
      <trkpt lat="40.639533" lon="-0.110315">
        <ele>1031.3</ele>
        <time>2015-10-20T10:48:01Z</time>
      </trkpt>
      <trkpt lat="40.639533" lon="-0.110315">
        <ele>1031.3</ele>
        <time>2015-10-20T10:48:01Z</time>
      </trkpt>
      <trkpt lat="40.639533" lon="-0.110315">
        <ele>1031.3</ele>
        <time>2015-10-20T10:48:01Z</time>
      </trkpt>
      <trkpt lat="40.639533" lon="-0.110315">
        <ele>1031.3</ele>
        <time>2015-10-20T10:48:01Z</time>
      </trkpt>
      <trkpt lat="40.639533" lon="-0.110315">
        <ele>1031.3</ele>
        <time>2015-10-20T10:48:01Z</time>
      </trkpt>
      <trkpt lat="40.639533" lon="-0.110315">
        <ele>1031.3</ele>
        <time>2015-10-20T10:48:01Z</time>
      </trkpt>
      <trkpt lat="40.639533" lon="-0.110315">
        <ele>1031.3</ele>
        <time>2015-10-20T10:48:01Z</time>
      </trkpt>
      <trkpt lat="40.639533" lon="-0.110315">
        <ele>1031.3</ele>
        <time>2015-10-20T10:48:01Z</time>
      </trkpt>
      <trkpt lat="40.639533" lon="-0.110315">
        <ele>1031.3</ele>
        <time>2015-10-20T10:48:01Z</time>
      </trkpt>
      <trkpt lat="40.639533" lon="-0.110315">
        <ele>1031.3</ele>
        <time>2015-10-20T10:48:01Z</time>
      </trkpt>
      <trkpt lat="40.639533" lon="-0.110315">
        <ele>1031.3</ele>
        <time>2015-10-20T10:48:01Z</time>
      </trkpt>
      <trkpt lat="40.639533" lon="-0.110315">
        <ele>1031.3</ele>
        <time>2015-10-20T10:48:01Z</time>
      </trkpt>
      <trkpt lat="40.639533" lon="-0.110315">
        <ele>1031.3</ele>
        <time>2015-10-20T10:48:01Z</time>
      </trkpt>
      <trkpt lat="40.639533" lon="-0.110315">
        <ele>1031.3</ele>
        <time>2015-10-20T10:48:01Z</time>
      </trkpt>
      <trkpt lat="40.639533" lon="-0.110315">
        <ele>1031.3</ele>
        <time>2015-10-20T10:48:01Z</time>
      </trkpt>
      <trkpt lat="40.639533" lon="-0.110315">
        <ele>1031.3</ele>
        <time>2015-10-20T10:48:01Z</time>
      </trkpt>
      <trkpt lat="40.639533" lon="-0.110315">
        <ele>1031.3</ele>
        <time>2015-10-20T10:48:01Z</time>
      </trkpt>
      <trkpt lat="40.639533" lon="-0.110315">
        <ele>1031.3</ele>
        <time>2015-10-20T10:48:01Z</time>
      </trkpt>
      <trkpt lat="40.639533" lon="-0.110315">
        <ele>1031.3</ele>
        <time>2015-10-20T10:48:01Z</time>
      </trkpt>
      <trkpt lat="40.639533" lon="-0.110315">
        <ele>1031.3</ele>
        <time>2015-10-20T10:48:01Z</time>
      </trkpt>
      <trkpt lat="40.639533" lon="-0.110315">
        <ele>1031.3</ele>
        <time>2015-10-20T10:48:01Z</time>
      </trkpt>
      <trkpt lat="40.639533" lon="-0.110315">
        <ele>1031.3</ele>
        <time>2015-10-20T10:48:01Z</time>
      </trkpt>
      <trkpt lat="40.639517" lon="-0.110315">
        <ele>1031.0</ele>
        <time>2015-10-20T10:48:02Z</time>
      </trkpt>
      <trkpt lat="40.639517" lon="-0.110215">
        <ele>1031.8</ele>
        <time>2015-10-20T10:48:07Z</time>
      </trkpt>
      <trkpt lat="40.639516" lon="-0.110165">
        <ele>1032.5</ele>
        <time>2015-10-20T10:48:09Z</time>
      </trkpt>
      <trkpt lat="40.639516" lon="-0.110148">
        <ele>1032.8</ele>
        <time>2015-10-20T10:48:09Z</time>
      </trkpt>
      <trkpt lat="40.639516" lon="-0.110082">
        <ele>1034.0</ele>
        <time>2015-10-20T10:48:12Z</time>
      </trkpt>
      <trkpt lat="40.639484" lon="-0.110065">
        <ele>1033.1</ele>
        <time>2015-10-20T10:48:14Z</time>
      </trkpt>
      <trkpt lat="40.639484" lon="-0.109998">
        <ele>1033.8</ele>
        <time>2015-10-20T10:48:17Z</time>
      </trkpt>
      <trkpt lat="40.639467" lon="-0.109965">
        <ele>1033.9</ele>
        <time>2015-10-20T10:48:19Z</time>
      </trkpt>
      <trkpt lat="40.639467" lon="-0.109898">
        <ele>1035.3</ele>
        <time>2015-10-20T10:48:22Z</time>
      </trkpt>
      <trkpt lat="40.639450" lon="-0.109865">
        <ele>1035.7</ele>
        <time>2015-10-20T10:48:24Z</time>
      </trkpt>
      <trkpt lat="40.639433" lon="-0.109799">
        <ele>1036.9</ele>
        <time>2015-10-20T10:48:27Z</time>
      </trkpt>
      <trkpt lat="40.639433" lon="-0.109765">
        <ele>1037.7</ele>
        <time>2015-10-20T10:48:28Z</time>
      </trkpt>
      <trkpt lat="40.639433" lon="-0.109681">
        <ele>1039.3</ele>
        <time>2015-10-20T10:48:32Z</time>
      </trkpt>
      <trkpt lat="40.639401" lon="-0.109632">
        <ele>1039.5</ele>
        <time>2015-10-20T10:48:35Z</time>
      </trkpt>
      <trkpt lat="40.639401" lon="-0.109615">
        <ele>1039.7</ele>
        <time>2015-10-20T10:48:35Z</time>
      </trkpt>
      <trkpt lat="40.639401" lon="-0.109565">
        <ele>1040.5</ele>
        <time>2015-10-20T10:48:37Z</time>
      </trkpt>
      <trkpt lat="40.639616" lon="-0.109615">
        <ele>1045.3</ele>
        <time>2015-10-20T10:48:50Z</time>
      </trkpt>
      <trkpt lat="40.639683" lon="-0.109681">
        <ele>1046.1</ele>
        <time>2015-10-20T10:48:55Z</time>
      </trkpt>
      <trkpt lat="40.639784" lon="-0.109732">
        <ele>1047.9</ele>
        <time>2015-10-20T10:49:01Z</time>
      </trkpt>
      <trkpt lat="40.639900" lon="-0.109798">
        <ele>1050.2</ele>
        <time>2015-10-20T10:49:08Z</time>
      </trkpt>
      <trkpt lat="40.640018" lon="-0.109865">
        <ele>1052.0</ele>
        <time>2015-10-20T10:49:15Z</time>
      </trkpt>
      <trkpt lat="40.640084" lon="-0.109965">
        <ele>1052.3</ele>
        <time>2015-10-20T10:49:21Z</time>
      </trkpt>
      <trkpt lat="40.640284" lon="-0.110165">
        <ele>1055.0</ele>
        <time>2015-10-20T10:49:36Z</time>
      </trkpt>
      <trkpt lat="40.640301" lon="-0.110275">
        <ele>1054.1</ele>
        <time>2015-10-20T10:49:40Z</time>
      </trkpt>
      <trkpt lat="40.640363" lon="-0.110384">
        <ele>1053.0</ele>
        <time>2015-10-20T10:49:46Z</time>
      </trkpt>
      <trkpt lat="40.640440" lon="-0.110436">
        <ele>1053.5</ele>
        <time>2015-10-20T10:49:51Z</time>
      </trkpt>
      <trkpt lat="40.640512" lon="-0.110431">
        <ele>1054.9</ele>
        <time>2015-10-20T10:49:55Z</time>
      </trkpt>
      <trkpt lat="40.640536" lon="-0.110365">
        <ele>1055.6</ele>
        <time>2015-10-20T10:49:59Z</time>
      </trkpt>
      <trkpt lat="40.640543" lon="-0.110306">
        <ele>1055.5</ele>
        <time>2015-10-20T10:50:01Z</time>
      </trkpt>
      <trkpt lat="40.640494" lon="-0.110177">
        <ele>1056.2</ele>
        <time>2015-10-20T10:50:07Z</time>
      </trkpt>
      <trkpt lat="40.640472" lon="-0.110048">
        <ele>1055.8</ele>
        <time>2015-10-20T10:50:13Z</time>
      </trkpt>
      <trkpt lat="40.640384" lon="-0.109781">
        <ele>1056.6</ele>
        <time>2015-10-20T10:50:26Z</time>
      </trkpt>
      <trkpt lat="40.640367" lon="-0.109732">
        <ele>1056.9</ele>
        <time>2015-10-20T10:50:28Z</time>
      </trkpt>
      <trkpt lat="40.640334" lon="-0.109632">
        <ele>1057.7</ele>
        <time>2015-10-20T10:50:33Z</time>
      </trkpt>
      <trkpt lat="40.640317" lon="-0.109348">
        <ele>1060.6</ele>
        <time>2015-10-20T10:50:45Z</time>
      </trkpt>
      <trkpt lat="40.640284" lon="-0.109231">
        <ele>1062.2</ele>
        <time>2015-10-20T10:50:51Z</time>
      </trkpt>
      <trkpt lat="40.640284" lon="-0.109098">
        <ele>1063.8</ele>
        <time>2015-10-20T10:50:56Z</time>
      </trkpt>
      <trkpt lat="40.640217" lon="-0.108815">
        <ele>1067.9</ele>
        <time>2015-10-20T10:51:09Z</time>
      </trkpt>
      <trkpt lat="40.640117" lon="-0.108632">
        <ele>1071.1</ele>
        <time>2015-10-20T10:51:19Z</time>
      </trkpt>
      <trkpt lat="40.640117" lon="-0.108465">
        <ele>1073.9</ele>
        <time>2015-10-20T10:51:26Z</time>
      </trkpt>
      <trkpt lat="40.640117" lon="-0.108365">
        <ele>1075.2</ele>
        <time>2015-10-20T10:51:31Z</time>
      </trkpt>
      <trkpt lat="40.640067" lon="-0.108315">
        <ele>1076.0</ele>
        <time>2015-10-20T10:51:34Z</time>
      </trkpt>
      <trkpt lat="40.640117" lon="-0.108198">
        <ele>1077.2</ele>
        <time>2015-10-20T10:51:40Z</time>
      </trkpt>
      <trkpt lat="40.640018" lon="-0.108031">
        <ele>1079.5</ele>
        <time>2015-10-20T10:51:49Z</time>
      </trkpt>
      <trkpt lat="40.640001" lon="-0.107965">
        <ele>1080.0</ele>
        <time>2015-10-20T10:51:52Z</time>
      </trkpt>
      <trkpt lat="40.639967" lon="-0.107881">
        <ele>1080.3</ele>
        <time>2015-10-20T10:51:56Z</time>
      </trkpt>
      <trkpt lat="40.639984" lon="-0.107865">
        <ele>1080.4</ele>
        <time>2015-10-20T10:51:58Z</time>
      </trkpt>
      <trkpt lat="40.639967" lon="-0.107781">
        <ele>1080.9</ele>
        <time>2015-10-20T10:52:01Z</time>
      </trkpt>
      <trkpt lat="40.639934" lon="-0.107715">
        <ele>1081.4</ele>
        <time>2015-10-20T10:52:05Z</time>
      </trkpt>
      <trkpt lat="40.639967" lon="-0.107648">
        <ele>1081.6</ele>
        <time>2015-10-20T10:52:08Z</time>
      </trkpt>
      <trkpt lat="40.639967" lon="-0.107632">
        <ele>1081.7</ele>
        <time>2015-10-20T10:52:09Z</time>
      </trkpt>
      <trkpt lat="40.639918" lon="-0.107481">
        <ele>1082.3</ele>
        <time>2015-10-20T10:52:16Z</time>
      </trkpt>
      <trkpt lat="40.639918" lon="-0.107432">
        <ele>1082.5</ele>
        <time>2015-10-20T10:52:18Z</time>
      </trkpt>
      <trkpt lat="40.639918" lon="-0.107415">
        <ele>1082.6</ele>
        <time>2015-10-20T10:52:19Z</time>
      </trkpt>
      <trkpt lat="40.639934" lon="-0.107365">
        <ele>1082.8</ele>
        <time>2015-10-20T10:52:21Z</time>
      </trkpt>
      <trkpt lat="40.639918" lon="-0.107265">
        <ele>1083.4</ele>
        <time>2015-10-20T10:52:26Z</time>
      </trkpt>
      <trkpt lat="40.639934" lon="-0.107265">
        <ele>1083.3</ele>
        <time>2015-10-20T10:52:27Z</time>
      </trkpt>
      <trkpt lat="40.639934" lon="-0.107182">
        <ele>1083.7</ele>
        <time>2015-10-20T10:52:30Z</time>
      </trkpt>
      <trkpt lat="40.639934" lon="-0.107115">
        <ele>1084.1</ele>
        <time>2015-10-20T10:52:33Z</time>
      </trkpt>
      <trkpt lat="40.639900" lon="-0.107032">
        <ele>1084.5</ele>
        <time>2015-10-20T10:52:37Z</time>
      </trkpt>
      <trkpt lat="40.639900" lon="-0.106965">
        <ele>1085.0</ele>
        <time>2015-10-20T10:52:40Z</time>
      </trkpt>
      <trkpt lat="40.639900" lon="-0.106815">
        <ele>1085.9</ele>
        <time>2015-10-20T10:52:47Z</time>
      </trkpt>
      <trkpt lat="40.639900" lon="-0.106715">
        <ele>1086.6</ele>
        <time>2015-10-20T10:52:51Z</time>
      </trkpt>
      <trkpt lat="40.639918" lon="-0.106648">
        <ele>1087.0</ele>
        <time>2015-10-20T10:52:54Z</time>
      </trkpt>
      <trkpt lat="40.639918" lon="-0.106582">
        <ele>1087.6</ele>
        <time>2015-10-20T10:52:57Z</time>
      </trkpt>
      <trkpt lat="40.639918" lon="-0.106565">
        <ele>1087.7</ele>
        <time>2015-10-20T10:52:58Z</time>
      </trkpt>
      <trkpt lat="40.639934" lon="-0.106465">
        <ele>1088.0</ele>
        <time>2015-10-20T10:53:02Z</time>
      </trkpt>
      <trkpt lat="40.639918" lon="-0.106415">
        <ele>1088.3</ele>
        <time>2015-10-20T10:53:05Z</time>
      </trkpt>
      <trkpt lat="40.639900" lon="-0.106315">
        <ele>1089.1</ele>
        <time>2015-10-20T10:53:09Z</time>
      </trkpt>
      <trkpt lat="40.639900" lon="-0.106182">
        <ele>1089.9</ele>
        <time>2015-10-20T10:53:15Z</time>
      </trkpt>
      <trkpt lat="40.639867" lon="-0.106116">
        <ele>1089.8</ele>
        <time>2015-10-20T10:53:18Z</time>
      </trkpt>
      <trkpt lat="40.639884" lon="-0.106065">
        <ele>1090.4</ele>
        <time>2015-10-20T10:53:21Z</time>
      </trkpt>
      <trkpt lat="40.639900" lon="-0.106015">
        <ele>1090.3</ele>
        <time>2015-10-20T10:53:23Z</time>
      </trkpt>
      <trkpt lat="40.639918" lon="-0.105965">
        <ele>1090.3</ele>
        <time>2015-10-20T10:53:25Z</time>
      </trkpt>
      <trkpt lat="40.639918" lon="-0.105949">
        <ele>1090.4</ele>
        <time>2015-10-20T10:53:26Z</time>
      </trkpt>
      <trkpt lat="40.639918" lon="-0.105882">
        <ele>1090.6</ele>
        <time>2015-10-20T10:53:29Z</time>
      </trkpt>
      <trkpt lat="40.639918" lon="-0.105849">
        <ele>1090.7</ele>
        <time>2015-10-20T10:53:30Z</time>
      </trkpt>
      <trkpt lat="40.639918" lon="-0.105782">
        <ele>1091.0</ele>
        <time>2015-10-20T10:53:33Z</time>
      </trkpt>
      <trkpt lat="40.639900" lon="-0.105749">
        <ele>1091.2</ele>
        <time>2015-10-20T10:53:35Z</time>
      </trkpt>
      <trkpt lat="40.639918" lon="-0.105632">
        <ele>1091.8</ele>
        <time>2015-10-20T10:53:40Z</time>
      </trkpt>
      <trkpt lat="40.639900" lon="-0.105498">
        <ele>1092.9</ele>
        <time>2015-10-20T10:53:46Z</time>
      </trkpt>
      <trkpt lat="40.639884" lon="-0.105482">
        <ele>1093.1</ele>
        <time>2015-10-20T10:53:47Z</time>
      </trkpt>
      <trkpt lat="40.639867" lon="-0.105365">
        <ele>1094.0</ele>
        <time>2015-10-20T10:53:52Z</time>
      </trkpt>
      <trkpt lat="40.639867" lon="-0.105299">
        <ele>1094.6</ele>
        <time>2015-10-20T10:53:55Z</time>
      </trkpt>
      <trkpt lat="40.639867" lon="-0.105066">
        <ele>1098.0</ele>
        <time>2015-10-20T10:54:05Z</time>
      </trkpt>
      <trkpt lat="40.639900" lon="-0.104932">
        <ele>1100.3</ele>
        <time>2015-10-20T10:54:11Z</time>
      </trkpt>
      <trkpt lat="40.639900" lon="-0.104782">
        <ele>1103.1</ele>
        <time>2015-10-20T10:54:18Z</time>
      </trkpt>
      <trkpt lat="40.639917" lon="-0.104682">
        <ele>1104.3</ele>
        <time>2015-10-20T10:54:22Z</time>
      </trkpt>
      <trkpt lat="40.639967" lon="-0.104482">
        <ele>1107.2</ele>
        <time>2015-10-20T10:54:32Z</time>
      </trkpt>
      <trkpt lat="40.639884" lon="-0.104165">
        <ele>1110.7</ele>
        <time>2015-10-20T10:54:46Z</time>
      </trkpt>
      <trkpt lat="40.639867" lon="-0.104082">
        <ele>1111.4</ele>
        <time>2015-10-20T10:54:50Z</time>
      </trkpt>
      <trkpt lat="40.639817" lon="-0.103949">
        <ele>1112.7</ele>
        <time>2015-10-20T10:54:56Z</time>
      </trkpt>
      <trkpt lat="40.639800" lon="-0.103832">
        <ele>1113.5</ele>
        <time>2015-10-20T10:55:01Z</time>
      </trkpt>
      <trkpt lat="40.639784" lon="-0.103632">
        <ele>1114.4</ele>
        <time>2015-10-20T10:55:10Z</time>
      </trkpt>
      <trkpt lat="40.639800" lon="-0.103499">
        <ele>1114.5</ele>
        <time>2015-10-20T10:55:16Z</time>
      </trkpt>
      <trkpt lat="40.639784" lon="-0.103415">
        <ele>1114.9</ele>
        <time>2015-10-20T10:55:20Z</time>
      </trkpt>
      <trkpt lat="40.639833" lon="-0.103215">
        <ele>1114.2</ele>
        <time>2015-10-20T10:55:29Z</time>
      </trkpt>
      <trkpt lat="40.639884" lon="-0.103099">
        <ele>1112.5</ele>
        <time>2015-10-20T10:55:35Z</time>
      </trkpt>
      <trkpt lat="40.639917" lon="-0.103015">
        <ele>1111.6</ele>
        <time>2015-10-20T10:55:39Z</time>
      </trkpt>
      <trkpt lat="40.639950" lon="-0.102915">
        <ele>1110.4</ele>
        <time>2015-10-20T10:55:44Z</time>
      </trkpt>
      <trkpt lat="40.639984" lon="-0.102849">
        <ele>1109.7</ele>
        <time>2015-10-20T10:55:47Z</time>
      </trkpt>
      <trkpt lat="40.640017" lon="-0.102749">
        <ele>1108.5</ele>
        <time>2015-10-20T10:55:52Z</time>
      </trkpt>
      <trkpt lat="40.640017" lon="-0.102616">
        <ele>1107.0</ele>
        <time>2015-10-20T10:55:58Z</time>
      </trkpt>
      <trkpt lat="40.640067" lon="-0.102498">
        <ele>1105.5</ele>
        <time>2015-10-20T10:56:03Z</time>
      </trkpt>
      <trkpt lat="40.640116" lon="-0.102465">
        <ele>1104.9</ele>
        <time>2015-10-20T10:56:07Z</time>
      </trkpt>
      <trkpt lat="40.640116" lon="-0.102432">
        <ele>1104.5</ele>
        <time>2015-10-20T10:56:08Z</time>
      </trkpt>
      <trkpt lat="40.640116" lon="-0.102382">
        <ele>1103.9</ele>
        <time>2015-10-20T10:56:10Z</time>
      </trkpt>
      <trkpt lat="40.640167" lon="-0.102365">
        <ele>1103.5</ele>
        <time>2015-10-20T10:56:13Z</time>
      </trkpt>
      <trkpt lat="40.640167" lon="-0.102316">
        <ele>1103.0</ele>
        <time>2015-10-20T10:56:15Z</time>
      </trkpt>
      <trkpt lat="40.640216" lon="-0.102249">
        <ele>1102.1</ele>
        <time>2015-10-20T10:56:19Z</time>
      </trkpt>
      <trkpt lat="40.640216" lon="-0.102232">
        <ele>1102.0</ele>
        <time>2015-10-20T10:56:20Z</time>
      </trkpt>
      <trkpt lat="40.640216" lon="-0.102215">
        <ele>1101.9</ele>
        <time>2015-10-20T10:56:21Z</time>
      </trkpt>
      <trkpt lat="40.640216" lon="-0.102165">
        <ele>1101.5</ele>
        <time>2015-10-20T10:56:23Z</time>
      </trkpt>
      <trkpt lat="40.640250" lon="-0.101915">
        <ele>1099.1</ele>
        <time>2015-10-20T10:56:34Z</time>
      </trkpt>
      <trkpt lat="40.640267" lon="-0.101782">
        <ele>1098.7</ele>
        <time>2015-10-20T10:56:40Z</time>
      </trkpt>
      <trkpt lat="40.640267" lon="-0.101699">
        <ele>1098.9</ele>
        <time>2015-10-20T10:56:43Z</time>
      </trkpt>
      <trkpt lat="40.640317" lon="-0.101699">
        <ele>1098.9</ele>
        <time>2015-10-20T10:56:46Z</time>
      </trkpt>
      <trkpt lat="40.640317" lon="-0.101665">
        <ele>1099.0</ele>
        <time>2015-10-20T10:56:48Z</time>
      </trkpt>
      <trkpt lat="40.640317" lon="-0.101632">
        <ele>1099.0</ele>
        <time>2015-10-20T10:56:49Z</time>
      </trkpt>
      <trkpt lat="40.640317" lon="-0.101632">
        <ele>1099.0</ele>
        <time>2015-10-20T10:56:49Z</time>
      </trkpt>
      <trkpt lat="40.640317" lon="-0.101599">
        <ele>1099.2</ele>
        <time>2015-10-20T10:56:51Z</time>
      </trkpt>
      <trkpt lat="40.640317" lon="-0.101565">
        <ele>1099.4</ele>
        <time>2015-10-20T10:56:52Z</time>
      </trkpt>
      <trkpt lat="40.640334" lon="-0.101515">
        <ele>1099.7</ele>
        <time>2015-10-20T10:56:54Z</time>
      </trkpt>
      <trkpt lat="40.640334" lon="-0.101499">
        <ele>1099.8</ele>
        <time>2015-10-20T10:56:55Z</time>
      </trkpt>
      <trkpt lat="40.640334" lon="-0.101432">
        <ele>1100.4</ele>
        <time>2015-10-20T10:56:58Z</time>
      </trkpt>
      <trkpt lat="40.640334" lon="-0.101399">
        <ele>1100.6</ele>
        <time>2015-10-20T10:56:59Z</time>
      </trkpt>
      <trkpt lat="40.640334" lon="-0.101366">
        <ele>1100.9</ele>
        <time>2015-10-20T10:57:01Z</time>
      </trkpt>
      <trkpt lat="40.640334" lon="-0.101366">
        <ele>1100.9</ele>
        <time>2015-10-20T10:57:01Z</time>
      </trkpt>
      <trkpt lat="40.640334" lon="-0.101315">
        <ele>1101.4</ele>
        <time>2015-10-20T10:57:03Z</time>
      </trkpt>
      <trkpt lat="40.640350" lon="-0.101248">
        <ele>1101.9</ele>
        <time>2015-10-20T10:57:06Z</time>
      </trkpt>
      <trkpt lat="40.640334" lon="-0.101215">
        <ele>1102.5</ele>
        <time>2015-10-20T10:57:08Z</time>
      </trkpt>
      <trkpt lat="40.640334" lon="-0.101215">
        <ele>1102.5</ele>
        <time>2015-10-20T10:57:08Z</time>
      </trkpt>
      <trkpt lat="40.640334" lon="-0.101148">
        <ele>1103.1</ele>
        <time>2015-10-20T10:57:11Z</time>
      </trkpt>
      <trkpt lat="40.640334" lon="-0.101115">
        <ele>1103.4</ele>
        <time>2015-10-20T10:57:12Z</time>
      </trkpt>
      <trkpt lat="40.640334" lon="-0.101115">
        <ele>1103.4</ele>
        <time>2015-10-20T10:57:12Z</time>
      </trkpt>
      <trkpt lat="40.640350" lon="-0.101049">
        <ele>1103.8</ele>
        <time>2015-10-20T10:57:15Z</time>
      </trkpt>
      <trkpt lat="40.640350" lon="-0.101015">
        <ele>1104.1</ele>
        <time>2015-10-20T10:57:17Z</time>
      </trkpt>
      <trkpt lat="40.640350" lon="-0.100965">
        <ele>1104.4</ele>
        <time>2015-10-20T10:57:19Z</time>
      </trkpt>
      <trkpt lat="40.640350" lon="-0.100916">
        <ele>1104.8</ele>
        <time>2015-10-20T10:57:21Z</time>
      </trkpt>
      <trkpt lat="40.640350" lon="-0.100916">
        <ele>1104.8</ele>
        <time>2015-10-20T10:57:21Z</time>
      </trkpt>
      <trkpt lat="40.640383" lon="-0.100865">
        <ele>1104.6</ele>
        <time>2015-10-20T10:57:24Z</time>
      </trkpt>
      <trkpt lat="40.640383" lon="-0.100816">
        <ele>1104.9</ele>
        <time>2015-10-20T10:57:26Z</time>
      </trkpt>
      <trkpt lat="40.640350" lon="-0.100765">
        <ele>1105.9</ele>
        <time>2015-10-20T10:57:29Z</time>
      </trkpt>
      <trkpt lat="40.640350" lon="-0.100765">
        <ele>1105.9</ele>
        <time>2015-10-20T10:57:29Z</time>
      </trkpt>
      <trkpt lat="40.640350" lon="-0.100682">
        <ele>1106.4</ele>
        <time>2015-10-20T10:57:33Z</time>
      </trkpt>
      <trkpt lat="40.640334" lon="-0.100665">
        <ele>1106.7</ele>
        <time>2015-10-20T10:57:34Z</time>
      </trkpt>
      <trkpt lat="40.640350" lon="-0.100499">
        <ele>1107.2</ele>
        <time>2015-10-20T10:57:41Z</time>
      </trkpt>
      <trkpt lat="40.640383" lon="-0.100365">
        <ele>1107.3</ele>
        <time>2015-10-20T10:57:47Z</time>
      </trkpt>
      <trkpt lat="40.640417" lon="-0.100215">
        <ele>1107.3</ele>
        <time>2015-10-20T10:57:54Z</time>
      </trkpt>
      <trkpt lat="40.640417" lon="-0.100215">
        <ele>1107.3</ele>
        <time>2015-10-20T10:57:54Z</time>
      </trkpt>
      <trkpt lat="40.640534" lon="-0.099966">
        <ele>1107.6</ele>
        <time>2015-10-20T10:58:07Z</time>
      </trkpt>
      <trkpt lat="40.640583" lon="-0.099899">
        <ele>1107.3</ele>
        <time>2015-10-20T10:58:11Z</time>
      </trkpt>
      <trkpt lat="40.640617" lon="-0.099849">
        <ele>1107.0</ele>
        <time>2015-10-20T10:58:14Z</time>
      </trkpt>
      <trkpt lat="40.640617" lon="-0.099765">
        <ele>1107.4</ele>
        <time>2015-10-20T10:58:17Z</time>
      </trkpt>
      <trkpt lat="40.640617" lon="-0.099682">
        <ele>1107.8</ele>
        <time>2015-10-20T10:58:21Z</time>
      </trkpt>
      <trkpt lat="40.640667" lon="-0.099615">
        <ele>1107.3</ele>
        <time>2015-10-20T10:58:25Z</time>
      </trkpt>
      <trkpt lat="40.640667" lon="-0.099566">
        <ele>1107.5</ele>
        <time>2015-10-20T10:58:27Z</time>
      </trkpt>
      <trkpt lat="40.640667" lon="-0.099566">
        <ele>1107.5</ele>
        <time>2015-10-20T10:58:27Z</time>
      </trkpt>
      <trkpt lat="40.640683" lon="-0.099515">
        <ele>1107.4</ele>
        <time>2015-10-20T10:58:29Z</time>
      </trkpt>
      <trkpt lat="40.640733" lon="-0.099415">
        <ele>1106.8</ele>
        <time>2015-10-20T10:58:35Z</time>
      </trkpt>
      <trkpt lat="40.640867" lon="-0.099249">
        <ele>1104.8</ele>
        <time>2015-10-20T10:58:45Z</time>
      </trkpt>
      <trkpt lat="40.640867" lon="-0.099215">
        <ele>1104.8</ele>
        <time>2015-10-20T10:58:47Z</time>
      </trkpt>
      <trkpt lat="40.640867" lon="-0.099149">
        <ele>1104.7</ele>
        <time>2015-10-20T10:58:49Z</time>
      </trkpt>
      <trkpt lat="40.640867" lon="-0.099116">
        <ele>1104.5</ele>
        <time>2015-10-20T10:58:51Z</time>
      </trkpt>
      <trkpt lat="40.640884" lon="-0.099116">
        <ele>1104.4</ele>
        <time>2015-10-20T10:58:52Z</time>
      </trkpt>
      <trkpt lat="40.640917" lon="-0.099049">
        <ele>1103.5</ele>
        <time>2015-10-20T10:58:55Z</time>
      </trkpt>
      <trkpt lat="40.640933" lon="-0.099016">
        <ele>1103.4</ele>
        <time>2015-10-20T10:58:57Z</time>
      </trkpt>
      <trkpt lat="40.640967" lon="-0.098983">
        <ele>1102.8</ele>
        <time>2015-10-20T10:58:59Z</time>
      </trkpt>
      <trkpt lat="40.640967" lon="-0.098916">
        <ele>1103.4</ele>
        <time>2015-10-20T10:59:02Z</time>
      </trkpt>
      <trkpt lat="40.640967" lon="-0.098916">
        <ele>1103.4</ele>
        <time>2015-10-20T10:59:02Z</time>
      </trkpt>
      <trkpt lat="40.641000" lon="-0.098865">
        <ele>1102.0</ele>
        <time>2015-10-20T10:59:05Z</time>
      </trkpt>
      <trkpt lat="40.641000" lon="-0.098865">
        <ele>1102.0</ele>
        <time>2015-10-20T10:59:05Z</time>
      </trkpt>
      <trkpt lat="40.641017" lon="-0.098816">
        <ele>1100.7</ele>
        <time>2015-10-20T10:59:08Z</time>
      </trkpt>
      <trkpt lat="40.641050" lon="-0.098798">
        <ele>1100.0</ele>
        <time>2015-10-20T10:59:10Z</time>
      </trkpt>
      <trkpt lat="40.641050" lon="-0.098798">
        <ele>1100.0</ele>
        <time>2015-10-20T10:59:10Z</time>
      </trkpt>
      <trkpt lat="40.641050" lon="-0.098765">
        <ele>1099.6</ele>
        <time>2015-10-20T10:59:11Z</time>
      </trkpt>
      <trkpt lat="40.641067" lon="-0.098765">
        <ele>1099.4</ele>
        <time>2015-10-20T10:59:12Z</time>
      </trkpt>
      <trkpt lat="40.641067" lon="-0.098765">
        <ele>1099.4</ele>
        <time>2015-10-20T10:59:12Z</time>
      </trkpt>
      <trkpt lat="40.641250" lon="-0.098565">
        <ele>1094.9</ele>
        <time>2015-10-20T10:59:26Z</time>
      </trkpt>
      <trkpt lat="40.641417" lon="-0.098449">
        <ele>1094.5</ele>
        <time>2015-10-20T10:59:36Z</time>
      </trkpt>
      <trkpt lat="40.641550" lon="-0.098315">
        <ele>1094.5</ele>
        <time>2015-10-20T10:59:46Z</time>
      </trkpt>
      <trkpt lat="40.641667" lon="-0.098115">
        <ele>1095.3</ele>
        <time>2015-10-20T10:59:57Z</time>
      </trkpt>
      <trkpt lat="40.641684" lon="-0.097865">
        <ele>1096.4</ele>
        <time>2015-10-20T11:00:08Z</time>
      </trkpt>
      <trkpt lat="40.641700" lon="-0.097665">
        <ele>1098.5</ele>
        <time>2015-10-20T11:00:17Z</time>
      </trkpt>
      <trkpt lat="40.641700" lon="-0.097515">
        <ele>1099.8</ele>
        <time>2015-10-20T11:00:23Z</time>
      </trkpt>
      <trkpt lat="40.641700" lon="-0.097415">
        <ele>1100.8</ele>
        <time>2015-10-20T11:00:27Z</time>
      </trkpt>
      <trkpt lat="40.641700" lon="-0.097365">
        <ele>1101.2</ele>
        <time>2015-10-20T11:00:30Z</time>
      </trkpt>
      <trkpt lat="40.641700" lon="-0.097365">
        <ele>1101.2</ele>
        <time>2015-10-20T11:00:30Z</time>
      </trkpt>
      <trkpt lat="40.641733" lon="-0.097349">
        <ele>1101.4</ele>
        <time>2015-10-20T11:00:32Z</time>
      </trkpt>
      <trkpt lat="40.641733" lon="-0.097349">
        <ele>1101.4</ele>
        <time>2015-10-20T11:00:32Z</time>
      </trkpt>
      <trkpt lat="40.641733" lon="-0.097349">
        <ele>1101.4</ele>
        <time>2015-10-20T11:00:32Z</time>
      </trkpt>
      <trkpt lat="40.641733" lon="-0.097349">
        <ele>1101.4</ele>
        <time>2015-10-20T11:00:32Z</time>
      </trkpt>
      <trkpt lat="40.641733" lon="-0.097349">
        <ele>1101.4</ele>
        <time>2015-10-20T11:00:32Z</time>
      </trkpt>
      <trkpt lat="40.641733" lon="-0.097349">
        <ele>1101.4</ele>
        <time>2015-10-20T11:00:32Z</time>
      </trkpt>
      <trkpt lat="40.641700" lon="-0.097316">
        <ele>1101.5</ele>
        <time>2015-10-20T11:00:34Z</time>
      </trkpt>
      <trkpt lat="40.641700" lon="-0.097316">
        <ele>1101.5</ele>
        <time>2015-10-20T11:00:34Z</time>
      </trkpt>
      <trkpt lat="40.641700" lon="-0.097265">
        <ele>1101.8</ele>
        <time>2015-10-20T11:00:36Z</time>
      </trkpt>
      <trkpt lat="40.641700" lon="-0.097265">
        <ele>1101.8</ele>
        <time>2015-10-20T11:00:36Z</time>
      </trkpt>
      <trkpt lat="40.641684" lon="-0.097249">
        <ele>1101.8</ele>
        <time>2015-10-20T11:00:37Z</time>
      </trkpt>
      <trkpt lat="40.641667" lon="-0.097165">
        <ele>1102.2</ele>
        <time>2015-10-20T11:00:41Z</time>
      </trkpt>
      <trkpt lat="40.641600" lon="-0.097066">
        <ele>1102.3</ele>
        <time>2015-10-20T11:00:47Z</time>
      </trkpt>
      <trkpt lat="40.641600" lon="-0.096899">
        <ele>1103.4</ele>
        <time>2015-10-20T11:00:54Z</time>
      </trkpt>
      <trkpt lat="40.641566" lon="-0.096749">
        <ele>1104.1</ele>
        <time>2015-10-20T11:01:01Z</time>
      </trkpt>
      <trkpt lat="40.641550" lon="-0.096632">
        <ele>1104.7</ele>
        <time>2015-10-20T11:01:06Z</time>
      </trkpt>
      <trkpt lat="40.641550" lon="-0.096549">
        <ele>1105.1</ele>
        <time>2015-10-20T11:01:10Z</time>
      </trkpt>
      <trkpt lat="40.641534" lon="-0.096482">
        <ele>1105.1</ele>
        <time>2015-10-20T11:01:13Z</time>
      </trkpt>
      <trkpt lat="40.641534" lon="-0.096415">
        <ele>1105.3</ele>
        <time>2015-10-20T11:01:16Z</time>
      </trkpt>
      <trkpt lat="40.641533" lon="-0.096299">
        <ele>1105.7</ele>
        <time>2015-10-20T11:01:21Z</time>
      </trkpt>
      <trkpt lat="40.641517" lon="-0.096183">
        <ele>1105.7</ele>
        <time>2015-10-20T11:01:26Z</time>
      </trkpt>
      <trkpt lat="40.641450" lon="-0.096065">
        <ele>1104.6</ele>
        <time>2015-10-20T11:01:32Z</time>
      </trkpt>
      <trkpt lat="40.641417" lon="-0.095882">
        <ele>1104.2</ele>
        <time>2015-10-20T11:01:40Z</time>
      </trkpt>
      <trkpt lat="40.641283" lon="-0.095682">
        <ele>1101.2</ele>
        <time>2015-10-20T11:01:52Z</time>
      </trkpt>
      <trkpt lat="40.641217" lon="-0.095415">
        <ele>1098.9</ele>
        <time>2015-10-20T11:02:04Z</time>
      </trkpt>
      <trkpt lat="40.641217" lon="-0.095183">
        <ele>1096.2</ele>
        <time>2015-10-20T11:02:14Z</time>
      </trkpt>
      <trkpt lat="40.641334" lon="-0.094999">
        <ele>1093.5</ele>
        <time>2015-10-20T11:02:25Z</time>
      </trkpt>
      <trkpt lat="40.641517" lon="-0.094849">
        <ele>1089.9</ele>
        <time>2015-10-20T11:02:37Z</time>
      </trkpt>
      <trkpt lat="40.641667" lon="-0.094732">
        <ele>1087.2</ele>
        <time>2015-10-20T11:02:47Z</time>
      </trkpt>
      <trkpt lat="40.641700" lon="-0.094566">
        <ele>1087.4</ele>
        <time>2015-10-20T11:02:54Z</time>
      </trkpt>
      <trkpt lat="40.641667" lon="-0.094382">
        <ele>1087.4</ele>
        <time>2015-10-20T11:03:03Z</time>
      </trkpt>
      <trkpt lat="40.641600" lon="-0.094216">
        <ele>1086.1</ele>
        <time>2015-10-20T11:03:11Z</time>
      </trkpt>
      <trkpt lat="40.641617" lon="-0.094016">
        <ele>1085.5</ele>
        <time>2015-10-20T11:03:19Z</time>
      </trkpt>
      <trkpt lat="40.641684" lon="-0.093833">
        <ele>1085.4</ele>
        <time>2015-10-20T11:03:28Z</time>
      </trkpt>
      <trkpt lat="40.641784" lon="-0.093715">
        <ele>1086.9</ele>
        <time>2015-10-20T11:03:36Z</time>
      </trkpt>
      <trkpt lat="40.641867" lon="-0.093566">
        <ele>1087.9</ele>
        <time>2015-10-20T11:03:44Z</time>
      </trkpt>
      <trkpt lat="40.641918" lon="-0.093382">
        <ele>1087.2</ele>
        <time>2015-10-20T11:03:52Z</time>
      </trkpt>
      <trkpt lat="40.642019" lon="-0.093180">
        <ele>1087.2</ele>
        <time>2015-10-20T11:04:03Z</time>
      </trkpt>
      <trkpt lat="40.641994" lon="-0.092897">
        <ele>1088.6</ele>
        <time>2015-10-20T11:04:15Z</time>
      </trkpt>
      <trkpt lat="40.641994" lon="-0.092897">
        <ele>1088.6</ele>
        <time>2015-10-20T11:04:15Z</time>
      </trkpt>
      <trkpt lat="40.641996" lon="-0.092899">
        <ele>1088.5</ele>
        <time>2015-10-20T11:04:15Z</time>
      </trkpt>
      <trkpt lat="40.642037" lon="-0.092936">
        <ele>1088.3</ele>
        <time>2015-10-20T11:04:18Z</time>
      </trkpt>
      <trkpt lat="40.642064" lon="-0.092939">
        <ele>1088.5</ele>
        <time>2015-10-20T11:04:20Z</time>
      </trkpt>
      <trkpt lat="40.642202" lon="-0.092934">
        <ele>1089.4</ele>
        <time>2015-10-20T11:04:28Z</time>
      </trkpt>
      <trkpt lat="40.642267" lon="-0.092916">
        <ele>1089.7</ele>
        <time>2015-10-20T11:04:32Z</time>
      </trkpt>
      <trkpt lat="40.642334" lon="-0.092916">
        <ele>1089.9</ele>
        <time>2015-10-20T11:04:35Z</time>
      </trkpt>
      <trkpt lat="40.642384" lon="-0.092949">
        <ele>1089.7</ele>
        <time>2015-10-20T11:04:39Z</time>
      </trkpt>
      <trkpt lat="40.642434" lon="-0.092983">
        <ele>1089.8</ele>
        <time>2015-10-20T11:04:42Z</time>
      </trkpt>
      <trkpt lat="40.642484" lon="-0.093016">
        <ele>1090.1</ele>
        <time>2015-10-20T11:04:45Z</time>
      </trkpt>
      <trkpt lat="40.642534" lon="-0.093083">
        <ele>1090.3</ele>
        <time>2015-10-20T11:04:49Z</time>
      </trkpt>
      <trkpt lat="40.642568" lon="-0.093116">
        <ele>1090.4</ele>
        <time>2015-10-20T11:04:51Z</time>
      </trkpt>
      <trkpt lat="40.642617" lon="-0.093150">
        <ele>1090.6</ele>
        <time>2015-10-20T11:04:55Z</time>
      </trkpt>
      <trkpt lat="40.642668" lon="-0.093183">
        <ele>1091.0</ele>
        <time>2015-10-20T11:04:58Z</time>
      </trkpt>
      <trkpt lat="40.642717" lon="-0.093199">
        <ele>1091.3</ele>
        <time>2015-10-20T11:05:01Z</time>
      </trkpt>
      <trkpt lat="40.642734" lon="-0.093216">
        <ele>1091.2</ele>
        <time>2015-10-20T11:05:02Z</time>
      </trkpt>
      <trkpt lat="40.642751" lon="-0.093233">
        <ele>1091.2</ele>
        <time>2015-10-20T11:05:03Z</time>
      </trkpt>
      <trkpt lat="40.642784" lon="-0.093233">
        <ele>1091.7</ele>
        <time>2015-10-20T11:05:05Z</time>
      </trkpt>
      <trkpt lat="40.642784" lon="-0.093233">
        <ele>1091.7</ele>
        <time>2015-10-20T11:05:05Z</time>
      </trkpt>
      <trkpt lat="40.642801" lon="-0.093250">
        <ele>1092.0</ele>
        <time>2015-10-20T11:05:06Z</time>
      </trkpt>
      <trkpt lat="40.642834" lon="-0.093266">
        <ele>1092.4</ele>
        <time>2015-10-20T11:05:08Z</time>
      </trkpt>
      <trkpt lat="40.642851" lon="-0.093283">
        <ele>1092.5</ele>
        <time>2015-10-20T11:05:10Z</time>
      </trkpt>
      <trkpt lat="40.642851" lon="-0.093283">
        <ele>1092.5</ele>
        <time>2015-10-20T11:05:10Z</time>
      </trkpt>
      <trkpt lat="40.642851" lon="-0.093283">
        <ele>1092.5</ele>
        <time>2015-10-20T11:05:10Z</time>
      </trkpt>
      <trkpt lat="40.642851" lon="-0.093283">
        <ele>1092.5</ele>
        <time>2015-10-20T11:05:10Z</time>
      </trkpt>
      <trkpt lat="40.642867" lon="-0.093299">
        <ele>1092.8</ele>
        <time>2015-10-20T11:05:11Z</time>
      </trkpt>
      <trkpt lat="40.642901" lon="-0.093299">
        <ele>1093.3</ele>
        <time>2015-10-20T11:05:13Z</time>
      </trkpt>
      <trkpt lat="40.642951" lon="-0.093299">
        <ele>1094.0</ele>
        <time>2015-10-20T11:05:15Z</time>
      </trkpt>
      <trkpt lat="40.642984" lon="-0.093299">
        <ele>1093.9</ele>
        <time>2015-10-20T11:05:17Z</time>
      </trkpt>
      <trkpt lat="40.643017" lon="-0.093299">
        <ele>1094.0</ele>
        <time>2015-10-20T11:05:19Z</time>
      </trkpt>
      <trkpt lat="40.643051" lon="-0.093283">
        <ele>1094.2</ele>
        <time>2015-10-20T11:05:21Z</time>
      </trkpt>
      <trkpt lat="40.643084" lon="-0.093250">
        <ele>1094.1</ele>
        <time>2015-10-20T11:05:24Z</time>
      </trkpt>
      <trkpt lat="40.643101" lon="-0.093216">
        <ele>1094.7</ele>
        <time>2015-10-20T11:05:25Z</time>
      </trkpt>
      <trkpt lat="40.643134" lon="-0.093166">
        <ele>1095.1</ele>
        <time>2015-10-20T11:05:28Z</time>
      </trkpt>
      <trkpt lat="40.643151" lon="-0.093150">
        <ele>1095.1</ele>
        <time>2015-10-20T11:05:30Z</time>
      </trkpt>
      <trkpt lat="40.643151" lon="-0.093150">
        <ele>1095.1</ele>
        <time>2015-10-20T11:05:30Z</time>
      </trkpt>
      <trkpt lat="40.643167" lon="-0.093150">
        <ele>1095.1</ele>
        <time>2015-10-20T11:05:30Z</time>
      </trkpt>
      <trkpt lat="40.643167" lon="-0.093150">
        <ele>1095.1</ele>
        <time>2015-10-20T11:05:30Z</time>
      </trkpt>
      <trkpt lat="40.643167" lon="-0.093150">
        <ele>1095.1</ele>
        <time>2015-10-20T11:05:30Z</time>
      </trkpt>
      <trkpt lat="40.643167" lon="-0.093166">
        <ele>1095.4</ele>
        <time>2015-10-20T11:05:31Z</time>
      </trkpt>
      <trkpt lat="40.643167" lon="-0.093183">
        <ele>1095.9</ele>
        <time>2015-10-20T11:05:32Z</time>
      </trkpt>
      <trkpt lat="40.643151" lon="-0.093199">
        <ele>1095.8</ele>
        <time>2015-10-20T11:05:33Z</time>
      </trkpt>
      <trkpt lat="40.643134" lon="-0.093233">
        <ele>1095.4</ele>
        <time>2015-10-20T11:05:35Z</time>
      </trkpt>
      <trkpt lat="40.643134" lon="-0.093250">
        <ele>1095.4</ele>
        <time>2015-10-20T11:05:36Z</time>
      </trkpt>
      <trkpt lat="40.643118" lon="-0.093250">
        <ele>1094.8</ele>
        <time>2015-10-20T11:05:37Z</time>
      </trkpt>
      <trkpt lat="40.643118" lon="-0.093266">
        <ele>1094.8</ele>
        <time>2015-10-20T11:05:37Z</time>
      </trkpt>
      <trkpt lat="40.643118" lon="-0.093266">
        <ele>1094.8</ele>
        <time>2015-10-20T11:05:37Z</time>
      </trkpt>
      <trkpt lat="40.643118" lon="-0.093283">
        <ele>1094.9</ele>
        <time>2015-10-20T11:05:38Z</time>
      </trkpt>
      <trkpt lat="40.643118" lon="-0.093299">
        <ele>1095.1</ele>
        <time>2015-10-20T11:05:39Z</time>
      </trkpt>
      <trkpt lat="40.643134" lon="-0.093316">
        <ele>1095.8</ele>
        <time>2015-10-20T11:05:40Z</time>
      </trkpt>
      <trkpt lat="40.643134" lon="-0.093316">
        <ele>1095.8</ele>
        <time>2015-10-20T11:05:40Z</time>
      </trkpt>
      <trkpt lat="40.643184" lon="-0.093350">
        <ele>1098.3</ele>
        <time>2015-10-20T11:05:43Z</time>
      </trkpt>
      <trkpt lat="40.643218" lon="-0.093350">
        <ele>1098.5</ele>
        <time>2015-10-20T11:05:45Z</time>
      </trkpt>
      <trkpt lat="40.643251" lon="-0.093350">
        <ele>1099.1</ele>
        <time>2015-10-20T11:05:47Z</time>
      </trkpt>
      <trkpt lat="40.643251" lon="-0.093350">
        <ele>1099.1</ele>
        <time>2015-10-20T11:05:47Z</time>
      </trkpt>
      <trkpt lat="40.643251" lon="-0.093350">
        <ele>1099.1</ele>
        <time>2015-10-20T11:05:47Z</time>
      </trkpt>
      <trkpt lat="40.643267" lon="-0.093350">
        <ele>1099.4</ele>
        <time>2015-10-20T11:05:48Z</time>
      </trkpt>
      <trkpt lat="40.643267" lon="-0.093350">
        <ele>1099.4</ele>
        <time>2015-10-20T11:05:48Z</time>
      </trkpt>
      <trkpt lat="40.643284" lon="-0.093383">
        <ele>1100.2</ele>
        <time>2015-10-20T11:05:50Z</time>
      </trkpt>
      <trkpt lat="40.643284" lon="-0.093399">
        <ele>1100.5</ele>
        <time>2015-10-20T11:05:50Z</time>
      </trkpt>
      <trkpt lat="40.643284" lon="-0.093433">
        <ele>1101.2</ele>
        <time>2015-10-20T11:05:52Z</time>
      </trkpt>
      <trkpt lat="40.643284" lon="-0.093449">
        <ele>1101.6</ele>
        <time>2015-10-20T11:05:52Z</time>
      </trkpt>
      <trkpt lat="40.643301" lon="-0.093483">
        <ele>1102.6</ele>
        <time>2015-10-20T11:05:54Z</time>
      </trkpt>
      <trkpt lat="40.643301" lon="-0.093499">
        <ele>1102.9</ele>
        <time>2015-10-20T11:05:55Z</time>
      </trkpt>
      <trkpt lat="40.643301" lon="-0.093499">
        <ele>1102.9</ele>
        <time>2015-10-20T11:05:55Z</time>
      </trkpt>
      <trkpt lat="40.643317" lon="-0.093483">
        <ele>1103.0</ele>
        <time>2015-10-20T11:05:56Z</time>
      </trkpt>
      <trkpt lat="40.643334" lon="-0.093466">
        <ele>1103.3</ele>
        <time>2015-10-20T11:05:57Z</time>
      </trkpt>
      <trkpt lat="40.643351" lon="-0.093449">
        <ele>1103.7</ele>
        <time>2015-10-20T11:05:58Z</time>
      </trkpt>
      <trkpt lat="40.643351" lon="-0.093449">
        <ele>1103.7</ele>
        <time>2015-10-20T11:05:58Z</time>
      </trkpt>
      <trkpt lat="40.643351" lon="-0.093449">
        <ele>1103.7</ele>
        <time>2015-10-20T11:05:58Z</time>
      </trkpt>
      <trkpt lat="40.643351" lon="-0.093449">
        <ele>1103.7</ele>
        <time>2015-10-20T11:05:58Z</time>
      </trkpt>
      <trkpt lat="40.643351" lon="-0.093449">
        <ele>1103.7</ele>
        <time>2015-10-20T11:05:58Z</time>
      </trkpt>
      <trkpt lat="40.643351" lon="-0.093449">
        <ele>1103.7</ele>
        <time>2015-10-20T11:05:58Z</time>
      </trkpt>
      <trkpt lat="40.643351" lon="-0.093449">
        <ele>1103.7</ele>
        <time>2015-10-20T11:05:58Z</time>
      </trkpt>
      <trkpt lat="40.643384" lon="-0.093433">
        <ele>1104.1</ele>
        <time>2015-10-20T11:06:01Z</time>
      </trkpt>
      <trkpt lat="40.643417" lon="-0.093433">
        <ele>1104.3</ele>
        <time>2015-10-20T11:06:02Z</time>
      </trkpt>
      <trkpt lat="40.643450" lon="-0.093483">
        <ele>1105.6</ele>
        <time>2015-10-20T11:06:05Z</time>
      </trkpt>
      <trkpt lat="40.643467" lon="-0.093516">
        <ele>1106.6</ele>
        <time>2015-10-20T11:06:07Z</time>
      </trkpt>
      <trkpt lat="40.643484" lon="-0.093566">
        <ele>1108.1</ele>
        <time>2015-10-20T11:06:09Z</time>
      </trkpt>
      <trkpt lat="40.643517" lon="-0.093600">
        <ele>1107.7</ele>
        <time>2015-10-20T11:06:12Z</time>
      </trkpt>
      <trkpt lat="40.643534" lon="-0.093649">
        <ele>1108.8</ele>
        <time>2015-10-20T11:06:14Z</time>
      </trkpt>
      <trkpt lat="40.643567" lon="-0.093700">
        <ele>1109.4</ele>
        <time>2015-10-20T11:06:17Z</time>
      </trkpt>
      <trkpt lat="40.643567" lon="-0.093749">
        <ele>1110.5</ele>
        <time>2015-10-20T11:06:19Z</time>
      </trkpt>
      <trkpt lat="40.643567" lon="-0.093800">
        <ele>1111.7</ele>
        <time>2015-10-20T11:06:21Z</time>
      </trkpt>
      <trkpt lat="40.643601" lon="-0.093849">
        <ele>1112.3</ele>
        <time>2015-10-20T11:06:24Z</time>
      </trkpt>
      <trkpt lat="40.643617" lon="-0.093883">
        <ele>1113.1</ele>
        <time>2015-10-20T11:06:26Z</time>
      </trkpt>
      <trkpt lat="40.643634" lon="-0.093916">
        <ele>1113.6</ele>
        <time>2015-10-20T11:06:28Z</time>
      </trkpt>
      <trkpt lat="40.643650" lon="-0.093966">
        <ele>1114.1</ele>
        <time>2015-10-20T11:06:30Z</time>
      </trkpt>
      <trkpt lat="40.643667" lon="-0.093966">
        <ele>1113.5</ele>
        <time>2015-10-20T11:06:31Z</time>
      </trkpt>
      <trkpt lat="40.643684" lon="-0.094016">
        <ele>1114.3</ele>
        <time>2015-10-20T11:06:33Z</time>
      </trkpt>
      <trkpt lat="40.643684" lon="-0.094050">
        <ele>1114.9</ele>
        <time>2015-10-20T11:06:35Z</time>
      </trkpt>
      <trkpt lat="40.643701" lon="-0.094066">
        <ele>1114.7</ele>
        <time>2015-10-20T11:06:36Z</time>
      </trkpt>
      <trkpt lat="40.643701" lon="-0.094083">
        <ele>1114.9</ele>
        <time>2015-10-20T11:06:37Z</time>
      </trkpt>
      <trkpt lat="40.643701" lon="-0.094083">
        <ele>1114.9</ele>
        <time>2015-10-20T11:06:37Z</time>
      </trkpt>
      <trkpt lat="40.643701" lon="-0.094083">
        <ele>1114.9</ele>
        <time>2015-10-20T11:06:37Z</time>
      </trkpt>
      <trkpt lat="40.643701" lon="-0.094083">
        <ele>1114.9</ele>
        <time>2015-10-20T11:06:37Z</time>
      </trkpt>
      <trkpt lat="40.643701" lon="-0.094083">
        <ele>1114.9</ele>
        <time>2015-10-20T11:06:37Z</time>
      </trkpt>
      <trkpt lat="40.643701" lon="-0.094083">
        <ele>1114.9</ele>
        <time>2015-10-20T11:06:37Z</time>
      </trkpt>
      <trkpt lat="40.643701" lon="-0.094083">
        <ele>1114.9</ele>
        <time>2015-10-20T11:06:37Z</time>
      </trkpt>
      <trkpt lat="40.643701" lon="-0.094083">
        <ele>1114.9</ele>
        <time>2015-10-20T11:06:37Z</time>
      </trkpt>
      <trkpt lat="40.643701" lon="-0.094083">
        <ele>1114.9</ele>
        <time>2015-10-20T11:06:37Z</time>
      </trkpt>
      <trkpt lat="40.643701" lon="-0.094083">
        <ele>1114.9</ele>
        <time>2015-10-20T11:06:37Z</time>
      </trkpt>
      <trkpt lat="40.643701" lon="-0.094083">
        <ele>1114.9</ele>
        <time>2015-10-20T11:06:37Z</time>
      </trkpt>
      <trkpt lat="40.643701" lon="-0.094083">
        <ele>1114.9</ele>
        <time>2015-10-20T11:06:37Z</time>
      </trkpt>
      <trkpt lat="40.643701" lon="-0.094083">
        <ele>1114.9</ele>
        <time>2015-10-20T11:06:37Z</time>
      </trkpt>
      <trkpt lat="40.643701" lon="-0.094083">
        <ele>1114.9</ele>
        <time>2015-10-20T11:06:37Z</time>
      </trkpt>
      <trkpt lat="40.643701" lon="-0.094083">
        <ele>1114.9</ele>
        <time>2015-10-20T11:06:37Z</time>
      </trkpt>
      <trkpt lat="40.643701" lon="-0.094083">
        <ele>1114.9</ele>
        <time>2015-10-20T11:06:37Z</time>
      </trkpt>
      <trkpt lat="40.643701" lon="-0.094099">
        <ele>1115.2</ele>
        <time>2015-10-20T11:06:38Z</time>
      </trkpt>
      <trkpt lat="40.643701" lon="-0.094099">
        <ele>1115.2</ele>
        <time>2015-10-20T11:06:38Z</time>
      </trkpt>
      <trkpt lat="40.643701" lon="-0.094099">
        <ele>1115.2</ele>
        <time>2015-10-20T11:06:38Z</time>
      </trkpt>
      <trkpt lat="40.643701" lon="-0.094099">
        <ele>1115.2</ele>
        <time>2015-10-20T11:06:38Z</time>
      </trkpt>
      <trkpt lat="40.643701" lon="-0.094099">
        <ele>1115.2</ele>
        <time>2015-10-20T11:06:38Z</time>
      </trkpt>
      <trkpt lat="40.643701" lon="-0.094099">
        <ele>1115.2</ele>
        <time>2015-10-20T11:06:38Z</time>
      </trkpt>
      <trkpt lat="40.643701" lon="-0.094099">
        <ele>1115.2</ele>
        <time>2015-10-20T11:06:38Z</time>
      </trkpt>
      <trkpt lat="40.643717" lon="-0.094166">
        <ele>1116.0</ele>
        <time>2015-10-20T11:06:41Z</time>
      </trkpt>
      <trkpt lat="40.643717" lon="-0.094199">
        <ele>1116.4</ele>
        <time>2015-10-20T11:06:42Z</time>
      </trkpt>
      <trkpt lat="40.643717" lon="-0.094250">
        <ele>1117.1</ele>
        <time>2015-10-20T11:06:44Z</time>
      </trkpt>
      <trkpt lat="40.643734" lon="-0.094299">
        <ele>1117.5</ele>
        <time>2015-10-20T11:06:47Z</time>
      </trkpt>
      <trkpt lat="40.643750" lon="-0.094350">
        <ele>1118.0</ele>
        <time>2015-10-20T11:06:49Z</time>
      </trkpt>
      <trkpt lat="40.643750" lon="-0.094400">
        <ele>1118.6</ele>
        <time>2015-10-20T11:06:51Z</time>
      </trkpt>
      <trkpt lat="40.643767" lon="-0.094450">
        <ele>1119.1</ele>
        <time>2015-10-20T11:06:53Z</time>
      </trkpt>
      <trkpt lat="40.643767" lon="-0.094500">
        <ele>1119.9</ele>
        <time>2015-10-20T11:06:56Z</time>
      </trkpt>
      <trkpt lat="40.643767" lon="-0.094549">
        <ele>1120.7</ele>
        <time>2015-10-20T11:06:58Z</time>
      </trkpt>
      <trkpt lat="40.643767" lon="-0.094583">
        <ele>1121.1</ele>
        <time>2015-10-20T11:06:59Z</time>
      </trkpt>
      <trkpt lat="40.643784" lon="-0.094633">
        <ele>1121.7</ele>
        <time>2015-10-20T11:07:02Z</time>
      </trkpt>
      <trkpt lat="40.643800" lon="-0.094649">
        <ele>1121.8</ele>
        <time>2015-10-20T11:07:03Z</time>
      </trkpt>
      <trkpt lat="40.643800" lon="-0.094700">
        <ele>1122.5</ele>
        <time>2015-10-20T11:07:05Z</time>
      </trkpt>
      <trkpt lat="40.643817" lon="-0.094733">
        <ele>1123.0</ele>
        <time>2015-10-20T11:07:07Z</time>
      </trkpt>
      <trkpt lat="40.643817" lon="-0.094800">
        <ele>1124.0</ele>
        <time>2015-10-20T11:07:10Z</time>
      </trkpt>
      <trkpt lat="40.643817" lon="-0.094833">
        <ele>1124.5</ele>
        <time>2015-10-20T11:07:11Z</time>
      </trkpt>
      <trkpt lat="40.643851" lon="-0.094866">
        <ele>1125.1</ele>
        <time>2015-10-20T11:07:13Z</time>
      </trkpt>
      <trkpt lat="40.643884" lon="-0.094899">
        <ele>1125.9</ele>
        <time>2015-10-20T11:07:16Z</time>
      </trkpt>
      <trkpt lat="40.643917" lon="-0.094899">
        <ele>1125.9</ele>
        <time>2015-10-20T11:07:18Z</time>
      </trkpt>
      <trkpt lat="40.643967" lon="-0.094899">
        <ele>1126.4</ele>
        <time>2015-10-20T11:07:21Z</time>
      </trkpt>
      <trkpt lat="40.644017" lon="-0.094899">
        <ele>1127.0</ele>
        <time>2015-10-20T11:07:23Z</time>
      </trkpt>
      <trkpt lat="40.644051" lon="-0.094882">
        <ele>1127.2</ele>
        <time>2015-10-20T11:07:25Z</time>
      </trkpt>
      <trkpt lat="40.644084" lon="-0.094882">
        <ele>1127.6</ele>
        <time>2015-10-20T11:07:27Z</time>
      </trkpt>
      <trkpt lat="40.644117" lon="-0.094882">
        <ele>1128.0</ele>
        <time>2015-10-20T11:07:29Z</time>
      </trkpt>
      <trkpt lat="40.644151" lon="-0.094882">
        <ele>1128.7</ele>
        <time>2015-10-20T11:07:31Z</time>
      </trkpt>
      <trkpt lat="40.644184" lon="-0.094866">
        <ele>1128.9</ele>
        <time>2015-10-20T11:07:33Z</time>
      </trkpt>
      <trkpt lat="40.644217" lon="-0.094816">
        <ele>1128.6</ele>
        <time>2015-10-20T11:07:36Z</time>
      </trkpt>
      <trkpt lat="40.644251" lon="-0.094800">
        <ele>1129.0</ele>
        <time>2015-10-20T11:07:38Z</time>
      </trkpt>
      <trkpt lat="40.644284" lon="-0.094766">
        <ele>1129.3</ele>
        <time>2015-10-20T11:07:41Z</time>
      </trkpt>
      <trkpt lat="40.644334" lon="-0.094733">
        <ele>1130.5</ele>
        <time>2015-10-20T11:07:44Z</time>
      </trkpt>
      <trkpt lat="40.644350" lon="-0.094683">
        <ele>1131.1</ele>
        <time>2015-10-20T11:07:46Z</time>
      </trkpt>
      <trkpt lat="40.644367" lon="-0.094616">
        <ele>1131.2</ele>
        <time>2015-10-20T11:07:49Z</time>
      </trkpt>
      <trkpt lat="40.644401" lon="-0.094583">
        <ele>1132.6</ele>
        <time>2015-10-20T11:07:52Z</time>
      </trkpt>
      <trkpt lat="40.644401" lon="-0.094583">
        <ele>1132.6</ele>
        <time>2015-10-20T11:07:52Z</time>
      </trkpt>
      <trkpt lat="40.644401" lon="-0.094583">
        <ele>1132.6</ele>
        <time>2015-10-20T11:07:52Z</time>
      </trkpt>
      <trkpt lat="40.644401" lon="-0.094600">
        <ele>1132.8</ele>
        <time>2015-10-20T11:07:52Z</time>
      </trkpt>
      <trkpt lat="40.644417" lon="-0.094616">
        <ele>1133.7</ele>
        <time>2015-10-20T11:07:53Z</time>
      </trkpt>
      <trkpt lat="40.644401" lon="-0.094633">
        <ele>1133.1</ele>
        <time>2015-10-20T11:07:55Z</time>
      </trkpt>
      <trkpt lat="40.644417" lon="-0.094649">
        <ele>1134.0</ele>
        <time>2015-10-20T11:07:56Z</time>
      </trkpt>
      <trkpt lat="40.644417" lon="-0.094700">
        <ele>1134.4</ele>
        <time>2015-10-20T11:07:58Z</time>
      </trkpt>
      <trkpt lat="40.644417" lon="-0.094716">
        <ele>1134.6</ele>
        <time>2015-10-20T11:07:59Z</time>
      </trkpt>
      <trkpt lat="40.644417" lon="-0.094733">
        <ele>1134.7</ele>
        <time>2015-10-20T11:08:00Z</time>
      </trkpt>
      <trkpt lat="40.644417" lon="-0.094749">
        <ele>1134.9</ele>
        <time>2015-10-20T11:08:00Z</time>
      </trkpt>
      <trkpt lat="40.644417" lon="-0.094766">
        <ele>1135.0</ele>
        <time>2015-10-20T11:08:01Z</time>
      </trkpt>
      <trkpt lat="40.644434" lon="-0.094800">
        <ele>1135.9</ele>
        <time>2015-10-20T11:08:03Z</time>
      </trkpt>
      <trkpt lat="40.644450" lon="-0.094800">
        <ele>1136.4</ele>
        <time>2015-10-20T11:08:04Z</time>
      </trkpt>
      <trkpt lat="40.644467" lon="-0.094800">
        <ele>1136.9</ele>
        <time>2015-10-20T11:08:05Z</time>
      </trkpt>
      <trkpt lat="40.644484" lon="-0.094800">
        <ele>1137.2</ele>
        <time>2015-10-20T11:08:06Z</time>
      </trkpt>
      <trkpt lat="40.644501" lon="-0.094800">
        <ele>1137.4</ele>
        <time>2015-10-20T11:08:06Z</time>
      </trkpt>
      <trkpt lat="40.644501" lon="-0.094800">
        <ele>1137.4</ele>
        <time>2015-10-20T11:08:06Z</time>
      </trkpt>
      <trkpt lat="40.644501" lon="-0.094800">
        <ele>1137.4</ele>
        <time>2015-10-20T11:08:06Z</time>
      </trkpt>
      <trkpt lat="40.644501" lon="-0.094800">
        <ele>1137.4</ele>
        <time>2015-10-20T11:08:06Z</time>
      </trkpt>
      <trkpt lat="40.644501" lon="-0.094800">
        <ele>1137.4</ele>
        <time>2015-10-20T11:08:06Z</time>
      </trkpt>
      <trkpt lat="40.644501" lon="-0.094800">
        <ele>1137.4</ele>
        <time>2015-10-20T11:08:06Z</time>
      </trkpt>
      <trkpt lat="40.644501" lon="-0.094800">
        <ele>1137.4</ele>
        <time>2015-10-20T11:08:06Z</time>
      </trkpt>
      <trkpt lat="40.644501" lon="-0.094800">
        <ele>1137.4</ele>
        <time>2015-10-20T11:08:06Z</time>
      </trkpt>
      <trkpt lat="40.644501" lon="-0.094800">
        <ele>1137.4</ele>
        <time>2015-10-20T11:08:06Z</time>
      </trkpt>
      <trkpt lat="40.644501" lon="-0.094800">
        <ele>1137.4</ele>
        <time>2015-10-20T11:08:06Z</time>
      </trkpt>
      <trkpt lat="40.644517" lon="-0.094766">
        <ele>1137.4</ele>
        <time>2015-10-20T11:08:08Z</time>
      </trkpt>
      <trkpt lat="40.644517" lon="-0.094766">
        <ele>1137.4</ele>
        <time>2015-10-20T11:08:08Z</time>
      </trkpt>
      <trkpt lat="40.644517" lon="-0.094766">
        <ele>1137.4</ele>
        <time>2015-10-20T11:08:08Z</time>
      </trkpt>
      <trkpt lat="40.644517" lon="-0.094766">
        <ele>1137.4</ele>
        <time>2015-10-20T11:08:08Z</time>
      </trkpt>
      <trkpt lat="40.644517" lon="-0.094766">
        <ele>1137.4</ele>
        <time>2015-10-20T11:08:08Z</time>
      </trkpt>
      <trkpt lat="40.644517" lon="-0.094766">
        <ele>1137.4</ele>
        <time>2015-10-20T11:08:08Z</time>
      </trkpt>
      <trkpt lat="40.644517" lon="-0.094766">
        <ele>1137.4</ele>
        <time>2015-10-20T11:08:08Z</time>
      </trkpt>
      <trkpt lat="40.644517" lon="-0.094766">
        <ele>1137.4</ele>
        <time>2015-10-20T11:08:08Z</time>
      </trkpt>
      <trkpt lat="40.644517" lon="-0.094766">
        <ele>1137.4</ele>
        <time>2015-10-20T11:08:08Z</time>
      </trkpt>
      <trkpt lat="40.644517" lon="-0.094766">
        <ele>1137.4</ele>
        <time>2015-10-20T11:08:08Z</time>
      </trkpt>
      <trkpt lat="40.644517" lon="-0.094766">
        <ele>1137.4</ele>
        <time>2015-10-20T11:08:08Z</time>
      </trkpt>
      <trkpt lat="40.644517" lon="-0.094766">
        <ele>1137.4</ele>
        <time>2015-10-20T11:08:08Z</time>
      </trkpt>
      <trkpt lat="40.644517" lon="-0.094766">
        <ele>1137.4</ele>
        <time>2015-10-20T11:08:08Z</time>
      </trkpt>
      <trkpt lat="40.644517" lon="-0.094766">
        <ele>1137.4</ele>
        <time>2015-10-20T11:08:08Z</time>
      </trkpt>
      <trkpt lat="40.644517" lon="-0.094766">
        <ele>1137.4</ele>
        <time>2015-10-20T11:08:08Z</time>
      </trkpt>
      <trkpt lat="40.644517" lon="-0.094766">
        <ele>1137.4</ele>
        <time>2015-10-20T11:08:08Z</time>
      </trkpt>
      <trkpt lat="40.644517" lon="-0.094766">
        <ele>1137.4</ele>
        <time>2015-10-20T11:08:08Z</time>
      </trkpt>
      <trkpt lat="40.644517" lon="-0.094766">
        <ele>1137.4</ele>
        <time>2015-10-20T11:08:08Z</time>
      </trkpt>
      <trkpt lat="40.644517" lon="-0.094766">
        <ele>1137.4</ele>
        <time>2015-10-20T11:08:08Z</time>
      </trkpt>
      <trkpt lat="40.644517" lon="-0.094766">
        <ele>1137.4</ele>
        <time>2015-10-20T11:08:08Z</time>
      </trkpt>
      <trkpt lat="40.644517" lon="-0.094766">
        <ele>1137.4</ele>
        <time>2015-10-20T11:08:08Z</time>
      </trkpt>
      <trkpt lat="40.644517" lon="-0.094766">
        <ele>1137.4</ele>
        <time>2015-10-20T11:08:08Z</time>
      </trkpt>
      <trkpt lat="40.644517" lon="-0.094766">
        <ele>1137.4</ele>
        <time>2015-10-20T11:08:08Z</time>
      </trkpt>
      <trkpt lat="40.644517" lon="-0.094766">
        <ele>1137.4</ele>
        <time>2015-10-20T11:08:08Z</time>
      </trkpt>
      <trkpt lat="40.644517" lon="-0.094766">
        <ele>1137.4</ele>
        <time>2015-10-20T11:08:08Z</time>
      </trkpt>
      <trkpt lat="40.644517" lon="-0.094766">
        <ele>1137.4</ele>
        <time>2015-10-20T11:08:08Z</time>
      </trkpt>
      <trkpt lat="40.644517" lon="-0.094766">
        <ele>1137.4</ele>
        <time>2015-10-20T11:08:08Z</time>
      </trkpt>
      <trkpt lat="40.644517" lon="-0.094766">
        <ele>1137.4</ele>
        <time>2015-10-20T11:08:08Z</time>
      </trkpt>
      <trkpt lat="40.644517" lon="-0.094766">
        <ele>1137.4</ele>
        <time>2015-10-20T11:08:08Z</time>
      </trkpt>
      <trkpt lat="40.644517" lon="-0.094800">
        <ele>1137.5</ele>
        <time>2015-10-20T11:08:10Z</time>
      </trkpt>
      <trkpt lat="40.644517" lon="-0.094800">
        <ele>1137.5</ele>
        <time>2015-10-20T11:08:10Z</time>
      </trkpt>
      <trkpt lat="40.644517" lon="-0.094800">
        <ele>1137.5</ele>
        <time>2015-10-20T11:08:10Z</time>
      </trkpt>
      <trkpt lat="40.644517" lon="-0.094800">
        <ele>1137.5</ele>
        <time>2015-10-20T11:08:10Z</time>
      </trkpt>
      <trkpt lat="40.644517" lon="-0.094800">
        <ele>1137.5</ele>
        <time>2015-10-20T11:08:10Z</time>
      </trkpt>
      <trkpt lat="40.644517" lon="-0.094800">
        <ele>1137.5</ele>
        <time>2015-10-20T11:08:10Z</time>
      </trkpt>
      <trkpt lat="40.644567" lon="-0.094800">
        <ele>1137.0</ele>
        <time>2015-10-20T11:08:13Z</time>
      </trkpt>
      <trkpt lat="40.644600" lon="-0.094800">
        <ele>1136.8</ele>
        <time>2015-10-20T11:08:14Z</time>
      </trkpt>
      <trkpt lat="40.644634" lon="-0.094833">
        <ele>1137.3</ele>
        <time>2015-10-20T11:08:17Z</time>
      </trkpt>
      <trkpt lat="40.644667" lon="-0.094849">
        <ele>1137.3</ele>
        <time>2015-10-20T11:08:19Z</time>
      </trkpt>
      <trkpt lat="40.644700" lon="-0.094899">
        <ele>1137.8</ele>
        <time>2015-10-20T11:08:22Z</time>
      </trkpt>
      <trkpt lat="40.644750" lon="-0.094949">
        <ele>1138.2</ele>
        <time>2015-10-20T11:08:25Z</time>
      </trkpt>
      <trkpt lat="40.644784" lon="-0.094966">
        <ele>1138.1</ele>
        <time>2015-10-20T11:08:27Z</time>
      </trkpt>
      <trkpt lat="40.644817" lon="-0.094999">
        <ele>1138.6</ele>
        <time>2015-10-20T11:08:30Z</time>
      </trkpt>
      <trkpt lat="40.644867" lon="-0.095033">
        <ele>1139.5</ele>
        <time>2015-10-20T11:08:33Z</time>
      </trkpt>
      <trkpt lat="40.644900" lon="-0.095033">
        <ele>1139.7</ele>
        <time>2015-10-20T11:08:35Z</time>
      </trkpt>
      <trkpt lat="40.644934" lon="-0.095066">
        <ele>1140.5</ele>
        <time>2015-10-20T11:08:37Z</time>
      </trkpt>
      <trkpt lat="40.644967" lon="-0.095082">
        <ele>1141.1</ele>
        <time>2015-10-20T11:08:39Z</time>
      </trkpt>
      <trkpt lat="40.645000" lon="-0.095099">
        <ele>1141.9</ele>
        <time>2015-10-20T11:08:41Z</time>
      </trkpt>
      <trkpt lat="40.645051" lon="-0.095082">
        <ele>1143.0</ele>
        <time>2015-10-20T11:08:44Z</time>
      </trkpt>
      <trkpt lat="40.645051" lon="-0.095016">
        <ele>1142.9</ele>
        <time>2015-10-20T11:08:47Z</time>
      </trkpt>
      <trkpt lat="40.645067" lon="-0.095016">
        <ele>1143.6</ele>
        <time>2015-10-20T11:08:48Z</time>
      </trkpt>
      <trkpt lat="40.645084" lon="-0.094999">
        <ele>1144.3</ele>
        <time>2015-10-20T11:08:49Z</time>
      </trkpt>
      <trkpt lat="40.645084" lon="-0.094933">
        <ele>1143.8</ele>
        <time>2015-10-20T11:08:52Z</time>
      </trkpt>
      <trkpt lat="40.645084" lon="-0.094882">
        <ele>1143.4</ele>
        <time>2015-10-20T11:08:54Z</time>
      </trkpt>
      <trkpt lat="40.645084" lon="-0.094866">
        <ele>1143.3</ele>
        <time>2015-10-20T11:08:55Z</time>
      </trkpt>
      <trkpt lat="40.645100" lon="-0.094866">
        <ele>1144.0</ele>
        <time>2015-10-20T11:08:56Z</time>
      </trkpt>
      <trkpt lat="40.645100" lon="-0.094866">
        <ele>1144.0</ele>
        <time>2015-10-20T11:08:56Z</time>
      </trkpt>
      <trkpt lat="40.645100" lon="-0.094866">
        <ele>1144.0</ele>
        <time>2015-10-20T11:08:56Z</time>
      </trkpt>
      <trkpt lat="40.645100" lon="-0.094899">
        <ele>1144.3</ele>
        <time>2015-10-20T11:08:58Z</time>
      </trkpt>
      <trkpt lat="40.645100" lon="-0.094916">
        <ele>1144.4</ele>
        <time>2015-10-20T11:08:58Z</time>
      </trkpt>
      <trkpt lat="40.645100" lon="-0.094966">
        <ele>1144.7</ele>
        <time>2015-10-20T11:09:00Z</time>
      </trkpt>
      <trkpt lat="40.645117" lon="-0.094999">
        <ele>1145.7</ele>
        <time>2015-10-20T11:09:02Z</time>
      </trkpt>
      <trkpt lat="40.645117" lon="-0.095033">
        <ele>1145.9</ele>
        <time>2015-10-20T11:09:04Z</time>
      </trkpt>
      <trkpt lat="40.645134" lon="-0.095049">
        <ele>1146.6</ele>
        <time>2015-10-20T11:09:05Z</time>
      </trkpt>
      <trkpt lat="40.645134" lon="-0.095066">
        <ele>1146.7</ele>
        <time>2015-10-20T11:09:06Z</time>
      </trkpt>
      <trkpt lat="40.645150" lon="-0.095049">
        <ele>1147.2</ele>
        <time>2015-10-20T11:09:07Z</time>
      </trkpt>
      <trkpt lat="40.645150" lon="-0.095049">
        <ele>1147.2</ele>
        <time>2015-10-20T11:09:07Z</time>
      </trkpt>
      <trkpt lat="40.645150" lon="-0.095049">
        <ele>1147.2</ele>
        <time>2015-10-20T11:09:07Z</time>
      </trkpt>
      <trkpt lat="40.645150" lon="-0.095049">
        <ele>1147.2</ele>
        <time>2015-10-20T11:09:07Z</time>
      </trkpt>
      <trkpt lat="40.645150" lon="-0.095049">
        <ele>1147.2</ele>
        <time>2015-10-20T11:09:07Z</time>
      </trkpt>
      <trkpt lat="40.645150" lon="-0.095049">
        <ele>1147.2</ele>
        <time>2015-10-20T11:09:07Z</time>
      </trkpt>
      <trkpt lat="40.645150" lon="-0.095049">
        <ele>1147.2</ele>
        <time>2015-10-20T11:09:07Z</time>
      </trkpt>
      <trkpt lat="40.645150" lon="-0.095049">
        <ele>1147.2</ele>
        <time>2015-10-20T11:09:07Z</time>
      </trkpt>
      <trkpt lat="40.645150" lon="-0.095049">
        <ele>1147.2</ele>
        <time>2015-10-20T11:09:07Z</time>
      </trkpt>
      <trkpt lat="40.645150" lon="-0.095049">
        <ele>1147.2</ele>
        <time>2015-10-20T11:09:07Z</time>
      </trkpt>
      <trkpt lat="40.645150" lon="-0.095049">
        <ele>1147.2</ele>
        <time>2015-10-20T11:09:07Z</time>
      </trkpt>
      <trkpt lat="40.645150" lon="-0.095049">
        <ele>1147.2</ele>
        <time>2015-10-20T11:09:07Z</time>
      </trkpt>
      <trkpt lat="40.645150" lon="-0.095049">
        <ele>1147.2</ele>
        <time>2015-10-20T11:09:07Z</time>
      </trkpt>
      <trkpt lat="40.645150" lon="-0.095049">
        <ele>1147.2</ele>
        <time>2015-10-20T11:09:07Z</time>
      </trkpt>
      <trkpt lat="40.645167" lon="-0.095066">
        <ele>1147.9</ele>
        <time>2015-10-20T11:09:08Z</time>
      </trkpt>
      <trkpt lat="40.645167" lon="-0.095066">
        <ele>1147.9</ele>
        <time>2015-10-20T11:09:08Z</time>
      </trkpt>
      <trkpt lat="40.645167" lon="-0.095066">
        <ele>1147.9</ele>
        <time>2015-10-20T11:09:08Z</time>
      </trkpt>
      <trkpt lat="40.645167" lon="-0.095066">
        <ele>1147.9</ele>
        <time>2015-10-20T11:09:08Z</time>
      </trkpt>
      <trkpt lat="40.645167" lon="-0.095066">
        <ele>1147.9</ele>
        <time>2015-10-20T11:09:08Z</time>
      </trkpt>
      <trkpt lat="40.645167" lon="-0.095066">
        <ele>1147.9</ele>
        <time>2015-10-20T11:09:08Z</time>
      </trkpt>
      <trkpt lat="40.645167" lon="-0.095066">
        <ele>1147.9</ele>
        <time>2015-10-20T11:09:08Z</time>
      </trkpt>
      <trkpt lat="40.645167" lon="-0.095066">
        <ele>1147.9</ele>
        <time>2015-10-20T11:09:08Z</time>
      </trkpt>
      <trkpt lat="40.645167" lon="-0.095066">
        <ele>1147.9</ele>
        <time>2015-10-20T11:09:08Z</time>
      </trkpt>
      <trkpt lat="40.645167" lon="-0.095066">
        <ele>1147.9</ele>
        <time>2015-10-20T11:09:08Z</time>
      </trkpt>
      <trkpt lat="40.645167" lon="-0.095066">
        <ele>1147.9</ele>
        <time>2015-10-20T11:09:08Z</time>
      </trkpt>
      <trkpt lat="40.645167" lon="-0.095066">
        <ele>1147.9</ele>
        <time>2015-10-20T11:09:08Z</time>
      </trkpt>
      <trkpt lat="40.645167" lon="-0.095066">
        <ele>1147.9</ele>
        <time>2015-10-20T11:09:08Z</time>
      </trkpt>
      <trkpt lat="40.645150" lon="-0.095066">
        <ele>1147.3</ele>
        <time>2015-10-20T11:09:09Z</time>
      </trkpt>
      <trkpt lat="40.645150" lon="-0.095066">
        <ele>1147.3</ele>
        <time>2015-10-20T11:09:09Z</time>
      </trkpt>
      <trkpt lat="40.645150" lon="-0.095066">
        <ele>1147.3</ele>
        <time>2015-10-20T11:09:09Z</time>
      </trkpt>
      <trkpt lat="40.645150" lon="-0.095116">
        <ele>1147.5</ele>
        <time>2015-10-20T11:09:11Z</time>
      </trkpt>
      <trkpt lat="40.645150" lon="-0.095116">
        <ele>1147.5</ele>
        <time>2015-10-20T11:09:11Z</time>
      </trkpt>
      <trkpt lat="40.645150" lon="-0.095133">
        <ele>1147.6</ele>
        <time>2015-10-20T11:09:12Z</time>
      </trkpt>
      <trkpt lat="40.645150" lon="-0.095133">
        <ele>1147.6</ele>
        <time>2015-10-20T11:09:12Z</time>
      </trkpt>
      <trkpt lat="40.645150" lon="-0.095149">
        <ele>1147.7</ele>
        <time>2015-10-20T11:09:12Z</time>
      </trkpt>
      <trkpt lat="40.645167" lon="-0.095199">
        <ele>1148.6</ele>
        <time>2015-10-20T11:09:15Z</time>
      </trkpt>
      <trkpt lat="40.645167" lon="-0.095249">
        <ele>1148.8</ele>
        <time>2015-10-20T11:09:17Z</time>
      </trkpt>
      <trkpt lat="40.645184" lon="-0.095316">
        <ele>1149.6</ele>
        <time>2015-10-20T11:09:20Z</time>
      </trkpt>
      <trkpt lat="40.645200" lon="-0.095332">
        <ele>1150.1</ele>
        <time>2015-10-20T11:09:21Z</time>
      </trkpt>
      <trkpt lat="40.645200" lon="-0.095399">
        <ele>1150.2</ele>
        <time>2015-10-20T11:09:24Z</time>
      </trkpt>
      <trkpt lat="40.645217" lon="-0.095449">
        <ele>1150.7</ele>
        <time>2015-10-20T11:09:27Z</time>
      </trkpt>
      <trkpt lat="40.645234" lon="-0.095516">
        <ele>1150.9</ele>
        <time>2015-10-20T11:09:30Z</time>
      </trkpt>
      <trkpt lat="40.645267" lon="-0.095532">
        <ele>1151.8</ele>
        <time>2015-10-20T11:09:32Z</time>
      </trkpt>
      <trkpt lat="40.645300" lon="-0.095566">
        <ele>1152.7</ele>
        <time>2015-10-20T11:09:34Z</time>
      </trkpt>
      <trkpt lat="40.645350" lon="-0.095583">
        <ele>1154.0</ele>
        <time>2015-10-20T11:09:37Z</time>
      </trkpt>
      <trkpt lat="40.645384" lon="-0.095616">
        <ele>1154.4</ele>
        <time>2015-10-20T11:09:39Z</time>
      </trkpt>
      <trkpt lat="40.645400" lon="-0.095666">
        <ele>1154.5</ele>
        <time>2015-10-20T11:09:42Z</time>
      </trkpt>
      <trkpt lat="40.645434" lon="-0.095699">
        <ele>1154.4</ele>
        <time>2015-10-20T11:09:44Z</time>
      </trkpt>
      <trkpt lat="40.645473" lon="-0.095741">
        <ele>1154.4</ele>
        <time>2015-10-20T11:09:47Z</time>
      </trkpt>
      <trkpt lat="40.645534" lon="-0.095783">
        <ele>1154.8</ele>
        <time>2015-10-20T11:09:51Z</time>
      </trkpt>
      <trkpt lat="40.645567" lon="-0.095816">
        <ele>1155.2</ele>
        <time>2015-10-20T11:09:53Z</time>
      </trkpt>
      <trkpt lat="40.645584" lon="-0.095882">
        <ele>1155.2</ele>
        <time>2015-10-20T11:09:56Z</time>
      </trkpt>
      <trkpt lat="40.645584" lon="-0.095882">
        <ele>1155.2</ele>
        <time>2015-10-20T11:09:56Z</time>
      </trkpt>
      <trkpt lat="40.645584" lon="-0.095882">
        <ele>1155.2</ele>
        <time>2015-10-20T11:09:56Z</time>
      </trkpt>
      <trkpt lat="40.645584" lon="-0.095882">
        <ele>1155.2</ele>
        <time>2015-10-20T11:09:56Z</time>
      </trkpt>
      <trkpt lat="40.645584" lon="-0.095882">
        <ele>1155.2</ele>
        <time>2015-10-20T11:09:56Z</time>
      </trkpt>
      <trkpt lat="40.645584" lon="-0.095882">
        <ele>1155.2</ele>
        <time>2015-10-20T11:09:56Z</time>
      </trkpt>
      <trkpt lat="40.645584" lon="-0.095882">
        <ele>1155.2</ele>
        <time>2015-10-20T11:09:56Z</time>
      </trkpt>
      <trkpt lat="40.645584" lon="-0.095882">
        <ele>1155.2</ele>
        <time>2015-10-20T11:09:56Z</time>
      </trkpt>
      <trkpt lat="40.645601" lon="-0.095916">
        <ele>1155.4</ele>
        <time>2015-10-20T11:09:58Z</time>
      </trkpt>
      <trkpt lat="40.645617" lon="-0.095949">
        <ele>1155.6</ele>
        <time>2015-10-20T11:10:00Z</time>
      </trkpt>
      <trkpt lat="40.645634" lon="-0.095966">
        <ele>1155.8</ele>
        <time>2015-10-20T11:10:01Z</time>
      </trkpt>
      <trkpt lat="40.645634" lon="-0.095966">
        <ele>1155.8</ele>
        <time>2015-10-20T11:10:01Z</time>
      </trkpt>
      <trkpt lat="40.645634" lon="-0.095966">
        <ele>1155.8</ele>
        <time>2015-10-20T11:10:01Z</time>
      </trkpt>
      <trkpt lat="40.645634" lon="-0.095966">
        <ele>1155.8</ele>
        <time>2015-10-20T11:10:01Z</time>
      </trkpt>
      <trkpt lat="40.645634" lon="-0.095982">
        <ele>1155.7</ele>
        <time>2015-10-20T11:10:02Z</time>
      </trkpt>
      <trkpt lat="40.645667" lon="-0.095999">
        <ele>1155.7</ele>
        <time>2015-10-20T11:10:04Z</time>
      </trkpt>
      <trkpt lat="40.645684" lon="-0.096016">
        <ele>1155.4</ele>
        <time>2015-10-20T11:10:05Z</time>
      </trkpt>
      <trkpt lat="40.645700" lon="-0.096016">
        <ele>1154.9</ele>
        <time>2015-10-20T11:10:06Z</time>
      </trkpt>
      <trkpt lat="40.645717" lon="-0.096033">
        <ele>1154.5</ele>
        <time>2015-10-20T11:10:07Z</time>
      </trkpt>
      <trkpt lat="40.645734" lon="-0.096049">
        <ele>1154.1</ele>
        <time>2015-10-20T11:10:08Z</time>
      </trkpt>
      <trkpt lat="40.645734" lon="-0.096049">
        <ele>1154.1</ele>
        <time>2015-10-20T11:10:08Z</time>
      </trkpt>
      <trkpt lat="40.645800" lon="-0.096082">
        <ele>1152.9</ele>
        <time>2015-10-20T11:10:12Z</time>
      </trkpt>
      <trkpt lat="40.645834" lon="-0.096166">
        <ele>1153.0</ele>
        <time>2015-10-20T11:10:16Z</time>
      </trkpt>
      <trkpt lat="40.645900" lon="-0.096199">
        <ele>1150.9</ele>
        <time>2015-10-20T11:10:20Z</time>
      </trkpt>
      <trkpt lat="40.645967" lon="-0.096266">
        <ele>1149.5</ele>
        <time>2015-10-20T11:10:25Z</time>
      </trkpt>
      <trkpt lat="40.645984" lon="-0.096283">
        <ele>1148.9</ele>
        <time>2015-10-20T11:10:26Z</time>
      </trkpt>
      <trkpt lat="40.645984" lon="-0.096300">
        <ele>1149.1</ele>
        <time>2015-10-20T11:10:27Z</time>
      </trkpt>
      <trkpt lat="40.646000" lon="-0.096333">
        <ele>1148.6</ele>
        <time>2015-10-20T11:10:29Z</time>
      </trkpt>
      <trkpt lat="40.646000" lon="-0.096349">
        <ele>1148.9</ele>
        <time>2015-10-20T11:10:30Z</time>
      </trkpt>
      <trkpt lat="40.646017" lon="-0.096349">
        <ele>1148.1</ele>
        <time>2015-10-20T11:10:31Z</time>
      </trkpt>
      <trkpt lat="40.646017" lon="-0.096366">
        <ele>1148.4</ele>
        <time>2015-10-20T11:10:31Z</time>
      </trkpt>
      <trkpt lat="40.646017" lon="-0.096366">
        <ele>1148.4</ele>
        <time>2015-10-20T11:10:31Z</time>
      </trkpt>
      <trkpt lat="40.646017" lon="-0.096366">
        <ele>1148.4</ele>
        <time>2015-10-20T11:10:31Z</time>
      </trkpt>
      <trkpt lat="40.646017" lon="-0.096366">
        <ele>1148.4</ele>
        <time>2015-10-20T11:10:31Z</time>
      </trkpt>
      <trkpt lat="40.646017" lon="-0.096349">
        <ele>1148.1</ele>
        <time>2015-10-20T11:10:32Z</time>
      </trkpt>
      <trkpt lat="40.646017" lon="-0.096349">
        <ele>1148.1</ele>
        <time>2015-10-20T11:10:32Z</time>
      </trkpt>
      <trkpt lat="40.646017" lon="-0.096333">
        <ele>1147.8</ele>
        <time>2015-10-20T11:10:33Z</time>
      </trkpt>
      <trkpt lat="40.646017" lon="-0.096333">
        <ele>1147.8</ele>
        <time>2015-10-20T11:10:33Z</time>
      </trkpt>
      <trkpt lat="40.646017" lon="-0.096300">
        <ele>1147.2</ele>
        <time>2015-10-20T11:10:34Z</time>
      </trkpt>
      <trkpt lat="40.646000" lon="-0.096249">
        <ele>1147.3</ele>
        <time>2015-10-20T11:10:37Z</time>
      </trkpt>
      <trkpt lat="40.646000" lon="-0.096249">
        <ele>1147.3</ele>
        <time>2015-10-20T11:10:37Z</time>
      </trkpt>
      <trkpt lat="40.646000" lon="-0.096249">
        <ele>1147.3</ele>
        <time>2015-10-20T11:10:37Z</time>
      </trkpt>
      <trkpt lat="40.645984" lon="-0.096233">
        <ele>1148.0</ele>
        <time>2015-10-20T11:10:38Z</time>
      </trkpt>
      <trkpt lat="40.645967" lon="-0.096183">
        <ele>1147.4</ele>
        <time>2015-10-20T11:10:40Z</time>
      </trkpt>
      <trkpt lat="40.645950" lon="-0.096149">
        <ele>1147.3</ele>
        <time>2015-10-20T11:10:42Z</time>
      </trkpt>
      <trkpt lat="40.645934" lon="-0.096133">
        <ele>1147.7</ele>
        <time>2015-10-20T11:10:43Z</time>
      </trkpt>
      <trkpt lat="40.645934" lon="-0.096133">
        <ele>1147.7</ele>
        <time>2015-10-20T11:10:43Z</time>
      </trkpt>
      <trkpt lat="40.645884" lon="-0.096099">
        <ele>1149.2</ele>
        <time>2015-10-20T11:10:46Z</time>
      </trkpt>
      <trkpt lat="40.645867" lon="-0.096082">
        <ele>1149.8</ele>
        <time>2015-10-20T11:10:48Z</time>
      </trkpt>
      <trkpt lat="40.645850" lon="-0.096049">
        <ele>1150.3</ele>
        <time>2015-10-20T11:10:49Z</time>
      </trkpt>
      <trkpt lat="40.645834" lon="-0.096033">
        <ele>1150.5</ele>
        <time>2015-10-20T11:10:50Z</time>
      </trkpt>
      <trkpt lat="40.645817" lon="-0.095999">
        <ele>1150.3</ele>
        <time>2015-10-20T11:10:52Z</time>
      </trkpt>
      <trkpt lat="40.645800" lon="-0.095933">
        <ele>1149.7</ele>
        <time>2015-10-20T11:10:55Z</time>
      </trkpt>
      <trkpt lat="40.645767" lon="-0.095882">
        <ele>1150.5</ele>
        <time>2015-10-20T11:10:58Z</time>
      </trkpt>
      <trkpt lat="40.645767" lon="-0.095866">
        <ele>1150.3</ele>
        <time>2015-10-20T11:10:59Z</time>
      </trkpt>
      <trkpt lat="40.645750" lon="-0.095849">
        <ele>1150.9</ele>
        <time>2015-10-20T11:11:00Z</time>
      </trkpt>
      <trkpt lat="40.645750" lon="-0.095849">
        <ele>1150.9</ele>
        <time>2015-10-20T11:11:00Z</time>
      </trkpt>
      <trkpt lat="40.645750" lon="-0.095799">
        <ele>1150.4</ele>
        <time>2015-10-20T11:11:02Z</time>
      </trkpt>
      <trkpt lat="40.645750" lon="-0.095733">
        <ele>1150.1</ele>
        <time>2015-10-20T11:11:05Z</time>
      </trkpt>
      <trkpt lat="40.645734" lon="-0.095666">
        <ele>1150.4</ele>
        <time>2015-10-20T11:11:08Z</time>
      </trkpt>
      <trkpt lat="40.645734" lon="-0.095599">
        <ele>1149.8</ele>
        <time>2015-10-20T11:11:11Z</time>
      </trkpt>
      <trkpt lat="40.645717" lon="-0.095583">
        <ele>1150.6</ele>
        <time>2015-10-20T11:11:12Z</time>
      </trkpt>
      <trkpt lat="40.645717" lon="-0.095566">
        <ele>1150.6</ele>
        <time>2015-10-20T11:11:13Z</time>
      </trkpt>
      <trkpt lat="40.645700" lon="-0.095549">
        <ele>1151.3</ele>
        <time>2015-10-20T11:11:14Z</time>
      </trkpt>
      <trkpt lat="40.645700" lon="-0.095549">
        <ele>1151.3</ele>
        <time>2015-10-20T11:11:14Z</time>
      </trkpt>
      <trkpt lat="40.645700" lon="-0.095549">
        <ele>1151.3</ele>
        <time>2015-10-20T11:11:14Z</time>
      </trkpt>
      <trkpt lat="40.645684" lon="-0.095532">
        <ele>1152.0</ele>
        <time>2015-10-20T11:11:15Z</time>
      </trkpt>
      <trkpt lat="40.645684" lon="-0.095532">
        <ele>1152.0</ele>
        <time>2015-10-20T11:11:15Z</time>
      </trkpt>
      <trkpt lat="40.645684" lon="-0.095499">
        <ele>1152.1</ele>
        <time>2015-10-20T11:11:17Z</time>
      </trkpt>
      <trkpt lat="40.645700" lon="-0.095432">
        <ele>1152.0</ele>
        <time>2015-10-20T11:11:20Z</time>
      </trkpt>
      <trkpt lat="40.645717" lon="-0.095349">
        <ele>1152.6</ele>
        <time>2015-10-20T11:11:24Z</time>
      </trkpt>
      <trkpt lat="40.645717" lon="-0.095316">
        <ele>1152.9</ele>
        <time>2015-10-20T11:11:25Z</time>
      </trkpt>
      <trkpt lat="40.645717" lon="-0.095266">
        <ele>1153.0</ele>
        <time>2015-10-20T11:11:27Z</time>
      </trkpt>
      <trkpt lat="40.645750" lon="-0.095232">
        <ele>1151.8</ele>
        <time>2015-10-20T11:11:30Z</time>
      </trkpt>
      <trkpt lat="40.645767" lon="-0.095166">
        <ele>1150.7</ele>
        <time>2015-10-20T11:11:33Z</time>
      </trkpt>
      <trkpt lat="40.645767" lon="-0.095116">
        <ele>1150.6</ele>
        <time>2015-10-20T11:11:35Z</time>
      </trkpt>
      <trkpt lat="40.645784" lon="-0.095066">
        <ele>1149.4</ele>
        <time>2015-10-20T11:11:37Z</time>
      </trkpt>
      <trkpt lat="40.645800" lon="-0.094999">
        <ele>1148.9</ele>
        <time>2015-10-20T11:11:40Z</time>
      </trkpt>
      <trkpt lat="40.645800" lon="-0.094999">
        <ele>1148.9</ele>
        <time>2015-10-20T11:11:40Z</time>
      </trkpt>
      <trkpt lat="40.645817" lon="-0.094933">
        <ele>1148.3</ele>
        <time>2015-10-20T11:11:43Z</time>
      </trkpt>
      <trkpt lat="40.645817" lon="-0.094866">
        <ele>1147.7</ele>
        <time>2015-10-20T11:11:46Z</time>
      </trkpt>
      <trkpt lat="40.645800" lon="-0.094800">
        <ele>1148.1</ele>
        <time>2015-10-20T11:11:49Z</time>
      </trkpt>
      <trkpt lat="40.645784" lon="-0.094716">
        <ele>1148.3</ele>
        <time>2015-10-20T11:11:53Z</time>
      </trkpt>
      <trkpt lat="40.645767" lon="-0.094649">
        <ele>1147.8</ele>
        <time>2015-10-20T11:11:56Z</time>
      </trkpt>
      <trkpt lat="40.645734" lon="-0.094566">
        <ele>1148.4</ele>
        <time>2015-10-20T11:12:00Z</time>
      </trkpt>
      <trkpt lat="40.645734" lon="-0.094500">
        <ele>1147.3</ele>
        <time>2015-10-20T11:12:03Z</time>
      </trkpt>
      <trkpt lat="40.645717" lon="-0.094483">
        <ele>1148.2</ele>
        <time>2015-10-20T11:12:04Z</time>
      </trkpt>
      <trkpt lat="40.645717" lon="-0.094433">
        <ele>1147.9</ele>
        <time>2015-10-20T11:12:06Z</time>
      </trkpt>
      <trkpt lat="40.645734" lon="-0.094366">
        <ele>1146.7</ele>
        <time>2015-10-20T11:12:09Z</time>
      </trkpt>
      <trkpt lat="40.645734" lon="-0.094282">
        <ele>1147.2</ele>
        <time>2015-10-20T11:12:13Z</time>
      </trkpt>
      <trkpt lat="40.645750" lon="-0.094232">
        <ele>1146.2</ele>
        <time>2015-10-20T11:12:15Z</time>
      </trkpt>
      <trkpt lat="40.645784" lon="-0.094166">
        <ele>1144.4</ele>
        <time>2015-10-20T11:12:19Z</time>
      </trkpt>
      <trkpt lat="40.645800" lon="-0.094083">
        <ele>1144.1</ele>
        <time>2015-10-20T11:12:23Z</time>
      </trkpt>
      <trkpt lat="40.645800" lon="-0.094016">
        <ele>1144.3</ele>
        <time>2015-10-20T11:12:25Z</time>
      </trkpt>
      <trkpt lat="40.645800" lon="-0.093983">
        <ele>1144.3</ele>
        <time>2015-10-20T11:12:27Z</time>
      </trkpt>
      <trkpt lat="40.645800" lon="-0.093966">
        <ele>1144.2</ele>
        <time>2015-10-20T11:12:28Z</time>
      </trkpt>
      <trkpt lat="40.645800" lon="-0.093933">
        <ele>1144.0</ele>
        <time>2015-10-20T11:12:29Z</time>
      </trkpt>
      <trkpt lat="40.645800" lon="-0.093866">
        <ele>1143.8</ele>
        <time>2015-10-20T11:12:32Z</time>
      </trkpt>
      <trkpt lat="40.645817" lon="-0.093816">
        <ele>1143.1</ele>
        <time>2015-10-20T11:12:34Z</time>
      </trkpt>
      <trkpt lat="40.645834" lon="-0.093766">
        <ele>1142.9</ele>
        <time>2015-10-20T11:12:37Z</time>
      </trkpt>
      <trkpt lat="40.645834" lon="-0.093716">
        <ele>1143.9</ele>
        <time>2015-10-20T11:12:39Z</time>
      </trkpt>
      <trkpt lat="40.645834" lon="-0.093666">
        <ele>1144.4</ele>
        <time>2015-10-20T11:12:41Z</time>
      </trkpt>
      <trkpt lat="40.645817" lon="-0.093599">
        <ele>1145.5</ele>
        <time>2015-10-20T11:12:44Z</time>
      </trkpt>
      <trkpt lat="40.645800" lon="-0.093549">
        <ele>1146.5</ele>
        <time>2015-10-20T11:12:46Z</time>
      </trkpt>
      <trkpt lat="40.645800" lon="-0.093516">
        <ele>1144.5</ele>
        <time>2015-10-20T11:12:48Z</time>
      </trkpt>
      <trkpt lat="40.645817" lon="-0.093483">
        <ele>1140.7</ele>
        <time>2015-10-20T11:12:50Z</time>
      </trkpt>
      <trkpt lat="40.645834" lon="-0.093432">
        <ele>1138.3</ele>
        <time>2015-10-20T11:12:52Z</time>
      </trkpt>
      <trkpt lat="40.645834" lon="-0.093416">
        <ele>1138.5</ele>
        <time>2015-10-20T11:12:53Z</time>
      </trkpt>
      <trkpt lat="40.645834" lon="-0.093383">
        <ele>1139.5</ele>
        <time>2015-10-20T11:12:54Z</time>
      </trkpt>
      <trkpt lat="40.645850" lon="-0.093366">
        <ele>1139.0</ele>
        <time>2015-10-20T11:12:55Z</time>
      </trkpt>
      <trkpt lat="40.645850" lon="-0.093366">
        <ele>1139.0</ele>
        <time>2015-10-20T11:12:55Z</time>
      </trkpt>
      <trkpt lat="40.645867" lon="-0.093383">
        <ele>1136.8</ele>
        <time>2015-10-20T11:12:57Z</time>
      </trkpt>
      <trkpt lat="40.645884" lon="-0.093416">
        <ele>1134.9</ele>
        <time>2015-10-20T11:12:58Z</time>
      </trkpt>
      <trkpt lat="40.645884" lon="-0.093416">
        <ele>1134.9</ele>
        <time>2015-10-20T11:12:58Z</time>
      </trkpt>
      <trkpt lat="40.645884" lon="-0.093416">
        <ele>1134.9</ele>
        <time>2015-10-20T11:12:58Z</time>
      </trkpt>
      <trkpt lat="40.645884" lon="-0.093416">
        <ele>1134.9</ele>
        <time>2015-10-20T11:12:58Z</time>
      </trkpt>
      <trkpt lat="40.645884" lon="-0.093416">
        <ele>1134.9</ele>
        <time>2015-10-20T11:12:58Z</time>
      </trkpt>
      <trkpt lat="40.645884" lon="-0.093416">
        <ele>1134.9</ele>
        <time>2015-10-20T11:12:58Z</time>
      </trkpt>
      <trkpt lat="40.645884" lon="-0.093416">
        <ele>1134.9</ele>
        <time>2015-10-20T11:12:58Z</time>
      </trkpt>
      <trkpt lat="40.645884" lon="-0.093416">
        <ele>1134.9</ele>
        <time>2015-10-20T11:12:58Z</time>
      </trkpt>
      <trkpt lat="40.645884" lon="-0.093416">
        <ele>1134.9</ele>
        <time>2015-10-20T11:12:58Z</time>
      </trkpt>
      <trkpt lat="40.645884" lon="-0.093416">
        <ele>1134.9</ele>
        <time>2015-10-20T11:12:58Z</time>
      </trkpt>
      <trkpt lat="40.645884" lon="-0.093416">
        <ele>1134.9</ele>
        <time>2015-10-20T11:12:58Z</time>
      </trkpt>
      <trkpt lat="40.645884" lon="-0.093416">
        <ele>1134.9</ele>
        <time>2015-10-20T11:12:58Z</time>
      </trkpt>
      <trkpt lat="40.645884" lon="-0.093416">
        <ele>1134.9</ele>
        <time>2015-10-20T11:12:58Z</time>
      </trkpt>
      <trkpt lat="40.645884" lon="-0.093432">
        <ele>1134.8</ele>
        <time>2015-10-20T11:12:59Z</time>
      </trkpt>
      <trkpt lat="40.645900" lon="-0.093449">
        <ele>1133.8</ele>
        <time>2015-10-20T11:13:00Z</time>
      </trkpt>
      <trkpt lat="40.645900" lon="-0.093449">
        <ele>1133.8</ele>
        <time>2015-10-20T11:13:00Z</time>
      </trkpt>
      <trkpt lat="40.645900" lon="-0.093449">
        <ele>1133.8</ele>
        <time>2015-10-20T11:13:00Z</time>
      </trkpt>
      <trkpt lat="40.645900" lon="-0.093416">
        <ele>1133.9</ele>
        <time>2015-10-20T11:13:02Z</time>
      </trkpt>
      <trkpt lat="40.645917" lon="-0.093383">
        <ele>1133.2</ele>
        <time>2015-10-20T11:13:03Z</time>
      </trkpt>
      <trkpt lat="40.645917" lon="-0.093383">
        <ele>1133.2</ele>
        <time>2015-10-20T11:13:03Z</time>
      </trkpt>
      <trkpt lat="40.645917" lon="-0.093349">
        <ele>1134.7</ele>
        <time>2015-10-20T11:13:05Z</time>
      </trkpt>
      <trkpt lat="40.645917" lon="-0.093332">
        <ele>1135.4</ele>
        <time>2015-10-20T11:13:06Z</time>
      </trkpt>
      <trkpt lat="40.645900" lon="-0.093332">
        <ele>1136.9</ele>
        <time>2015-10-20T11:13:07Z</time>
      </trkpt>
      <trkpt lat="40.645917" lon="-0.093316">
        <ele>1136.5</ele>
        <time>2015-10-20T11:13:08Z</time>
      </trkpt>
      <trkpt lat="40.645917" lon="-0.093316">
        <ele>1136.5</ele>
        <time>2015-10-20T11:13:08Z</time>
      </trkpt>
      <trkpt lat="40.645934" lon="-0.093283">
        <ele>1136.4</ele>
        <time>2015-10-20T11:13:09Z</time>
      </trkpt>
      <trkpt lat="40.645984" lon="-0.093249">
        <ele>1130.0</ele>
        <time>2015-10-20T11:13:13Z</time>
      </trkpt>
      <trkpt lat="40.645984" lon="-0.093216">
        <ele>1130.4</ele>
        <time>2015-10-20T11:13:14Z</time>
      </trkpt>
      <trkpt lat="40.646017" lon="-0.093149">
        <ele>1127.7</ele>
        <time>2015-10-20T11:13:18Z</time>
      </trkpt>
      <trkpt lat="40.646034" lon="-0.093082">
        <ele>1127.2</ele>
        <time>2015-10-20T11:13:21Z</time>
      </trkpt>
      <trkpt lat="40.646051" lon="-0.092999">
        <ele>1125.6</ele>
        <time>2015-10-20T11:13:24Z</time>
      </trkpt>
      <trkpt lat="40.646034" lon="-0.092933">
        <ele>1125.7</ele>
        <time>2015-10-20T11:13:27Z</time>
      </trkpt>
      <trkpt lat="40.646051" lon="-0.092900">
        <ele>1124.5</ele>
        <time>2015-10-20T11:13:29Z</time>
      </trkpt>
      <trkpt lat="40.646067" lon="-0.092800">
        <ele>1122.2</ele>
        <time>2015-10-20T11:13:34Z</time>
      </trkpt>
      <trkpt lat="40.646100" lon="-0.092749">
        <ele>1120.3</ele>
        <time>2015-10-20T11:13:36Z</time>
      </trkpt>
      <trkpt lat="40.646100" lon="-0.092699">
        <ele>1119.5</ele>
        <time>2015-10-20T11:13:39Z</time>
      </trkpt>
      <trkpt lat="40.646100" lon="-0.092616">
        <ele>1118.3</ele>
        <time>2015-10-20T11:13:42Z</time>
      </trkpt>
      <trkpt lat="40.646134" lon="-0.092583">
        <ele>1116.8</ele>
        <time>2015-10-20T11:13:45Z</time>
      </trkpt>
      <trkpt lat="40.646200" lon="-0.092599">
        <ele>1114.7</ele>
        <time>2015-10-20T11:13:49Z</time>
      </trkpt>
      <trkpt lat="40.646284" lon="-0.092632">
        <ele>1112.6</ele>
        <time>2015-10-20T11:13:54Z</time>
      </trkpt>
      <trkpt lat="40.646317" lon="-0.092666">
        <ele>1111.8</ele>
        <time>2015-10-20T11:13:56Z</time>
      </trkpt>
      <trkpt lat="40.646401" lon="-0.092733">
        <ele>1109.4</ele>
        <time>2015-10-20T11:14:01Z</time>
      </trkpt>
      <trkpt lat="40.646467" lon="-0.092766">
        <ele>1107.8</ele>
        <time>2015-10-20T11:14:06Z</time>
      </trkpt>
      <trkpt lat="40.646517" lon="-0.092733">
        <ele>1106.2</ele>
        <time>2015-10-20T11:14:09Z</time>
      </trkpt>
      <trkpt lat="40.646567" lon="-0.092699">
        <ele>1104.1</ele>
        <time>2015-10-20T11:14:12Z</time>
      </trkpt>
      <trkpt lat="40.646617" lon="-0.092649">
        <ele>1102.8</ele>
        <time>2015-10-20T11:14:16Z</time>
      </trkpt>
      <trkpt lat="40.646700" lon="-0.092632">
        <ele>1101.4</ele>
        <time>2015-10-20T11:14:20Z</time>
      </trkpt>
      <trkpt lat="40.646767" lon="-0.092666">
        <ele>1099.7</ele>
        <time>2015-10-20T11:14:24Z</time>
      </trkpt>
      <trkpt lat="40.646851" lon="-0.092666">
        <ele>1097.8</ele>
        <time>2015-10-20T11:14:29Z</time>
      </trkpt>
      <trkpt lat="40.646951" lon="-0.092616">
        <ele>1095.4</ele>
        <time>2015-10-20T11:14:35Z</time>
      </trkpt>
      <trkpt lat="40.647084" lon="-0.092499">
        <ele>1093.2</ele>
        <time>2015-10-20T11:14:45Z</time>
      </trkpt>
      <trkpt lat="40.647167" lon="-0.092516">
        <ele>1092.3</ele>
        <time>2015-10-20T11:14:49Z</time>
      </trkpt>
      <trkpt lat="40.647234" lon="-0.092632">
        <ele>1091.6</ele>
        <time>2015-10-20T11:14:56Z</time>
      </trkpt>
      <trkpt lat="40.647267" lon="-0.092766">
        <ele>1090.7</ele>
        <time>2015-10-20T11:15:02Z</time>
      </trkpt>
      <trkpt lat="40.647300" lon="-0.092866">
        <ele>1089.9</ele>
        <time>2015-10-20T11:15:07Z</time>
      </trkpt>
      <trkpt lat="40.647350" lon="-0.092949">
        <ele>1089.2</ele>
        <time>2015-10-20T11:15:11Z</time>
      </trkpt>
      <trkpt lat="40.647401" lon="-0.092982">
        <ele>1089.3</ele>
        <time>2015-10-20T11:15:14Z</time>
      </trkpt>
      <trkpt lat="40.647467" lon="-0.092982">
        <ele>1089.7</ele>
        <time>2015-10-20T11:15:18Z</time>
      </trkpt>
      <trkpt lat="40.647517" lon="-0.092982">
        <ele>1089.7</ele>
        <time>2015-10-20T11:15:21Z</time>
      </trkpt>
      <trkpt lat="40.647550" lon="-0.092933">
        <ele>1089.8</ele>
        <time>2015-10-20T11:15:24Z</time>
      </trkpt>
      <trkpt lat="40.647567" lon="-0.092900">
        <ele>1089.6</ele>
        <time>2015-10-20T11:15:26Z</time>
      </trkpt>
      <trkpt lat="40.647567" lon="-0.092900">
        <ele>1089.6</ele>
        <time>2015-10-20T11:15:26Z</time>
      </trkpt>
      <trkpt lat="40.647567" lon="-0.092900">
        <ele>1089.6</ele>
        <time>2015-10-20T11:15:26Z</time>
      </trkpt>
      <trkpt lat="40.647567" lon="-0.092900">
        <ele>1089.6</ele>
        <time>2015-10-20T11:15:26Z</time>
      </trkpt>
      <trkpt lat="40.647567" lon="-0.092900">
        <ele>1089.6</ele>
        <time>2015-10-20T11:15:26Z</time>
      </trkpt>
      <trkpt lat="40.647567" lon="-0.092900">
        <ele>1089.6</ele>
        <time>2015-10-20T11:15:26Z</time>
      </trkpt>
      <trkpt lat="40.647567" lon="-0.092900">
        <ele>1089.6</ele>
        <time>2015-10-20T11:15:26Z</time>
      </trkpt>
      <trkpt lat="40.647567" lon="-0.092900">
        <ele>1089.6</ele>
        <time>2015-10-20T11:15:26Z</time>
      </trkpt>
      <trkpt lat="40.647567" lon="-0.092900">
        <ele>1089.6</ele>
        <time>2015-10-20T11:15:26Z</time>
      </trkpt>
      <trkpt lat="40.647567" lon="-0.092900">
        <ele>1089.6</ele>
        <time>2015-10-20T11:15:26Z</time>
      </trkpt>
      <trkpt lat="40.647567" lon="-0.092900">
        <ele>1089.6</ele>
        <time>2015-10-20T11:15:26Z</time>
      </trkpt>
      <trkpt lat="40.647567" lon="-0.092900">
        <ele>1089.6</ele>
        <time>2015-10-20T11:15:26Z</time>
      </trkpt>
      <trkpt lat="40.647567" lon="-0.092900">
        <ele>1089.6</ele>
        <time>2015-10-20T11:15:26Z</time>
      </trkpt>
      <trkpt lat="40.647567" lon="-0.092900">
        <ele>1089.6</ele>
        <time>2015-10-20T11:15:26Z</time>
      </trkpt>
      <trkpt lat="40.647567" lon="-0.092900">
        <ele>1089.6</ele>
        <time>2015-10-20T11:15:26Z</time>
      </trkpt>
      <trkpt lat="40.647567" lon="-0.092900">
        <ele>1089.6</ele>
        <time>2015-10-20T11:15:26Z</time>
      </trkpt>
      <trkpt lat="40.647567" lon="-0.092900">
        <ele>1089.6</ele>
        <time>2015-10-20T11:15:26Z</time>
      </trkpt>
      <trkpt lat="40.647584" lon="-0.092833">
        <ele>1089.8</ele>
        <time>2015-10-20T11:15:29Z</time>
      </trkpt>
      <trkpt lat="40.647617" lon="-0.092783">
        <ele>1089.7</ele>
        <time>2015-10-20T11:15:32Z</time>
      </trkpt>
      <trkpt lat="40.647667" lon="-0.092733">
        <ele>1089.7</ele>
        <time>2015-10-20T11:15:35Z</time>
      </trkpt>
      <trkpt lat="40.647717" lon="-0.092683">
        <ele>1089.5</ele>
        <time>2015-10-20T11:15:39Z</time>
      </trkpt>
      <trkpt lat="40.647800" lon="-0.092649">
        <ele>1089.2</ele>
        <time>2015-10-20T11:15:44Z</time>
      </trkpt>
      <trkpt lat="40.647867" lon="-0.092616">
        <ele>1089.9</ele>
        <time>2015-10-20T11:15:48Z</time>
      </trkpt>
      <trkpt lat="40.647917" lon="-0.092599">
        <ele>1090.3</ele>
        <time>2015-10-20T11:15:51Z</time>
      </trkpt>
      <trkpt lat="40.647967" lon="-0.092583">
        <ele>1090.4</ele>
        <time>2015-10-20T11:15:54Z</time>
      </trkpt>
      <trkpt lat="40.648017" lon="-0.092583">
        <ele>1089.9</ele>
        <time>2015-10-20T11:15:57Z</time>
      </trkpt>
      <trkpt lat="40.648067" lon="-0.092583">
        <ele>1089.9</ele>
        <time>2015-10-20T11:15:59Z</time>
      </trkpt>
      <trkpt lat="40.648134" lon="-0.092549">
        <ele>1091.0</ele>
        <time>2015-10-20T11:16:03Z</time>
      </trkpt>
      <trkpt lat="40.648184" lon="-0.092549">
        <ele>1091.5</ele>
        <time>2015-10-20T11:16:06Z</time>
      </trkpt>
      <trkpt lat="40.648217" lon="-0.092549">
        <ele>1091.8</ele>
        <time>2015-10-20T11:16:08Z</time>
      </trkpt>
      <trkpt lat="40.648267" lon="-0.092532">
        <ele>1092.2</ele>
        <time>2015-10-20T11:16:11Z</time>
      </trkpt>
      <trkpt lat="40.648317" lon="-0.092516">
        <ele>1092.1</ele>
        <time>2015-10-20T11:16:14Z</time>
      </trkpt>
      <trkpt lat="40.648367" lon="-0.092483">
        <ele>1091.6</ele>
        <time>2015-10-20T11:16:17Z</time>
      </trkpt>
      <trkpt lat="40.648417" lon="-0.092416">
        <ele>1091.0</ele>
        <time>2015-10-20T11:16:21Z</time>
      </trkpt>
      <trkpt lat="40.648501" lon="-0.092383">
        <ele>1089.9</ele>
        <time>2015-10-20T11:16:26Z</time>
      </trkpt>
      <trkpt lat="40.648584" lon="-0.092332">
        <ele>1088.8</ele>
        <time>2015-10-20T11:16:32Z</time>
      </trkpt>
      <trkpt lat="40.648634" lon="-0.092283">
        <ele>1087.9</ele>
        <time>2015-10-20T11:16:35Z</time>
      </trkpt>
      <trkpt lat="40.648700" lon="-0.092216">
        <ele>1085.7</ele>
        <time>2015-10-20T11:16:40Z</time>
      </trkpt>
      <trkpt lat="40.648751" lon="-0.092116">
        <ele>1084.5</ele>
        <time>2015-10-20T11:16:45Z</time>
      </trkpt>
      <trkpt lat="40.648851" lon="-0.091999">
        <ele>1083.1</ele>
        <time>2015-10-20T11:16:53Z</time>
      </trkpt>
      <trkpt lat="40.648951" lon="-0.091916">
        <ele>1082.1</ele>
        <time>2015-10-20T11:17:00Z</time>
      </trkpt>
      <trkpt lat="40.649084" lon="-0.091849">
        <ele>1081.5</ele>
        <time>2015-10-20T11:17:08Z</time>
      </trkpt>
      <trkpt lat="40.649201" lon="-0.091749">
        <ele>1081.1</ele>
        <time>2015-10-20T11:17:16Z</time>
      </trkpt>
      <trkpt lat="40.649301" lon="-0.091649">
        <ele>1080.9</ele>
        <time>2015-10-20T11:17:23Z</time>
      </trkpt>
      <trkpt lat="40.649301" lon="-0.091649">
        <ele>1080.9</ele>
        <time>2015-10-20T11:17:23Z</time>
      </trkpt>
      <trkpt lat="40.649368" lon="-0.091599">
        <ele>1080.9</ele>
        <time>2015-10-20T11:17:27Z</time>
      </trkpt>
      <trkpt lat="40.649401" lon="-0.091566">
        <ele>1080.8</ele>
        <time>2015-10-20T11:17:30Z</time>
      </trkpt>
      <trkpt lat="40.649401" lon="-0.091566">
        <ele>1080.8</ele>
        <time>2015-10-20T11:17:30Z</time>
      </trkpt>
      <trkpt lat="40.649401" lon="-0.091566">
        <ele>1080.8</ele>
        <time>2015-10-20T11:17:30Z</time>
      </trkpt>
      <trkpt lat="40.649401" lon="-0.091566">
        <ele>1080.8</ele>
        <time>2015-10-20T11:17:30Z</time>
      </trkpt>
      <trkpt lat="40.649401" lon="-0.091566">
        <ele>1080.8</ele>
        <time>2015-10-20T11:17:30Z</time>
      </trkpt>
      <trkpt lat="40.649401" lon="-0.091566">
        <ele>1080.8</ele>
        <time>2015-10-20T11:17:30Z</time>
      </trkpt>
      <trkpt lat="40.649401" lon="-0.091566">
        <ele>1080.8</ele>
        <time>2015-10-20T11:17:30Z</time>
      </trkpt>
      <trkpt lat="40.649401" lon="-0.091566">
        <ele>1080.8</ele>
        <time>2015-10-20T11:17:30Z</time>
      </trkpt>
      <trkpt lat="40.649401" lon="-0.091566">
        <ele>1080.8</ele>
        <time>2015-10-20T11:17:30Z</time>
      </trkpt>
      <trkpt lat="40.649401" lon="-0.091566">
        <ele>1080.8</ele>
        <time>2015-10-20T11:17:30Z</time>
      </trkpt>
      <trkpt lat="40.649401" lon="-0.091566">
        <ele>1080.8</ele>
        <time>2015-10-20T11:17:30Z</time>
      </trkpt>
      <trkpt lat="40.649434" lon="-0.091549">
        <ele>1080.8</ele>
        <time>2015-10-20T11:17:32Z</time>
      </trkpt>
      <trkpt lat="40.649501" lon="-0.091516">
        <ele>1080.8</ele>
        <time>2015-10-20T11:17:36Z</time>
      </trkpt>
      <trkpt lat="40.649584" lon="-0.091499">
        <ele>1080.6</ele>
        <time>2015-10-20T11:17:41Z</time>
      </trkpt>
      <trkpt lat="40.649667" lon="-0.091516">
        <ele>1080.3</ele>
        <time>2015-10-20T11:17:45Z</time>
      </trkpt>
      <trkpt lat="40.649801" lon="-0.091516">
        <ele>1079.4</ele>
        <time>2015-10-20T11:17:53Z</time>
      </trkpt>
      <trkpt lat="40.649951" lon="-0.091549">
        <ele>1078.2</ele>
        <time>2015-10-20T11:18:02Z</time>
      </trkpt>
      <trkpt lat="40.650117" lon="-0.091549">
        <ele>1077.7</ele>
        <time>2015-10-20T11:18:11Z</time>
      </trkpt>
      <trkpt lat="40.650267" lon="-0.091549">
        <ele>1078.4</ele>
        <time>2015-10-20T11:18:20Z</time>
      </trkpt>
      <trkpt lat="40.650367" lon="-0.091516">
        <ele>1079.4</ele>
        <time>2015-10-20T11:18:26Z</time>
      </trkpt>
      <trkpt lat="40.650451" lon="-0.091483">
        <ele>1079.9</ele>
        <time>2015-10-20T11:18:31Z</time>
      </trkpt>
      <trkpt lat="40.650534" lon="-0.091449">
        <ele>1080.3</ele>
        <time>2015-10-20T11:18:36Z</time>
      </trkpt>
      <trkpt lat="40.650618" lon="-0.091399">
        <ele>1080.7</ele>
        <time>2015-10-20T11:18:41Z</time>
      </trkpt>
      <trkpt lat="40.650684" lon="-0.091365">
        <ele>1081.1</ele>
        <time>2015-10-20T11:18:45Z</time>
      </trkpt>
      <trkpt lat="40.650767" lon="-0.091332">
        <ele>1081.4</ele>
        <time>2015-10-20T11:18:50Z</time>
      </trkpt>
      <trkpt lat="40.650834" lon="-0.091282">
        <ele>1081.8</ele>
        <time>2015-10-20T11:18:54Z</time>
      </trkpt>
      <trkpt lat="40.650901" lon="-0.091266">
        <ele>1081.9</ele>
        <time>2015-10-20T11:18:58Z</time>
      </trkpt>
      <trkpt lat="40.650967" lon="-0.091266">
        <ele>1082.0</ele>
        <time>2015-10-20T11:19:02Z</time>
      </trkpt>
      <trkpt lat="40.651050" lon="-0.091266">
        <ele>1082.1</ele>
        <time>2015-10-20T11:19:07Z</time>
      </trkpt>
      <trkpt lat="40.651117" lon="-0.091266">
        <ele>1082.3</ele>
        <time>2015-10-20T11:19:11Z</time>
      </trkpt>
      <trkpt lat="40.651201" lon="-0.091282">
        <ele>1082.7</ele>
        <time>2015-10-20T11:19:15Z</time>
      </trkpt>
      <trkpt lat="40.651284" lon="-0.091316">
        <ele>1082.7</ele>
        <time>2015-10-20T11:19:20Z</time>
      </trkpt>
      <trkpt lat="40.651351" lon="-0.091349">
        <ele>1082.7</ele>
        <time>2015-10-20T11:19:25Z</time>
      </trkpt>
      <trkpt lat="40.651434" lon="-0.091365">
        <ele>1083.0</ele>
        <time>2015-10-20T11:19:29Z</time>
      </trkpt>
      <trkpt lat="40.651500" lon="-0.091399">
        <ele>1083.0</ele>
        <time>2015-10-20T11:19:33Z</time>
      </trkpt>
      <trkpt lat="40.651584" lon="-0.091432">
        <ele>1082.9</ele>
        <time>2015-10-20T11:19:38Z</time>
      </trkpt>
      <trkpt lat="40.651684" lon="-0.091483">
        <ele>1082.3</ele>
        <time>2015-10-20T11:19:45Z</time>
      </trkpt>
      <trkpt lat="40.651784" lon="-0.091499">
        <ele>1081.7</ele>
        <time>2015-10-20T11:19:50Z</time>
      </trkpt>
      <trkpt lat="40.651884" lon="-0.091466">
        <ele>1081.3</ele>
        <time>2015-10-20T11:19:56Z</time>
      </trkpt>
      <trkpt lat="40.652001" lon="-0.091466">
        <ele>1080.0</ele>
        <time>2015-10-20T11:20:03Z</time>
      </trkpt>
      <trkpt lat="40.652134" lon="-0.091499">
        <ele>1079.2</ele>
        <time>2015-10-20T11:20:11Z</time>
      </trkpt>
      <trkpt lat="40.652251" lon="-0.091466">
        <ele>1078.6</ele>
        <time>2015-10-20T11:20:17Z</time>
      </trkpt>
      <trkpt lat="40.652284" lon="-0.091466">
        <ele>1078.5</ele>
        <time>2015-10-20T11:20:19Z</time>
      </trkpt>
      <trkpt lat="40.652284" lon="-0.091466">
        <ele>1078.5</ele>
        <time>2015-10-20T11:20:19Z</time>
      </trkpt>
      <trkpt lat="40.652284" lon="-0.091466">
        <ele>1078.5</ele>
        <time>2015-10-20T11:20:19Z</time>
      </trkpt>
      <trkpt lat="40.652284" lon="-0.091466">
        <ele>1078.5</ele>
        <time>2015-10-20T11:20:19Z</time>
      </trkpt>
      <trkpt lat="40.652284" lon="-0.091466">
        <ele>1078.5</ele>
        <time>2015-10-20T11:20:19Z</time>
      </trkpt>
      <trkpt lat="40.652284" lon="-0.091466">
        <ele>1078.5</ele>
        <time>2015-10-20T11:20:19Z</time>
      </trkpt>
      <trkpt lat="40.652317" lon="-0.091483">
        <ele>1078.3</ele>
        <time>2015-10-20T11:20:21Z</time>
      </trkpt>
      <trkpt lat="40.652367" lon="-0.091483">
        <ele>1078.1</ele>
        <time>2015-10-20T11:20:24Z</time>
      </trkpt>
      <trkpt lat="40.652417" lon="-0.091466">
        <ele>1077.9</ele>
        <time>2015-10-20T11:20:27Z</time>
      </trkpt>
      <trkpt lat="40.652484" lon="-0.091432">
        <ele>1077.0</ele>
        <time>2015-10-20T11:20:31Z</time>
      </trkpt>
      <trkpt lat="40.652500" lon="-0.091383">
        <ele>1076.5</ele>
        <time>2015-10-20T11:20:34Z</time>
      </trkpt>
      <trkpt lat="40.652484" lon="-0.091300">
        <ele>1075.8</ele>
        <time>2015-10-20T11:20:37Z</time>
      </trkpt>
      <trkpt lat="40.652467" lon="-0.091233">
        <ele>1075.9</ele>
        <time>2015-10-20T11:20:40Z</time>
      </trkpt>
      <trkpt lat="40.652484" lon="-0.091199">
        <ele>1074.4</ele>
        <time>2015-10-20T11:20:42Z</time>
      </trkpt>
      <trkpt lat="40.652518" lon="-0.091233">
        <ele>1073.4</ele>
        <time>2015-10-20T11:20:45Z</time>
      </trkpt>
      <trkpt lat="40.652534" lon="-0.091233">
        <ele>1072.6</ele>
        <time>2015-10-20T11:20:45Z</time>
      </trkpt>
      <trkpt lat="40.652534" lon="-0.091233">
        <ele>1072.6</ele>
        <time>2015-10-20T11:20:45Z</time>
      </trkpt>
      <trkpt lat="40.652534" lon="-0.091233">
        <ele>1072.6</ele>
        <time>2015-10-20T11:20:45Z</time>
      </trkpt>
      <trkpt lat="40.652534" lon="-0.091199">
        <ele>1071.9</ele>
        <time>2015-10-20T11:20:47Z</time>
      </trkpt>
      <trkpt lat="40.652534" lon="-0.091199">
        <ele>1071.9</ele>
        <time>2015-10-20T11:20:47Z</time>
      </trkpt>
      <trkpt lat="40.652534" lon="-0.091199">
        <ele>1071.9</ele>
        <time>2015-10-20T11:20:47Z</time>
      </trkpt>
      <trkpt lat="40.652534" lon="-0.091199">
        <ele>1071.9</ele>
        <time>2015-10-20T11:20:47Z</time>
      </trkpt>
      <trkpt lat="40.652534" lon="-0.091199">
        <ele>1071.9</ele>
        <time>2015-10-20T11:20:47Z</time>
      </trkpt>
      <trkpt lat="40.652534" lon="-0.091199">
        <ele>1071.9</ele>
        <time>2015-10-20T11:20:47Z</time>
      </trkpt>
      <trkpt lat="40.652534" lon="-0.091199">
        <ele>1071.9</ele>
        <time>2015-10-20T11:20:47Z</time>
      </trkpt>
      <trkpt lat="40.652518" lon="-0.091182">
        <ele>1072.4</ele>
        <time>2015-10-20T11:20:48Z</time>
      </trkpt>
      <trkpt lat="40.652518" lon="-0.091166">
        <ele>1072.1</ele>
        <time>2015-10-20T11:20:49Z</time>
      </trkpt>
      <trkpt lat="40.652518" lon="-0.091166">
        <ele>1072.1</ele>
        <time>2015-10-20T11:20:49Z</time>
      </trkpt>
      <trkpt lat="40.652518" lon="-0.091166">
        <ele>1072.1</ele>
        <time>2015-10-20T11:20:49Z</time>
      </trkpt>
      <trkpt lat="40.652518" lon="-0.091166">
        <ele>1072.1</ele>
        <time>2015-10-20T11:20:49Z</time>
      </trkpt>
      <trkpt lat="40.652518" lon="-0.091166">
        <ele>1072.1</ele>
        <time>2015-10-20T11:20:49Z</time>
      </trkpt>
      <trkpt lat="40.652518" lon="-0.091166">
        <ele>1072.1</ele>
        <time>2015-10-20T11:20:49Z</time>
      </trkpt>
      <trkpt lat="40.652518" lon="-0.091166">
        <ele>1072.1</ele>
        <time>2015-10-20T11:20:49Z</time>
      </trkpt>
      <trkpt lat="40.652518" lon="-0.091166">
        <ele>1072.1</ele>
        <time>2015-10-20T11:20:49Z</time>
      </trkpt>
      <trkpt lat="40.652534" lon="-0.091133">
        <ele>1070.5</ele>
        <time>2015-10-20T11:20:51Z</time>
      </trkpt>
      <trkpt lat="40.652534" lon="-0.091116">
        <ele>1070.2</ele>
        <time>2015-10-20T11:20:51Z</time>
      </trkpt>
      <trkpt lat="40.652534" lon="-0.091116">
        <ele>1070.2</ele>
        <time>2015-10-20T11:20:51Z</time>
      </trkpt>
      <trkpt lat="40.652551" lon="-0.091099">
        <ele>1069.8</ele>
        <time>2015-10-20T11:20:52Z</time>
      </trkpt>
      <trkpt lat="40.652551" lon="-0.091082">
        <ele>1069.8</ele>
        <time>2015-10-20T11:20:53Z</time>
      </trkpt>
      <trkpt lat="40.652551" lon="-0.091082">
        <ele>1069.8</ele>
        <time>2015-10-20T11:20:53Z</time>
      </trkpt>
      <trkpt lat="40.652567" lon="-0.091066">
        <ele>1069.5</ele>
        <time>2015-10-20T11:20:54Z</time>
      </trkpt>
      <trkpt lat="40.652567" lon="-0.091049">
        <ele>1069.4</ele>
        <time>2015-10-20T11:20:55Z</time>
      </trkpt>
      <trkpt lat="40.652567" lon="-0.091016">
        <ele>1069.0</ele>
        <time>2015-10-20T11:20:57Z</time>
      </trkpt>
      <trkpt lat="40.652567" lon="-0.091016">
        <ele>1069.0</ele>
        <time>2015-10-20T11:20:57Z</time>
      </trkpt>
      <trkpt lat="40.652551" lon="-0.091016">
        <ele>1069.6</ele>
        <time>2015-10-20T11:20:57Z</time>
      </trkpt>
      <trkpt lat="40.652551" lon="-0.091016">
        <ele>1069.6</ele>
        <time>2015-10-20T11:20:57Z</time>
      </trkpt>
      <trkpt lat="40.652567" lon="-0.090999">
        <ele>1068.7</ele>
        <time>2015-10-20T11:20:59Z</time>
      </trkpt>
      <trkpt lat="40.652567" lon="-0.090999">
        <ele>1068.7</ele>
        <time>2015-10-20T11:20:59Z</time>
      </trkpt>
      <trkpt lat="40.652567" lon="-0.090999">
        <ele>1068.7</ele>
        <time>2015-10-20T11:20:59Z</time>
      </trkpt>
      <trkpt lat="40.652567" lon="-0.090999">
        <ele>1068.7</ele>
        <time>2015-10-20T11:20:59Z</time>
      </trkpt>
      <trkpt lat="40.652567" lon="-0.090999">
        <ele>1068.7</ele>
        <time>2015-10-20T11:20:59Z</time>
      </trkpt>
      <trkpt lat="40.652567" lon="-0.090966">
        <ele>1068.1</ele>
        <time>2015-10-20T11:21:00Z</time>
      </trkpt>
      <trkpt lat="40.652567" lon="-0.090966">
        <ele>1068.1</ele>
        <time>2015-10-20T11:21:00Z</time>
      </trkpt>
      <trkpt lat="40.652567" lon="-0.090933">
        <ele>1067.7</ele>
        <time>2015-10-20T11:21:02Z</time>
      </trkpt>
      <trkpt lat="40.652584" lon="-0.090916">
        <ele>1066.9</ele>
        <time>2015-10-20T11:21:03Z</time>
      </trkpt>
      <trkpt lat="40.652584" lon="-0.090916">
        <ele>1066.9</ele>
        <time>2015-10-20T11:21:03Z</time>
      </trkpt>
      <trkpt lat="40.652584" lon="-0.090916">
        <ele>1066.9</ele>
        <time>2015-10-20T11:21:03Z</time>
      </trkpt>
      <trkpt lat="40.652584" lon="-0.090883">
        <ele>1066.8</ele>
        <time>2015-10-20T11:21:04Z</time>
      </trkpt>
      <trkpt lat="40.652584" lon="-0.090866">
        <ele>1066.7</ele>
        <time>2015-10-20T11:21:05Z</time>
      </trkpt>
      <trkpt lat="40.652584" lon="-0.090833">
        <ele>1066.6</ele>
        <time>2015-10-20T11:21:06Z</time>
      </trkpt>
      <trkpt lat="40.652567" lon="-0.090833">
        <ele>1067.3</ele>
        <time>2015-10-20T11:21:07Z</time>
      </trkpt>
      <trkpt lat="40.652584" lon="-0.090816">
        <ele>1066.5</ele>
        <time>2015-10-20T11:21:09Z</time>
      </trkpt>
      <trkpt lat="40.652584" lon="-0.090783">
        <ele>1066.4</ele>
        <time>2015-10-20T11:21:10Z</time>
      </trkpt>
      <trkpt lat="40.652584" lon="-0.090783">
        <ele>1066.4</ele>
        <time>2015-10-20T11:21:10Z</time>
      </trkpt>
      <trkpt lat="40.652584" lon="-0.090716">
        <ele>1066.2</ele>
        <time>2015-10-20T11:21:13Z</time>
      </trkpt>
      <trkpt lat="40.652601" lon="-0.090616">
        <ele>1064.6</ele>
        <time>2015-10-20T11:21:17Z</time>
      </trkpt>
      <trkpt lat="40.652634" lon="-0.090516">
        <ele>1063.8</ele>
        <time>2015-10-20T11:21:22Z</time>
      </trkpt>
      <trkpt lat="40.652651" lon="-0.090399">
        <ele>1062.7</ele>
        <time>2015-10-20T11:21:27Z</time>
      </trkpt>
      <trkpt lat="40.652701" lon="-0.090299">
        <ele>1061.9</ele>
        <time>2015-10-20T11:21:32Z</time>
      </trkpt>
      <trkpt lat="40.652718" lon="-0.090216">
        <ele>1061.9</ele>
        <time>2015-10-20T11:21:36Z</time>
      </trkpt>
      <trkpt lat="40.652734" lon="-0.090150">
        <ele>1061.6</ele>
        <time>2015-10-20T11:21:39Z</time>
      </trkpt>
      <trkpt lat="40.652751" lon="-0.090066">
        <ele>1061.2</ele>
        <time>2015-10-20T11:21:43Z</time>
      </trkpt>
      <trkpt lat="40.652751" lon="-0.089999">
        <ele>1061.1</ele>
        <time>2015-10-20T11:21:46Z</time>
      </trkpt>
      <trkpt lat="40.652751" lon="-0.089916">
        <ele>1060.9</ele>
        <time>2015-10-20T11:21:49Z</time>
      </trkpt>
      <trkpt lat="40.652751" lon="-0.089832">
        <ele>1060.8</ele>
        <time>2015-10-20T11:21:53Z</time>
      </trkpt>
      <trkpt lat="40.652767" lon="-0.089749">
        <ele>1059.6</ele>
        <time>2015-10-20T11:21:57Z</time>
      </trkpt>
      <trkpt lat="40.652818" lon="-0.089666">
        <ele>1058.5</ele>
        <time>2015-10-20T11:22:01Z</time>
      </trkpt>
      <trkpt lat="40.652834" lon="-0.089616">
        <ele>1057.9</ele>
        <time>2015-10-20T11:22:04Z</time>
      </trkpt>
      <trkpt lat="40.652851" lon="-0.089549">
        <ele>1057.5</ele>
        <time>2015-10-20T11:22:07Z</time>
      </trkpt>
      <trkpt lat="40.652901" lon="-0.089566">
        <ele>1056.9</ele>
        <time>2015-10-20T11:22:10Z</time>
      </trkpt>
      <trkpt lat="40.652967" lon="-0.089566">
        <ele>1055.9</ele>
        <time>2015-10-20T11:22:14Z</time>
      </trkpt>
      <trkpt lat="40.653001" lon="-0.089566">
        <ele>1055.3</ele>
        <time>2015-10-20T11:22:16Z</time>
      </trkpt>
      <trkpt lat="40.653050" lon="-0.089583">
        <ele>1054.7</ele>
        <time>2015-10-20T11:22:18Z</time>
      </trkpt>
      <trkpt lat="40.653050" lon="-0.089600">
        <ele>1054.9</ele>
        <time>2015-10-20T11:22:19Z</time>
      </trkpt>
      <trkpt lat="40.653050" lon="-0.089600">
        <ele>1054.9</ele>
        <time>2015-10-20T11:22:19Z</time>
      </trkpt>
      <trkpt lat="40.653050" lon="-0.089600">
        <ele>1054.9</ele>
        <time>2015-10-20T11:22:19Z</time>
      </trkpt>
      <trkpt lat="40.653050" lon="-0.089600">
        <ele>1054.9</ele>
        <time>2015-10-20T11:22:19Z</time>
      </trkpt>
      <trkpt lat="40.653050" lon="-0.089600">
        <ele>1054.9</ele>
        <time>2015-10-20T11:22:19Z</time>
      </trkpt>
      <trkpt lat="40.653068" lon="-0.089600">
        <ele>1054.7</ele>
        <time>2015-10-20T11:22:20Z</time>
      </trkpt>
      <trkpt lat="40.653068" lon="-0.089600">
        <ele>1054.7</ele>
        <time>2015-10-20T11:22:20Z</time>
      </trkpt>
      <trkpt lat="40.653084" lon="-0.089600">
        <ele>1054.5</ele>
        <time>2015-10-20T11:22:21Z</time>
      </trkpt>
      <trkpt lat="40.653101" lon="-0.089583">
        <ele>1053.9</ele>
        <time>2015-10-20T11:22:22Z</time>
      </trkpt>
      <trkpt lat="40.653134" lon="-0.089566">
        <ele>1052.9</ele>
        <time>2015-10-20T11:22:24Z</time>
      </trkpt>
      <trkpt lat="40.653168" lon="-0.089566">
        <ele>1052.5</ele>
        <time>2015-10-20T11:22:26Z</time>
      </trkpt>
      <trkpt lat="40.653184" lon="-0.089566">
        <ele>1052.3</ele>
        <time>2015-10-20T11:22:27Z</time>
      </trkpt>
      <trkpt lat="40.653234" lon="-0.089549">
        <ele>1051.5</ele>
        <time>2015-10-20T11:22:30Z</time>
      </trkpt>
      <trkpt lat="40.653284" lon="-0.089549">
        <ele>1050.7</ele>
        <time>2015-10-20T11:22:33Z</time>
      </trkpt>
      <trkpt lat="40.653317" lon="-0.089533">
        <ele>1050.0</ele>
        <time>2015-10-20T11:22:35Z</time>
      </trkpt>
      <trkpt lat="40.653351" lon="-0.089516">
        <ele>1049.0</ele>
        <time>2015-10-20T11:22:37Z</time>
      </trkpt>
      <trkpt lat="40.653367" lon="-0.089483">
        <ele>1048.5</ele>
        <time>2015-10-20T11:22:39Z</time>
      </trkpt>
      <trkpt lat="40.653384" lon="-0.089466">
        <ele>1048.0</ele>
        <time>2015-10-20T11:22:40Z</time>
      </trkpt>
      <trkpt lat="40.653400" lon="-0.089449">
        <ele>1047.6</ele>
        <time>2015-10-20T11:22:41Z</time>
      </trkpt>
      <trkpt lat="40.653417" lon="-0.089433">
        <ele>1047.2</ele>
        <time>2015-10-20T11:22:42Z</time>
      </trkpt>
      <trkpt lat="40.653417" lon="-0.089433">
        <ele>1047.2</ele>
        <time>2015-10-20T11:22:42Z</time>
      </trkpt>
      <trkpt lat="40.653434" lon="-0.089399">
        <ele>1046.8</ele>
        <time>2015-10-20T11:22:44Z</time>
      </trkpt>
      <trkpt lat="40.653417" lon="-0.089399">
        <ele>1047.1</ele>
        <time>2015-10-20T11:22:45Z</time>
      </trkpt>
      <trkpt lat="40.653417" lon="-0.089382">
        <ele>1046.9</ele>
        <time>2015-10-20T11:22:46Z</time>
      </trkpt>
      <trkpt lat="40.653434" lon="-0.089333">
        <ele>1045.6</ele>
        <time>2015-10-20T11:22:48Z</time>
      </trkpt>
      <trkpt lat="40.653434" lon="-0.089299">
        <ele>1044.9</ele>
        <time>2015-10-20T11:22:50Z</time>
      </trkpt>
      <trkpt lat="40.653384" lon="-0.089266">
        <ele>1044.3</ele>
        <time>2015-10-20T11:22:53Z</time>
      </trkpt>
      <trkpt lat="40.653317" lon="-0.089182">
        <ele>1042.8</ele>
        <time>2015-10-20T11:22:58Z</time>
      </trkpt>
      <trkpt lat="40.653267" lon="-0.089133">
        <ele>1042.1</ele>
        <time>2015-10-20T11:23:02Z</time>
      </trkpt>
      <trkpt lat="40.653251" lon="-0.089033">
        <ele>1040.6</ele>
        <time>2015-10-20T11:23:06Z</time>
      </trkpt>
      <trkpt lat="40.653234" lon="-0.088966">
        <ele>1039.5</ele>
        <time>2015-10-20T11:23:09Z</time>
      </trkpt>
      <trkpt lat="40.653267" lon="-0.088916">
        <ele>1038.8</ele>
        <time>2015-10-20T11:23:12Z</time>
      </trkpt>
      <trkpt lat="40.653317" lon="-0.088883">
        <ele>1038.1</ele>
        <time>2015-10-20T11:23:15Z</time>
      </trkpt>
      <trkpt lat="40.653384" lon="-0.088866">
        <ele>1037.7</ele>
        <time>2015-10-20T11:23:19Z</time>
      </trkpt>
      <trkpt lat="40.653434" lon="-0.088883">
        <ele>1037.4</ele>
        <time>2015-10-20T11:23:22Z</time>
      </trkpt>
      <trkpt lat="40.653500" lon="-0.088883">
        <ele>1036.5</ele>
        <time>2015-10-20T11:23:26Z</time>
      </trkpt>
      <trkpt lat="40.653551" lon="-0.088883">
        <ele>1035.9</ele>
        <time>2015-10-20T11:23:29Z</time>
      </trkpt>
      <trkpt lat="40.653584" lon="-0.088883">
        <ele>1035.7</ele>
        <time>2015-10-20T11:23:31Z</time>
      </trkpt>
      <trkpt lat="40.653584" lon="-0.088883">
        <ele>1035.7</ele>
        <time>2015-10-20T11:23:31Z</time>
      </trkpt>
      <trkpt lat="40.653584" lon="-0.088883">
        <ele>1035.7</ele>
        <time>2015-10-20T11:23:31Z</time>
      </trkpt>
      <trkpt lat="40.653584" lon="-0.088883">
        <ele>1035.7</ele>
        <time>2015-10-20T11:23:31Z</time>
      </trkpt>
      <trkpt lat="40.653584" lon="-0.088883">
        <ele>1035.7</ele>
        <time>2015-10-20T11:23:31Z</time>
      </trkpt>
      <trkpt lat="40.653584" lon="-0.088883">
        <ele>1035.7</ele>
        <time>2015-10-20T11:23:31Z</time>
      </trkpt>
      <trkpt lat="40.653584" lon="-0.088883">
        <ele>1035.7</ele>
        <time>2015-10-20T11:23:31Z</time>
      </trkpt>
      <trkpt lat="40.653584" lon="-0.088883">
        <ele>1035.7</ele>
        <time>2015-10-20T11:23:31Z</time>
      </trkpt>
      <trkpt lat="40.653600" lon="-0.088866">
        <ele>1035.2</ele>
        <time>2015-10-20T11:23:32Z</time>
      </trkpt>
      <trkpt lat="40.653634" lon="-0.088866">
        <ele>1034.9</ele>
        <time>2015-10-20T11:23:34Z</time>
      </trkpt>
      <trkpt lat="40.653684" lon="-0.088832">
        <ele>1033.1</ele>
        <time>2015-10-20T11:23:37Z</time>
      </trkpt>
      <trkpt lat="40.653750" lon="-0.088816">
        <ele>1033.0</ele>
        <time>2015-10-20T11:23:41Z</time>
      </trkpt>
      <trkpt lat="40.653834" lon="-0.088816">
        <ele>1033.0</ele>
        <time>2015-10-20T11:23:46Z</time>
      </trkpt>
      <trkpt lat="40.653917" lon="-0.088849">
        <ele>1032.7</ele>
        <time>2015-10-20T11:23:51Z</time>
      </trkpt>
      <trkpt lat="40.653967" lon="-0.088899">
        <ele>1032.2</ele>
        <time>2015-10-20T11:23:54Z</time>
      </trkpt>
      <trkpt lat="40.654017" lon="-0.088966">
        <ele>1031.7</ele>
        <time>2015-10-20T11:23:58Z</time>
      </trkpt>
      <trkpt lat="40.654051" lon="-0.088966">
        <ele>1031.5</ele>
        <time>2015-10-20T11:24:00Z</time>
      </trkpt>
      <trkpt lat="40.654084" lon="-0.089016">
        <ele>1031.0</ele>
        <time>2015-10-20T11:24:03Z</time>
      </trkpt>
      <trkpt lat="40.654117" lon="-0.089082">
        <ele>1030.1</ele>
        <time>2015-10-20T11:24:06Z</time>
      </trkpt>
      <trkpt lat="40.654134" lon="-0.089133">
        <ele>1029.9</ele>
        <time>2015-10-20T11:24:09Z</time>
      </trkpt>
      <trkpt lat="40.654151" lon="-0.089182">
        <ele>1029.2</ele>
        <time>2015-10-20T11:24:11Z</time>
      </trkpt>
      <trkpt lat="40.654184" lon="-0.089233">
        <ele>1028.6</ele>
        <time>2015-10-20T11:24:14Z</time>
      </trkpt>
      <trkpt lat="40.654217" lon="-0.089299">
        <ele>1028.2</ele>
        <time>2015-10-20T11:24:18Z</time>
      </trkpt>
      <trkpt lat="40.654217" lon="-0.089383">
        <ele>1028.1</ele>
        <time>2015-10-20T11:24:21Z</time>
      </trkpt>
      <trkpt lat="40.654217" lon="-0.089449">
        <ele>1028.5</ele>
        <time>2015-10-20T11:24:24Z</time>
      </trkpt>
      <trkpt lat="40.654234" lon="-0.089516">
        <ele>1028.1</ele>
        <time>2015-10-20T11:24:27Z</time>
      </trkpt>
      <trkpt lat="40.654251" lon="-0.089549">
        <ele>1027.7</ele>
        <time>2015-10-20T11:24:29Z</time>
      </trkpt>
      <trkpt lat="40.654251" lon="-0.089549">
        <ele>1027.7</ele>
        <time>2015-10-20T11:24:29Z</time>
      </trkpt>
      <trkpt lat="40.654251" lon="-0.089583">
        <ele>1027.5</ele>
        <time>2015-10-20T11:24:30Z</time>
      </trkpt>
      <trkpt lat="40.654267" lon="-0.089583">
        <ele>1027.3</ele>
        <time>2015-10-20T11:24:31Z</time>
      </trkpt>
      <trkpt lat="40.654267" lon="-0.089566">
        <ele>1027.4</ele>
        <time>2015-10-20T11:24:32Z</time>
      </trkpt>
      <trkpt lat="40.654267" lon="-0.089566">
        <ele>1027.4</ele>
        <time>2015-10-20T11:24:32Z</time>
      </trkpt>
      <trkpt lat="40.654267" lon="-0.089566">
        <ele>1027.4</ele>
        <time>2015-10-20T11:24:32Z</time>
      </trkpt>
      <trkpt lat="40.654267" lon="-0.089566">
        <ele>1027.4</ele>
        <time>2015-10-20T11:24:32Z</time>
      </trkpt>
      <trkpt lat="40.654267" lon="-0.089566">
        <ele>1027.4</ele>
        <time>2015-10-20T11:24:32Z</time>
      </trkpt>
      <trkpt lat="40.654267" lon="-0.089549">
        <ele>1027.4</ele>
        <time>2015-10-20T11:24:33Z</time>
      </trkpt>
      <trkpt lat="40.654267" lon="-0.089549">
        <ele>1027.4</ele>
        <time>2015-10-20T11:24:33Z</time>
      </trkpt>
      <trkpt lat="40.654267" lon="-0.089549">
        <ele>1027.4</ele>
        <time>2015-10-20T11:24:33Z</time>
      </trkpt>
      <trkpt lat="40.654267" lon="-0.089549">
        <ele>1027.4</ele>
        <time>2015-10-20T11:24:33Z</time>
      </trkpt>
      <trkpt lat="40.654267" lon="-0.089549">
        <ele>1027.4</ele>
        <time>2015-10-20T11:24:33Z</time>
      </trkpt>
      <trkpt lat="40.654267" lon="-0.089549">
        <ele>1027.4</ele>
        <time>2015-10-20T11:24:33Z</time>
      </trkpt>
      <trkpt lat="40.654284" lon="-0.089549">
        <ele>1027.1</ele>
        <time>2015-10-20T11:24:34Z</time>
      </trkpt>
      <trkpt lat="40.654284" lon="-0.089549">
        <ele>1027.1</ele>
        <time>2015-10-20T11:24:34Z</time>
      </trkpt>
      <trkpt lat="40.654284" lon="-0.089532">
        <ele>1027.1</ele>
        <time>2015-10-20T11:24:34Z</time>
      </trkpt>
      <trkpt lat="40.654284" lon="-0.089516">
        <ele>1027.2</ele>
        <time>2015-10-20T11:24:35Z</time>
      </trkpt>
      <trkpt lat="40.654284" lon="-0.089516">
        <ele>1027.2</ele>
        <time>2015-10-20T11:24:35Z</time>
      </trkpt>
      <trkpt lat="40.654284" lon="-0.089516">
        <ele>1027.2</ele>
        <time>2015-10-20T11:24:35Z</time>
      </trkpt>
      <trkpt lat="40.654284" lon="-0.089516">
        <ele>1027.2</ele>
        <time>2015-10-20T11:24:35Z</time>
      </trkpt>
      <trkpt lat="40.654284" lon="-0.089499">
        <ele>1027.2</ele>
        <time>2015-10-20T11:24:36Z</time>
      </trkpt>
      <trkpt lat="40.654284" lon="-0.089466">
        <ele>1027.1</ele>
        <time>2015-10-20T11:24:37Z</time>
      </trkpt>
      <trkpt lat="40.654300" lon="-0.089466">
        <ele>1026.6</ele>
        <time>2015-10-20T11:24:38Z</time>
      </trkpt>
      <trkpt lat="40.654284" lon="-0.089449">
        <ele>1027.0</ele>
        <time>2015-10-20T11:24:39Z</time>
      </trkpt>
      <trkpt lat="40.654300" lon="-0.089432">
        <ele>1026.2</ele>
        <time>2015-10-20T11:24:41Z</time>
      </trkpt>
      <trkpt lat="40.654300" lon="-0.089416">
        <ele>1026.1</ele>
        <time>2015-10-20T11:24:41Z</time>
      </trkpt>
      <trkpt lat="40.654284" lon="-0.089416">
        <ele>1026.6</ele>
        <time>2015-10-20T11:24:42Z</time>
      </trkpt>
      <trkpt lat="40.654284" lon="-0.089416">
        <ele>1026.6</ele>
        <time>2015-10-20T11:24:42Z</time>
      </trkpt>
      <trkpt lat="40.654284" lon="-0.089399">
        <ele>1026.4</ele>
        <time>2015-10-20T11:24:43Z</time>
      </trkpt>
      <trkpt lat="40.654284" lon="-0.089383">
        <ele>1026.2</ele>
        <time>2015-10-20T11:24:44Z</time>
      </trkpt>
      <trkpt lat="40.654284" lon="-0.089383">
        <ele>1026.2</ele>
        <time>2015-10-20T11:24:44Z</time>
      </trkpt>
      <trkpt lat="40.654284" lon="-0.089366">
        <ele>1026.0</ele>
        <time>2015-10-20T11:24:44Z</time>
      </trkpt>
      <trkpt lat="40.654300" lon="-0.089299">
        <ele>1025.1</ele>
        <time>2015-10-20T11:24:47Z</time>
      </trkpt>
      <trkpt lat="40.654317" lon="-0.089216">
        <ele>1023.5</ele>
        <time>2015-10-20T11:24:51Z</time>
      </trkpt>
      <trkpt lat="40.654317" lon="-0.089133">
        <ele>1023.1</ele>
        <time>2015-10-20T11:24:55Z</time>
      </trkpt>
      <trkpt lat="40.654334" lon="-0.089082">
        <ele>1022.4</ele>
        <time>2015-10-20T11:24:57Z</time>
      </trkpt>
      <trkpt lat="40.654351" lon="-0.089033">
        <ele>1021.6</ele>
        <time>2015-10-20T11:24:59Z</time>
      </trkpt>
      <trkpt lat="40.654367" lon="-0.088999">
        <ele>1020.7</ele>
        <time>2015-10-20T11:25:01Z</time>
      </trkpt>
      <trkpt lat="40.654418" lon="-0.088999">
        <ele>1019.1</ele>
        <time>2015-10-20T11:25:04Z</time>
      </trkpt>
      <trkpt lat="40.654467" lon="-0.089066">
        <ele>1018.0</ele>
        <time>2015-10-20T11:25:08Z</time>
      </trkpt>
      <trkpt lat="40.654501" lon="-0.089099">
        <ele>1017.1</ele>
        <time>2015-10-20T11:25:11Z</time>
      </trkpt>
      <trkpt lat="40.654501" lon="-0.089099">
        <ele>1017.1</ele>
        <time>2015-10-20T11:25:11Z</time>
      </trkpt>
      <trkpt lat="40.654551" lon="-0.089149">
        <ele>1015.3</ele>
        <time>2015-10-20T11:25:14Z</time>
      </trkpt>
      <trkpt lat="40.654601" lon="-0.089166">
        <ele>1013.6</ele>
        <time>2015-10-20T11:25:17Z</time>
      </trkpt>
      <trkpt lat="40.654651" lon="-0.089166">
        <ele>1012.0</ele>
        <time>2015-10-20T11:25:20Z</time>
      </trkpt>
      <trkpt lat="40.654701" lon="-0.089149">
        <ele>1010.6</ele>
        <time>2015-10-20T11:25:23Z</time>
      </trkpt>
      <trkpt lat="40.654717" lon="-0.089133">
        <ele>1010.1</ele>
        <time>2015-10-20T11:25:24Z</time>
      </trkpt>
      <trkpt lat="40.654717" lon="-0.089133">
        <ele>1010.1</ele>
        <time>2015-10-20T11:25:24Z</time>
      </trkpt>
      <trkpt lat="40.654734" lon="-0.089133">
        <ele>1009.6</ele>
        <time>2015-10-20T11:25:25Z</time>
      </trkpt>
      <trkpt lat="40.654734" lon="-0.089133">
        <ele>1009.6</ele>
        <time>2015-10-20T11:25:25Z</time>
      </trkpt>
      <trkpt lat="40.654734" lon="-0.089133">
        <ele>1009.6</ele>
        <time>2015-10-20T11:25:25Z</time>
      </trkpt>
      <trkpt lat="40.654734" lon="-0.089133">
        <ele>1009.6</ele>
        <time>2015-10-20T11:25:25Z</time>
      </trkpt>
      <trkpt lat="40.654734" lon="-0.089133">
        <ele>1009.6</ele>
        <time>2015-10-20T11:25:25Z</time>
      </trkpt>
      <trkpt lat="40.654734" lon="-0.089133">
        <ele>1009.6</ele>
        <time>2015-10-20T11:25:25Z</time>
      </trkpt>
      <trkpt lat="40.654734" lon="-0.089133">
        <ele>1009.6</ele>
        <time>2015-10-20T11:25:25Z</time>
      </trkpt>
      <trkpt lat="40.654734" lon="-0.089133">
        <ele>1009.6</ele>
        <time>2015-10-20T11:25:25Z</time>
      </trkpt>
      <trkpt lat="40.654734" lon="-0.089133">
        <ele>1009.6</ele>
        <time>2015-10-20T11:25:25Z</time>
      </trkpt>
      <trkpt lat="40.654734" lon="-0.089133">
        <ele>1009.6</ele>
        <time>2015-10-20T11:25:25Z</time>
      </trkpt>
      <trkpt lat="40.654734" lon="-0.089133">
        <ele>1009.6</ele>
        <time>2015-10-20T11:25:25Z</time>
      </trkpt>
      <trkpt lat="40.654734" lon="-0.089133">
        <ele>1009.6</ele>
        <time>2015-10-20T11:25:25Z</time>
      </trkpt>
      <trkpt lat="40.654734" lon="-0.089133">
        <ele>1009.6</ele>
        <time>2015-10-20T11:25:25Z</time>
      </trkpt>
      <trkpt lat="40.654734" lon="-0.089133">
        <ele>1009.6</ele>
        <time>2015-10-20T11:25:25Z</time>
      </trkpt>
      <trkpt lat="40.654734" lon="-0.089133">
        <ele>1009.6</ele>
        <time>2015-10-20T11:25:25Z</time>
      </trkpt>
      <trkpt lat="40.654734" lon="-0.089133">
        <ele>1009.6</ele>
        <time>2015-10-20T11:25:25Z</time>
      </trkpt>
      <trkpt lat="40.654734" lon="-0.089133">
        <ele>1009.6</ele>
        <time>2015-10-20T11:25:25Z</time>
      </trkpt>
      <trkpt lat="40.654734" lon="-0.089133">
        <ele>1009.6</ele>
        <time>2015-10-20T11:25:25Z</time>
      </trkpt>
      <trkpt lat="40.654734" lon="-0.089133">
        <ele>1009.6</ele>
        <time>2015-10-20T11:25:25Z</time>
      </trkpt>
      <trkpt lat="40.654734" lon="-0.089133">
        <ele>1009.6</ele>
        <time>2015-10-20T11:25:25Z</time>
      </trkpt>
      <trkpt lat="40.654734" lon="-0.089133">
        <ele>1009.6</ele>
        <time>2015-10-20T11:25:25Z</time>
      </trkpt>
      <trkpt lat="40.654734" lon="-0.089133">
        <ele>1009.6</ele>
        <time>2015-10-20T11:25:25Z</time>
      </trkpt>
      <trkpt lat="40.654734" lon="-0.089133">
        <ele>1009.6</ele>
        <time>2015-10-20T11:25:25Z</time>
      </trkpt>
      <trkpt lat="40.654734" lon="-0.089133">
        <ele>1009.6</ele>
        <time>2015-10-20T11:25:25Z</time>
      </trkpt>
      <trkpt lat="40.654734" lon="-0.089133">
        <ele>1009.6</ele>
        <time>2015-10-20T11:25:25Z</time>
      </trkpt>
      <trkpt lat="40.654734" lon="-0.089133">
        <ele>1009.6</ele>
        <time>2015-10-20T11:25:25Z</time>
      </trkpt>
      <trkpt lat="40.654734" lon="-0.089133">
        <ele>1009.6</ele>
        <time>2015-10-20T11:25:25Z</time>
      </trkpt>
      <trkpt lat="40.654734" lon="-0.089133">
        <ele>1009.6</ele>
        <time>2015-10-20T11:25:25Z</time>
      </trkpt>
      <trkpt lat="40.654734" lon="-0.089133">
        <ele>1009.6</ele>
        <time>2015-10-20T11:25:25Z</time>
      </trkpt>
      <trkpt lat="40.654734" lon="-0.089133">
        <ele>1009.6</ele>
        <time>2015-10-20T11:25:25Z</time>
      </trkpt>
      <trkpt lat="40.654734" lon="-0.089133">
        <ele>1009.6</ele>
        <time>2015-10-20T11:25:25Z</time>
      </trkpt>
      <trkpt lat="40.654734" lon="-0.089133">
        <ele>1009.6</ele>
        <time>2015-10-20T11:25:25Z</time>
      </trkpt>
      <trkpt lat="40.654734" lon="-0.089133">
        <ele>1009.6</ele>
        <time>2015-10-20T11:25:25Z</time>
      </trkpt>
      <trkpt lat="40.654734" lon="-0.089133">
        <ele>1009.6</ele>
        <time>2015-10-20T11:25:25Z</time>
      </trkpt>
      <trkpt lat="40.654734" lon="-0.089133">
        <ele>1009.6</ele>
        <time>2015-10-20T11:25:25Z</time>
      </trkpt>
      <trkpt lat="40.654734" lon="-0.089133">
        <ele>1009.6</ele>
        <time>2015-10-20T11:25:25Z</time>
      </trkpt>
      <trkpt lat="40.654734" lon="-0.089133">
        <ele>1009.6</ele>
        <time>2015-10-20T11:25:25Z</time>
      </trkpt>
      <trkpt lat="40.654734" lon="-0.089133">
        <ele>1009.6</ele>
        <time>2015-10-20T11:25:25Z</time>
      </trkpt>
      <trkpt lat="40.654734" lon="-0.089133">
        <ele>1009.6</ele>
        <time>2015-10-20T11:25:25Z</time>
      </trkpt>
      <trkpt lat="40.654734" lon="-0.089133">
        <ele>1009.6</ele>
        <time>2015-10-20T11:25:25Z</time>
      </trkpt>
      <trkpt lat="40.654734" lon="-0.089133">
        <ele>1009.6</ele>
        <time>2015-10-20T11:25:25Z</time>
      </trkpt>
      <trkpt lat="40.654784" lon="-0.089082">
        <ele>1008.5</ele>
        <time>2015-10-20T11:25:29Z</time>
      </trkpt>
      <trkpt lat="40.654850" lon="-0.089082">
        <ele>1006.7</ele>
        <time>2015-10-20T11:25:32Z</time>
      </trkpt>
      <trkpt lat="40.654917" lon="-0.089099">
        <ele>1005.7</ele>
        <time>2015-10-20T11:25:36Z</time>
      </trkpt>
      <trkpt lat="40.654968" lon="-0.089133">
        <ele>1004.9</ele>
        <time>2015-10-20T11:25:40Z</time>
      </trkpt>
      <trkpt lat="40.654984" lon="-0.089166">
        <ele>1004.4</ele>
        <time>2015-10-20T11:25:41Z</time>
      </trkpt>
      <trkpt lat="40.654984" lon="-0.089216">
        <ele>1004.0</ele>
        <time>2015-10-20T11:25:43Z</time>
      </trkpt>
      <trkpt lat="40.654984" lon="-0.089249">
        <ele>1003.9</ele>
        <time>2015-10-20T11:25:45Z</time>
      </trkpt>
      <trkpt lat="40.655001" lon="-0.089299">
        <ele>1004.0</ele>
        <time>2015-10-20T11:25:47Z</time>
      </trkpt>
      <trkpt lat="40.655001" lon="-0.089333">
        <ele>1004.2</ele>
        <time>2015-10-20T11:25:49Z</time>
      </trkpt>
      <trkpt lat="40.655001" lon="-0.089333">
        <ele>1004.2</ele>
        <time>2015-10-20T11:25:49Z</time>
      </trkpt>
      <trkpt lat="40.655001" lon="-0.089333">
        <ele>1004.2</ele>
        <time>2015-10-20T11:25:49Z</time>
      </trkpt>
      <trkpt lat="40.655001" lon="-0.089333">
        <ele>1004.2</ele>
        <time>2015-10-20T11:25:49Z</time>
      </trkpt>
      <trkpt lat="40.655017" lon="-0.089333">
        <ele>1004.8</ele>
        <time>2015-10-20T11:25:50Z</time>
      </trkpt>
      <trkpt lat="40.655017" lon="-0.089349">
        <ele>1004.8</ele>
        <time>2015-10-20T11:25:50Z</time>
      </trkpt>
      <trkpt lat="40.655017" lon="-0.089366">
        <ele>1004.8</ele>
        <time>2015-10-20T11:25:51Z</time>
      </trkpt>
      <trkpt lat="40.655017" lon="-0.089366">
        <ele>1004.8</ele>
        <time>2015-10-20T11:25:51Z</time>
      </trkpt>
      <trkpt lat="40.655017" lon="-0.089366">
        <ele>1004.8</ele>
        <time>2015-10-20T11:25:51Z</time>
      </trkpt>
      <trkpt lat="40.655017" lon="-0.089383">
        <ele>1004.8</ele>
        <time>2015-10-20T11:25:52Z</time>
      </trkpt>
      <trkpt lat="40.655017" lon="-0.089432">
        <ele>1005.3</ele>
        <time>2015-10-20T11:25:54Z</time>
      </trkpt>
      <trkpt lat="40.655017" lon="-0.089483">
        <ele>1005.9</ele>
        <time>2015-10-20T11:25:56Z</time>
      </trkpt>
      <trkpt lat="40.655001" lon="-0.089532">
        <ele>1005.6</ele>
        <time>2015-10-20T11:25:58Z</time>
      </trkpt>
      <trkpt lat="40.655001" lon="-0.089583">
        <ele>1006.0</ele>
        <time>2015-10-20T11:26:01Z</time>
      </trkpt>
      <trkpt lat="40.655001" lon="-0.089649">
        <ele>1006.9</ele>
        <time>2015-10-20T11:26:04Z</time>
      </trkpt>
      <trkpt lat="40.655017" lon="-0.089666">
        <ele>1007.5</ele>
        <time>2015-10-20T11:26:05Z</time>
      </trkpt>
      <trkpt lat="40.655051" lon="-0.089699">
        <ele>1009.4</ele>
        <time>2015-10-20T11:26:07Z</time>
      </trkpt>
      <trkpt lat="40.655051" lon="-0.089699">
        <ele>1009.4</ele>
        <time>2015-10-20T11:26:07Z</time>
      </trkpt>
      <trkpt lat="40.655051" lon="-0.089699">
        <ele>1009.4</ele>
        <time>2015-10-20T11:26:07Z</time>
      </trkpt>
      <trkpt lat="40.655051" lon="-0.089699">
        <ele>1009.4</ele>
        <time>2015-10-20T11:26:07Z</time>
      </trkpt>
      <trkpt lat="40.655051" lon="-0.089699">
        <ele>1009.4</ele>
        <time>2015-10-20T11:26:07Z</time>
      </trkpt>
      <trkpt lat="40.655051" lon="-0.089699">
        <ele>1009.4</ele>
        <time>2015-10-20T11:26:07Z</time>
      </trkpt>
      <trkpt lat="40.655051" lon="-0.089716">
        <ele>1009.4</ele>
        <time>2015-10-20T11:26:08Z</time>
      </trkpt>
      <trkpt lat="40.655051" lon="-0.089732">
        <ele>1009.5</ele>
        <time>2015-10-20T11:26:09Z</time>
      </trkpt>
      <trkpt lat="40.655051" lon="-0.089750">
        <ele>1009.6</ele>
        <time>2015-10-20T11:26:09Z</time>
      </trkpt>
      <trkpt lat="40.655051" lon="-0.089766">
        <ele>1009.7</ele>
        <time>2015-10-20T11:26:10Z</time>
      </trkpt>
      <trkpt lat="40.655068" lon="-0.089783">
        <ele>1010.5</ele>
        <time>2015-10-20T11:26:11Z</time>
      </trkpt>
      <trkpt lat="40.655068" lon="-0.089799">
        <ele>1010.6</ele>
        <time>2015-10-20T11:26:12Z</time>
      </trkpt>
      <trkpt lat="40.655051" lon="-0.089816">
        <ele>1010.2</ele>
        <time>2015-10-20T11:26:13Z</time>
      </trkpt>
      <trkpt lat="40.655068" lon="-0.089833">
        <ele>1011.2</ele>
        <time>2015-10-20T11:26:14Z</time>
      </trkpt>
      <trkpt lat="40.655068" lon="-0.089866">
        <ele>1011.8</ele>
        <time>2015-10-20T11:26:16Z</time>
      </trkpt>
      <trkpt lat="40.655051" lon="-0.089899">
        <ele>1011.2</ele>
        <time>2015-10-20T11:26:18Z</time>
      </trkpt>
      <trkpt lat="40.655051" lon="-0.089916">
        <ele>1011.3</ele>
        <time>2015-10-20T11:26:18Z</time>
      </trkpt>
      <trkpt lat="40.655034" lon="-0.089949">
        <ele>1010.6</ele>
        <time>2015-10-20T11:26:20Z</time>
      </trkpt>
      <trkpt lat="40.655034" lon="-0.089982">
        <ele>1010.7</ele>
        <time>2015-10-20T11:26:21Z</time>
      </trkpt>
      <trkpt lat="40.655034" lon="-0.089982">
        <ele>1010.7</ele>
        <time>2015-10-20T11:26:21Z</time>
      </trkpt>
      <trkpt lat="40.655034" lon="-0.089982">
        <ele>1010.7</ele>
        <time>2015-10-20T11:26:21Z</time>
      </trkpt>
      <trkpt lat="40.655051" lon="-0.090016">
        <ele>1011.2</ele>
        <time>2015-10-20T11:26:23Z</time>
      </trkpt>
      <trkpt lat="40.655068" lon="-0.090049">
        <ele>1011.9</ele>
        <time>2015-10-20T11:26:25Z</time>
      </trkpt>
      <trkpt lat="40.655084" lon="-0.090082">
        <ele>1012.4</ele>
        <time>2015-10-20T11:26:27Z</time>
      </trkpt>
      <trkpt lat="40.655084" lon="-0.090116">
        <ele>1012.4</ele>
        <time>2015-10-20T11:26:28Z</time>
      </trkpt>
      <trkpt lat="40.655100" lon="-0.090116">
        <ele>1013.2</ele>
        <time>2015-10-20T11:26:29Z</time>
      </trkpt>
      <trkpt lat="40.655100" lon="-0.090116">
        <ele>1013.2</ele>
        <time>2015-10-20T11:26:29Z</time>
      </trkpt>
      <trkpt lat="40.655117" lon="-0.090133">
        <ele>1014.1</ele>
        <time>2015-10-20T11:26:30Z</time>
      </trkpt>
      <trkpt lat="40.655151" lon="-0.090149">
        <ele>1015.2</ele>
        <time>2015-10-20T11:26:32Z</time>
      </trkpt>
      <trkpt lat="40.655184" lon="-0.090182">
        <ele>1015.9</ele>
        <time>2015-10-20T11:26:35Z</time>
      </trkpt>
      <trkpt lat="40.655200" lon="-0.090200">
        <ele>1016.2</ele>
        <time>2015-10-20T11:26:36Z</time>
      </trkpt>
      <trkpt lat="40.655217" lon="-0.090216">
        <ele>1016.5</ele>
        <time>2015-10-20T11:26:37Z</time>
      </trkpt>
      <trkpt lat="40.655217" lon="-0.090200">
        <ele>1016.6</ele>
        <time>2015-10-20T11:26:38Z</time>
      </trkpt>
      <trkpt lat="40.655217" lon="-0.090200">
        <ele>1016.6</ele>
        <time>2015-10-20T11:26:38Z</time>
      </trkpt>
      <trkpt lat="40.655217" lon="-0.090200">
        <ele>1016.6</ele>
        <time>2015-10-20T11:26:38Z</time>
      </trkpt>
      <trkpt lat="40.655217" lon="-0.090200">
        <ele>1016.6</ele>
        <time>2015-10-20T11:26:38Z</time>
      </trkpt>
      <trkpt lat="40.655217" lon="-0.090200">
        <ele>1016.6</ele>
        <time>2015-10-20T11:26:38Z</time>
      </trkpt>
      <trkpt lat="40.655217" lon="-0.090200">
        <ele>1016.6</ele>
        <time>2015-10-20T11:26:38Z</time>
      </trkpt>
      <trkpt lat="40.655217" lon="-0.090200">
        <ele>1016.6</ele>
        <time>2015-10-20T11:26:38Z</time>
      </trkpt>
      <trkpt lat="40.655217" lon="-0.090200">
        <ele>1016.6</ele>
        <time>2015-10-20T11:26:38Z</time>
      </trkpt>
      <trkpt lat="40.655217" lon="-0.090200">
        <ele>1016.6</ele>
        <time>2015-10-20T11:26:38Z</time>
      </trkpt>
      <trkpt lat="40.655217" lon="-0.090200">
        <ele>1016.6</ele>
        <time>2015-10-20T11:26:38Z</time>
      </trkpt>
      <trkpt lat="40.655217" lon="-0.090200">
        <ele>1016.6</ele>
        <time>2015-10-20T11:26:38Z</time>
      </trkpt>
      <trkpt lat="40.655217" lon="-0.090200">
        <ele>1016.6</ele>
        <time>2015-10-20T11:26:38Z</time>
      </trkpt>
      <trkpt lat="40.655217" lon="-0.090200">
        <ele>1016.6</ele>
        <time>2015-10-20T11:26:38Z</time>
      </trkpt>
      <trkpt lat="40.655217" lon="-0.090200">
        <ele>1016.6</ele>
        <time>2015-10-20T11:26:38Z</time>
      </trkpt>
      <trkpt lat="40.655234" lon="-0.090200">
        <ele>1016.9</ele>
        <time>2015-10-20T11:26:39Z</time>
      </trkpt>
      <trkpt lat="40.655234" lon="-0.090200">
        <ele>1016.9</ele>
        <time>2015-10-20T11:26:39Z</time>
      </trkpt>
      <trkpt lat="40.655234" lon="-0.090200">
        <ele>1016.9</ele>
        <time>2015-10-20T11:26:39Z</time>
      </trkpt>
      <trkpt lat="40.655234" lon="-0.090200">
        <ele>1016.9</ele>
        <time>2015-10-20T11:26:39Z</time>
      </trkpt>
      <trkpt lat="40.655234" lon="-0.090200">
        <ele>1016.9</ele>
        <time>2015-10-20T11:26:39Z</time>
      </trkpt>
      <trkpt lat="40.655251" lon="-0.090200">
        <ele>1017.1</ele>
        <time>2015-10-20T11:26:40Z</time>
      </trkpt>
      <trkpt lat="40.655251" lon="-0.090200">
        <ele>1017.1</ele>
        <time>2015-10-20T11:26:40Z</time>
      </trkpt>
      <trkpt lat="40.655251" lon="-0.090200">
        <ele>1017.1</ele>
        <time>2015-10-20T11:26:40Z</time>
      </trkpt>
      <trkpt lat="40.655251" lon="-0.090200">
        <ele>1017.1</ele>
        <time>2015-10-20T11:26:40Z</time>
      </trkpt>
      <trkpt lat="40.655251" lon="-0.090200">
        <ele>1017.1</ele>
        <time>2015-10-20T11:26:40Z</time>
      </trkpt>
      <trkpt lat="40.655251" lon="-0.090200">
        <ele>1017.1</ele>
        <time>2015-10-20T11:26:40Z</time>
      </trkpt>
      <trkpt lat="40.655267" lon="-0.090216">
        <ele>1017.0</ele>
        <time>2015-10-20T11:26:41Z</time>
      </trkpt>
      <trkpt lat="40.655300" lon="-0.090200">
        <ele>1017.7</ele>
        <time>2015-10-20T11:26:43Z</time>
      </trkpt>
      <trkpt lat="40.655300" lon="-0.090200">
        <ele>1017.7</ele>
        <time>2015-10-20T11:26:43Z</time>
      </trkpt>
      <trkpt lat="40.655317" lon="-0.090200">
        <ele>1017.7</ele>
        <time>2015-10-20T11:26:44Z</time>
      </trkpt>
      <trkpt lat="40.655317" lon="-0.090200">
        <ele>1017.7</ele>
        <time>2015-10-20T11:26:44Z</time>
      </trkpt>
      <trkpt lat="40.655317" lon="-0.090200">
        <ele>1017.7</ele>
        <time>2015-10-20T11:26:44Z</time>
      </trkpt>
      <trkpt lat="40.655317" lon="-0.090200">
        <ele>1017.7</ele>
        <time>2015-10-20T11:26:44Z</time>
      </trkpt>
      <trkpt lat="40.655334" lon="-0.090200">
        <ele>1017.8</ele>
        <time>2015-10-20T11:26:45Z</time>
      </trkpt>
      <trkpt lat="40.655367" lon="-0.090233">
        <ele>1017.9</ele>
        <time>2015-10-20T11:26:47Z</time>
      </trkpt>
      <trkpt lat="40.655418" lon="-0.090249">
        <ele>1018.7</ele>
        <time>2015-10-20T11:26:50Z</time>
      </trkpt>
      <trkpt lat="40.655500" lon="-0.090266">
        <ele>1020.1</ele>
        <time>2015-10-20T11:26:55Z</time>
      </trkpt>
      <trkpt lat="40.655551" lon="-0.090249">
        <ele>1021.2</ele>
        <time>2015-10-20T11:26:58Z</time>
      </trkpt>
      <trkpt lat="40.655551" lon="-0.090200">
        <ele>1021.6</ele>
        <time>2015-10-20T11:27:00Z</time>
      </trkpt>
      <trkpt lat="40.655551" lon="-0.090149">
        <ele>1021.9</ele>
        <time>2015-10-20T11:27:02Z</time>
      </trkpt>
      <trkpt lat="40.655551" lon="-0.090116">
        <ele>1022.1</ele>
        <time>2015-10-20T11:27:04Z</time>
      </trkpt>
      <trkpt lat="40.655551" lon="-0.090099">
        <ele>1022.3</ele>
        <time>2015-10-20T11:27:04Z</time>
      </trkpt>
      <trkpt lat="40.655551" lon="-0.090099">
        <ele>1022.3</ele>
        <time>2015-10-20T11:27:04Z</time>
      </trkpt>
      <trkpt lat="40.655551" lon="-0.090099">
        <ele>1022.3</ele>
        <time>2015-10-20T11:27:04Z</time>
      </trkpt>
      <trkpt lat="40.655551" lon="-0.090099">
        <ele>1022.3</ele>
        <time>2015-10-20T11:27:04Z</time>
      </trkpt>
      <trkpt lat="40.655551" lon="-0.090099">
        <ele>1022.3</ele>
        <time>2015-10-20T11:27:04Z</time>
      </trkpt>
      <trkpt lat="40.655551" lon="-0.090099">
        <ele>1022.3</ele>
        <time>2015-10-20T11:27:04Z</time>
      </trkpt>
      <trkpt lat="40.655551" lon="-0.090099">
        <ele>1022.3</ele>
        <time>2015-10-20T11:27:04Z</time>
      </trkpt>
      <trkpt lat="40.655551" lon="-0.090099">
        <ele>1022.3</ele>
        <time>2015-10-20T11:27:04Z</time>
      </trkpt>
      <trkpt lat="40.655551" lon="-0.090099">
        <ele>1022.3</ele>
        <time>2015-10-20T11:27:04Z</time>
      </trkpt>
      <trkpt lat="40.655551" lon="-0.090099">
        <ele>1022.3</ele>
        <time>2015-10-20T11:27:04Z</time>
      </trkpt>
      <trkpt lat="40.655551" lon="-0.090099">
        <ele>1022.3</ele>
        <time>2015-10-20T11:27:04Z</time>
      </trkpt>
      <trkpt lat="40.655551" lon="-0.090099">
        <ele>1022.3</ele>
        <time>2015-10-20T11:27:04Z</time>
      </trkpt>
      <trkpt lat="40.655551" lon="-0.090099">
        <ele>1022.3</ele>
        <time>2015-10-20T11:27:04Z</time>
      </trkpt>
      <trkpt lat="40.655567" lon="-0.090099">
        <ele>1022.4</ele>
        <time>2015-10-20T11:27:05Z</time>
      </trkpt>
      <trkpt lat="40.655567" lon="-0.090099">
        <ele>1022.4</ele>
        <time>2015-10-20T11:27:05Z</time>
      </trkpt>
      <trkpt lat="40.655567" lon="-0.090099">
        <ele>1022.4</ele>
        <time>2015-10-20T11:27:05Z</time>
      </trkpt>
      <trkpt lat="40.655567" lon="-0.090099">
        <ele>1022.4</ele>
        <time>2015-10-20T11:27:05Z</time>
      </trkpt>
      <trkpt lat="40.655567" lon="-0.090099">
        <ele>1022.4</ele>
        <time>2015-10-20T11:27:05Z</time>
      </trkpt>
      <trkpt lat="40.655567" lon="-0.090099">
        <ele>1022.4</ele>
        <time>2015-10-20T11:27:05Z</time>
      </trkpt>
      <trkpt lat="40.655567" lon="-0.090099">
        <ele>1022.4</ele>
        <time>2015-10-20T11:27:05Z</time>
      </trkpt>
      <trkpt lat="40.655567" lon="-0.090099">
        <ele>1022.4</ele>
        <time>2015-10-20T11:27:05Z</time>
      </trkpt>
      <trkpt lat="40.655567" lon="-0.090099">
        <ele>1022.4</ele>
        <time>2015-10-20T11:27:05Z</time>
      </trkpt>
      <trkpt lat="40.655567" lon="-0.090099">
        <ele>1022.4</ele>
        <time>2015-10-20T11:27:05Z</time>
      </trkpt>
      <trkpt lat="40.655567" lon="-0.090099">
        <ele>1022.4</ele>
        <time>2015-10-20T11:27:05Z</time>
      </trkpt>
      <trkpt lat="40.655567" lon="-0.090099">
        <ele>1022.4</ele>
        <time>2015-10-20T11:27:05Z</time>
      </trkpt>
      <trkpt lat="40.655567" lon="-0.090099">
        <ele>1022.4</ele>
        <time>2015-10-20T11:27:05Z</time>
      </trkpt>
      <trkpt lat="40.655567" lon="-0.090099">
        <ele>1022.4</ele>
        <time>2015-10-20T11:27:05Z</time>
      </trkpt>
      <trkpt lat="40.655567" lon="-0.090099">
        <ele>1022.4</ele>
        <time>2015-10-20T11:27:05Z</time>
      </trkpt>
      <trkpt lat="40.655567" lon="-0.090099">
        <ele>1022.4</ele>
        <time>2015-10-20T11:27:05Z</time>
      </trkpt>
      <trkpt lat="40.655567" lon="-0.090099">
        <ele>1022.4</ele>
        <time>2015-10-20T11:27:05Z</time>
      </trkpt>
      <trkpt lat="40.655567" lon="-0.090099">
        <ele>1022.4</ele>
        <time>2015-10-20T11:27:05Z</time>
      </trkpt>
      <trkpt lat="40.655567" lon="-0.090099">
        <ele>1022.4</ele>
        <time>2015-10-20T11:27:05Z</time>
      </trkpt>
      <trkpt lat="40.655567" lon="-0.090099">
        <ele>1022.4</ele>
        <time>2015-10-20T11:27:05Z</time>
      </trkpt>
      <trkpt lat="40.655567" lon="-0.090099">
        <ele>1022.4</ele>
        <time>2015-10-20T11:27:05Z</time>
      </trkpt>
      <trkpt lat="40.655567" lon="-0.090099">
        <ele>1022.4</ele>
        <time>2015-10-20T11:27:05Z</time>
      </trkpt>
      <trkpt lat="40.655567" lon="-0.090099">
        <ele>1022.4</ele>
        <time>2015-10-20T11:27:05Z</time>
      </trkpt>
      <trkpt lat="40.655567" lon="-0.090099">
        <ele>1022.4</ele>
        <time>2015-10-20T11:27:05Z</time>
      </trkpt>
      <trkpt lat="40.655567" lon="-0.090099">
        <ele>1022.4</ele>
        <time>2015-10-20T11:27:05Z</time>
      </trkpt>
      <trkpt lat="40.655567" lon="-0.090099">
        <ele>1022.4</ele>
        <time>2015-10-20T11:27:05Z</time>
      </trkpt>
      <trkpt lat="40.655577" lon="-0.090090">
        <ele>1022.6</ele>
        <time>2015-10-20T11:27:06Z</time>
      </trkpt>
      <trkpt lat="40.655572" lon="-0.090072">
        <ele>1022.7</ele>
        <time>2015-10-20T11:27:07Z</time>
      </trkpt>
      <trkpt lat="40.655547" lon="-0.089987">
        <ele>1023.8</ele>
        <time>2015-10-20T11:27:11Z</time>
      </trkpt>
      <trkpt lat="40.655530" lon="-0.089945">
        <ele>1024.5</ele>
        <time>2015-10-20T11:27:13Z</time>
      </trkpt>
      <trkpt lat="40.655506" lon="-0.089898">
        <ele>1025.1</ele>
        <time>2015-10-20T11:27:15Z</time>
      </trkpt>
      <trkpt lat="40.655472" lon="-0.089847">
        <ele>1026.1</ele>
        <time>2015-10-20T11:27:18Z</time>
      </trkpt>
      <trkpt lat="40.655439" lon="-0.089814">
        <ele>1026.2</ele>
        <time>2015-10-20T11:27:21Z</time>
      </trkpt>
      <trkpt lat="40.655435" lon="-0.089812">
        <ele>1026.1</ele>
        <time>2015-10-20T11:27:21Z</time>
      </trkpt>
      <trkpt lat="40.655334" lon="-0.089716">
        <ele>1026.3</ele>
        <time>2015-10-20T11:27:28Z</time>
      </trkpt>
      <trkpt lat="40.655300" lon="-0.089416">
        <ele>1026.9</ele>
        <time>2015-10-20T11:27:41Z</time>
      </trkpt>
      <trkpt lat="40.655284" lon="-0.089299">
        <ele>1027.0</ele>
        <time>2015-10-20T11:27:46Z</time>
      </trkpt>
      <trkpt lat="40.655284" lon="-0.089182">
        <ele>1028.5</ele>
        <time>2015-10-20T11:27:51Z</time>
      </trkpt>
      <trkpt lat="40.655267" lon="-0.088933">
        <ele>1029.3</ele>
        <time>2015-10-20T11:28:02Z</time>
      </trkpt>
      <trkpt lat="40.655284" lon="-0.088850">
        <ele>1030.1</ele>
        <time>2015-10-20T11:28:06Z</time>
      </trkpt>
      <trkpt lat="40.655301" lon="-0.088783">
        <ele>1029.8</ele>
        <time>2015-10-20T11:28:09Z</time>
      </trkpt>
      <trkpt lat="40.655351" lon="-0.088683">
        <ele>1030.7</ele>
        <time>2015-10-20T11:28:14Z</time>
      </trkpt>
      <trkpt lat="40.655318" lon="-0.088632">
        <ele>1030.6</ele>
        <time>2015-10-20T11:28:17Z</time>
      </trkpt>
      <trkpt lat="40.655301" lon="-0.088566">
        <ele>1030.4</ele>
        <time>2015-10-20T11:28:20Z</time>
      </trkpt>
      <trkpt lat="40.655267" lon="-0.088532">
        <ele>1030.1</ele>
        <time>2015-10-20T11:28:23Z</time>
      </trkpt>
      <trkpt lat="40.655234" lon="-0.088449">
        <ele>1030.5</ele>
        <time>2015-10-20T11:28:27Z</time>
      </trkpt>
      <trkpt lat="40.655184" lon="-0.088400">
        <ele>1030.5</ele>
        <time>2015-10-20T11:28:30Z</time>
      </trkpt>
      <trkpt lat="40.655084" lon="-0.088333">
        <ele>1030.3</ele>
        <time>2015-10-20T11:28:37Z</time>
      </trkpt>
      <trkpt lat="40.655017" lon="-0.088249">
        <ele>1030.8</ele>
        <time>2015-10-20T11:28:42Z</time>
      </trkpt>
      <trkpt lat="40.654951" lon="-0.088099">
        <ele>1031.7</ele>
        <time>2015-10-20T11:28:49Z</time>
      </trkpt>
      <trkpt lat="40.654917" lon="-0.087983">
        <ele>1031.4</ele>
        <time>2015-10-20T11:28:55Z</time>
      </trkpt>
      <trkpt lat="40.654934" lon="-0.087850">
        <ele>1031.8</ele>
        <time>2015-10-20T11:29:01Z</time>
      </trkpt>
      <trkpt lat="40.654968" lon="-0.087700">
        <ele>1031.7</ele>
        <time>2015-10-20T11:29:07Z</time>
      </trkpt>
      <trkpt lat="40.654984" lon="-0.087633">
        <ele>1031.5</ele>
        <time>2015-10-20T11:29:11Z</time>
      </trkpt>
      <trkpt lat="40.655001" lon="-0.087566">
        <ele>1032.2</ele>
        <time>2015-10-20T11:29:14Z</time>
      </trkpt>
      <trkpt lat="40.655034" lon="-0.087466">
        <ele>1032.9</ele>
        <time>2015-10-20T11:29:18Z</time>
      </trkpt>
      <trkpt lat="40.655068" lon="-0.087282">
        <ele>1034.5</ele>
        <time>2015-10-20T11:29:26Z</time>
      </trkpt>
      <trkpt lat="40.655101" lon="-0.087149">
        <ele>1035.8</ele>
        <time>2015-10-20T11:29:33Z</time>
      </trkpt>
      <trkpt lat="40.655101" lon="-0.087015">
        <ele>1035.9</ele>
        <time>2015-10-20T11:29:38Z</time>
      </trkpt>
      <trkpt lat="40.655101" lon="-0.086916">
        <ele>1036.1</ele>
        <time>2015-10-20T11:29:43Z</time>
      </trkpt>
      <trkpt lat="40.655101" lon="-0.086749">
        <ele>1035.5</ele>
        <time>2015-10-20T11:29:50Z</time>
      </trkpt>
      <trkpt lat="40.655117" lon="-0.086616">
        <ele>1036.3</ele>
        <time>2015-10-20T11:29:56Z</time>
      </trkpt>
      <trkpt lat="40.655068" lon="-0.086399">
        <ele>1035.3</ele>
        <time>2015-10-20T11:30:06Z</time>
      </trkpt>
      <trkpt lat="40.655034" lon="-0.086316">
        <ele>1033.2</ele>
        <time>2015-10-20T11:30:10Z</time>
      </trkpt>
      <trkpt lat="40.655017" lon="-0.086100">
        <ele>1032.1</ele>
        <time>2015-10-20T11:30:19Z</time>
      </trkpt>
      <trkpt lat="40.655017" lon="-0.085983">
        <ele>1031.9</ele>
        <time>2015-10-20T11:30:24Z</time>
      </trkpt>
      <trkpt lat="40.655017" lon="-0.085900">
        <ele>1031.6</ele>
        <time>2015-10-20T11:30:28Z</time>
      </trkpt>
      <trkpt lat="40.654984" lon="-0.085800">
        <ele>1030.4</ele>
        <time>2015-10-20T11:30:33Z</time>
      </trkpt>
      <trkpt lat="40.654968" lon="-0.085749">
        <ele>1030.2</ele>
        <time>2015-10-20T11:30:35Z</time>
      </trkpt>
      <trkpt lat="40.654934" lon="-0.085699">
        <ele>1029.8</ele>
        <time>2015-10-20T11:30:38Z</time>
      </trkpt>
      <trkpt lat="40.654901" lon="-0.085716">
        <ele>1029.9</ele>
        <time>2015-10-20T11:30:40Z</time>
      </trkpt>
      <trkpt lat="40.654834" lon="-0.085749">
        <ele>1031.0</ele>
        <time>2015-10-20T11:30:44Z</time>
      </trkpt>
      <trkpt lat="40.654768" lon="-0.085883">
        <ele>1031.6</ele>
        <time>2015-10-20T11:30:51Z</time>
      </trkpt>
      <trkpt lat="40.654701" lon="-0.086033">
        <ele>1031.9</ele>
        <time>2015-10-20T11:30:58Z</time>
      </trkpt>
      <trkpt lat="40.654634" lon="-0.086100">
        <ele>1032.0</ele>
        <time>2015-10-20T11:31:03Z</time>
      </trkpt>
      <trkpt lat="40.654534" lon="-0.086249">
        <ele>1032.2</ele>
        <time>2015-10-20T11:31:12Z</time>
      </trkpt>
      <trkpt lat="40.654384" lon="-0.086416">
        <ele>1033.6</ele>
        <time>2015-10-20T11:31:23Z</time>
      </trkpt>
      <trkpt lat="40.654351" lon="-0.086482">
        <ele>1033.8</ele>
        <time>2015-10-20T11:31:27Z</time>
      </trkpt>
      <trkpt lat="40.654300" lon="-0.086566">
        <ele>1034.3</ele>
        <time>2015-10-20T11:31:31Z</time>
      </trkpt>
      <trkpt lat="40.654234" lon="-0.086616">
        <ele>1034.8</ele>
        <time>2015-10-20T11:31:35Z</time>
      </trkpt>
      <trkpt lat="40.654184" lon="-0.086632">
        <ele>1035.1</ele>
        <time>2015-10-20T11:31:38Z</time>
      </trkpt>
      <trkpt lat="40.654151" lon="-0.086632">
        <ele>1035.5</ele>
        <time>2015-10-20T11:31:40Z</time>
      </trkpt>
      <trkpt lat="40.654117" lon="-0.086632">
        <ele>1035.8</ele>
        <time>2015-10-20T11:31:42Z</time>
      </trkpt>
      <trkpt lat="40.654084" lon="-0.086616">
        <ele>1036.2</ele>
        <time>2015-10-20T11:31:44Z</time>
      </trkpt>
      <trkpt lat="40.654068" lon="-0.086533">
        <ele>1036.8</ele>
        <time>2015-10-20T11:31:48Z</time>
      </trkpt>
      <trkpt lat="40.654068" lon="-0.086416">
        <ele>1037.5</ele>
        <time>2015-10-20T11:31:53Z</time>
      </trkpt>
      <trkpt lat="40.654168" lon="-0.086299">
        <ele>1040.3</ele>
        <time>2015-10-20T11:32:01Z</time>
      </trkpt>
      <trkpt lat="40.654217" lon="-0.086216">
        <ele>1041.4</ele>
        <time>2015-10-20T11:32:05Z</time>
      </trkpt>
      <trkpt lat="40.654284" lon="-0.086016">
        <ele>1044.4</ele>
        <time>2015-10-20T11:32:15Z</time>
      </trkpt>
      <trkpt lat="40.654318" lon="-0.085783">
        <ele>1047.2</ele>
        <time>2015-10-20T11:32:25Z</time>
      </trkpt>
      <trkpt lat="40.654367" lon="-0.085699">
        <ele>1047.5</ele>
        <time>2015-10-20T11:32:30Z</time>
      </trkpt>
      <trkpt lat="40.654467" lon="-0.085382">
        <ele>1048.9</ele>
        <time>2015-10-20T11:32:45Z</time>
      </trkpt>
      <trkpt lat="40.654501" lon="-0.085166">
        <ele>1049.7</ele>
        <time>2015-10-20T11:32:54Z</time>
      </trkpt>
      <trkpt lat="40.654518" lon="-0.084949">
        <ele>1050.6</ele>
        <time>2015-10-20T11:33:04Z</time>
      </trkpt>
      <trkpt lat="40.654501" lon="-0.084816">
        <ele>1051.2</ele>
        <time>2015-10-20T11:33:10Z</time>
      </trkpt>
      <trkpt lat="40.654451" lon="-0.084649">
        <ele>1053.1</ele>
        <time>2015-10-20T11:33:17Z</time>
      </trkpt>
      <trkpt lat="40.654401" lon="-0.084499">
        <ele>1054.8</ele>
        <time>2015-10-20T11:33:24Z</time>
      </trkpt>
      <trkpt lat="40.654334" lon="-0.084433">
        <ele>1056.2</ele>
        <time>2015-10-20T11:33:29Z</time>
      </trkpt>
      <trkpt lat="40.654267" lon="-0.084366">
        <ele>1057.5</ele>
        <time>2015-10-20T11:33:34Z</time>
      </trkpt>
      <trkpt lat="40.654201" lon="-0.084333">
        <ele>1058.4</ele>
        <time>2015-10-20T11:33:38Z</time>
      </trkpt>
      <trkpt lat="40.654117" lon="-0.084333">
        <ele>1059.6</ele>
        <time>2015-10-20T11:33:43Z</time>
      </trkpt>
      <trkpt lat="40.654034" lon="-0.084366">
        <ele>1060.3</ele>
        <time>2015-10-20T11:33:48Z</time>
      </trkpt>
      <trkpt lat="40.653984" lon="-0.084416">
        <ele>1060.8</ele>
        <time>2015-10-20T11:33:51Z</time>
      </trkpt>
      <trkpt lat="40.653884" lon="-0.084433">
        <ele>1061.6</ele>
        <time>2015-10-20T11:33:57Z</time>
      </trkpt>
      <trkpt lat="40.653751" lon="-0.084416">
        <ele>1062.7</ele>
        <time>2015-10-20T11:34:05Z</time>
      </trkpt>
      <trkpt lat="40.653667" lon="-0.084349">
        <ele>1063.5</ele>
        <time>2015-10-20T11:34:10Z</time>
      </trkpt>
      <trkpt lat="40.653534" lon="-0.084266">
        <ele>1063.9</ele>
        <time>2015-10-20T11:34:19Z</time>
      </trkpt>
      <trkpt lat="40.653400" lon="-0.084133">
        <ele>1064.3</ele>
        <time>2015-10-20T11:34:28Z</time>
      </trkpt>
      <trkpt lat="40.653284" lon="-0.084000">
        <ele>1065.3</ele>
        <time>2015-10-20T11:34:37Z</time>
      </trkpt>
      <trkpt lat="40.653200" lon="-0.083933">
        <ele>1066.2</ele>
        <time>2015-10-20T11:34:43Z</time>
      </trkpt>
      <trkpt lat="40.653101" lon="-0.083816">
        <ele>1067.7</ele>
        <time>2015-10-20T11:34:50Z</time>
      </trkpt>
      <trkpt lat="40.652984" lon="-0.083766">
        <ele>1069.1</ele>
        <time>2015-10-20T11:34:57Z</time>
      </trkpt>
      <trkpt lat="40.652751" lon="-0.083599">
        <ele>1071.7</ele>
        <time>2015-10-20T11:35:13Z</time>
      </trkpt>
      <trkpt lat="40.652601" lon="-0.083499">
        <ele>1072.0</ele>
        <time>2015-10-20T11:35:22Z</time>
      </trkpt>
      <trkpt lat="40.652451" lon="-0.083300">
        <ele>1070.0</ele>
        <time>2015-10-20T11:35:34Z</time>
      </trkpt>
      <trkpt lat="40.652268" lon="-0.083016">
        <ele>1067.5</ele>
        <time>2015-10-20T11:35:51Z</time>
      </trkpt>
      <trkpt lat="40.652201" lon="-0.082783">
        <ele>1067.6</ele>
        <time>2015-10-20T11:36:01Z</time>
      </trkpt>
      <trkpt lat="40.652201" lon="-0.082400">
        <ele>1067.6</ele>
        <time>2015-10-20T11:36:18Z</time>
      </trkpt>
      <trkpt lat="40.652167" lon="-0.082116">
        <ele>1066.4</ele>
        <time>2015-10-20T11:36:30Z</time>
      </trkpt>
      <trkpt lat="40.652151" lon="-0.081899">
        <ele>1066.7</ele>
        <time>2015-10-20T11:36:40Z</time>
      </trkpt>
      <trkpt lat="40.652051" lon="-0.081850">
        <ele>1065.4</ele>
        <time>2015-10-20T11:36:46Z</time>
      </trkpt>
      <trkpt lat="40.651950" lon="-0.081433">
        <ele>1066.0</ele>
        <time>2015-10-20T11:37:05Z</time>
      </trkpt>
      <trkpt lat="40.652034" lon="-0.081166">
        <ele>1062.5</ele>
        <time>2015-10-20T11:37:18Z</time>
      </trkpt>
      <trkpt lat="40.652101" lon="-0.081050">
        <ele>1061.6</ele>
        <time>2015-10-20T11:37:24Z</time>
      </trkpt>
      <trkpt lat="40.652117" lon="-0.080816">
        <ele>1058.2</ele>
        <time>2015-10-20T11:37:34Z</time>
      </trkpt>
      <trkpt lat="40.652084" lon="-0.080566">
        <ele>1058.2</ele>
        <time>2015-10-20T11:37:45Z</time>
      </trkpt>
      <trkpt lat="40.652001" lon="-0.080283">
        <ele>1057.6</ele>
        <time>2015-10-20T11:37:58Z</time>
      </trkpt>
      <trkpt lat="40.651950" lon="-0.080183">
        <ele>1056.7</ele>
        <time>2015-10-20T11:38:03Z</time>
      </trkpt>
      <trkpt lat="40.651884" lon="-0.079799">
        <ele>1054.9</ele>
        <time>2015-10-20T11:38:20Z</time>
      </trkpt>
      <trkpt lat="40.651800" lon="-0.079533">
        <ele>1053.1</ele>
        <time>2015-10-20T11:38:33Z</time>
      </trkpt>
      <trkpt lat="40.651867" lon="-0.079283">
        <ele>1051.2</ele>
        <time>2015-10-20T11:38:44Z</time>
      </trkpt>
      <trkpt lat="40.651984" lon="-0.079199">
        <ele>1050.1</ele>
        <time>2015-10-20T11:38:52Z</time>
      </trkpt>
      <trkpt lat="40.652151" lon="-0.078899">
        <ele>1047.7</ele>
        <time>2015-10-20T11:39:08Z</time>
      </trkpt>
      <trkpt lat="40.652184" lon="-0.078783">
        <ele>1047.0</ele>
        <time>2015-10-20T11:39:14Z</time>
      </trkpt>
      <trkpt lat="40.652217" lon="-0.078716">
        <ele>1047.1</ele>
        <time>2015-10-20T11:39:17Z</time>
      </trkpt>
      <trkpt lat="40.652251" lon="-0.078600">
        <ele>1046.8</ele>
        <time>2015-10-20T11:39:22Z</time>
      </trkpt>
      <trkpt lat="40.652268" lon="-0.078466">
        <ele>1046.9</ele>
        <time>2015-10-20T11:39:28Z</time>
      </trkpt>
      <trkpt lat="40.652268" lon="-0.078333">
        <ele>1046.9</ele>
        <time>2015-10-20T11:39:34Z</time>
      </trkpt>
      <trkpt lat="40.652268" lon="-0.078116">
        <ele>1047.1</ele>
        <time>2015-10-20T11:39:44Z</time>
      </trkpt>
      <trkpt lat="40.652261" lon="-0.077990">
        <ele>1047.2</ele>
        <time>2015-10-20T11:39:49Z</time>
      </trkpt>
      <trkpt lat="40.652262" lon="-0.077982">
        <ele>1047.2</ele>
        <time>2015-10-20T11:39:49Z</time>
      </trkpt>
      <trkpt lat="40.652254" lon="-0.077890">
        <ele>1047.2</ele>
        <time>2015-10-20T11:39:53Z</time>
      </trkpt>
      <trkpt lat="40.652236" lon="-0.077802">
        <ele>1047.2</ele>
        <time>2015-10-20T11:39:57Z</time>
      </trkpt>
      <trkpt lat="40.652202" lon="-0.077721">
        <ele>1047.4</ele>
        <time>2015-10-20T11:40:01Z</time>
      </trkpt>
      <trkpt lat="40.652119" lon="-0.077654">
        <ele>1047.1</ele>
        <time>2015-10-20T11:40:07Z</time>
      </trkpt>
      <trkpt lat="40.652032" lon="-0.077661">
        <ele>1048.4</ele>
        <time>2015-10-20T11:40:12Z</time>
      </trkpt>
      <trkpt lat="40.651935" lon="-0.077749">
        <ele>1049.7</ele>
        <time>2015-10-20T11:40:19Z</time>
      </trkpt>
      <trkpt lat="40.651806" lon="-0.077920">
        <ele>1051.4</ele>
        <time>2015-10-20T11:40:29Z</time>
      </trkpt>
      <trkpt lat="40.651745" lon="-0.078019">
        <ele>1052.1</ele>
        <time>2015-10-20T11:40:35Z</time>
      </trkpt>
      <trkpt lat="40.651699" lon="-0.078149">
        <ele>1053.3</ele>
        <time>2015-10-20T11:40:41Z</time>
      </trkpt>
      <trkpt lat="40.651640" lon="-0.078303">
        <ele>1054.7</ele>
        <time>2015-10-20T11:40:48Z</time>
      </trkpt>
      <trkpt lat="40.651531" lon="-0.078467">
        <ele>1056.0</ele>
        <time>2015-10-20T11:40:58Z</time>
      </trkpt>
      <trkpt lat="40.651366" lon="-0.078581">
        <ele>1057.4</ele>
        <time>2015-10-20T11:41:08Z</time>
      </trkpt>
      <trkpt lat="40.651132" lon="-0.078594">
        <ele>1060.1</ele>
        <time>2015-10-20T11:41:22Z</time>
      </trkpt>
      <trkpt lat="40.650937" lon="-0.078511">
        <ele>1061.9</ele>
        <time>2015-10-20T11:41:34Z</time>
      </trkpt>
      <trkpt lat="40.650890" lon="-0.078506">
        <ele>1062.2</ele>
        <time>2015-10-20T11:41:36Z</time>
      </trkpt>
      <trkpt lat="40.650826" lon="-0.078517">
        <ele>1062.7</ele>
        <time>2015-10-20T11:41:40Z</time>
      </trkpt>
      <trkpt lat="40.650750" lon="-0.078553">
        <ele>1063.5</ele>
        <time>2015-10-20T11:41:45Z</time>
      </trkpt>
      <trkpt lat="40.650563" lon="-0.078702">
        <ele>1066.9</ele>
        <time>2015-10-20T11:41:57Z</time>
      </trkpt>
      <trkpt lat="40.650428" lon="-0.078816">
        <ele>1069.5</ele>
        <time>2015-10-20T11:42:06Z</time>
      </trkpt>
      <trkpt lat="40.650358" lon="-0.078849">
        <ele>1070.6</ele>
        <time>2015-10-20T11:42:10Z</time>
      </trkpt>
      <trkpt lat="40.650281" lon="-0.078868">
        <ele>1072.0</ele>
        <time>2015-10-20T11:42:15Z</time>
      </trkpt>
      <trkpt lat="40.650104" lon="-0.078877">
        <ele>1074.8</ele>
        <time>2015-10-20T11:42:25Z</time>
      </trkpt>
      <trkpt lat="40.649930" lon="-0.078875">
        <ele>1077.1</ele>
        <time>2015-10-20T11:42:35Z</time>
      </trkpt>
      <trkpt lat="40.649753" lon="-0.078872">
        <ele>1077.3</ele>
        <time>2015-10-20T11:42:45Z</time>
      </trkpt>
      <trkpt lat="40.649591" lon="-0.078838">
        <ele>1076.2</ele>
        <time>2015-10-20T11:42:55Z</time>
      </trkpt>
      <trkpt lat="40.649445" lon="-0.078769">
        <ele>1075.0</ele>
        <time>2015-10-20T11:43:03Z</time>
      </trkpt>
      <trkpt lat="40.649311" lon="-0.078660">
        <ele>1073.5</ele>
        <time>2015-10-20T11:43:12Z</time>
      </trkpt>
      <trkpt lat="40.649158" lon="-0.078358">
        <ele>1072.7</ele>
        <time>2015-10-20T11:43:28Z</time>
      </trkpt>
      <trkpt lat="40.649078" lon="-0.078140">
        <ele>1071.8</ele>
        <time>2015-10-20T11:43:39Z</time>
      </trkpt>
      <trkpt lat="40.649012" lon="-0.077906">
        <ele>1071.3</ele>
        <time>2015-10-20T11:43:50Z</time>
      </trkpt>
      <trkpt lat="40.648962" lon="-0.077716">
        <ele>1070.5</ele>
        <time>2015-10-20T11:43:58Z</time>
      </trkpt>
      <trkpt lat="40.648930" lon="-0.077629">
        <ele>1070.0</ele>
        <time>2015-10-20T11:44:02Z</time>
      </trkpt>
      <trkpt lat="40.648860" lon="-0.077541">
        <ele>1069.5</ele>
        <time>2015-10-20T11:44:08Z</time>
      </trkpt>
      <trkpt lat="40.648686" lon="-0.077362">
        <ele>1068.6</ele>
        <time>2015-10-20T11:44:21Z</time>
      </trkpt>
      <trkpt lat="40.648583" lon="-0.077203">
        <ele>1067.8</ele>
        <time>2015-10-20T11:44:30Z</time>
      </trkpt>
      <trkpt lat="40.648466" lon="-0.077007">
        <ele>1067.2</ele>
        <time>2015-10-20T11:44:40Z</time>
      </trkpt>
      <trkpt lat="40.648405" lon="-0.076901">
        <ele>1067.1</ele>
        <time>2015-10-20T11:44:46Z</time>
      </trkpt>
      <trkpt lat="40.648380" lon="-0.076786">
        <ele>1066.9</ele>
        <time>2015-10-20T11:44:51Z</time>
      </trkpt>
      <trkpt lat="40.648392" lon="-0.076637">
        <ele>1066.7</ele>
        <time>2015-10-20T11:44:58Z</time>
      </trkpt>
      <trkpt lat="40.648409" lon="-0.076498">
        <ele>1066.5</ele>
        <time>2015-10-20T11:45:04Z</time>
      </trkpt>
      <trkpt lat="40.648383" lon="-0.076390">
        <ele>1066.7</ele>
        <time>2015-10-20T11:45:09Z</time>
      </trkpt>
      <trkpt lat="40.648329" lon="-0.076254">
        <ele>1066.9</ele>
        <time>2015-10-20T11:45:16Z</time>
      </trkpt>
      <trkpt lat="40.648311" lon="-0.076111">
        <ele>1067.8</ele>
        <time>2015-10-20T11:45:22Z</time>
      </trkpt>
      <trkpt lat="40.648357" lon="-0.075976">
        <ele>1068.8</ele>
        <time>2015-10-20T11:45:28Z</time>
      </trkpt>
      <trkpt lat="40.648485" lon="-0.075813">
        <ele>1069.9</ele>
        <time>2015-10-20T11:45:38Z</time>
      </trkpt>
      <trkpt lat="40.648560" lon="-0.075519">
        <ele>1072.3</ele>
        <time>2015-10-20T11:45:52Z</time>
      </trkpt>
      <trkpt lat="40.648592" lon="-0.075173">
        <ele>1076.6</ele>
        <time>2015-10-20T11:46:07Z</time>
      </trkpt>
      <trkpt lat="40.648571" lon="-0.075134">
        <ele>1076.5</ele>
        <time>2015-10-20T11:46:09Z</time>
      </trkpt>
      <trkpt lat="40.648518" lon="-0.075105">
        <ele>1076.2</ele>
        <time>2015-10-20T11:46:12Z</time>
      </trkpt>
      <trkpt lat="40.648340" lon="-0.075197">
        <ele>1075.2</ele>
        <time>2015-10-20T11:46:23Z</time>
      </trkpt>
      <trkpt lat="40.648162" lon="-0.075294">
        <ele>1074.3</ele>
        <time>2015-10-20T11:46:34Z</time>
      </trkpt>
      <trkpt lat="40.648115" lon="-0.075304">
        <ele>1074.3</ele>
        <time>2015-10-20T11:46:37Z</time>
      </trkpt>
      <trkpt lat="40.648004" lon="-0.075398">
        <ele>1073.5</ele>
        <time>2015-10-20T11:46:45Z</time>
      </trkpt>
      <trkpt lat="40.647798" lon="-0.075525">
        <ele>1072.5</ele>
        <time>2015-10-20T11:46:58Z</time>
      </trkpt>
      <trkpt lat="40.647652" lon="-0.075623">
        <ele>1071.8</ele>
        <time>2015-10-20T11:47:07Z</time>
      </trkpt>
      <trkpt lat="40.647582" lon="-0.075629">
        <ele>1071.6</ele>
        <time>2015-10-20T11:47:11Z</time>
      </trkpt>
      <trkpt lat="40.647525" lon="-0.075572">
        <ele>1073.1</ele>
        <time>2015-10-20T11:47:15Z</time>
      </trkpt>
      <trkpt lat="40.647326" lon="-0.075301">
        <ele>1072.4</ele>
        <time>2015-10-20T11:47:32Z</time>
      </trkpt>
      <trkpt lat="40.647319" lon="-0.075155">
        <ele>1073.6</ele>
        <time>2015-10-20T11:47:38Z</time>
      </trkpt>
      <trkpt lat="40.647414" lon="-0.074971">
        <ele>1075.4</ele>
        <time>2015-10-20T11:47:48Z</time>
      </trkpt>
      <trkpt lat="40.647607" lon="-0.074826">
        <ele>1076.9</ele>
        <time>2015-10-20T11:48:00Z</time>
      </trkpt>
      <trkpt lat="40.647803" lon="-0.074683">
        <ele>1077.4</ele>
        <time>2015-10-20T11:48:13Z</time>
      </trkpt>
      <trkpt lat="40.647975" lon="-0.074511">
        <ele>1078.3</ele>
        <time>2015-10-20T11:48:25Z</time>
      </trkpt>
      <trkpt lat="40.648139" lon="-0.074321">
        <ele>1080.0</ele>
        <time>2015-10-20T11:48:38Z</time>
      </trkpt>
      <trkpt lat="40.648288" lon="-0.074141">
        <ele>1082.2</ele>
        <time>2015-10-20T11:48:49Z</time>
      </trkpt>
      <trkpt lat="40.648323" lon="-0.074016">
        <ele>1083.5</ele>
        <time>2015-10-20T11:48:55Z</time>
      </trkpt>
      <trkpt lat="40.648334" lon="-0.073894">
        <ele>1084.8</ele>
        <time>2015-10-20T11:49:01Z</time>
      </trkpt>
      <trkpt lat="40.648330" lon="-0.073799">
        <ele>1085.7</ele>
        <time>2015-10-20T11:49:05Z</time>
      </trkpt>
      <trkpt lat="40.648319" lon="-0.073609">
        <ele>1086.8</ele>
        <time>2015-10-20T11:49:13Z</time>
      </trkpt>
      <trkpt lat="40.648293" lon="-0.073398">
        <ele>1088.1</ele>
        <time>2015-10-20T11:49:22Z</time>
      </trkpt>
      <trkpt lat="40.648267" lon="-0.073176">
        <ele>1089.7</ele>
        <time>2015-10-20T11:49:32Z</time>
      </trkpt>
      <trkpt lat="40.648168" lon="-0.072933">
        <ele>1091.8</ele>
        <time>2015-10-20T11:49:44Z</time>
      </trkpt>
      <trkpt lat="40.648086" lon="-0.072684">
        <ele>1094.1</ele>
        <time>2015-10-20T11:49:56Z</time>
      </trkpt>
      <trkpt lat="40.648060" lon="-0.072476">
        <ele>1096.1</ele>
        <time>2015-10-20T11:50:05Z</time>
      </trkpt>
      <trkpt lat="40.648063" lon="-0.072003">
        <ele>1100.6</ele>
        <time>2015-10-20T11:50:25Z</time>
      </trkpt>
      <trkpt lat="40.648078" lon="-0.071574">
        <ele>1103.5</ele>
        <time>2015-10-20T11:50:44Z</time>
      </trkpt>
      <trkpt lat="40.648078" lon="-0.071440">
        <ele>1104.3</ele>
        <time>2015-10-20T11:50:50Z</time>
      </trkpt>
      <trkpt lat="40.648067" lon="-0.071267">
        <ele>1105.1</ele>
        <time>2015-10-20T11:50:57Z</time>
      </trkpt>
      <trkpt lat="40.648052" lon="-0.071112">
        <ele>1106.0</ele>
        <time>2015-10-20T11:51:04Z</time>
      </trkpt>
      <trkpt lat="40.648036" lon="-0.070951">
        <ele>1107.0</ele>
        <time>2015-10-20T11:51:11Z</time>
      </trkpt>
      <trkpt lat="40.648026" lon="-0.070775">
        <ele>1108.1</ele>
        <time>2015-10-20T11:51:19Z</time>
      </trkpt>
      <trkpt lat="40.648030" lon="-0.070584">
        <ele>1109.3</ele>
        <time>2015-10-20T11:51:27Z</time>
      </trkpt>
      <trkpt lat="40.648023" lon="-0.070410">
        <ele>1110.9</ele>
        <time>2015-10-20T11:51:35Z</time>
      </trkpt>
      <trkpt lat="40.647989" lon="-0.070247">
        <ele>1112.3</ele>
        <time>2015-10-20T11:51:42Z</time>
      </trkpt>
      <trkpt lat="40.647954" lon="-0.070057">
        <ele>1114.4</ele>
        <time>2015-10-20T11:51:51Z</time>
      </trkpt>
      <trkpt lat="40.647922" lon="-0.069762">
        <ele>1118.2</ele>
        <time>2015-10-20T11:52:03Z</time>
      </trkpt>
      <trkpt lat="40.647876" lon="-0.069532">
        <ele>1121.0</ele>
        <time>2015-10-20T11:52:14Z</time>
      </trkpt>
      <trkpt lat="40.647801" lon="-0.069402">
        <ele>1122.8</ele>
        <time>2015-10-20T11:52:21Z</time>
      </trkpt>
      <trkpt lat="40.647735" lon="-0.069186">
        <ele>1125.6</ele>
        <time>2015-10-20T11:52:31Z</time>
      </trkpt>
      <trkpt lat="40.647674" lon="-0.068965">
        <ele>1128.3</ele>
        <time>2015-10-20T11:52:41Z</time>
      </trkpt>
      <trkpt lat="40.647560" lon="-0.068758">
        <ele>1129.0</ele>
        <time>2015-10-20T11:52:52Z</time>
      </trkpt>
      <trkpt lat="40.647436" lon="-0.068551">
        <ele>1130.0</ele>
        <time>2015-10-20T11:53:04Z</time>
      </trkpt>
      <trkpt lat="40.647335" lon="-0.068433">
        <ele>1130.6</ele>
        <time>2015-10-20T11:53:11Z</time>
      </trkpt>
      <trkpt lat="40.647244" lon="-0.068299">
        <ele>1131.1</ele>
        <time>2015-10-20T11:53:19Z</time>
      </trkpt>
      <trkpt lat="40.647216" lon="-0.068201">
        <ele>1131.5</ele>
        <time>2015-10-20T11:53:24Z</time>
      </trkpt>
      <trkpt lat="40.647153" lon="-0.068076">
        <ele>1131.4</ele>
        <time>2015-10-20T11:53:30Z</time>
      </trkpt>
      <trkpt lat="40.646978" lon="-0.067909">
        <ele>1130.7</ele>
        <time>2015-10-20T11:53:43Z</time>
      </trkpt>
      <trkpt lat="40.646794" lon="-0.067751">
        <ele>1130.1</ele>
        <time>2015-10-20T11:53:55Z</time>
      </trkpt>
      <trkpt lat="40.646610" lon="-0.067593">
        <ele>1129.3</ele>
        <time>2015-10-20T11:54:08Z</time>
      </trkpt>
      <trkpt lat="40.646445" lon="-0.067420">
        <ele>1129.4</ele>
        <time>2015-10-20T11:54:20Z</time>
      </trkpt>
      <trkpt lat="40.646289" lon="-0.067219">
        <ele>1127.9</ele>
        <time>2015-10-20T11:54:32Z</time>
      </trkpt>
      <trkpt lat="40.646133" lon="-0.067023">
        <ele>1126.9</ele>
        <time>2015-10-20T11:54:45Z</time>
      </trkpt>
      <trkpt lat="40.645959" lon="-0.066840">
        <ele>1126.0</ele>
        <time>2015-10-20T11:54:57Z</time>
      </trkpt>
      <trkpt lat="40.645805" lon="-0.066647">
        <ele>1125.4</ele>
        <time>2015-10-20T11:55:09Z</time>
      </trkpt>
      <trkpt lat="40.645710" lon="-0.066472">
        <ele>1125.0</ele>
        <time>2015-10-20T11:55:19Z</time>
      </trkpt>
      <trkpt lat="40.645605" lon="-0.066318">
        <ele>1124.4</ele>
        <time>2015-10-20T11:55:28Z</time>
      </trkpt>
      <trkpt lat="40.645480" lon="-0.066197">
        <ele>1123.9</ele>
        <time>2015-10-20T11:55:37Z</time>
      </trkpt>
      <trkpt lat="40.645396" lon="-0.066111">
        <ele>1123.5</ele>
        <time>2015-10-20T11:55:43Z</time>
      </trkpt>
      <trkpt lat="40.645309" lon="-0.065981">
        <ele>1123.1</ele>
        <time>2015-10-20T11:55:50Z</time>
      </trkpt>
      <trkpt lat="40.645155" lon="-0.065778">
        <ele>1122.8</ele>
        <time>2015-10-20T11:56:03Z</time>
      </trkpt>
      <trkpt lat="40.645039" lon="-0.065611">
        <ele>1122.8</ele>
        <time>2015-10-20T11:56:13Z</time>
      </trkpt>
      <trkpt lat="40.644979" lon="-0.065504">
        <ele>1122.8</ele>
        <time>2015-10-20T11:56:18Z</time>
      </trkpt>
      <trkpt lat="40.644823" lon="-0.065153">
        <ele>1123.1</ele>
        <time>2015-10-20T11:56:36Z</time>
      </trkpt>
      <trkpt lat="40.644667" lon="-0.064800">
        <ele>1123.3</ele>
        <time>2015-10-20T11:56:54Z</time>
      </trkpt>
      <trkpt lat="40.644602" lon="-0.064645">
        <ele>1123.3</ele>
        <time>2015-10-20T11:57:01Z</time>
      </trkpt>
      <trkpt lat="40.644501" lon="-0.064321">
        <ele>1123.3</ele>
        <time>2015-10-20T11:57:17Z</time>
      </trkpt>
      <trkpt lat="40.644319" lon="-0.063785">
        <ele>1123.6</ele>
        <time>2015-10-20T11:57:42Z</time>
      </trkpt>
      <trkpt lat="40.644287" lon="-0.063671">
        <ele>1123.8</ele>
        <time>2015-10-20T11:57:47Z</time>
      </trkpt>
      <trkpt lat="40.644259" lon="-0.063543">
        <ele>1124.0</ele>
        <time>2015-10-20T11:57:53Z</time>
      </trkpt>
      <trkpt lat="40.644219" lon="-0.063470">
        <ele>1124.1</ele>
        <time>2015-10-20T11:57:57Z</time>
      </trkpt>
      <trkpt lat="40.644173" lon="-0.063447">
        <ele>1124.3</ele>
        <time>2015-10-20T11:58:00Z</time>
      </trkpt>
      <trkpt lat="40.644119" lon="-0.063430">
        <ele>1124.4</ele>
        <time>2015-10-20T11:58:03Z</time>
      </trkpt>
      <trkpt lat="40.644033" lon="-0.063379">
        <ele>1124.7</ele>
        <time>2015-10-20T11:58:08Z</time>
      </trkpt>
      <trkpt lat="40.643965" lon="-0.063321">
        <ele>1125.0</ele>
        <time>2015-10-20T11:58:13Z</time>
      </trkpt>
      <trkpt lat="40.643888" lon="-0.063244">
        <ele>1125.3</ele>
        <time>2015-10-20T11:58:19Z</time>
      </trkpt>
      <trkpt lat="40.643810" lon="-0.063163">
        <ele>1125.5</ele>
        <time>2015-10-20T11:58:24Z</time>
      </trkpt>
      <trkpt lat="40.643694" lon="-0.063093">
        <ele>1125.7</ele>
        <time>2015-10-20T11:58:32Z</time>
      </trkpt>
      <trkpt lat="40.643564" lon="-0.063019">
        <ele>1125.7</ele>
        <time>2015-10-20T11:58:40Z</time>
      </trkpt>
      <trkpt lat="40.643470" lon="-0.062946">
        <ele>1125.7</ele>
        <time>2015-10-20T11:58:46Z</time>
      </trkpt>
      <trkpt lat="40.643363" lon="-0.062843">
        <ele>1125.5</ele>
        <time>2015-10-20T11:58:53Z</time>
      </trkpt>
      <trkpt lat="40.643265" lon="-0.062762">
        <ele>1125.4</ele>
        <time>2015-10-20T11:59:00Z</time>
      </trkpt>
      <trkpt lat="40.643145" lon="-0.062734">
        <ele>1125.3</ele>
        <time>2015-10-20T11:59:07Z</time>
      </trkpt>
      <trkpt lat="40.643009" lon="-0.062751">
        <ele>1124.9</ele>
        <time>2015-10-20T11:59:15Z</time>
      </trkpt>
      <trkpt lat="40.642766" lon="-0.062813">
        <ele>1123.7</ele>
        <time>2015-10-20T11:59:29Z</time>
      </trkpt>
      <trkpt lat="40.642517" lon="-0.062901">
        <ele>1122.8</ele>
        <time>2015-10-20T11:59:44Z</time>
      </trkpt>
      <trkpt lat="40.642277" lon="-0.062969">
        <ele>1122.4</ele>
        <time>2015-10-20T11:59:58Z</time>
      </trkpt>
      <trkpt lat="40.642086" lon="-0.062997">
        <ele>1122.5</ele>
        <time>2015-10-20T12:00:09Z</time>
      </trkpt>
      <trkpt lat="40.641867" lon="-0.062918">
        <ele>1122.8</ele>
        <time>2015-10-20T12:00:22Z</time>
      </trkpt>
      <trkpt lat="40.641702" lon="-0.062834">
        <ele>1122.6</ele>
        <time>2015-10-20T12:00:32Z</time>
      </trkpt>
      <trkpt lat="40.641554" lon="-0.062783">
        <ele>1122.0</ele>
        <time>2015-10-20T12:00:41Z</time>
      </trkpt>
      <trkpt lat="40.641442" lon="-0.062807">
        <ele>1120.6</ele>
        <time>2015-10-20T12:00:47Z</time>
      </trkpt>
      <trkpt lat="40.641294" lon="-0.062931">
        <ele>1118.5</ele>
        <time>2015-10-20T12:00:57Z</time>
      </trkpt>
      <trkpt lat="40.641109" lon="-0.063061">
        <ele>1117.7</ele>
        <time>2015-10-20T12:01:09Z</time>
      </trkpt>
      <trkpt lat="40.641108" lon="-0.063061">
        <ele>1117.7</ele>
        <time>2015-10-20T12:01:09Z</time>
        <sat>10</sat>
      </trkpt>
      <trkpt lat="40.641101" lon="-0.063058">
        <ele>1117.8</ele>
        <time>2015-10-20T12:01:10Z</time>
        <sat>10</sat>
      </trkpt>
      <trkpt lat="40.641115" lon="-0.062939">
        <ele>1117.9</ele>
        <time>2015-10-20T12:01:15Z</time>
        <sat>10</sat>
      </trkpt>
      <trkpt lat="40.641142" lon="-0.062775">
        <ele>1118.3</ele>
        <time>2015-10-20T12:01:22Z</time>
        <sat>10</sat>
      </trkpt>
      <trkpt lat="40.641189" lon="-0.062641">
        <ele>1118.6</ele>
        <time>2015-10-20T12:01:28Z</time>
        <sat>10</sat>
      </trkpt>
      <trkpt lat="40.641237" lon="-0.062521">
        <ele>1118.8</ele>
        <time>2015-10-20T12:01:34Z</time>
        <sat>10</sat>
      </trkpt>
      <trkpt lat="40.641292" lon="-0.062408">
        <ele>1119.0</ele>
        <time>2015-10-20T12:01:40Z</time>
        <sat>10</sat>
      </trkpt>
      <trkpt lat="40.641362" lon="-0.062308">
        <ele>1119.1</ele>
        <time>2015-10-20T12:01:46Z</time>
        <sat>10</sat>
      </trkpt>
      <trkpt lat="40.641455" lon="-0.062229">
        <ele>1118.3</ele>
        <time>2015-10-20T12:01:52Z</time>
        <sat>10</sat>
      </trkpt>
      <trkpt lat="40.641554" lon="-0.062136">
        <ele>1117.6</ele>
        <time>2015-10-20T12:01:59Z</time>
        <sat>10</sat>
      </trkpt>
      <trkpt lat="40.641626" lon="-0.062004">
        <ele>1117.8</ele>
        <time>2015-10-20T12:02:06Z</time>
        <sat>10</sat>
      </trkpt>
      <trkpt lat="40.641667" lon="-0.061863">
        <ele>1118.8</ele>
        <time>2015-10-20T12:02:13Z</time>
        <sat>10</sat>
      </trkpt>
      <trkpt lat="40.641685" lon="-0.061721">
        <ele>1119.5</ele>
        <time>2015-10-20T12:02:19Z</time>
        <sat>10</sat>
      </trkpt>
      <trkpt lat="40.641702" lon="-0.061589">
        <ele>1120.1</ele>
        <time>2015-10-20T12:02:25Z</time>
        <sat>10</sat>
      </trkpt>
      <trkpt lat="40.641717" lon="-0.061464">
        <ele>1120.9</ele>
        <time>2015-10-20T12:02:30Z</time>
        <sat>10</sat>
      </trkpt>
      <trkpt lat="40.641737" lon="-0.061294">
        <ele>1121.6</ele>
        <time>2015-10-20T12:02:38Z</time>
        <sat>10</sat>
      </trkpt>
      <trkpt lat="40.641775" lon="-0.061138">
        <ele>1122.2</ele>
        <time>2015-10-20T12:02:45Z</time>
        <sat>10</sat>
      </trkpt>
      <trkpt lat="40.641824" lon="-0.060988">
        <ele>1122.3</ele>
        <time>2015-10-20T12:02:52Z</time>
        <sat>10</sat>
      </trkpt>
      <trkpt lat="40.641890" lon="-0.060841">
        <ele>1122.3</ele>
        <time>2015-10-20T12:03:00Z</time>
        <sat>10</sat>
      </trkpt>
      <trkpt lat="40.641964" lon="-0.060706">
        <ele>1122.1</ele>
        <time>2015-10-20T12:03:07Z</time>
        <sat>10</sat>
      </trkpt>
      <trkpt lat="40.642030" lon="-0.060576">
        <ele>1122.4</ele>
        <time>2015-10-20T12:03:14Z</time>
        <sat>10</sat>
      </trkpt>
      <trkpt lat="40.642092" lon="-0.060464">
        <ele>1122.9</ele>
        <time>2015-10-20T12:03:20Z</time>
        <sat>10</sat>
      </trkpt>
      <trkpt lat="40.642149" lon="-0.060356">
        <ele>1123.3</ele>
        <time>2015-10-20T12:03:25Z</time>
        <sat>10</sat>
      </trkpt>
      <trkpt lat="40.642199" lon="-0.060254">
        <ele>1123.4</ele>
        <time>2015-10-20T12:03:31Z</time>
        <sat>9</sat>
      </trkpt>
      <trkpt lat="40.642259" lon="-0.060118">
        <ele>1123.2</ele>
        <time>2015-10-20T12:03:37Z</time>
        <sat>10</sat>
      </trkpt>
      <trkpt lat="40.642297" lon="-0.060008">
        <ele>1122.5</ele>
        <time>2015-10-20T12:03:43Z</time>
        <sat>10</sat>
      </trkpt>
      <trkpt lat="40.642326" lon="-0.059884">
        <ele>1121.3</ele>
        <time>2015-10-20T12:03:48Z</time>
        <sat>10</sat>
      </trkpt>
      <trkpt lat="40.642354" lon="-0.059724">
        <ele>1119.8</ele>
        <time>2015-10-20T12:03:55Z</time>
        <sat>10</sat>
      </trkpt>
      <trkpt lat="40.642358" lon="-0.059538">
        <ele>1119.3</ele>
        <time>2015-10-20T12:04:03Z</time>
        <sat>10</sat>
      </trkpt>
      <trkpt lat="40.642344" lon="-0.059384">
        <ele>1118.8</ele>
        <time>2015-10-20T12:04:10Z</time>
        <sat>10</sat>
      </trkpt>
      <trkpt lat="40.642319" lon="-0.059228">
        <ele>1118.8</ele>
        <time>2015-10-20T12:04:17Z</time>
        <sat>10</sat>
      </trkpt>
      <trkpt lat="40.642286" lon="-0.059080">
        <ele>1118.8</ele>
        <time>2015-10-20T12:04:24Z</time>
        <sat>10</sat>
      </trkpt>
      <trkpt lat="40.642242" lon="-0.058941">
        <ele>1118.6</ele>
        <time>2015-10-20T12:04:30Z</time>
        <sat>10</sat>
      </trkpt>
      <trkpt lat="40.642194" lon="-0.058806">
        <ele>1118.3</ele>
        <time>2015-10-20T12:04:37Z</time>
        <sat>10</sat>
      </trkpt>
      <trkpt lat="40.642134" lon="-0.058671">
        <ele>1117.7</ele>
        <time>2015-10-20T12:04:44Z</time>
        <sat>10</sat>
      </trkpt>
      <trkpt lat="40.642062" lon="-0.058529">
        <ele>1116.7</ele>
        <time>2015-10-20T12:04:51Z</time>
        <sat>10</sat>
      </trkpt>
      <trkpt lat="40.641981" lon="-0.058376">
        <ele>1115.6</ele>
        <time>2015-10-20T12:04:59Z</time>
        <sat>10</sat>
      </trkpt>
      <trkpt lat="40.641889" lon="-0.058213">
        <ele>1114.7</ele>
        <time>2015-10-20T12:05:08Z</time>
        <sat>10</sat>
      </trkpt>
      <trkpt lat="40.641781" lon="-0.058053">
        <ele>1113.7</ele>
        <time>2015-10-20T12:05:17Z</time>
        <sat>10</sat>
      </trkpt>
      <trkpt lat="40.641662" lon="-0.057888">
        <ele>1112.5</ele>
        <time>2015-10-20T12:05:27Z</time>
        <sat>10</sat>
      </trkpt>
      <trkpt lat="40.641532" lon="-0.057723">
        <ele>1111.2</ele>
        <time>2015-10-20T12:05:37Z</time>
        <sat>10</sat>
      </trkpt>
      <trkpt lat="40.641468" lon="-0.057636">
        <ele>1110.6</ele>
        <time>2015-10-20T12:05:43Z</time>
        <sat>10</sat>
      </trkpt>
      <trkpt lat="40.641401" lon="-0.057546">
        <ele>1110.0</ele>
        <time>2015-10-20T12:05:48Z</time>
        <sat>10</sat>
      </trkpt>
      <trkpt lat="40.641332" lon="-0.057456">
        <ele>1109.3</ele>
        <time>2015-10-20T12:05:54Z</time>
        <sat>10</sat>
      </trkpt>
      <trkpt lat="40.641264" lon="-0.057362">
        <ele>1108.8</ele>
        <time>2015-10-20T12:05:59Z</time>
        <sat>10</sat>
      </trkpt>
      <trkpt lat="40.641197" lon="-0.057267">
        <ele>1108.2</ele>
        <time>2015-10-20T12:06:05Z</time>
        <sat>10</sat>
      </trkpt>
      <trkpt lat="40.641129" lon="-0.057173">
        <ele>1107.7</ele>
        <time>2015-10-20T12:06:11Z</time>
        <sat>10</sat>
      </trkpt>
      <trkpt lat="40.641061" lon="-0.057079">
        <ele>1107.3</ele>
        <time>2015-10-20T12:06:16Z</time>
        <sat>10</sat>
      </trkpt>
      <trkpt lat="40.640994" lon="-0.056984">
        <ele>1106.8</ele>
        <time>2015-10-20T12:06:22Z</time>
        <sat>10</sat>
      </trkpt>
      <trkpt lat="40.640931" lon="-0.056889">
        <ele>1106.4</ele>
        <time>2015-10-20T12:06:27Z</time>
        <sat>10</sat>
      </trkpt>
      <trkpt lat="40.640872" lon="-0.056794">
        <ele>1106.0</ele>
        <time>2015-10-20T12:06:33Z</time>
        <sat>10</sat>
      </trkpt>
      <trkpt lat="40.640819" lon="-0.056696">
        <ele>1105.7</ele>
        <time>2015-10-20T12:06:38Z</time>
        <sat>10</sat>
      </trkpt>
      <trkpt lat="40.640773" lon="-0.056593">
        <ele>1105.1</ele>
        <time>2015-10-20T12:06:43Z</time>
        <sat>10</sat>
      </trkpt>
      <trkpt lat="40.640737" lon="-0.056388">
        <ele>1104.2</ele>
        <time>2015-10-20T12:06:52Z</time>
        <sat>10</sat>
      </trkpt>
      <trkpt lat="40.640813" lon="-0.056242">
        <ele>1103.2</ele>
        <time>2015-10-20T12:07:00Z</time>
        <sat>10</sat>
      </trkpt>
      <trkpt lat="40.640944" lon="-0.056208">
        <ele>1102.3</ele>
        <time>2015-10-20T12:07:07Z</time>
        <sat>10</sat>
      </trkpt>
      <trkpt lat="40.641082" lon="-0.056227">
        <ele>1101.3</ele>
        <time>2015-10-20T12:07:15Z</time>
        <sat>10</sat>
      </trkpt>
      <trkpt lat="40.641191" lon="-0.056247">
        <ele>1100.3</ele>
        <time>2015-10-20T12:07:22Z</time>
        <sat>10</sat>
      </trkpt>
      <trkpt lat="40.641191" lon="-0.056247">
        <ele>1100.3</ele>
        <time>2015-10-20T12:07:22Z</time>
        <sat>10</sat>
      </trkpt>
      <trkpt lat="40.641209" lon="-0.056126">
        <ele>1097.2</ele>
        <time>2015-10-20T12:07:27Z</time>
        <sat>10</sat>
      </trkpt>
      <trkpt lat="40.641128" lon="-0.056028">
        <ele>1095.7</ele>
        <time>2015-10-20T12:07:33Z</time>
        <sat>9</sat>
      </trkpt>
      <trkpt lat="40.641052" lon="-0.055943">
        <ele>1093.9</ele>
        <time>2015-10-20T12:07:39Z</time>
        <sat>8</sat>
      </trkpt>
      <trkpt lat="40.640954" lon="-0.055841">
        <ele>1091.6</ele>
        <time>2015-10-20T12:07:46Z</time>
        <sat>8</sat>
      </trkpt>
      <trkpt lat="40.640857" lon="-0.055756">
        <ele>1089.6</ele>
        <time>2015-10-20T12:07:53Z</time>
        <sat>8</sat>
      </trkpt>
      <trkpt lat="40.640762" lon="-0.055671">
        <ele>1088.2</ele>
        <time>2015-10-20T12:07:59Z</time>
        <sat>8</sat>
      </trkpt>
      <trkpt lat="40.640679" lon="-0.055599">
        <ele>1087.0</ele>
        <time>2015-10-20T12:08:05Z</time>
        <sat>8</sat>
      </trkpt>
      <trkpt lat="40.640621" lon="-0.055484">
        <ele>1084.8</ele>
        <time>2015-10-20T12:08:11Z</time>
        <sat>8</sat>
      </trkpt>
      <trkpt lat="40.640522" lon="-0.055408">
        <ele>1083.0</ele>
        <time>2015-10-20T12:08:18Z</time>
        <sat>8</sat>
      </trkpt>
      <trkpt lat="40.640424" lon="-0.055318">
        <ele>1080.6</ele>
        <time>2015-10-20T12:08:24Z</time>
        <sat>8</sat>
      </trkpt>
      <trkpt lat="40.640358" lon="-0.055236">
        <ele>1078.7</ele>
        <time>2015-10-20T12:08:30Z</time>
        <sat>8</sat>
      </trkpt>
      <trkpt lat="40.640289" lon="-0.055137">
        <ele>1076.5</ele>
        <time>2015-10-20T12:08:36Z</time>
        <sat>8</sat>
      </trkpt>
      <trkpt lat="40.640206" lon="-0.055001">
        <ele>1073.9</ele>
        <time>2015-10-20T12:08:43Z</time>
        <sat>8</sat>
      </trkpt>
      <trkpt lat="40.640141" lon="-0.054918">
        <ele>1072.4</ele>
        <time>2015-10-20T12:08:48Z</time>
        <sat>8</sat>
      </trkpt>
      <trkpt lat="40.640074" lon="-0.054834">
        <ele>1071.0</ele>
        <time>2015-10-20T12:08:54Z</time>
        <sat>8</sat>
      </trkpt>
      <trkpt lat="40.639991" lon="-0.054734">
        <ele>1069.1</ele>
        <time>2015-10-20T12:09:00Z</time>
        <sat>8</sat>
      </trkpt>
      <trkpt lat="40.639910" lon="-0.054616">
        <ele>1067.4</ele>
        <time>2015-10-20T12:09:07Z</time>
        <sat>7</sat>
      </trkpt>
      <trkpt lat="40.639857" lon="-0.054503">
        <ele>1065.5</ele>
        <time>2015-10-20T12:09:13Z</time>
        <sat>7</sat>
      </trkpt>
      <trkpt lat="40.639805" lon="-0.054376">
        <ele>1063.6</ele>
        <time>2015-10-20T12:09:19Z</time>
        <sat>7</sat>
      </trkpt>
      <trkpt lat="40.639749" lon="-0.054259">
        <ele>1062.1</ele>
        <time>2015-10-20T12:09:25Z</time>
        <sat>7</sat>
      </trkpt>
      <trkpt lat="40.639694" lon="-0.054141">
        <ele>1060.9</ele>
        <time>2015-10-20T12:09:31Z</time>
        <sat>7</sat>
      </trkpt>
      <trkpt lat="40.639641" lon="-0.054038">
        <ele>1059.9</ele>
        <time>2015-10-20T12:09:36Z</time>
        <sat>7</sat>
      </trkpt>
      <trkpt lat="40.639587" lon="-0.053934">
        <ele>1059.0</ele>
        <time>2015-10-20T12:09:42Z</time>
        <sat>7</sat>
      </trkpt>
      <trkpt lat="40.639529" lon="-0.053811">
        <ele>1057.9</ele>
        <time>2015-10-20T12:09:48Z</time>
        <sat>7</sat>
      </trkpt>
      <trkpt lat="40.639467" lon="-0.053686">
        <ele>1057.3</ele>
        <time>2015-10-20T12:09:55Z</time>
        <sat>7</sat>
      </trkpt>
      <trkpt lat="40.639407" lon="-0.053530">
        <ele>1055.9</ele>
        <time>2015-10-20T12:10:02Z</time>
        <sat>6</sat>
      </trkpt>
      <trkpt lat="40.639362" lon="-0.053407">
        <ele>1054.7</ele>
        <time>2015-10-20T12:10:08Z</time>
        <sat>6</sat>
      </trkpt>
      <trkpt lat="40.639322" lon="-0.053294">
        <ele>1053.8</ele>
        <time>2015-10-20T12:10:13Z</time>
        <sat>6</sat>
      </trkpt>
      <trkpt lat="40.639255" lon="-0.053139">
        <ele>1052.9</ele>
        <time>2015-10-20T12:10:21Z</time>
        <sat>7</sat>
      </trkpt>
      <trkpt lat="40.639194" lon="-0.053036">
        <ele>1052.5</ele>
        <time>2015-10-20T12:10:27Z</time>
        <sat>7</sat>
      </trkpt>
      <trkpt lat="40.639152" lon="-0.052914">
        <ele>1050.7</ele>
        <time>2015-10-20T12:10:33Z</time>
        <sat>7</sat>
      </trkpt>
      <trkpt lat="40.639096" lon="-0.052776">
        <ele>1049.8</ele>
        <time>2015-10-20T12:10:40Z</time>
        <sat>7</sat>
      </trkpt>
      <trkpt lat="40.639041" lon="-0.052658">
        <ele>1049.3</ele>
        <time>2015-10-20T12:10:45Z</time>
        <sat>7</sat>
      </trkpt>
      <trkpt lat="40.638997" lon="-0.052538">
        <ele>1047.9</ele>
        <time>2015-10-20T12:10:51Z</time>
        <sat>7</sat>
      </trkpt>
      <trkpt lat="40.638939" lon="-0.052400">
        <ele>1046.6</ele>
        <time>2015-10-20T12:10:58Z</time>
        <sat>7</sat>
      </trkpt>
      <trkpt lat="40.638894" lon="-0.052236">
        <ele>1044.6</ele>
        <time>2015-10-20T12:11:06Z</time>
        <sat>7</sat>
      </trkpt>
      <trkpt lat="40.638854" lon="-0.052066">
        <ele>1043.4</ele>
        <time>2015-10-20T12:11:13Z</time>
        <sat>7</sat>
      </trkpt>
      <trkpt lat="40.638811" lon="-0.051918">
        <ele>1042.3</ele>
        <time>2015-10-20T12:11:20Z</time>
        <sat>7</sat>
      </trkpt>
      <trkpt lat="40.638761" lon="-0.051788">
        <ele>1041.5</ele>
        <time>2015-10-20T12:11:27Z</time>
        <sat>7</sat>
      </trkpt>
      <trkpt lat="40.638709" lon="-0.051631">
        <ele>1040.0</ele>
        <time>2015-10-20T12:11:34Z</time>
        <sat>7</sat>
      </trkpt>
      <trkpt lat="40.638667" lon="-0.051496">
        <ele>1040.1</ele>
        <time>2015-10-20T12:11:40Z</time>
        <sat>7</sat>
      </trkpt>
      <trkpt lat="40.638611" lon="-0.051366">
        <ele>1039.4</ele>
        <time>2015-10-20T12:11:47Z</time>
        <sat>7</sat>
      </trkpt>
      <trkpt lat="40.638559" lon="-0.051246">
        <ele>1038.6</ele>
        <time>2015-10-20T12:11:53Z</time>
        <sat>7</sat>
      </trkpt>
      <trkpt lat="40.638514" lon="-0.051126">
        <ele>1038.0</ele>
        <time>2015-10-20T12:11:59Z</time>
        <sat>7</sat>
      </trkpt>
      <trkpt lat="40.638470" lon="-0.050986">
        <ele>1037.6</ele>
        <time>2015-10-20T12:12:05Z</time>
        <sat>8</sat>
      </trkpt>
      <trkpt lat="40.638419" lon="-0.050857">
        <ele>1038.2</ele>
        <time>2015-10-20T12:12:12Z</time>
        <sat>8</sat>
      </trkpt>
      <trkpt lat="40.638360" lon="-0.050741">
        <ele>1038.1</ele>
        <time>2015-10-20T12:12:18Z</time>
        <sat>8</sat>
      </trkpt>
      <trkpt lat="40.638314" lon="-0.050599">
        <ele>1037.4</ele>
        <time>2015-10-20T12:12:24Z</time>
        <sat>8</sat>
      </trkpt>
      <trkpt lat="40.638277" lon="-0.050491">
        <ele>1036.4</ele>
        <time>2015-10-20T12:12:29Z</time>
        <sat>7</sat>
      </trkpt>
      <trkpt lat="40.638244" lon="-0.050380">
        <ele>1035.6</ele>
        <time>2015-10-20T12:12:35Z</time>
        <sat>7</sat>
      </trkpt>
      <trkpt lat="40.638199" lon="-0.050260">
        <ele>1035.2</ele>
        <time>2015-10-20T12:12:40Z</time>
        <sat>7</sat>
      </trkpt>
      <trkpt lat="40.638132" lon="-0.050123">
        <ele>1035.5</ele>
        <time>2015-10-20T12:12:48Z</time>
        <sat>7</sat>
      </trkpt>
      <trkpt lat="40.638069" lon="-0.049994">
        <ele>1034.4</ele>
        <time>2015-10-20T12:12:54Z</time>
        <sat>7</sat>
      </trkpt>
      <trkpt lat="40.638002" lon="-0.049886">
        <ele>1035.0</ele>
        <time>2015-10-20T12:13:00Z</time>
        <sat>7</sat>
      </trkpt>
      <trkpt lat="40.637961" lon="-0.049759">
        <ele>1033.6</ele>
        <time>2015-10-20T12:13:06Z</time>
        <sat>7</sat>
      </trkpt>
      <trkpt lat="40.637917" lon="-0.049626">
        <ele>1033.3</ele>
        <time>2015-10-20T12:13:12Z</time>
        <sat>7</sat>
      </trkpt>
      <trkpt lat="40.637876" lon="-0.049510">
        <ele>1033.7</ele>
        <time>2015-10-20T12:13:18Z</time>
        <sat>8</sat>
      </trkpt>
      <trkpt lat="40.637829" lon="-0.049380">
        <ele>1033.8</ele>
        <time>2015-10-20T12:13:24Z</time>
        <sat>8</sat>
      </trkpt>
      <trkpt lat="40.637792" lon="-0.049248">
        <ele>1033.2</ele>
        <time>2015-10-20T12:13:30Z</time>
        <sat>8</sat>
      </trkpt>
      <trkpt lat="40.637744" lon="-0.049091">
        <ele>1032.9</ele>
        <time>2015-10-20T12:13:38Z</time>
        <sat>8</sat>
      </trkpt>
      <trkpt lat="40.637702" lon="-0.048978">
        <ele>1032.0</ele>
        <time>2015-10-20T12:13:43Z</time>
        <sat>8</sat>
      </trkpt>
      <trkpt lat="40.637660" lon="-0.048864">
        <ele>1030.9</ele>
        <time>2015-10-20T12:13:49Z</time>
        <sat>8</sat>
      </trkpt>
      <trkpt lat="40.637616" lon="-0.048715">
        <ele>1029.8</ele>
        <time>2015-10-20T12:13:56Z</time>
        <sat>8</sat>
      </trkpt>
      <trkpt lat="40.637565" lon="-0.048564">
        <ele>1028.8</ele>
        <time>2015-10-20T12:14:03Z</time>
        <sat>8</sat>
      </trkpt>
      <trkpt lat="40.637512" lon="-0.048419">
        <ele>1028.5</ele>
        <time>2015-10-20T12:14:10Z</time>
        <sat>8</sat>
      </trkpt>
      <trkpt lat="40.637454" lon="-0.048276">
        <ele>1027.6</ele>
        <time>2015-10-20T12:14:17Z</time>
        <sat>8</sat>
      </trkpt>
      <trkpt lat="40.637396" lon="-0.048115">
        <ele>1026.4</ele>
        <time>2015-10-20T12:14:25Z</time>
        <sat>8</sat>
      </trkpt>
      <trkpt lat="40.637357" lon="-0.048006">
        <ele>1026.5</ele>
        <time>2015-10-20T12:14:30Z</time>
        <sat>8</sat>
      </trkpt>
      <trkpt lat="40.637320" lon="-0.047893">
        <ele>1026.4</ele>
        <time>2015-10-20T12:14:35Z</time>
        <sat>8</sat>
      </trkpt>
      <trkpt lat="40.637292" lon="-0.047746">
        <ele>1026.7</ele>
        <time>2015-10-20T12:14:42Z</time>
        <sat>8</sat>
      </trkpt>
      <trkpt lat="40.637270" lon="-0.047631">
        <ele>1026.2</ele>
        <time>2015-10-20T12:14:47Z</time>
        <sat>8</sat>
      </trkpt>
      <trkpt lat="40.637232" lon="-0.047483">
        <ele>1026.1</ele>
        <time>2015-10-20T12:14:54Z</time>
        <sat>8</sat>
      </trkpt>
      <trkpt lat="40.637196" lon="-0.047329">
        <ele>1026.0</ele>
        <time>2015-10-20T12:15:01Z</time>
        <sat>8</sat>
      </trkpt>
      <trkpt lat="40.637162" lon="-0.047186">
        <ele>1026.3</ele>
        <time>2015-10-20T12:15:07Z</time>
        <sat>8</sat>
      </trkpt>
      <trkpt lat="40.637134" lon="-0.047041">
        <ele>1026.2</ele>
        <time>2015-10-20T12:15:14Z</time>
        <sat>8</sat>
      </trkpt>
      <trkpt lat="40.637081" lon="-0.046907">
        <ele>1027.4</ele>
        <time>2015-10-20T12:15:20Z</time>
        <sat>8</sat>
      </trkpt>
      <trkpt lat="40.637027" lon="-0.046774">
        <ele>1028.0</ele>
        <time>2015-10-20T12:15:27Z</time>
        <sat>8</sat>
      </trkpt>
      <trkpt lat="40.636982" lon="-0.046626">
        <ele>1027.2</ele>
        <time>2015-10-20T12:15:34Z</time>
        <sat>8</sat>
      </trkpt>
      <trkpt lat="40.636969" lon="-0.046490">
        <ele>1026.8</ele>
        <time>2015-10-20T12:15:40Z</time>
        <sat>8</sat>
      </trkpt>
      <trkpt lat="40.636952" lon="-0.046346">
        <ele>1026.8</ele>
        <time>2015-10-20T12:15:46Z</time>
        <sat>8</sat>
      </trkpt>
      <trkpt lat="40.636922" lon="-0.046226">
        <ele>1027.1</ele>
        <time>2015-10-20T12:15:51Z</time>
        <sat>9</sat>
      </trkpt>
      <trkpt lat="40.636877" lon="-0.046101">
        <ele>1028.0</ele>
        <time>2015-10-20T12:15:57Z</time>
        <sat>8</sat>
      </trkpt>
      <trkpt lat="40.636814" lon="-0.045993">
        <ele>1029.4</ele>
        <time>2015-10-20T12:16:03Z</time>
        <sat>8</sat>
      </trkpt>
      <trkpt lat="40.636734" lon="-0.045849">
        <ele>1030.9</ele>
        <time>2015-10-20T12:16:11Z</time>
        <sat>8</sat>
      </trkpt>
      <trkpt lat="40.636675" lon="-0.045716">
        <ele>1030.4</ele>
        <time>2015-10-20T12:16:18Z</time>
        <sat>8</sat>
      </trkpt>
      <trkpt lat="40.636647" lon="-0.045599">
        <ele>1028.4</ele>
        <time>2015-10-20T12:16:23Z</time>
        <sat>8</sat>
      </trkpt>
      <trkpt lat="40.636619" lon="-0.045478">
        <ele>1027.1</ele>
        <time>2015-10-20T12:16:29Z</time>
        <sat>8</sat>
      </trkpt>
      <trkpt lat="40.636577" lon="-0.045311">
        <ele>1025.3</ele>
        <time>2015-10-20T12:16:36Z</time>
        <sat>8</sat>
      </trkpt>
      <trkpt lat="40.636536" lon="-0.045198">
        <ele>1023.6</ele>
        <time>2015-10-20T12:16:42Z</time>
        <sat>8</sat>
      </trkpt>
      <trkpt lat="40.636465" lon="-0.045049">
        <ele>1022.4</ele>
        <time>2015-10-20T12:16:49Z</time>
        <sat>8</sat>
      </trkpt>
      <trkpt lat="40.636399" lon="-0.044906">
        <ele>1020.0</ele>
        <time>2015-10-20T12:16:57Z</time>
        <sat>8</sat>
      </trkpt>
      <trkpt lat="40.636347" lon="-0.044781">
        <ele>1017.7</ele>
        <time>2015-10-20T12:17:03Z</time>
        <sat>8</sat>
      </trkpt>
      <trkpt lat="40.636296" lon="-0.044655">
        <ele>1015.6</ele>
        <time>2015-10-20T12:17:09Z</time>
        <sat>8</sat>
      </trkpt>
      <trkpt lat="40.636262" lon="-0.044523">
        <ele>1014.0</ele>
        <time>2015-10-20T12:17:15Z</time>
        <sat>8</sat>
      </trkpt>
      <trkpt lat="40.636229" lon="-0.044403">
        <ele>1012.7</ele>
        <time>2015-10-20T12:17:20Z</time>
        <sat>8</sat>
      </trkpt>
      <trkpt lat="40.636212" lon="-0.044284">
        <ele>1010.7</ele>
        <time>2015-10-20T12:17:26Z</time>
        <sat>7</sat>
      </trkpt>
      <trkpt lat="40.636176" lon="-0.044174">
        <ele>1010.0</ele>
        <time>2015-10-20T12:17:31Z</time>
        <sat>7</sat>
      </trkpt>
      <trkpt lat="40.636164" lon="-0.044023">
        <ele>1008.2</ele>
        <time>2015-10-20T12:17:38Z</time>
        <sat>8</sat>
      </trkpt>
      <trkpt lat="40.636215" lon="-0.043911">
        <ele>1004.6</ele>
        <time>2015-10-20T12:17:43Z</time>
        <sat>8</sat>
      </trkpt>
      <trkpt lat="40.636306" lon="-0.043839">
        <ele>1001.6</ele>
        <time>2015-10-20T12:17:49Z</time>
        <sat>8</sat>
      </trkpt>
      <trkpt lat="40.636309" lon="-0.043688">
        <ele>999.2</ele>
        <time>2015-10-20T12:17:56Z</time>
        <sat>8</sat>
      </trkpt>
      <trkpt lat="40.636304" lon="-0.043563">
        <ele>997.2</ele>
        <time>2015-10-20T12:18:01Z</time>
        <sat>8</sat>
      </trkpt>
      <trkpt lat="40.636302" lon="-0.043394">
        <ele>994.5</ele>
        <time>2015-10-20T12:18:09Z</time>
        <sat>8</sat>
      </trkpt>
      <trkpt lat="40.636281" lon="-0.043246">
        <ele>993.1</ele>
        <time>2015-10-20T12:18:15Z</time>
        <sat>8</sat>
      </trkpt>
      <trkpt lat="40.636244" lon="-0.043086">
        <ele>992.0</ele>
        <time>2015-10-20T12:18:22Z</time>
        <sat>8</sat>
      </trkpt>
      <trkpt lat="40.636227" lon="-0.042953">
        <ele>991.4</ele>
        <time>2015-10-20T12:18:28Z</time>
        <sat>8</sat>
      </trkpt>
      <trkpt lat="40.636212" lon="-0.042809">
        <ele>989.7</ele>
        <time>2015-10-20T12:18:35Z</time>
        <sat>8</sat>
      </trkpt>
      <trkpt lat="40.636182" lon="-0.042670">
        <ele>989.2</ele>
        <time>2015-10-20T12:18:41Z</time>
        <sat>8</sat>
      </trkpt>
      <trkpt lat="40.636187" lon="-0.042546">
        <ele>987.7</ele>
        <time>2015-10-20T12:18:46Z</time>
        <sat>8</sat>
      </trkpt>
      <trkpt lat="40.636186" lon="-0.042359">
        <ele>988.1</ele>
        <time>2015-10-20T12:18:54Z</time>
        <sat>8</sat>
      </trkpt>
      <trkpt lat="40.636200" lon="-0.042208">
        <ele>982.7</ele>
        <time>2015-10-20T12:19:01Z</time>
        <sat>8</sat>
      </trkpt>
      <trkpt lat="40.636229" lon="-0.042066">
        <ele>979.6</ele>
        <time>2015-10-20T12:19:07Z</time>
        <sat>7</sat>
      </trkpt>
      <trkpt lat="40.636257" lon="-0.041946">
        <ele>977.2</ele>
        <time>2015-10-20T12:19:13Z</time>
        <sat>7</sat>
      </trkpt>
      <trkpt lat="40.636282" lon="-0.041801">
        <ele>976.6</ele>
        <time>2015-10-20T12:19:19Z</time>
        <sat>7</sat>
      </trkpt>
      <trkpt lat="40.636282" lon="-0.041651">
        <ele>977.6</ele>
        <time>2015-10-20T12:19:26Z</time>
        <sat>7</sat>
      </trkpt>
      <trkpt lat="40.636200" lon="-0.041530">
        <ele>978.0</ele>
        <time>2015-10-20T12:19:33Z</time>
        <sat>6</sat>
      </trkpt>
      <trkpt lat="40.636120" lon="-0.041464">
        <ele>978.0</ele>
        <time>2015-10-20T12:19:38Z</time>
        <sat>7</sat>
      </trkpt>
      <trkpt lat="40.636049" lon="-0.041383">
        <ele>977.8</ele>
        <time>2015-10-20T12:19:44Z</time>
        <sat>7</sat>
      </trkpt>
      <trkpt lat="40.635995" lon="-0.041266">
        <ele>975.5</ele>
        <time>2015-10-20T12:19:49Z</time>
        <sat>6</sat>
      </trkpt>
      <trkpt lat="40.635964" lon="-0.041126">
        <ele>973.9</ele>
        <time>2015-10-20T12:19:56Z</time>
        <sat>6</sat>
      </trkpt>
      <trkpt lat="40.635944" lon="-0.040974">
        <ele>971.6</ele>
        <time>2015-10-20T12:20:02Z</time>
        <sat>6</sat>
      </trkpt>
      <trkpt lat="40.635920" lon="-0.040836">
        <ele>970.9</ele>
        <time>2015-10-20T12:20:09Z</time>
        <sat>6</sat>
      </trkpt>
      <trkpt lat="40.635892" lon="-0.040701">
        <ele>970.4</ele>
        <time>2015-10-20T12:20:15Z</time>
        <sat>6</sat>
      </trkpt>
      <trkpt lat="40.635861" lon="-0.040554">
        <ele>969.4</ele>
        <time>2015-10-20T12:20:21Z</time>
        <sat>6</sat>
      </trkpt>
      <trkpt lat="40.635844" lon="-0.040386">
        <ele>966.5</ele>
        <time>2015-10-20T12:20:29Z</time>
        <sat>6</sat>
      </trkpt>
      <trkpt lat="40.635836" lon="-0.040218">
        <ele>962.8</ele>
        <time>2015-10-20T12:20:36Z</time>
        <sat>6</sat>
      </trkpt>
      <trkpt lat="40.635821" lon="-0.040096">
        <ele>960.8</ele>
        <time>2015-10-20T12:20:41Z</time>
        <sat>7</sat>
      </trkpt>
      <trkpt lat="40.635760" lon="-0.039979">
        <ele>959.1</ele>
        <time>2015-10-20T12:20:47Z</time>
        <sat>7</sat>
      </trkpt>
      <trkpt lat="40.635706" lon="-0.039876">
        <ele>958.5</ele>
        <time>2015-10-20T12:20:53Z</time>
        <sat>7</sat>
      </trkpt>
      <trkpt lat="40.635644" lon="-0.039779">
        <ele>957.4</ele>
        <time>2015-10-20T12:20:58Z</time>
        <sat>7</sat>
      </trkpt>
      <trkpt lat="40.635762" lon="-0.039758">
        <ele>952.7</ele>
        <time>2015-10-20T12:21:05Z</time>
        <sat>7</sat>
      </trkpt>
      <trkpt lat="40.635877" lon="-0.039799">
        <ele>952.4</ele>
        <time>2015-10-20T12:21:12Z</time>
        <sat>7</sat>
      </trkpt>
      <trkpt lat="40.635976" lon="-0.039793">
        <ele>948.8</ele>
        <time>2015-10-20T12:21:18Z</time>
        <sat>7</sat>
      </trkpt>
      <trkpt lat="40.636069" lon="-0.039799">
        <ele>947.0</ele>
        <time>2015-10-20T12:21:23Z</time>
        <sat>7</sat>
      </trkpt>
      <trkpt lat="40.636112" lon="-0.039929">
        <ele>947.0</ele>
        <time>2015-10-20T12:21:29Z</time>
        <sat>7</sat>
      </trkpt>
      <trkpt lat="40.636164" lon="-0.040036">
        <ele>945.2</ele>
        <time>2015-10-20T12:21:35Z</time>
        <sat>7</sat>
      </trkpt>
      <trkpt lat="40.636215" lon="-0.040148">
        <ele>943.6</ele>
        <time>2015-10-20T12:21:40Z</time>
        <sat>7</sat>
      </trkpt>
      <trkpt lat="40.636269" lon="-0.040246">
        <ele>941.9</ele>
        <time>2015-10-20T12:21:46Z</time>
        <sat>7</sat>
      </trkpt>
      <trkpt lat="40.636322" lon="-0.040381">
        <ele>940.2</ele>
        <time>2015-10-20T12:21:52Z</time>
        <sat>7</sat>
      </trkpt>
      <trkpt lat="40.636387" lon="-0.040484">
        <ele>938.1</ele>
        <time>2015-10-20T12:21:58Z</time>
        <sat>7</sat>
      </trkpt>
      <trkpt lat="40.636377" lon="-0.040324">
        <ele>935.4</ele>
        <time>2015-10-20T12:22:05Z</time>
        <sat>6</sat>
      </trkpt>
      <trkpt lat="40.636352" lon="-0.040193">
        <ele>934.6</ele>
        <time>2015-10-20T12:22:11Z</time>
        <sat>6</sat>
      </trkpt>
      <trkpt lat="40.636322" lon="-0.040063">
        <ele>934.1</ele>
        <time>2015-10-20T12:22:17Z</time>
        <sat>6</sat>
      </trkpt>
      <trkpt lat="40.636301" lon="-0.039932">
        <ele>933.7</ele>
        <time>2015-10-20T12:22:23Z</time>
        <sat>7</sat>
      </trkpt>
      <trkpt lat="40.636282" lon="-0.039793">
        <ele>932.6</ele>
        <time>2015-10-20T12:22:29Z</time>
        <sat>7</sat>
      </trkpt>
      <trkpt lat="40.636269" lon="-0.039658">
        <ele>932.0</ele>
        <time>2015-10-20T12:22:35Z</time>
        <sat>7</sat>
      </trkpt>
      <trkpt lat="40.636262" lon="-0.039539">
        <ele>927.5</ele>
        <time>2015-10-20T12:22:40Z</time>
        <sat>7</sat>
      </trkpt>
      <trkpt lat="40.636242" lon="-0.039423">
        <ele>925.3</ele>
        <time>2015-10-20T12:22:45Z</time>
        <sat>7</sat>
      </trkpt>
      <trkpt lat="40.636189" lon="-0.039525">
        <ele>919.5</ele>
        <time>2015-10-20T12:22:50Z</time>
        <sat>7</sat>
      </trkpt>
      <trkpt lat="40.636099" lon="-0.039548">
        <ele>916.6</ele>
        <time>2015-10-20T12:22:56Z</time>
        <sat>6</sat>
      </trkpt>
      <trkpt lat="40.635990" lon="-0.039554">
        <ele>915.2</ele>
        <time>2015-10-20T12:23:02Z</time>
        <sat>6</sat>
      </trkpt>
      <trkpt lat="40.635889" lon="-0.039518">
        <ele>919.2</ele>
        <time>2015-10-20T12:23:08Z</time>
        <sat>6</sat>
      </trkpt>
      <trkpt lat="40.635804" lon="-0.039423">
        <ele>912.6</ele>
        <time>2015-10-20T12:23:14Z</time>
        <sat>6</sat>
      </trkpt>
      <trkpt lat="40.635715" lon="-0.039296">
        <ele>911.3</ele>
        <time>2015-10-20T12:23:22Z</time>
        <sat>5</sat>
      </trkpt>
      <trkpt lat="40.635662" lon="-0.039173">
        <ele>910.9</ele>
        <time>2015-10-20T12:23:28Z</time>
        <sat>6</sat>
      </trkpt>
      <trkpt lat="40.635674" lon="-0.039044">
        <ele>907.0</ele>
        <time>2015-10-20T12:23:33Z</time>
        <sat>6</sat>
      </trkpt>
      <trkpt lat="40.635762" lon="-0.039013">
        <ele>899.7</ele>
        <time>2015-10-20T12:23:39Z</time>
        <sat>6</sat>
      </trkpt>
      <trkpt lat="40.635857" lon="-0.039001">
        <ele>900.4</ele>
        <time>2015-10-20T12:23:44Z</time>
        <sat>6</sat>
      </trkpt>
      <trkpt lat="40.635951" lon="-0.038999">
        <ele>900.0</ele>
        <time>2015-10-20T12:23:49Z</time>
        <sat>7</sat>
      </trkpt>
      <trkpt lat="40.636049" lon="-0.038989">
        <ele>900.9</ele>
        <time>2015-10-20T12:23:55Z</time>
        <sat>6</sat>
      </trkpt>
      <trkpt lat="40.635909" lon="-0.039022">
        <ele>900.3</ele>
        <time>2015-10-20T12:24:03Z</time>
        <sat>6</sat>
      </trkpt>
      <trkpt lat="40.635812" lon="-0.039031">
        <ele>900.3</ele>
        <time>2015-10-20T12:24:09Z</time>
        <sat>5</sat>
      </trkpt>
      <trkpt lat="40.635721" lon="-0.039053">
        <ele>903.2</ele>
        <time>2015-10-20T12:24:14Z</time>
        <sat>6</sat>
      </trkpt>
      <trkpt lat="40.635807" lon="-0.039008">
        <ele>900.1</ele>
        <time>2015-10-20T12:24:19Z</time>
        <sat>6</sat>
      </trkpt>
      <trkpt lat="40.635769" lon="-0.038858">
        <ele>899.1</ele>
        <time>2015-10-20T12:24:26Z</time>
        <sat>6</sat>
      </trkpt>
      <trkpt lat="40.635685" lon="-0.038719">
        <ele>898.4</ele>
        <time>2015-10-20T12:24:34Z</time>
        <sat>6</sat>
      </trkpt>
      <trkpt lat="40.635624" lon="-0.038599">
        <ele>897.3</ele>
        <time>2015-10-20T12:24:40Z</time>
        <sat>6</sat>
      </trkpt>
      <trkpt lat="40.635550" lon="-0.038526">
        <ele>897.9</ele>
        <time>2015-10-20T12:24:46Z</time>
        <sat>6</sat>
      </trkpt>
      <trkpt lat="40.635459" lon="-0.038446">
        <ele>898.8</ele>
        <time>2015-10-20T12:24:52Z</time>
        <sat>6</sat>
      </trkpt>
      <trkpt lat="40.635364" lon="-0.038364">
        <ele>899.6</ele>
        <time>2015-10-20T12:24:58Z</time>
        <sat>6</sat>
      </trkpt>
      <trkpt lat="40.635276" lon="-0.038275">
        <ele>899.2</ele>
        <time>2015-10-20T12:25:05Z</time>
        <sat>6</sat>
      </trkpt>
      <trkpt lat="40.635186" lon="-0.038154">
        <ele>898.2</ele>
        <time>2015-10-20T12:25:12Z</time>
        <sat>6</sat>
      </trkpt>
      <trkpt lat="40.635124" lon="-0.038065">
        <ele>898.0</ele>
        <time>2015-10-20T12:25:17Z</time>
        <sat>6</sat>
      </trkpt>
      <trkpt lat="40.635037" lon="-0.037953">
        <ele>898.6</ele>
        <time>2015-10-20T12:25:24Z</time>
        <sat>6</sat>
      </trkpt>
      <trkpt lat="40.634956" lon="-0.037864">
        <ele>900.2</ele>
        <time>2015-10-20T12:25:30Z</time>
        <sat>6</sat>
      </trkpt>
      <trkpt lat="40.634869" lon="-0.037826">
        <ele>902.0</ele>
        <time>2015-10-20T12:25:35Z</time>
        <sat>6</sat>
      </trkpt>
      <trkpt lat="40.634790" lon="-0.037761">
        <ele>902.5</ele>
        <time>2015-10-20T12:25:41Z</time>
        <sat>6</sat>
      </trkpt>
      <trkpt lat="40.634716" lon="-0.037663">
        <ele>900.3</ele>
        <time>2015-10-20T12:25:47Z</time>
        <sat>6</sat>
      </trkpt>
      <trkpt lat="40.634647" lon="-0.037577">
        <ele>899.6</ele>
        <time>2015-10-20T12:25:52Z</time>
        <sat>6</sat>
      </trkpt>
      <trkpt lat="40.634560" lon="-0.037466">
        <ele>899.5</ele>
        <time>2015-10-20T12:25:59Z</time>
        <sat>6</sat>
      </trkpt>
      <trkpt lat="40.634499" lon="-0.037376">
        <ele>898.7</ele>
        <time>2015-10-20T12:26:04Z</time>
        <sat>6</sat>
      </trkpt>
      <trkpt lat="40.634422" lon="-0.037271">
        <ele>899.5</ele>
        <time>2015-10-20T12:26:11Z</time>
        <sat>6</sat>
      </trkpt>
      <trkpt lat="40.634364" lon="-0.037179">
        <ele>898.4</ele>
        <time>2015-10-20T12:26:16Z</time>
        <sat>6</sat>
      </trkpt>
      <trkpt lat="40.634307" lon="-0.037059">
        <ele>896.5</ele>
        <time>2015-10-20T12:26:22Z</time>
        <sat>6</sat>
      </trkpt>
      <trkpt lat="40.634244" lon="-0.036971">
        <ele>897.4</ele>
        <time>2015-10-20T12:26:27Z</time>
        <sat>6</sat>
      </trkpt>
      <trkpt lat="40.634177" lon="-0.036854">
        <ele>899.0</ele>
        <time>2015-10-20T12:26:34Z</time>
        <sat>6</sat>
      </trkpt>
      <trkpt lat="40.634087" lon="-0.036772">
        <ele>902.5</ele>
        <time>2015-10-20T12:26:40Z</time>
        <sat>6</sat>
      </trkpt>
      <trkpt lat="40.634004" lon="-0.036667">
        <ele>903.0</ele>
        <time>2015-10-20T12:26:46Z</time>
        <sat>6</sat>
      </trkpt>
      <trkpt lat="40.633934" lon="-0.036589">
        <ele>902.1</ele>
        <time>2015-10-20T12:26:52Z</time>
        <sat>6</sat>
      </trkpt>
      <trkpt lat="40.633862" lon="-0.036506">
        <ele>902.7</ele>
        <time>2015-10-20T12:26:57Z</time>
        <sat>6</sat>
      </trkpt>
      <trkpt lat="40.633795" lon="-0.036404">
        <ele>902.9</ele>
        <time>2015-10-20T12:27:03Z</time>
        <sat>6</sat>
      </trkpt>
      <trkpt lat="40.633727" lon="-0.036310">
        <ele>901.5</ele>
        <time>2015-10-20T12:27:09Z</time>
        <sat>6</sat>
      </trkpt>
      <trkpt lat="40.633647" lon="-0.036186">
        <ele>900.5</ele>
        <time>2015-10-20T12:27:16Z</time>
        <sat>6</sat>
      </trkpt>
      <trkpt lat="40.633577" lon="-0.036094">
        <ele>900.6</ele>
        <time>2015-10-20T12:27:21Z</time>
        <sat>6</sat>
      </trkpt>
      <trkpt lat="40.633512" lon="-0.035983">
        <ele>900.4</ele>
        <time>2015-10-20T12:27:27Z</time>
        <sat>6</sat>
      </trkpt>
      <trkpt lat="40.633454" lon="-0.035871">
        <ele>899.2</ele>
        <time>2015-10-20T12:27:33Z</time>
        <sat>6</sat>
      </trkpt>
      <trkpt lat="40.633391" lon="-0.035718">
        <ele>898.9</ele>
        <time>2015-10-20T12:27:41Z</time>
        <sat>6</sat>
      </trkpt>
      <trkpt lat="40.633322" lon="-0.035598">
        <ele>900.2</ele>
        <time>2015-10-20T12:27:47Z</time>
        <sat>6</sat>
      </trkpt>
      <trkpt lat="40.633247" lon="-0.035516">
        <ele>901.2</ele>
        <time>2015-10-20T12:27:53Z</time>
        <sat>6</sat>
      </trkpt>
      <trkpt lat="40.633156" lon="-0.035409">
        <ele>900.9</ele>
        <time>2015-10-20T12:28:00Z</time>
        <sat>6</sat>
      </trkpt>
      <trkpt lat="40.633082" lon="-0.035258">
        <ele>899.0</ele>
        <time>2015-10-20T12:28:08Z</time>
        <sat>6</sat>
      </trkpt>
      <trkpt lat="40.633051" lon="-0.035113">
        <ele>897.2</ele>
        <time>2015-10-20T12:28:14Z</time>
        <sat>6</sat>
      </trkpt>
      <trkpt lat="40.633019" lon="-0.034992">
        <ele>897.7</ele>
        <time>2015-10-20T12:28:20Z</time>
        <sat>6</sat>
      </trkpt>
      <trkpt lat="40.632987" lon="-0.034879">
        <ele>898.7</ele>
        <time>2015-10-20T12:28:25Z</time>
        <sat>6</sat>
      </trkpt>
      <trkpt lat="40.632957" lon="-0.034749">
        <ele>898.8</ele>
        <time>2015-10-20T12:28:31Z</time>
        <sat>6</sat>
      </trkpt>
      <trkpt lat="40.632905" lon="-0.034599">
        <ele>900.1</ele>
        <time>2015-10-20T12:28:38Z</time>
        <sat>6</sat>
      </trkpt>
      <trkpt lat="40.632814" lon="-0.034491">
        <ele>903.7</ele>
        <time>2015-10-20T12:28:45Z</time>
        <sat>6</sat>
      </trkpt>
      <trkpt lat="40.632724" lon="-0.034417">
        <ele>902.0</ele>
        <time>2015-10-20T12:28:51Z</time>
        <sat>7</sat>
      </trkpt>
      <trkpt lat="40.632622" lon="-0.034324">
        <ele>899.2</ele>
        <time>2015-10-20T12:28:58Z</time>
        <sat>7</sat>
      </trkpt>
      <trkpt lat="40.632542" lon="-0.034243">
        <ele>895.8</ele>
        <time>2015-10-20T12:29:04Z</time>
        <sat>7</sat>
      </trkpt>
      <trkpt lat="40.632452" lon="-0.034134">
        <ele>894.8</ele>
        <time>2015-10-20T12:29:11Z</time>
        <sat>7</sat>
      </trkpt>
      <trkpt lat="40.632369" lon="-0.034082">
        <ele>891.6</ele>
        <time>2015-10-20T12:29:16Z</time>
        <sat>7</sat>
      </trkpt>
      <trkpt lat="40.632422" lon="-0.034200">
        <ele>891.9</ele>
        <time>2015-10-20T12:29:22Z</time>
        <sat>7</sat>
      </trkpt>
      <trkpt lat="40.632347" lon="-0.034113">
        <ele>890.1</ele>
        <time>2015-10-20T12:29:28Z</time>
        <sat>4</sat>
      </trkpt>
      <trkpt lat="40.632350" lon="-0.034236">
        <ele>889.5</ele>
        <time>2015-10-20T12:29:33Z</time>
        <sat>7</sat>
      </trkpt>
      <trkpt lat="40.632381" lon="-0.034368">
        <ele>890.5</ele>
        <time>2015-10-20T12:29:39Z</time>
        <sat>7</sat>
      </trkpt>
      <trkpt lat="40.632362" lon="-0.034504">
        <ele>891.1</ele>
        <time>2015-10-20T12:29:45Z</time>
        <sat>7</sat>
      </trkpt>
      <trkpt lat="40.632296" lon="-0.034618">
        <ele>890.6</ele>
        <time>2015-10-20T12:29:52Z</time>
        <sat>7</sat>
      </trkpt>
      <trkpt lat="40.632222" lon="-0.034718">
        <ele>890.3</ele>
        <time>2015-10-20T12:29:58Z</time>
        <sat>7</sat>
      </trkpt>
      <trkpt lat="40.632134" lon="-0.034803">
        <ele>889.7</ele>
        <time>2015-10-20T12:30:04Z</time>
        <sat>7</sat>
      </trkpt>
      <trkpt lat="40.632056" lon="-0.034896">
        <ele>889.6</ele>
        <time>2015-10-20T12:30:10Z</time>
        <sat>7</sat>
      </trkpt>
      <trkpt lat="40.631972" lon="-0.034951">
        <ele>890.9</ele>
        <time>2015-10-20T12:30:15Z</time>
        <sat>7</sat>
      </trkpt>
      <trkpt lat="40.631942" lon="-0.035073">
        <ele>891.4</ele>
        <time>2015-10-20T12:30:21Z</time>
        <sat>7</sat>
      </trkpt>
      <trkpt lat="40.631934" lon="-0.035199">
        <ele>892.4</ele>
        <time>2015-10-20T12:30:26Z</time>
        <sat>7</sat>
      </trkpt>
      <trkpt lat="40.631987" lon="-0.035296">
        <ele>891.6</ele>
        <time>2015-10-20T12:30:31Z</time>
        <sat>7</sat>
      </trkpt>
      <trkpt lat="40.632014" lon="-0.035409">
        <ele>892.2</ele>
        <time>2015-10-20T12:30:37Z</time>
        <sat>7</sat>
      </trkpt>
      <trkpt lat="40.632005" lon="-0.035528">
        <ele>891.6</ele>
        <time>2015-10-20T12:30:42Z</time>
        <sat>7</sat>
      </trkpt>
      <trkpt lat="40.631962" lon="-0.035646">
        <ele>893.1</ele>
        <time>2015-10-20T12:30:47Z</time>
        <sat>7</sat>
      </trkpt>
      <trkpt lat="40.631952" lon="-0.035771">
        <ele>894.4</ele>
        <time>2015-10-20T12:30:53Z</time>
        <sat>7</sat>
      </trkpt>
      <trkpt lat="40.631894" lon="-0.035669">
        <ele>895.3</ele>
        <time>2015-10-20T12:30:58Z</time>
        <sat>7</sat>
      </trkpt>
      <trkpt lat="40.631822" lon="-0.035584">
        <ele>896.4</ele>
        <time>2015-10-20T12:31:04Z</time>
        <sat>7</sat>
      </trkpt>
      <trkpt lat="40.631797" lon="-0.035469">
        <ele>897.7</ele>
        <time>2015-10-20T12:31:09Z</time>
        <sat>7</sat>
      </trkpt>
      <trkpt lat="40.631729" lon="-0.035376">
        <ele>900.6</ele>
        <time>2015-10-20T12:31:15Z</time>
        <sat>7</sat>
      </trkpt>
      <trkpt lat="40.631665" lon="-0.035284">
        <ele>902.7</ele>
        <time>2015-10-20T12:31:20Z</time>
        <sat>7</sat>
      </trkpt>
      <trkpt lat="40.631604" lon="-0.035196">
        <ele>903.5</ele>
        <time>2015-10-20T12:31:25Z</time>
        <sat>7</sat>
      </trkpt>
      <trkpt lat="40.631567" lon="-0.035076">
        <ele>905.6</ele>
        <time>2015-10-20T12:31:31Z</time>
        <sat>7</sat>
      </trkpt>
      <trkpt lat="40.631662" lon="-0.035086">
        <ele>908.3</ele>
        <time>2015-10-20T12:31:36Z</time>
        <sat>7</sat>
      </trkpt>
      <trkpt lat="40.631655" lon="-0.034967">
        <ele>909.9</ele>
        <time>2015-10-20T12:31:42Z</time>
        <sat>7</sat>
      </trkpt>
      <trkpt lat="40.631607" lon="-0.034856">
        <ele>911.7</ele>
        <time>2015-10-20T12:31:47Z</time>
        <sat>7</sat>
      </trkpt>
      <trkpt lat="40.631547" lon="-0.034759">
        <ele>913.4</ele>
        <time>2015-10-20T12:31:53Z</time>
        <sat>7</sat>
      </trkpt>
      <trkpt lat="40.631477" lon="-0.034681">
        <ele>915.1</ele>
        <time>2015-10-20T12:31:58Z</time>
        <sat>7</sat>
      </trkpt>
      <trkpt lat="40.631415" lon="-0.034586">
        <ele>916.3</ele>
        <time>2015-10-20T12:32:03Z</time>
        <sat>7</sat>
      </trkpt>
      <trkpt lat="40.631348" lon="-0.034503">
        <ele>918.1</ele>
        <time>2015-10-20T12:32:09Z</time>
        <sat>4</sat>
      </trkpt>
      <trkpt lat="40.631293" lon="-0.034380">
        <ele>920.0</ele>
        <time>2015-10-20T12:32:15Z</time>
        <sat>4</sat>
      </trkpt>
      <trkpt lat="40.631226" lon="-0.034288">
        <ele>921.2</ele>
        <time>2015-10-20T12:32:20Z</time>
        <sat>7</sat>
      </trkpt>
      <trkpt lat="40.631146" lon="-0.034205">
        <ele>922.4</ele>
        <time>2015-10-20T12:32:26Z</time>
        <sat>7</sat>
      </trkpt>
      <trkpt lat="40.631057" lon="-0.034154">
        <ele>923.4</ele>
        <time>2015-10-20T12:32:32Z</time>
        <sat>7</sat>
      </trkpt>
      <trkpt lat="40.630965" lon="-0.034146">
        <ele>923.7</ele>
        <time>2015-10-20T12:32:37Z</time>
        <sat>7</sat>
      </trkpt>
      <trkpt lat="40.630875" lon="-0.034106">
        <ele>923.0</ele>
        <time>2015-10-20T12:32:42Z</time>
        <sat>7</sat>
      </trkpt>
      <trkpt lat="40.630779" lon="-0.034046">
        <ele>922.0</ele>
        <time>2015-10-20T12:32:48Z</time>
        <sat>7</sat>
      </trkpt>
      <trkpt lat="40.630679" lon="-0.034019">
        <ele>921.5</ele>
        <time>2015-10-20T12:32:54Z</time>
        <sat>7</sat>
      </trkpt>
      <trkpt lat="40.630574" lon="-0.033979">
        <ele>920.2</ele>
        <time>2015-10-20T12:33:00Z</time>
        <sat>7</sat>
      </trkpt>
      <trkpt lat="40.630500" lon="-0.033896">
        <ele>919.8</ele>
        <time>2015-10-20T12:33:06Z</time>
        <sat>7</sat>
      </trkpt>
      <trkpt lat="40.630474" lon="-0.033778">
        <ele>917.8</ele>
        <time>2015-10-20T12:33:11Z</time>
        <sat>7</sat>
      </trkpt>
      <trkpt lat="40.630434" lon="-0.033628">
        <ele>916.5</ele>
        <time>2015-10-20T12:33:18Z</time>
        <sat>7</sat>
      </trkpt>
      <trkpt lat="40.630394" lon="-0.033516">
        <ele>915.8</ele>
        <time>2015-10-20T12:33:24Z</time>
        <sat>7</sat>
      </trkpt>
      <trkpt lat="40.630384" lon="-0.033366">
        <ele>914.4</ele>
        <time>2015-10-20T12:33:30Z</time>
        <sat>7</sat>
      </trkpt>
      <trkpt lat="40.630334" lon="-0.033201">
        <ele>914.8</ele>
        <time>2015-10-20T12:33:38Z</time>
        <sat>7</sat>
      </trkpt>
      <trkpt lat="40.630315" lon="-0.033080">
        <ele>913.8</ele>
        <time>2015-10-20T12:33:43Z</time>
        <sat>7</sat>
      </trkpt>
      <trkpt lat="40.630257" lon="-0.032965">
        <ele>914.8</ele>
        <time>2015-10-20T12:33:49Z</time>
        <sat>7</sat>
      </trkpt>
      <trkpt lat="40.630176" lon="-0.032791">
        <ele>914.7</ele>
        <time>2015-10-20T12:33:58Z</time>
        <sat>4</sat>
      </trkpt>
      <trkpt lat="40.630115" lon="-0.032661">
        <ele>913.3</ele>
        <time>2015-10-20T12:34:05Z</time>
        <sat>4</sat>
      </trkpt>
      <trkpt lat="40.630037" lon="-0.032529">
        <ele>911.7</ele>
        <time>2015-10-20T12:34:12Z</time>
        <sat>4</sat>
      </trkpt>
      <trkpt lat="40.629970" lon="-0.032407">
        <ele>910.0</ele>
        <time>2015-10-20T12:34:19Z</time>
        <sat>4</sat>
      </trkpt>
      <trkpt lat="40.629876" lon="-0.032211">
        <ele>907.9</ele>
        <time>2015-10-20T12:34:29Z</time>
        <sat>4</sat>
      </trkpt>
      <trkpt lat="40.629805" lon="-0.031904">
        <ele>907.1</ele>
        <time>2015-10-20T12:34:43Z</time>
        <sat>4</sat>
      </trkpt>
      <trkpt lat="40.629729" lon="-0.031758">
        <ele>905.0</ele>
        <time>2015-10-20T12:34:50Z</time>
        <sat>7</sat>
      </trkpt>
      <trkpt lat="40.629612" lon="-0.031653">
        <ele>902.0</ele>
        <time>2015-10-20T12:34:58Z</time>
        <sat>7</sat>
      </trkpt>
      <trkpt lat="40.629524" lon="-0.031556">
        <ele>899.0</ele>
        <time>2015-10-20T12:35:05Z</time>
        <sat>7</sat>
      </trkpt>
      <trkpt lat="40.629449" lon="-0.031476">
        <ele>897.9</ele>
        <time>2015-10-20T12:35:10Z</time>
        <sat>7</sat>
      </trkpt>
      <trkpt lat="40.629332" lon="-0.031449">
        <ele>896.3</ele>
        <time>2015-10-20T12:35:17Z</time>
        <sat>7</sat>
      </trkpt>
      <trkpt lat="40.629234" lon="-0.031453">
        <ele>896.3</ele>
        <time>2015-10-20T12:35:23Z</time>
        <sat>7</sat>
      </trkpt>
      <trkpt lat="40.629136" lon="-0.031418">
        <ele>896.4</ele>
        <time>2015-10-20T12:35:29Z</time>
        <sat>7</sat>
      </trkpt>
      <trkpt lat="40.629109" lon="-0.031303">
        <ele>894.2</ele>
        <time>2015-10-20T12:35:34Z</time>
        <sat>7</sat>
      </trkpt>
      <trkpt lat="40.629159" lon="-0.031174">
        <ele>892.3</ele>
        <time>2015-10-20T12:35:40Z</time>
        <sat>7</sat>
      </trkpt>
      <trkpt lat="40.629167" lon="-0.031036">
        <ele>891.0</ele>
        <time>2015-10-20T12:35:46Z</time>
        <sat>7</sat>
      </trkpt>
      <trkpt lat="40.629107" lon="-0.030930">
        <ele>889.3</ele>
        <time>2015-10-20T12:35:52Z</time>
        <sat>7</sat>
      </trkpt>
      <trkpt lat="40.629052" lon="-0.030830">
        <ele>887.5</ele>
        <time>2015-10-20T12:35:57Z</time>
        <sat>7</sat>
      </trkpt>
      <trkpt lat="40.629019" lon="-0.030711">
        <ele>884.8</ele>
        <time>2015-10-20T12:36:03Z</time>
        <sat>7</sat>
      </trkpt>
      <trkpt lat="40.629004" lon="-0.030584">
        <ele>884.1</ele>
        <time>2015-10-20T12:36:08Z</time>
        <sat>7</sat>
      </trkpt>
      <trkpt lat="40.629016" lon="-0.030463">
        <ele>881.7</ele>
        <time>2015-10-20T12:36:14Z</time>
        <sat>7</sat>
      </trkpt>
      <trkpt lat="40.628954" lon="-0.030368">
        <ele>878.7</ele>
        <time>2015-10-20T12:36:19Z</time>
        <sat>7</sat>
      </trkpt>
      <trkpt lat="40.628917" lon="-0.030260">
        <ele>877.7</ele>
        <time>2015-10-20T12:36:24Z</time>
        <sat>7</sat>
      </trkpt>
      <trkpt lat="40.628891" lon="-0.030144">
        <ele>877.7</ele>
        <time>2015-10-20T12:36:29Z</time>
        <sat>6</sat>
      </trkpt>
      <trkpt lat="40.628811" lon="-0.030088">
        <ele>879.2</ele>
        <time>2015-10-20T12:36:35Z</time>
        <sat>8</sat>
      </trkpt>
      <trkpt lat="40.628735" lon="-0.029984">
        <ele>879.7</ele>
        <time>2015-10-20T12:36:41Z</time>
        <sat>7</sat>
      </trkpt>
      <trkpt lat="40.628692" lon="-0.029861">
        <ele>879.1</ele>
        <time>2015-10-20T12:36:47Z</time>
        <sat>6</sat>
      </trkpt>
      <trkpt lat="40.628635" lon="-0.029751">
        <ele>878.8</ele>
        <time>2015-10-20T12:36:53Z</time>
        <sat>8</sat>
      </trkpt>
      <trkpt lat="40.628596" lon="-0.029638">
        <ele>878.6</ele>
        <time>2015-10-20T12:36:58Z</time>
        <sat>6</sat>
      </trkpt>
      <trkpt lat="40.628557" lon="-0.029497">
        <ele>877.9</ele>
        <time>2015-10-20T12:37:04Z</time>
        <sat>6</sat>
      </trkpt>
      <trkpt lat="40.628529" lon="-0.029365">
        <ele>877.4</ele>
        <time>2015-10-20T12:37:10Z</time>
        <sat>7</sat>
      </trkpt>
      <trkpt lat="40.628484" lon="-0.029241">
        <ele>877.7</ele>
        <time>2015-10-20T12:37:16Z</time>
        <sat>7</sat>
      </trkpt>
      <trkpt lat="40.628408" lon="-0.029163">
        <ele>878.8</ele>
        <time>2015-10-20T12:37:22Z</time>
        <sat>7</sat>
      </trkpt>
      <trkpt lat="40.628356" lon="-0.029061">
        <ele>878.7</ele>
        <time>2015-10-20T12:37:27Z</time>
        <sat>7</sat>
      </trkpt>
      <trkpt lat="40.628297" lon="-0.028968">
        <ele>878.9</ele>
        <time>2015-10-20T12:37:32Z</time>
        <sat>7</sat>
      </trkpt>
      <trkpt lat="40.628231" lon="-0.028881">
        <ele>880.3</ele>
        <time>2015-10-20T12:37:38Z</time>
        <sat>7</sat>
      </trkpt>
      <trkpt lat="40.628184" lon="-0.028738">
        <ele>878.8</ele>
        <time>2015-10-20T12:37:45Z</time>
        <sat>7</sat>
      </trkpt>
      <trkpt lat="40.628142" lon="-0.028577">
        <ele>876.5</ele>
        <time>2015-10-20T12:37:52Z</time>
        <sat>7</sat>
      </trkpt>
      <trkpt lat="40.628116" lon="-0.028456">
        <ele>874.9</ele>
        <time>2015-10-20T12:37:57Z</time>
        <sat>7</sat>
      </trkpt>
      <trkpt lat="40.628077" lon="-0.028345">
        <ele>873.8</ele>
        <time>2015-10-20T12:38:03Z</time>
        <sat>7</sat>
      </trkpt>
      <trkpt lat="40.628037" lon="-0.028221">
        <ele>871.6</ele>
        <time>2015-10-20T12:38:09Z</time>
        <sat>7</sat>
      </trkpt>
      <trkpt lat="40.627980" lon="-0.028118">
        <ele>870.8</ele>
        <time>2015-10-20T12:38:14Z</time>
        <sat>7</sat>
      </trkpt>
      <trkpt lat="40.627984" lon="-0.028113">
        <ele>870.6</ele>
        <time>2015-10-20T12:38:14Z</time>
        <sat>7</sat>
      </trkpt>
      <trkpt lat="40.627928" lon="-0.028025">
        <ele>870.0</ele>
        <time>2015-10-20T12:38:19Z</time>
        <sat>9</sat>
      </trkpt>
      <trkpt lat="40.627845" lon="-0.027976">
        <ele>871.9</ele>
        <time>2015-10-20T12:38:25Z</time>
        <sat>8</sat>
      </trkpt>
      <trkpt lat="40.627782" lon="-0.027891">
        <ele>872.7</ele>
        <time>2015-10-20T12:38:30Z</time>
        <sat>9</sat>
      </trkpt>
      <trkpt lat="40.627723" lon="-0.027800">
        <ele>871.8</ele>
        <time>2015-10-20T12:38:35Z</time>
        <sat>9</sat>
      </trkpt>
      <trkpt lat="40.627654" lon="-0.027710">
        <ele>872.5</ele>
        <time>2015-10-20T12:38:40Z</time>
        <sat>9</sat>
      </trkpt>
      <trkpt lat="40.627579" lon="-0.027635">
        <ele>873.1</ele>
        <time>2015-10-20T12:38:46Z</time>
        <sat>9</sat>
      </trkpt>
      <trkpt lat="40.627512" lon="-0.027538">
        <ele>873.1</ele>
        <time>2015-10-20T12:38:52Z</time>
        <sat>9</sat>
      </trkpt>
      <trkpt lat="40.627459" lon="-0.027433">
        <ele>871.7</ele>
        <time>2015-10-20T12:38:57Z</time>
        <sat>9</sat>
      </trkpt>
      <trkpt lat="40.627400" lon="-0.027341">
        <ele>871.4</ele>
        <time>2015-10-20T12:39:02Z</time>
        <sat>9</sat>
      </trkpt>
      <trkpt lat="40.627345" lon="-0.027245">
        <ele>870.8</ele>
        <time>2015-10-20T12:39:07Z</time>
        <sat>9</sat>
      </trkpt>
      <trkpt lat="40.627288" lon="-0.027145">
        <ele>870.3</ele>
        <time>2015-10-20T12:39:13Z</time>
        <sat>9</sat>
      </trkpt>
      <trkpt lat="40.627210" lon="-0.027050">
        <ele>871.0</ele>
        <time>2015-10-20T12:39:19Z</time>
        <sat>9</sat>
      </trkpt>
      <trkpt lat="40.627138" lon="-0.026954">
        <ele>871.0</ele>
        <time>2015-10-20T12:39:25Z</time>
        <sat>11</sat>
      </trkpt>
      <trkpt lat="40.627082" lon="-0.026851">
        <ele>871.7</ele>
        <time>2015-10-20T12:39:30Z</time>
        <sat>11</sat>
      </trkpt>
      <trkpt lat="40.627007" lon="-0.026756">
        <ele>874.6</ele>
        <time>2015-10-20T12:39:36Z</time>
        <sat>11</sat>
      </trkpt>
      <trkpt lat="40.626942" lon="-0.026665">
        <ele>877.5</ele>
        <time>2015-10-20T12:39:42Z</time>
        <sat>11</sat>
      </trkpt>
      <trkpt lat="40.626863" lon="-0.026595">
        <ele>879.2</ele>
        <time>2015-10-20T12:39:47Z</time>
        <sat>11</sat>
      </trkpt>
      <trkpt lat="40.626782" lon="-0.026523">
        <ele>879.2</ele>
        <time>2015-10-20T12:39:53Z</time>
        <sat>10</sat>
      </trkpt>
      <trkpt lat="40.626694" lon="-0.026463">
        <ele>878.7</ele>
        <time>2015-10-20T12:39:58Z</time>
        <sat>11</sat>
      </trkpt>
      <trkpt lat="40.626617" lon="-0.026378">
        <ele>878.8</ele>
        <time>2015-10-20T12:40:04Z</time>
        <sat>11</sat>
      </trkpt>
      <trkpt lat="40.626560" lon="-0.026284">
        <ele>878.9</ele>
        <time>2015-10-20T12:40:09Z</time>
        <sat>11</sat>
      </trkpt>
      <trkpt lat="40.626520" lon="-0.026164">
        <ele>880.5</ele>
        <time>2015-10-20T12:40:15Z</time>
        <sat>11</sat>
      </trkpt>
      <trkpt lat="40.626483" lon="-0.026054">
        <ele>883.8</ele>
        <time>2015-10-20T12:40:20Z</time>
        <sat>11</sat>
      </trkpt>
      <trkpt lat="40.626432" lon="-0.025943">
        <ele>884.7</ele>
        <time>2015-10-20T12:40:26Z</time>
        <sat>10</sat>
      </trkpt>
      <trkpt lat="40.626355" lon="-0.025851">
        <ele>885.5</ele>
        <time>2015-10-20T12:40:32Z</time>
        <sat>11</sat>
      </trkpt>
      <trkpt lat="40.626281" lon="-0.025783">
        <ele>885.5</ele>
        <time>2015-10-20T12:40:37Z</time>
        <sat>10</sat>
      </trkpt>
      <trkpt lat="40.626204" lon="-0.025716">
        <ele>885.2</ele>
        <time>2015-10-20T12:40:42Z</time>
        <sat>11</sat>
      </trkpt>
      <trkpt lat="40.626127" lon="-0.025625">
        <ele>884.7</ele>
        <time>2015-10-20T12:40:48Z</time>
        <sat>11</sat>
      </trkpt>
      <trkpt lat="40.626062" lon="-0.025496">
        <ele>883.5</ele>
        <time>2015-10-20T12:40:55Z</time>
        <sat>11</sat>
      </trkpt>
      <trkpt lat="40.625980" lon="-0.025403">
        <ele>882.0</ele>
        <time>2015-10-20T12:41:01Z</time>
        <sat>11</sat>
      </trkpt>
      <trkpt lat="40.625927" lon="-0.025303">
        <ele>880.3</ele>
        <time>2015-10-20T12:41:06Z</time>
        <sat>11</sat>
      </trkpt>
      <trkpt lat="40.625847" lon="-0.025169">
        <ele>880.5</ele>
        <time>2015-10-20T12:41:14Z</time>
        <sat>11</sat>
      </trkpt>
      <trkpt lat="40.625765" lon="-0.025086">
        <ele>879.8</ele>
        <time>2015-10-20T12:41:20Z</time>
        <sat>11</sat>
      </trkpt>
      <trkpt lat="40.625738" lon="-0.024951">
        <ele>877.3</ele>
        <time>2015-10-20T12:41:26Z</time>
        <sat>11</sat>
      </trkpt>
      <trkpt lat="40.625664" lon="-0.024855">
        <ele>880.6</ele>
        <time>2015-10-20T12:41:32Z</time>
        <sat>11</sat>
      </trkpt>
      <trkpt lat="40.625660" lon="-0.024730">
        <ele>878.4</ele>
        <time>2015-10-20T12:41:37Z</time>
        <sat>11</sat>
      </trkpt>
      <trkpt lat="40.625639" lon="-0.024589">
        <ele>879.0</ele>
        <time>2015-10-20T12:41:43Z</time>
        <sat>11</sat>
      </trkpt>
      <trkpt lat="40.625613" lon="-0.024466">
        <ele>879.1</ele>
        <time>2015-10-20T12:41:49Z</time>
        <sat>11</sat>
      </trkpt>
      <trkpt lat="40.625615" lon="-0.024464">
        <ele>879.1</ele>
        <time>2015-10-20T12:41:49Z</time>
        <sat>11</sat>
      </trkpt>
      <trkpt lat="40.625645" lon="-0.024408">
        <ele>877.6</ele>
        <time>2015-10-20T12:41:52Z</time>
      </trkpt>
      <trkpt lat="40.625657" lon="-0.024144">
        <ele>876.8</ele>
        <time>2015-10-20T12:42:03Z</time>
      </trkpt>
      <trkpt lat="40.625672" lon="-0.023943">
        <ele>876.0</ele>
        <time>2015-10-20T12:42:12Z</time>
      </trkpt>
      <trkpt lat="40.625687" lon="-0.023721">
        <ele>874.1</ele>
        <time>2015-10-20T12:42:22Z</time>
      </trkpt>
      <trkpt lat="40.625684" lon="-0.023508">
        <ele>871.4</ele>
        <time>2015-10-20T12:42:31Z</time>
      </trkpt>
      <trkpt lat="40.625643" lon="-0.023301">
        <ele>869.5</ele>
        <time>2015-10-20T12:42:40Z</time>
      </trkpt>
      <trkpt lat="40.625554" lon="-0.023117">
        <ele>868.3</ele>
        <time>2015-10-20T12:42:50Z</time>
      </trkpt>
      <trkpt lat="40.625356" lon="-0.022884">
        <ele>866.7</ele>
        <time>2015-10-20T12:43:05Z</time>
      </trkpt>
      <trkpt lat="40.625259" lon="-0.022755">
        <ele>865.3</ele>
        <time>2015-10-20T12:43:13Z</time>
      </trkpt>
      <trkpt lat="40.625173" lon="-0.022619">
        <ele>864.4</ele>
        <time>2015-10-20T12:43:21Z</time>
      </trkpt>
      <trkpt lat="40.625056" lon="-0.022319">
        <ele>860.5</ele>
        <time>2015-10-20T12:43:35Z</time>
      </trkpt>
      <trkpt lat="40.624950" lon="-0.022042">
        <ele>857.2</ele>
        <time>2015-10-20T12:43:49Z</time>
      </trkpt>
      <trkpt lat="40.624845" lon="-0.021800">
        <ele>855.3</ele>
        <time>2015-10-20T12:44:01Z</time>
      </trkpt>
      <trkpt lat="40.624809" lon="-0.021515">
        <ele>852.9</ele>
        <time>2015-10-20T12:44:13Z</time>
      </trkpt>
      <trkpt lat="40.624743" lon="-0.021309">
        <ele>852.6</ele>
        <time>2015-10-20T12:44:23Z</time>
      </trkpt>
      <trkpt lat="40.624672" lon="-0.021078">
        <ele>849.8</ele>
        <time>2015-10-20T12:44:34Z</time>
      </trkpt>
      <trkpt lat="40.624574" lon="-0.020860">
        <ele>845.3</ele>
        <time>2015-10-20T12:44:45Z</time>
      </trkpt>
      <trkpt lat="40.624462" lon="-0.020630">
        <ele>842.1</ele>
        <time>2015-10-20T12:44:57Z</time>
      </trkpt>
      <trkpt lat="40.624352" lon="-0.020422">
        <ele>841.2</ele>
        <time>2015-10-20T12:45:08Z</time>
      </trkpt>
      <trkpt lat="40.624193" lon="-0.020229">
        <ele>843.1</ele>
        <time>2015-10-20T12:45:20Z</time>
      </trkpt>
      <trkpt lat="40.624188" lon="-0.020219">
        <ele>842.9</ele>
        <time>2015-10-20T12:45:21Z</time>
      </trkpt>
      <trkpt lat="40.624188" lon="-0.020219">
        <ele>842.9</ele>
        <time>2015-10-20T12:45:21Z</time>
        <sat>11</sat>
      </trkpt>
      <trkpt lat="40.624087" lon="-0.020117">
        <ele>845.2</ele>
        <time>2015-10-20T12:45:28Z</time>
      </trkpt>
      <trkpt lat="40.624087" lon="-0.020117">
        <ele>845.2</ele>
        <time>2015-10-20T12:45:28Z</time>
      </trkpt>
      <trkpt lat="40.624086" lon="-0.020117">
        <ele>845.2</ele>
        <time>2015-10-20T12:45:28Z</time>
      </trkpt>
      <trkpt lat="40.623771" lon="-0.020241">
        <ele>854.7</ele>
        <time>2015-10-20T12:45:47Z</time>
      </trkpt>
      <trkpt lat="40.623405" lon="-0.020307">
        <ele>856.3</ele>
        <time>2015-10-20T12:46:08Z</time>
      </trkpt>
      <trkpt lat="40.623140" lon="-0.020286">
        <ele>858.7</ele>
        <time>2015-10-20T12:46:23Z</time>
      </trkpt>
      <trkpt lat="40.622961" lon="-0.020011">
        <ele>861.2</ele>
        <time>2015-10-20T12:46:39Z</time>
      </trkpt>
      <trkpt lat="40.622783" lon="-0.019754">
        <ele>865.1</ele>
        <time>2015-10-20T12:46:54Z</time>
      </trkpt>
      <trkpt lat="40.622662" lon="-0.019803">
        <ele>866.0</ele>
        <time>2015-10-20T12:47:01Z</time>
      </trkpt>
      <trkpt lat="40.622681" lon="-0.019955">
        <ele>866.5</ele>
        <time>2015-10-20T12:47:08Z</time>
      </trkpt>
      <trkpt lat="40.622738" lon="-0.020067">
        <ele>866.7</ele>
        <time>2015-10-20T12:47:14Z</time>
      </trkpt>
      <trkpt lat="40.622788" lon="-0.020156">
        <ele>866.5</ele>
        <time>2015-10-20T12:47:18Z</time>
      </trkpt>
      <trkpt lat="40.622799" lon="-0.020258">
        <ele>867.6</ele>
        <time>2015-10-20T12:47:23Z</time>
      </trkpt>
      <trkpt lat="40.623202" lon="-0.020850">
        <ele>865.9</ele>
        <time>2015-10-20T12:47:57Z</time>
      </trkpt>
      <trkpt lat="40.623225" lon="-0.020844">
        <ele>866.0</ele>
        <time>2015-10-20T12:47:59Z</time>
      </trkpt>
      <trkpt lat="40.623304" lon="-0.020932">
        <ele>867.2</ele>
        <time>2015-10-20T12:48:05Z</time>
      </trkpt>
      <trkpt lat="40.623187" lon="-0.020961">
        <ele>869.0</ele>
        <time>2015-10-20T12:48:12Z</time>
      </trkpt>
      <trkpt lat="40.622708" lon="-0.020717">
        <ele>880.6</ele>
        <time>2015-10-20T12:48:41Z</time>
      </trkpt>
      <trkpt lat="40.622566" lon="-0.020518">
        <ele>878.6</ele>
        <time>2015-10-20T12:48:53Z</time>
      </trkpt>
      <trkpt lat="40.622518" lon="-0.020700">
        <ele>887.2</ele>
        <time>2015-10-20T12:49:01Z</time>
      </trkpt>
      <trkpt lat="40.622596" lon="-0.021005">
        <ele>889.9</ele>
        <time>2015-10-20T12:49:15Z</time>
      </trkpt>
      <trkpt lat="40.622739" lon="-0.021286">
        <ele>886.3</ele>
        <time>2015-10-20T12:49:30Z</time>
      </trkpt>
      <trkpt lat="40.623123" lon="-0.021722">
        <ele>885.3</ele>
        <time>2015-10-20T12:49:59Z</time>
      </trkpt>
      <trkpt lat="40.623755" lon="-0.021833">
        <ele>882.9</ele>
        <time>2015-10-20T12:50:35Z</time>
      </trkpt>
      <trkpt lat="40.624079" lon="-0.022162">
        <ele>881.0</ele>
        <time>2015-10-20T12:50:59Z</time>
      </trkpt>
      <trkpt lat="40.624472" lon="-0.022950">
        <ele>884.8</ele>
        <time>2015-10-20T12:51:40Z</time>
      </trkpt>
      <trkpt lat="40.624781" lon="-0.023293">
        <ele>885.1</ele>
        <time>2015-10-20T12:52:03Z</time>
      </trkpt>
      <trkpt lat="40.625050" lon="-0.023421">
        <ele>883.0</ele>
        <time>2015-10-20T12:52:19Z</time>
        <sat>11</sat>
      </trkpt>
      <trkpt lat="40.625263" lon="-0.023665">
        <ele>883.9</ele>
        <time>2015-10-20T12:52:35Z</time>
      </trkpt>
      <trkpt lat="40.625280" lon="-0.023789">
        <ele>886.2</ele>
        <time>2015-10-20T12:52:41Z</time>
        <sat>11</sat>
      </trkpt>
      <trkpt lat="40.625275" lon="-0.023798">
        <ele>886.5</ele>
        <time>2015-10-20T12:52:41Z</time>
        <sat>8</sat>
      </trkpt>
      <trkpt lat="40.625265" lon="-0.023917">
        <ele>888.1</ele>
        <time>2015-10-20T12:52:46Z</time>
        <sat>8</sat>
      </trkpt>
      <trkpt lat="40.625246" lon="-0.024056">
        <ele>889.5</ele>
        <time>2015-10-20T12:52:52Z</time>
        <sat>8</sat>
      </trkpt>
      <trkpt lat="40.625214" lon="-0.024178">
        <ele>890.7</ele>
        <time>2015-10-20T12:52:58Z</time>
        <sat>8</sat>
      </trkpt>
      <trkpt lat="40.625192" lon="-0.024309">
        <ele>891.8</ele>
        <time>2015-10-20T12:53:04Z</time>
        <sat>7</sat>
      </trkpt>
      <trkpt lat="40.625187" lon="-0.024445">
        <ele>891.7</ele>
        <time>2015-10-20T12:53:10Z</time>
        <sat>7</sat>
      </trkpt>
      <trkpt lat="40.625170" lon="-0.024579">
        <ele>892.1</ele>
        <time>2015-10-20T12:53:16Z</time>
        <sat>7</sat>
      </trkpt>
      <trkpt lat="40.625147" lon="-0.024713">
        <ele>892.9</ele>
        <time>2015-10-20T12:53:22Z</time>
        <sat>6</sat>
      </trkpt>
      <trkpt lat="40.625124" lon="-0.024833">
        <ele>894.4</ele>
        <time>2015-10-20T12:53:27Z</time>
        <sat>6</sat>
      </trkpt>
      <trkpt lat="40.625084" lon="-0.024949">
        <ele>895.8</ele>
        <time>2015-10-20T12:53:32Z</time>
        <sat>6</sat>
      </trkpt>
      <trkpt lat="40.625052" lon="-0.025076">
        <ele>897.0</ele>
        <time>2015-10-20T12:53:38Z</time>
        <sat>6</sat>
      </trkpt>
      <trkpt lat="40.625040" lon="-0.025210">
        <ele>896.5</ele>
        <time>2015-10-20T12:53:44Z</time>
        <sat>6</sat>
      </trkpt>
      <trkpt lat="40.625065" lon="-0.025335">
        <ele>896.4</ele>
        <time>2015-10-20T12:53:50Z</time>
        <sat>6</sat>
      </trkpt>
      <trkpt lat="40.625099" lon="-0.025450">
        <ele>896.6</ele>
        <time>2015-10-20T12:53:55Z</time>
        <sat>5</sat>
      </trkpt>
      <trkpt lat="40.625157" lon="-0.025560">
        <ele>897.9</ele>
        <time>2015-10-20T12:54:01Z</time>
        <sat>5</sat>
      </trkpt>
      <trkpt lat="40.625234" lon="-0.025658">
        <ele>897.3</ele>
        <time>2015-10-20T12:54:07Z</time>
        <sat>5</sat>
      </trkpt>
      <trkpt lat="40.625304" lon="-0.025756">
        <ele>897.5</ele>
        <time>2015-10-20T12:54:13Z</time>
        <sat>5</sat>
      </trkpt>
      <trkpt lat="40.625367" lon="-0.025864">
        <ele>899.5</ele>
        <time>2015-10-20T12:54:19Z</time>
        <sat>5</sat>
      </trkpt>
      <trkpt lat="40.625427" lon="-0.025953">
        <ele>900.5</ele>
        <time>2015-10-20T12:54:24Z</time>
        <sat>5</sat>
      </trkpt>
      <trkpt lat="40.625486" lon="-0.026046">
        <ele>900.5</ele>
        <time>2015-10-20T12:54:29Z</time>
        <sat>5</sat>
      </trkpt>
      <trkpt lat="40.625547" lon="-0.026132">
        <ele>902.6</ele>
        <time>2015-10-20T12:54:34Z</time>
        <sat>5</sat>
      </trkpt>
      <trkpt lat="40.625614" lon="-0.026236">
        <ele>905.1</ele>
        <time>2015-10-20T12:54:40Z</time>
        <sat>5</sat>
      </trkpt>
      <trkpt lat="40.625689" lon="-0.026318">
        <ele>903.6</ele>
        <time>2015-10-20T12:54:46Z</time>
        <sat>5</sat>
      </trkpt>
      <trkpt lat="40.625759" lon="-0.026399">
        <ele>903.7</ele>
        <time>2015-10-20T12:54:51Z</time>
        <sat>5</sat>
      </trkpt>
      <trkpt lat="40.625832" lon="-0.026486">
        <ele>904.6</ele>
        <time>2015-10-20T12:54:57Z</time>
        <sat>5</sat>
      </trkpt>
      <trkpt lat="40.625891" lon="-0.026618">
        <ele>906.8</ele>
        <time>2015-10-20T12:55:03Z</time>
        <sat>5</sat>
      </trkpt>
      <trkpt lat="40.625927" lon="-0.026731">
        <ele>909.4</ele>
        <time>2015-10-20T12:55:09Z</time>
        <sat>5</sat>
      </trkpt>
      <trkpt lat="40.625969" lon="-0.026858">
        <ele>910.8</ele>
        <time>2015-10-20T12:55:15Z</time>
        <sat>5</sat>
      </trkpt>
      <trkpt lat="40.626019" lon="-0.026968">
        <ele>910.6</ele>
        <time>2015-10-20T12:55:20Z</time>
        <sat>5</sat>
      </trkpt>
      <trkpt lat="40.626102" lon="-0.027063">
        <ele>910.6</ele>
        <time>2015-10-20T12:55:27Z</time>
        <sat>5</sat>
      </trkpt>
      <trkpt lat="40.626193" lon="-0.027121">
        <ele>908.9</ele>
        <time>2015-10-20T12:55:32Z</time>
        <sat>5</sat>
      </trkpt>
      <trkpt lat="40.626281" lon="-0.027176">
        <ele>904.9</ele>
        <time>2015-10-20T12:55:38Z</time>
        <sat>5</sat>
      </trkpt>
      <trkpt lat="40.626369" lon="-0.027255">
        <ele>904.8</ele>
        <time>2015-10-20T12:55:44Z</time>
        <sat>6</sat>
      </trkpt>
      <trkpt lat="40.626449" lon="-0.027346">
        <ele>907.0</ele>
        <time>2015-10-20T12:55:50Z</time>
        <sat>6</sat>
      </trkpt>
      <trkpt lat="40.626522" lon="-0.027418">
        <ele>908.2</ele>
        <time>2015-10-20T12:55:55Z</time>
        <sat>6</sat>
      </trkpt>
      <trkpt lat="40.626589" lon="-0.027501">
        <ele>909.9</ele>
        <time>2015-10-20T12:56:01Z</time>
        <sat>6</sat>
      </trkpt>
      <trkpt lat="40.626666" lon="-0.027604">
        <ele>911.0</ele>
        <time>2015-10-20T12:56:07Z</time>
        <sat>6</sat>
      </trkpt>
      <trkpt lat="40.626734" lon="-0.027728">
        <ele>913.2</ele>
        <time>2015-10-20T12:56:13Z</time>
        <sat>6</sat>
      </trkpt>
      <trkpt lat="40.626801" lon="-0.027839">
        <ele>914.6</ele>
        <time>2015-10-20T12:56:20Z</time>
        <sat>7</sat>
      </trkpt>
      <trkpt lat="40.626855" lon="-0.027939">
        <ele>915.8</ele>
        <time>2015-10-20T12:56:25Z</time>
        <sat>7</sat>
      </trkpt>
      <trkpt lat="40.626931" lon="-0.028038">
        <ele>915.8</ele>
        <time>2015-10-20T12:56:31Z</time>
        <sat>7</sat>
      </trkpt>
      <trkpt lat="40.627009" lon="-0.028118">
        <ele>915.0</ele>
        <time>2015-10-20T12:56:37Z</time>
        <sat>7</sat>
      </trkpt>
      <trkpt lat="40.627070" lon="-0.028208">
        <ele>916.0</ele>
        <time>2015-10-20T12:56:42Z</time>
        <sat>7</sat>
      </trkpt>
      <trkpt lat="40.627149" lon="-0.028301">
        <ele>917.5</ele>
        <time>2015-10-20T12:56:48Z</time>
        <sat>7</sat>
      </trkpt>
      <trkpt lat="40.627209" lon="-0.028393">
        <ele>918.8</ele>
        <time>2015-10-20T12:56:53Z</time>
        <sat>7</sat>
      </trkpt>
      <trkpt lat="40.627274" lon="-0.028489">
        <ele>920.5</ele>
        <time>2015-10-20T12:56:59Z</time>
        <sat>7</sat>
      </trkpt>
      <trkpt lat="40.627314" lon="-0.028616">
        <ele>922.3</ele>
        <time>2015-10-20T12:57:05Z</time>
        <sat>7</sat>
      </trkpt>
      <trkpt lat="40.627356" lon="-0.028753">
        <ele>923.7</ele>
        <time>2015-10-20T12:57:11Z</time>
        <sat>7</sat>
      </trkpt>
      <trkpt lat="40.627376" lon="-0.028883">
        <ele>924.8</ele>
        <time>2015-10-20T12:57:17Z</time>
        <sat>7</sat>
      </trkpt>
      <trkpt lat="40.627405" lon="-0.029014">
        <ele>925.2</ele>
        <time>2015-10-20T12:57:23Z</time>
        <sat>7</sat>
      </trkpt>
      <trkpt lat="40.627437" lon="-0.029138">
        <ele>925.4</ele>
        <time>2015-10-20T12:57:29Z</time>
        <sat>6</sat>
      </trkpt>
      <trkpt lat="40.627472" lon="-0.029267">
        <ele>926.1</ele>
        <time>2015-10-20T12:57:35Z</time>
        <sat>7</sat>
      </trkpt>
      <trkpt lat="40.627476" lon="-0.029416">
        <ele>927.4</ele>
        <time>2015-10-20T12:57:41Z</time>
        <sat>8</sat>
      </trkpt>
      <trkpt lat="40.627466" lon="-0.029551">
        <ele>930.4</ele>
        <time>2015-10-20T12:57:47Z</time>
        <sat>8</sat>
      </trkpt>
      <trkpt lat="40.627464" lon="-0.029683">
        <ele>930.9</ele>
        <time>2015-10-20T12:57:53Z</time>
        <sat>7</sat>
      </trkpt>
      <trkpt lat="40.627466" lon="-0.029810">
        <ele>930.2</ele>
        <time>2015-10-20T12:57:58Z</time>
        <sat>6</sat>
      </trkpt>
      <trkpt lat="40.627464" lon="-0.029950">
        <ele>929.6</ele>
        <time>2015-10-20T12:58:04Z</time>
        <sat>6</sat>
      </trkpt>
      <trkpt lat="40.627462" lon="-0.030089">
        <ele>930.0</ele>
        <time>2015-10-20T12:58:10Z</time>
        <sat>6</sat>
      </trkpt>
      <trkpt lat="40.627472" lon="-0.030238">
        <ele>929.4</ele>
        <time>2015-10-20T12:58:17Z</time>
        <sat>6</sat>
      </trkpt>
      <trkpt lat="40.627471" lon="-0.030378">
        <ele>929.9</ele>
        <time>2015-10-20T12:58:23Z</time>
        <sat>6</sat>
      </trkpt>
      <trkpt lat="40.627454" lon="-0.030541">
        <ele>930.6</ele>
        <time>2015-10-20T12:58:30Z</time>
        <sat>6</sat>
      </trkpt>
      <trkpt lat="40.627467" lon="-0.030700">
        <ele>929.1</ele>
        <time>2015-10-20T12:58:37Z</time>
        <sat>6</sat>
      </trkpt>
      <trkpt lat="40.627481" lon="-0.030851">
        <ele>929.3</ele>
        <time>2015-10-20T12:58:43Z</time>
        <sat>6</sat>
      </trkpt>
      <trkpt lat="40.627497" lon="-0.030968">
        <ele>928.8</ele>
        <time>2015-10-20T12:58:49Z</time>
        <sat>6</sat>
      </trkpt>
      <trkpt lat="40.627514" lon="-0.031099">
        <ele>928.9</ele>
        <time>2015-10-20T12:58:54Z</time>
        <sat>6</sat>
      </trkpt>
      <trkpt lat="40.627509" lon="-0.031223">
        <ele>930.4</ele>
        <time>2015-10-20T12:59:00Z</time>
        <sat>6</sat>
      </trkpt>
      <trkpt lat="40.627509" lon="-0.031353">
        <ele>931.6</ele>
        <time>2015-10-20T12:59:05Z</time>
        <sat>6</sat>
      </trkpt>
      <trkpt lat="40.627566" lon="-0.031456">
        <ele>930.1</ele>
        <time>2015-10-20T12:59:11Z</time>
        <sat>7</sat>
      </trkpt>
      <trkpt lat="40.627542" lon="-0.031599">
        <ele>932.6</ele>
        <time>2015-10-20T12:59:17Z</time>
        <sat>7</sat>
      </trkpt>
      <trkpt lat="40.627543" lon="-0.031837">
        <ele>933.8</ele>
        <time>2015-10-20T12:59:28Z</time>
        <sat>7</sat>
      </trkpt>
      <trkpt lat="40.627566" lon="-0.031972">
        <ele>935.1</ele>
        <time>2015-10-20T12:59:34Z</time>
        <sat>7</sat>
      </trkpt>
      <trkpt lat="40.627681" lon="-0.032063">
        <ele>937.1</ele>
        <time>2015-10-20T12:59:41Z</time>
        <sat>7</sat>
      </trkpt>
      <trkpt lat="40.627785" lon="-0.032084">
        <ele>939.4</ele>
        <time>2015-10-20T12:59:47Z</time>
        <sat>7</sat>
      </trkpt>
      <trkpt lat="40.627864" lon="-0.032113">
        <ele>940.8</ele>
        <time>2015-10-20T12:59:52Z</time>
        <sat>7</sat>
      </trkpt>
      <trkpt lat="40.627950" lon="-0.032186">
        <ele>942.5</ele>
        <time>2015-10-20T12:59:58Z</time>
        <sat>7</sat>
      </trkpt>
      <trkpt lat="40.628025" lon="-0.032260">
        <ele>944.4</ele>
        <time>2015-10-20T13:00:03Z</time>
        <sat>7</sat>
      </trkpt>
      <trkpt lat="40.628097" lon="-0.032399">
        <ele>946.8</ele>
        <time>2015-10-20T13:00:11Z</time>
        <sat>7</sat>
      </trkpt>
      <trkpt lat="40.628035" lon="-0.032466">
        <ele>948.7</ele>
        <time>2015-10-20T13:00:15Z</time>
        <sat>7</sat>
      </trkpt>
      <trkpt lat="40.627976" lon="-0.032443">
        <ele>949.2</ele>
        <time>2015-10-20T13:00:19Z</time>
        <sat>7</sat>
      </trkpt>
      <trkpt lat="40.627878" lon="-0.032454">
        <ele>950.7</ele>
        <time>2015-10-20T13:00:24Z</time>
        <sat>6</sat>
      </trkpt>
      <trkpt lat="40.627785" lon="-0.032464">
        <ele>952.2</ele>
        <time>2015-10-20T13:00:30Z</time>
        <sat>7</sat>
      </trkpt>
      <trkpt lat="40.627687" lon="-0.032462">
        <ele>954.6</ele>
        <time>2015-10-20T13:00:35Z</time>
        <sat>6</sat>
      </trkpt>
      <trkpt lat="40.627593" lon="-0.032453">
        <ele>956.5</ele>
        <time>2015-10-20T13:00:41Z</time>
        <sat>7</sat>
      </trkpt>
      <trkpt lat="40.627504" lon="-0.032406">
        <ele>958.6</ele>
        <time>2015-10-20T13:00:46Z</time>
        <sat>7</sat>
      </trkpt>
      <trkpt lat="40.627405" lon="-0.032378">
        <ele>960.7</ele>
        <time>2015-10-20T13:00:52Z</time>
        <sat>7</sat>
      </trkpt>
      <trkpt lat="40.627317" lon="-0.032369">
        <ele>962.0</ele>
        <time>2015-10-20T13:00:57Z</time>
        <sat>7</sat>
      </trkpt>
      <trkpt lat="40.627218" lon="-0.032354">
        <ele>964.1</ele>
        <time>2015-10-20T13:01:03Z</time>
        <sat>7</sat>
      </trkpt>
      <trkpt lat="40.627129" lon="-0.032326">
        <ele>964.4</ele>
        <time>2015-10-20T13:01:08Z</time>
        <sat>7</sat>
      </trkpt>
      <trkpt lat="40.627040" lon="-0.032304">
        <ele>965.9</ele>
        <time>2015-10-20T13:01:13Z</time>
        <sat>7</sat>
      </trkpt>
      <trkpt lat="40.626951" lon="-0.032275">
        <ele>963.8</ele>
        <time>2015-10-20T13:01:18Z</time>
        <sat>7</sat>
      </trkpt>
      <trkpt lat="40.626860" lon="-0.032338">
        <ele>964.2</ele>
        <time>2015-10-20T13:01:24Z</time>
        <sat>7</sat>
      </trkpt>
      <trkpt lat="40.626778" lon="-0.032425">
        <ele>965.0</ele>
        <time>2015-10-20T13:01:30Z</time>
        <sat>7</sat>
      </trkpt>
      <trkpt lat="40.626778" lon="-0.032425">
        <ele>965.0</ele>
        <time>2015-10-20T13:01:30Z</time>
        <sat>7</sat>
      </trkpt>
      <trkpt lat="40.626696" lon="-0.032434">
        <ele>965.5</ele>
        <time>2015-10-20T13:01:35Z</time>
        <sat>7</sat>
      </trkpt>
      <trkpt lat="40.626643" lon="-0.032441">
        <ele>965.6</ele>
        <time>2015-10-20T13:01:38Z</time>
        <sat>7</sat>
      </trkpt>
      <trkpt lat="40.626585" lon="-0.032448">
        <ele>966.0</ele>
        <time>2015-10-20T13:01:41Z</time>
        <sat>7</sat>
      </trkpt>
      <trkpt lat="40.626520" lon="-0.032451">
        <ele>966.3</ele>
        <time>2015-10-20T13:01:45Z</time>
        <sat>7</sat>
      </trkpt>
      <trkpt lat="40.626449" lon="-0.032470">
        <ele>967.1</ele>
        <time>2015-10-20T13:01:49Z</time>
        <sat>8</sat>
      </trkpt>
      <trkpt lat="40.626314" lon="-0.032463">
        <ele>967.2</ele>
        <time>2015-10-20T13:01:57Z</time>
        <sat>8</sat>
      </trkpt>
      <trkpt lat="40.626197" lon="-0.032446">
        <ele>967.3</ele>
        <time>2015-10-20T13:02:04Z</time>
        <sat>8</sat>
      </trkpt>
      <trkpt lat="40.626094" lon="-0.032419">
        <ele>967.8</ele>
        <time>2015-10-20T13:02:10Z</time>
        <sat>8</sat>
      </trkpt>
      <trkpt lat="40.625973" lon="-0.032430">
        <ele>968.5</ele>
        <time>2015-10-20T13:02:16Z</time>
        <sat>8</sat>
      </trkpt>
      <trkpt lat="40.625855" lon="-0.032387">
        <ele>968.4</ele>
        <time>2015-10-20T13:02:24Z</time>
        <sat>8</sat>
      </trkpt>
      <trkpt lat="40.625786" lon="-0.032336">
        <ele>968.8</ele>
        <time>2015-10-20T13:02:28Z</time>
        <sat>8</sat>
      </trkpt>
      <trkpt lat="40.625674" lon="-0.032316">
        <ele>969.2</ele>
        <time>2015-10-20T13:02:34Z</time>
        <sat>9</sat>
      </trkpt>
      <trkpt lat="40.625581" lon="-0.032301">
        <ele>969.7</ele>
        <time>2015-10-20T13:02:40Z</time>
        <sat>9</sat>
      </trkpt>
      <trkpt lat="40.625474" lon="-0.032280">
        <ele>969.8</ele>
        <time>2015-10-20T13:02:46Z</time>
        <sat>9</sat>
      </trkpt>
      <trkpt lat="40.625362" lon="-0.032260">
        <ele>970.3</ele>
        <time>2015-10-20T13:02:52Z</time>
        <sat>9</sat>
      </trkpt>
      <trkpt lat="40.625269" lon="-0.032232">
        <ele>970.6</ele>
        <time>2015-10-20T13:02:58Z</time>
        <sat>9</sat>
      </trkpt>
      <trkpt lat="40.625171" lon="-0.032204">
        <ele>971.3</ele>
        <time>2015-10-20T13:03:04Z</time>
        <sat>9</sat>
      </trkpt>
      <trkpt lat="40.625066" lon="-0.032251">
        <ele>972.0</ele>
        <time>2015-10-20T13:03:10Z</time>
        <sat>9</sat>
      </trkpt>
      <trkpt lat="40.624945" lon="-0.032342">
        <ele>973.5</ele>
        <time>2015-10-20T13:03:18Z</time>
        <sat>9</sat>
      </trkpt>
      <trkpt lat="40.624901" lon="-0.032438">
        <ele>973.6</ele>
        <time>2015-10-20T13:03:23Z</time>
        <sat>9</sat>
      </trkpt>
      <trkpt lat="40.624903" lon="-0.032436">
        <ele>973.6</ele>
        <time>2015-10-20T13:03:23Z</time>
        <sat>9</sat>
      </trkpt>
      <trkpt lat="40.624911" lon="-0.032492">
        <ele>973.9</ele>
        <time>2015-10-20T13:03:25Z</time>
      </trkpt>
      <trkpt lat="40.624884" lon="-0.032644">
        <ele>975.1</ele>
        <time>2015-10-20T13:03:32Z</time>
      </trkpt>
      <trkpt lat="40.624773" lon="-0.032945">
        <ele>976.5</ele>
        <time>2015-10-20T13:03:47Z</time>
      </trkpt>
      <trkpt lat="40.624658" lon="-0.032994">
        <ele>977.2</ele>
        <time>2015-10-20T13:03:54Z</time>
      </trkpt>
      <trkpt lat="40.624650" lon="-0.033114">
        <ele>979.2</ele>
        <time>2015-10-20T13:03:59Z</time>
      </trkpt>
      <trkpt lat="40.624678" lon="-0.033266">
        <ele>981.8</ele>
        <time>2015-10-20T13:04:06Z</time>
      </trkpt>
      <trkpt lat="40.624661" lon="-0.033391">
        <ele>982.0</ele>
        <time>2015-10-20T13:04:11Z</time>
      </trkpt>
      <trkpt lat="40.624619" lon="-0.033505">
        <ele>982.7</ele>
        <time>2015-10-20T13:04:17Z</time>
      </trkpt>
      <trkpt lat="40.624563" lon="-0.033656">
        <ele>983.6</ele>
        <time>2015-10-20T13:04:24Z</time>
      </trkpt>
      <trkpt lat="40.624483" lon="-0.033720">
        <ele>983.3</ele>
        <time>2015-10-20T13:04:29Z</time>
      </trkpt>
      <trkpt lat="40.624456" lon="-0.033836">
        <ele>984.3</ele>
        <time>2015-10-20T13:04:35Z</time>
      </trkpt>
      <trkpt lat="40.624397" lon="-0.033934">
        <ele>984.6</ele>
        <time>2015-10-20T13:04:40Z</time>
      </trkpt>
      <trkpt lat="40.624340" lon="-0.034034">
        <ele>985.3</ele>
        <time>2015-10-20T13:04:46Z</time>
      </trkpt>
      <trkpt lat="40.624297" lon="-0.034148">
        <ele>986.6</ele>
        <time>2015-10-20T13:04:51Z</time>
      </trkpt>
      <trkpt lat="40.624256" lon="-0.034253">
        <ele>987.9</ele>
        <time>2015-10-20T13:04:56Z</time>
      </trkpt>
      <trkpt lat="40.624146" lon="-0.034382">
        <ele>988.9</ele>
        <time>2015-10-20T13:05:05Z</time>
      </trkpt>
      <trkpt lat="40.624102" lon="-0.034489">
        <ele>990.3</ele>
        <time>2015-10-20T13:05:10Z</time>
      </trkpt>
      <trkpt lat="40.624069" lon="-0.034606">
        <ele>990.7</ele>
        <time>2015-10-20T13:05:15Z</time>
      </trkpt>
      <trkpt lat="40.624048" lon="-0.034725">
        <ele>991.6</ele>
        <time>2015-10-20T13:05:21Z</time>
      </trkpt>
      <trkpt lat="40.624022" lon="-0.034840">
        <ele>993.2</ele>
        <time>2015-10-20T13:05:26Z</time>
      </trkpt>
      <trkpt lat="40.623974" lon="-0.035089">
        <ele>996.0</ele>
        <time>2015-10-20T13:05:37Z</time>
      </trkpt>
      <trkpt lat="40.623972" lon="-0.035210">
        <ele>997.0</ele>
        <time>2015-10-20T13:05:42Z</time>
      </trkpt>
      <trkpt lat="40.623927" lon="-0.035325">
        <ele>998.2</ele>
        <time>2015-10-20T13:05:48Z</time>
      </trkpt>
      <trkpt lat="40.623894" lon="-0.035442">
        <ele>999.3</ele>
        <time>2015-10-20T13:05:53Z</time>
      </trkpt>
      <trkpt lat="40.623884" lon="-0.035562">
        <ele>1000.7</ele>
        <time>2015-10-20T13:05:58Z</time>
      </trkpt>
      <trkpt lat="40.623839" lon="-0.035672">
        <ele>1002.0</ele>
        <time>2015-10-20T13:06:04Z</time>
      </trkpt>
      <trkpt lat="40.623801" lon="-0.035916">
        <ele>1004.3</ele>
        <time>2015-10-20T13:06:15Z</time>
      </trkpt>
      <trkpt lat="40.623764" lon="-0.036033">
        <ele>1005.7</ele>
        <time>2015-10-20T13:06:20Z</time>
      </trkpt>
      <trkpt lat="40.623731" lon="-0.036275">
        <ele>1008.4</ele>
        <time>2015-10-20T13:06:31Z</time>
      </trkpt>
      <trkpt lat="40.623693" lon="-0.036383">
        <ele>1011.4</ele>
        <time>2015-10-20T13:06:36Z</time>
      </trkpt>
      <trkpt lat="40.623664" lon="-0.036500">
        <ele>1013.1</ele>
        <time>2015-10-20T13:06:41Z</time>
      </trkpt>
      <trkpt lat="40.623668" lon="-0.036627">
        <ele>1014.5</ele>
        <time>2015-10-20T13:06:47Z</time>
      </trkpt>
      <trkpt lat="40.623593" lon="-0.036840">
        <ele>1018.8</ele>
        <time>2015-10-20T13:06:57Z</time>
      </trkpt>
      <trkpt lat="40.623505" lon="-0.036799">
        <ele>1021.4</ele>
        <time>2015-10-20T13:07:02Z</time>
      </trkpt>
      <trkpt lat="40.623453" lon="-0.036701">
        <ele>1024.2</ele>
        <time>2015-10-20T13:07:08Z</time>
      </trkpt>
      <trkpt lat="40.623420" lon="-0.036579">
        <ele>1025.2</ele>
        <time>2015-10-20T13:07:13Z</time>
      </trkpt>
      <trkpt lat="40.623376" lon="-0.036461">
        <ele>1026.8</ele>
        <time>2015-10-20T13:07:19Z</time>
      </trkpt>
      <trkpt lat="40.623301" lon="-0.036230">
        <ele>1029.1</ele>
        <time>2015-10-20T13:07:30Z</time>
      </trkpt>
      <trkpt lat="40.623269" lon="-0.036104">
        <ele>1029.5</ele>
        <time>2015-10-20T13:07:36Z</time>
      </trkpt>
      <trkpt lat="40.623218" lon="-0.035997">
        <ele>1029.7</ele>
        <time>2015-10-20T13:07:41Z</time>
      </trkpt>
      <trkpt lat="40.623153" lon="-0.035897">
        <ele>1029.7</ele>
        <time>2015-10-20T13:07:47Z</time>
      </trkpt>
      <trkpt lat="40.623077" lon="-0.035826">
        <ele>1029.6</ele>
        <time>2015-10-20T13:07:52Z</time>
      </trkpt>
      <trkpt lat="40.623012" lon="-0.035740">
        <ele>1029.2</ele>
        <time>2015-10-20T13:07:57Z</time>
      </trkpt>
      <trkpt lat="40.622860" lon="-0.035589">
        <ele>1029.9</ele>
        <time>2015-10-20T13:08:08Z</time>
      </trkpt>
      <trkpt lat="40.622791" lon="-0.035491">
        <ele>1030.6</ele>
        <time>2015-10-20T13:08:14Z</time>
      </trkpt>
      <trkpt lat="40.622717" lon="-0.035414">
        <ele>1031.4</ele>
        <time>2015-10-20T13:08:19Z</time>
      </trkpt>
      <trkpt lat="40.622686" lon="-0.035527">
        <ele>1034.1</ele>
        <time>2015-10-20T13:08:25Z</time>
      </trkpt>
      <trkpt lat="40.622735" lon="-0.035642">
        <ele>1034.8</ele>
        <time>2015-10-20T13:08:30Z</time>
      </trkpt>
      <trkpt lat="40.622762" lon="-0.035764">
        <ele>1035.8</ele>
        <time>2015-10-20T13:08:36Z</time>
      </trkpt>
      <trkpt lat="40.622840" lon="-0.035985">
        <ele>1038.4</ele>
        <time>2015-10-20T13:08:46Z</time>
      </trkpt>
      <trkpt lat="40.622878" lon="-0.036094">
        <ele>1038.8</ele>
        <time>2015-10-20T13:08:52Z</time>
      </trkpt>
      <trkpt lat="40.622935" lon="-0.036188">
        <ele>1039.2</ele>
        <time>2015-10-20T13:08:57Z</time>
      </trkpt>
      <trkpt lat="40.622968" lon="-0.036317">
        <ele>1041.4</ele>
        <time>2015-10-20T13:09:03Z</time>
      </trkpt>
      <trkpt lat="40.622991" lon="-0.036552">
        <ele>1044.6</ele>
        <time>2015-10-20T13:09:13Z</time>
      </trkpt>
      <trkpt lat="40.622971" lon="-0.036676">
        <ele>1045.5</ele>
        <time>2015-10-20T13:09:19Z</time>
      </trkpt>
      <trkpt lat="40.622936" lon="-0.036795">
        <ele>1047.4</ele>
        <time>2015-10-20T13:09:24Z</time>
      </trkpt>
      <trkpt lat="40.622863" lon="-0.037024">
        <ele>1050.5</ele>
        <time>2015-10-20T13:09:35Z</time>
      </trkpt>
      <trkpt lat="40.622807" lon="-0.037126">
        <ele>1052.6</ele>
        <time>2015-10-20T13:09:40Z</time>
      </trkpt>
      <trkpt lat="40.622757" lon="-0.037227">
        <ele>1053.8</ele>
        <time>2015-10-20T13:09:46Z</time>
      </trkpt>
      <trkpt lat="40.622710" lon="-0.037342">
        <ele>1055.2</ele>
        <time>2015-10-20T13:09:51Z</time>
      </trkpt>
      <trkpt lat="40.622698" lon="-0.037471">
        <ele>1055.9</ele>
        <time>2015-10-20T13:09:57Z</time>
      </trkpt>
      <trkpt lat="40.622691" lon="-0.037595">
        <ele>1056.3</ele>
        <time>2015-10-20T13:10:02Z</time>
      </trkpt>
      <trkpt lat="40.622563" lon="-0.037772">
        <ele>1059.4</ele>
        <time>2015-10-20T13:10:13Z</time>
      </trkpt>
      <trkpt lat="40.622502" lon="-0.037872">
        <ele>1060.7</ele>
        <time>2015-10-20T13:10:19Z</time>
      </trkpt>
      <trkpt lat="40.622436" lon="-0.037955">
        <ele>1062.3</ele>
        <time>2015-10-20T13:10:24Z</time>
      </trkpt>
      <trkpt lat="40.622402" lon="-0.038074">
        <ele>1062.9</ele>
        <time>2015-10-20T13:10:29Z</time>
      </trkpt>
      <trkpt lat="40.622314" lon="-0.038141">
        <ele>1064.7</ele>
        <time>2015-10-20T13:10:35Z</time>
      </trkpt>
      <trkpt lat="40.622155" lon="-0.038376">
        <ele>1067.8</ele>
        <time>2015-10-20T13:10:49Z</time>
      </trkpt>
      <trkpt lat="40.622162" lon="-0.038379">
        <ele>1067.7</ele>
        <time>2015-10-20T13:10:49Z</time>
      </trkpt>
      <trkpt lat="40.622162" lon="-0.038381">
        <ele>1067.7</ele>
        <time>2015-10-20T13:10:49Z</time>
        <sat>8</sat>
      </trkpt>
      <trkpt lat="40.622124" lon="-0.038519">
        <ele>1068.2</ele>
        <time>2015-10-20T13:10:56Z</time>
        <sat>8</sat>
      </trkpt>
      <trkpt lat="40.622070" lon="-0.038641">
        <ele>1069.0</ele>
        <time>2015-10-20T13:11:02Z</time>
        <sat>8</sat>
      </trkpt>
      <trkpt lat="40.622031" lon="-0.038760">
        <ele>1069.4</ele>
        <time>2015-10-20T13:11:07Z</time>
        <sat>8</sat>
      </trkpt>
      <trkpt lat="40.622029" lon="-0.038883">
        <ele>1068.1</ele>
        <time>2015-10-20T13:11:13Z</time>
        <sat>8</sat>
      </trkpt>
      <trkpt lat="40.622102" lon="-0.038996">
        <ele>1068.1</ele>
        <time>2015-10-20T13:11:19Z</time>
        <sat>8</sat>
      </trkpt>
      <trkpt lat="40.622189" lon="-0.039087">
        <ele>1068.9</ele>
        <time>2015-10-20T13:11:26Z</time>
        <sat>8</sat>
      </trkpt>
      <trkpt lat="40.622279" lon="-0.039151">
        <ele>1069.0</ele>
        <time>2015-10-20T13:11:31Z</time>
        <sat>8</sat>
      </trkpt>
      <trkpt lat="40.622381" lon="-0.039176">
        <ele>1068.3</ele>
        <time>2015-10-20T13:11:37Z</time>
        <sat>8</sat>
      </trkpt>
      <trkpt lat="40.622472" lon="-0.039193">
        <ele>1068.5</ele>
        <time>2015-10-20T13:11:43Z</time>
        <sat>8</sat>
      </trkpt>
      <trkpt lat="40.622567" lon="-0.039179">
        <ele>1068.6</ele>
        <time>2015-10-20T13:11:48Z</time>
        <sat>8</sat>
      </trkpt>
      <trkpt lat="40.622669" lon="-0.039151">
        <ele>1068.3</ele>
        <time>2015-10-20T13:11:54Z</time>
        <sat>8</sat>
      </trkpt>
      <trkpt lat="40.622764" lon="-0.039127">
        <ele>1068.0</ele>
        <time>2015-10-20T13:12:00Z</time>
        <sat>8</sat>
      </trkpt>
      <trkpt lat="40.622876" lon="-0.039112">
        <ele>1068.9</ele>
        <time>2015-10-20T13:12:06Z</time>
        <sat>8</sat>
      </trkpt>
      <trkpt lat="40.622976" lon="-0.039097">
        <ele>1069.6</ele>
        <time>2015-10-20T13:12:12Z</time>
        <sat>8</sat>
      </trkpt>
      <trkpt lat="40.623074" lon="-0.039087">
        <ele>1070.4</ele>
        <time>2015-10-20T13:12:17Z</time>
        <sat>8</sat>
      </trkpt>
      <trkpt lat="40.623164" lon="-0.039066">
        <ele>1070.8</ele>
        <time>2015-10-20T13:12:23Z</time>
        <sat>8</sat>
      </trkpt>
      <trkpt lat="40.623254" lon="-0.039019">
        <ele>1072.7</ele>
        <time>2015-10-20T13:12:28Z</time>
        <sat>8</sat>
      </trkpt>
      <trkpt lat="40.623254" lon="-0.039019">
        <ele>1072.7</ele>
        <time>2015-10-20T13:12:28Z</time>
        <sat>8</sat>
      </trkpt>
      <trkpt lat="40.623354" lon="-0.038979">
        <ele>1075.8</ele>
        <time>2015-10-20T13:12:34Z</time>
        <sat>8</sat>
      </trkpt>
      <trkpt lat="40.623453" lon="-0.038971">
        <ele>1077.4</ele>
        <time>2015-10-20T13:12:40Z</time>
        <sat>8</sat>
      </trkpt>
      <trkpt lat="40.623534" lon="-0.039034">
        <ele>1079.3</ele>
        <time>2015-10-20T13:12:45Z</time>
        <sat>8</sat>
      </trkpt>
      <trkpt lat="40.623534" lon="-0.039164">
        <ele>1081.4</ele>
        <time>2015-10-20T13:12:51Z</time>
        <sat>8</sat>
      </trkpt>
      <trkpt lat="40.623491" lon="-0.039276">
        <ele>1082.9</ele>
        <time>2015-10-20T13:12:56Z</time>
        <sat>8</sat>
      </trkpt>
      <trkpt lat="40.623468" lon="-0.039394">
        <ele>1084.7</ele>
        <time>2015-10-20T13:13:02Z</time>
        <sat>8</sat>
      </trkpt>
      <trkpt lat="40.623409" lon="-0.039494">
        <ele>1085.9</ele>
        <time>2015-10-20T13:13:07Z</time>
        <sat>8</sat>
      </trkpt>
      <trkpt lat="40.623356" lon="-0.039591">
        <ele>1087.2</ele>
        <time>2015-10-20T13:13:12Z</time>
        <sat>8</sat>
      </trkpt>
      <trkpt lat="40.623274" lon="-0.039672">
        <ele>1088.4</ele>
        <time>2015-10-20T13:13:18Z</time>
        <sat>8</sat>
      </trkpt>
      <trkpt lat="40.623189" lon="-0.039739">
        <ele>1089.6</ele>
        <time>2015-10-20T13:13:24Z</time>
        <sat>8</sat>
      </trkpt>
      <trkpt lat="40.623105" lon="-0.039804">
        <ele>1090.9</ele>
        <time>2015-10-20T13:13:29Z</time>
        <sat>8</sat>
      </trkpt>
      <trkpt lat="40.623019" lon="-0.039874">
        <ele>1092.4</ele>
        <time>2015-10-20T13:13:35Z</time>
        <sat>8</sat>
      </trkpt>
      <trkpt lat="40.622932" lon="-0.039931">
        <ele>1093.3</ele>
        <time>2015-10-20T13:13:41Z</time>
        <sat>8</sat>
      </trkpt>
      <trkpt lat="40.622857" lon="-0.040011">
        <ele>1094.4</ele>
        <time>2015-10-20T13:13:46Z</time>
        <sat>8</sat>
      </trkpt>
      <trkpt lat="40.622787" lon="-0.040103">
        <ele>1095.8</ele>
        <time>2015-10-20T13:13:52Z</time>
        <sat>8</sat>
      </trkpt>
      <trkpt lat="40.622721" lon="-0.040188">
        <ele>1096.9</ele>
        <time>2015-10-20T13:13:57Z</time>
        <sat>8</sat>
      </trkpt>
      <trkpt lat="40.622649" lon="-0.040271">
        <ele>1098.5</ele>
        <time>2015-10-20T13:14:03Z</time>
        <sat>8</sat>
      </trkpt>
      <trkpt lat="40.622562" lon="-0.040328">
        <ele>1099.0</ele>
        <time>2015-10-20T13:14:08Z</time>
        <sat>8</sat>
      </trkpt>
      <trkpt lat="40.622487" lon="-0.040426">
        <ele>1100.1</ele>
        <time>2015-10-20T13:14:14Z</time>
        <sat>8</sat>
      </trkpt>
      <trkpt lat="40.622492" lon="-0.040556">
        <ele>1101.4</ele>
        <time>2015-10-20T13:14:20Z</time>
        <sat>8</sat>
      </trkpt>
      <trkpt lat="40.622535" lon="-0.040694">
        <ele>1102.0</ele>
        <time>2015-10-20T13:14:26Z</time>
        <sat>8</sat>
      </trkpt>
      <trkpt lat="40.622549" lon="-0.040834">
        <ele>1102.7</ele>
        <time>2015-10-20T13:14:32Z</time>
        <sat>8</sat>
      </trkpt>
      <trkpt lat="40.622525" lon="-0.040973">
        <ele>1103.5</ele>
        <time>2015-10-20T13:14:39Z</time>
        <sat>8</sat>
      </trkpt>
      <trkpt lat="40.622504" lon="-0.041089">
        <ele>1103.8</ele>
        <time>2015-10-20T13:14:44Z</time>
        <sat>8</sat>
      </trkpt>
      <trkpt lat="40.622497" lon="-0.041235">
        <ele>1103.7</ele>
        <time>2015-10-20T13:14:50Z</time>
        <sat>8</sat>
      </trkpt>
      <trkpt lat="40.622487" lon="-0.041406">
        <ele>1103.7</ele>
        <time>2015-10-20T13:14:58Z</time>
        <sat>8</sat>
      </trkpt>
      <trkpt lat="40.622487" lon="-0.041406">
        <ele>1103.7</ele>
        <time>2015-10-20T13:14:58Z</time>
        <sat>8</sat>
      </trkpt>
      <trkpt lat="40.622484" lon="-0.041529">
        <ele>1103.8</ele>
        <time>2015-10-20T13:15:03Z</time>
        <sat>8</sat>
      </trkpt>
      <trkpt lat="40.622479" lon="-0.041654">
        <ele>1103.5</ele>
        <time>2015-10-20T13:15:08Z</time>
        <sat>8</sat>
      </trkpt>
      <trkpt lat="40.622479" lon="-0.041780">
        <ele>1103.4</ele>
        <time>2015-10-20T13:15:14Z</time>
        <sat>8</sat>
      </trkpt>
      <trkpt lat="40.622489" lon="-0.041906">
        <ele>1103.5</ele>
        <time>2015-10-20T13:15:19Z</time>
        <sat>8</sat>
      </trkpt>
      <trkpt lat="40.622496" lon="-0.042031">
        <ele>1103.6</ele>
        <time>2015-10-20T13:15:25Z</time>
        <sat>8</sat>
      </trkpt>
      <trkpt lat="40.622509" lon="-0.042158">
        <ele>1103.8</ele>
        <time>2015-10-20T13:15:30Z</time>
        <sat>8</sat>
      </trkpt>
      <trkpt lat="40.622520" lon="-0.042288">
        <ele>1104.0</ele>
        <time>2015-10-20T13:15:36Z</time>
        <sat>8</sat>
      </trkpt>
      <trkpt lat="40.622527" lon="-0.042421">
        <ele>1104.2</ele>
        <time>2015-10-20T13:15:42Z</time>
        <sat>8</sat>
      </trkpt>
      <trkpt lat="40.622542" lon="-0.042543">
        <ele>1104.3</ele>
        <time>2015-10-20T13:15:47Z</time>
        <sat>8</sat>
      </trkpt>
      <trkpt lat="40.622554" lon="-0.042664">
        <ele>1104.5</ele>
        <time>2015-10-20T13:15:52Z</time>
        <sat>8</sat>
      </trkpt>
      <trkpt lat="40.622562" lon="-0.042786">
        <ele>1104.8</ele>
        <time>2015-10-20T13:15:58Z</time>
        <sat>8</sat>
      </trkpt>
      <trkpt lat="40.622574" lon="-0.042906">
        <ele>1105.0</ele>
        <time>2015-10-20T13:16:03Z</time>
        <sat>8</sat>
      </trkpt>
      <trkpt lat="40.622587" lon="-0.043027">
        <ele>1105.1</ele>
        <time>2015-10-20T13:16:08Z</time>
        <sat>8</sat>
      </trkpt>
      <trkpt lat="40.622601" lon="-0.043154">
        <ele>1105.1</ele>
        <time>2015-10-20T13:16:14Z</time>
        <sat>8</sat>
      </trkpt>
      <trkpt lat="40.622607" lon="-0.043284">
        <ele>1105.1</ele>
        <time>2015-10-20T13:16:20Z</time>
        <sat>8</sat>
      </trkpt>
      <trkpt lat="40.622612" lon="-0.043421">
        <ele>1105.2</ele>
        <time>2015-10-20T13:16:26Z</time>
        <sat>8</sat>
      </trkpt>
      <trkpt lat="40.622619" lon="-0.043559">
        <ele>1105.3</ele>
        <time>2015-10-20T13:16:32Z</time>
        <sat>8</sat>
      </trkpt>
      <trkpt lat="40.622625" lon="-0.043706">
        <ele>1105.3</ele>
        <time>2015-10-20T13:16:38Z</time>
        <sat>8</sat>
      </trkpt>
      <trkpt lat="40.622634" lon="-0.043854">
        <ele>1105.2</ele>
        <time>2015-10-20T13:16:44Z</time>
        <sat>8</sat>
      </trkpt>
      <trkpt lat="40.622644" lon="-0.044006">
        <ele>1105.0</ele>
        <time>2015-10-20T13:16:51Z</time>
        <sat>8</sat>
      </trkpt>
      <trkpt lat="40.622649" lon="-0.044162">
        <ele>1105.0</ele>
        <time>2015-10-20T13:16:58Z</time>
        <sat>8</sat>
      </trkpt>
      <trkpt lat="40.622664" lon="-0.044318">
        <ele>1104.9</ele>
        <time>2015-10-20T13:17:05Z</time>
        <sat>8</sat>
      </trkpt>
      <trkpt lat="40.622684" lon="-0.044471">
        <ele>1105.0</ele>
        <time>2015-10-20T13:17:11Z</time>
        <sat>8</sat>
      </trkpt>
      <trkpt lat="40.622707" lon="-0.044618">
        <ele>1105.2</ele>
        <time>2015-10-20T13:17:18Z</time>
        <sat>8</sat>
      </trkpt>
      <trkpt lat="40.622732" lon="-0.044756">
        <ele>1105.3</ele>
        <time>2015-10-20T13:17:24Z</time>
        <sat>8</sat>
      </trkpt>
      <trkpt lat="40.622754" lon="-0.044878">
        <ele>1105.7</ele>
        <time>2015-10-20T13:17:29Z</time>
        <sat>8</sat>
      </trkpt>
      <trkpt lat="40.622775" lon="-0.045022">
        <ele>1106.0</ele>
        <time>2015-10-20T13:17:36Z</time>
        <sat>8</sat>
      </trkpt>
      <trkpt lat="40.622792" lon="-0.045156">
        <ele>1106.4</ele>
        <time>2015-10-20T13:17:42Z</time>
        <sat>8</sat>
      </trkpt>
      <trkpt lat="40.622792" lon="-0.045156">
        <ele>1106.4</ele>
        <time>2015-10-20T13:17:42Z</time>
        <sat>8</sat>
      </trkpt>
      <trkpt lat="40.622721" lon="-0.045234">
        <ele>1105.7</ele>
        <time>2015-10-20T13:17:47Z</time>
        <sat>8</sat>
      </trkpt>
      <trkpt lat="40.622657" lon="-0.045362">
        <ele>1104.4</ele>
        <time>2015-10-20T13:17:54Z</time>
        <sat>8</sat>
      </trkpt>
      <trkpt lat="40.622627" lon="-0.045522">
        <ele>1104.0</ele>
        <time>2015-10-20T13:18:01Z</time>
        <sat>8</sat>
      </trkpt>
      <trkpt lat="40.622594" lon="-0.045639">
        <ele>1103.7</ele>
        <time>2015-10-20T13:18:06Z</time>
        <sat>8</sat>
      </trkpt>
      <trkpt lat="40.622581" lon="-0.045799">
        <ele>1104.2</ele>
        <time>2015-10-20T13:18:13Z</time>
        <sat>8</sat>
      </trkpt>
      <trkpt lat="40.622577" lon="-0.045949">
        <ele>1104.1</ele>
        <time>2015-10-20T13:18:20Z</time>
        <sat>8</sat>
      </trkpt>
      <trkpt lat="40.622594" lon="-0.046086">
        <ele>1104.6</ele>
        <time>2015-10-20T13:18:26Z</time>
        <sat>8</sat>
      </trkpt>
      <trkpt lat="40.622617" lon="-0.046208">
        <ele>1105.4</ele>
        <time>2015-10-20T13:18:31Z</time>
        <sat>8</sat>
      </trkpt>
      <trkpt lat="40.622609" lon="-0.046329">
        <ele>1104.8</ele>
        <time>2015-10-20T13:18:36Z</time>
        <sat>8</sat>
      </trkpt>
      <trkpt lat="40.622579" lon="-0.046479">
        <ele>1104.5</ele>
        <time>2015-10-20T13:18:43Z</time>
        <sat>8</sat>
      </trkpt>
      <trkpt lat="40.622532" lon="-0.046616">
        <ele>1104.5</ele>
        <time>2015-10-20T13:18:50Z</time>
        <sat>8</sat>
      </trkpt>
      <trkpt lat="40.622456" lon="-0.046742">
        <ele>1104.2</ele>
        <time>2015-10-20T13:18:57Z</time>
        <sat>8</sat>
      </trkpt>
      <trkpt lat="40.622444" lon="-0.046868">
        <ele>1104.4</ele>
        <time>2015-10-20T13:19:02Z</time>
        <sat>8</sat>
      </trkpt>
      <trkpt lat="40.622457" lon="-0.047013">
        <ele>1104.7</ele>
        <time>2015-10-20T13:19:09Z</time>
        <sat>8</sat>
      </trkpt>
      <trkpt lat="40.622486" lon="-0.047141">
        <ele>1103.9</ele>
        <time>2015-10-20T13:19:14Z</time>
        <sat>8</sat>
      </trkpt>
      <trkpt lat="40.622482" lon="-0.047291">
        <ele>1102.5</ele>
        <time>2015-10-20T13:19:21Z</time>
        <sat>8</sat>
      </trkpt>
      <trkpt lat="40.622425" lon="-0.047387">
        <ele>1102.0</ele>
        <time>2015-10-20T13:19:26Z</time>
        <sat>8</sat>
      </trkpt>
      <trkpt lat="40.622397" lon="-0.047519">
        <ele>1100.1</ele>
        <time>2015-10-20T13:19:32Z</time>
        <sat>8</sat>
      </trkpt>
      <trkpt lat="40.622367" lon="-0.047648">
        <ele>1097.4</ele>
        <time>2015-10-20T13:19:38Z</time>
        <sat>8</sat>
      </trkpt>
      <trkpt lat="40.622367" lon="-0.047773">
        <ele>1095.3</ele>
        <time>2015-10-20T13:19:43Z</time>
        <sat>7</sat>
      </trkpt>
      <trkpt lat="40.622402" lon="-0.047923">
        <ele>1093.7</ele>
        <time>2015-10-20T13:19:50Z</time>
        <sat>7</sat>
      </trkpt>
      <trkpt lat="40.622446" lon="-0.048029">
        <ele>1093.5</ele>
        <time>2015-10-20T13:19:55Z</time>
        <sat>7</sat>
      </trkpt>
      <trkpt lat="40.622496" lon="-0.048183">
        <ele>1092.2</ele>
        <time>2015-10-20T13:20:03Z</time>
        <sat>7</sat>
      </trkpt>
      <trkpt lat="40.622537" lon="-0.048296">
        <ele>1091.6</ele>
        <time>2015-10-20T13:20:08Z</time>
        <sat>7</sat>
      </trkpt>
      <trkpt lat="40.622593" lon="-0.048402">
        <ele>1091.2</ele>
        <time>2015-10-20T13:20:14Z</time>
        <sat>7</sat>
      </trkpt>
      <trkpt lat="40.622634" lon="-0.048517">
        <ele>1090.1</ele>
        <time>2015-10-20T13:20:19Z</time>
        <sat>7</sat>
      </trkpt>
      <trkpt lat="40.622669" lon="-0.048631">
        <ele>1088.7</ele>
        <time>2015-10-20T13:20:25Z</time>
        <sat>7</sat>
      </trkpt>
      <trkpt lat="40.622689" lon="-0.048754">
        <ele>1087.6</ele>
        <time>2015-10-20T13:20:30Z</time>
        <sat>7</sat>
      </trkpt>
      <trkpt lat="40.622727" lon="-0.048879">
        <ele>1086.7</ele>
        <time>2015-10-20T13:20:36Z</time>
        <sat>7</sat>
      </trkpt>
      <trkpt lat="40.622735" lon="-0.049064">
        <ele>1084.7</ele>
        <time>2015-10-20T13:20:44Z</time>
        <sat>7</sat>
      </trkpt>
      <trkpt lat="40.622759" lon="-0.049196">
        <ele>1083.6</ele>
        <time>2015-10-20T13:20:50Z</time>
        <sat>7</sat>
      </trkpt>
      <trkpt lat="40.622802" lon="-0.049316">
        <ele>1082.7</ele>
        <time>2015-10-20T13:20:56Z</time>
        <sat>7</sat>
      </trkpt>
      <trkpt lat="40.622877" lon="-0.049444">
        <ele>1081.3</ele>
        <time>2015-10-20T13:21:03Z</time>
        <sat>7</sat>
      </trkpt>
      <trkpt lat="40.622929" lon="-0.049546">
        <ele>1079.7</ele>
        <time>2015-10-20T13:21:08Z</time>
        <sat>7</sat>
      </trkpt>
      <trkpt lat="40.622989" lon="-0.049644">
        <ele>1078.3</ele>
        <time>2015-10-20T13:21:13Z</time>
        <sat>7</sat>
      </trkpt>
      <trkpt lat="40.623082" lon="-0.049716">
        <ele>1078.4</ele>
        <time>2015-10-20T13:21:20Z</time>
        <sat>7</sat>
      </trkpt>
      <trkpt lat="40.623167" lon="-0.049789">
        <ele>1078.8</ele>
        <time>2015-10-20T13:21:25Z</time>
        <sat>7</sat>
      </trkpt>
      <trkpt lat="40.623107" lon="-0.049903">
        <ele>1076.9</ele>
        <time>2015-10-20T13:21:31Z</time>
        <sat>7</sat>
      </trkpt>
      <trkpt lat="40.623032" lon="-0.050004">
        <ele>1075.4</ele>
        <time>2015-10-20T13:21:38Z</time>
        <sat>7</sat>
      </trkpt>
      <trkpt lat="40.622969" lon="-0.050136">
        <ele>1074.6</ele>
        <time>2015-10-20T13:21:44Z</time>
        <sat>8</sat>
      </trkpt>
      <trkpt lat="40.622922" lon="-0.050260">
        <ele>1074.9</ele>
        <time>2015-10-20T13:21:50Z</time>
        <sat>8</sat>
      </trkpt>
      <trkpt lat="40.622862" lon="-0.050387">
        <ele>1074.9</ele>
        <time>2015-10-20T13:21:57Z</time>
        <sat>7</sat>
      </trkpt>
      <trkpt lat="40.622784" lon="-0.050517">
        <ele>1074.1</ele>
        <time>2015-10-20T13:22:04Z</time>
        <sat>7</sat>
      </trkpt>
      <trkpt lat="40.622716" lon="-0.050642">
        <ele>1072.9</ele>
        <time>2015-10-20T13:22:11Z</time>
        <sat>8</sat>
      </trkpt>
      <trkpt lat="40.622669" lon="-0.050774">
        <ele>1072.7</ele>
        <time>2015-10-20T13:22:17Z</time>
        <sat>8</sat>
      </trkpt>
      <trkpt lat="40.622630" lon="-0.050905">
        <ele>1072.6</ele>
        <time>2015-10-20T13:22:23Z</time>
        <sat>8</sat>
      </trkpt>
      <trkpt lat="40.622582" lon="-0.051057">
        <ele>1072.1</ele>
        <time>2015-10-20T13:22:30Z</time>
        <sat>8</sat>
      </trkpt>
      <trkpt lat="40.622536" lon="-0.051203">
        <ele>1071.1</ele>
        <time>2015-10-20T13:22:37Z</time>
        <sat>8</sat>
      </trkpt>
      <trkpt lat="40.622572" lon="-0.051378">
        <ele>1070.9</ele>
        <time>2015-10-20T13:22:45Z</time>
        <sat>8</sat>
      </trkpt>
      <trkpt lat="40.622595" lon="-0.051519">
        <ele>1070.1</ele>
        <time>2015-10-20T13:22:51Z</time>
        <sat>8</sat>
      </trkpt>
      <trkpt lat="40.622647" lon="-0.051658">
        <ele>1069.8</ele>
        <time>2015-10-20T13:22:58Z</time>
        <sat>8</sat>
      </trkpt>
      <trkpt lat="40.622704" lon="-0.051788">
        <ele>1069.6</ele>
        <time>2015-10-20T13:23:05Z</time>
        <sat>8</sat>
      </trkpt>
      <trkpt lat="40.622769" lon="-0.051906">
        <ele>1069.7</ele>
        <time>2015-10-20T13:23:11Z</time>
        <sat>8</sat>
      </trkpt>
      <trkpt lat="40.622865" lon="-0.051978">
        <ele>1070.2</ele>
        <time>2015-10-20T13:23:17Z</time>
        <sat>8</sat>
      </trkpt>
      <trkpt lat="40.622954" lon="-0.052061">
        <ele>1068.8</ele>
        <time>2015-10-20T13:23:23Z</time>
        <sat>8</sat>
      </trkpt>
      <trkpt lat="40.623047" lon="-0.052123">
        <ele>1068.4</ele>
        <time>2015-10-20T13:23:29Z</time>
        <sat>8</sat>
      </trkpt>
      <trkpt lat="40.623136" lon="-0.052189">
        <ele>1067.0</ele>
        <time>2015-10-20T13:23:35Z</time>
        <sat>8</sat>
      </trkpt>
      <trkpt lat="40.623232" lon="-0.052260">
        <ele>1065.4</ele>
        <time>2015-10-20T13:23:41Z</time>
        <sat>8</sat>
      </trkpt>
      <trkpt lat="40.623334" lon="-0.052333">
        <ele>1064.3</ele>
        <time>2015-10-20T13:23:48Z</time>
        <sat>7</sat>
      </trkpt>
      <trkpt lat="40.623431" lon="-0.052386">
        <ele>1063.7</ele>
        <time>2015-10-20T13:23:54Z</time>
        <sat>7</sat>
      </trkpt>
      <trkpt lat="40.623496" lon="-0.052529">
        <ele>1061.3</ele>
        <time>2015-10-20T13:24:01Z</time>
        <sat>7</sat>
      </trkpt>
      <trkpt lat="40.623530" lon="-0.052674">
        <ele>1062.4</ele>
        <time>2015-10-20T13:24:08Z</time>
        <sat>7</sat>
      </trkpt>
      <trkpt lat="40.623557" lon="-0.052794">
        <ele>1063.6</ele>
        <time>2015-10-20T13:24:13Z</time>
        <sat>7</sat>
      </trkpt>
      <trkpt lat="40.623587" lon="-0.052946">
        <ele>1065.0</ele>
        <time>2015-10-20T13:24:20Z</time>
        <sat>8</sat>
      </trkpt>
      <trkpt lat="40.623624" lon="-0.053066">
        <ele>1065.7</ele>
        <time>2015-10-20T13:24:26Z</time>
        <sat>8</sat>
      </trkpt>
      <trkpt lat="40.623684" lon="-0.053211">
        <ele>1065.0</ele>
        <time>2015-10-20T13:24:33Z</time>
        <sat>8</sat>
      </trkpt>
      <trkpt lat="40.623730" lon="-0.053338">
        <ele>1064.6</ele>
        <time>2015-10-20T13:24:39Z</time>
        <sat>7</sat>
      </trkpt>
      <trkpt lat="40.623761" lon="-0.053481">
        <ele>1062.4</ele>
        <time>2015-10-20T13:24:46Z</time>
        <sat>7</sat>
      </trkpt>
      <trkpt lat="40.623742" lon="-0.053605">
        <ele>1061.1</ele>
        <time>2015-10-20T13:24:51Z</time>
        <sat>6</sat>
      </trkpt>
      <trkpt lat="40.623679" lon="-0.053753">
        <ele>1059.8</ele>
        <time>2015-10-20T13:24:58Z</time>
        <sat>8</sat>
      </trkpt>
      <trkpt lat="40.623625" lon="-0.053850">
        <ele>1060.3</ele>
        <time>2015-10-20T13:25:04Z</time>
        <sat>8</sat>
      </trkpt>
      <trkpt lat="40.623552" lon="-0.053941">
        <ele>1058.8</ele>
        <time>2015-10-20T13:25:09Z</time>
        <sat>8</sat>
      </trkpt>
      <trkpt lat="40.623461" lon="-0.054035">
        <ele>1057.5</ele>
        <time>2015-10-20T13:25:16Z</time>
        <sat>8</sat>
      </trkpt>
      <trkpt lat="40.623374" lon="-0.054131">
        <ele>1056.0</ele>
        <time>2015-10-20T13:25:22Z</time>
        <sat>8</sat>
      </trkpt>
      <trkpt lat="40.623312" lon="-0.054266">
        <ele>1054.5</ele>
        <time>2015-10-20T13:25:29Z</time>
        <sat>8</sat>
      </trkpt>
      <trkpt lat="40.623274" lon="-0.054391">
        <ele>1052.7</ele>
        <time>2015-10-20T13:25:35Z</time>
        <sat>8</sat>
      </trkpt>
      <trkpt lat="40.623300" lon="-0.054513">
        <ele>1051.2</ele>
        <time>2015-10-20T13:25:41Z</time>
        <sat>7</sat>
      </trkpt>
      <trkpt lat="40.623412" lon="-0.054561">
        <ele>1050.8</ele>
        <time>2015-10-20T13:25:47Z</time>
        <sat>7</sat>
      </trkpt>
      <trkpt lat="40.623490" lon="-0.054666">
        <ele>1047.8</ele>
        <time>2015-10-20T13:25:54Z</time>
        <sat>7</sat>
      </trkpt>
      <trkpt lat="40.623529" lon="-0.054784">
        <ele>1046.2</ele>
        <time>2015-10-20T13:25:59Z</time>
        <sat>7</sat>
      </trkpt>
      <trkpt lat="40.623532" lon="-0.054913">
        <ele>1044.7</ele>
        <time>2015-10-20T13:26:05Z</time>
        <sat>8</sat>
      </trkpt>
      <trkpt lat="40.623474" lon="-0.055070">
        <ele>1044.0</ele>
        <time>2015-10-20T13:26:13Z</time>
        <sat>8</sat>
      </trkpt>
      <trkpt lat="40.623430" lon="-0.055231">
        <ele>1045.6</ele>
        <time>2015-10-20T13:26:20Z</time>
        <sat>8</sat>
      </trkpt>
      <trkpt lat="40.623390" lon="-0.055365">
        <ele>1045.6</ele>
        <time>2015-10-20T13:26:26Z</time>
        <sat>8</sat>
      </trkpt>
      <trkpt lat="40.623325" lon="-0.055476">
        <ele>1044.5</ele>
        <time>2015-10-20T13:26:32Z</time>
        <sat>8</sat>
      </trkpt>
      <trkpt lat="40.623288" lon="-0.055631">
        <ele>1044.1</ele>
        <time>2015-10-20T13:26:39Z</time>
        <sat>8</sat>
      </trkpt>
      <trkpt lat="40.623322" lon="-0.055796">
        <ele>1043.8</ele>
        <time>2015-10-20T13:26:47Z</time>
        <sat>8</sat>
      </trkpt>
      <trkpt lat="40.623357" lon="-0.055964">
        <ele>1043.8</ele>
        <time>2015-10-20T13:26:54Z</time>
        <sat>8</sat>
      </trkpt>
      <trkpt lat="40.623400" lon="-0.056083">
        <ele>1043.0</ele>
        <time>2015-10-20T13:27:00Z</time>
        <sat>7</sat>
      </trkpt>
      <trkpt lat="40.623437" lon="-0.056209">
        <ele>1042.2</ele>
        <time>2015-10-20T13:27:06Z</time>
        <sat>7</sat>
      </trkpt>
      <trkpt lat="40.623479" lon="-0.056331">
        <ele>1041.6</ele>
        <time>2015-10-20T13:27:12Z</time>
        <sat>7</sat>
      </trkpt>
      <trkpt lat="40.623499" lon="-0.056451">
        <ele>1040.8</ele>
        <time>2015-10-20T13:27:17Z</time>
        <sat>7</sat>
      </trkpt>
      <trkpt lat="40.623532" lon="-0.056564">
        <ele>1040.1</ele>
        <time>2015-10-20T13:27:22Z</time>
        <sat>7</sat>
      </trkpt>
      <trkpt lat="40.623584" lon="-0.056683">
        <ele>1039.8</ele>
        <time>2015-10-20T13:27:28Z</time>
        <sat>7</sat>
      </trkpt>
      <trkpt lat="40.623620" lon="-0.056793">
        <ele>1040.0</ele>
        <time>2015-10-20T13:27:33Z</time>
        <sat>7</sat>
      </trkpt>
      <trkpt lat="40.623667" lon="-0.056940">
        <ele>1040.1</ele>
        <time>2015-10-20T13:27:40Z</time>
        <sat>7</sat>
      </trkpt>
      <trkpt lat="40.623722" lon="-0.057061">
        <ele>1040.4</ele>
        <time>2015-10-20T13:27:47Z</time>
        <sat>8</sat>
      </trkpt>
      <trkpt lat="40.623750" lon="-0.057214">
        <ele>1039.1</ele>
        <time>2015-10-20T13:27:53Z</time>
        <sat>8</sat>
      </trkpt>
      <trkpt lat="40.623762" lon="-0.057343">
        <ele>1038.0</ele>
        <time>2015-10-20T13:27:59Z</time>
        <sat>8</sat>
      </trkpt>
      <trkpt lat="40.623765" lon="-0.057466">
        <ele>1037.6</ele>
        <time>2015-10-20T13:28:04Z</time>
        <sat>8</sat>
      </trkpt>
      <trkpt lat="40.623769" lon="-0.057594">
        <ele>1037.8</ele>
        <time>2015-10-20T13:28:10Z</time>
        <sat>8</sat>
      </trkpt>
      <trkpt lat="40.623765" lon="-0.057733">
        <ele>1038.5</ele>
        <time>2015-10-20T13:28:16Z</time>
        <sat>8</sat>
      </trkpt>
      <trkpt lat="40.623769" lon="-0.057871">
        <ele>1039.9</ele>
        <time>2015-10-20T13:28:22Z</time>
        <sat>8</sat>
      </trkpt>
      <trkpt lat="40.623770" lon="-0.058008">
        <ele>1041.7</ele>
        <time>2015-10-20T13:28:28Z</time>
        <sat>8</sat>
      </trkpt>
      <trkpt lat="40.623712" lon="-0.058114">
        <ele>1042.7</ele>
        <time>2015-10-20T13:28:34Z</time>
        <sat>9</sat>
      </trkpt>
      <trkpt lat="40.623714" lon="-0.058238">
        <ele>1043.4</ele>
        <time>2015-10-20T13:28:39Z</time>
        <sat>9</sat>
      </trkpt>
      <trkpt lat="40.623755" lon="-0.058351">
        <ele>1044.0</ele>
        <time>2015-10-20T13:28:44Z</time>
        <sat>9</sat>
      </trkpt>
      <trkpt lat="40.623782" lon="-0.058468">
        <ele>1045.0</ele>
        <time>2015-10-20T13:28:50Z</time>
        <sat>8</sat>
      </trkpt>
      <trkpt lat="40.623811" lon="-0.058603">
        <ele>1046.1</ele>
        <time>2015-10-20T13:28:56Z</time>
        <sat>9</sat>
      </trkpt>
      <trkpt lat="40.623840" lon="-0.058719">
        <ele>1046.7</ele>
        <time>2015-10-20T13:29:01Z</time>
        <sat>9</sat>
      </trkpt>
      <trkpt lat="40.623869" lon="-0.058836">
        <ele>1047.6</ele>
        <time>2015-10-20T13:29:06Z</time>
        <sat>9</sat>
      </trkpt>
      <trkpt lat="40.623887" lon="-0.058955">
        <ele>1047.9</ele>
        <time>2015-10-20T13:29:12Z</time>
        <sat>9</sat>
      </trkpt>
      <trkpt lat="40.623899" lon="-0.059078">
        <ele>1048.6</ele>
        <time>2015-10-20T13:29:17Z</time>
        <sat>9</sat>
      </trkpt>
      <trkpt lat="40.623919" lon="-0.059213">
        <ele>1049.4</ele>
        <time>2015-10-20T13:29:23Z</time>
        <sat>9</sat>
      </trkpt>
      <trkpt lat="40.623922" lon="-0.059351">
        <ele>1049.6</ele>
        <time>2015-10-20T13:29:29Z</time>
        <sat>9</sat>
      </trkpt>
      <trkpt lat="40.623917" lon="-0.059498">
        <ele>1049.1</ele>
        <time>2015-10-20T13:29:35Z</time>
        <sat>8</sat>
      </trkpt>
      <trkpt lat="40.623922" lon="-0.059620">
        <ele>1049.6</ele>
        <time>2015-10-20T13:29:41Z</time>
        <sat>9</sat>
      </trkpt>
      <trkpt lat="40.623926" lon="-0.059771">
        <ele>1050.0</ele>
        <time>2015-10-20T13:29:47Z</time>
        <sat>9</sat>
      </trkpt>
      <trkpt lat="40.623942" lon="-0.059918">
        <ele>1050.3</ele>
        <time>2015-10-20T13:29:54Z</time>
        <sat>9</sat>
      </trkpt>
      <trkpt lat="40.623974" lon="-0.060076">
        <ele>1049.7</ele>
        <time>2015-10-20T13:30:01Z</time>
        <sat>8</sat>
      </trkpt>
      <trkpt lat="40.623980" lon="-0.060230">
        <ele>1048.7</ele>
        <time>2015-10-20T13:30:07Z</time>
        <sat>9</sat>
      </trkpt>
      <trkpt lat="40.623984" lon="-0.060371">
        <ele>1048.6</ele>
        <time>2015-10-20T13:30:14Z</time>
        <sat>9</sat>
      </trkpt>
      <trkpt lat="40.623947" lon="-0.060498">
        <ele>1047.1</ele>
        <time>2015-10-20T13:30:20Z</time>
        <sat>9</sat>
      </trkpt>
      <trkpt lat="40.623902" lon="-0.060611">
        <ele>1046.5</ele>
        <time>2015-10-20T13:30:25Z</time>
        <sat>9</sat>
      </trkpt>
      <trkpt lat="40.623839" lon="-0.060746">
        <ele>1046.4</ele>
        <time>2015-10-20T13:30:32Z</time>
        <sat>9</sat>
      </trkpt>
      <trkpt lat="40.623789" lon="-0.060900">
        <ele>1045.5</ele>
        <time>2015-10-20T13:30:39Z</time>
        <sat>9</sat>
      </trkpt>
      <trkpt lat="40.623769" lon="-0.061026">
        <ele>1044.8</ele>
        <time>2015-10-20T13:30:45Z</time>
        <sat>8</sat>
      </trkpt>
      <trkpt lat="40.623724" lon="-0.061178">
        <ele>1044.1</ele>
        <time>2015-10-20T13:30:52Z</time>
        <sat>9</sat>
      </trkpt>
      <trkpt lat="40.623679" lon="-0.061289">
        <ele>1043.2</ele>
        <time>2015-10-20T13:30:57Z</time>
        <sat>9</sat>
      </trkpt>
      <trkpt lat="40.623655" lon="-0.061421">
        <ele>1042.5</ele>
        <time>2015-10-20T13:31:03Z</time>
        <sat>9</sat>
      </trkpt>
      <trkpt lat="40.623634" lon="-0.061550">
        <ele>1041.9</ele>
        <time>2015-10-20T13:31:09Z</time>
        <sat>8</sat>
      </trkpt>
      <trkpt lat="40.623569" lon="-0.061704">
        <ele>1040.9</ele>
        <time>2015-10-20T13:31:17Z</time>
        <sat>9</sat>
      </trkpt>
      <trkpt lat="40.623534" lon="-0.061814">
        <ele>1040.0</ele>
        <time>2015-10-20T13:31:22Z</time>
        <sat>9</sat>
      </trkpt>
      <trkpt lat="40.623499" lon="-0.061934">
        <ele>1039.6</ele>
        <time>2015-10-20T13:31:27Z</time>
        <sat>9</sat>
      </trkpt>
      <trkpt lat="40.623449" lon="-0.062108">
        <ele>1038.1</ele>
        <time>2015-10-20T13:31:35Z</time>
        <sat>8</sat>
      </trkpt>
      <trkpt lat="40.623417" lon="-0.062236">
        <ele>1037.2</ele>
        <time>2015-10-20T13:31:41Z</time>
        <sat>8</sat>
      </trkpt>
      <trkpt lat="40.623405" lon="-0.062378">
        <ele>1036.9</ele>
        <time>2015-10-20T13:31:47Z</time>
        <sat>7</sat>
      </trkpt>
      <trkpt lat="40.623392" lon="-0.062518">
        <ele>1035.9</ele>
        <time>2015-10-20T13:31:54Z</time>
        <sat>8</sat>
      </trkpt>
      <trkpt lat="40.623365" lon="-0.062653">
        <ele>1035.1</ele>
        <time>2015-10-20T13:32:00Z</time>
        <sat>8</sat>
      </trkpt>
      <trkpt lat="40.623352" lon="-0.062798">
        <ele>1034.0</ele>
        <time>2015-10-20T13:32:06Z</time>
        <sat>8</sat>
      </trkpt>
      <trkpt lat="40.623327" lon="-0.062934">
        <ele>1033.4</ele>
        <time>2015-10-20T13:32:12Z</time>
        <sat>8</sat>
      </trkpt>
      <trkpt lat="40.623309" lon="-0.063054">
        <ele>1032.4</ele>
        <time>2015-10-20T13:32:17Z</time>
        <sat>9</sat>
      </trkpt>
      <trkpt lat="40.623307" lon="-0.063179">
        <ele>1032.2</ele>
        <time>2015-10-20T13:32:23Z</time>
        <sat>8</sat>
      </trkpt>
      <trkpt lat="40.623284" lon="-0.063294">
        <ele>1031.4</ele>
        <time>2015-10-20T13:32:28Z</time>
        <sat>7</sat>
      </trkpt>
      <trkpt lat="40.623257" lon="-0.063440">
        <ele>1030.5</ele>
        <time>2015-10-20T13:32:34Z</time>
        <sat>8</sat>
      </trkpt>
      <trkpt lat="40.623227" lon="-0.063571">
        <ele>1029.5</ele>
        <time>2015-10-20T13:32:40Z</time>
        <sat>7</sat>
      </trkpt>
      <trkpt lat="40.623182" lon="-0.063723">
        <ele>1028.1</ele>
        <time>2015-10-20T13:32:48Z</time>
        <sat>9</sat>
      </trkpt>
      <trkpt lat="40.623147" lon="-0.063841">
        <ele>1026.2</ele>
        <time>2015-10-20T13:32:53Z</time>
        <sat>9</sat>
      </trkpt>
      <trkpt lat="40.623092" lon="-0.063958">
        <ele>1024.4</ele>
        <time>2015-10-20T13:32:59Z</time>
        <sat>9</sat>
      </trkpt>
      <trkpt lat="40.623029" lon="-0.064048">
        <ele>1022.4</ele>
        <time>2015-10-20T13:33:04Z</time>
        <sat>9</sat>
      </trkpt>
      <trkpt lat="40.622916" lon="-0.064106">
        <ele>1021.0</ele>
        <time>2015-10-20T13:33:11Z</time>
        <sat>8</sat>
      </trkpt>
      <trkpt lat="40.622824" lon="-0.064168">
        <ele>1021.2</ele>
        <time>2015-10-20T13:33:17Z</time>
        <sat>9</sat>
      </trkpt>
      <trkpt lat="40.622741" lon="-0.064231">
        <ele>1021.8</ele>
        <time>2015-10-20T13:33:23Z</time>
        <sat>9</sat>
      </trkpt>
      <trkpt lat="40.622662" lon="-0.064301">
        <ele>1022.0</ele>
        <time>2015-10-20T13:33:28Z</time>
        <sat>9</sat>
      </trkpt>
      <trkpt lat="40.622610" lon="-0.064408">
        <ele>1020.2</ele>
        <time>2015-10-20T13:33:34Z</time>
        <sat>10</sat>
      </trkpt>
      <trkpt lat="40.622566" lon="-0.064518">
        <ele>1018.7</ele>
        <time>2015-10-20T13:33:39Z</time>
        <sat>9</sat>
      </trkpt>
      <trkpt lat="40.622510" lon="-0.064619">
        <ele>1016.8</ele>
        <time>2015-10-20T13:33:44Z</time>
        <sat>9</sat>
      </trkpt>
      <trkpt lat="40.622451" lon="-0.064734">
        <ele>1015.9</ele>
        <time>2015-10-20T13:33:50Z</time>
        <sat>9</sat>
      </trkpt>
      <trkpt lat="40.622404" lon="-0.064861">
        <ele>1015.2</ele>
        <time>2015-10-20T13:33:57Z</time>
        <sat>9</sat>
      </trkpt>
      <trkpt lat="40.622344" lon="-0.064953">
        <ele>1015.2</ele>
        <time>2015-10-20T13:34:02Z</time>
        <sat>9</sat>
      </trkpt>
      <trkpt lat="40.622289" lon="-0.065068">
        <ele>1014.2</ele>
        <time>2015-10-20T13:34:08Z</time>
        <sat>9</sat>
      </trkpt>
      <trkpt lat="40.622270" lon="-0.065226">
        <ele>1013.1</ele>
        <time>2015-10-20T13:34:15Z</time>
        <sat>9</sat>
      </trkpt>
      <trkpt lat="40.622254" lon="-0.065365">
        <ele>1011.6</ele>
        <time>2015-10-20T13:34:21Z</time>
        <sat>9</sat>
      </trkpt>
      <trkpt lat="40.622206" lon="-0.065511">
        <ele>1009.6</ele>
        <time>2015-10-20T13:34:28Z</time>
        <sat>9</sat>
      </trkpt>
      <trkpt lat="40.622155" lon="-0.065651">
        <ele>1008.1</ele>
        <time>2015-10-20T13:34:34Z</time>
        <sat>9</sat>
      </trkpt>
      <trkpt lat="40.622127" lon="-0.065786">
        <ele>1007.1</ele>
        <time>2015-10-20T13:34:40Z</time>
        <sat>9</sat>
      </trkpt>
      <trkpt lat="40.622082" lon="-0.065891">
        <ele>1005.4</ele>
        <time>2015-10-20T13:34:46Z</time>
        <sat>9</sat>
      </trkpt>
      <trkpt lat="40.622060" lon="-0.066016">
        <ele>1004.0</ele>
        <time>2015-10-20T13:34:51Z</time>
        <sat>9</sat>
      </trkpt>
      <trkpt lat="40.622042" lon="-0.066149">
        <ele>1002.3</ele>
        <time>2015-10-20T13:34:57Z</time>
        <sat>9</sat>
      </trkpt>
      <trkpt lat="40.622007" lon="-0.066309">
        <ele>1000.1</ele>
        <time>2015-10-20T13:35:04Z</time>
        <sat>9</sat>
      </trkpt>
      <trkpt lat="40.621964" lon="-0.066502">
        <ele>997.2</ele>
        <time>2015-10-20T13:35:13Z</time>
        <sat>8</sat>
      </trkpt>
      <trkpt lat="40.621912" lon="-0.066681">
        <ele>994.6</ele>
        <time>2015-10-20T13:35:21Z</time>
        <sat>8</sat>
      </trkpt>
      <trkpt lat="40.621876" lon="-0.066821">
        <ele>992.7</ele>
        <time>2015-10-20T13:35:28Z</time>
        <sat>9</sat>
      </trkpt>
      <trkpt lat="40.621846" lon="-0.066958">
        <ele>990.5</ele>
        <time>2015-10-20T13:35:34Z</time>
        <sat>9</sat>
      </trkpt>
      <trkpt lat="40.621769" lon="-0.067061">
        <ele>988.0</ele>
        <time>2015-10-20T13:35:40Z</time>
        <sat>9</sat>
      </trkpt>
      <trkpt lat="40.621774" lon="-0.067208">
        <ele>985.6</ele>
        <time>2015-10-20T13:35:47Z</time>
        <sat>8</sat>
      </trkpt>
      <trkpt lat="40.621819" lon="-0.067331">
        <ele>983.8</ele>
        <time>2015-10-20T13:35:53Z</time>
        <sat>8</sat>
      </trkpt>
      <trkpt lat="40.621752" lon="-0.067426">
        <ele>981.5</ele>
        <time>2015-10-20T13:35:58Z</time>
        <sat>9</sat>
      </trkpt>
      <trkpt lat="40.621757" lon="-0.067559">
        <ele>980.2</ele>
        <time>2015-10-20T13:36:04Z</time>
        <sat>8</sat>
      </trkpt>
      <trkpt lat="40.621732" lon="-0.067737">
        <ele>977.0</ele>
        <time>2015-10-20T13:36:12Z</time>
        <sat>9</sat>
      </trkpt>
      <trkpt lat="40.621714" lon="-0.067884">
        <ele>974.5</ele>
        <time>2015-10-20T13:36:18Z</time>
        <sat>9</sat>
      </trkpt>
      <trkpt lat="40.621690" lon="-0.068004">
        <ele>972.8</ele>
        <time>2015-10-20T13:36:24Z</time>
        <sat>9</sat>
      </trkpt>
      <trkpt lat="40.621639" lon="-0.068106">
        <ele>971.3</ele>
        <time>2015-10-20T13:36:29Z</time>
        <sat>9</sat>
      </trkpt>
      <trkpt lat="40.621639" lon="-0.068259">
        <ele>969.3</ele>
        <time>2015-10-20T13:36:36Z</time>
        <sat>9</sat>
      </trkpt>
      <trkpt lat="40.621672" lon="-0.068373">
        <ele>967.9</ele>
        <time>2015-10-20T13:36:41Z</time>
        <sat>9</sat>
      </trkpt>
      <trkpt lat="40.621759" lon="-0.068404">
        <ele>967.2</ele>
        <time>2015-10-20T13:36:46Z</time>
        <sat>8</sat>
      </trkpt>
      <trkpt lat="40.621837" lon="-0.068464">
        <ele>965.8</ele>
        <time>2015-10-20T13:36:51Z</time>
        <sat>9</sat>
      </trkpt>
      <trkpt lat="40.621790" lon="-0.068576">
        <ele>964.8</ele>
        <time>2015-10-20T13:36:57Z</time>
        <sat>9</sat>
      </trkpt>
      <trkpt lat="40.621774" lon="-0.068734">
        <ele>962.6</ele>
        <time>2015-10-20T13:37:04Z</time>
        <sat>9</sat>
      </trkpt>
      <trkpt lat="40.621769" lon="-0.068861">
        <ele>961.0</ele>
        <time>2015-10-20T13:37:09Z</time>
        <sat>9</sat>
      </trkpt>
      <trkpt lat="40.621752" lon="-0.068984">
        <ele>959.5</ele>
        <time>2015-10-20T13:37:15Z</time>
        <sat>9</sat>
      </trkpt>
      <trkpt lat="40.621710" lon="-0.069118">
        <ele>958.5</ele>
        <time>2015-10-20T13:37:21Z</time>
        <sat>9</sat>
      </trkpt>
      <trkpt lat="40.621664" lon="-0.069255">
        <ele>957.5</ele>
        <time>2015-10-20T13:37:28Z</time>
        <sat>9</sat>
      </trkpt>
      <trkpt lat="40.621619" lon="-0.069372">
        <ele>955.8</ele>
        <time>2015-10-20T13:37:33Z</time>
        <sat>9</sat>
      </trkpt>
      <trkpt lat="40.621636" lon="-0.069506">
        <ele>954.0</ele>
        <time>2015-10-20T13:37:39Z</time>
        <sat>9</sat>
      </trkpt>
      <trkpt lat="40.621686" lon="-0.069626">
        <ele>951.2</ele>
        <time>2015-10-20T13:37:45Z</time>
        <sat>9</sat>
      </trkpt>
      <trkpt lat="40.621719" lon="-0.069773">
        <ele>949.2</ele>
        <time>2015-10-20T13:37:52Z</time>
        <sat>9</sat>
      </trkpt>
      <trkpt lat="40.621732" lon="-0.069908">
        <ele>946.7</ele>
        <time>2015-10-20T13:37:58Z</time>
        <sat>9</sat>
      </trkpt>
      <trkpt lat="40.621817" lon="-0.069983">
        <ele>944.7</ele>
        <time>2015-10-20T13:38:03Z</time>
        <sat>8</sat>
      </trkpt>
      <trkpt lat="40.621849" lon="-0.070099">
        <ele>942.9</ele>
        <time>2015-10-20T13:38:09Z</time>
        <sat>8</sat>
      </trkpt>
      <trkpt lat="40.621881" lon="-0.070268">
        <ele>940.8</ele>
        <time>2015-10-20T13:38:16Z</time>
        <sat>9</sat>
      </trkpt>
      <trkpt lat="40.621886" lon="-0.070397">
        <ele>938.9</ele>
        <time>2015-10-20T13:38:22Z</time>
        <sat>8</sat>
      </trkpt>
      <trkpt lat="40.621901" lon="-0.070539">
        <ele>937.3</ele>
        <time>2015-10-20T13:38:28Z</time>
        <sat>8</sat>
      </trkpt>
      <trkpt lat="40.621934" lon="-0.070686">
        <ele>935.8</ele>
        <time>2015-10-20T13:38:35Z</time>
        <sat>8</sat>
      </trkpt>
      <trkpt lat="40.621954" lon="-0.070827">
        <ele>934.2</ele>
        <time>2015-10-20T13:38:41Z</time>
        <sat>8</sat>
      </trkpt>
      <trkpt lat="40.621979" lon="-0.070952">
        <ele>933.6</ele>
        <time>2015-10-20T13:38:47Z</time>
        <sat>8</sat>
      </trkpt>
      <trkpt lat="40.622020" lon="-0.071069">
        <ele>932.2</ele>
        <time>2015-10-20T13:38:52Z</time>
        <sat>8</sat>
      </trkpt>
      <trkpt lat="40.622067" lon="-0.071175">
        <ele>931.0</ele>
        <time>2015-10-20T13:38:58Z</time>
        <sat>8</sat>
      </trkpt>
      <trkpt lat="40.622127" lon="-0.071267">
        <ele>928.8</ele>
        <time>2015-10-20T13:39:03Z</time>
        <sat>8</sat>
      </trkpt>
      <trkpt lat="40.622174" lon="-0.071396">
        <ele>926.0</ele>
        <time>2015-10-20T13:39:09Z</time>
        <sat>8</sat>
      </trkpt>
      <trkpt lat="40.622174" lon="-0.071516">
        <ele>924.3</ele>
        <time>2015-10-20T13:39:14Z</time>
        <sat>8</sat>
      </trkpt>
      <trkpt lat="40.622116" lon="-0.071616">
        <ele>922.5</ele>
        <time>2015-10-20T13:39:20Z</time>
        <sat>7</sat>
      </trkpt>
      <trkpt lat="40.622045" lon="-0.071708">
        <ele>921.1</ele>
        <time>2015-10-20T13:39:25Z</time>
        <sat>8</sat>
      </trkpt>
      <trkpt lat="40.621959" lon="-0.071781">
        <ele>920.1</ele>
        <time>2015-10-20T13:39:31Z</time>
        <sat>8</sat>
      </trkpt>
      <trkpt lat="40.621877" lon="-0.071857">
        <ele>919.3</ele>
        <time>2015-10-20T13:39:37Z</time>
        <sat>8</sat>
      </trkpt>
      <trkpt lat="40.621972" lon="-0.071877">
        <ele>917.7</ele>
        <time>2015-10-20T13:39:43Z</time>
        <sat>7</sat>
      </trkpt>
      <trkpt lat="40.621916" lon="-0.071972">
        <ele>915.5</ele>
        <time>2015-10-20T13:39:48Z</time>
        <sat>7</sat>
      </trkpt>
      <trkpt lat="40.621832" lon="-0.072041">
        <ele>913.0</ele>
        <time>2015-10-20T13:39:53Z</time>
        <sat>7</sat>
      </trkpt>
      <trkpt lat="40.621735" lon="-0.072074">
        <ele>910.1</ele>
        <time>2015-10-20T13:39:59Z</time>
        <sat>7</sat>
      </trkpt>
      <trkpt lat="40.621707" lon="-0.072187">
        <ele>907.2</ele>
        <time>2015-10-20T13:40:04Z</time>
        <sat>6</sat>
      </trkpt>
      <trkpt lat="40.621781" lon="-0.072271">
        <ele>906.3</ele>
        <time>2015-10-20T13:40:10Z</time>
        <sat>6</sat>
      </trkpt>
      <trkpt lat="40.621866" lon="-0.072191">
        <ele>906.5</ele>
        <time>2015-10-20T13:40:16Z</time>
        <sat>6</sat>
      </trkpt>
      <trkpt lat="40.621967" lon="-0.072168">
        <ele>904.3</ele>
        <time>2015-10-20T13:40:22Z</time>
        <sat>6</sat>
      </trkpt>
      <trkpt lat="40.621997" lon="-0.072287">
        <ele>904.1</ele>
        <time>2015-10-20T13:40:27Z</time>
        <sat>6</sat>
      </trkpt>
      <trkpt lat="40.622006" lon="-0.072417">
        <ele>906.7</ele>
        <time>2015-10-20T13:40:33Z</time>
        <sat>6</sat>
      </trkpt>
      <trkpt lat="40.621999" lon="-0.072536">
        <ele>908.0</ele>
        <time>2015-10-20T13:40:38Z</time>
        <sat>7</sat>
      </trkpt>
      <trkpt lat="40.621969" lon="-0.072653">
        <ele>909.7</ele>
        <time>2015-10-20T13:40:43Z</time>
        <sat>7</sat>
      </trkpt>
      <trkpt lat="40.622016" lon="-0.072762">
        <ele>913.0</ele>
        <time>2015-10-20T13:40:49Z</time>
        <sat>9</sat>
      </trkpt>
      <trkpt lat="40.622097" lon="-0.072819">
        <ele>913.4</ele>
        <time>2015-10-20T13:40:54Z</time>
        <sat>9</sat>
      </trkpt>
      <trkpt lat="40.622197" lon="-0.072796">
        <ele>914.1</ele>
        <time>2015-10-20T13:41:00Z</time>
        <sat>8</sat>
      </trkpt>
      <trkpt lat="40.622301" lon="-0.072751">
        <ele>915.0</ele>
        <time>2015-10-20T13:41:06Z</time>
        <sat>8</sat>
      </trkpt>
      <trkpt lat="40.622389" lon="-0.072706">
        <ele>916.0</ele>
        <time>2015-10-20T13:41:12Z</time>
        <sat>8</sat>
      </trkpt>
      <trkpt lat="40.622487" lon="-0.072726">
        <ele>917.4</ele>
        <time>2015-10-20T13:41:17Z</time>
        <sat>8</sat>
      </trkpt>
      <trkpt lat="40.622547" lon="-0.072838">
        <ele>917.7</ele>
        <time>2015-10-20T13:41:23Z</time>
        <sat>8</sat>
      </trkpt>
      <trkpt lat="40.622605" lon="-0.072957">
        <ele>918.5</ele>
        <time>2015-10-20T13:41:29Z</time>
        <sat>8</sat>
      </trkpt>
      <trkpt lat="40.622654" lon="-0.073082">
        <ele>918.6</ele>
        <time>2015-10-20T13:41:35Z</time>
        <sat>9</sat>
      </trkpt>
      <trkpt lat="40.622700" lon="-0.073199">
        <ele>918.7</ele>
        <time>2015-10-20T13:41:41Z</time>
        <sat>9</sat>
      </trkpt>
      <trkpt lat="40.622747" lon="-0.073306">
        <ele>918.7</ele>
        <time>2015-10-20T13:41:47Z</time>
        <sat>9</sat>
      </trkpt>
      <trkpt lat="40.622829" lon="-0.073416">
        <ele>919.0</ele>
        <time>2015-10-20T13:41:53Z</time>
        <sat>9</sat>
      </trkpt>
      <trkpt lat="40.622907" lon="-0.073501">
        <ele>918.7</ele>
        <time>2015-10-20T13:41:59Z</time>
        <sat>10</sat>
      </trkpt>
      <trkpt lat="40.623002" lon="-0.073579">
        <ele>918.4</ele>
        <time>2015-10-20T13:42:05Z</time>
        <sat>10</sat>
      </trkpt>
      <trkpt lat="40.623086" lon="-0.073639">
        <ele>918.3</ele>
        <time>2015-10-20T13:42:11Z</time>
        <sat>9</sat>
      </trkpt>
      <trkpt lat="40.623159" lon="-0.073710">
        <ele>918.0</ele>
        <time>2015-10-20T13:42:16Z</time>
        <sat>9</sat>
      </trkpt>
      <trkpt lat="40.623255" lon="-0.073772">
        <ele>917.7</ele>
        <time>2015-10-20T13:42:22Z</time>
        <sat>9</sat>
      </trkpt>
      <trkpt lat="40.623361" lon="-0.073831">
        <ele>917.7</ele>
        <time>2015-10-20T13:42:29Z</time>
        <sat>9</sat>
      </trkpt>
      <trkpt lat="40.623454" lon="-0.073896">
        <ele>917.6</ele>
        <time>2015-10-20T13:42:35Z</time>
        <sat>9</sat>
      </trkpt>
      <trkpt lat="40.623544" lon="-0.073939">
        <ele>917.8</ele>
        <time>2015-10-20T13:42:40Z</time>
        <sat>8</sat>
      </trkpt>
      <trkpt lat="40.623649" lon="-0.074019">
        <ele>917.7</ele>
        <time>2015-10-20T13:42:47Z</time>
        <sat>8</sat>
      </trkpt>
      <trkpt lat="40.623735" lon="-0.074112">
        <ele>917.8</ele>
        <time>2015-10-20T13:42:54Z</time>
        <sat>8</sat>
      </trkpt>
      <trkpt lat="40.623782" lon="-0.074229">
        <ele>916.2</ele>
        <time>2015-10-20T13:42:59Z</time>
        <sat>8</sat>
      </trkpt>
      <trkpt lat="40.623845" lon="-0.074348">
        <ele>916.0</ele>
        <time>2015-10-20T13:43:06Z</time>
        <sat>9</sat>
      </trkpt>
      <trkpt lat="40.623896" lon="-0.074491">
        <ele>914.5</ele>
        <time>2015-10-20T13:43:12Z</time>
        <sat>9</sat>
      </trkpt>
      <trkpt lat="40.623929" lon="-0.074629">
        <ele>913.3</ele>
        <time>2015-10-20T13:43:19Z</time>
        <sat>9</sat>
      </trkpt>
      <trkpt lat="40.623932" lon="-0.074766">
        <ele>911.9</ele>
        <time>2015-10-20T13:43:25Z</time>
        <sat>9</sat>
      </trkpt>
      <trkpt lat="40.623847" lon="-0.074894">
        <ele>910.1</ele>
        <time>2015-10-20T13:43:32Z</time>
        <sat>9</sat>
      </trkpt>
      <trkpt lat="40.623792" lon="-0.075006">
        <ele>909.2</ele>
        <time>2015-10-20T13:43:38Z</time>
        <sat>9</sat>
      </trkpt>
      <trkpt lat="40.623767" lon="-0.075161">
        <ele>907.2</ele>
        <time>2015-10-20T13:43:45Z</time>
        <sat>9</sat>
      </trkpt>
      <trkpt lat="40.623752" lon="-0.075314">
        <ele>905.5</ele>
        <time>2015-10-20T13:43:51Z</time>
        <sat>9</sat>
      </trkpt>
      <trkpt lat="40.623684" lon="-0.075461">
        <ele>902.7</ele>
        <time>2015-10-20T13:43:59Z</time>
        <sat>9</sat>
      </trkpt>
      <trkpt lat="40.623642" lon="-0.075589">
        <ele>900.4</ele>
        <time>2015-10-20T13:44:05Z</time>
        <sat>9</sat>
      </trkpt>
      <trkpt lat="40.623644" lon="-0.075721">
        <ele>899.7</ele>
        <time>2015-10-20T13:44:11Z</time>
        <sat>9</sat>
      </trkpt>
      <trkpt lat="40.623637" lon="-0.075839">
        <ele>900.2</ele>
        <time>2015-10-20T13:44:16Z</time>
        <sat>10</sat>
      </trkpt>
      <trkpt lat="40.623637" lon="-0.075839">
        <ele>900.2</ele>
        <time>2015-10-20T13:44:16Z</time>
        <sat>10</sat>
      </trkpt>
      <trkpt lat="40.623561" lon="-0.075918">
        <ele>899.1</ele>
        <time>2015-10-20T13:44:21Z</time>
        <sat>8</sat>
      </trkpt>
      <trkpt lat="40.623469" lon="-0.076006">
        <ele>897.9</ele>
        <time>2015-10-20T13:44:28Z</time>
        <sat>8</sat>
      </trkpt>
      <trkpt lat="40.623362" lon="-0.076078">
        <ele>897.7</ele>
        <time>2015-10-20T13:44:35Z</time>
        <sat>8</sat>
      </trkpt>
      <trkpt lat="40.623264" lon="-0.076159">
        <ele>897.1</ele>
        <time>2015-10-20T13:44:41Z</time>
        <sat>8</sat>
      </trkpt>
      <trkpt lat="40.623190" lon="-0.076229">
        <ele>896.5</ele>
        <time>2015-10-20T13:44:47Z</time>
        <sat>8</sat>
      </trkpt>
      <trkpt lat="40.623077" lon="-0.076296">
        <ele>896.5</ele>
        <time>2015-10-20T13:44:54Z</time>
        <sat>8</sat>
      </trkpt>
      <trkpt lat="40.623006" lon="-0.076404">
        <ele>895.5</ele>
        <time>2015-10-20T13:45:00Z</time>
        <sat>8</sat>
      </trkpt>
      <trkpt lat="40.622935" lon="-0.076536">
        <ele>893.8</ele>
        <time>2015-10-20T13:45:07Z</time>
        <sat>8</sat>
      </trkpt>
      <trkpt lat="40.622859" lon="-0.076621">
        <ele>893.2</ele>
        <time>2015-10-20T13:45:13Z</time>
        <sat>9</sat>
      </trkpt>
      <trkpt lat="40.622813" lon="-0.076618">
        <ele>893.6</ele>
        <time>2015-10-20T13:45:15Z</time>
      </trkpt>
      <trkpt lat="40.622760" lon="-0.076665">
        <ele>892.9</ele>
        <time>2015-10-20T13:45:19Z</time>
      </trkpt>
      <trkpt lat="40.622747" lon="-0.076657">
        <ele>892.9</ele>
        <time>2015-10-20T13:45:20Z</time>
      </trkpt>
      <trkpt lat="40.622872" lon="-0.076975">
        <ele>888.5</ele>
        <time>2015-10-20T13:45:35Z</time>
      </trkpt>
      <trkpt lat="40.622956" lon="-0.077137">
        <ele>890.4</ele>
        <time>2015-10-20T13:45:44Z</time>
      </trkpt>
      <trkpt lat="40.623047" lon="-0.077123">
        <ele>890.9</ele>
        <time>2015-10-20T13:45:49Z</time>
      </trkpt>
      <trkpt lat="40.623122" lon="-0.077137">
        <ele>891.7</ele>
        <time>2015-10-20T13:45:53Z</time>
      </trkpt>
      <trkpt lat="40.623363" lon="-0.077400">
        <ele>895.7</ele>
        <time>2015-10-20T13:46:11Z</time>
      </trkpt>
      <trkpt lat="40.623702" lon="-0.077475">
        <ele>899.8</ele>
        <time>2015-10-20T13:46:31Z</time>
      </trkpt>
      <trkpt lat="40.623807" lon="-0.077456">
        <ele>901.8</ele>
        <time>2015-10-20T13:46:37Z</time>
      </trkpt>
      <trkpt lat="40.623867" lon="-0.077424">
        <ele>902.7</ele>
        <time>2015-10-20T13:46:41Z</time>
      </trkpt>
      <trkpt lat="40.623932" lon="-0.077418">
        <ele>903.5</ele>
        <time>2015-10-20T13:46:44Z</time>
      </trkpt>
      <trkpt lat="40.623988" lon="-0.077455">
        <ele>904.7</ele>
        <time>2015-10-20T13:46:48Z</time>
      </trkpt>
      <trkpt lat="40.624008" lon="-0.077500">
        <ele>905.2</ele>
        <time>2015-10-20T13:46:50Z</time>
      </trkpt>
      <trkpt lat="40.624010" lon="-0.077505">
        <ele>905.3</ele>
        <time>2015-10-20T13:46:50Z</time>
      </trkpt>
      <trkpt lat="40.624010" lon="-0.077578">
        <ele>905.7</ele>
        <time>2015-10-20T13:46:54Z</time>
      </trkpt>
      <trkpt lat="40.623962" lon="-0.077705">
        <ele>905.9</ele>
        <time>2015-10-20T13:47:00Z</time>
      </trkpt>
      <trkpt lat="40.623928" lon="-0.077840">
        <ele>906.3</ele>
        <time>2015-10-20T13:47:06Z</time>
      </trkpt>
      <trkpt lat="40.623869" lon="-0.077979">
        <ele>907.1</ele>
        <time>2015-10-20T13:47:13Z</time>
      </trkpt>
      <trkpt lat="40.623797" lon="-0.078131">
        <ele>909.1</ele>
        <time>2015-10-20T13:47:21Z</time>
      </trkpt>
      <trkpt lat="40.623694" lon="-0.078334">
        <ele>911.5</ele>
        <time>2015-10-20T13:47:31Z</time>
      </trkpt>
      <trkpt lat="40.623626" lon="-0.078515">
        <ele>913.4</ele>
        <time>2015-10-20T13:47:40Z</time>
      </trkpt>
      <trkpt lat="40.623644" lon="-0.078723">
        <ele>915.0</ele>
        <time>2015-10-20T13:47:49Z</time>
      </trkpt>
      <trkpt lat="40.623716" lon="-0.078951">
        <ele>915.1</ele>
        <time>2015-10-20T13:48:00Z</time>
      </trkpt>
      <trkpt lat="40.623824" lon="-0.079223">
        <ele>915.9</ele>
        <time>2015-10-20T13:48:13Z</time>
      </trkpt>
      <trkpt lat="40.624090" lon="-0.079717">
        <ele>917.1</ele>
        <time>2015-10-20T13:48:39Z</time>
      </trkpt>
      <trkpt lat="40.624144" lon="-0.079823">
        <ele>917.1</ele>
        <time>2015-10-20T13:48:45Z</time>
      </trkpt>
      <trkpt lat="40.624196" lon="-0.079988">
        <ele>916.9</ele>
        <time>2015-10-20T13:48:53Z</time>
      </trkpt>
      <trkpt lat="40.624237" lon="-0.080381">
        <ele>916.4</ele>
        <time>2015-10-20T13:49:10Z</time>
      </trkpt>
      <trkpt lat="40.624248" lon="-0.080571">
        <ele>915.7</ele>
        <time>2015-10-20T13:49:18Z</time>
      </trkpt>
      <trkpt lat="40.624294" lon="-0.080709">
        <ele>915.9</ele>
        <time>2015-10-20T13:49:25Z</time>
      </trkpt>
      <trkpt lat="40.624384" lon="-0.080887">
        <ele>915.9</ele>
        <time>2015-10-20T13:49:34Z</time>
      </trkpt>
      <trkpt lat="40.624489" lon="-0.081129">
        <ele>915.9</ele>
        <time>2015-10-20T13:49:46Z</time>
      </trkpt>
      <trkpt lat="40.624631" lon="-0.081458">
        <ele>915.8</ele>
        <time>2015-10-20T13:50:03Z</time>
      </trkpt>
      <trkpt lat="40.624683" lon="-0.081550">
        <ele>916.1</ele>
        <time>2015-10-20T13:50:08Z</time>
      </trkpt>
      <trkpt lat="40.624734" lon="-0.081633">
        <ele>916.1</ele>
        <time>2015-10-20T13:50:12Z</time>
      </trkpt>
      <trkpt lat="40.624750" lon="-0.081667">
        <ele>916.1</ele>
        <time>2015-10-20T13:50:14Z</time>
      </trkpt>
      <trkpt lat="40.624784" lon="-0.081716">
        <ele>916.1</ele>
        <time>2015-10-20T13:50:17Z</time>
      </trkpt>
      <trkpt lat="40.624817" lon="-0.081767">
        <ele>916.1</ele>
        <time>2015-10-20T13:50:20Z</time>
      </trkpt>
      <trkpt lat="40.624868" lon="-0.081816">
        <ele>916.0</ele>
        <time>2015-10-20T13:50:23Z</time>
      </trkpt>
      <trkpt lat="40.624900" lon="-0.081850">
        <ele>916.0</ele>
        <time>2015-10-20T13:50:26Z</time>
      </trkpt>
      <trkpt lat="40.624933" lon="-0.081900">
        <ele>915.9</ele>
        <time>2015-10-20T13:50:29Z</time>
      </trkpt>
      <trkpt lat="40.624967" lon="-0.081950">
        <ele>915.9</ele>
        <time>2015-10-20T13:50:31Z</time>
      </trkpt>
      <trkpt lat="40.625000" lon="-0.082017">
        <ele>915.6</ele>
        <time>2015-10-20T13:50:35Z</time>
      </trkpt>
      <trkpt lat="40.625033" lon="-0.082066">
        <ele>915.5</ele>
        <time>2015-10-20T13:50:38Z</time>
      </trkpt>
      <trkpt lat="40.625067" lon="-0.082133">
        <ele>915.5</ele>
        <time>2015-10-20T13:50:41Z</time>
      </trkpt>
      <trkpt lat="40.625085" lon="-0.082183">
        <ele>915.3</ele>
        <time>2015-10-20T13:50:44Z</time>
      </trkpt>
      <trkpt lat="40.625117" lon="-0.082250">
        <ele>915.1</ele>
        <time>2015-10-20T13:50:47Z</time>
      </trkpt>
      <trkpt lat="40.625135" lon="-0.082317">
        <ele>914.6</ele>
        <time>2015-10-20T13:50:50Z</time>
      </trkpt>
      <trkpt lat="40.625167" lon="-0.082367">
        <ele>914.8</ele>
        <time>2015-10-20T13:50:53Z</time>
      </trkpt>
      <trkpt lat="40.625201" lon="-0.082416">
        <ele>914.8</ele>
        <time>2015-10-20T13:50:56Z</time>
      </trkpt>
      <trkpt lat="40.625235" lon="-0.082467">
        <ele>914.8</ele>
        <time>2015-10-20T13:50:59Z</time>
      </trkpt>
      <trkpt lat="40.625267" lon="-0.082516">
        <ele>914.7</ele>
        <time>2015-10-20T13:51:02Z</time>
      </trkpt>
      <trkpt lat="40.625301" lon="-0.082567">
        <ele>914.6</ele>
        <time>2015-10-20T13:51:05Z</time>
      </trkpt>
      <trkpt lat="40.625334" lon="-0.082633">
        <ele>914.6</ele>
        <time>2015-10-20T13:51:08Z</time>
      </trkpt>
      <trkpt lat="40.625350" lon="-0.082683">
        <ele>914.6</ele>
        <time>2015-10-20T13:51:10Z</time>
      </trkpt>
      <trkpt lat="40.625367" lon="-0.082750">
        <ele>914.5</ele>
        <time>2015-10-20T13:51:13Z</time>
      </trkpt>
      <trkpt lat="40.625400" lon="-0.082800">
        <ele>914.9</ele>
        <time>2015-10-20T13:51:16Z</time>
      </trkpt>
      <trkpt lat="40.625417" lon="-0.082883">
        <ele>914.3</ele>
        <time>2015-10-20T13:51:20Z</time>
      </trkpt>
      <trkpt lat="40.625434" lon="-0.082950">
        <ele>914.0</ele>
        <time>2015-10-20T13:51:23Z</time>
      </trkpt>
      <trkpt lat="40.625467" lon="-0.083017">
        <ele>914.1</ele>
        <time>2015-10-20T13:51:27Z</time>
      </trkpt>
      <trkpt lat="40.625483" lon="-0.083100">
        <ele>913.7</ele>
        <time>2015-10-20T13:51:30Z</time>
      </trkpt>
      <trkpt lat="40.625517" lon="-0.083183">
        <ele>914.0</ele>
        <time>2015-10-20T13:51:34Z</time>
      </trkpt>
      <trkpt lat="40.625534" lon="-0.083250">
        <ele>913.8</ele>
        <time>2015-10-20T13:51:37Z</time>
      </trkpt>
      <trkpt lat="40.625550" lon="-0.083333">
        <ele>913.9</ele>
        <time>2015-10-20T13:51:41Z</time>
      </trkpt>
      <trkpt lat="40.625568" lon="-0.083416">
        <ele>913.8</ele>
        <time>2015-10-20T13:51:45Z</time>
      </trkpt>
      <trkpt lat="40.625583" lon="-0.083500">
        <ele>913.2</ele>
        <time>2015-10-20T13:51:49Z</time>
      </trkpt>
      <trkpt lat="40.625602" lon="-0.083583">
        <ele>913.1</ele>
        <time>2015-10-20T13:51:52Z</time>
      </trkpt>
      <trkpt lat="40.625617" lon="-0.083667">
        <ele>913.1</ele>
        <time>2015-10-20T13:51:56Z</time>
      </trkpt>
      <trkpt lat="40.625634" lon="-0.083750">
        <ele>913.0</ele>
        <time>2015-10-20T13:52:00Z</time>
      </trkpt>
      <trkpt lat="40.625634" lon="-0.083817">
        <ele>913.0</ele>
        <time>2015-10-20T13:52:03Z</time>
      </trkpt>
      <trkpt lat="40.625651" lon="-0.083883">
        <ele>913.5</ele>
        <time>2015-10-20T13:52:06Z</time>
      </trkpt>
      <trkpt lat="40.625685" lon="-0.083983">
        <ele>916.0</ele>
        <time>2015-10-20T13:52:11Z</time>
      </trkpt>
      <trkpt lat="40.625734" lon="-0.084083">
        <ele>916.8</ele>
        <time>2015-10-20T13:52:16Z</time>
      </trkpt>
      <trkpt lat="40.625767" lon="-0.084183">
        <ele>917.0</ele>
        <time>2015-10-20T13:52:20Z</time>
      </trkpt>
      <trkpt lat="40.625817" lon="-0.084267">
        <ele>918.0</ele>
        <time>2015-10-20T13:52:25Z</time>
      </trkpt>
      <trkpt lat="40.625884" lon="-0.084367">
        <ele>919.4</ele>
        <time>2015-10-20T13:52:31Z</time>
      </trkpt>
      <trkpt lat="40.625917" lon="-0.084467">
        <ele>920.1</ele>
        <time>2015-10-20T13:52:36Z</time>
      </trkpt>
      <trkpt lat="40.625950" lon="-0.084550">
        <ele>921.0</ele>
        <time>2015-10-20T13:52:40Z</time>
      </trkpt>
      <trkpt lat="40.625984" lon="-0.084633">
        <ele>921.6</ele>
        <time>2015-10-20T13:52:44Z</time>
      </trkpt>
      <trkpt lat="40.626017" lon="-0.084733">
        <ele>922.1</ele>
        <time>2015-10-20T13:52:49Z</time>
      </trkpt>
      <trkpt lat="40.626050" lon="-0.084817">
        <ele>922.5</ele>
        <time>2015-10-20T13:52:53Z</time>
      </trkpt>
      <trkpt lat="40.626084" lon="-0.084900">
        <ele>923.0</ele>
        <time>2015-10-20T13:52:57Z</time>
      </trkpt>
      <trkpt lat="40.626118" lon="-0.085000">
        <ele>923.2</ele>
        <time>2015-10-20T13:53:01Z</time>
      </trkpt>
      <trkpt lat="40.626150" lon="-0.085100">
        <ele>924.0</ele>
        <time>2015-10-20T13:53:06Z</time>
      </trkpt>
      <trkpt lat="40.626183" lon="-0.085200">
        <ele>924.6</ele>
        <time>2015-10-20T13:53:11Z</time>
      </trkpt>
      <trkpt lat="40.626218" lon="-0.085283">
        <ele>925.4</ele>
        <time>2015-10-20T13:53:15Z</time>
      </trkpt>
      <trkpt lat="40.626218" lon="-0.085316">
        <ele>925.2</ele>
        <time>2015-10-20T13:53:16Z</time>
      </trkpt>
      <trkpt lat="40.626267" lon="-0.085467">
        <ele>925.3</ele>
        <time>2015-10-20T13:53:24Z</time>
      </trkpt>
      <trkpt lat="40.626283" lon="-0.085567">
        <ele>925.0</ele>
        <time>2015-10-20T13:53:28Z</time>
      </trkpt>
      <trkpt lat="40.626283" lon="-0.085616">
        <ele>924.7</ele>
        <time>2015-10-20T13:53:30Z</time>
      </trkpt>
      <trkpt lat="40.626301" lon="-0.085683">
        <ele>924.3</ele>
        <time>2015-10-20T13:53:33Z</time>
      </trkpt>
      <trkpt lat="40.626317" lon="-0.085765">
        <ele>923.9</ele>
        <time>2015-10-20T13:53:37Z</time>
      </trkpt>
      <trkpt lat="40.626335" lon="-0.085833">
        <ele>923.6</ele>
        <time>2015-10-20T13:53:40Z</time>
      </trkpt>
      <trkpt lat="40.626350" lon="-0.085917">
        <ele>923.5</ele>
        <time>2015-10-20T13:53:44Z</time>
      </trkpt>
      <trkpt lat="40.626367" lon="-0.086000">
        <ele>922.5</ele>
        <time>2015-10-20T13:53:48Z</time>
      </trkpt>
      <trkpt lat="40.626400" lon="-0.086083">
        <ele>922.8</ele>
        <time>2015-10-20T13:53:52Z</time>
      </trkpt>
      <trkpt lat="40.626417" lon="-0.086150">
        <ele>922.2</ele>
        <time>2015-10-20T13:53:55Z</time>
      </trkpt>
      <trkpt lat="40.626450" lon="-0.086233">
        <ele>921.8</ele>
        <time>2015-10-20T13:53:59Z</time>
      </trkpt>
      <trkpt lat="40.626483" lon="-0.086315">
        <ele>921.5</ele>
        <time>2015-10-20T13:54:03Z</time>
      </trkpt>
      <trkpt lat="40.626500" lon="-0.086400">
        <ele>921.0</ele>
        <time>2015-10-20T13:54:07Z</time>
      </trkpt>
      <trkpt lat="40.626518" lon="-0.086483">
        <ele>920.5</ele>
        <time>2015-10-20T13:54:10Z</time>
      </trkpt>
      <trkpt lat="40.626534" lon="-0.086583">
        <ele>920.8</ele>
        <time>2015-10-20T13:54:15Z</time>
      </trkpt>
      <trkpt lat="40.626550" lon="-0.086666">
        <ele>921.4</ele>
        <time>2015-10-20T13:54:18Z</time>
      </trkpt>
      <trkpt lat="40.626583" lon="-0.086750">
        <ele>921.2</ele>
        <time>2015-10-20T13:54:23Z</time>
      </trkpt>
      <trkpt lat="40.626618" lon="-0.086850">
        <ele>921.8</ele>
        <time>2015-10-20T13:54:27Z</time>
      </trkpt>
      <trkpt lat="40.626650" lon="-0.086916">
        <ele>920.9</ele>
        <time>2015-10-20T13:54:31Z</time>
      </trkpt>
      <trkpt lat="40.626700" lon="-0.086999">
        <ele>920.7</ele>
        <time>2015-10-20T13:54:35Z</time>
      </trkpt>
      <trkpt lat="40.626734" lon="-0.087067">
        <ele>919.6</ele>
        <time>2015-10-20T13:54:39Z</time>
      </trkpt>
      <trkpt lat="40.626751" lon="-0.087167">
        <ele>917.8</ele>
        <time>2015-10-20T13:54:43Z</time>
      </trkpt>
      <trkpt lat="40.626768" lon="-0.087266">
        <ele>917.4</ele>
        <time>2015-10-20T13:54:48Z</time>
      </trkpt>
      <trkpt lat="40.626768" lon="-0.087366">
        <ele>916.8</ele>
        <time>2015-10-20T13:54:52Z</time>
      </trkpt>
      <trkpt lat="40.626768" lon="-0.087466">
        <ele>916.7</ele>
        <time>2015-10-20T13:54:56Z</time>
      </trkpt>
      <trkpt lat="40.626784" lon="-0.087549">
        <ele>916.8</ele>
        <time>2015-10-20T13:55:00Z</time>
      </trkpt>
      <trkpt lat="40.626784" lon="-0.087633">
        <ele>917.0</ele>
        <time>2015-10-20T13:55:04Z</time>
      </trkpt>
      <trkpt lat="40.626817" lon="-0.087717">
        <ele>917.9</ele>
        <time>2015-10-20T13:55:08Z</time>
      </trkpt>
      <trkpt lat="40.626851" lon="-0.087782">
        <ele>917.9</ele>
        <time>2015-10-20T13:55:11Z</time>
      </trkpt>
      <trkpt lat="40.626884" lon="-0.087833">
        <ele>917.7</ele>
        <time>2015-10-20T13:55:14Z</time>
      </trkpt>
      <trkpt lat="40.626950" lon="-0.087882">
        <ele>917.8</ele>
        <time>2015-10-20T13:55:19Z</time>
      </trkpt>
      <trkpt lat="40.627001" lon="-0.087916">
        <ele>917.4</ele>
        <time>2015-10-20T13:55:22Z</time>
      </trkpt>
      <trkpt lat="40.627050" lon="-0.087950">
        <ele>917.5</ele>
        <time>2015-10-20T13:55:25Z</time>
      </trkpt>
      <trkpt lat="40.627101" lon="-0.087982">
        <ele>917.0</ele>
        <time>2015-10-20T13:55:28Z</time>
      </trkpt>
      <trkpt lat="40.627150" lon="-0.088016">
        <ele>917.6</ele>
        <time>2015-10-20T13:55:31Z</time>
      </trkpt>
      <trkpt lat="40.627200" lon="-0.088065">
        <ele>917.5</ele>
        <time>2015-10-20T13:55:35Z</time>
      </trkpt>
      <trkpt lat="40.627250" lon="-0.088100">
        <ele>916.8</ele>
        <time>2015-10-20T13:55:38Z</time>
      </trkpt>
      <trkpt lat="40.627300" lon="-0.088133">
        <ele>916.8</ele>
        <time>2015-10-20T13:55:41Z</time>
      </trkpt>
      <trkpt lat="40.627350" lon="-0.088167">
        <ele>916.3</ele>
        <time>2015-10-20T13:55:45Z</time>
      </trkpt>
      <trkpt lat="40.627401" lon="-0.088183">
        <ele>916.8</ele>
        <time>2015-10-20T13:55:48Z</time>
      </trkpt>
      <trkpt lat="40.627450" lon="-0.088215">
        <ele>916.4</ele>
        <time>2015-10-20T13:55:51Z</time>
      </trkpt>
      <trkpt lat="40.627483" lon="-0.088233">
        <ele>916.6</ele>
        <time>2015-10-20T13:55:53Z</time>
      </trkpt>
      <trkpt lat="40.627585" lon="-0.088249">
        <ele>917.6</ele>
        <time>2015-10-20T13:55:59Z</time>
      </trkpt>
      <trkpt lat="40.627634" lon="-0.088267">
        <ele>917.5</ele>
        <time>2015-10-20T13:56:02Z</time>
      </trkpt>
      <trkpt lat="40.627700" lon="-0.088300">
        <ele>918.0</ele>
        <time>2015-10-20T13:56:06Z</time>
      </trkpt>
      <trkpt lat="40.627768" lon="-0.088316">
        <ele>918.3</ele>
        <time>2015-10-20T13:56:10Z</time>
      </trkpt>
      <trkpt lat="40.627833" lon="-0.088349">
        <ele>918.7</ele>
        <time>2015-10-20T13:56:14Z</time>
      </trkpt>
      <trkpt lat="40.627900" lon="-0.088366">
        <ele>919.0</ele>
        <time>2015-10-20T13:56:17Z</time>
      </trkpt>
      <trkpt lat="40.627967" lon="-0.088417">
        <ele>919.6</ele>
        <time>2015-10-20T13:56:22Z</time>
      </trkpt>
      <trkpt lat="40.628000" lon="-0.088432">
        <ele>920.0</ele>
        <time>2015-10-20T13:56:24Z</time>
      </trkpt>
      <trkpt lat="40.628101" lon="-0.088500">
        <ele>921.1</ele>
        <time>2015-10-20T13:56:30Z</time>
      </trkpt>
      <trkpt lat="40.628150" lon="-0.088582">
        <ele>921.5</ele>
        <time>2015-10-20T13:56:35Z</time>
      </trkpt>
      <trkpt lat="40.628217" lon="-0.088650">
        <ele>922.1</ele>
        <time>2015-10-20T13:56:40Z</time>
      </trkpt>
      <trkpt lat="40.628284" lon="-0.088700">
        <ele>922.8</ele>
        <time>2015-10-20T13:56:44Z</time>
      </trkpt>
      <trkpt lat="40.628367" lon="-0.088733">
        <ele>923.5</ele>
        <time>2015-10-20T13:56:49Z</time>
      </trkpt>
      <trkpt lat="40.628434" lon="-0.088765">
        <ele>924.4</ele>
        <time>2015-10-20T13:56:53Z</time>
      </trkpt>
      <trkpt lat="40.628517" lon="-0.088783">
        <ele>924.6</ele>
        <time>2015-10-20T13:56:58Z</time>
      </trkpt>
      <trkpt lat="40.628568" lon="-0.088816">
        <ele>924.6</ele>
        <time>2015-10-20T13:57:01Z</time>
      </trkpt>
      <trkpt lat="40.628634" lon="-0.088850">
        <ele>924.0</ele>
        <time>2015-10-20T13:57:05Z</time>
      </trkpt>
      <trkpt lat="40.628700" lon="-0.088882">
        <ele>924.0</ele>
        <time>2015-10-20T13:57:09Z</time>
      </trkpt>
      <trkpt lat="40.628784" lon="-0.088933">
        <ele>924.2</ele>
        <time>2015-10-20T13:57:15Z</time>
      </trkpt>
      <trkpt lat="40.628867" lon="-0.088967">
        <ele>925.0</ele>
        <time>2015-10-20T13:57:19Z</time>
      </trkpt>
      <trkpt lat="40.628935" lon="-0.089000">
        <ele>925.1</ele>
        <time>2015-10-20T13:57:24Z</time>
      </trkpt>
      <trkpt lat="40.629000" lon="-0.089050">
        <ele>925.0</ele>
        <time>2015-10-20T13:57:28Z</time>
      </trkpt>
      <trkpt lat="40.629067" lon="-0.089116">
        <ele>924.6</ele>
        <time>2015-10-20T13:57:33Z</time>
      </trkpt>
      <trkpt lat="40.629118" lon="-0.089200">
        <ele>924.5</ele>
        <time>2015-10-20T13:57:37Z</time>
      </trkpt>
      <trkpt lat="40.629150" lon="-0.089300">
        <ele>927.1</ele>
        <time>2015-10-20T13:57:42Z</time>
      </trkpt>
      <trkpt lat="40.629150" lon="-0.089300">
        <ele>927.1</ele>
        <time>2015-10-20T13:57:42Z</time>
      </trkpt>
      <trkpt lat="40.629150" lon="-0.089415">
        <ele>928.4</ele>
        <time>2015-10-20T13:57:47Z</time>
      </trkpt>
      <trkpt lat="40.629150" lon="-0.089433">
        <ele>928.7</ele>
        <time>2015-10-20T13:57:48Z</time>
      </trkpt>
      <trkpt lat="40.629167" lon="-0.089617">
        <ele>931.8</ele>
        <time>2015-10-20T13:57:56Z</time>
      </trkpt>
      <trkpt lat="40.629184" lon="-0.089716">
        <ele>933.5</ele>
        <time>2015-10-20T13:58:00Z</time>
      </trkpt>
      <trkpt lat="40.629184" lon="-0.089833">
        <ele>935.3</ele>
        <time>2015-10-20T13:58:05Z</time>
      </trkpt>
      <trkpt lat="40.629201" lon="-0.089950">
        <ele>937.1</ele>
        <time>2015-10-20T13:58:11Z</time>
      </trkpt>
      <trkpt lat="40.629217" lon="-0.090049">
        <ele>938.6</ele>
        <time>2015-10-20T13:58:15Z</time>
      </trkpt>
      <trkpt lat="40.629250" lon="-0.090149">
        <ele>940.0</ele>
        <time>2015-10-20T13:58:20Z</time>
      </trkpt>
      <trkpt lat="40.629283" lon="-0.090249">
        <ele>941.6</ele>
        <time>2015-10-20T13:58:24Z</time>
      </trkpt>
      <trkpt lat="40.629317" lon="-0.090350">
        <ele>943.0</ele>
        <time>2015-10-20T13:58:29Z</time>
      </trkpt>
      <trkpt lat="40.629383" lon="-0.090416">
        <ele>944.3</ele>
        <time>2015-10-20T13:58:34Z</time>
      </trkpt>
      <trkpt lat="40.629383" lon="-0.090433">
        <ele>944.5</ele>
        <time>2015-10-20T13:58:35Z</time>
      </trkpt>
      <trkpt lat="40.629383" lon="-0.090633">
        <ele>947.2</ele>
        <time>2015-10-20T13:58:43Z</time>
      </trkpt>
      <trkpt lat="40.629367" lon="-0.090733">
        <ele>948.1</ele>
        <time>2015-10-20T13:58:48Z</time>
      </trkpt>
      <trkpt lat="40.629367" lon="-0.090850">
        <ele>949.4</ele>
        <time>2015-10-20T13:58:53Z</time>
      </trkpt>
      <trkpt lat="40.629335" lon="-0.090949">
        <ele>950.5</ele>
        <time>2015-10-20T13:58:58Z</time>
      </trkpt>
      <trkpt lat="40.629300" lon="-0.091032">
        <ele>951.5</ele>
        <time>2015-10-20T13:59:02Z</time>
      </trkpt>
      <trkpt lat="40.629267" lon="-0.091132">
        <ele>952.5</ele>
        <time>2015-10-20T13:59:06Z</time>
      </trkpt>
      <trkpt lat="40.629201" lon="-0.091215">
        <ele>953.2</ele>
        <time>2015-10-20T13:59:12Z</time>
      </trkpt>
      <trkpt lat="40.629167" lon="-0.091315">
        <ele>955.1</ele>
        <time>2015-10-20T13:59:16Z</time>
      </trkpt>
      <trkpt lat="40.629100" lon="-0.091398">
        <ele>956.6</ele>
        <time>2015-10-20T13:59:22Z</time>
      </trkpt>
      <trkpt lat="40.629100" lon="-0.091398">
        <ele>956.6</ele>
        <time>2015-10-20T13:59:22Z</time>
      </trkpt>
      <trkpt lat="40.628967" lon="-0.091516">
        <ele>959.0</ele>
        <time>2015-10-20T13:59:31Z</time>
      </trkpt>
      <trkpt lat="40.628884" lon="-0.091565">
        <ele>960.4</ele>
        <time>2015-10-20T13:59:36Z</time>
      </trkpt>
      <trkpt lat="40.628817" lon="-0.091616">
        <ele>961.9</ele>
        <time>2015-10-20T13:59:40Z</time>
      </trkpt>
      <trkpt lat="40.628717" lon="-0.091616">
        <ele>962.8</ele>
        <time>2015-10-20T13:59:46Z</time>
      </trkpt>
      <trkpt lat="40.628651" lon="-0.091616">
        <ele>963.3</ele>
        <time>2015-10-20T13:59:50Z</time>
      </trkpt>
      <trkpt lat="40.628392" lon="-0.091577">
        <ele>965.3</ele>
        <time>2015-10-20T14:00:05Z</time>
      </trkpt>
      <trkpt lat="40.628221" lon="-0.091558">
        <ele>966.9</ele>
        <time>2015-10-20T14:00:15Z</time>
      </trkpt>
      <trkpt lat="40.628061" lon="-0.091560">
        <ele>968.1</ele>
        <time>2015-10-20T14:00:24Z</time>
      </trkpt>
      <trkpt lat="40.627935" lon="-0.091508">
        <ele>967.8</ele>
        <time>2015-10-20T14:00:31Z</time>
      </trkpt>
      <trkpt lat="40.627791" lon="-0.091368">
        <ele>968.2</ele>
        <time>2015-10-20T14:00:42Z</time>
      </trkpt>
      <trkpt lat="40.627433" lon="-0.091154">
        <ele>969.7</ele>
        <time>2015-10-20T14:01:04Z</time>
      </trkpt>
      <trkpt lat="40.626810" lon="-0.090863">
        <ele>967.2</ele>
        <time>2015-10-20T14:01:42Z</time>
      </trkpt>
      <trkpt lat="40.626374" lon="-0.090722">
        <ele>964.1</ele>
        <time>2015-10-20T14:02:08Z</time>
      </trkpt>
      <trkpt lat="40.626003" lon="-0.090718">
        <ele>960.0</ele>
        <time>2015-10-20T14:02:29Z</time>
      </trkpt>
      <trkpt lat="40.625577" lon="-0.090722">
        <ele>957.2</ele>
        <time>2015-10-20T14:02:53Z</time>
      </trkpt>
      <trkpt lat="40.625787" lon="-0.090950">
        <ele>958.9</ele>
        <time>2015-10-20T14:03:09Z</time>
      </trkpt>
      <trkpt lat="40.625927" lon="-0.091213">
        <ele>960.4</ele>
        <time>2015-10-20T14:03:23Z</time>
      </trkpt>
      <trkpt lat="40.626098" lon="-0.092083">
        <ele>962.5</ele>
        <time>2015-10-20T14:04:02Z</time>
      </trkpt>
      <trkpt lat="40.626188" lon="-0.093072">
        <ele>959.9</ele>
        <time>2015-10-20T14:04:45Z</time>
      </trkpt>
      <trkpt lat="40.626164" lon="-0.093814">
        <ele>956.4</ele>
        <time>2015-10-20T14:05:17Z</time>
      </trkpt>
      <trkpt lat="40.626098" lon="-0.094453">
        <ele>953.3</ele>
        <time>2015-10-20T14:05:45Z</time>
      </trkpt>
    </trkseg>
  </trk>
</gpx>
