<?xml version="1.0" encoding="UTF-8" standalone="no" ?>
<gpx xmlns="http://www.topografix.com/GPX/1/1" creator="CompeGPS" version="1.1" xmlns:xsi="http://www.w3.org/2001/XMLSchema-instance" xsi:schemaLocation="http://www.topografix.com/GPX/1/1 http://www.topografix.com/GPX/1/1/gpx.xsd http://www.garmin.com/xmlschemas/GpxExtensions/v3 http://www.garmin.com/xmlschemas/GpxExtensionsv3.xsd http://www.garmin.com/xmlschemas/TrackPointExtension/v1 http://www.garmin.com/xmlschemas/TrackPointExtensionv1.xsd" xmlns:gpxtpx="http://www.garmin.com/xmlschemas/TrackPointExtension/v1">
  <metadata>
    <link href="http://www.compegps.com">
      <text>CompeGPS TEAM, SL</text>
    </link>
    <time>2013-07-16T17:04:17Z</time>
    <bounds maxlat="40.672334" maxlon="-0.075866" minlat="40.621517" minlon="-0.125149"/>
  </metadata>
  <trk>
    <name>TorreCipresYXiva-Antihorario</name>
    <trkseg>
      <trkpt lat="40.621517" lon="-0.099033">
        <ele>968.9</ele>
        <time>2005-08-25T07:34:01Z</time>
      </trkpt>
      <trkpt lat="40.621667" lon="-0.098983">
        <ele>967.7</ele>
        <time>2005-08-25T07:34:01Z</time>
      </trkpt>
      <trkpt lat="40.621834" lon="-0.099333">
        <ele>966.3</ele>
        <time>2005-08-25T07:34:01Z</time>
      </trkpt>
      <trkpt lat="40.621867" lon="-0.099449">
        <ele>965.0</ele>
        <time>2005-08-25T07:34:01Z</time>
      </trkpt>
      <trkpt lat="40.621951" lon="-0.099683">
        <ele>963.5</ele>
        <time>2005-08-25T07:34:01Z</time>
      </trkpt>
      <trkpt lat="40.622034" lon="-0.099866">
        <ele>962.1</ele>
        <time>2005-08-25T07:34:01Z</time>
      </trkpt>
      <trkpt lat="40.622200" lon="-0.100016">
        <ele>959.8</ele>
        <time>2005-08-25T07:34:01Z</time>
      </trkpt>
      <trkpt lat="40.622350" lon="-0.100116">
        <ele>958.7</ele>
        <time>2005-08-25T07:34:01Z</time>
      </trkpt>
      <trkpt lat="40.622417" lon="-0.100183">
        <ele>957.8</ele>
        <time>2005-08-25T07:34:01Z</time>
      </trkpt>
      <trkpt lat="40.622434" lon="-0.100250">
        <ele>958.0</ele>
        <time>2005-08-25T07:34:01Z</time>
      </trkpt>
      <trkpt lat="40.622467" lon="-0.100350">
        <ele>957.7</ele>
        <time>2005-08-25T07:34:01Z</time>
      </trkpt>
      <trkpt lat="40.622484" lon="-0.100600">
        <ele>957.5</ele>
        <time>2005-08-25T07:34:01Z</time>
      </trkpt>
      <trkpt lat="40.622534" lon="-0.100716">
        <ele>956.9</ele>
        <time>2005-08-25T07:34:01Z</time>
      </trkpt>
      <trkpt lat="40.622601" lon="-0.100766">
        <ele>956.3</ele>
        <time>2005-08-25T07:34:01Z</time>
      </trkpt>
      <trkpt lat="40.622701" lon="-0.100783">
        <ele>955.7</ele>
        <time>2005-08-25T07:34:01Z</time>
      </trkpt>
      <trkpt lat="40.622884" lon="-0.100783">
        <ele>954.6</ele>
        <time>2005-08-25T07:34:01Z</time>
      </trkpt>
      <trkpt lat="40.623034" lon="-0.100749">
        <ele>953.4</ele>
        <time>2005-08-25T07:34:01Z</time>
      </trkpt>
      <trkpt lat="40.623317" lon="-0.100649">
        <ele>951.3</ele>
        <time>2005-08-25T07:34:01Z</time>
      </trkpt>
      <trkpt lat="40.623584" lon="-0.100583">
        <ele>949.6</ele>
        <time>2005-08-25T07:34:01Z</time>
      </trkpt>
      <trkpt lat="40.623867" lon="-0.100483">
        <ele>947.4</ele>
        <time>2005-08-25T07:34:01Z</time>
      </trkpt>
      <trkpt lat="40.624167" lon="-0.100383">
        <ele>945.6</ele>
        <time>2005-08-25T07:34:01Z</time>
      </trkpt>
      <trkpt lat="40.624301" lon="-0.100333">
        <ele>945.0</ele>
        <time>2005-08-25T07:34:01Z</time>
      </trkpt>
      <trkpt lat="40.624401" lon="-0.100216">
        <ele>944.5</ele>
        <time>2005-08-25T07:34:01Z</time>
      </trkpt>
      <trkpt lat="40.624584" lon="-0.099999">
        <ele>944.5</ele>
        <time>2005-08-25T07:34:01Z</time>
      </trkpt>
      <trkpt lat="40.624717" lon="-0.099766">
        <ele>944.7</ele>
        <time>2005-08-25T07:34:01Z</time>
      </trkpt>
      <trkpt lat="40.624784" lon="-0.099533">
        <ele>945.7</ele>
        <time>2005-08-25T07:34:01Z</time>
      </trkpt>
      <trkpt lat="40.624917" lon="-0.098783">
        <ele>944.8</ele>
        <time>2005-08-25T07:34:01Z</time>
      </trkpt>
      <trkpt lat="40.625067" lon="-0.098049">
        <ele>944.3</ele>
        <time>2005-08-25T07:34:01Z</time>
      </trkpt>
      <trkpt lat="40.625201" lon="-0.097299">
        <ele>943.4</ele>
        <time>2005-08-25T07:34:01Z</time>
      </trkpt>
      <trkpt lat="40.625250" lon="-0.097100">
        <ele>943.4</ele>
        <time>2005-08-25T07:34:01Z</time>
      </trkpt>
      <trkpt lat="40.625350" lon="-0.096833">
        <ele>943.4</ele>
        <time>2005-08-25T07:34:01Z</time>
      </trkpt>
      <trkpt lat="40.625601" lon="-0.096033">
        <ele>944.2</ele>
        <time>2005-08-25T07:34:01Z</time>
      </trkpt>
      <trkpt lat="40.625867" lon="-0.095216">
        <ele>948.2</ele>
        <time>2005-08-25T07:34:01Z</time>
      </trkpt>
      <trkpt lat="40.626017" lon="-0.094783">
        <ele>950.2</ele>
        <time>2005-08-25T07:34:01Z</time>
      </trkpt>
      <trkpt lat="40.626100" lon="-0.094399">
        <ele>952.8</ele>
        <time>2005-08-25T07:34:01Z</time>
      </trkpt>
      <trkpt lat="40.626184" lon="-0.093749">
        <ele>954.9</ele>
        <time>2005-08-25T07:34:01Z</time>
      </trkpt>
      <trkpt lat="40.626201" lon="-0.093199">
        <ele>958.5</ele>
        <time>2005-08-25T07:34:01Z</time>
      </trkpt>
      <trkpt lat="40.626184" lon="-0.092716">
        <ele>960.8</ele>
        <time>2005-08-25T07:34:01Z</time>
      </trkpt>
      <trkpt lat="40.626134" lon="-0.092283">
        <ele>961.3</ele>
        <time>2005-08-25T07:34:01Z</time>
      </trkpt>
      <trkpt lat="40.626067" lon="-0.091966">
        <ele>961.6</ele>
        <time>2005-08-25T07:34:01Z</time>
      </trkpt>
      <trkpt lat="40.625884" lon="-0.091266">
        <ele>959.5</ele>
        <time>2005-08-25T07:34:01Z</time>
      </trkpt>
      <trkpt lat="40.625851" lon="-0.091116">
        <ele>958.8</ele>
        <time>2005-08-25T07:34:01Z</time>
      </trkpt>
      <trkpt lat="40.625767" lon="-0.091016">
        <ele>958.1</ele>
        <time>2005-08-25T07:34:01Z</time>
      </trkpt>
      <trkpt lat="40.625651" lon="-0.090900">
        <ele>957.4</ele>
        <time>2005-08-25T07:34:01Z</time>
      </trkpt>
      <trkpt lat="40.625467" lon="-0.090833">
        <ele>956.1</ele>
        <time>2005-08-25T07:34:01Z</time>
      </trkpt>
      <trkpt lat="40.625284" lon="-0.090850">
        <ele>954.7</ele>
        <time>2005-08-25T07:34:01Z</time>
      </trkpt>
      <trkpt lat="40.625117" lon="-0.090933">
        <ele>952.7</ele>
        <time>2005-08-25T07:34:01Z</time>
      </trkpt>
      <trkpt lat="40.625017" lon="-0.091049">
        <ele>951.6</ele>
        <time>2005-08-25T07:34:01Z</time>
      </trkpt>
      <trkpt lat="40.624951" lon="-0.091216">
        <ele>950.4</ele>
        <time>2005-08-25T07:34:01Z</time>
      </trkpt>
      <trkpt lat="40.624900" lon="-0.091350">
        <ele>949.2</ele>
        <time>2005-08-25T07:34:01Z</time>
      </trkpt>
      <trkpt lat="40.624900" lon="-0.091550">
        <ele>948.0</ele>
        <time>2005-08-25T07:34:01Z</time>
      </trkpt>
      <trkpt lat="40.624967" lon="-0.091733">
        <ele>947.6</ele>
        <time>2005-08-25T07:34:01Z</time>
      </trkpt>
      <trkpt lat="40.625084" lon="-0.091799">
        <ele>948.1</ele>
        <time>2005-08-25T07:34:01Z</time>
      </trkpt>
      <trkpt lat="40.625184" lon="-0.091816">
        <ele>948.5</ele>
        <time>2005-08-25T07:34:01Z</time>
      </trkpt>
      <trkpt lat="40.625484" lon="-0.091683">
        <ele>950.8</ele>
        <time>2005-08-25T07:34:01Z</time>
      </trkpt>
      <trkpt lat="40.625867" lon="-0.091516">
        <ele>955.0</ele>
        <time>2005-08-25T07:34:01Z</time>
      </trkpt>
      <trkpt lat="40.626267" lon="-0.091350">
        <ele>957.3</ele>
        <time>2005-08-25T07:34:01Z</time>
      </trkpt>
      <trkpt lat="40.626551" lon="-0.091266">
        <ele>959.7</ele>
        <time>2005-08-25T07:34:01Z</time>
      </trkpt>
      <trkpt lat="40.626834" lon="-0.091249">
        <ele>961.5</ele>
        <time>2005-08-25T07:34:01Z</time>
      </trkpt>
      <trkpt lat="40.627117" lon="-0.091283">
        <ele>963.2</ele>
        <time>2005-08-25T07:34:01Z</time>
      </trkpt>
      <trkpt lat="40.627384" lon="-0.091350">
        <ele>965.0</ele>
        <time>2005-08-25T07:34:01Z</time>
      </trkpt>
      <trkpt lat="40.627667" lon="-0.091466">
        <ele>966.3</ele>
        <time>2005-08-25T07:34:01Z</time>
      </trkpt>
      <trkpt lat="40.627967" lon="-0.091583">
        <ele>967.3</ele>
        <time>2005-08-25T07:34:01Z</time>
      </trkpt>
      <trkpt lat="40.628184" lon="-0.091683">
        <ele>968.2</ele>
        <time>2005-08-25T07:34:01Z</time>
      </trkpt>
      <trkpt lat="40.628500" lon="-0.091799">
        <ele>968.6</ele>
        <time>2005-08-25T07:34:01Z</time>
      </trkpt>
      <trkpt lat="40.628817" lon="-0.091866">
        <ele>969.3</ele>
        <time>2005-08-25T07:34:01Z</time>
      </trkpt>
      <trkpt lat="40.629117" lon="-0.091833">
        <ele>970.2</ele>
        <time>2005-08-25T07:34:01Z</time>
      </trkpt>
      <trkpt lat="40.629317" lon="-0.091733">
        <ele>970.5</ele>
        <time>2005-08-25T07:34:01Z</time>
      </trkpt>
      <trkpt lat="40.629434" lon="-0.091650">
        <ele>970.8</ele>
        <time>2005-08-25T07:34:01Z</time>
      </trkpt>
      <trkpt lat="40.629617" lon="-0.091450">
        <ele>972.5</ele>
        <time>2005-08-25T07:34:01Z</time>
      </trkpt>
      <trkpt lat="40.629717" lon="-0.091249">
        <ele>973.3</ele>
        <time>2005-08-25T07:34:01Z</time>
      </trkpt>
      <trkpt lat="40.629818" lon="-0.091066">
        <ele>975.0</ele>
        <time>2005-08-25T07:34:01Z</time>
      </trkpt>
      <trkpt lat="40.629984" lon="-0.090666">
        <ele>977.2</ele>
        <time>2005-08-25T07:34:01Z</time>
      </trkpt>
      <trkpt lat="40.630101" lon="-0.090416">
        <ele>978.6</ele>
        <time>2005-08-25T07:34:01Z</time>
      </trkpt>
      <trkpt lat="40.630301" lon="-0.090100">
        <ele>980.5</ele>
        <time>2005-08-25T07:34:01Z</time>
      </trkpt>
      <trkpt lat="40.630534" lon="-0.089866">
        <ele>982.2</ele>
        <time>2005-08-25T07:34:01Z</time>
      </trkpt>
      <trkpt lat="40.630717" lon="-0.089750">
        <ele>984.5</ele>
        <time>2005-08-25T07:34:01Z</time>
      </trkpt>
      <trkpt lat="40.630884" lon="-0.089683">
        <ele>986.8</ele>
        <time>2005-08-25T07:34:01Z</time>
      </trkpt>
      <trkpt lat="40.631067" lon="-0.089599">
        <ele>987.2</ele>
        <time>2005-08-25T07:34:01Z</time>
      </trkpt>
      <trkpt lat="40.631551" lon="-0.089433">
        <ele>990.6</ele>
        <time>2005-08-25T07:34:01Z</time>
      </trkpt>
      <trkpt lat="40.632017" lon="-0.089266">
        <ele>994.3</ele>
        <time>2005-08-25T07:34:01Z</time>
      </trkpt>
      <trkpt lat="40.632484" lon="-0.089100">
        <ele>997.8</ele>
        <time>2005-08-25T07:34:01Z</time>
      </trkpt>
      <trkpt lat="40.632800" lon="-0.088966">
        <ele>1000.1</ele>
        <time>2005-08-25T07:34:01Z</time>
      </trkpt>
      <trkpt lat="40.633134" lon="-0.088816">
        <ele>1003.6</ele>
        <time>2005-08-25T07:34:01Z</time>
      </trkpt>
      <trkpt lat="40.633451" lon="-0.088683">
        <ele>1006.1</ele>
        <time>2005-08-25T07:34:01Z</time>
      </trkpt>
      <trkpt lat="40.633767" lon="-0.088550">
        <ele>1008.6</ele>
        <time>2005-08-25T07:34:01Z</time>
      </trkpt>
      <trkpt lat="40.634068" lon="-0.088400">
        <ele>1010.9</ele>
        <time>2005-08-25T07:34:01Z</time>
      </trkpt>
      <trkpt lat="40.634367" lon="-0.088283">
        <ele>1013.4</ele>
        <time>2005-08-25T07:34:01Z</time>
      </trkpt>
      <trkpt lat="40.634684" lon="-0.088149">
        <ele>1016.1</ele>
        <time>2005-08-25T07:34:01Z</time>
      </trkpt>
      <trkpt lat="40.634984" lon="-0.088033">
        <ele>1018.1</ele>
        <time>2005-08-25T07:34:01Z</time>
      </trkpt>
      <trkpt lat="40.635250" lon="-0.087950">
        <ele>1020.0</ele>
        <time>2005-08-25T07:34:01Z</time>
      </trkpt>
      <trkpt lat="40.635484" lon="-0.087900">
        <ele>1021.5</ele>
        <time>2005-08-25T07:34:01Z</time>
      </trkpt>
      <trkpt lat="40.635684" lon="-0.087866">
        <ele>1022.1</ele>
        <time>2005-08-25T07:34:01Z</time>
      </trkpt>
      <trkpt lat="40.635884" lon="-0.087850">
        <ele>1023.3</ele>
        <time>2005-08-25T07:34:01Z</time>
      </trkpt>
      <trkpt lat="40.636167" lon="-0.087850">
        <ele>1025.0</ele>
        <time>2005-08-25T07:34:01Z</time>
      </trkpt>
      <trkpt lat="40.636467" lon="-0.087833">
        <ele>1026.9</ele>
        <time>2005-08-25T07:34:01Z</time>
      </trkpt>
      <trkpt lat="40.636734" lon="-0.087799">
        <ele>1027.8</ele>
        <time>2005-08-25T07:34:01Z</time>
      </trkpt>
      <trkpt lat="40.636984" lon="-0.087783">
        <ele>1029.2</ele>
        <time>2005-08-25T07:34:01Z</time>
      </trkpt>
      <trkpt lat="40.637234" lon="-0.087700">
        <ele>1031.0</ele>
        <time>2005-08-25T07:34:01Z</time>
      </trkpt>
      <trkpt lat="40.637634" lon="-0.087566">
        <ele>1033.8</ele>
        <time>2005-08-25T07:34:01Z</time>
      </trkpt>
      <trkpt lat="40.638050" lon="-0.087433">
        <ele>1036.1</ele>
        <time>2005-08-25T07:34:01Z</time>
      </trkpt>
      <trkpt lat="40.638467" lon="-0.087283">
        <ele>1039.1</ele>
        <time>2005-08-25T07:34:01Z</time>
      </trkpt>
      <trkpt lat="40.638884" lon="-0.087133">
        <ele>1042.4</ele>
        <time>2005-08-25T07:34:01Z</time>
      </trkpt>
      <trkpt lat="40.639284" lon="-0.087000">
        <ele>1044.8</ele>
        <time>2005-08-25T07:34:01Z</time>
      </trkpt>
      <trkpt lat="40.639701" lon="-0.086850">
        <ele>1047.5</ele>
        <time>2005-08-25T07:34:01Z</time>
      </trkpt>
      <trkpt lat="40.639917" lon="-0.086750">
        <ele>1048.5</ele>
        <time>2005-08-25T07:34:01Z</time>
      </trkpt>
      <trkpt lat="40.640001" lon="-0.086533">
        <ele>1047.5</ele>
        <time>2005-08-25T07:34:01Z</time>
      </trkpt>
      <trkpt lat="40.640101" lon="-0.086500">
        <ele>1046.6</ele>
        <time>2005-08-25T07:34:01Z</time>
      </trkpt>
      <trkpt lat="40.640284" lon="-0.086816">
        <ele>1050.3</ele>
        <time>2005-08-25T07:34:01Z</time>
      </trkpt>
      <trkpt lat="40.640384" lon="-0.086766">
        <ele>1050.1</ele>
        <time>2005-08-25T07:34:01Z</time>
      </trkpt>
      <trkpt lat="40.640517" lon="-0.086699">
        <ele>1051.4</ele>
        <time>2005-08-25T07:34:01Z</time>
      </trkpt>
      <trkpt lat="40.640684" lon="-0.086516">
        <ele>1052.8</ele>
        <time>2005-08-25T07:34:01Z</time>
      </trkpt>
      <trkpt lat="40.640867" lon="-0.086266">
        <ele>1055.3</ele>
        <time>2005-08-25T07:34:01Z</time>
      </trkpt>
      <trkpt lat="40.640984" lon="-0.086050">
        <ele>1056.3</ele>
        <time>2005-08-25T07:34:01Z</time>
      </trkpt>
      <trkpt lat="40.641100" lon="-0.085850">
        <ele>1057.8</ele>
        <time>2005-08-25T07:34:01Z</time>
      </trkpt>
      <trkpt lat="40.641217" lon="-0.085650">
        <ele>1059.8</ele>
        <time>2005-08-25T07:34:01Z</time>
      </trkpt>
      <trkpt lat="40.641300" lon="-0.085483">
        <ele>1060.9</ele>
        <time>2005-08-25T07:34:01Z</time>
      </trkpt>
      <trkpt lat="40.641334" lon="-0.085416">
        <ele>1061.5</ele>
        <time>2005-08-25T07:34:01Z</time>
      </trkpt>
      <trkpt lat="40.641350" lon="-0.085400">
        <ele>1061.8</ele>
        <time>2005-08-25T07:34:01Z</time>
      </trkpt>
      <trkpt lat="40.641367" lon="-0.085400">
        <ele>1062.1</ele>
        <time>2005-08-25T07:34:01Z</time>
      </trkpt>
      <trkpt lat="40.641384" lon="-0.085400">
        <ele>1062.4</ele>
        <time>2005-08-25T07:34:01Z</time>
      </trkpt>
      <trkpt lat="40.641384" lon="-0.085400">
        <ele>1062.4</ele>
        <time>2005-08-25T07:34:01Z</time>
      </trkpt>
      <trkpt lat="40.641400" lon="-0.085433">
        <ele>1062.9</ele>
        <time>2005-08-25T07:34:01Z</time>
      </trkpt>
      <trkpt lat="40.641417" lon="-0.085449">
        <ele>1063.2</ele>
        <time>2005-08-25T07:34:01Z</time>
      </trkpt>
      <trkpt lat="40.641434" lon="-0.085466">
        <ele>1063.6</ele>
        <time>2005-08-25T07:34:01Z</time>
      </trkpt>
      <trkpt lat="40.641450" lon="-0.085533">
        <ele>1064.2</ele>
        <time>2005-08-25T07:34:01Z</time>
      </trkpt>
      <trkpt lat="40.641450" lon="-0.085666">
        <ele>1065.8</ele>
        <time>2005-08-25T07:34:01Z</time>
      </trkpt>
      <trkpt lat="40.641400" lon="-0.085866">
        <ele>1067.9</ele>
        <time>2005-08-25T07:34:01Z</time>
      </trkpt>
      <trkpt lat="40.641384" lon="-0.085983">
        <ele>1069.3</ele>
        <time>2005-08-25T07:34:01Z</time>
      </trkpt>
      <trkpt lat="40.641300" lon="-0.086283">
        <ele>1072.3</ele>
        <time>2005-08-25T07:34:01Z</time>
      </trkpt>
      <trkpt lat="40.641217" lon="-0.086616">
        <ele>1074.9</ele>
        <time>2005-08-25T07:34:01Z</time>
      </trkpt>
      <trkpt lat="40.641200" lon="-0.086716">
        <ele>1075.2</ele>
        <time>2005-08-25T07:34:01Z</time>
      </trkpt>
      <trkpt lat="40.641217" lon="-0.086799">
        <ele>1075.9</ele>
        <time>2005-08-25T07:34:01Z</time>
      </trkpt>
      <trkpt lat="40.641234" lon="-0.086900">
        <ele>1076.2</ele>
        <time>2005-08-25T07:34:01Z</time>
      </trkpt>
      <trkpt lat="40.641267" lon="-0.087000">
        <ele>1076.6</ele>
        <time>2005-08-25T07:34:01Z</time>
      </trkpt>
      <trkpt lat="40.641334" lon="-0.087083">
        <ele>1077.3</ele>
        <time>2005-08-25T07:34:01Z</time>
      </trkpt>
      <trkpt lat="40.641367" lon="-0.087183">
        <ele>1076.9</ele>
        <time>2005-08-25T07:34:01Z</time>
      </trkpt>
      <trkpt lat="40.641417" lon="-0.087283">
        <ele>1075.8</ele>
        <time>2005-08-25T07:34:01Z</time>
      </trkpt>
      <trkpt lat="40.641467" lon="-0.087349">
        <ele>1074.9</ele>
        <time>2005-08-25T07:34:01Z</time>
      </trkpt>
      <trkpt lat="40.641517" lon="-0.087433">
        <ele>1074.0</ele>
        <time>2005-08-25T07:34:01Z</time>
      </trkpt>
      <trkpt lat="40.641567" lon="-0.087550">
        <ele>1072.9</ele>
        <time>2005-08-25T07:34:01Z</time>
      </trkpt>
      <trkpt lat="40.641584" lon="-0.087616">
        <ele>1072.7</ele>
        <time>2005-08-25T07:34:01Z</time>
      </trkpt>
      <trkpt lat="40.641584" lon="-0.087666">
        <ele>1072.4</ele>
        <time>2005-08-25T07:34:01Z</time>
      </trkpt>
      <trkpt lat="40.641584" lon="-0.087733">
        <ele>1072.7</ele>
        <time>2005-08-25T07:34:01Z</time>
      </trkpt>
      <trkpt lat="40.641584" lon="-0.087866">
        <ele>1074.2</ele>
        <time>2005-08-25T07:34:01Z</time>
      </trkpt>
      <trkpt lat="40.641584" lon="-0.087950">
        <ele>1074.9</ele>
        <time>2005-08-25T07:34:01Z</time>
      </trkpt>
      <trkpt lat="40.641601" lon="-0.088049">
        <ele>1075.7</ele>
        <time>2005-08-25T07:34:01Z</time>
      </trkpt>
      <trkpt lat="40.641650" lon="-0.088116">
        <ele>1076.7</ele>
        <time>2005-08-25T07:34:01Z</time>
      </trkpt>
      <trkpt lat="40.641717" lon="-0.088166">
        <ele>1077.9</ele>
        <time>2005-08-25T07:34:01Z</time>
      </trkpt>
      <trkpt lat="40.641801" lon="-0.088200">
        <ele>1078.8</ele>
        <time>2005-08-25T07:34:01Z</time>
      </trkpt>
      <trkpt lat="40.641850" lon="-0.088266">
        <ele>1079.7</ele>
        <time>2005-08-25T07:34:01Z</time>
      </trkpt>
      <trkpt lat="40.641884" lon="-0.088316">
        <ele>1080.1</ele>
        <time>2005-08-25T07:34:01Z</time>
      </trkpt>
      <trkpt lat="40.641934" lon="-0.088433">
        <ele>1081.0</ele>
        <time>2005-08-25T07:34:01Z</time>
      </trkpt>
      <trkpt lat="40.641950" lon="-0.088516">
        <ele>1081.9</ele>
        <time>2005-08-25T07:34:01Z</time>
      </trkpt>
      <trkpt lat="40.641950" lon="-0.088583">
        <ele>1082.4</ele>
        <time>2005-08-25T07:34:01Z</time>
      </trkpt>
      <trkpt lat="40.641934" lon="-0.088650">
        <ele>1082.9</ele>
        <time>2005-08-25T07:34:01Z</time>
      </trkpt>
      <trkpt lat="40.641900" lon="-0.088766">
        <ele>1084.2</ele>
        <time>2005-08-25T07:34:01Z</time>
      </trkpt>
    </trkseg>
    <trkseg>
      <trkpt lat="40.641900" lon="-0.088766">
        <ele>1084.2</ele>
        <time>2005-08-25T07:34:01Z</time>
      </trkpt>
      <trkpt lat="40.641867" lon="-0.089116">
        <ele>1086.5</ele>
        <time>2005-08-25T07:34:01Z</time>
      </trkpt>
      <trkpt lat="40.641867" lon="-0.089333">
        <ele>1088.7</ele>
        <time>2005-08-25T07:34:01Z</time>
      </trkpt>
      <trkpt lat="40.641834" lon="-0.089616">
        <ele>1091.4</ele>
        <time>2005-08-25T07:34:01Z</time>
      </trkpt>
      <trkpt lat="40.641817" lon="-0.089883">
        <ele>1092.5</ele>
        <time>2005-08-25T07:34:01Z</time>
      </trkpt>
      <trkpt lat="40.641817" lon="-0.089983">
        <ele>1093.0</ele>
        <time>2005-08-25T07:34:01Z</time>
      </trkpt>
      <trkpt lat="40.641851" lon="-0.090116">
        <ele>1093.8</ele>
        <time>2005-08-25T07:34:01Z</time>
      </trkpt>
      <trkpt lat="40.641851" lon="-0.090283">
        <ele>1095.4</ele>
        <time>2005-08-25T07:34:01Z</time>
      </trkpt>
      <trkpt lat="40.641834" lon="-0.090483">
        <ele>1096.5</ele>
        <time>2005-08-25T07:34:01Z</time>
      </trkpt>
      <trkpt lat="40.641817" lon="-0.090666">
        <ele>1097.2</ele>
        <time>2005-08-25T07:34:01Z</time>
      </trkpt>
      <trkpt lat="40.641801" lon="-0.091033">
        <ele>1098.1</ele>
        <time>2005-08-25T07:34:01Z</time>
      </trkpt>
      <trkpt lat="40.641784" lon="-0.091383">
        <ele>1097.8</ele>
        <time>2005-08-25T07:34:01Z</time>
      </trkpt>
      <trkpt lat="40.641784" lon="-0.091766">
        <ele>1096.6</ele>
        <time>2005-08-25T07:34:01Z</time>
      </trkpt>
      <trkpt lat="40.641801" lon="-0.092166">
        <ele>1095.2</ele>
        <time>2005-08-25T07:34:01Z</time>
      </trkpt>
      <trkpt lat="40.641801" lon="-0.092233">
        <ele>1094.7</ele>
        <time>2005-08-25T07:34:01Z</time>
      </trkpt>
      <trkpt lat="40.641851" lon="-0.092399">
        <ele>1092.7</ele>
        <time>2005-08-25T07:34:01Z</time>
      </trkpt>
      <trkpt lat="40.641884" lon="-0.092550">
        <ele>1091.4</ele>
        <time>2005-08-25T07:34:01Z</time>
      </trkpt>
      <trkpt lat="40.641917" lon="-0.092683">
        <ele>1090.5</ele>
        <time>2005-08-25T07:34:01Z</time>
      </trkpt>
      <trkpt lat="40.641967" lon="-0.092866">
        <ele>1088.4</ele>
        <time>2005-08-25T07:34:01Z</time>
      </trkpt>
    </trkseg>
    <trkseg>
      <trkpt lat="40.641984" lon="-0.092866">
        <ele>1088.3</ele>
        <time>2005-08-25T07:34:01Z</time>
      </trkpt>
      <trkpt lat="40.642200" lon="-0.092916">
        <ele>1088.8</ele>
        <time>2009-08-15T07:34:10Z</time>
      </trkpt>
      <trkpt lat="40.642267" lon="-0.092916">
        <ele>1089.1</ele>
        <time>2009-08-15T07:34:13Z</time>
      </trkpt>
      <trkpt lat="40.642334" lon="-0.092916">
        <ele>1089.4</ele>
        <time>2009-08-15T07:34:16Z</time>
      </trkpt>
      <trkpt lat="40.642384" lon="-0.092949">
        <ele>1089.6</ele>
        <time>2009-08-15T07:34:19Z</time>
      </trkpt>
      <trkpt lat="40.642434" lon="-0.092983">
        <ele>1089.7</ele>
        <time>2009-08-15T07:34:22Z</time>
      </trkpt>
      <trkpt lat="40.642484" lon="-0.093016">
        <ele>1089.8</ele>
        <time>2009-08-15T07:34:25Z</time>
      </trkpt>
      <trkpt lat="40.642534" lon="-0.093083">
        <ele>1090.0</ele>
        <time>2009-08-15T07:34:28Z</time>
      </trkpt>
      <trkpt lat="40.642567" lon="-0.093116">
        <ele>1090.1</ele>
        <time>2009-08-15T07:34:31Z</time>
      </trkpt>
      <trkpt lat="40.642617" lon="-0.093150">
        <ele>1090.4</ele>
        <time>2009-08-15T07:34:34Z</time>
      </trkpt>
      <trkpt lat="40.642667" lon="-0.093183">
        <ele>1090.9</ele>
        <time>2009-08-15T07:34:37Z</time>
      </trkpt>
      <trkpt lat="40.642717" lon="-0.093199">
        <ele>1091.3</ele>
        <time>2009-08-15T07:34:40Z</time>
      </trkpt>
      <trkpt lat="40.642734" lon="-0.093216">
        <ele>1091.4</ele>
        <time>2009-08-15T07:34:43Z</time>
      </trkpt>
      <trkpt lat="40.642750" lon="-0.093233">
        <ele>1091.6</ele>
        <time>2009-08-15T07:34:46Z</time>
      </trkpt>
      <trkpt lat="40.642784" lon="-0.093233">
        <ele>1091.9</ele>
        <time>2009-08-15T07:34:49Z</time>
      </trkpt>
      <trkpt lat="40.642784" lon="-0.093233">
        <ele>1091.9</ele>
        <time>2009-08-15T07:34:52Z</time>
      </trkpt>
      <trkpt lat="40.642801" lon="-0.093250">
        <ele>1092.0</ele>
        <time>2009-08-15T07:34:55Z</time>
      </trkpt>
      <trkpt lat="40.642834" lon="-0.093266">
        <ele>1092.4</ele>
        <time>2009-08-15T07:34:58Z</time>
      </trkpt>
      <trkpt lat="40.642851" lon="-0.093283">
        <ele>1092.6</ele>
        <time>2009-08-15T07:35:01Z</time>
      </trkpt>
      <trkpt lat="40.642851" lon="-0.093283">
        <ele>1092.6</ele>
        <time>2009-08-15T07:35:04Z</time>
      </trkpt>
      <trkpt lat="40.642851" lon="-0.093283">
        <ele>1092.6</ele>
        <time>2009-08-15T07:35:07Z</time>
      </trkpt>
      <trkpt lat="40.642851" lon="-0.093283">
        <ele>1092.6</ele>
        <time>2009-08-15T07:35:10Z</time>
      </trkpt>
      <trkpt lat="40.642867" lon="-0.093299">
        <ele>1092.8</ele>
        <time>2009-08-15T07:35:13Z</time>
      </trkpt>
      <trkpt lat="40.642901" lon="-0.093299">
        <ele>1093.2</ele>
        <time>2009-08-15T07:35:16Z</time>
      </trkpt>
      <trkpt lat="40.642951" lon="-0.093299">
        <ele>1093.7</ele>
        <time>2009-08-15T07:35:19Z</time>
      </trkpt>
      <trkpt lat="40.642984" lon="-0.093299">
        <ele>1094.1</ele>
        <time>2009-08-15T07:35:22Z</time>
      </trkpt>
      <trkpt lat="40.643017" lon="-0.093299">
        <ele>1094.6</ele>
        <time>2009-08-15T07:35:25Z</time>
      </trkpt>
      <trkpt lat="40.643051" lon="-0.093283">
        <ele>1095.0</ele>
        <time>2009-08-15T07:35:28Z</time>
      </trkpt>
      <trkpt lat="40.643084" lon="-0.093250">
        <ele>1095.5</ele>
        <time>2009-08-15T07:35:31Z</time>
      </trkpt>
      <trkpt lat="40.643101" lon="-0.093216">
        <ele>1095.6</ele>
        <time>2009-08-15T07:35:34Z</time>
      </trkpt>
      <trkpt lat="40.643134" lon="-0.093166">
        <ele>1095.9</ele>
        <time>2009-08-15T07:35:37Z</time>
      </trkpt>
      <trkpt lat="40.643151" lon="-0.093150">
        <ele>1096.1</ele>
        <time>2009-08-15T07:35:40Z</time>
      </trkpt>
      <trkpt lat="40.643151" lon="-0.093150">
        <ele>1096.1</ele>
        <time>2009-08-15T07:35:43Z</time>
      </trkpt>
      <trkpt lat="40.643167" lon="-0.093150">
        <ele>1096.4</ele>
        <time>2009-08-15T07:36:19Z</time>
      </trkpt>
      <trkpt lat="40.643167" lon="-0.093150">
        <ele>1096.4</ele>
        <time>2009-08-15T07:36:20Z</time>
      </trkpt>
      <trkpt lat="40.643167" lon="-0.093150">
        <ele>1096.4</ele>
        <time>2009-08-15T07:36:21Z</time>
      </trkpt>
      <trkpt lat="40.643167" lon="-0.093166">
        <ele>1096.5</ele>
        <time>2009-08-15T07:36:23Z</time>
      </trkpt>
      <trkpt lat="40.643167" lon="-0.093183">
        <ele>1096.5</ele>
        <time>2009-08-15T07:36:26Z</time>
      </trkpt>
      <trkpt lat="40.643151" lon="-0.093199">
        <ele>1096.3</ele>
        <time>2009-08-15T07:36:30Z</time>
      </trkpt>
      <trkpt lat="40.643134" lon="-0.093233">
        <ele>1096.2</ele>
        <time>2009-08-15T07:36:35Z</time>
      </trkpt>
      <trkpt lat="40.643134" lon="-0.093250">
        <ele>1096.3</ele>
        <time>2009-08-15T07:36:37Z</time>
      </trkpt>
      <trkpt lat="40.643117" lon="-0.093250">
        <ele>1096.0</ele>
        <time>2009-08-15T07:36:38Z</time>
      </trkpt>
      <trkpt lat="40.643117" lon="-0.093266">
        <ele>1096.1</ele>
        <time>2009-08-15T07:36:39Z</time>
      </trkpt>
      <trkpt lat="40.643117" lon="-0.093266">
        <ele>1096.1</ele>
        <time>2009-08-15T07:36:40Z</time>
      </trkpt>
      <trkpt lat="40.643117" lon="-0.093283">
        <ele>1096.2</ele>
        <time>2009-08-15T07:37:04Z</time>
      </trkpt>
      <trkpt lat="40.643117" lon="-0.093299">
        <ele>1096.3</ele>
        <time>2009-08-15T07:37:05Z</time>
      </trkpt>
      <trkpt lat="40.643134" lon="-0.093316">
        <ele>1096.7</ele>
        <time>2009-08-15T07:37:05Z</time>
      </trkpt>
      <trkpt lat="40.643134" lon="-0.093316">
        <ele>1096.7</ele>
        <time>2009-08-15T07:37:07Z</time>
      </trkpt>
      <trkpt lat="40.643184" lon="-0.093350">
        <ele>1098.2</ele>
        <time>2009-08-15T07:37:10Z</time>
      </trkpt>
      <trkpt lat="40.643217" lon="-0.093350">
        <ele>1099.0</ele>
        <time>2009-08-15T07:37:13Z</time>
      </trkpt>
      <trkpt lat="40.643251" lon="-0.093350">
        <ele>1099.9</ele>
        <time>2009-08-15T07:37:16Z</time>
      </trkpt>
      <trkpt lat="40.643251" lon="-0.093350">
        <ele>1099.9</ele>
        <time>2009-08-15T07:37:19Z</time>
      </trkpt>
      <trkpt lat="40.643251" lon="-0.093350">
        <ele>1099.9</ele>
        <time>2009-08-15T07:37:22Z</time>
      </trkpt>
      <trkpt lat="40.643267" lon="-0.093350">
        <ele>1100.3</ele>
        <time>2009-08-15T07:37:25Z</time>
      </trkpt>
      <trkpt lat="40.643267" lon="-0.093350">
        <ele>1100.3</ele>
        <time>2009-08-15T07:37:28Z</time>
      </trkpt>
      <trkpt lat="40.643284" lon="-0.093383">
        <ele>1101.1</ele>
        <time>2009-08-15T07:37:31Z</time>
      </trkpt>
      <trkpt lat="40.643284" lon="-0.093399">
        <ele>1101.3</ele>
        <time>2009-08-15T07:37:34Z</time>
      </trkpt>
      <trkpt lat="40.643284" lon="-0.093433">
        <ele>1101.7</ele>
        <time>2009-08-15T07:37:37Z</time>
      </trkpt>
      <trkpt lat="40.643284" lon="-0.093450">
        <ele>1101.9</ele>
        <time>2009-08-15T07:37:40Z</time>
      </trkpt>
      <trkpt lat="40.643300" lon="-0.093483">
        <ele>1102.7</ele>
        <time>2009-08-15T07:37:43Z</time>
      </trkpt>
      <trkpt lat="40.643300" lon="-0.093499">
        <ele>1102.9</ele>
        <time>2009-08-15T07:37:46Z</time>
      </trkpt>
      <trkpt lat="40.643300" lon="-0.093499">
        <ele>1102.9</ele>
        <time>2009-08-15T07:37:49Z</time>
      </trkpt>
      <trkpt lat="40.643317" lon="-0.093483">
        <ele>1103.1</ele>
        <time>2009-08-15T07:37:52Z</time>
      </trkpt>
      <trkpt lat="40.643334" lon="-0.093466">
        <ele>1103.3</ele>
        <time>2009-08-15T07:37:55Z</time>
      </trkpt>
      <trkpt lat="40.643351" lon="-0.093450">
        <ele>1103.5</ele>
        <time>2009-08-15T07:37:58Z</time>
      </trkpt>
      <trkpt lat="40.643351" lon="-0.093450">
        <ele>1103.5</ele>
        <time>2009-08-15T07:38:01Z</time>
      </trkpt>
      <trkpt lat="40.643351" lon="-0.093450">
        <ele>1103.5</ele>
        <time>2009-08-15T07:38:04Z</time>
      </trkpt>
      <trkpt lat="40.643351" lon="-0.093450">
        <ele>1103.5</ele>
        <time>2009-08-15T07:38:07Z</time>
      </trkpt>
      <trkpt lat="40.643351" lon="-0.093450">
        <ele>1103.5</ele>
        <time>2009-08-15T07:38:10Z</time>
      </trkpt>
      <trkpt lat="40.643351" lon="-0.093450">
        <ele>1103.5</ele>
        <time>2009-08-15T07:38:13Z</time>
      </trkpt>
      <trkpt lat="40.643351" lon="-0.093450">
        <ele>1103.5</ele>
        <time>2009-08-15T07:38:16Z</time>
      </trkpt>
      <trkpt lat="40.643384" lon="-0.093433">
        <ele>1103.7</ele>
        <time>2009-08-15T07:38:19Z</time>
      </trkpt>
      <trkpt lat="40.643417" lon="-0.093433">
        <ele>1103.8</ele>
        <time>2009-08-15T07:38:22Z</time>
      </trkpt>
      <trkpt lat="40.643450" lon="-0.093483">
        <ele>1104.5</ele>
        <time>2009-08-15T07:38:25Z</time>
      </trkpt>
      <trkpt lat="40.643467" lon="-0.093516">
        <ele>1105.3</ele>
        <time>2009-08-15T07:38:28Z</time>
      </trkpt>
      <trkpt lat="40.643484" lon="-0.093566">
        <ele>1106.7</ele>
        <time>2009-08-15T07:38:31Z</time>
      </trkpt>
      <trkpt lat="40.643517" lon="-0.093600">
        <ele>1107.6</ele>
        <time>2009-08-15T07:38:34Z</time>
      </trkpt>
      <trkpt lat="40.643534" lon="-0.093650">
        <ele>1109.1</ele>
        <time>2009-08-15T07:38:37Z</time>
      </trkpt>
      <trkpt lat="40.643567" lon="-0.093700">
        <ele>1110.1</ele>
        <time>2009-08-15T07:38:40Z</time>
      </trkpt>
      <trkpt lat="40.643567" lon="-0.093749">
        <ele>1111.2</ele>
        <time>2009-08-15T07:38:43Z</time>
      </trkpt>
      <trkpt lat="40.643567" lon="-0.093800">
        <ele>1112.1</ele>
        <time>2009-08-15T07:38:46Z</time>
      </trkpt>
      <trkpt lat="40.643601" lon="-0.093849">
        <ele>1112.1</ele>
        <time>2009-08-15T07:38:49Z</time>
      </trkpt>
      <trkpt lat="40.643617" lon="-0.093883">
        <ele>1112.3</ele>
        <time>2009-08-15T07:38:52Z</time>
      </trkpt>
      <trkpt lat="40.643634" lon="-0.093916">
        <ele>1112.4</ele>
        <time>2009-08-15T07:38:55Z</time>
      </trkpt>
      <trkpt lat="40.643650" lon="-0.093966">
        <ele>1112.8</ele>
        <time>2009-08-15T07:38:58Z</time>
      </trkpt>
      <trkpt lat="40.643667" lon="-0.093966">
        <ele>1112.3</ele>
        <time>2009-08-15T07:39:01Z</time>
      </trkpt>
      <trkpt lat="40.643684" lon="-0.094016">
        <ele>1112.8</ele>
        <time>2009-08-15T07:39:04Z</time>
      </trkpt>
      <trkpt lat="40.643684" lon="-0.094050">
        <ele>1113.5</ele>
        <time>2009-08-15T07:39:07Z</time>
      </trkpt>
      <trkpt lat="40.643701" lon="-0.094066">
        <ele>1113.5</ele>
        <time>2009-08-15T07:39:10Z</time>
      </trkpt>
      <trkpt lat="40.643701" lon="-0.094083">
        <ele>1113.8</ele>
        <time>2009-08-15T07:39:13Z</time>
      </trkpt>
      <trkpt lat="40.643701" lon="-0.094083">
        <ele>1113.8</ele>
        <time>2009-08-15T07:39:16Z</time>
      </trkpt>
      <trkpt lat="40.643701" lon="-0.094083">
        <ele>1113.8</ele>
        <time>2009-08-15T07:39:19Z</time>
      </trkpt>
      <trkpt lat="40.643701" lon="-0.094083">
        <ele>1113.8</ele>
        <time>2009-08-15T07:39:22Z</time>
      </trkpt>
      <trkpt lat="40.643701" lon="-0.094083">
        <ele>1113.8</ele>
        <time>2009-08-15T07:39:25Z</time>
      </trkpt>
      <trkpt lat="40.643701" lon="-0.094083">
        <ele>1113.8</ele>
        <time>2009-08-15T07:39:28Z</time>
      </trkpt>
      <trkpt lat="40.643701" lon="-0.094083">
        <ele>1113.8</ele>
        <time>2009-08-15T07:39:31Z</time>
      </trkpt>
      <trkpt lat="40.643701" lon="-0.094083">
        <ele>1113.8</ele>
        <time>2009-08-15T07:39:34Z</time>
      </trkpt>
      <trkpt lat="40.643701" lon="-0.094083">
        <ele>1113.8</ele>
        <time>2009-08-15T07:39:37Z</time>
      </trkpt>
      <trkpt lat="40.643701" lon="-0.094083">
        <ele>1113.8</ele>
        <time>2009-08-15T07:39:40Z</time>
      </trkpt>
      <trkpt lat="40.643701" lon="-0.094083">
        <ele>1113.8</ele>
        <time>2009-08-15T07:39:43Z</time>
      </trkpt>
      <trkpt lat="40.643701" lon="-0.094083">
        <ele>1113.8</ele>
        <time>2009-08-15T07:39:46Z</time>
      </trkpt>
      <trkpt lat="40.643701" lon="-0.094083">
        <ele>1113.8</ele>
        <time>2009-08-15T07:39:49Z</time>
      </trkpt>
      <trkpt lat="40.643701" lon="-0.094083">
        <ele>1113.8</ele>
        <time>2009-08-15T07:39:52Z</time>
      </trkpt>
      <trkpt lat="40.643701" lon="-0.094083">
        <ele>1113.8</ele>
        <time>2009-08-15T07:39:55Z</time>
      </trkpt>
      <trkpt lat="40.643701" lon="-0.094083">
        <ele>1113.8</ele>
        <time>2009-08-15T07:39:58Z</time>
      </trkpt>
      <trkpt lat="40.643701" lon="-0.094100">
        <ele>1114.2</ele>
        <time>2009-08-15T07:40:01Z</time>
      </trkpt>
      <trkpt lat="40.643701" lon="-0.094100">
        <ele>1114.2</ele>
        <time>2009-08-15T07:40:04Z</time>
      </trkpt>
      <trkpt lat="40.643701" lon="-0.094100">
        <ele>1114.2</ele>
        <time>2009-08-15T07:40:07Z</time>
      </trkpt>
      <trkpt lat="40.643701" lon="-0.094100">
        <ele>1114.2</ele>
        <time>2009-08-15T07:40:10Z</time>
      </trkpt>
      <trkpt lat="40.643701" lon="-0.094100">
        <ele>1114.2</ele>
        <time>2009-08-15T07:40:13Z</time>
      </trkpt>
      <trkpt lat="40.643701" lon="-0.094100">
        <ele>1114.2</ele>
        <time>2009-08-15T07:40:16Z</time>
      </trkpt>
      <trkpt lat="40.643701" lon="-0.094100">
        <ele>1114.2</ele>
        <time>2009-08-15T07:40:19Z</time>
      </trkpt>
      <trkpt lat="40.643717" lon="-0.094166">
        <ele>1115.1</ele>
        <time>2009-08-15T07:40:22Z</time>
      </trkpt>
      <trkpt lat="40.643717" lon="-0.094199">
        <ele>1115.7</ele>
        <time>2009-08-15T07:40:25Z</time>
      </trkpt>
      <trkpt lat="40.643717" lon="-0.094250">
        <ele>1116.6</ele>
        <time>2009-08-15T07:40:28Z</time>
      </trkpt>
      <trkpt lat="40.643734" lon="-0.094299">
        <ele>1117.3</ele>
        <time>2009-08-15T07:40:31Z</time>
      </trkpt>
      <trkpt lat="40.643750" lon="-0.094350">
        <ele>1118.2</ele>
        <time>2009-08-15T07:40:34Z</time>
      </trkpt>
      <trkpt lat="40.643750" lon="-0.094400">
        <ele>1119.1</ele>
        <time>2009-08-15T07:40:37Z</time>
      </trkpt>
      <trkpt lat="40.643767" lon="-0.094450">
        <ele>1119.9</ele>
        <time>2009-08-15T07:40:40Z</time>
      </trkpt>
      <trkpt lat="40.643767" lon="-0.094500">
        <ele>1120.6</ele>
        <time>2009-08-15T07:40:43Z</time>
      </trkpt>
      <trkpt lat="40.643767" lon="-0.094550">
        <ele>1121.3</ele>
        <time>2009-08-15T07:40:46Z</time>
      </trkpt>
      <trkpt lat="40.643767" lon="-0.094583">
        <ele>1121.7</ele>
        <time>2009-08-15T07:40:49Z</time>
      </trkpt>
      <trkpt lat="40.643784" lon="-0.094633">
        <ele>1122.4</ele>
        <time>2009-08-15T07:40:52Z</time>
      </trkpt>
      <trkpt lat="40.643800" lon="-0.094650">
        <ele>1122.6</ele>
        <time>2009-08-15T07:40:55Z</time>
      </trkpt>
      <trkpt lat="40.643800" lon="-0.094700">
        <ele>1123.3</ele>
        <time>2009-08-15T07:40:58Z</time>
      </trkpt>
      <trkpt lat="40.643817" lon="-0.094733">
        <ele>1123.8</ele>
        <time>2009-08-15T07:41:01Z</time>
      </trkpt>
      <trkpt lat="40.643817" lon="-0.094800">
        <ele>1124.7</ele>
        <time>2009-08-15T07:41:04Z</time>
      </trkpt>
      <trkpt lat="40.643817" lon="-0.094833">
        <ele>1125.2</ele>
        <time>2009-08-15T07:41:07Z</time>
      </trkpt>
      <trkpt lat="40.643851" lon="-0.094866">
        <ele>1125.8</ele>
        <time>2009-08-15T07:41:10Z</time>
      </trkpt>
      <trkpt lat="40.643884" lon="-0.094900">
        <ele>1126.4</ele>
        <time>2009-08-15T07:41:13Z</time>
      </trkpt>
      <trkpt lat="40.643917" lon="-0.094900">
        <ele>1126.7</ele>
        <time>2009-08-15T07:41:16Z</time>
      </trkpt>
      <trkpt lat="40.643967" lon="-0.094900">
        <ele>1127.0</ele>
        <time>2009-08-15T07:41:19Z</time>
      </trkpt>
      <trkpt lat="40.644017" lon="-0.094900">
        <ele>1127.4</ele>
        <time>2009-08-15T07:41:22Z</time>
      </trkpt>
      <trkpt lat="40.644051" lon="-0.094883">
        <ele>1127.5</ele>
        <time>2009-08-15T07:41:25Z</time>
      </trkpt>
      <trkpt lat="40.644084" lon="-0.094883">
        <ele>1127.7</ele>
        <time>2009-08-15T07:41:28Z</time>
      </trkpt>
      <trkpt lat="40.644117" lon="-0.094883">
        <ele>1128.1</ele>
        <time>2009-08-15T07:41:31Z</time>
      </trkpt>
      <trkpt lat="40.644151" lon="-0.094883">
        <ele>1128.6</ele>
        <time>2009-08-15T07:41:34Z</time>
      </trkpt>
      <trkpt lat="40.644184" lon="-0.094866">
        <ele>1128.9</ele>
        <time>2009-08-15T07:41:37Z</time>
      </trkpt>
      <trkpt lat="40.644217" lon="-0.094816">
        <ele>1128.7</ele>
        <time>2009-08-15T07:41:40Z</time>
      </trkpt>
      <trkpt lat="40.644251" lon="-0.094800">
        <ele>1129.1</ele>
        <time>2009-08-15T07:41:43Z</time>
      </trkpt>
      <trkpt lat="40.644284" lon="-0.094766">
        <ele>1129.1</ele>
        <time>2009-08-15T07:41:46Z</time>
      </trkpt>
      <trkpt lat="40.644334" lon="-0.094733">
        <ele>1129.7</ele>
        <time>2009-08-15T07:41:49Z</time>
      </trkpt>
      <trkpt lat="40.644350" lon="-0.094683">
        <ele>1129.7</ele>
        <time>2009-08-15T07:41:52Z</time>
      </trkpt>
      <trkpt lat="40.644367" lon="-0.094616">
        <ele>1129.7</ele>
        <time>2009-08-15T07:41:55Z</time>
      </trkpt>
      <trkpt lat="40.644401" lon="-0.094583">
        <ele>1131.0</ele>
        <time>2009-08-15T07:41:58Z</time>
      </trkpt>
      <trkpt lat="40.644401" lon="-0.094583">
        <ele>1131.0</ele>
        <time>2009-08-15T07:42:01Z</time>
      </trkpt>
      <trkpt lat="40.644401" lon="-0.094583">
        <ele>1131.0</ele>
        <time>2009-08-15T07:42:04Z</time>
      </trkpt>
      <trkpt lat="40.644401" lon="-0.094600">
        <ele>1131.2</ele>
        <time>2009-08-15T07:42:07Z</time>
      </trkpt>
      <trkpt lat="40.644417" lon="-0.094616">
        <ele>1132.2</ele>
        <time>2009-08-15T07:42:10Z</time>
      </trkpt>
      <trkpt lat="40.644401" lon="-0.094633">
        <ele>1131.5</ele>
        <time>2009-08-15T07:42:13Z</time>
      </trkpt>
      <trkpt lat="40.644417" lon="-0.094650">
        <ele>1132.5</ele>
        <time>2009-08-15T07:42:16Z</time>
      </trkpt>
      <trkpt lat="40.644417" lon="-0.094700">
        <ele>1133.0</ele>
        <time>2009-08-15T07:42:19Z</time>
      </trkpt>
      <trkpt lat="40.644417" lon="-0.094716">
        <ele>1133.2</ele>
        <time>2009-08-15T07:42:22Z</time>
      </trkpt>
      <trkpt lat="40.644417" lon="-0.094733">
        <ele>1133.4</ele>
        <time>2009-08-15T07:42:25Z</time>
      </trkpt>
      <trkpt lat="40.644417" lon="-0.094749">
        <ele>1133.5</ele>
        <time>2009-08-15T07:42:28Z</time>
      </trkpt>
      <trkpt lat="40.644417" lon="-0.094766">
        <ele>1133.7</ele>
        <time>2009-08-15T07:42:31Z</time>
      </trkpt>
      <trkpt lat="40.644434" lon="-0.094800">
        <ele>1134.9</ele>
        <time>2009-08-15T07:42:34Z</time>
      </trkpt>
      <trkpt lat="40.644450" lon="-0.094800">
        <ele>1135.7</ele>
        <time>2009-08-15T07:42:37Z</time>
      </trkpt>
      <trkpt lat="40.644467" lon="-0.094800">
        <ele>1136.6</ele>
        <time>2009-08-15T07:42:40Z</time>
      </trkpt>
      <trkpt lat="40.644484" lon="-0.094800">
        <ele>1137.2</ele>
        <time>2009-08-15T07:42:43Z</time>
      </trkpt>
      <trkpt lat="40.644501" lon="-0.094800">
        <ele>1137.7</ele>
        <time>2009-08-15T07:42:46Z</time>
      </trkpt>
      <trkpt lat="40.644501" lon="-0.094800">
        <ele>1137.7</ele>
        <time>2009-08-15T07:42:49Z</time>
      </trkpt>
      <trkpt lat="40.644501" lon="-0.094800">
        <ele>1137.7</ele>
        <time>2009-08-15T07:42:52Z</time>
      </trkpt>
      <trkpt lat="40.644501" lon="-0.094800">
        <ele>1137.7</ele>
        <time>2009-08-15T07:42:55Z</time>
      </trkpt>
      <trkpt lat="40.644501" lon="-0.094800">
        <ele>1137.7</ele>
        <time>2009-08-15T07:42:58Z</time>
      </trkpt>
      <trkpt lat="40.644501" lon="-0.094800">
        <ele>1137.7</ele>
        <time>2009-08-15T07:43:01Z</time>
      </trkpt>
      <trkpt lat="40.644501" lon="-0.094800">
        <ele>1137.7</ele>
        <time>2009-08-15T07:43:04Z</time>
      </trkpt>
      <trkpt lat="40.644501" lon="-0.094800">
        <ele>1137.7</ele>
        <time>2009-08-15T07:43:07Z</time>
      </trkpt>
      <trkpt lat="40.644501" lon="-0.094800">
        <ele>1137.7</ele>
        <time>2009-08-15T07:43:10Z</time>
      </trkpt>
      <trkpt lat="40.644501" lon="-0.094800">
        <ele>1137.7</ele>
        <time>2009-08-15T07:43:13Z</time>
      </trkpt>
      <trkpt lat="40.644517" lon="-0.094766">
        <ele>1137.7</ele>
        <time>2009-08-15T07:43:16Z</time>
      </trkpt>
      <trkpt lat="40.644517" lon="-0.094766">
        <ele>1137.7</ele>
        <time>2009-08-15T07:43:19Z</time>
      </trkpt>
      <trkpt lat="40.644517" lon="-0.094766">
        <ele>1137.7</ele>
        <time>2009-08-15T07:43:22Z</time>
      </trkpt>
      <trkpt lat="40.644517" lon="-0.094766">
        <ele>1137.7</ele>
        <time>2009-08-15T07:43:25Z</time>
      </trkpt>
      <trkpt lat="40.644517" lon="-0.094766">
        <ele>1137.7</ele>
        <time>2009-08-15T07:43:28Z</time>
      </trkpt>
      <trkpt lat="40.644517" lon="-0.094766">
        <ele>1137.7</ele>
        <time>2009-08-15T07:43:31Z</time>
      </trkpt>
      <trkpt lat="40.644517" lon="-0.094766">
        <ele>1137.7</ele>
        <time>2009-08-15T07:43:34Z</time>
      </trkpt>
      <trkpt lat="40.644517" lon="-0.094766">
        <ele>1137.7</ele>
        <time>2009-08-15T07:43:37Z</time>
      </trkpt>
      <trkpt lat="40.644517" lon="-0.094766">
        <ele>1137.7</ele>
        <time>2009-08-15T07:43:40Z</time>
      </trkpt>
      <trkpt lat="40.644517" lon="-0.094766">
        <ele>1137.7</ele>
        <time>2009-08-15T07:43:43Z</time>
      </trkpt>
      <trkpt lat="40.644517" lon="-0.094766">
        <ele>1137.7</ele>
        <time>2009-08-15T07:43:46Z</time>
      </trkpt>
      <trkpt lat="40.644517" lon="-0.094766">
        <ele>1137.7</ele>
        <time>2009-08-15T07:43:49Z</time>
      </trkpt>
      <trkpt lat="40.644517" lon="-0.094766">
        <ele>1137.7</ele>
        <time>2009-08-15T07:43:52Z</time>
      </trkpt>
      <trkpt lat="40.644517" lon="-0.094766">
        <ele>1137.7</ele>
        <time>2009-08-15T07:43:55Z</time>
      </trkpt>
      <trkpt lat="40.644517" lon="-0.094766">
        <ele>1137.7</ele>
        <time>2009-08-15T07:43:58Z</time>
      </trkpt>
      <trkpt lat="40.644517" lon="-0.094766">
        <ele>1137.7</ele>
        <time>2009-08-15T07:44:01Z</time>
      </trkpt>
      <trkpt lat="40.644517" lon="-0.094766">
        <ele>1137.7</ele>
        <time>2009-08-15T07:44:04Z</time>
      </trkpt>
      <trkpt lat="40.644517" lon="-0.094766">
        <ele>1137.7</ele>
        <time>2009-08-15T07:44:07Z</time>
      </trkpt>
      <trkpt lat="40.644517" lon="-0.094766">
        <ele>1137.7</ele>
        <time>2009-08-15T07:44:10Z</time>
      </trkpt>
      <trkpt lat="40.644517" lon="-0.094766">
        <ele>1137.7</ele>
        <time>2009-08-15T07:44:13Z</time>
      </trkpt>
      <trkpt lat="40.644517" lon="-0.094766">
        <ele>1137.7</ele>
        <time>2009-08-15T07:44:16Z</time>
      </trkpt>
      <trkpt lat="40.644517" lon="-0.094766">
        <ele>1137.7</ele>
        <time>2009-08-15T07:44:19Z</time>
      </trkpt>
      <trkpt lat="40.644517" lon="-0.094766">
        <ele>1137.7</ele>
        <time>2009-08-15T07:44:22Z</time>
      </trkpt>
      <trkpt lat="40.644517" lon="-0.094766">
        <ele>1137.7</ele>
        <time>2009-08-15T07:44:25Z</time>
      </trkpt>
      <trkpt lat="40.644517" lon="-0.094766">
        <ele>1137.7</ele>
        <time>2009-08-15T07:44:28Z</time>
      </trkpt>
      <trkpt lat="40.644517" lon="-0.094766">
        <ele>1137.7</ele>
        <time>2009-08-15T07:44:31Z</time>
      </trkpt>
      <trkpt lat="40.644517" lon="-0.094766">
        <ele>1137.7</ele>
        <time>2009-08-15T07:44:34Z</time>
      </trkpt>
      <trkpt lat="40.644517" lon="-0.094766">
        <ele>1137.7</ele>
        <time>2009-08-15T07:44:37Z</time>
      </trkpt>
      <trkpt lat="40.644517" lon="-0.094766">
        <ele>1137.7</ele>
        <time>2009-08-15T07:44:40Z</time>
      </trkpt>
      <trkpt lat="40.644517" lon="-0.094800">
        <ele>1138.2</ele>
        <time>2009-08-15T07:44:43Z</time>
      </trkpt>
      <trkpt lat="40.644517" lon="-0.094800">
        <ele>1138.2</ele>
        <time>2009-08-15T07:44:46Z</time>
      </trkpt>
      <trkpt lat="40.644517" lon="-0.094800">
        <ele>1138.2</ele>
        <time>2009-08-15T07:44:49Z</time>
      </trkpt>
      <trkpt lat="40.644517" lon="-0.094800">
        <ele>1138.2</ele>
        <time>2009-08-15T07:44:52Z</time>
      </trkpt>
      <trkpt lat="40.644517" lon="-0.094800">
        <ele>1138.2</ele>
        <time>2009-08-15T07:44:55Z</time>
      </trkpt>
      <trkpt lat="40.644517" lon="-0.094800">
        <ele>1138.2</ele>
        <time>2009-08-15T07:44:58Z</time>
      </trkpt>
      <trkpt lat="40.644567" lon="-0.094800">
        <ele>1138.2</ele>
        <time>2009-08-15T07:45:01Z</time>
      </trkpt>
      <trkpt lat="40.644600" lon="-0.094800">
        <ele>1137.7</ele>
        <time>2009-08-15T07:45:04Z</time>
      </trkpt>
      <trkpt lat="40.644634" lon="-0.094833">
        <ele>1137.8</ele>
        <time>2009-08-15T07:45:07Z</time>
      </trkpt>
      <trkpt lat="40.644667" lon="-0.094849">
        <ele>1137.5</ele>
        <time>2009-08-15T07:45:10Z</time>
      </trkpt>
      <trkpt lat="40.644700" lon="-0.094900">
        <ele>1137.9</ele>
        <time>2009-08-15T07:45:13Z</time>
      </trkpt>
      <trkpt lat="40.644750" lon="-0.094949">
        <ele>1137.9</ele>
        <time>2009-08-15T07:45:16Z</time>
      </trkpt>
      <trkpt lat="40.644784" lon="-0.094966">
        <ele>1137.5</ele>
        <time>2009-08-15T07:45:19Z</time>
      </trkpt>
      <trkpt lat="40.644817" lon="-0.095000">
        <ele>1137.5</ele>
        <time>2009-08-15T07:45:22Z</time>
      </trkpt>
      <trkpt lat="40.644867" lon="-0.095033">
        <ele>1138.3</ele>
        <time>2009-08-15T07:45:25Z</time>
      </trkpt>
      <trkpt lat="40.644900" lon="-0.095033">
        <ele>1139.3</ele>
        <time>2009-08-15T07:45:28Z</time>
      </trkpt>
      <trkpt lat="40.644934" lon="-0.095066">
        <ele>1140.9</ele>
        <time>2009-08-15T07:45:31Z</time>
      </trkpt>
      <trkpt lat="40.644967" lon="-0.095083">
        <ele>1142.3</ele>
        <time>2009-08-15T07:45:34Z</time>
      </trkpt>
      <trkpt lat="40.645000" lon="-0.095100">
        <ele>1143.6</ele>
        <time>2009-08-15T07:45:37Z</time>
      </trkpt>
      <trkpt lat="40.645051" lon="-0.095083">
        <ele>1144.9</ele>
        <time>2009-08-15T07:45:40Z</time>
      </trkpt>
      <trkpt lat="40.645051" lon="-0.095016">
        <ele>1144.4</ele>
        <time>2009-08-15T07:45:43Z</time>
      </trkpt>
      <trkpt lat="40.645067" lon="-0.095016">
        <ele>1144.9</ele>
        <time>2009-08-15T07:45:46Z</time>
      </trkpt>
      <trkpt lat="40.645084" lon="-0.095000">
        <ele>1145.2</ele>
        <time>2009-08-15T07:45:49Z</time>
      </trkpt>
      <trkpt lat="40.645084" lon="-0.094933">
        <ele>1144.6</ele>
        <time>2009-08-15T07:45:52Z</time>
      </trkpt>
      <trkpt lat="40.645084" lon="-0.094883">
        <ele>1144.0</ele>
        <time>2009-08-15T07:45:55Z</time>
      </trkpt>
      <trkpt lat="40.645084" lon="-0.094866">
        <ele>1143.8</ele>
        <time>2009-08-15T07:45:58Z</time>
      </trkpt>
      <trkpt lat="40.645100" lon="-0.094866">
        <ele>1144.4</ele>
        <time>2009-08-15T07:46:01Z</time>
      </trkpt>
      <trkpt lat="40.645100" lon="-0.094866">
        <ele>1144.4</ele>
        <time>2009-08-15T07:46:04Z</time>
      </trkpt>
      <trkpt lat="40.645100" lon="-0.094866">
        <ele>1144.4</ele>
        <time>2009-08-15T07:46:07Z</time>
      </trkpt>
      <trkpt lat="40.645100" lon="-0.094900">
        <ele>1144.8</ele>
        <time>2009-08-15T07:46:10Z</time>
      </trkpt>
      <trkpt lat="40.645100" lon="-0.094916">
        <ele>1144.9</ele>
        <time>2009-08-15T07:46:13Z</time>
      </trkpt>
      <trkpt lat="40.645100" lon="-0.094966">
        <ele>1145.4</ele>
        <time>2009-08-15T07:46:16Z</time>
      </trkpt>
      <trkpt lat="40.645117" lon="-0.095000">
        <ele>1146.1</ele>
        <time>2009-08-15T07:46:19Z</time>
      </trkpt>
      <trkpt lat="40.645117" lon="-0.095033">
        <ele>1146.2</ele>
        <time>2009-08-15T07:46:22Z</time>
      </trkpt>
      <trkpt lat="40.645134" lon="-0.095049">
        <ele>1146.7</ele>
        <time>2009-08-15T07:46:25Z</time>
      </trkpt>
      <trkpt lat="40.645134" lon="-0.095066">
        <ele>1146.7</ele>
        <time>2009-08-15T07:46:28Z</time>
      </trkpt>
      <trkpt lat="40.645150" lon="-0.095049">
        <ele>1147.0</ele>
        <time>2009-08-15T07:46:31Z</time>
      </trkpt>
      <trkpt lat="40.645150" lon="-0.095049">
        <ele>1147.0</ele>
        <time>2009-08-15T07:46:34Z</time>
      </trkpt>
      <trkpt lat="40.645150" lon="-0.095049">
        <ele>1147.0</ele>
        <time>2009-08-15T07:46:37Z</time>
      </trkpt>
      <trkpt lat="40.645150" lon="-0.095049">
        <ele>1147.0</ele>
        <time>2009-08-15T07:46:40Z</time>
      </trkpt>
      <trkpt lat="40.645150" lon="-0.095049">
        <ele>1147.0</ele>
        <time>2009-08-15T07:46:43Z</time>
      </trkpt>
      <trkpt lat="40.645150" lon="-0.095049">
        <ele>1147.0</ele>
        <time>2009-08-15T07:46:46Z</time>
      </trkpt>
      <trkpt lat="40.645150" lon="-0.095049">
        <ele>1147.0</ele>
        <time>2009-08-15T07:46:49Z</time>
      </trkpt>
      <trkpt lat="40.645150" lon="-0.095049">
        <ele>1147.0</ele>
        <time>2009-08-15T07:46:52Z</time>
      </trkpt>
      <trkpt lat="40.645150" lon="-0.095049">
        <ele>1147.0</ele>
        <time>2009-08-15T07:46:55Z</time>
      </trkpt>
      <trkpt lat="40.645150" lon="-0.095049">
        <ele>1147.0</ele>
        <time>2009-08-15T07:46:58Z</time>
      </trkpt>
      <trkpt lat="40.645150" lon="-0.095049">
        <ele>1147.0</ele>
        <time>2009-08-15T07:47:01Z</time>
      </trkpt>
      <trkpt lat="40.645150" lon="-0.095049">
        <ele>1147.0</ele>
        <time>2009-08-15T07:47:04Z</time>
      </trkpt>
      <trkpt lat="40.645150" lon="-0.095049">
        <ele>1147.0</ele>
        <time>2009-08-15T07:47:07Z</time>
      </trkpt>
      <trkpt lat="40.645150" lon="-0.095049">
        <ele>1147.0</ele>
        <time>2009-08-15T07:47:10Z</time>
      </trkpt>
      <trkpt lat="40.645167" lon="-0.095066">
        <ele>1147.5</ele>
        <time>2009-08-15T07:47:13Z</time>
      </trkpt>
      <trkpt lat="40.645167" lon="-0.095066">
        <ele>1147.5</ele>
        <time>2009-08-15T07:47:16Z</time>
      </trkpt>
      <trkpt lat="40.645167" lon="-0.095066">
        <ele>1147.5</ele>
        <time>2009-08-15T07:47:19Z</time>
      </trkpt>
      <trkpt lat="40.645167" lon="-0.095066">
        <ele>1147.5</ele>
        <time>2009-08-15T07:47:22Z</time>
      </trkpt>
      <trkpt lat="40.645167" lon="-0.095066">
        <ele>1147.5</ele>
        <time>2009-08-15T07:47:25Z</time>
      </trkpt>
      <trkpt lat="40.645167" lon="-0.095066">
        <ele>1147.5</ele>
        <time>2009-08-15T07:47:28Z</time>
      </trkpt>
      <trkpt lat="40.645167" lon="-0.095066">
        <ele>1147.5</ele>
        <time>2009-08-15T07:47:31Z</time>
      </trkpt>
      <trkpt lat="40.645167" lon="-0.095066">
        <ele>1147.5</ele>
        <time>2009-08-15T07:47:34Z</time>
      </trkpt>
      <trkpt lat="40.645167" lon="-0.095066">
        <ele>1147.5</ele>
        <time>2009-08-15T07:47:37Z</time>
      </trkpt>
      <trkpt lat="40.645167" lon="-0.095066">
        <ele>1147.5</ele>
        <time>2009-08-15T07:47:40Z</time>
      </trkpt>
      <trkpt lat="40.645167" lon="-0.095066">
        <ele>1147.5</ele>
        <time>2009-08-15T07:47:43Z</time>
      </trkpt>
      <trkpt lat="40.645167" lon="-0.095066">
        <ele>1147.5</ele>
        <time>2009-08-15T07:47:46Z</time>
      </trkpt>
      <trkpt lat="40.645167" lon="-0.095066">
        <ele>1147.5</ele>
        <time>2009-08-15T07:47:49Z</time>
      </trkpt>
      <trkpt lat="40.645150" lon="-0.095066">
        <ele>1147.1</ele>
        <time>2009-08-15T07:47:52Z</time>
      </trkpt>
      <trkpt lat="40.645150" lon="-0.095066">
        <ele>1147.1</ele>
        <time>2009-08-15T07:47:55Z</time>
      </trkpt>
      <trkpt lat="40.645150" lon="-0.095066">
        <ele>1147.1</ele>
        <time>2009-08-15T07:47:58Z</time>
      </trkpt>
      <trkpt lat="40.645150" lon="-0.095116">
        <ele>1147.3</ele>
        <time>2009-08-15T07:48:01Z</time>
      </trkpt>
      <trkpt lat="40.645150" lon="-0.095116">
        <ele>1147.3</ele>
        <time>2009-08-15T07:48:04Z</time>
      </trkpt>
      <trkpt lat="40.645150" lon="-0.095133">
        <ele>1147.3</ele>
        <time>2009-08-15T07:48:07Z</time>
      </trkpt>
      <trkpt lat="40.645150" lon="-0.095133">
        <ele>1147.3</ele>
        <time>2009-08-15T07:48:10Z</time>
      </trkpt>
      <trkpt lat="40.645150" lon="-0.095150">
        <ele>1147.4</ele>
        <time>2009-08-15T07:48:13Z</time>
      </trkpt>
      <trkpt lat="40.645167" lon="-0.095200">
        <ele>1147.9</ele>
        <time>2009-08-15T07:48:16Z</time>
      </trkpt>
      <trkpt lat="40.645167" lon="-0.095250">
        <ele>1148.1</ele>
        <time>2009-08-15T07:48:19Z</time>
      </trkpt>
      <trkpt lat="40.645184" lon="-0.095316">
        <ele>1148.6</ele>
        <time>2009-08-15T07:48:22Z</time>
      </trkpt>
      <trkpt lat="40.645200" lon="-0.095333">
        <ele>1149.0</ele>
        <time>2009-08-15T07:48:25Z</time>
      </trkpt>
      <trkpt lat="40.645200" lon="-0.095399">
        <ele>1149.0</ele>
        <time>2009-08-15T07:48:28Z</time>
      </trkpt>
      <trkpt lat="40.645217" lon="-0.095450">
        <ele>1149.5</ele>
        <time>2009-08-15T07:48:31Z</time>
      </trkpt>
      <trkpt lat="40.645234" lon="-0.095516">
        <ele>1149.8</ele>
        <time>2009-08-15T07:48:34Z</time>
      </trkpt>
      <trkpt lat="40.645267" lon="-0.095533">
        <ele>1150.5</ele>
        <time>2009-08-15T07:48:37Z</time>
      </trkpt>
      <trkpt lat="40.645300" lon="-0.095566">
        <ele>1151.1</ele>
        <time>2009-08-15T07:48:40Z</time>
      </trkpt>
      <trkpt lat="40.645350" lon="-0.095583">
        <ele>1151.9</ele>
        <time>2009-08-15T07:48:43Z</time>
      </trkpt>
      <trkpt lat="40.645384" lon="-0.095616">
        <ele>1152.5</ele>
        <time>2009-08-15T07:48:46Z</time>
      </trkpt>
      <trkpt lat="40.645400" lon="-0.095666">
        <ele>1152.8</ele>
        <time>2009-08-15T07:48:49Z</time>
      </trkpt>
      <trkpt lat="40.645434" lon="-0.095700">
        <ele>1153.3</ele>
        <time>2009-08-15T07:48:52Z</time>
      </trkpt>
      <trkpt lat="40.645473" lon="-0.095741">
        <ele>1153.8</ele>
        <time>2009-08-15T06:49:40Z</time>
      </trkpt>
      <trkpt lat="40.645534" lon="-0.095783">
        <ele>1154.5</ele>
        <time>2009-08-15T07:48:58Z</time>
      </trkpt>
      <trkpt lat="40.645567" lon="-0.095816">
        <ele>1154.6</ele>
        <time>2009-08-15T07:49:01Z</time>
      </trkpt>
      <trkpt lat="40.645584" lon="-0.095883">
        <ele>1154.4</ele>
        <time>2009-08-15T07:49:04Z</time>
      </trkpt>
      <trkpt lat="40.645584" lon="-0.095883">
        <ele>1154.4</ele>
        <time>2009-08-15T07:49:07Z</time>
      </trkpt>
      <trkpt lat="40.645584" lon="-0.095883">
        <ele>1154.4</ele>
        <time>2009-08-15T07:49:10Z</time>
      </trkpt>
      <trkpt lat="40.645584" lon="-0.095883">
        <ele>1154.4</ele>
        <time>2009-08-15T07:49:13Z</time>
      </trkpt>
      <trkpt lat="40.645584" lon="-0.095883">
        <ele>1154.4</ele>
        <time>2009-08-15T07:49:16Z</time>
      </trkpt>
      <trkpt lat="40.645584" lon="-0.095883">
        <ele>1154.4</ele>
        <time>2009-08-15T07:49:19Z</time>
      </trkpt>
      <trkpt lat="40.645584" lon="-0.095883">
        <ele>1154.4</ele>
        <time>2009-08-15T07:49:22Z</time>
      </trkpt>
      <trkpt lat="40.645584" lon="-0.095883">
        <ele>1154.4</ele>
        <time>2009-08-15T07:49:25Z</time>
      </trkpt>
      <trkpt lat="40.645601" lon="-0.095916">
        <ele>1154.2</ele>
        <time>2009-08-15T07:49:28Z</time>
      </trkpt>
      <trkpt lat="40.645617" lon="-0.095949">
        <ele>1154.2</ele>
        <time>2009-08-15T07:49:31Z</time>
      </trkpt>
      <trkpt lat="40.645634" lon="-0.095966">
        <ele>1154.2</ele>
        <time>2009-08-15T07:49:34Z</time>
      </trkpt>
      <trkpt lat="40.645634" lon="-0.095966">
        <ele>1154.2</ele>
        <time>2009-08-15T07:49:37Z</time>
      </trkpt>
      <trkpt lat="40.645634" lon="-0.095966">
        <ele>1154.2</ele>
        <time>2009-08-15T07:49:40Z</time>
      </trkpt>
      <trkpt lat="40.645634" lon="-0.095966">
        <ele>1154.2</ele>
        <time>2009-08-15T07:49:43Z</time>
      </trkpt>
      <trkpt lat="40.645634" lon="-0.095983">
        <ele>1154.2</ele>
        <time>2009-08-15T07:49:46Z</time>
      </trkpt>
      <trkpt lat="40.645667" lon="-0.096000">
        <ele>1153.9</ele>
        <time>2009-08-15T07:49:49Z</time>
      </trkpt>
      <trkpt lat="40.645684" lon="-0.096016">
        <ele>1153.6</ele>
        <time>2009-08-15T07:49:52Z</time>
      </trkpt>
      <trkpt lat="40.645700" lon="-0.096016">
        <ele>1153.0</ele>
        <time>2009-08-15T07:49:55Z</time>
      </trkpt>
      <trkpt lat="40.645717" lon="-0.096033">
        <ele>1152.6</ele>
        <time>2009-08-15T07:49:58Z</time>
      </trkpt>
      <trkpt lat="40.645734" lon="-0.096049">
        <ele>1152.0</ele>
        <time>2009-08-15T07:50:01Z</time>
      </trkpt>
      <trkpt lat="40.645734" lon="-0.096049">
        <ele>1152.0</ele>
        <time>2009-08-15T07:50:04Z</time>
      </trkpt>
      <trkpt lat="40.645800" lon="-0.096083">
        <ele>1149.7</ele>
        <time>2009-08-15T07:50:07Z</time>
      </trkpt>
      <trkpt lat="40.645834" lon="-0.096166">
        <ele>1149.6</ele>
        <time>2009-08-15T07:50:10Z</time>
      </trkpt>
      <trkpt lat="40.645900" lon="-0.096199">
        <ele>1148.6</ele>
        <time>2009-08-15T07:50:13Z</time>
      </trkpt>
      <trkpt lat="40.645967" lon="-0.096266">
        <ele>1147.5</ele>
        <time>2009-08-15T07:50:16Z</time>
      </trkpt>
      <trkpt lat="40.645984" lon="-0.096283">
        <ele>1147.0</ele>
        <time>2009-08-15T07:50:16Z</time>
      </trkpt>
      <trkpt lat="40.645984" lon="-0.096300">
        <ele>1147.2</ele>
        <time>2009-08-15T07:50:17Z</time>
      </trkpt>
      <trkpt lat="40.646000" lon="-0.096333">
        <ele>1146.9</ele>
        <time>2009-08-15T07:50:18Z</time>
      </trkpt>
      <trkpt lat="40.646000" lon="-0.096350">
        <ele>1147.2</ele>
        <time>2009-08-15T07:50:18Z</time>
      </trkpt>
      <trkpt lat="40.646017" lon="-0.096350">
        <ele>1146.2</ele>
        <time>2009-08-15T07:50:19Z</time>
      </trkpt>
      <trkpt lat="40.646017" lon="-0.096366">
        <ele>1146.4</ele>
        <time>2009-08-15T07:50:19Z</time>
      </trkpt>
      <trkpt lat="40.646017" lon="-0.096366">
        <ele>1146.4</ele>
        <time>2009-08-15T07:50:20Z</time>
      </trkpt>
      <trkpt lat="40.646017" lon="-0.096366">
        <ele>1146.4</ele>
        <time>2009-08-15T07:50:20Z</time>
      </trkpt>
      <trkpt lat="40.646017" lon="-0.096366">
        <ele>1146.4</ele>
        <time>2009-08-15T07:50:22Z</time>
      </trkpt>
      <trkpt lat="40.646017" lon="-0.096350">
        <ele>1146.2</ele>
        <time>2009-08-15T07:50:25Z</time>
      </trkpt>
      <trkpt lat="40.646017" lon="-0.096350">
        <ele>1146.2</ele>
        <time>2009-08-15T07:50:28Z</time>
      </trkpt>
      <trkpt lat="40.646017" lon="-0.096333">
        <ele>1145.9</ele>
        <time>2009-08-15T07:50:28Z</time>
      </trkpt>
      <trkpt lat="40.646017" lon="-0.096333">
        <ele>1145.9</ele>
        <time>2009-08-15T07:50:31Z</time>
      </trkpt>
      <trkpt lat="40.646017" lon="-0.096300">
        <ele>1145.4</ele>
        <time>2009-08-15T07:50:34Z</time>
      </trkpt>
      <trkpt lat="40.646000" lon="-0.096250">
        <ele>1145.6</ele>
        <time>2009-08-15T07:50:37Z</time>
      </trkpt>
      <trkpt lat="40.646000" lon="-0.096250">
        <ele>1145.6</ele>
        <time>2009-08-15T07:50:40Z</time>
      </trkpt>
      <trkpt lat="40.646000" lon="-0.096250">
        <ele>1145.6</ele>
        <time>2009-08-15T07:50:43Z</time>
      </trkpt>
      <trkpt lat="40.645984" lon="-0.096233">
        <ele>1146.1</ele>
        <time>2009-08-15T07:50:46Z</time>
      </trkpt>
      <trkpt lat="40.645967" lon="-0.096183">
        <ele>1146.0</ele>
        <time>2009-08-15T07:50:49Z</time>
      </trkpt>
      <trkpt lat="40.645950" lon="-0.096149">
        <ele>1146.2</ele>
        <time>2009-08-15T07:50:52Z</time>
      </trkpt>
      <trkpt lat="40.645934" lon="-0.096133">
        <ele>1146.5</ele>
        <time>2009-08-15T07:50:55Z</time>
      </trkpt>
      <trkpt lat="40.645934" lon="-0.096133">
        <ele>1146.5</ele>
        <time>2009-08-15T07:50:58Z</time>
      </trkpt>
      <trkpt lat="40.645884" lon="-0.096099">
        <ele>1147.7</ele>
        <time>2009-08-15T07:51:01Z</time>
      </trkpt>
      <trkpt lat="40.645867" lon="-0.096083">
        <ele>1147.9</ele>
        <time>2009-08-15T07:51:28Z</time>
      </trkpt>
      <trkpt lat="40.645850" lon="-0.096049">
        <ele>1147.9</ele>
        <time>2009-08-15T07:51:31Z</time>
      </trkpt>
      <trkpt lat="40.645834" lon="-0.096033">
        <ele>1148.1</ele>
        <time>2009-08-15T07:51:34Z</time>
      </trkpt>
      <trkpt lat="40.645817" lon="-0.096000">
        <ele>1148.1</ele>
        <time>2009-08-15T07:51:37Z</time>
      </trkpt>
      <trkpt lat="40.645800" lon="-0.095933">
        <ele>1147.8</ele>
        <time>2009-08-15T07:51:40Z</time>
      </trkpt>
      <trkpt lat="40.645767" lon="-0.095883">
        <ele>1148.5</ele>
        <time>2009-08-15T07:51:43Z</time>
      </trkpt>
      <trkpt lat="40.645767" lon="-0.095866">
        <ele>1148.3</ele>
        <time>2009-08-15T07:51:46Z</time>
      </trkpt>
      <trkpt lat="40.645750" lon="-0.095849">
        <ele>1148.8</ele>
        <time>2009-08-15T07:51:49Z</time>
      </trkpt>
      <trkpt lat="40.645750" lon="-0.095849">
        <ele>1148.8</ele>
        <time>2009-08-15T07:51:52Z</time>
      </trkpt>
      <trkpt lat="40.645750" lon="-0.095800">
        <ele>1148.2</ele>
        <time>2009-08-15T07:51:55Z</time>
      </trkpt>
      <trkpt lat="40.645750" lon="-0.095733">
        <ele>1147.5</ele>
        <time>2009-08-15T07:51:58Z</time>
      </trkpt>
      <trkpt lat="40.645734" lon="-0.095666">
        <ele>1147.9</ele>
        <time>2009-08-15T07:52:01Z</time>
      </trkpt>
      <trkpt lat="40.645734" lon="-0.095599">
        <ele>1147.5</ele>
        <time>2009-08-15T07:52:04Z</time>
      </trkpt>
      <trkpt lat="40.645717" lon="-0.095583">
        <ele>1148.2</ele>
        <time>2009-08-15T07:52:07Z</time>
      </trkpt>
      <trkpt lat="40.645717" lon="-0.095566">
        <ele>1148.2</ele>
        <time>2009-08-15T07:52:10Z</time>
      </trkpt>
      <trkpt lat="40.645700" lon="-0.095549">
        <ele>1149.0</ele>
        <time>2009-08-15T07:52:13Z</time>
      </trkpt>
      <trkpt lat="40.645700" lon="-0.095549">
        <ele>1149.0</ele>
        <time>2009-08-15T07:52:16Z</time>
      </trkpt>
      <trkpt lat="40.645700" lon="-0.095549">
        <ele>1149.0</ele>
        <time>2009-08-15T07:52:19Z</time>
      </trkpt>
      <trkpt lat="40.645684" lon="-0.095533">
        <ele>1149.7</ele>
        <time>2009-08-15T07:52:22Z</time>
      </trkpt>
      <trkpt lat="40.645684" lon="-0.095533">
        <ele>1149.7</ele>
        <time>2009-08-15T07:52:25Z</time>
      </trkpt>
      <trkpt lat="40.645684" lon="-0.095499">
        <ele>1149.7</ele>
        <time>2009-08-15T07:52:28Z</time>
      </trkpt>
      <trkpt lat="40.645700" lon="-0.095433">
        <ele>1148.8</ele>
        <time>2009-08-15T07:52:31Z</time>
      </trkpt>
      <trkpt lat="40.645717" lon="-0.095350">
        <ele>1148.0</ele>
        <time>2009-08-15T07:52:34Z</time>
      </trkpt>
      <trkpt lat="40.645717" lon="-0.095316">
        <ele>1148.1</ele>
        <time>2009-08-15T07:52:37Z</time>
      </trkpt>
      <trkpt lat="40.645717" lon="-0.095266">
        <ele>1148.2</ele>
        <time>2009-08-15T07:52:40Z</time>
      </trkpt>
      <trkpt lat="40.645750" lon="-0.095233">
        <ele>1146.5</ele>
        <time>2009-08-15T07:52:43Z</time>
      </trkpt>
      <trkpt lat="40.645767" lon="-0.095166">
        <ele>1145.8</ele>
        <time>2009-08-15T07:52:46Z</time>
      </trkpt>
      <trkpt lat="40.645767" lon="-0.095116">
        <ele>1146.1</ele>
        <time>2009-08-15T07:52:49Z</time>
      </trkpt>
      <trkpt lat="40.645784" lon="-0.095066">
        <ele>1145.4</ele>
        <time>2009-08-15T07:52:52Z</time>
      </trkpt>
      <trkpt lat="40.645800" lon="-0.095000">
        <ele>1144.7</ele>
        <time>2009-08-15T07:52:55Z</time>
      </trkpt>
      <trkpt lat="40.645800" lon="-0.095000">
        <ele>1144.7</ele>
        <time>2009-08-15T07:52:58Z</time>
      </trkpt>
      <trkpt lat="40.645817" lon="-0.094933">
        <ele>1143.9</ele>
        <time>2009-08-15T07:53:01Z</time>
      </trkpt>
      <trkpt lat="40.645817" lon="-0.094866">
        <ele>1144.2</ele>
        <time>2009-08-15T07:53:04Z</time>
      </trkpt>
      <trkpt lat="40.645800" lon="-0.094800">
        <ele>1145.3</ele>
        <time>2009-08-15T07:53:07Z</time>
      </trkpt>
      <trkpt lat="40.645784" lon="-0.094716">
        <ele>1145.6</ele>
        <time>2009-08-15T07:53:10Z</time>
      </trkpt>
      <trkpt lat="40.645767" lon="-0.094650">
        <ele>1145.9</ele>
        <time>2009-08-15T07:53:13Z</time>
      </trkpt>
      <trkpt lat="40.645734" lon="-0.094566">
        <ele>1147.0</ele>
        <time>2009-08-15T07:53:16Z</time>
      </trkpt>
      <trkpt lat="40.645734" lon="-0.094500">
        <ele>1146.4</ele>
        <time>2009-08-15T07:53:19Z</time>
      </trkpt>
      <trkpt lat="40.645717" lon="-0.094483">
        <ele>1147.1</ele>
        <time>2009-08-15T07:53:22Z</time>
      </trkpt>
      <trkpt lat="40.645717" lon="-0.094433">
        <ele>1146.7</ele>
        <time>2009-08-15T07:53:25Z</time>
      </trkpt>
      <trkpt lat="40.645734" lon="-0.094366">
        <ele>1145.3</ele>
        <time>2009-08-15T07:53:28Z</time>
      </trkpt>
      <trkpt lat="40.645734" lon="-0.094283">
        <ele>1145.0</ele>
        <time>2009-08-15T07:53:31Z</time>
      </trkpt>
      <trkpt lat="40.645750" lon="-0.094233">
        <ele>1143.8</ele>
        <time>2009-08-15T07:53:34Z</time>
      </trkpt>
      <trkpt lat="40.645784" lon="-0.094166">
        <ele>1141.1</ele>
        <time>2009-08-15T07:53:37Z</time>
      </trkpt>
      <trkpt lat="40.645800" lon="-0.094083">
        <ele>1139.6</ele>
        <time>2009-08-15T07:53:40Z</time>
      </trkpt>
      <trkpt lat="40.645800" lon="-0.094016">
        <ele>1138.8</ele>
        <time>2009-08-15T07:53:43Z</time>
      </trkpt>
      <trkpt lat="40.645800" lon="-0.093983">
        <ele>1138.3</ele>
        <time>2009-08-15T07:53:46Z</time>
      </trkpt>
      <trkpt lat="40.645800" lon="-0.093966">
        <ele>1138.2</ele>
        <time>2009-08-15T07:53:49Z</time>
      </trkpt>
      <trkpt lat="40.645800" lon="-0.093933">
        <ele>1137.9</ele>
        <time>2009-08-15T07:53:52Z</time>
      </trkpt>
      <trkpt lat="40.645800" lon="-0.093866">
        <ele>1137.9</ele>
        <time>2009-08-15T07:53:55Z</time>
      </trkpt>
      <trkpt lat="40.645817" lon="-0.093816">
        <ele>1136.3</ele>
        <time>2009-08-15T07:53:58Z</time>
      </trkpt>
      <trkpt lat="40.645834" lon="-0.093766">
        <ele>1135.0</ele>
        <time>2009-08-15T07:54:01Z</time>
      </trkpt>
      <trkpt lat="40.645834" lon="-0.093716">
        <ele>1135.8</ele>
        <time>2009-08-15T07:54:04Z</time>
      </trkpt>
      <trkpt lat="40.645834" lon="-0.093666">
        <ele>1136.5</ele>
        <time>2009-08-15T07:54:07Z</time>
      </trkpt>
      <trkpt lat="40.645817" lon="-0.093599">
        <ele>1139.3</ele>
        <time>2009-08-15T07:54:10Z</time>
      </trkpt>
      <trkpt lat="40.645800" lon="-0.093550">
        <ele>1141.9</ele>
        <time>2009-08-15T07:54:13Z</time>
      </trkpt>
      <trkpt lat="40.645800" lon="-0.093516">
        <ele>1142.5</ele>
        <time>2009-08-15T07:54:16Z</time>
      </trkpt>
      <trkpt lat="40.645817" lon="-0.093483">
        <ele>1141.1</ele>
        <time>2009-08-15T07:54:19Z</time>
      </trkpt>
      <trkpt lat="40.645834" lon="-0.093433">
        <ele>1139.9</ele>
        <time>2009-08-15T07:54:22Z</time>
      </trkpt>
      <trkpt lat="40.645834" lon="-0.093416">
        <ele>1140.0</ele>
        <time>2009-08-15T07:54:25Z</time>
      </trkpt>
      <trkpt lat="40.645834" lon="-0.093383">
        <ele>1140.2</ele>
        <time>2009-08-15T07:54:28Z</time>
      </trkpt>
      <trkpt lat="40.645850" lon="-0.093366">
        <ele>1138.7</ele>
        <time>2009-08-15T07:54:29Z</time>
      </trkpt>
      <trkpt lat="40.645850" lon="-0.093366">
        <ele>1138.7</ele>
        <time>2009-08-15T07:54:31Z</time>
      </trkpt>
      <trkpt lat="40.645867" lon="-0.093383">
        <ele>1137.2</ele>
        <time>2009-08-15T07:54:34Z</time>
      </trkpt>
      <trkpt lat="40.645884" lon="-0.093416">
        <ele>1135.4</ele>
        <time>2009-08-15T07:54:37Z</time>
      </trkpt>
      <trkpt lat="40.645884" lon="-0.093416">
        <ele>1135.4</ele>
        <time>2009-08-15T07:54:40Z</time>
      </trkpt>
      <trkpt lat="40.645884" lon="-0.093416">
        <ele>1135.4</ele>
        <time>2009-08-15T07:54:43Z</time>
      </trkpt>
      <trkpt lat="40.645884" lon="-0.093416">
        <ele>1135.4</ele>
        <time>2009-08-15T07:54:46Z</time>
      </trkpt>
      <trkpt lat="40.645884" lon="-0.093416">
        <ele>1135.4</ele>
        <time>2009-08-15T07:54:49Z</time>
      </trkpt>
      <trkpt lat="40.645884" lon="-0.093416">
        <ele>1135.4</ele>
        <time>2009-08-15T07:54:52Z</time>
      </trkpt>
      <trkpt lat="40.645884" lon="-0.093416">
        <ele>1135.4</ele>
        <time>2009-08-15T07:54:55Z</time>
      </trkpt>
      <trkpt lat="40.645884" lon="-0.093416">
        <ele>1135.4</ele>
        <time>2009-08-15T07:54:58Z</time>
      </trkpt>
      <trkpt lat="40.645884" lon="-0.093416">
        <ele>1135.4</ele>
        <time>2009-08-15T07:55:01Z</time>
      </trkpt>
      <trkpt lat="40.645884" lon="-0.093416">
        <ele>1135.4</ele>
        <time>2009-08-15T07:55:04Z</time>
      </trkpt>
      <trkpt lat="40.645884" lon="-0.093416">
        <ele>1135.4</ele>
        <time>2009-08-15T07:55:07Z</time>
      </trkpt>
      <trkpt lat="40.645884" lon="-0.093416">
        <ele>1135.4</ele>
        <time>2009-08-15T07:55:10Z</time>
      </trkpt>
      <trkpt lat="40.645884" lon="-0.093416">
        <ele>1135.4</ele>
        <time>2009-08-15T07:55:13Z</time>
      </trkpt>
      <trkpt lat="40.645884" lon="-0.093433">
        <ele>1135.1</ele>
        <time>2009-08-15T07:55:16Z</time>
      </trkpt>
      <trkpt lat="40.645900" lon="-0.093450">
        <ele>1133.8</ele>
        <time>2009-08-15T07:55:19Z</time>
      </trkpt>
      <trkpt lat="40.645900" lon="-0.093450">
        <ele>1133.8</ele>
        <time>2009-08-15T07:55:22Z</time>
      </trkpt>
      <trkpt lat="40.645900" lon="-0.093450">
        <ele>1133.8</ele>
        <time>2009-08-15T07:55:25Z</time>
      </trkpt>
      <trkpt lat="40.645900" lon="-0.093416">
        <ele>1134.2</ele>
        <time>2009-08-15T07:55:28Z</time>
      </trkpt>
      <trkpt lat="40.645917" lon="-0.093383">
        <ele>1133.5</ele>
        <time>2009-08-15T07:55:31Z</time>
      </trkpt>
      <trkpt lat="40.645917" lon="-0.093383">
        <ele>1133.5</ele>
        <time>2009-08-15T07:55:34Z</time>
      </trkpt>
      <trkpt lat="40.645917" lon="-0.093350">
        <ele>1133.6</ele>
        <time>2009-08-15T07:55:37Z</time>
      </trkpt>
      <trkpt lat="40.645917" lon="-0.093332">
        <ele>1133.7</ele>
        <time>2009-08-15T07:55:40Z</time>
      </trkpt>
      <trkpt lat="40.645900" lon="-0.093332">
        <ele>1134.8</ele>
        <time>2009-08-15T07:55:43Z</time>
      </trkpt>
      <trkpt lat="40.645917" lon="-0.093316">
        <ele>1133.7</ele>
        <time>2009-08-15T07:55:46Z</time>
      </trkpt>
      <trkpt lat="40.645917" lon="-0.093316">
        <ele>1133.7</ele>
        <time>2009-08-15T07:55:49Z</time>
      </trkpt>
      <trkpt lat="40.645934" lon="-0.093283">
        <ele>1132.7</ele>
        <time>2009-08-15T07:55:52Z</time>
      </trkpt>
      <trkpt lat="40.645984" lon="-0.093250">
        <ele>1129.6</ele>
        <time>2009-08-15T07:55:55Z</time>
      </trkpt>
      <trkpt lat="40.645984" lon="-0.093216">
        <ele>1129.7</ele>
        <time>2009-08-15T07:55:58Z</time>
      </trkpt>
      <trkpt lat="40.646017" lon="-0.093149">
        <ele>1127.7</ele>
        <time>2009-08-15T07:56:01Z</time>
      </trkpt>
      <trkpt lat="40.646034" lon="-0.093083">
        <ele>1127.0</ele>
        <time>2009-08-15T07:56:04Z</time>
      </trkpt>
      <trkpt lat="40.646051" lon="-0.093000">
        <ele>1126.7</ele>
        <time>2009-08-15T07:56:07Z</time>
      </trkpt>
      <trkpt lat="40.646034" lon="-0.092933">
        <ele>1128.0</ele>
        <time>2009-08-15T07:56:10Z</time>
      </trkpt>
      <trkpt lat="40.646051" lon="-0.092900">
        <ele>1127.1</ele>
        <time>2009-08-15T07:56:13Z</time>
      </trkpt>
      <trkpt lat="40.646067" lon="-0.092800">
        <ele>1124.9</ele>
        <time>2009-08-15T07:56:16Z</time>
      </trkpt>
      <trkpt lat="40.646100" lon="-0.092750">
        <ele>1122.2</ele>
        <time>2009-08-15T07:56:19Z</time>
      </trkpt>
      <trkpt lat="40.646100" lon="-0.092699">
        <ele>1121.4</ele>
        <time>2009-08-15T07:56:22Z</time>
      </trkpt>
      <trkpt lat="40.646100" lon="-0.092616">
        <ele>1119.9</ele>
        <time>2009-08-15T07:56:25Z</time>
      </trkpt>
      <trkpt lat="40.646134" lon="-0.092583">
        <ele>1117.6</ele>
        <time>2009-08-15T07:56:28Z</time>
      </trkpt>
      <trkpt lat="40.646200" lon="-0.092599">
        <ele>1114.4</ele>
        <time>2009-08-15T07:56:31Z</time>
      </trkpt>
      <trkpt lat="40.646284" lon="-0.092633">
        <ele>1111.9</ele>
        <time>2009-08-15T07:56:34Z</time>
      </trkpt>
      <trkpt lat="40.646317" lon="-0.092666">
        <ele>1111.5</ele>
        <time>2009-08-15T07:56:37Z</time>
      </trkpt>
      <trkpt lat="40.646401" lon="-0.092733">
        <ele>1109.6</ele>
        <time>2009-08-15T07:56:40Z</time>
      </trkpt>
      <trkpt lat="40.646467" lon="-0.092766">
        <ele>1107.1</ele>
        <time>2009-08-15T07:56:43Z</time>
      </trkpt>
      <trkpt lat="40.646517" lon="-0.092733">
        <ele>1104.8</ele>
        <time>2009-08-15T07:56:46Z</time>
      </trkpt>
      <trkpt lat="40.646567" lon="-0.092699">
        <ele>1102.6</ele>
        <time>2009-08-15T07:56:49Z</time>
      </trkpt>
      <trkpt lat="40.646617" lon="-0.092650">
        <ele>1101.0</ele>
        <time>2009-08-15T07:56:52Z</time>
      </trkpt>
      <trkpt lat="40.646700" lon="-0.092633">
        <ele>1099.7</ele>
        <time>2009-08-15T07:56:55Z</time>
      </trkpt>
      <trkpt lat="40.646767" lon="-0.092666">
        <ele>1098.6</ele>
        <time>2009-08-15T07:56:58Z</time>
      </trkpt>
      <trkpt lat="40.646851" lon="-0.092666">
        <ele>1096.3</ele>
        <time>2009-08-15T07:57:01Z</time>
      </trkpt>
      <trkpt lat="40.646951" lon="-0.092616">
        <ele>1093.9</ele>
        <time>2009-08-15T07:57:04Z</time>
      </trkpt>
      <trkpt lat="40.647084" lon="-0.092499">
        <ele>1093.1</ele>
        <time>2009-08-15T07:57:07Z</time>
      </trkpt>
      <trkpt lat="40.647167" lon="-0.092516">
        <ele>1092.3</ele>
        <time>2009-08-15T07:57:10Z</time>
      </trkpt>
      <trkpt lat="40.647234" lon="-0.092633">
        <ele>1091.5</ele>
        <time>2009-08-15T07:57:13Z</time>
      </trkpt>
      <trkpt lat="40.647267" lon="-0.092766">
        <ele>1091.0</ele>
        <time>2009-08-15T07:57:16Z</time>
      </trkpt>
      <trkpt lat="40.647300" lon="-0.092866">
        <ele>1090.2</ele>
        <time>2009-08-15T07:57:19Z</time>
      </trkpt>
      <trkpt lat="40.647350" lon="-0.092949">
        <ele>1088.7</ele>
        <time>2009-08-15T07:57:22Z</time>
      </trkpt>
      <trkpt lat="40.647401" lon="-0.092983">
        <ele>1087.9</ele>
        <time>2009-08-15T07:57:25Z</time>
      </trkpt>
      <trkpt lat="40.647467" lon="-0.092983">
        <ele>1087.6</ele>
        <time>2009-08-15T07:57:28Z</time>
      </trkpt>
      <trkpt lat="40.647517" lon="-0.092983">
        <ele>1087.3</ele>
        <time>2009-08-15T07:57:31Z</time>
      </trkpt>
      <trkpt lat="40.647550" lon="-0.092933">
        <ele>1087.6</ele>
        <time>2009-08-15T07:57:34Z</time>
      </trkpt>
      <trkpt lat="40.647567" lon="-0.092900">
        <ele>1087.9</ele>
        <time>2009-08-15T07:57:37Z</time>
      </trkpt>
      <trkpt lat="40.647567" lon="-0.092900">
        <ele>1087.9</ele>
        <time>2009-08-15T07:57:40Z</time>
      </trkpt>
      <trkpt lat="40.647567" lon="-0.092900">
        <ele>1087.9</ele>
        <time>2009-08-15T07:57:43Z</time>
      </trkpt>
      <trkpt lat="40.647567" lon="-0.092900">
        <ele>1087.9</ele>
        <time>2009-08-15T07:57:46Z</time>
      </trkpt>
      <trkpt lat="40.647567" lon="-0.092900">
        <ele>1087.9</ele>
        <time>2009-08-15T07:57:49Z</time>
      </trkpt>
      <trkpt lat="40.647567" lon="-0.092900">
        <ele>1087.9</ele>
        <time>2009-08-15T07:57:52Z</time>
      </trkpt>
      <trkpt lat="40.647567" lon="-0.092900">
        <ele>1087.9</ele>
        <time>2009-08-15T07:57:55Z</time>
      </trkpt>
      <trkpt lat="40.647567" lon="-0.092900">
        <ele>1087.9</ele>
        <time>2009-08-15T07:57:58Z</time>
      </trkpt>
      <trkpt lat="40.647567" lon="-0.092900">
        <ele>1087.9</ele>
        <time>2009-08-15T07:58:01Z</time>
      </trkpt>
      <trkpt lat="40.647567" lon="-0.092900">
        <ele>1087.9</ele>
        <time>2009-08-15T07:58:04Z</time>
      </trkpt>
      <trkpt lat="40.647567" lon="-0.092900">
        <ele>1087.9</ele>
        <time>2009-08-15T07:58:07Z</time>
      </trkpt>
      <trkpt lat="40.647567" lon="-0.092900">
        <ele>1087.9</ele>
        <time>2009-08-15T07:58:10Z</time>
      </trkpt>
      <trkpt lat="40.647567" lon="-0.092900">
        <ele>1087.9</ele>
        <time>2009-08-15T07:58:13Z</time>
      </trkpt>
      <trkpt lat="40.647567" lon="-0.092900">
        <ele>1087.9</ele>
        <time>2009-08-15T07:58:16Z</time>
      </trkpt>
      <trkpt lat="40.647567" lon="-0.092900">
        <ele>1087.9</ele>
        <time>2009-08-15T07:58:19Z</time>
      </trkpt>
      <trkpt lat="40.647567" lon="-0.092900">
        <ele>1087.9</ele>
        <time>2009-08-15T07:58:22Z</time>
      </trkpt>
      <trkpt lat="40.647567" lon="-0.092900">
        <ele>1087.9</ele>
        <time>2009-08-15T07:58:25Z</time>
      </trkpt>
      <trkpt lat="40.647584" lon="-0.092833">
        <ele>1088.5</ele>
        <time>2009-08-15T07:58:28Z</time>
      </trkpt>
      <trkpt lat="40.647617" lon="-0.092783">
        <ele>1088.8</ele>
        <time>2009-08-15T07:58:31Z</time>
      </trkpt>
      <trkpt lat="40.647667" lon="-0.092733">
        <ele>1088.8</ele>
        <time>2009-08-15T07:58:34Z</time>
      </trkpt>
      <trkpt lat="40.647717" lon="-0.092683">
        <ele>1088.5</ele>
        <time>2009-08-15T07:58:37Z</time>
      </trkpt>
      <trkpt lat="40.647800" lon="-0.092650">
        <ele>1087.7</ele>
        <time>2009-08-15T07:58:40Z</time>
      </trkpt>
      <trkpt lat="40.647867" lon="-0.092616">
        <ele>1087.9</ele>
        <time>2009-08-15T07:58:43Z</time>
      </trkpt>
      <trkpt lat="40.647917" lon="-0.092599">
        <ele>1088.3</ele>
        <time>2009-08-15T07:58:46Z</time>
      </trkpt>
      <trkpt lat="40.647967" lon="-0.092583">
        <ele>1088.7</ele>
        <time>2009-08-15T07:58:49Z</time>
      </trkpt>
      <trkpt lat="40.648017" lon="-0.092583">
        <ele>1088.7</ele>
        <time>2009-08-15T07:58:52Z</time>
      </trkpt>
      <trkpt lat="40.648067" lon="-0.092583">
        <ele>1088.5</ele>
        <time>2009-08-15T07:58:55Z</time>
      </trkpt>
      <trkpt lat="40.648134" lon="-0.092550">
        <ele>1088.7</ele>
        <time>2009-08-15T07:58:58Z</time>
      </trkpt>
      <trkpt lat="40.648184" lon="-0.092550">
        <ele>1088.4</ele>
        <time>2009-08-15T07:59:01Z</time>
      </trkpt>
      <trkpt lat="40.648217" lon="-0.092550">
        <ele>1088.2</ele>
        <time>2009-08-15T07:59:04Z</time>
      </trkpt>
      <trkpt lat="40.648267" lon="-0.092533">
        <ele>1088.3</ele>
        <time>2009-08-15T07:59:07Z</time>
      </trkpt>
      <trkpt lat="40.648317" lon="-0.092516">
        <ele>1088.3</ele>
        <time>2009-08-15T07:59:10Z</time>
      </trkpt>
      <trkpt lat="40.648367" lon="-0.092483">
        <ele>1088.6</ele>
        <time>2009-08-15T07:59:13Z</time>
      </trkpt>
      <trkpt lat="40.648417" lon="-0.092416">
        <ele>1088.9</ele>
        <time>2009-08-15T07:59:16Z</time>
      </trkpt>
      <trkpt lat="40.648501" lon="-0.092383">
        <ele>1088.1</ele>
        <time>2009-08-15T07:59:19Z</time>
      </trkpt>
      <trkpt lat="40.648584" lon="-0.092333">
        <ele>1087.4</ele>
        <time>2009-08-15T07:59:22Z</time>
      </trkpt>
      <trkpt lat="40.648634" lon="-0.092283">
        <ele>1086.6</ele>
        <time>2009-08-15T07:59:25Z</time>
      </trkpt>
      <trkpt lat="40.648700" lon="-0.092216">
        <ele>1085.2</ele>
        <time>2009-08-15T07:59:28Z</time>
      </trkpt>
      <trkpt lat="40.648751" lon="-0.092116">
        <ele>1083.9</ele>
        <time>2009-08-15T07:59:31Z</time>
      </trkpt>
      <trkpt lat="40.648851" lon="-0.092000">
        <ele>1082.3</ele>
        <time>2009-08-15T07:59:34Z</time>
      </trkpt>
      <trkpt lat="40.648950" lon="-0.091916">
        <ele>1081.3</ele>
        <time>2009-08-15T07:59:37Z</time>
      </trkpt>
      <trkpt lat="40.649084" lon="-0.091849">
        <ele>1080.8</ele>
        <time>2009-08-15T07:59:40Z</time>
      </trkpt>
      <trkpt lat="40.649201" lon="-0.091750">
        <ele>1080.6</ele>
        <time>2009-08-15T07:59:43Z</time>
      </trkpt>
      <trkpt lat="40.649301" lon="-0.091650">
        <ele>1080.6</ele>
        <time>2009-08-15T07:59:46Z</time>
      </trkpt>
      <trkpt lat="40.649301" lon="-0.091650">
        <ele>1080.6</ele>
        <time>2009-08-15T07:59:46Z</time>
      </trkpt>
      <trkpt lat="40.649367" lon="-0.091599">
        <ele>1080.4</ele>
        <time>2009-08-15T07:59:49Z</time>
      </trkpt>
      <trkpt lat="40.649401" lon="-0.091566">
        <ele>1080.2</ele>
        <time>2009-08-15T07:59:52Z</time>
      </trkpt>
      <trkpt lat="40.649401" lon="-0.091566">
        <ele>1080.2</ele>
        <time>2009-08-15T07:59:55Z</time>
      </trkpt>
      <trkpt lat="40.649401" lon="-0.091566">
        <ele>1080.2</ele>
        <time>2009-08-15T07:59:58Z</time>
      </trkpt>
      <trkpt lat="40.649401" lon="-0.091566">
        <ele>1080.2</ele>
        <time>2009-08-15T08:00:01Z</time>
      </trkpt>
      <trkpt lat="40.649401" lon="-0.091566">
        <ele>1080.2</ele>
        <time>2009-08-15T08:00:04Z</time>
      </trkpt>
      <trkpt lat="40.649401" lon="-0.091566">
        <ele>1080.2</ele>
        <time>2009-08-15T08:00:07Z</time>
      </trkpt>
      <trkpt lat="40.649401" lon="-0.091566">
        <ele>1080.2</ele>
        <time>2009-08-15T08:00:10Z</time>
      </trkpt>
      <trkpt lat="40.649401" lon="-0.091566">
        <ele>1080.2</ele>
        <time>2009-08-15T08:00:13Z</time>
      </trkpt>
      <trkpt lat="40.649401" lon="-0.091566">
        <ele>1080.2</ele>
        <time>2009-08-15T08:00:16Z</time>
      </trkpt>
      <trkpt lat="40.649401" lon="-0.091566">
        <ele>1080.2</ele>
        <time>2009-08-15T08:00:19Z</time>
      </trkpt>
      <trkpt lat="40.649401" lon="-0.091566">
        <ele>1080.2</ele>
        <time>2009-08-15T08:00:22Z</time>
      </trkpt>
      <trkpt lat="40.649434" lon="-0.091550">
        <ele>1080.1</ele>
        <time>2009-08-15T08:00:25Z</time>
      </trkpt>
      <trkpt lat="40.649500" lon="-0.091516">
        <ele>1080.1</ele>
        <time>2009-08-15T08:00:28Z</time>
      </trkpt>
      <trkpt lat="40.649584" lon="-0.091499">
        <ele>1079.9</ele>
        <time>2009-08-15T08:00:31Z</time>
      </trkpt>
      <trkpt lat="40.649667" lon="-0.091516">
        <ele>1079.3</ele>
        <time>2009-08-15T08:00:34Z</time>
      </trkpt>
      <trkpt lat="40.649800" lon="-0.091516">
        <ele>1078.3</ele>
        <time>2009-08-15T08:00:37Z</time>
      </trkpt>
      <trkpt lat="40.649950" lon="-0.091550">
        <ele>1077.2</ele>
        <time>2009-08-15T08:00:40Z</time>
      </trkpt>
      <trkpt lat="40.650117" lon="-0.091550">
        <ele>1077.0</ele>
        <time>2009-08-15T08:00:43Z</time>
      </trkpt>
      <trkpt lat="40.650267" lon="-0.091550">
        <ele>1077.1</ele>
        <time>2009-08-15T08:00:46Z</time>
      </trkpt>
      <trkpt lat="40.650367" lon="-0.091516">
        <ele>1078.0</ele>
        <time>2009-08-15T08:00:49Z</time>
      </trkpt>
      <trkpt lat="40.650451" lon="-0.091483">
        <ele>1078.8</ele>
        <time>2009-08-15T08:00:52Z</time>
      </trkpt>
      <trkpt lat="40.650534" lon="-0.091450">
        <ele>1079.3</ele>
        <time>2009-08-15T08:00:55Z</time>
      </trkpt>
      <trkpt lat="40.650617" lon="-0.091399">
        <ele>1079.7</ele>
        <time>2009-08-15T08:00:58Z</time>
      </trkpt>
      <trkpt lat="40.650684" lon="-0.091366">
        <ele>1079.9</ele>
        <time>2009-08-15T08:01:01Z</time>
      </trkpt>
      <trkpt lat="40.650767" lon="-0.091332">
        <ele>1080.5</ele>
        <time>2009-08-15T08:01:04Z</time>
      </trkpt>
      <trkpt lat="40.650834" lon="-0.091283">
        <ele>1081.5</ele>
        <time>2009-08-15T08:01:07Z</time>
      </trkpt>
      <trkpt lat="40.650901" lon="-0.091266">
        <ele>1081.8</ele>
        <time>2009-08-15T08:01:10Z</time>
      </trkpt>
      <trkpt lat="40.650967" lon="-0.091266">
        <ele>1081.8</ele>
        <time>2009-08-15T08:01:13Z</time>
      </trkpt>
      <trkpt lat="40.651050" lon="-0.091266">
        <ele>1081.9</ele>
        <time>2009-08-15T08:01:16Z</time>
      </trkpt>
      <trkpt lat="40.651117" lon="-0.091266">
        <ele>1082.3</ele>
        <time>2009-08-15T08:01:19Z</time>
      </trkpt>
      <trkpt lat="40.651201" lon="-0.091283">
        <ele>1082.7</ele>
        <time>2009-08-15T08:01:22Z</time>
      </trkpt>
      <trkpt lat="40.651284" lon="-0.091316">
        <ele>1082.8</ele>
        <time>2009-08-15T08:01:25Z</time>
      </trkpt>
      <trkpt lat="40.651350" lon="-0.091350">
        <ele>1082.5</ele>
        <time>2009-08-15T08:01:28Z</time>
      </trkpt>
      <trkpt lat="40.651434" lon="-0.091366">
        <ele>1082.5</ele>
        <time>2009-08-15T08:01:31Z</time>
      </trkpt>
      <trkpt lat="40.651500" lon="-0.091399">
        <ele>1082.4</ele>
        <time>2009-08-15T08:01:34Z</time>
      </trkpt>
      <trkpt lat="40.651584" lon="-0.091432">
        <ele>1082.4</ele>
        <time>2009-08-15T08:01:37Z</time>
      </trkpt>
      <trkpt lat="40.651684" lon="-0.091483">
        <ele>1081.4</ele>
        <time>2009-08-15T08:01:40Z</time>
      </trkpt>
      <trkpt lat="40.651784" lon="-0.091499">
        <ele>1080.2</ele>
        <time>2009-08-15T08:01:43Z</time>
      </trkpt>
      <trkpt lat="40.651884" lon="-0.091466">
        <ele>1079.9</ele>
        <time>2009-08-15T08:01:46Z</time>
      </trkpt>
      <trkpt lat="40.652001" lon="-0.091466">
        <ele>1079.3</ele>
        <time>2009-08-15T08:01:49Z</time>
      </trkpt>
      <trkpt lat="40.652134" lon="-0.091499">
        <ele>1078.5</ele>
        <time>2009-08-15T08:01:52Z</time>
      </trkpt>
      <trkpt lat="40.652250" lon="-0.091466">
        <ele>1078.4</ele>
        <time>2009-08-15T08:01:55Z</time>
      </trkpt>
      <trkpt lat="40.652284" lon="-0.091466">
        <ele>1078.3</ele>
        <time>2009-08-15T08:01:58Z</time>
      </trkpt>
      <trkpt lat="40.652284" lon="-0.091466">
        <ele>1078.3</ele>
        <time>2009-08-15T08:02:01Z</time>
      </trkpt>
      <trkpt lat="40.652284" lon="-0.091466">
        <ele>1078.3</ele>
        <time>2009-08-15T08:02:04Z</time>
      </trkpt>
      <trkpt lat="40.652284" lon="-0.091466">
        <ele>1078.3</ele>
        <time>2009-08-15T08:02:07Z</time>
      </trkpt>
      <trkpt lat="40.652284" lon="-0.091466">
        <ele>1078.3</ele>
        <time>2009-08-15T08:02:10Z</time>
      </trkpt>
      <trkpt lat="40.652284" lon="-0.091466">
        <ele>1078.3</ele>
        <time>2009-08-15T08:02:13Z</time>
      </trkpt>
      <trkpt lat="40.652317" lon="-0.091483">
        <ele>1078.0</ele>
        <time>2009-08-15T08:02:16Z</time>
      </trkpt>
      <trkpt lat="40.652367" lon="-0.091483">
        <ele>1077.7</ele>
        <time>2009-08-15T08:02:19Z</time>
      </trkpt>
      <trkpt lat="40.652417" lon="-0.091466">
        <ele>1077.3</ele>
        <time>2009-08-15T08:02:22Z</time>
      </trkpt>
      <trkpt lat="40.652484" lon="-0.091433">
        <ele>1076.0</ele>
        <time>2009-08-15T08:02:25Z</time>
      </trkpt>
      <trkpt lat="40.652500" lon="-0.091383">
        <ele>1075.6</ele>
        <time>2009-08-15T08:02:28Z</time>
      </trkpt>
      <trkpt lat="40.652484" lon="-0.091300">
        <ele>1075.6</ele>
        <time>2009-08-15T08:02:31Z</time>
      </trkpt>
      <trkpt lat="40.652467" lon="-0.091233">
        <ele>1075.9</ele>
        <time>2009-08-15T08:02:34Z</time>
      </trkpt>
      <trkpt lat="40.652484" lon="-0.091200">
        <ele>1074.9</ele>
        <time>2009-08-15T08:02:37Z</time>
      </trkpt>
      <trkpt lat="40.652517" lon="-0.091233">
        <ele>1074.0</ele>
        <time>2009-08-15T08:02:40Z</time>
      </trkpt>
      <trkpt lat="40.652534" lon="-0.091233">
        <ele>1073.4</ele>
        <time>2009-08-15T08:02:43Z</time>
      </trkpt>
      <trkpt lat="40.652534" lon="-0.091233">
        <ele>1073.4</ele>
        <time>2009-08-15T08:02:46Z</time>
      </trkpt>
      <trkpt lat="40.652534" lon="-0.091233">
        <ele>1073.4</ele>
        <time>2009-08-15T08:02:49Z</time>
      </trkpt>
      <trkpt lat="40.652534" lon="-0.091200">
        <ele>1073.1</ele>
        <time>2009-08-15T08:02:52Z</time>
      </trkpt>
      <trkpt lat="40.652534" lon="-0.091200">
        <ele>1073.1</ele>
        <time>2009-08-15T08:02:55Z</time>
      </trkpt>
      <trkpt lat="40.652534" lon="-0.091200">
        <ele>1073.1</ele>
        <time>2009-08-15T08:02:58Z</time>
      </trkpt>
      <trkpt lat="40.652534" lon="-0.091200">
        <ele>1073.1</ele>
        <time>2009-08-15T08:03:01Z</time>
      </trkpt>
      <trkpt lat="40.652534" lon="-0.091200">
        <ele>1073.1</ele>
        <time>2009-08-15T08:03:04Z</time>
      </trkpt>
      <trkpt lat="40.652534" lon="-0.091200">
        <ele>1073.1</ele>
        <time>2009-08-15T08:03:07Z</time>
      </trkpt>
      <trkpt lat="40.652534" lon="-0.091200">
        <ele>1073.1</ele>
        <time>2009-08-15T08:03:10Z</time>
      </trkpt>
      <trkpt lat="40.652517" lon="-0.091183">
        <ele>1073.4</ele>
        <time>2009-08-15T08:04:34Z</time>
      </trkpt>
      <trkpt lat="40.652517" lon="-0.091166">
        <ele>1073.2</ele>
        <time>2009-08-15T08:04:37Z</time>
      </trkpt>
      <trkpt lat="40.652517" lon="-0.091166">
        <ele>1073.2</ele>
        <time>2009-08-15T08:04:40Z</time>
      </trkpt>
      <trkpt lat="40.652517" lon="-0.091166">
        <ele>1073.2</ele>
        <time>2009-08-15T08:04:43Z</time>
      </trkpt>
      <trkpt lat="40.652517" lon="-0.091166">
        <ele>1073.2</ele>
        <time>2009-08-15T08:04:46Z</time>
      </trkpt>
      <trkpt lat="40.652517" lon="-0.091166">
        <ele>1073.2</ele>
        <time>2009-08-15T08:04:49Z</time>
      </trkpt>
      <trkpt lat="40.652517" lon="-0.091166">
        <ele>1073.2</ele>
        <time>2009-08-15T08:04:52Z</time>
      </trkpt>
      <trkpt lat="40.652517" lon="-0.091166">
        <ele>1073.2</ele>
        <time>2009-08-15T08:04:55Z</time>
      </trkpt>
      <trkpt lat="40.652517" lon="-0.091166">
        <ele>1073.2</ele>
        <time>2009-08-15T08:04:58Z</time>
      </trkpt>
      <trkpt lat="40.652534" lon="-0.091133">
        <ele>1072.2</ele>
        <time>2009-08-15T08:05:01Z</time>
      </trkpt>
      <trkpt lat="40.652534" lon="-0.091116">
        <ele>1071.8</ele>
        <time>2009-08-15T08:05:04Z</time>
      </trkpt>
      <trkpt lat="40.652534" lon="-0.091116">
        <ele>1071.8</ele>
        <time>2009-08-15T08:05:07Z</time>
      </trkpt>
      <trkpt lat="40.652551" lon="-0.091100">
        <ele>1071.1</ele>
        <time>2009-08-15T08:05:10Z</time>
      </trkpt>
      <trkpt lat="40.652551" lon="-0.091083">
        <ele>1070.8</ele>
        <time>2009-08-15T08:05:13Z</time>
      </trkpt>
      <trkpt lat="40.652551" lon="-0.091083">
        <ele>1070.8</ele>
        <time>2009-08-15T08:05:16Z</time>
      </trkpt>
      <trkpt lat="40.652567" lon="-0.091066">
        <ele>1070.1</ele>
        <time>2009-08-15T08:05:19Z</time>
      </trkpt>
      <trkpt lat="40.652567" lon="-0.091049">
        <ele>1069.8</ele>
        <time>2009-08-15T08:05:22Z</time>
      </trkpt>
      <trkpt lat="40.652567" lon="-0.091016">
        <ele>1069.2</ele>
        <time>2009-08-15T08:05:25Z</time>
      </trkpt>
      <trkpt lat="40.652567" lon="-0.091016">
        <ele>1069.2</ele>
        <time>2009-08-15T08:05:28Z</time>
      </trkpt>
      <trkpt lat="40.652551" lon="-0.091016">
        <ele>1069.5</ele>
        <time>2009-08-15T08:05:31Z</time>
      </trkpt>
      <trkpt lat="40.652551" lon="-0.091016">
        <ele>1069.5</ele>
        <time>2009-08-15T08:05:34Z</time>
      </trkpt>
      <trkpt lat="40.652567" lon="-0.091000">
        <ele>1068.8</ele>
        <time>2009-08-15T08:05:37Z</time>
      </trkpt>
      <trkpt lat="40.652567" lon="-0.091000">
        <ele>1068.8</ele>
        <time>2009-08-15T08:05:40Z</time>
      </trkpt>
      <trkpt lat="40.652567" lon="-0.091000">
        <ele>1068.8</ele>
        <time>2009-08-15T08:05:43Z</time>
      </trkpt>
      <trkpt lat="40.652567" lon="-0.091000">
        <ele>1068.8</ele>
        <time>2009-08-15T08:05:46Z</time>
      </trkpt>
      <trkpt lat="40.652567" lon="-0.091000">
        <ele>1068.8</ele>
        <time>2009-08-15T08:05:49Z</time>
      </trkpt>
      <trkpt lat="40.652567" lon="-0.090966">
        <ele>1068.2</ele>
        <time>2009-08-15T08:05:52Z</time>
      </trkpt>
      <trkpt lat="40.652567" lon="-0.090966">
        <ele>1068.2</ele>
        <time>2009-08-15T08:05:55Z</time>
      </trkpt>
      <trkpt lat="40.652567" lon="-0.090933">
        <ele>1067.7</ele>
        <time>2009-08-15T08:05:58Z</time>
      </trkpt>
      <trkpt lat="40.652584" lon="-0.090916">
        <ele>1067.2</ele>
        <time>2009-08-15T08:06:01Z</time>
      </trkpt>
      <trkpt lat="40.652584" lon="-0.090916">
        <ele>1067.2</ele>
        <time>2009-08-15T08:06:04Z</time>
      </trkpt>
      <trkpt lat="40.652584" lon="-0.090916">
        <ele>1067.2</ele>
        <time>2009-08-15T08:06:07Z</time>
      </trkpt>
      <trkpt lat="40.652584" lon="-0.090883">
        <ele>1066.8</ele>
        <time>2009-08-15T08:06:10Z</time>
      </trkpt>
      <trkpt lat="40.652584" lon="-0.090866">
        <ele>1066.6</ele>
        <time>2009-08-15T08:06:13Z</time>
      </trkpt>
      <trkpt lat="40.652584" lon="-0.090833">
        <ele>1066.4</ele>
        <time>2009-08-15T08:06:16Z</time>
      </trkpt>
      <trkpt lat="40.652567" lon="-0.090833">
        <ele>1066.7</ele>
        <time>2009-08-15T08:06:19Z</time>
      </trkpt>
      <trkpt lat="40.652584" lon="-0.090816">
        <ele>1066.2</ele>
        <time>2009-08-15T08:06:22Z</time>
      </trkpt>
      <trkpt lat="40.652584" lon="-0.090783">
        <ele>1066.0</ele>
        <time>2009-08-15T08:06:25Z</time>
      </trkpt>
      <trkpt lat="40.652584" lon="-0.090783">
        <ele>1066.0</ele>
        <time>2009-08-15T08:06:28Z</time>
      </trkpt>
      <trkpt lat="40.652584" lon="-0.090716">
        <ele>1065.8</ele>
        <time>2009-08-15T08:06:31Z</time>
      </trkpt>
      <trkpt lat="40.652600" lon="-0.090616">
        <ele>1065.3</ele>
        <time>2009-08-15T08:06:34Z</time>
      </trkpt>
      <trkpt lat="40.652634" lon="-0.090516">
        <ele>1064.4</ele>
        <time>2009-08-15T08:06:37Z</time>
      </trkpt>
      <trkpt lat="40.652651" lon="-0.090400">
        <ele>1064.0</ele>
        <time>2009-08-15T08:06:40Z</time>
      </trkpt>
      <trkpt lat="40.652700" lon="-0.090300">
        <ele>1062.8</ele>
        <time>2009-08-15T08:06:43Z</time>
      </trkpt>
      <trkpt lat="40.652718" lon="-0.090216">
        <ele>1062.4</ele>
        <time>2009-08-15T08:06:46Z</time>
      </trkpt>
      <trkpt lat="40.652734" lon="-0.090150">
        <ele>1062.0</ele>
        <time>2009-08-15T08:06:49Z</time>
      </trkpt>
      <trkpt lat="40.652751" lon="-0.090066">
        <ele>1061.4</ele>
        <time>2009-08-15T08:06:52Z</time>
      </trkpt>
      <trkpt lat="40.652751" lon="-0.090000">
        <ele>1061.2</ele>
        <time>2009-08-15T08:06:55Z</time>
      </trkpt>
      <trkpt lat="40.652751" lon="-0.089916">
        <ele>1060.8</ele>
        <time>2009-08-15T08:06:58Z</time>
      </trkpt>
      <trkpt lat="40.652751" lon="-0.089833">
        <ele>1060.4</ele>
        <time>2009-08-15T08:07:01Z</time>
      </trkpt>
      <trkpt lat="40.652767" lon="-0.089750">
        <ele>1059.7</ele>
        <time>2009-08-15T08:07:04Z</time>
      </trkpt>
      <trkpt lat="40.652818" lon="-0.089666">
        <ele>1058.3</ele>
        <time>2009-08-15T08:07:07Z</time>
      </trkpt>
      <trkpt lat="40.652834" lon="-0.089616">
        <ele>1057.7</ele>
        <time>2009-08-15T08:07:10Z</time>
      </trkpt>
      <trkpt lat="40.652851" lon="-0.089550">
        <ele>1057.0</ele>
        <time>2009-08-15T08:07:13Z</time>
      </trkpt>
      <trkpt lat="40.652901" lon="-0.089566">
        <ele>1056.3</ele>
        <time>2009-08-15T08:07:16Z</time>
      </trkpt>
      <trkpt lat="40.652967" lon="-0.089566">
        <ele>1055.0</ele>
        <time>2009-08-15T08:07:19Z</time>
      </trkpt>
      <trkpt lat="40.653001" lon="-0.089566">
        <ele>1054.4</ele>
        <time>2009-08-15T08:07:22Z</time>
      </trkpt>
      <trkpt lat="40.653050" lon="-0.089583">
        <ele>1053.6</ele>
        <time>2009-08-15T08:07:25Z</time>
      </trkpt>
      <trkpt lat="40.653050" lon="-0.089600">
        <ele>1053.8</ele>
        <time>2009-08-15T08:07:28Z</time>
      </trkpt>
      <trkpt lat="40.653050" lon="-0.089600">
        <ele>1053.8</ele>
        <time>2009-08-15T08:07:31Z</time>
      </trkpt>
      <trkpt lat="40.653050" lon="-0.089600">
        <ele>1053.8</ele>
        <time>2009-08-15T08:07:34Z</time>
      </trkpt>
      <trkpt lat="40.653050" lon="-0.089600">
        <ele>1053.8</ele>
        <time>2009-08-15T08:07:37Z</time>
      </trkpt>
      <trkpt lat="40.653050" lon="-0.089600">
        <ele>1053.8</ele>
        <time>2009-08-15T08:07:40Z</time>
      </trkpt>
      <trkpt lat="40.653067" lon="-0.089600">
        <ele>1053.4</ele>
        <time>2009-08-15T08:07:43Z</time>
      </trkpt>
      <trkpt lat="40.653067" lon="-0.089600">
        <ele>1053.4</ele>
        <time>2009-08-15T08:07:46Z</time>
      </trkpt>
      <trkpt lat="40.653084" lon="-0.089600">
        <ele>1053.1</ele>
        <time>2009-08-15T08:07:49Z</time>
      </trkpt>
      <trkpt lat="40.653101" lon="-0.089583">
        <ele>1052.7</ele>
        <time>2009-08-15T08:07:52Z</time>
      </trkpt>
      <trkpt lat="40.653134" lon="-0.089566">
        <ele>1052.0</ele>
        <time>2009-08-15T08:07:55Z</time>
      </trkpt>
      <trkpt lat="40.653167" lon="-0.089566">
        <ele>1051.4</ele>
        <time>2009-08-15T08:07:58Z</time>
      </trkpt>
      <trkpt lat="40.653184" lon="-0.089566">
        <ele>1051.1</ele>
        <time>2009-08-15T08:08:01Z</time>
      </trkpt>
      <trkpt lat="40.653234" lon="-0.089550">
        <ele>1050.1</ele>
        <time>2009-08-15T08:08:04Z</time>
      </trkpt>
      <trkpt lat="40.653284" lon="-0.089550">
        <ele>1049.1</ele>
        <time>2009-08-15T08:08:07Z</time>
      </trkpt>
      <trkpt lat="40.653317" lon="-0.089533">
        <ele>1048.4</ele>
        <time>2009-08-15T08:08:10Z</time>
      </trkpt>
      <trkpt lat="40.653351" lon="-0.089516">
        <ele>1047.6</ele>
        <time>2009-08-15T08:08:13Z</time>
      </trkpt>
      <trkpt lat="40.653367" lon="-0.089483">
        <ele>1046.9</ele>
        <time>2009-08-15T08:08:16Z</time>
      </trkpt>
      <trkpt lat="40.653384" lon="-0.089466">
        <ele>1046.5</ele>
        <time>2009-08-15T08:08:19Z</time>
      </trkpt>
      <trkpt lat="40.653400" lon="-0.089449">
        <ele>1046.0</ele>
        <time>2009-08-15T08:08:22Z</time>
      </trkpt>
      <trkpt lat="40.653417" lon="-0.089433">
        <ele>1045.6</ele>
        <time>2009-08-15T08:08:25Z</time>
      </trkpt>
      <trkpt lat="40.653417" lon="-0.089433">
        <ele>1045.6</ele>
        <time>2009-08-15T08:08:28Z</time>
      </trkpt>
      <trkpt lat="40.653434" lon="-0.089399">
        <ele>1044.9</ele>
        <time>2009-08-15T08:08:31Z</time>
      </trkpt>
      <trkpt lat="40.653417" lon="-0.089399">
        <ele>1045.1</ele>
        <time>2009-08-15T08:08:34Z</time>
      </trkpt>
      <trkpt lat="40.653417" lon="-0.089383">
        <ele>1044.9</ele>
        <time>2009-08-15T08:08:37Z</time>
      </trkpt>
      <trkpt lat="40.653434" lon="-0.089333">
        <ele>1044.0</ele>
        <time>2009-08-15T08:08:40Z</time>
      </trkpt>
      <trkpt lat="40.653434" lon="-0.089300">
        <ele>1043.6</ele>
        <time>2009-08-15T08:08:43Z</time>
      </trkpt>
      <trkpt lat="40.653384" lon="-0.089266">
        <ele>1043.7</ele>
        <time>2009-08-15T08:08:46Z</time>
      </trkpt>
      <trkpt lat="40.653317" lon="-0.089183">
        <ele>1043.1</ele>
        <time>2009-08-15T08:08:49Z</time>
      </trkpt>
      <trkpt lat="40.653267" lon="-0.089133">
        <ele>1042.8</ele>
        <time>2009-08-15T08:08:52Z</time>
      </trkpt>
      <trkpt lat="40.653250" lon="-0.089033">
        <ele>1041.2</ele>
        <time>2009-08-15T08:08:55Z</time>
      </trkpt>
      <trkpt lat="40.653234" lon="-0.088966">
        <ele>1040.0</ele>
        <time>2009-08-15T08:08:58Z</time>
      </trkpt>
      <trkpt lat="40.653267" lon="-0.088916">
        <ele>1038.7</ele>
        <time>2009-08-15T08:09:01Z</time>
      </trkpt>
      <trkpt lat="40.653317" lon="-0.088883">
        <ele>1037.7</ele>
        <time>2009-08-15T08:09:04Z</time>
      </trkpt>
      <trkpt lat="40.653384" lon="-0.088866">
        <ele>1036.9</ele>
        <time>2009-08-15T08:09:07Z</time>
      </trkpt>
      <trkpt lat="40.653434" lon="-0.088883">
        <ele>1036.4</ele>
        <time>2009-08-15T08:09:10Z</time>
      </trkpt>
      <trkpt lat="40.653500" lon="-0.088883">
        <ele>1035.4</ele>
        <time>2009-08-15T08:09:13Z</time>
      </trkpt>
      <trkpt lat="40.653551" lon="-0.088883">
        <ele>1034.8</ele>
        <time>2009-08-15T08:09:16Z</time>
      </trkpt>
      <trkpt lat="40.653584" lon="-0.088883">
        <ele>1034.5</ele>
        <time>2009-08-15T08:09:19Z</time>
      </trkpt>
      <trkpt lat="40.653584" lon="-0.088883">
        <ele>1034.5</ele>
        <time>2009-08-15T08:09:22Z</time>
      </trkpt>
      <trkpt lat="40.653584" lon="-0.088883">
        <ele>1034.5</ele>
        <time>2009-08-15T08:09:25Z</time>
      </trkpt>
      <trkpt lat="40.653584" lon="-0.088883">
        <ele>1034.5</ele>
        <time>2009-08-15T08:09:28Z</time>
      </trkpt>
      <trkpt lat="40.653584" lon="-0.088883">
        <ele>1034.5</ele>
        <time>2009-08-15T08:09:31Z</time>
      </trkpt>
      <trkpt lat="40.653584" lon="-0.088883">
        <ele>1034.5</ele>
        <time>2009-08-15T08:09:34Z</time>
      </trkpt>
      <trkpt lat="40.653584" lon="-0.088883">
        <ele>1034.5</ele>
        <time>2009-08-15T08:09:37Z</time>
      </trkpt>
      <trkpt lat="40.653584" lon="-0.088883">
        <ele>1034.5</ele>
        <time>2009-08-15T08:09:40Z</time>
      </trkpt>
      <trkpt lat="40.653600" lon="-0.088866">
        <ele>1034.0</ele>
        <time>2009-08-15T08:09:43Z</time>
      </trkpt>
      <trkpt lat="40.653634" lon="-0.088866">
        <ele>1033.8</ele>
        <time>2009-08-15T08:09:46Z</time>
      </trkpt>
      <trkpt lat="40.653684" lon="-0.088833">
        <ele>1032.5</ele>
        <time>2009-08-15T08:09:49Z</time>
      </trkpt>
      <trkpt lat="40.653750" lon="-0.088816">
        <ele>1031.5</ele>
        <time>2009-08-15T08:09:52Z</time>
      </trkpt>
      <trkpt lat="40.653834" lon="-0.088816">
        <ele>1030.3</ele>
        <time>2009-08-15T08:09:55Z</time>
      </trkpt>
      <trkpt lat="40.653917" lon="-0.088850">
        <ele>1029.4</ele>
        <time>2009-08-15T08:09:58Z</time>
      </trkpt>
      <trkpt lat="40.653967" lon="-0.088899">
        <ele>1028.8</ele>
        <time>2009-08-15T08:10:01Z</time>
      </trkpt>
      <trkpt lat="40.654017" lon="-0.088966">
        <ele>1028.5</ele>
        <time>2009-08-15T08:10:04Z</time>
      </trkpt>
      <trkpt lat="40.654050" lon="-0.088966">
        <ele>1027.7</ele>
        <time>2009-08-15T08:10:07Z</time>
      </trkpt>
      <trkpt lat="40.654084" lon="-0.089016">
        <ele>1027.6</ele>
        <time>2009-08-15T08:10:10Z</time>
      </trkpt>
      <trkpt lat="40.654117" lon="-0.089083">
        <ele>1027.8</ele>
        <time>2009-08-15T08:10:13Z</time>
      </trkpt>
      <trkpt lat="40.654134" lon="-0.089133">
        <ele>1028.0</ele>
        <time>2009-08-15T08:10:16Z</time>
      </trkpt>
      <trkpt lat="40.654151" lon="-0.089183">
        <ele>1028.0</ele>
        <time>2009-08-15T08:10:19Z</time>
      </trkpt>
      <trkpt lat="40.654184" lon="-0.089233">
        <ele>1027.2</ele>
        <time>2009-08-15T08:10:22Z</time>
      </trkpt>
      <trkpt lat="40.654217" lon="-0.089300">
        <ele>1026.3</ele>
        <time>2009-08-15T08:10:25Z</time>
      </trkpt>
      <trkpt lat="40.654217" lon="-0.089383">
        <ele>1026.5</ele>
        <time>2009-08-15T08:10:28Z</time>
      </trkpt>
      <trkpt lat="40.654217" lon="-0.089449">
        <ele>1026.6</ele>
        <time>2009-08-15T08:10:31Z</time>
      </trkpt>
      <trkpt lat="40.654234" lon="-0.089516">
        <ele>1026.2</ele>
        <time>2009-08-15T08:10:34Z</time>
      </trkpt>
      <trkpt lat="40.654251" lon="-0.089550">
        <ele>1025.8</ele>
        <time>2009-08-15T08:10:37Z</time>
      </trkpt>
      <trkpt lat="40.654251" lon="-0.089550">
        <ele>1025.8</ele>
        <time>2009-08-15T08:10:40Z</time>
      </trkpt>
      <trkpt lat="40.654251" lon="-0.089583">
        <ele>1025.9</ele>
        <time>2009-08-15T08:10:43Z</time>
      </trkpt>
      <trkpt lat="40.654267" lon="-0.089583">
        <ele>1025.4</ele>
        <time>2009-08-15T08:11:22Z</time>
      </trkpt>
      <trkpt lat="40.654267" lon="-0.089566">
        <ele>1025.3</ele>
        <time>2009-08-15T08:11:25Z</time>
      </trkpt>
      <trkpt lat="40.654267" lon="-0.089566">
        <ele>1025.3</ele>
        <time>2009-08-15T08:11:28Z</time>
      </trkpt>
      <trkpt lat="40.654267" lon="-0.089566">
        <ele>1025.3</ele>
        <time>2009-08-15T08:11:31Z</time>
      </trkpt>
      <trkpt lat="40.654267" lon="-0.089566">
        <ele>1025.3</ele>
        <time>2009-08-15T08:11:34Z</time>
      </trkpt>
      <trkpt lat="40.654267" lon="-0.089566">
        <ele>1025.3</ele>
        <time>2009-08-15T08:11:37Z</time>
      </trkpt>
      <trkpt lat="40.654267" lon="-0.089550">
        <ele>1025.3</ele>
        <time>2009-08-15T08:11:40Z</time>
      </trkpt>
      <trkpt lat="40.654267" lon="-0.089550">
        <ele>1025.3</ele>
        <time>2009-08-15T08:11:43Z</time>
      </trkpt>
      <trkpt lat="40.654267" lon="-0.089550">
        <ele>1025.3</ele>
        <time>2009-08-15T08:11:46Z</time>
      </trkpt>
      <trkpt lat="40.654267" lon="-0.089550">
        <ele>1025.3</ele>
        <time>2009-08-15T08:11:49Z</time>
      </trkpt>
      <trkpt lat="40.654267" lon="-0.089550">
        <ele>1025.3</ele>
        <time>2009-08-15T08:11:52Z</time>
      </trkpt>
      <trkpt lat="40.654267" lon="-0.089550">
        <ele>1025.3</ele>
        <time>2009-08-15T08:11:55Z</time>
      </trkpt>
      <trkpt lat="40.654284" lon="-0.089550">
        <ele>1024.7</ele>
        <time>2009-08-15T08:11:58Z</time>
      </trkpt>
      <trkpt lat="40.654284" lon="-0.089550">
        <ele>1024.7</ele>
        <time>2009-08-15T08:12:01Z</time>
      </trkpt>
      <trkpt lat="40.654284" lon="-0.089533">
        <ele>1024.6</ele>
        <time>2009-08-15T08:12:04Z</time>
      </trkpt>
      <trkpt lat="40.654284" lon="-0.089516">
        <ele>1024.6</ele>
        <time>2009-08-15T08:12:07Z</time>
      </trkpt>
      <trkpt lat="40.654284" lon="-0.089516">
        <ele>1024.6</ele>
        <time>2009-08-15T08:12:10Z</time>
      </trkpt>
      <trkpt lat="40.654284" lon="-0.089516">
        <ele>1024.6</ele>
        <time>2009-08-15T08:12:13Z</time>
      </trkpt>
      <trkpt lat="40.654284" lon="-0.089516">
        <ele>1024.6</ele>
        <time>2009-08-15T08:12:16Z</time>
      </trkpt>
      <trkpt lat="40.654284" lon="-0.089499">
        <ele>1024.5</ele>
        <time>2009-08-15T08:12:19Z</time>
      </trkpt>
      <trkpt lat="40.654284" lon="-0.089466">
        <ele>1024.4</ele>
        <time>2009-08-15T08:12:22Z</time>
      </trkpt>
      <trkpt lat="40.654300" lon="-0.089466">
        <ele>1023.9</ele>
        <time>2009-08-15T08:12:25Z</time>
      </trkpt>
      <trkpt lat="40.654284" lon="-0.089449">
        <ele>1024.4</ele>
        <time>2009-08-15T08:12:28Z</time>
      </trkpt>
      <trkpt lat="40.654300" lon="-0.089433">
        <ele>1023.7</ele>
        <time>2009-08-15T08:12:31Z</time>
      </trkpt>
      <trkpt lat="40.654300" lon="-0.089416">
        <ele>1023.7</ele>
        <time>2009-08-15T08:12:34Z</time>
      </trkpt>
      <trkpt lat="40.654284" lon="-0.089416">
        <ele>1024.2</ele>
        <time>2009-08-15T08:12:37Z</time>
      </trkpt>
      <trkpt lat="40.654284" lon="-0.089416">
        <ele>1024.2</ele>
        <time>2009-08-15T08:12:40Z</time>
      </trkpt>
      <trkpt lat="40.654284" lon="-0.089399">
        <ele>1024.2</ele>
        <time>2009-08-15T08:12:43Z</time>
      </trkpt>
      <trkpt lat="40.654284" lon="-0.089383">
        <ele>1024.1</ele>
        <time>2009-08-15T08:12:46Z</time>
      </trkpt>
      <trkpt lat="40.654284" lon="-0.089383">
        <ele>1024.1</ele>
        <time>2009-08-15T08:12:49Z</time>
      </trkpt>
      <trkpt lat="40.654284" lon="-0.089366">
        <ele>1024.1</ele>
        <time>2009-08-15T08:12:52Z</time>
      </trkpt>
      <trkpt lat="40.654300" lon="-0.089300">
        <ele>1023.4</ele>
        <time>2009-08-15T08:12:55Z</time>
      </trkpt>
      <trkpt lat="40.654317" lon="-0.089216">
        <ele>1022.5</ele>
        <time>2009-08-15T08:12:58Z</time>
      </trkpt>
      <trkpt lat="40.654317" lon="-0.089133">
        <ele>1022.1</ele>
        <time>2009-08-15T08:13:01Z</time>
      </trkpt>
      <trkpt lat="40.654334" lon="-0.089083">
        <ele>1021.2</ele>
        <time>2009-08-15T08:13:04Z</time>
      </trkpt>
      <trkpt lat="40.654351" lon="-0.089033">
        <ele>1020.3</ele>
        <time>2009-08-15T08:13:07Z</time>
      </trkpt>
      <trkpt lat="40.654367" lon="-0.089000">
        <ele>1019.5</ele>
        <time>2009-08-15T08:13:10Z</time>
      </trkpt>
      <trkpt lat="40.654417" lon="-0.089000">
        <ele>1018.0</ele>
        <time>2009-08-15T08:13:13Z</time>
      </trkpt>
      <trkpt lat="40.654467" lon="-0.089066">
        <ele>1016.8</ele>
        <time>2009-08-15T08:13:16Z</time>
      </trkpt>
      <trkpt lat="40.654500" lon="-0.089100">
        <ele>1015.9</ele>
        <time>2009-08-15T08:13:19Z</time>
      </trkpt>
      <trkpt lat="40.654500" lon="-0.089100">
        <ele>1015.9</ele>
        <time>2009-08-15T08:13:22Z</time>
      </trkpt>
      <trkpt lat="40.654551" lon="-0.089149">
        <ele>1014.4</ele>
        <time>2009-08-15T08:13:25Z</time>
      </trkpt>
      <trkpt lat="40.654600" lon="-0.089166">
        <ele>1012.8</ele>
        <time>2009-08-15T08:13:28Z</time>
      </trkpt>
      <trkpt lat="40.654651" lon="-0.089166">
        <ele>1011.1</ele>
        <time>2009-08-15T08:13:31Z</time>
      </trkpt>
      <trkpt lat="40.654701" lon="-0.089149">
        <ele>1009.4</ele>
        <time>2009-08-15T08:13:34Z</time>
      </trkpt>
      <trkpt lat="40.654717" lon="-0.089133">
        <ele>1008.8</ele>
        <time>2009-08-15T08:13:37Z</time>
      </trkpt>
      <trkpt lat="40.654717" lon="-0.089133">
        <ele>1008.8</ele>
        <time>2009-08-15T08:13:40Z</time>
      </trkpt>
      <trkpt lat="40.654734" lon="-0.089133">
        <ele>1008.3</ele>
        <time>2009-08-15T08:13:43Z</time>
      </trkpt>
      <trkpt lat="40.654734" lon="-0.089133">
        <ele>1008.3</ele>
        <time>2009-08-15T08:13:46Z</time>
      </trkpt>
      <trkpt lat="40.654734" lon="-0.089133">
        <ele>1008.3</ele>
        <time>2009-08-15T08:13:49Z</time>
      </trkpt>
      <trkpt lat="40.654734" lon="-0.089133">
        <ele>1008.3</ele>
        <time>2009-08-15T08:13:52Z</time>
      </trkpt>
      <trkpt lat="40.654734" lon="-0.089133">
        <ele>1008.3</ele>
        <time>2009-08-15T08:13:55Z</time>
      </trkpt>
      <trkpt lat="40.654734" lon="-0.089133">
        <ele>1008.3</ele>
        <time>2009-08-15T08:13:58Z</time>
      </trkpt>
      <trkpt lat="40.654734" lon="-0.089133">
        <ele>1008.3</ele>
        <time>2009-08-15T08:14:01Z</time>
      </trkpt>
      <trkpt lat="40.654734" lon="-0.089133">
        <ele>1008.3</ele>
        <time>2009-08-15T08:14:04Z</time>
      </trkpt>
      <trkpt lat="40.654734" lon="-0.089133">
        <ele>1008.3</ele>
        <time>2009-08-15T08:14:07Z</time>
      </trkpt>
      <trkpt lat="40.654734" lon="-0.089133">
        <ele>1008.3</ele>
        <time>2009-08-15T08:14:10Z</time>
      </trkpt>
      <trkpt lat="40.654734" lon="-0.089133">
        <ele>1008.3</ele>
        <time>2009-08-15T08:14:13Z</time>
      </trkpt>
      <trkpt lat="40.654734" lon="-0.089133">
        <ele>1008.3</ele>
        <time>2009-08-15T08:14:16Z</time>
      </trkpt>
      <trkpt lat="40.654734" lon="-0.089133">
        <ele>1008.3</ele>
        <time>2009-08-15T08:14:19Z</time>
      </trkpt>
      <trkpt lat="40.654734" lon="-0.089133">
        <ele>1008.3</ele>
        <time>2009-08-15T08:14:22Z</time>
      </trkpt>
      <trkpt lat="40.654734" lon="-0.089133">
        <ele>1008.3</ele>
        <time>2009-08-15T08:14:25Z</time>
      </trkpt>
      <trkpt lat="40.654734" lon="-0.089133">
        <ele>1008.3</ele>
        <time>2009-08-15T08:14:28Z</time>
      </trkpt>
      <trkpt lat="40.654734" lon="-0.089133">
        <ele>1008.3</ele>
        <time>2009-08-15T08:14:31Z</time>
      </trkpt>
      <trkpt lat="40.654734" lon="-0.089133">
        <ele>1008.3</ele>
        <time>2009-08-15T08:14:34Z</time>
      </trkpt>
      <trkpt lat="40.654734" lon="-0.089133">
        <ele>1008.3</ele>
        <time>2009-08-15T08:14:37Z</time>
      </trkpt>
      <trkpt lat="40.654734" lon="-0.089133">
        <ele>1008.3</ele>
        <time>2009-08-15T08:14:40Z</time>
      </trkpt>
      <trkpt lat="40.654734" lon="-0.089133">
        <ele>1008.3</ele>
        <time>2009-08-15T08:14:43Z</time>
      </trkpt>
      <trkpt lat="40.654734" lon="-0.089133">
        <ele>1008.3</ele>
        <time>2009-08-15T08:14:46Z</time>
      </trkpt>
      <trkpt lat="40.654734" lon="-0.089133">
        <ele>1008.3</ele>
        <time>2009-08-15T08:14:49Z</time>
      </trkpt>
      <trkpt lat="40.654734" lon="-0.089133">
        <ele>1008.3</ele>
        <time>2009-08-15T08:14:52Z</time>
      </trkpt>
      <trkpt lat="40.654734" lon="-0.089133">
        <ele>1008.3</ele>
        <time>2009-08-15T08:14:55Z</time>
      </trkpt>
      <trkpt lat="40.654734" lon="-0.089133">
        <ele>1008.3</ele>
        <time>2009-08-15T08:14:58Z</time>
      </trkpt>
      <trkpt lat="40.654734" lon="-0.089133">
        <ele>1008.3</ele>
        <time>2009-08-15T08:15:01Z</time>
      </trkpt>
      <trkpt lat="40.654734" lon="-0.089133">
        <ele>1008.3</ele>
        <time>2009-08-15T08:15:04Z</time>
      </trkpt>
      <trkpt lat="40.654734" lon="-0.089133">
        <ele>1008.3</ele>
        <time>2009-08-15T08:15:07Z</time>
      </trkpt>
      <trkpt lat="40.654734" lon="-0.089133">
        <ele>1008.3</ele>
        <time>2009-08-15T08:15:10Z</time>
      </trkpt>
      <trkpt lat="40.654734" lon="-0.089133">
        <ele>1008.3</ele>
        <time>2009-08-15T08:15:13Z</time>
      </trkpt>
      <trkpt lat="40.654734" lon="-0.089133">
        <ele>1008.3</ele>
        <time>2009-08-15T08:15:16Z</time>
      </trkpt>
      <trkpt lat="40.654734" lon="-0.089133">
        <ele>1008.3</ele>
        <time>2009-08-15T08:15:19Z</time>
      </trkpt>
      <trkpt lat="40.654734" lon="-0.089133">
        <ele>1008.3</ele>
        <time>2009-08-15T08:15:22Z</time>
      </trkpt>
      <trkpt lat="40.654734" lon="-0.089133">
        <ele>1008.3</ele>
        <time>2009-08-15T08:15:25Z</time>
      </trkpt>
      <trkpt lat="40.654734" lon="-0.089133">
        <ele>1008.3</ele>
        <time>2009-08-15T08:15:28Z</time>
      </trkpt>
      <trkpt lat="40.654734" lon="-0.089133">
        <ele>1008.3</ele>
        <time>2009-08-15T08:15:31Z</time>
      </trkpt>
      <trkpt lat="40.654734" lon="-0.089133">
        <ele>1008.3</ele>
        <time>2009-08-15T08:15:34Z</time>
      </trkpt>
      <trkpt lat="40.654734" lon="-0.089133">
        <ele>1008.3</ele>
        <time>2009-08-15T08:15:37Z</time>
      </trkpt>
      <trkpt lat="40.654734" lon="-0.089133">
        <ele>1008.3</ele>
        <time>2009-08-15T08:15:40Z</time>
      </trkpt>
      <trkpt lat="40.654734" lon="-0.089133">
        <ele>1008.3</ele>
        <time>2009-08-15T08:15:43Z</time>
      </trkpt>
      <trkpt lat="40.654784" lon="-0.089083">
        <ele>1006.8</ele>
        <time>2009-08-15T08:15:46Z</time>
      </trkpt>
      <trkpt lat="40.654850" lon="-0.089083">
        <ele>1005.8</ele>
        <time>2009-08-15T08:15:49Z</time>
      </trkpt>
      <trkpt lat="40.654917" lon="-0.089100">
        <ele>1004.8</ele>
        <time>2009-08-15T08:15:52Z</time>
      </trkpt>
      <trkpt lat="40.654967" lon="-0.089133">
        <ele>1003.6</ele>
        <time>2009-08-15T08:15:55Z</time>
      </trkpt>
      <trkpt lat="40.654984" lon="-0.089166">
        <ele>1003.5</ele>
        <time>2009-08-15T08:15:58Z</time>
      </trkpt>
      <trkpt lat="40.654984" lon="-0.089216">
        <ele>1003.6</ele>
        <time>2009-08-15T08:16:01Z</time>
      </trkpt>
      <trkpt lat="40.654984" lon="-0.089249">
        <ele>1003.7</ele>
        <time>2009-08-15T08:16:04Z</time>
      </trkpt>
      <trkpt lat="40.655001" lon="-0.089300">
        <ele>1004.2</ele>
        <time>2009-08-15T08:16:07Z</time>
      </trkpt>
      <trkpt lat="40.655001" lon="-0.089333">
        <ele>1004.4</ele>
        <time>2009-08-15T08:16:10Z</time>
      </trkpt>
      <trkpt lat="40.655001" lon="-0.089333">
        <ele>1004.4</ele>
        <time>2009-08-15T08:16:13Z</time>
      </trkpt>
      <trkpt lat="40.655001" lon="-0.089333">
        <ele>1004.4</ele>
        <time>2009-08-15T08:16:16Z</time>
      </trkpt>
      <trkpt lat="40.655001" lon="-0.089333">
        <ele>1004.4</ele>
        <time>2009-08-15T08:16:19Z</time>
      </trkpt>
      <trkpt lat="40.655017" lon="-0.089333">
        <ele>1005.2</ele>
        <time>2009-08-15T08:16:22Z</time>
      </trkpt>
      <trkpt lat="40.655017" lon="-0.089349">
        <ele>1005.3</ele>
        <time>2009-08-15T08:16:25Z</time>
      </trkpt>
      <trkpt lat="40.655017" lon="-0.089366">
        <ele>1005.5</ele>
        <time>2009-08-15T08:16:28Z</time>
      </trkpt>
      <trkpt lat="40.655017" lon="-0.089366">
        <ele>1005.5</ele>
        <time>2009-08-15T08:16:31Z</time>
      </trkpt>
      <trkpt lat="40.655017" lon="-0.089366">
        <ele>1005.5</ele>
        <time>2009-08-15T08:16:34Z</time>
      </trkpt>
      <trkpt lat="40.655017" lon="-0.089383">
        <ele>1005.7</ele>
        <time>2009-08-15T08:16:37Z</time>
      </trkpt>
      <trkpt lat="40.655017" lon="-0.089433">
        <ele>1007.0</ele>
        <time>2009-08-15T08:16:40Z</time>
      </trkpt>
      <trkpt lat="40.655017" lon="-0.089483">
        <ele>1008.4</ele>
        <time>2009-08-15T08:16:43Z</time>
      </trkpt>
      <trkpt lat="40.655001" lon="-0.089533">
        <ele>1008.0</ele>
        <time>2009-08-15T08:16:46Z</time>
      </trkpt>
      <trkpt lat="40.655001" lon="-0.089583">
        <ele>1008.6</ele>
        <time>2009-08-15T08:16:49Z</time>
      </trkpt>
      <trkpt lat="40.655001" lon="-0.089650">
        <ele>1008.5</ele>
        <time>2009-08-15T08:16:52Z</time>
      </trkpt>
      <trkpt lat="40.655017" lon="-0.089666">
        <ele>1009.3</ele>
        <time>2009-08-15T08:16:55Z</time>
      </trkpt>
      <trkpt lat="40.655050" lon="-0.089699">
        <ele>1010.6</ele>
        <time>2009-08-15T08:16:58Z</time>
      </trkpt>
      <trkpt lat="40.655050" lon="-0.089699">
        <ele>1010.6</ele>
        <time>2009-08-15T08:17:01Z</time>
      </trkpt>
      <trkpt lat="40.655050" lon="-0.089699">
        <ele>1010.6</ele>
        <time>2009-08-15T08:17:04Z</time>
      </trkpt>
      <trkpt lat="40.655050" lon="-0.089699">
        <ele>1010.6</ele>
        <time>2009-08-15T08:17:07Z</time>
      </trkpt>
      <trkpt lat="40.655050" lon="-0.089699">
        <ele>1010.6</ele>
        <time>2009-08-15T08:17:10Z</time>
      </trkpt>
      <trkpt lat="40.655050" lon="-0.089699">
        <ele>1010.6</ele>
        <time>2009-08-15T08:17:13Z</time>
      </trkpt>
      <trkpt lat="40.655050" lon="-0.089716">
        <ele>1010.5</ele>
        <time>2009-08-15T08:17:16Z</time>
      </trkpt>
      <trkpt lat="40.655050" lon="-0.089733">
        <ele>1010.5</ele>
        <time>2009-08-15T08:17:19Z</time>
      </trkpt>
      <trkpt lat="40.655050" lon="-0.089750">
        <ele>1010.6</ele>
        <time>2009-08-15T08:17:22Z</time>
      </trkpt>
      <trkpt lat="40.655050" lon="-0.089766">
        <ele>1010.8</ele>
        <time>2009-08-15T08:17:25Z</time>
      </trkpt>
      <trkpt lat="40.655067" lon="-0.089783">
        <ele>1011.7</ele>
        <time>2009-08-15T08:17:28Z</time>
      </trkpt>
      <trkpt lat="40.655067" lon="-0.089799">
        <ele>1011.9</ele>
        <time>2009-08-15T08:17:31Z</time>
      </trkpt>
      <trkpt lat="40.655050" lon="-0.089816">
        <ele>1011.2</ele>
        <time>2009-08-15T08:17:34Z</time>
      </trkpt>
      <trkpt lat="40.655067" lon="-0.089833">
        <ele>1012.3</ele>
        <time>2009-08-15T08:17:37Z</time>
      </trkpt>
      <trkpt lat="40.655067" lon="-0.089866">
        <ele>1012.7</ele>
        <time>2009-08-15T08:17:40Z</time>
      </trkpt>
      <trkpt lat="40.655050" lon="-0.089899">
        <ele>1012.1</ele>
        <time>2009-08-15T08:17:43Z</time>
      </trkpt>
      <trkpt lat="40.655050" lon="-0.089916">
        <ele>1012.2</ele>
        <time>2009-08-15T08:17:46Z</time>
      </trkpt>
      <trkpt lat="40.655034" lon="-0.089949">
        <ele>1011.4</ele>
        <time>2009-08-15T08:17:49Z</time>
      </trkpt>
      <trkpt lat="40.655034" lon="-0.089983">
        <ele>1011.3</ele>
        <time>2009-08-15T08:17:52Z</time>
      </trkpt>
      <trkpt lat="40.655034" lon="-0.089983">
        <ele>1011.3</ele>
        <time>2009-08-15T08:17:55Z</time>
      </trkpt>
      <trkpt lat="40.655034" lon="-0.089983">
        <ele>1011.3</ele>
        <time>2009-08-15T08:17:58Z</time>
      </trkpt>
      <trkpt lat="40.655050" lon="-0.090016">
        <ele>1012.0</ele>
        <time>2009-08-15T08:18:01Z</time>
      </trkpt>
      <trkpt lat="40.655067" lon="-0.090049">
        <ele>1012.5</ele>
        <time>2009-08-15T08:18:04Z</time>
      </trkpt>
      <trkpt lat="40.655084" lon="-0.090083">
        <ele>1012.7</ele>
        <time>2009-08-15T08:18:07Z</time>
      </trkpt>
      <trkpt lat="40.655084" lon="-0.090116">
        <ele>1012.2</ele>
        <time>2009-08-15T08:18:10Z</time>
      </trkpt>
      <trkpt lat="40.655100" lon="-0.090116">
        <ele>1012.7</ele>
        <time>2009-08-15T08:18:13Z</time>
      </trkpt>
      <trkpt lat="40.655100" lon="-0.090116">
        <ele>1012.7</ele>
        <time>2009-08-15T08:18:16Z</time>
      </trkpt>
      <trkpt lat="40.655117" lon="-0.090133">
        <ele>1013.0</ele>
        <time>2009-08-15T08:18:19Z</time>
      </trkpt>
      <trkpt lat="40.655150" lon="-0.090149">
        <ele>1013.9</ele>
        <time>2009-08-15T08:18:22Z</time>
      </trkpt>
      <trkpt lat="40.655184" lon="-0.090183">
        <ele>1014.8</ele>
        <time>2009-08-15T08:18:25Z</time>
      </trkpt>
      <trkpt lat="40.655200" lon="-0.090200">
        <ele>1015.3</ele>
        <time>2009-08-15T08:18:28Z</time>
      </trkpt>
      <trkpt lat="40.655217" lon="-0.090216">
        <ele>1015.8</ele>
        <time>2009-08-15T08:18:31Z</time>
      </trkpt>
      <trkpt lat="40.655217" lon="-0.090200">
        <ele>1016.0</ele>
        <time>2009-08-15T08:18:34Z</time>
      </trkpt>
      <trkpt lat="40.655217" lon="-0.090200">
        <ele>1016.0</ele>
        <time>2009-08-15T08:18:37Z</time>
      </trkpt>
      <trkpt lat="40.655217" lon="-0.090200">
        <ele>1016.0</ele>
        <time>2009-08-15T08:18:40Z</time>
      </trkpt>
      <trkpt lat="40.655217" lon="-0.090200">
        <ele>1016.0</ele>
        <time>2009-08-15T08:18:43Z</time>
      </trkpt>
      <trkpt lat="40.655217" lon="-0.090200">
        <ele>1016.0</ele>
        <time>2009-08-15T08:18:46Z</time>
      </trkpt>
      <trkpt lat="40.655217" lon="-0.090200">
        <ele>1016.0</ele>
        <time>2009-08-15T08:18:49Z</time>
      </trkpt>
      <trkpt lat="40.655217" lon="-0.090200">
        <ele>1016.0</ele>
        <time>2009-08-15T08:18:52Z</time>
      </trkpt>
      <trkpt lat="40.655217" lon="-0.090200">
        <ele>1016.0</ele>
        <time>2009-08-15T08:18:55Z</time>
      </trkpt>
      <trkpt lat="40.655217" lon="-0.090200">
        <ele>1016.0</ele>
        <time>2009-08-15T08:18:58Z</time>
      </trkpt>
      <trkpt lat="40.655217" lon="-0.090200">
        <ele>1016.0</ele>
        <time>2009-08-15T08:19:01Z</time>
      </trkpt>
      <trkpt lat="40.655217" lon="-0.090200">
        <ele>1016.0</ele>
        <time>2009-08-15T08:19:04Z</time>
      </trkpt>
      <trkpt lat="40.655217" lon="-0.090200">
        <ele>1016.0</ele>
        <time>2009-08-15T08:19:07Z</time>
      </trkpt>
      <trkpt lat="40.655217" lon="-0.090200">
        <ele>1016.0</ele>
        <time>2009-08-15T08:19:10Z</time>
      </trkpt>
      <trkpt lat="40.655217" lon="-0.090200">
        <ele>1016.0</ele>
        <time>2009-08-15T08:19:13Z</time>
      </trkpt>
      <trkpt lat="40.655234" lon="-0.090200">
        <ele>1016.7</ele>
        <time>2009-08-15T08:19:16Z</time>
      </trkpt>
      <trkpt lat="40.655234" lon="-0.090200">
        <ele>1016.7</ele>
        <time>2009-08-15T08:19:19Z</time>
      </trkpt>
      <trkpt lat="40.655234" lon="-0.090200">
        <ele>1016.7</ele>
        <time>2009-08-15T08:19:22Z</time>
      </trkpt>
      <trkpt lat="40.655234" lon="-0.090200">
        <ele>1016.7</ele>
        <time>2009-08-15T08:19:25Z</time>
      </trkpt>
      <trkpt lat="40.655234" lon="-0.090200">
        <ele>1016.7</ele>
        <time>2009-08-15T08:19:28Z</time>
      </trkpt>
      <trkpt lat="40.655251" lon="-0.090200">
        <ele>1017.4</ele>
        <time>2009-08-15T08:19:31Z</time>
      </trkpt>
      <trkpt lat="40.655251" lon="-0.090200">
        <ele>1017.4</ele>
        <time>2009-08-15T08:19:34Z</time>
      </trkpt>
      <trkpt lat="40.655251" lon="-0.090200">
        <ele>1017.4</ele>
        <time>2009-08-15T08:19:37Z</time>
      </trkpt>
      <trkpt lat="40.655251" lon="-0.090200">
        <ele>1017.4</ele>
        <time>2009-08-15T08:19:40Z</time>
      </trkpt>
      <trkpt lat="40.655251" lon="-0.090200">
        <ele>1017.4</ele>
        <time>2009-08-15T08:19:43Z</time>
      </trkpt>
      <trkpt lat="40.655251" lon="-0.090200">
        <ele>1017.4</ele>
        <time>2009-08-15T08:19:46Z</time>
      </trkpt>
      <trkpt lat="40.655267" lon="-0.090216">
        <ele>1017.7</ele>
        <time>2009-08-15T08:19:49Z</time>
      </trkpt>
      <trkpt lat="40.655300" lon="-0.090200">
        <ele>1019.0</ele>
        <time>2009-08-15T08:19:52Z</time>
      </trkpt>
      <trkpt lat="40.655300" lon="-0.090200">
        <ele>1019.0</ele>
        <time>2009-08-15T08:19:55Z</time>
      </trkpt>
      <trkpt lat="40.655317" lon="-0.090200">
        <ele>1019.3</ele>
        <time>2009-08-15T08:19:58Z</time>
      </trkpt>
      <trkpt lat="40.655317" lon="-0.090200">
        <ele>1019.3</ele>
        <time>2009-08-15T08:20:01Z</time>
      </trkpt>
      <trkpt lat="40.655317" lon="-0.090200">
        <ele>1019.3</ele>
        <time>2009-08-15T08:20:04Z</time>
      </trkpt>
      <trkpt lat="40.655317" lon="-0.090200">
        <ele>1019.3</ele>
        <time>2009-08-15T08:20:07Z</time>
      </trkpt>
      <trkpt lat="40.655334" lon="-0.090200">
        <ele>1019.5</ele>
        <time>2009-08-15T08:20:10Z</time>
      </trkpt>
      <trkpt lat="40.655367" lon="-0.090233">
        <ele>1019.5</ele>
        <time>2009-08-15T08:20:13Z</time>
      </trkpt>
      <trkpt lat="40.655417" lon="-0.090249">
        <ele>1019.6</ele>
        <time>2009-08-15T08:20:16Z</time>
      </trkpt>
      <trkpt lat="40.655500" lon="-0.090266">
        <ele>1020.8</ele>
        <time>2009-08-15T08:20:19Z</time>
      </trkpt>
      <trkpt lat="40.655551" lon="-0.090249">
        <ele>1022.0</ele>
        <time>2009-08-15T08:20:22Z</time>
      </trkpt>
      <trkpt lat="40.655551" lon="-0.090200">
        <ele>1022.0</ele>
        <time>2009-08-15T08:20:25Z</time>
      </trkpt>
      <trkpt lat="40.655551" lon="-0.090149">
        <ele>1022.2</ele>
        <time>2009-08-15T08:20:28Z</time>
      </trkpt>
      <trkpt lat="40.655551" lon="-0.090116">
        <ele>1022.4</ele>
        <time>2009-08-15T08:20:31Z</time>
      </trkpt>
      <trkpt lat="40.655551" lon="-0.090100">
        <ele>1022.6</ele>
        <time>2009-08-15T08:20:34Z</time>
      </trkpt>
      <trkpt lat="40.655551" lon="-0.090100">
        <ele>1022.6</ele>
        <time>2009-08-15T08:20:37Z</time>
      </trkpt>
      <trkpt lat="40.655551" lon="-0.090100">
        <ele>1022.6</ele>
        <time>2009-08-15T08:20:40Z</time>
      </trkpt>
      <trkpt lat="40.655551" lon="-0.090100">
        <ele>1022.6</ele>
        <time>2009-08-15T08:20:43Z</time>
      </trkpt>
      <trkpt lat="40.655551" lon="-0.090100">
        <ele>1022.6</ele>
        <time>2009-08-15T08:20:46Z</time>
      </trkpt>
      <trkpt lat="40.655551" lon="-0.090100">
        <ele>1022.6</ele>
        <time>2009-08-15T08:20:49Z</time>
      </trkpt>
      <trkpt lat="40.655551" lon="-0.090100">
        <ele>1022.6</ele>
        <time>2009-08-15T08:20:52Z</time>
      </trkpt>
      <trkpt lat="40.655551" lon="-0.090100">
        <ele>1022.6</ele>
        <time>2009-08-15T08:20:55Z</time>
      </trkpt>
      <trkpt lat="40.655551" lon="-0.090100">
        <ele>1022.6</ele>
        <time>2009-08-15T08:20:58Z</time>
      </trkpt>
      <trkpt lat="40.655551" lon="-0.090100">
        <ele>1022.6</ele>
        <time>2009-08-15T08:21:01Z</time>
      </trkpt>
      <trkpt lat="40.655551" lon="-0.090100">
        <ele>1022.6</ele>
        <time>2009-08-15T08:21:04Z</time>
      </trkpt>
      <trkpt lat="40.655551" lon="-0.090100">
        <ele>1022.6</ele>
        <time>2009-08-15T08:21:07Z</time>
      </trkpt>
      <trkpt lat="40.655551" lon="-0.090100">
        <ele>1022.6</ele>
        <time>2009-08-15T08:21:10Z</time>
      </trkpt>
      <trkpt lat="40.655567" lon="-0.090100">
        <ele>1022.8</ele>
        <time>2009-08-15T08:21:13Z</time>
      </trkpt>
      <trkpt lat="40.655567" lon="-0.090100">
        <ele>1022.8</ele>
        <time>2009-08-15T08:21:16Z</time>
      </trkpt>
      <trkpt lat="40.655567" lon="-0.090100">
        <ele>1022.8</ele>
        <time>2009-08-15T08:21:19Z</time>
      </trkpt>
      <trkpt lat="40.655567" lon="-0.090100">
        <ele>1022.8</ele>
        <time>2009-08-15T08:21:22Z</time>
      </trkpt>
      <trkpt lat="40.655567" lon="-0.090100">
        <ele>1022.8</ele>
        <time>2009-08-15T08:21:25Z</time>
      </trkpt>
      <trkpt lat="40.655567" lon="-0.090100">
        <ele>1022.8</ele>
        <time>2009-08-15T08:21:28Z</time>
      </trkpt>
      <trkpt lat="40.655567" lon="-0.090100">
        <ele>1022.8</ele>
        <time>2009-08-15T08:21:31Z</time>
      </trkpt>
      <trkpt lat="40.655567" lon="-0.090100">
        <ele>1022.8</ele>
        <time>2009-08-15T08:21:34Z</time>
      </trkpt>
      <trkpt lat="40.655567" lon="-0.090100">
        <ele>1022.8</ele>
        <time>2009-08-15T08:21:37Z</time>
      </trkpt>
      <trkpt lat="40.655567" lon="-0.090100">
        <ele>1022.8</ele>
        <time>2009-08-15T08:21:40Z</time>
      </trkpt>
      <trkpt lat="40.655567" lon="-0.090100">
        <ele>1022.8</ele>
        <time>2009-08-15T08:21:43Z</time>
      </trkpt>
      <trkpt lat="40.655567" lon="-0.090100">
        <ele>1022.8</ele>
        <time>2009-08-15T08:21:46Z</time>
      </trkpt>
      <trkpt lat="40.655567" lon="-0.090100">
        <ele>1022.8</ele>
        <time>2009-08-15T08:21:49Z</time>
      </trkpt>
      <trkpt lat="40.655567" lon="-0.090100">
        <ele>1022.8</ele>
        <time>2009-08-15T08:21:52Z</time>
      </trkpt>
      <trkpt lat="40.655567" lon="-0.090100">
        <ele>1022.8</ele>
        <time>2009-08-15T08:21:55Z</time>
      </trkpt>
      <trkpt lat="40.655567" lon="-0.090100">
        <ele>1022.8</ele>
        <time>2009-08-15T08:21:58Z</time>
      </trkpt>
      <trkpt lat="40.655567" lon="-0.090100">
        <ele>1022.8</ele>
        <time>2009-08-15T08:22:01Z</time>
      </trkpt>
      <trkpt lat="40.655567" lon="-0.090100">
        <ele>1022.8</ele>
        <time>2009-08-15T08:22:04Z</time>
      </trkpt>
      <trkpt lat="40.655567" lon="-0.090100">
        <ele>1022.8</ele>
        <time>2009-08-15T08:22:07Z</time>
      </trkpt>
      <trkpt lat="40.655567" lon="-0.090100">
        <ele>1022.8</ele>
        <time>2009-08-15T08:22:10Z</time>
      </trkpt>
      <trkpt lat="40.655567" lon="-0.090100">
        <ele>1022.8</ele>
        <time>2009-08-15T08:22:13Z</time>
      </trkpt>
      <trkpt lat="40.655567" lon="-0.090100">
        <ele>1022.8</ele>
        <time>2009-08-15T08:22:16Z</time>
      </trkpt>
      <trkpt lat="40.655567" lon="-0.090100">
        <ele>1022.8</ele>
        <time>2009-08-15T08:22:19Z</time>
      </trkpt>
      <trkpt lat="40.655567" lon="-0.090100">
        <ele>1022.8</ele>
        <time>2009-08-15T08:22:22Z</time>
      </trkpt>
      <trkpt lat="40.655567" lon="-0.090100">
        <ele>1022.8</ele>
        <time>2009-08-15T08:22:25Z</time>
      </trkpt>
      <trkpt lat="40.655567" lon="-0.090100">
        <ele>1022.8</ele>
        <time>2009-08-15T08:22:28Z</time>
      </trkpt>
      <trkpt lat="40.655577" lon="-0.090090">
        <ele>1023.0</ele>
        <time>2009-07-25T16:59:52Z</time>
      </trkpt>
      <trkpt lat="40.655572" lon="-0.090072">
        <ele>1023.0</ele>
        <time>2009-07-01T02:54:18Z</time>
      </trkpt>
      <trkpt lat="40.655546" lon="-0.089987">
        <ele>1023.9</ele>
        <time>2009-02-07T23:36:51Z</time>
      </trkpt>
      <trkpt lat="40.655530" lon="-0.089946">
        <ele>1024.5</ele>
        <time>2008-11-23T02:12:03Z</time>
      </trkpt>
      <trkpt lat="40.655506" lon="-0.089898">
        <ele>1025.1</ele>
        <time>2008-08-20T21:16:08Z</time>
      </trkpt>
      <trkpt lat="40.655471" lon="-0.089847">
        <ele>1025.6</ele>
        <time>2008-04-30T15:14:41Z</time>
      </trkpt>
      <trkpt lat="40.655438" lon="-0.089814">
        <ele>1025.8</ele>
        <time>2008-01-30T05:14:51Z</time>
      </trkpt>
    </trkseg>
    <trkseg>
      <trkpt lat="40.655435" lon="-0.089812">
        <ele>1025.8</ele>
        <time>2007-11-20T13:24:03Z</time>
      </trkpt>
      <trkpt lat="40.655334" lon="-0.089716">
        <ele>1025.7</ele>
        <time>2007-11-19T13:40:03Z</time>
      </trkpt>
      <trkpt lat="40.655300" lon="-0.089416">
        <ele>1026.8</ele>
        <time>2007-11-20T13:24:03Z</time>
      </trkpt>
      <trkpt lat="40.655284" lon="-0.089300">
        <ele>1027.0</ele>
        <time>2007-11-20T13:24:03Z</time>
      </trkpt>
      <trkpt lat="40.655284" lon="-0.089183">
        <ele>1028.6</ele>
        <time>2007-11-20T13:24:03Z</time>
      </trkpt>
      <trkpt lat="40.655267" lon="-0.088933">
        <ele>1029.2</ele>
        <time>2007-11-20T13:24:03Z</time>
      </trkpt>
      <trkpt lat="40.655284" lon="-0.088850">
        <ele>1029.2</ele>
        <time>2007-11-20T13:24:03Z</time>
      </trkpt>
      <trkpt lat="40.655300" lon="-0.088783">
        <ele>1029.1</ele>
        <time>2007-11-20T13:24:03Z</time>
      </trkpt>
      <trkpt lat="40.655351" lon="-0.088683">
        <ele>1031.6</ele>
        <time>2007-11-20T13:24:03Z</time>
      </trkpt>
      <trkpt lat="40.655317" lon="-0.088633">
        <ele>1030.4</ele>
        <time>2007-11-20T13:24:03Z</time>
      </trkpt>
      <trkpt lat="40.655300" lon="-0.088566">
        <ele>1030.5</ele>
        <time>2007-11-20T13:24:03Z</time>
      </trkpt>
      <trkpt lat="40.655267" lon="-0.088533">
        <ele>1029.8</ele>
        <time>2007-11-20T13:24:03Z</time>
      </trkpt>
      <trkpt lat="40.655234" lon="-0.088450">
        <ele>1030.3</ele>
        <time>2007-11-20T13:24:03Z</time>
      </trkpt>
      <trkpt lat="40.655184" lon="-0.088400">
        <ele>1030.4</ele>
        <time>2007-11-20T13:24:03Z</time>
      </trkpt>
      <trkpt lat="40.655084" lon="-0.088333">
        <ele>1029.8</ele>
        <time>2007-11-20T13:24:03Z</time>
      </trkpt>
      <trkpt lat="40.655017" lon="-0.088249">
        <ele>1030.5</ele>
        <time>2007-11-20T13:24:03Z</time>
      </trkpt>
      <trkpt lat="40.654950" lon="-0.088100">
        <ele>1031.1</ele>
        <time>2007-11-20T13:24:03Z</time>
      </trkpt>
      <trkpt lat="40.654917" lon="-0.087983">
        <ele>1030.9</ele>
        <time>2007-11-20T13:24:03Z</time>
      </trkpt>
      <trkpt lat="40.654934" lon="-0.087850">
        <ele>1031.0</ele>
        <time>2007-11-20T13:24:03Z</time>
      </trkpt>
      <trkpt lat="40.654968" lon="-0.087700">
        <ele>1030.8</ele>
        <time>2007-11-20T13:24:03Z</time>
      </trkpt>
      <trkpt lat="40.654984" lon="-0.087633">
        <ele>1030.9</ele>
        <time>2007-11-20T13:24:03Z</time>
      </trkpt>
      <trkpt lat="40.655001" lon="-0.087566">
        <ele>1031.1</ele>
        <time>2007-11-20T13:24:03Z</time>
      </trkpt>
      <trkpt lat="40.655034" lon="-0.087466">
        <ele>1031.8</ele>
        <time>2007-11-20T13:24:03Z</time>
      </trkpt>
      <trkpt lat="40.655068" lon="-0.087283">
        <ele>1033.4</ele>
        <time>2007-11-20T13:24:03Z</time>
      </trkpt>
      <trkpt lat="40.655100" lon="-0.087149">
        <ele>1034.4</ele>
        <time>2007-11-20T13:24:03Z</time>
      </trkpt>
      <trkpt lat="40.655100" lon="-0.087016">
        <ele>1035.0</ele>
        <time>2007-11-20T13:24:03Z</time>
      </trkpt>
      <trkpt lat="40.655100" lon="-0.086916">
        <ele>1035.1</ele>
        <time>2007-11-20T13:24:03Z</time>
      </trkpt>
      <trkpt lat="40.655100" lon="-0.086750">
        <ele>1034.9</ele>
        <time>2007-11-20T13:24:03Z</time>
      </trkpt>
      <trkpt lat="40.655117" lon="-0.086616">
        <ele>1036.1</ele>
        <time>2007-11-20T13:24:03Z</time>
      </trkpt>
      <trkpt lat="40.655068" lon="-0.086400">
        <ele>1034.7</ele>
        <time>2007-11-20T13:24:03Z</time>
      </trkpt>
      <trkpt lat="40.655034" lon="-0.086316">
        <ele>1033.3</ele>
        <time>2007-11-20T13:24:03Z</time>
      </trkpt>
      <trkpt lat="40.655017" lon="-0.086100">
        <ele>1031.0</ele>
        <time>2007-11-20T13:24:03Z</time>
      </trkpt>
      <trkpt lat="40.655017" lon="-0.085983">
        <ele>1030.5</ele>
        <time>2007-11-20T13:24:03Z</time>
      </trkpt>
      <trkpt lat="40.655017" lon="-0.085900">
        <ele>1030.2</ele>
        <time>2007-11-20T13:24:03Z</time>
      </trkpt>
      <trkpt lat="40.654984" lon="-0.085800">
        <ele>1029.3</ele>
        <time>2007-11-20T13:24:03Z</time>
      </trkpt>
      <trkpt lat="40.654968" lon="-0.085750">
        <ele>1029.2</ele>
        <time>2007-11-20T13:24:03Z</time>
      </trkpt>
      <trkpt lat="40.654934" lon="-0.085699">
        <ele>1029.9</ele>
        <time>2007-11-20T13:24:03Z</time>
      </trkpt>
      <trkpt lat="40.654901" lon="-0.085716">
        <ele>1030.1</ele>
        <time>2007-11-20T13:24:03Z</time>
      </trkpt>
      <trkpt lat="40.654834" lon="-0.085750">
        <ele>1030.5</ele>
        <time>2007-11-20T13:24:03Z</time>
      </trkpt>
      <trkpt lat="40.654767" lon="-0.085883">
        <ele>1030.8</ele>
        <time>2007-11-20T13:24:03Z</time>
      </trkpt>
      <trkpt lat="40.654701" lon="-0.086033">
        <ele>1030.6</ele>
        <time>2007-11-20T13:24:03Z</time>
      </trkpt>
      <trkpt lat="40.654634" lon="-0.086100">
        <ele>1031.3</ele>
        <time>2007-11-20T13:24:03Z</time>
      </trkpt>
      <trkpt lat="40.654534" lon="-0.086249">
        <ele>1031.9</ele>
        <time>2007-11-20T13:24:03Z</time>
      </trkpt>
      <trkpt lat="40.654384" lon="-0.086416">
        <ele>1033.0</ele>
        <time>2007-11-20T13:24:03Z</time>
      </trkpt>
      <trkpt lat="40.654351" lon="-0.086483">
        <ele>1033.3</ele>
        <time>2007-11-20T13:24:03Z</time>
      </trkpt>
      <trkpt lat="40.654300" lon="-0.086566">
        <ele>1033.6</ele>
        <time>2007-11-20T13:24:03Z</time>
      </trkpt>
      <trkpt lat="40.654234" lon="-0.086616">
        <ele>1034.2</ele>
        <time>2007-11-20T13:24:03Z</time>
      </trkpt>
      <trkpt lat="40.654184" lon="-0.086633">
        <ele>1034.6</ele>
        <time>2007-11-20T13:24:03Z</time>
      </trkpt>
      <trkpt lat="40.654151" lon="-0.086633">
        <ele>1034.9</ele>
        <time>2007-11-20T13:24:03Z</time>
      </trkpt>
      <trkpt lat="40.654117" lon="-0.086633">
        <ele>1035.1</ele>
        <time>2007-11-20T13:24:03Z</time>
      </trkpt>
      <trkpt lat="40.654084" lon="-0.086616">
        <ele>1035.3</ele>
        <time>2007-11-20T13:24:03Z</time>
      </trkpt>
      <trkpt lat="40.654067" lon="-0.086533">
        <ele>1035.9</ele>
        <time>2007-11-20T13:24:03Z</time>
      </trkpt>
      <trkpt lat="40.654067" lon="-0.086416">
        <ele>1037.5</ele>
        <time>2007-11-20T13:24:03Z</time>
      </trkpt>
      <trkpt lat="40.654167" lon="-0.086300">
        <ele>1039.7</ele>
        <time>2007-11-20T13:24:03Z</time>
      </trkpt>
      <trkpt lat="40.654217" lon="-0.086216">
        <ele>1041.1</ele>
        <time>2007-11-20T13:24:03Z</time>
      </trkpt>
      <trkpt lat="40.654284" lon="-0.086016">
        <ele>1043.9</ele>
        <time>2007-11-20T13:24:03Z</time>
      </trkpt>
      <trkpt lat="40.654317" lon="-0.085783">
        <ele>1046.4</ele>
        <time>2007-11-20T13:24:03Z</time>
      </trkpt>
      <trkpt lat="40.654367" lon="-0.085699">
        <ele>1046.9</ele>
        <time>2007-11-20T13:24:03Z</time>
      </trkpt>
      <trkpt lat="40.654467" lon="-0.085383">
        <ele>1048.4</ele>
        <time>2007-11-20T13:24:03Z</time>
      </trkpt>
      <trkpt lat="40.654501" lon="-0.085166">
        <ele>1049.3</ele>
        <time>2007-11-20T13:24:03Z</time>
      </trkpt>
      <trkpt lat="40.654518" lon="-0.084950">
        <ele>1050.1</ele>
        <time>2007-11-20T13:24:03Z</time>
      </trkpt>
      <trkpt lat="40.654501" lon="-0.084816">
        <ele>1050.7</ele>
        <time>2007-11-20T13:24:03Z</time>
      </trkpt>
      <trkpt lat="40.654451" lon="-0.084650">
        <ele>1052.3</ele>
        <time>2007-11-20T13:24:03Z</time>
      </trkpt>
      <trkpt lat="40.654400" lon="-0.084500">
        <ele>1054.3</ele>
        <time>2007-11-20T13:24:03Z</time>
      </trkpt>
      <trkpt lat="40.654334" lon="-0.084433">
        <ele>1055.5</ele>
        <time>2007-11-20T13:24:03Z</time>
      </trkpt>
      <trkpt lat="40.654267" lon="-0.084366">
        <ele>1056.7</ele>
        <time>2007-11-20T13:24:03Z</time>
      </trkpt>
      <trkpt lat="40.654201" lon="-0.084333">
        <ele>1057.8</ele>
        <time>2007-11-20T13:24:03Z</time>
      </trkpt>
      <trkpt lat="40.654117" lon="-0.084333">
        <ele>1058.7</ele>
        <time>2007-11-20T13:24:03Z</time>
      </trkpt>
      <trkpt lat="40.654034" lon="-0.084366">
        <ele>1059.4</ele>
        <time>2007-11-20T13:24:03Z</time>
      </trkpt>
      <trkpt lat="40.653984" lon="-0.084416">
        <ele>1060.0</ele>
        <time>2007-11-20T13:24:03Z</time>
      </trkpt>
      <trkpt lat="40.653884" lon="-0.084433">
        <ele>1061.1</ele>
        <time>2007-11-20T13:24:03Z</time>
      </trkpt>
      <trkpt lat="40.653750" lon="-0.084416">
        <ele>1061.8</ele>
        <time>2007-11-20T13:24:03Z</time>
      </trkpt>
      <trkpt lat="40.653667" lon="-0.084349">
        <ele>1062.7</ele>
        <time>2007-11-20T13:24:03Z</time>
      </trkpt>
      <trkpt lat="40.653534" lon="-0.084266">
        <ele>1063.1</ele>
        <time>2007-11-20T13:24:03Z</time>
      </trkpt>
      <trkpt lat="40.653400" lon="-0.084133">
        <ele>1063.8</ele>
        <time>2007-11-20T13:24:03Z</time>
      </trkpt>
      <trkpt lat="40.653284" lon="-0.084000">
        <ele>1064.8</ele>
        <time>2007-11-20T13:24:03Z</time>
      </trkpt>
      <trkpt lat="40.653200" lon="-0.083933">
        <ele>1065.5</ele>
        <time>2007-11-20T13:24:03Z</time>
      </trkpt>
      <trkpt lat="40.653101" lon="-0.083816">
        <ele>1067.0</ele>
        <time>2007-11-20T13:24:03Z</time>
      </trkpt>
      <trkpt lat="40.652984" lon="-0.083766">
        <ele>1068.2</ele>
        <time>2007-11-20T13:24:03Z</time>
      </trkpt>
      <trkpt lat="40.652751" lon="-0.083600">
        <ele>1070.7</ele>
        <time>2007-11-20T13:24:03Z</time>
      </trkpt>
      <trkpt lat="40.652600" lon="-0.083500">
        <ele>1071.1</ele>
        <time>2007-11-20T13:24:03Z</time>
      </trkpt>
      <trkpt lat="40.652451" lon="-0.083300">
        <ele>1069.3</ele>
        <time>2007-11-20T13:24:03Z</time>
      </trkpt>
      <trkpt lat="40.652267" lon="-0.083016">
        <ele>1066.4</ele>
        <time>2007-11-20T13:24:03Z</time>
      </trkpt>
      <trkpt lat="40.652201" lon="-0.082783">
        <ele>1066.8</ele>
        <time>2007-11-20T13:24:03Z</time>
      </trkpt>
      <trkpt lat="40.652201" lon="-0.082400">
        <ele>1066.8</ele>
        <time>2007-11-20T13:24:03Z</time>
      </trkpt>
      <trkpt lat="40.652167" lon="-0.082116">
        <ele>1065.4</ele>
        <time>2007-11-20T13:24:03Z</time>
      </trkpt>
      <trkpt lat="40.652150" lon="-0.081899">
        <ele>1066.3</ele>
        <time>2007-11-20T13:24:03Z</time>
      </trkpt>
      <trkpt lat="40.652050" lon="-0.081850">
        <ele>1064.9</ele>
        <time>2007-11-20T13:24:03Z</time>
      </trkpt>
      <trkpt lat="40.651950" lon="-0.081433">
        <ele>1065.0</ele>
        <time>2007-11-20T13:24:03Z</time>
      </trkpt>
      <trkpt lat="40.652034" lon="-0.081166">
        <ele>1062.1</ele>
        <time>2007-11-20T13:24:03Z</time>
      </trkpt>
      <trkpt lat="40.652101" lon="-0.081050">
        <ele>1060.4</ele>
        <time>2007-11-20T13:24:03Z</time>
      </trkpt>
      <trkpt lat="40.652117" lon="-0.080816">
        <ele>1057.9</ele>
        <time>2007-11-20T13:24:03Z</time>
      </trkpt>
      <trkpt lat="40.652084" lon="-0.080566">
        <ele>1057.7</ele>
        <time>2007-11-20T13:24:03Z</time>
      </trkpt>
      <trkpt lat="40.652001" lon="-0.080283">
        <ele>1056.5</ele>
        <time>2007-11-20T13:24:03Z</time>
      </trkpt>
      <trkpt lat="40.651950" lon="-0.080183">
        <ele>1055.5</ele>
        <time>2007-11-20T13:24:03Z</time>
      </trkpt>
      <trkpt lat="40.651884" lon="-0.079800">
        <ele>1054.1</ele>
        <time>2007-11-20T13:24:03Z</time>
      </trkpt>
      <trkpt lat="40.651800" lon="-0.079533">
        <ele>1052.1</ele>
        <time>2007-11-20T13:24:03Z</time>
      </trkpt>
      <trkpt lat="40.651867" lon="-0.079283">
        <ele>1050.0</ele>
        <time>2007-11-20T13:24:03Z</time>
      </trkpt>
      <trkpt lat="40.651984" lon="-0.079199">
        <ele>1049.2</ele>
        <time>2007-11-20T13:24:03Z</time>
      </trkpt>
      <trkpt lat="40.652151" lon="-0.078899">
        <ele>1046.9</ele>
        <time>2007-11-20T13:24:03Z</time>
      </trkpt>
      <trkpt lat="40.652184" lon="-0.078783">
        <ele>1046.2</ele>
        <time>2007-11-20T13:24:03Z</time>
      </trkpt>
      <trkpt lat="40.652217" lon="-0.078716">
        <ele>1046.1</ele>
        <time>2007-11-20T13:24:03Z</time>
      </trkpt>
      <trkpt lat="40.652251" lon="-0.078600">
        <ele>1046.1</ele>
        <time>2007-11-20T13:24:03Z</time>
      </trkpt>
      <trkpt lat="40.652268" lon="-0.078466">
        <ele>1046.1</ele>
        <time>2007-11-20T13:24:03Z</time>
      </trkpt>
      <trkpt lat="40.652268" lon="-0.078333">
        <ele>1046.0</ele>
        <time>2007-11-20T13:24:03Z</time>
      </trkpt>
      <trkpt lat="40.652268" lon="-0.078116">
        <ele>1046.4</ele>
        <time>2007-11-20T13:24:03Z</time>
      </trkpt>
      <trkpt lat="40.652234" lon="-0.077983">
        <ele>1046.7</ele>
        <time>2007-11-20T13:24:03Z</time>
      </trkpt>
    </trkseg>
    <trkseg>
      <trkpt lat="40.652217" lon="-0.077816">
        <ele>1046.9</ele>
        <time>2012-09-17T04:52:57Z</time>
      </trkpt>
      <trkpt lat="40.652284" lon="-0.077816">
        <ele>1047.0</ele>
        <time>2012-09-17T04:52:57Z</time>
        <extensions>
          <gpxtpx:TrackPointExtension>
            <gpxtpx:hr>106</gpxtpx:hr>
          </gpxtpx:TrackPointExtension>
        </extensions>
      </trkpt>
      <trkpt lat="40.652317" lon="-0.077733">
        <ele>1046.9</ele>
        <time>2012-09-17T04:52:58Z</time>
        <extensions>
          <gpxtpx:TrackPointExtension>
            <gpxtpx:hr>106</gpxtpx:hr>
          </gpxtpx:TrackPointExtension>
        </extensions>
      </trkpt>
      <trkpt lat="40.652334" lon="-0.077666">
        <ele>1046.9</ele>
        <time>2012-09-17T04:52:59Z</time>
        <extensions>
          <gpxtpx:TrackPointExtension>
            <gpxtpx:hr>106</gpxtpx:hr>
          </gpxtpx:TrackPointExtension>
        </extensions>
      </trkpt>
      <trkpt lat="40.652367" lon="-0.077600">
        <ele>1047.1</ele>
        <time>2012-09-17T04:53:00Z</time>
        <extensions>
          <gpxtpx:TrackPointExtension>
            <gpxtpx:hr>107</gpxtpx:hr>
          </gpxtpx:TrackPointExtension>
        </extensions>
      </trkpt>
      <trkpt lat="40.652384" lon="-0.077549">
        <ele>1047.1</ele>
        <time>2012-09-17T04:53:01Z</time>
        <extensions>
          <gpxtpx:TrackPointExtension>
            <gpxtpx:hr>108</gpxtpx:hr>
          </gpxtpx:TrackPointExtension>
        </extensions>
      </trkpt>
      <trkpt lat="40.652451" lon="-0.077483">
        <ele>1047.5</ele>
        <time>2012-09-17T04:53:03Z</time>
        <extensions>
          <gpxtpx:TrackPointExtension>
            <gpxtpx:hr>111</gpxtpx:hr>
          </gpxtpx:TrackPointExtension>
        </extensions>
      </trkpt>
      <trkpt lat="40.652518" lon="-0.077416">
        <ele>1047.7</ele>
        <time>2012-09-17T04:53:05Z</time>
        <extensions>
          <gpxtpx:TrackPointExtension>
            <gpxtpx:hr>113</gpxtpx:hr>
          </gpxtpx:TrackPointExtension>
        </extensions>
      </trkpt>
      <trkpt lat="40.652584" lon="-0.077366">
        <ele>1047.8</ele>
        <time>2012-09-17T04:53:08Z</time>
        <extensions>
          <gpxtpx:TrackPointExtension>
            <gpxtpx:hr>115</gpxtpx:hr>
          </gpxtpx:TrackPointExtension>
        </extensions>
      </trkpt>
      <trkpt lat="40.652667" lon="-0.077333">
        <ele>1047.7</ele>
        <time>2012-09-17T04:53:13Z</time>
        <extensions>
          <gpxtpx:TrackPointExtension>
            <gpxtpx:hr>113</gpxtpx:hr>
          </gpxtpx:TrackPointExtension>
        </extensions>
      </trkpt>
      <trkpt lat="40.652734" lon="-0.077383">
        <ele>1048.2</ele>
        <time>2012-09-17T04:53:21Z</time>
        <extensions>
          <gpxtpx:TrackPointExtension>
            <gpxtpx:hr>116</gpxtpx:hr>
          </gpxtpx:TrackPointExtension>
        </extensions>
      </trkpt>
      <trkpt lat="40.652767" lon="-0.077483">
        <ele>1049.6</ele>
        <time>2012-09-17T04:53:30Z</time>
        <extensions>
          <gpxtpx:TrackPointExtension>
            <gpxtpx:hr>121</gpxtpx:hr>
          </gpxtpx:TrackPointExtension>
        </extensions>
      </trkpt>
      <trkpt lat="40.652818" lon="-0.077566">
        <ele>1050.7</ele>
        <time>2012-09-17T04:53:36Z</time>
        <extensions>
          <gpxtpx:TrackPointExtension>
            <gpxtpx:hr>124</gpxtpx:hr>
          </gpxtpx:TrackPointExtension>
        </extensions>
      </trkpt>
      <trkpt lat="40.652885" lon="-0.077649">
        <ele>1052.0</ele>
        <time>2012-09-17T04:53:42Z</time>
        <extensions>
          <gpxtpx:TrackPointExtension>
            <gpxtpx:hr>132</gpxtpx:hr>
          </gpxtpx:TrackPointExtension>
        </extensions>
      </trkpt>
      <trkpt lat="40.652934" lon="-0.077733">
        <ele>1054.2</ele>
        <time>2012-09-17T04:53:49Z</time>
        <extensions>
          <gpxtpx:TrackPointExtension>
            <gpxtpx:hr>143</gpxtpx:hr>
          </gpxtpx:TrackPointExtension>
        </extensions>
      </trkpt>
      <trkpt lat="40.652984" lon="-0.077833">
        <ele>1057.3</ele>
        <time>2012-09-17T04:53:57Z</time>
        <extensions>
          <gpxtpx:TrackPointExtension>
            <gpxtpx:hr>150</gpxtpx:hr>
          </gpxtpx:TrackPointExtension>
        </extensions>
      </trkpt>
      <trkpt lat="40.653001" lon="-0.077833">
        <ele>1057.8</ele>
        <time>2012-09-17T04:53:58Z</time>
        <extensions>
          <gpxtpx:TrackPointExtension>
            <gpxtpx:hr>150</gpxtpx:hr>
          </gpxtpx:TrackPointExtension>
        </extensions>
      </trkpt>
      <trkpt lat="40.653101" lon="-0.077983">
        <ele>1062.2</ele>
        <time>2012-09-17T04:54:17Z</time>
        <extensions>
          <gpxtpx:TrackPointExtension>
            <gpxtpx:hr>143</gpxtpx:hr>
          </gpxtpx:TrackPointExtension>
        </extensions>
      </trkpt>
      <trkpt lat="40.653168" lon="-0.077916">
        <ele>1064.5</ele>
        <time>2012-09-17T04:54:33Z</time>
        <extensions>
          <gpxtpx:TrackPointExtension>
            <gpxtpx:hr>148</gpxtpx:hr>
          </gpxtpx:TrackPointExtension>
        </extensions>
      </trkpt>
      <trkpt lat="40.653184" lon="-0.077800">
        <ele>1063.8</ele>
        <time>2012-09-17T04:54:42Z</time>
        <extensions>
          <gpxtpx:TrackPointExtension>
            <gpxtpx:hr>149</gpxtpx:hr>
          </gpxtpx:TrackPointExtension>
        </extensions>
      </trkpt>
      <trkpt lat="40.653217" lon="-0.077700">
        <ele>1063.6</ele>
        <time>2012-09-17T04:54:54Z</time>
        <extensions>
          <gpxtpx:TrackPointExtension>
            <gpxtpx:hr>144</gpxtpx:hr>
          </gpxtpx:TrackPointExtension>
        </extensions>
      </trkpt>
      <trkpt lat="40.653300" lon="-0.077649">
        <ele>1066.0</ele>
        <time>2012-09-17T04:55:17Z</time>
        <extensions>
          <gpxtpx:TrackPointExtension>
            <gpxtpx:hr>145</gpxtpx:hr>
          </gpxtpx:TrackPointExtension>
        </extensions>
      </trkpt>
      <trkpt lat="40.653300" lon="-0.077633">
        <ele>1065.8</ele>
        <time>2012-09-17T04:55:18Z</time>
        <extensions>
          <gpxtpx:TrackPointExtension>
            <gpxtpx:hr>145</gpxtpx:hr>
          </gpxtpx:TrackPointExtension>
        </extensions>
      </trkpt>
      <trkpt lat="40.653417" lon="-0.077733">
        <ele>1071.5</ele>
        <time>2012-09-17T04:55:36Z</time>
        <extensions>
          <gpxtpx:TrackPointExtension>
            <gpxtpx:hr>146</gpxtpx:hr>
          </gpxtpx:TrackPointExtension>
        </extensions>
      </trkpt>
      <trkpt lat="40.653451" lon="-0.077850">
        <ele>1074.4</ele>
        <time>2012-09-17T04:55:45Z</time>
        <extensions>
          <gpxtpx:TrackPointExtension>
            <gpxtpx:hr>148</gpxtpx:hr>
          </gpxtpx:TrackPointExtension>
        </extensions>
      </trkpt>
      <trkpt lat="40.653484" lon="-0.077733">
        <ele>1074.7</ele>
        <time>2012-09-17T04:55:54Z</time>
        <extensions>
          <gpxtpx:TrackPointExtension>
            <gpxtpx:hr>150</gpxtpx:hr>
          </gpxtpx:TrackPointExtension>
        </extensions>
      </trkpt>
      <trkpt lat="40.653484" lon="-0.077633">
        <ele>1073.4</ele>
        <time>2012-09-17T04:56:04Z</time>
        <extensions>
          <gpxtpx:TrackPointExtension>
            <gpxtpx:hr>150</gpxtpx:hr>
          </gpxtpx:TrackPointExtension>
        </extensions>
      </trkpt>
      <trkpt lat="40.653534" lon="-0.077533">
        <ele>1074.6</ele>
        <time>2012-09-17T04:56:14Z</time>
        <extensions>
          <gpxtpx:TrackPointExtension>
            <gpxtpx:hr>148</gpxtpx:hr>
          </gpxtpx:TrackPointExtension>
        </extensions>
      </trkpt>
      <trkpt lat="40.653584" lon="-0.077633">
        <ele>1078.3</ele>
        <time>2012-09-17T04:56:27Z</time>
        <extensions>
          <gpxtpx:TrackPointExtension>
            <gpxtpx:hr>150</gpxtpx:hr>
          </gpxtpx:TrackPointExtension>
        </extensions>
      </trkpt>
      <trkpt lat="40.653584" lon="-0.077649">
        <ele>1078.5</ele>
        <time>2012-09-17T04:56:28Z</time>
        <extensions>
          <gpxtpx:TrackPointExtension>
            <gpxtpx:hr>150</gpxtpx:hr>
          </gpxtpx:TrackPointExtension>
        </extensions>
      </trkpt>
      <trkpt lat="40.653684" lon="-0.077816">
        <ele>1083.4</ele>
        <time>2012-09-17T04:56:46Z</time>
        <extensions>
          <gpxtpx:TrackPointExtension>
            <gpxtpx:hr>152</gpxtpx:hr>
          </gpxtpx:TrackPointExtension>
        </extensions>
      </trkpt>
      <trkpt lat="40.653734" lon="-0.077883">
        <ele>1085.5</ele>
        <time>2012-09-17T04:56:55Z</time>
        <extensions>
          <gpxtpx:TrackPointExtension>
            <gpxtpx:hr>154</gpxtpx:hr>
          </gpxtpx:TrackPointExtension>
        </extensions>
      </trkpt>
      <trkpt lat="40.653800" lon="-0.077800">
        <ele>1087.3</ele>
        <time>2012-09-17T04:57:15Z</time>
        <extensions>
          <gpxtpx:TrackPointExtension>
            <gpxtpx:hr>158</gpxtpx:hr>
          </gpxtpx:TrackPointExtension>
        </extensions>
      </trkpt>
      <trkpt lat="40.653817" lon="-0.077683">
        <ele>1087.1</ele>
        <time>2012-09-17T04:57:26Z</time>
        <extensions>
          <gpxtpx:TrackPointExtension>
            <gpxtpx:hr>155</gpxtpx:hr>
          </gpxtpx:TrackPointExtension>
        </extensions>
      </trkpt>
      <trkpt lat="40.653867" lon="-0.077600">
        <ele>1087.7</ele>
        <time>2012-09-17T04:57:36Z</time>
        <extensions>
          <gpxtpx:TrackPointExtension>
            <gpxtpx:hr>151</gpxtpx:hr>
          </gpxtpx:TrackPointExtension>
        </extensions>
      </trkpt>
      <trkpt lat="40.653884" lon="-0.077583">
        <ele>1088.0</ele>
        <time>2012-09-17T04:57:37Z</time>
        <extensions>
          <gpxtpx:TrackPointExtension>
            <gpxtpx:hr>151</gpxtpx:hr>
          </gpxtpx:TrackPointExtension>
        </extensions>
      </trkpt>
      <trkpt lat="40.654001" lon="-0.077483">
        <ele>1090.0</ele>
        <time>2012-09-17T04:57:55Z</time>
        <extensions>
          <gpxtpx:TrackPointExtension>
            <gpxtpx:hr>148</gpxtpx:hr>
          </gpxtpx:TrackPointExtension>
        </extensions>
      </trkpt>
      <trkpt lat="40.654084" lon="-0.077533">
        <ele>1092.8</ele>
        <time>2012-09-17T04:58:04Z</time>
        <extensions>
          <gpxtpx:TrackPointExtension>
            <gpxtpx:hr>152</gpxtpx:hr>
          </gpxtpx:TrackPointExtension>
        </extensions>
      </trkpt>
      <trkpt lat="40.654134" lon="-0.077600">
        <ele>1095.7</ele>
        <time>2012-09-17T04:58:18Z</time>
        <extensions>
          <gpxtpx:TrackPointExtension>
            <gpxtpx:hr>157</gpxtpx:hr>
          </gpxtpx:TrackPointExtension>
        </extensions>
      </trkpt>
      <trkpt lat="40.654184" lon="-0.077700">
        <ele>1098.7</ele>
        <time>2012-09-17T04:58:26Z</time>
        <extensions>
          <gpxtpx:TrackPointExtension>
            <gpxtpx:hr>159</gpxtpx:hr>
          </gpxtpx:TrackPointExtension>
        </extensions>
      </trkpt>
      <trkpt lat="40.654251" lon="-0.077800">
        <ele>1101.8</ele>
        <time>2012-09-17T04:58:37Z</time>
        <extensions>
          <gpxtpx:TrackPointExtension>
            <gpxtpx:hr>162</gpxtpx:hr>
          </gpxtpx:TrackPointExtension>
        </extensions>
      </trkpt>
      <trkpt lat="40.654251" lon="-0.077800">
        <ele>1101.8</ele>
        <time>2012-09-17T04:58:38Z</time>
        <extensions>
          <gpxtpx:TrackPointExtension>
            <gpxtpx:hr>162</gpxtpx:hr>
          </gpxtpx:TrackPointExtension>
        </extensions>
      </trkpt>
      <trkpt lat="40.654400" lon="-0.077866">
        <ele>1105.6</ele>
        <time>2012-09-17T04:58:54Z</time>
        <extensions>
          <gpxtpx:TrackPointExtension>
            <gpxtpx:hr>157</gpxtpx:hr>
          </gpxtpx:TrackPointExtension>
        </extensions>
      </trkpt>
      <trkpt lat="40.654484" lon="-0.077850">
        <ele>1106.8</ele>
        <time>2012-09-17T04:59:03Z</time>
        <extensions>
          <gpxtpx:TrackPointExtension>
            <gpxtpx:hr>154</gpxtpx:hr>
          </gpxtpx:TrackPointExtension>
        </extensions>
      </trkpt>
      <trkpt lat="40.654567" lon="-0.077866">
        <ele>1108.1</ele>
        <time>2012-09-17T04:59:10Z</time>
        <extensions>
          <gpxtpx:TrackPointExtension>
            <gpxtpx:hr>151</gpxtpx:hr>
          </gpxtpx:TrackPointExtension>
        </extensions>
      </trkpt>
      <trkpt lat="40.654651" lon="-0.077850">
        <ele>1108.7</ele>
        <time>2012-09-17T04:59:17Z</time>
        <extensions>
          <gpxtpx:TrackPointExtension>
            <gpxtpx:hr>150</gpxtpx:hr>
          </gpxtpx:TrackPointExtension>
        </extensions>
      </trkpt>
      <trkpt lat="40.654734" lon="-0.077866">
        <ele>1109.8</ele>
        <time>2012-09-17T04:59:24Z</time>
        <extensions>
          <gpxtpx:TrackPointExtension>
            <gpxtpx:hr>150</gpxtpx:hr>
          </gpxtpx:TrackPointExtension>
        </extensions>
      </trkpt>
      <trkpt lat="40.654801" lon="-0.077883">
        <ele>1110.6</ele>
        <time>2012-09-17T04:59:30Z</time>
        <extensions>
          <gpxtpx:TrackPointExtension>
            <gpxtpx:hr>146</gpxtpx:hr>
          </gpxtpx:TrackPointExtension>
        </extensions>
      </trkpt>
      <trkpt lat="40.654884" lon="-0.077883">
        <ele>1111.4</ele>
        <time>2012-09-17T04:59:36Z</time>
        <extensions>
          <gpxtpx:TrackPointExtension>
            <gpxtpx:hr>143</gpxtpx:hr>
          </gpxtpx:TrackPointExtension>
        </extensions>
      </trkpt>
      <trkpt lat="40.654967" lon="-0.077900">
        <ele>1111.7</ele>
        <time>2012-09-17T04:59:42Z</time>
        <extensions>
          <gpxtpx:TrackPointExtension>
            <gpxtpx:hr>144</gpxtpx:hr>
          </gpxtpx:TrackPointExtension>
        </extensions>
      </trkpt>
      <trkpt lat="40.654967" lon="-0.077900">
        <ele>1111.7</ele>
        <time>2012-09-17T04:59:43Z</time>
        <extensions>
          <gpxtpx:TrackPointExtension>
            <gpxtpx:hr>144</gpxtpx:hr>
          </gpxtpx:TrackPointExtension>
        </extensions>
      </trkpt>
      <trkpt lat="40.655134" lon="-0.077933">
        <ele>1112.3</ele>
        <time>2012-09-17T04:59:56Z</time>
        <extensions>
          <gpxtpx:TrackPointExtension>
            <gpxtpx:hr>144</gpxtpx:hr>
          </gpxtpx:TrackPointExtension>
        </extensions>
      </trkpt>
      <trkpt lat="40.655217" lon="-0.077933">
        <ele>1113.3</ele>
        <time>2012-09-17T05:00:02Z</time>
        <extensions>
          <gpxtpx:TrackPointExtension>
            <gpxtpx:hr>142</gpxtpx:hr>
          </gpxtpx:TrackPointExtension>
        </extensions>
      </trkpt>
      <trkpt lat="40.655284" lon="-0.077950">
        <ele>1114.1</ele>
        <time>2012-09-17T05:00:05Z</time>
        <extensions>
          <gpxtpx:TrackPointExtension>
            <gpxtpx:hr>140</gpxtpx:hr>
          </gpxtpx:TrackPointExtension>
        </extensions>
      </trkpt>
      <trkpt lat="40.655367" lon="-0.077950">
        <ele>1114.6</ele>
        <time>2012-09-17T05:00:08Z</time>
        <extensions>
          <gpxtpx:TrackPointExtension>
            <gpxtpx:hr>138</gpxtpx:hr>
          </gpxtpx:TrackPointExtension>
        </extensions>
      </trkpt>
      <trkpt lat="40.655451" lon="-0.077933">
        <ele>1114.7</ele>
        <time>2012-09-17T05:00:11Z</time>
        <extensions>
          <gpxtpx:TrackPointExtension>
            <gpxtpx:hr>137</gpxtpx:hr>
          </gpxtpx:TrackPointExtension>
        </extensions>
      </trkpt>
      <trkpt lat="40.655534" lon="-0.077900">
        <ele>1114.5</ele>
        <time>2012-09-17T05:00:14Z</time>
        <extensions>
          <gpxtpx:TrackPointExtension>
            <gpxtpx:hr>135</gpxtpx:hr>
          </gpxtpx:TrackPointExtension>
        </extensions>
      </trkpt>
      <trkpt lat="40.655600" lon="-0.077900">
        <ele>1114.7</ele>
        <time>2012-09-17T05:00:17Z</time>
        <extensions>
          <gpxtpx:TrackPointExtension>
            <gpxtpx:hr>133</gpxtpx:hr>
          </gpxtpx:TrackPointExtension>
        </extensions>
      </trkpt>
      <trkpt lat="40.655684" lon="-0.077900">
        <ele>1115.5</ele>
        <time>2012-09-17T05:00:21Z</time>
        <extensions>
          <gpxtpx:TrackPointExtension>
            <gpxtpx:hr>130</gpxtpx:hr>
          </gpxtpx:TrackPointExtension>
        </extensions>
      </trkpt>
      <trkpt lat="40.655767" lon="-0.077883">
        <ele>1116.0</ele>
        <time>2012-09-17T05:00:25Z</time>
        <extensions>
          <gpxtpx:TrackPointExtension>
            <gpxtpx:hr>130</gpxtpx:hr>
          </gpxtpx:TrackPointExtension>
        </extensions>
      </trkpt>
      <trkpt lat="40.655850" lon="-0.077850">
        <ele>1116.6</ele>
        <time>2012-09-17T05:00:28Z</time>
        <extensions>
          <gpxtpx:TrackPointExtension>
            <gpxtpx:hr>130</gpxtpx:hr>
          </gpxtpx:TrackPointExtension>
        </extensions>
      </trkpt>
      <trkpt lat="40.655917" lon="-0.077833">
        <ele>1117.1</ele>
        <time>2012-09-17T05:00:32Z</time>
        <extensions>
          <gpxtpx:TrackPointExtension>
            <gpxtpx:hr>131</gpxtpx:hr>
          </gpxtpx:TrackPointExtension>
        </extensions>
      </trkpt>
      <trkpt lat="40.656001" lon="-0.077816">
        <ele>1117.7</ele>
        <time>2012-09-17T05:00:37Z</time>
        <extensions>
          <gpxtpx:TrackPointExtension>
            <gpxtpx:hr>131</gpxtpx:hr>
          </gpxtpx:TrackPointExtension>
        </extensions>
      </trkpt>
      <trkpt lat="40.656084" lon="-0.077800">
        <ele>1118.2</ele>
        <time>2012-09-17T05:00:42Z</time>
        <extensions>
          <gpxtpx:TrackPointExtension>
            <gpxtpx:hr>131</gpxtpx:hr>
          </gpxtpx:TrackPointExtension>
        </extensions>
      </trkpt>
      <trkpt lat="40.656167" lon="-0.077800">
        <ele>1118.9</ele>
        <time>2012-09-17T05:00:47Z</time>
        <extensions>
          <gpxtpx:TrackPointExtension>
            <gpxtpx:hr>133</gpxtpx:hr>
          </gpxtpx:TrackPointExtension>
        </extensions>
      </trkpt>
      <trkpt lat="40.656184" lon="-0.077800">
        <ele>1119.0</ele>
        <time>2012-09-17T05:00:48Z</time>
        <extensions>
          <gpxtpx:TrackPointExtension>
            <gpxtpx:hr>133</gpxtpx:hr>
          </gpxtpx:TrackPointExtension>
        </extensions>
      </trkpt>
      <trkpt lat="40.656334" lon="-0.077750">
        <ele>1119.8</ele>
        <time>2012-09-17T05:00:59Z</time>
        <extensions>
          <gpxtpx:TrackPointExtension>
            <gpxtpx:hr>135</gpxtpx:hr>
          </gpxtpx:TrackPointExtension>
        </extensions>
      </trkpt>
      <trkpt lat="40.656417" lon="-0.077750">
        <ele>1121.0</ele>
        <time>2012-09-17T05:01:06Z</time>
        <extensions>
          <gpxtpx:TrackPointExtension>
            <gpxtpx:hr>135</gpxtpx:hr>
          </gpxtpx:TrackPointExtension>
        </extensions>
      </trkpt>
      <trkpt lat="40.656500" lon="-0.077766">
        <ele>1122.6</ele>
        <time>2012-09-17T05:01:14Z</time>
        <extensions>
          <gpxtpx:TrackPointExtension>
            <gpxtpx:hr>136</gpxtpx:hr>
          </gpxtpx:TrackPointExtension>
        </extensions>
      </trkpt>
      <trkpt lat="40.656584" lon="-0.077800">
        <ele>1124.1</ele>
        <time>2012-09-17T05:01:22Z</time>
        <extensions>
          <gpxtpx:TrackPointExtension>
            <gpxtpx:hr>138</gpxtpx:hr>
          </gpxtpx:TrackPointExtension>
        </extensions>
      </trkpt>
      <trkpt lat="40.656667" lon="-0.077800">
        <ele>1125.2</ele>
        <time>2012-09-17T05:01:30Z</time>
        <extensions>
          <gpxtpx:TrackPointExtension>
            <gpxtpx:hr>138</gpxtpx:hr>
          </gpxtpx:TrackPointExtension>
        </extensions>
      </trkpt>
      <trkpt lat="40.656750" lon="-0.077750">
        <ele>1125.6</ele>
        <time>2012-09-17T05:01:38Z</time>
        <extensions>
          <gpxtpx:TrackPointExtension>
            <gpxtpx:hr>141</gpxtpx:hr>
          </gpxtpx:TrackPointExtension>
        </extensions>
      </trkpt>
      <trkpt lat="40.656834" lon="-0.077766">
        <ele>1126.7</ele>
        <time>2012-09-17T05:01:46Z</time>
        <extensions>
          <gpxtpx:TrackPointExtension>
            <gpxtpx:hr>142</gpxtpx:hr>
          </gpxtpx:TrackPointExtension>
        </extensions>
      </trkpt>
      <trkpt lat="40.656917" lon="-0.077800">
        <ele>1127.4</ele>
        <time>2012-09-17T05:01:55Z</time>
        <extensions>
          <gpxtpx:TrackPointExtension>
            <gpxtpx:hr>143</gpxtpx:hr>
          </gpxtpx:TrackPointExtension>
        </extensions>
      </trkpt>
      <trkpt lat="40.656917" lon="-0.077800">
        <ele>1127.4</ele>
        <time>2012-09-17T05:01:56Z</time>
        <extensions>
          <gpxtpx:TrackPointExtension>
            <gpxtpx:hr>143</gpxtpx:hr>
          </gpxtpx:TrackPointExtension>
        </extensions>
      </trkpt>
      <trkpt lat="40.657084" lon="-0.077833">
        <ele>1129.7</ele>
        <time>2012-09-17T05:02:11Z</time>
        <extensions>
          <gpxtpx:TrackPointExtension>
            <gpxtpx:hr>142</gpxtpx:hr>
          </gpxtpx:TrackPointExtension>
        </extensions>
      </trkpt>
      <trkpt lat="40.657167" lon="-0.077850">
        <ele>1131.1</ele>
        <time>2012-09-17T05:02:19Z</time>
        <extensions>
          <gpxtpx:TrackPointExtension>
            <gpxtpx:hr>140</gpxtpx:hr>
          </gpxtpx:TrackPointExtension>
        </extensions>
      </trkpt>
      <trkpt lat="40.657251" lon="-0.077866">
        <ele>1132.5</ele>
        <time>2012-09-17T05:02:27Z</time>
        <extensions>
          <gpxtpx:TrackPointExtension>
            <gpxtpx:hr>136</gpxtpx:hr>
          </gpxtpx:TrackPointExtension>
        </extensions>
      </trkpt>
      <trkpt lat="40.657334" lon="-0.077883">
        <ele>1133.9</ele>
        <time>2012-09-17T05:02:35Z</time>
        <extensions>
          <gpxtpx:TrackPointExtension>
            <gpxtpx:hr>141</gpxtpx:hr>
          </gpxtpx:TrackPointExtension>
        </extensions>
      </trkpt>
      <trkpt lat="40.657417" lon="-0.077883">
        <ele>1135.6</ele>
        <time>2012-09-17T05:02:41Z</time>
        <extensions>
          <gpxtpx:TrackPointExtension>
            <gpxtpx:hr>143</gpxtpx:hr>
          </gpxtpx:TrackPointExtension>
        </extensions>
      </trkpt>
      <trkpt lat="40.657500" lon="-0.077866">
        <ele>1137.5</ele>
        <time>2012-09-17T05:02:49Z</time>
        <extensions>
          <gpxtpx:TrackPointExtension>
            <gpxtpx:hr>145</gpxtpx:hr>
          </gpxtpx:TrackPointExtension>
        </extensions>
      </trkpt>
      <trkpt lat="40.657567" lon="-0.077800">
        <ele>1138.8</ele>
        <time>2012-09-17T05:02:58Z</time>
        <extensions>
          <gpxtpx:TrackPointExtension>
            <gpxtpx:hr>146</gpxtpx:hr>
          </gpxtpx:TrackPointExtension>
        </extensions>
      </trkpt>
      <trkpt lat="40.657584" lon="-0.077800">
        <ele>1139.2</ele>
        <time>2012-09-17T05:02:59Z</time>
        <extensions>
          <gpxtpx:TrackPointExtension>
            <gpxtpx:hr>146</gpxtpx:hr>
          </gpxtpx:TrackPointExtension>
        </extensions>
      </trkpt>
      <trkpt lat="40.657734" lon="-0.077733">
        <ele>1142.8</ele>
        <time>2012-09-17T05:03:14Z</time>
        <extensions>
          <gpxtpx:TrackPointExtension>
            <gpxtpx:hr>150</gpxtpx:hr>
          </gpxtpx:TrackPointExtension>
        </extensions>
      </trkpt>
      <trkpt lat="40.657817" lon="-0.077700">
        <ele>1145.8</ele>
        <time>2012-09-17T05:03:21Z</time>
        <extensions>
          <gpxtpx:TrackPointExtension>
            <gpxtpx:hr>153</gpxtpx:hr>
          </gpxtpx:TrackPointExtension>
        </extensions>
      </trkpt>
      <trkpt lat="40.657884" lon="-0.077649">
        <ele>1147.5</ele>
        <time>2012-09-17T05:03:28Z</time>
        <extensions>
          <gpxtpx:TrackPointExtension>
            <gpxtpx:hr>157</gpxtpx:hr>
          </gpxtpx:TrackPointExtension>
        </extensions>
      </trkpt>
      <trkpt lat="40.657951" lon="-0.077599">
        <ele>1149.0</ele>
        <time>2012-09-17T05:03:36Z</time>
        <extensions>
          <gpxtpx:TrackPointExtension>
            <gpxtpx:hr>160</gpxtpx:hr>
          </gpxtpx:TrackPointExtension>
        </extensions>
      </trkpt>
      <trkpt lat="40.658001" lon="-0.077516">
        <ele>1149.9</ele>
        <time>2012-09-17T05:03:43Z</time>
        <extensions>
          <gpxtpx:TrackPointExtension>
            <gpxtpx:hr>159</gpxtpx:hr>
          </gpxtpx:TrackPointExtension>
        </extensions>
      </trkpt>
      <trkpt lat="40.658050" lon="-0.077433">
        <ele>1150.8</ele>
        <time>2012-09-17T05:03:51Z</time>
        <extensions>
          <gpxtpx:TrackPointExtension>
            <gpxtpx:hr>158</gpxtpx:hr>
          </gpxtpx:TrackPointExtension>
        </extensions>
      </trkpt>
      <trkpt lat="40.658117" lon="-0.077350">
        <ele>1151.7</ele>
        <time>2012-09-17T05:03:59Z</time>
        <extensions>
          <gpxtpx:TrackPointExtension>
            <gpxtpx:hr>156</gpxtpx:hr>
          </gpxtpx:TrackPointExtension>
        </extensions>
      </trkpt>
      <trkpt lat="40.658134" lon="-0.077333">
        <ele>1151.9</ele>
        <time>2012-09-17T05:04:00Z</time>
        <extensions>
          <gpxtpx:TrackPointExtension>
            <gpxtpx:hr>156</gpxtpx:hr>
          </gpxtpx:TrackPointExtension>
        </extensions>
      </trkpt>
      <trkpt lat="40.658251" lon="-0.077216">
        <ele>1154.0</ele>
        <time>2012-09-17T05:04:14Z</time>
        <extensions>
          <gpxtpx:TrackPointExtension>
            <gpxtpx:hr>154</gpxtpx:hr>
          </gpxtpx:TrackPointExtension>
        </extensions>
      </trkpt>
      <trkpt lat="40.658317" lon="-0.077133">
        <ele>1155.6</ele>
        <time>2012-09-17T05:04:21Z</time>
        <extensions>
          <gpxtpx:TrackPointExtension>
            <gpxtpx:hr>154</gpxtpx:hr>
          </gpxtpx:TrackPointExtension>
        </extensions>
      </trkpt>
      <trkpt lat="40.658384" lon="-0.077066">
        <ele>1157.0</ele>
        <time>2012-09-17T05:04:28Z</time>
        <extensions>
          <gpxtpx:TrackPointExtension>
            <gpxtpx:hr>155</gpxtpx:hr>
          </gpxtpx:TrackPointExtension>
        </extensions>
      </trkpt>
      <trkpt lat="40.658451" lon="-0.076999">
        <ele>1158.4</ele>
        <time>2012-09-17T05:04:35Z</time>
        <extensions>
          <gpxtpx:TrackPointExtension>
            <gpxtpx:hr>155</gpxtpx:hr>
          </gpxtpx:TrackPointExtension>
        </extensions>
      </trkpt>
      <trkpt lat="40.658517" lon="-0.076916">
        <ele>1159.5</ele>
        <time>2012-09-17T05:04:42Z</time>
        <extensions>
          <gpxtpx:TrackPointExtension>
            <gpxtpx:hr>153</gpxtpx:hr>
          </gpxtpx:TrackPointExtension>
        </extensions>
      </trkpt>
      <trkpt lat="40.658601" lon="-0.076883">
        <ele>1160.8</ele>
        <time>2012-09-17T05:04:49Z</time>
        <extensions>
          <gpxtpx:TrackPointExtension>
            <gpxtpx:hr>151</gpxtpx:hr>
          </gpxtpx:TrackPointExtension>
        </extensions>
      </trkpt>
      <trkpt lat="40.658667" lon="-0.076816">
        <ele>1161.5</ele>
        <time>2012-09-17T05:04:55Z</time>
        <extensions>
          <gpxtpx:TrackPointExtension>
            <gpxtpx:hr>150</gpxtpx:hr>
          </gpxtpx:TrackPointExtension>
        </extensions>
      </trkpt>
      <trkpt lat="40.658751" lon="-0.076816">
        <ele>1163.2</ele>
        <time>2012-09-17T05:05:02Z</time>
        <extensions>
          <gpxtpx:TrackPointExtension>
            <gpxtpx:hr>150</gpxtpx:hr>
          </gpxtpx:TrackPointExtension>
        </extensions>
      </trkpt>
      <trkpt lat="40.658768" lon="-0.076816">
        <ele>1163.5</ele>
        <time>2012-09-17T05:05:03Z</time>
        <extensions>
          <gpxtpx:TrackPointExtension>
            <gpxtpx:hr>150</gpxtpx:hr>
          </gpxtpx:TrackPointExtension>
        </extensions>
      </trkpt>
      <trkpt lat="40.658917" lon="-0.076783">
        <ele>1164.8</ele>
        <time>2012-09-17T05:05:14Z</time>
        <extensions>
          <gpxtpx:TrackPointExtension>
            <gpxtpx:hr>151</gpxtpx:hr>
          </gpxtpx:TrackPointExtension>
        </extensions>
      </trkpt>
      <trkpt lat="40.658984" lon="-0.076766">
        <ele>1165.3</ele>
        <time>2012-09-17T05:05:20Z</time>
        <extensions>
          <gpxtpx:TrackPointExtension>
            <gpxtpx:hr>151</gpxtpx:hr>
          </gpxtpx:TrackPointExtension>
        </extensions>
      </trkpt>
      <trkpt lat="40.659068" lon="-0.076700">
        <ele>1166.0</ele>
        <time>2012-09-17T05:05:27Z</time>
        <extensions>
          <gpxtpx:TrackPointExtension>
            <gpxtpx:hr>151</gpxtpx:hr>
          </gpxtpx:TrackPointExtension>
        </extensions>
      </trkpt>
      <trkpt lat="40.659134" lon="-0.076650">
        <ele>1166.5</ele>
        <time>2012-09-17T05:05:33Z</time>
        <extensions>
          <gpxtpx:TrackPointExtension>
            <gpxtpx:hr>151</gpxtpx:hr>
          </gpxtpx:TrackPointExtension>
        </extensions>
      </trkpt>
      <trkpt lat="40.659218" lon="-0.076600">
        <ele>1167.2</ele>
        <time>2012-09-17T05:05:39Z</time>
        <extensions>
          <gpxtpx:TrackPointExtension>
            <gpxtpx:hr>149</gpxtpx:hr>
          </gpxtpx:TrackPointExtension>
        </extensions>
      </trkpt>
      <trkpt lat="40.659284" lon="-0.076549">
        <ele>1167.4</ele>
        <time>2012-09-17T05:05:45Z</time>
        <extensions>
          <gpxtpx:TrackPointExtension>
            <gpxtpx:hr>148</gpxtpx:hr>
          </gpxtpx:TrackPointExtension>
        </extensions>
      </trkpt>
      <trkpt lat="40.659367" lon="-0.076516">
        <ele>1168.4</ele>
        <time>2012-09-17T05:05:52Z</time>
        <extensions>
          <gpxtpx:TrackPointExtension>
            <gpxtpx:hr>146</gpxtpx:hr>
          </gpxtpx:TrackPointExtension>
        </extensions>
      </trkpt>
      <trkpt lat="40.659451" lon="-0.076482">
        <ele>1169.8</ele>
        <time>2012-09-17T05:05:59Z</time>
        <extensions>
          <gpxtpx:TrackPointExtension>
            <gpxtpx:hr>147</gpxtpx:hr>
          </gpxtpx:TrackPointExtension>
        </extensions>
      </trkpt>
      <trkpt lat="40.659534" lon="-0.076450">
        <ele>1171.4</ele>
        <time>2012-09-17T05:06:06Z</time>
        <extensions>
          <gpxtpx:TrackPointExtension>
            <gpxtpx:hr>148</gpxtpx:hr>
          </gpxtpx:TrackPointExtension>
        </extensions>
      </trkpt>
      <trkpt lat="40.659550" lon="-0.076450">
        <ele>1171.8</ele>
        <time>2012-09-17T05:06:07Z</time>
        <extensions>
          <gpxtpx:TrackPointExtension>
            <gpxtpx:hr>149</gpxtpx:hr>
          </gpxtpx:TrackPointExtension>
        </extensions>
      </trkpt>
      <trkpt lat="40.659684" lon="-0.076399">
        <ele>1174.8</ele>
        <time>2012-09-17T05:06:20Z</time>
        <extensions>
          <gpxtpx:TrackPointExtension>
            <gpxtpx:hr>152</gpxtpx:hr>
          </gpxtpx:TrackPointExtension>
        </extensions>
      </trkpt>
      <trkpt lat="40.659768" lon="-0.076383">
        <ele>1176.5</ele>
        <time>2012-09-17T05:06:25Z</time>
        <extensions>
          <gpxtpx:TrackPointExtension>
            <gpxtpx:hr>154</gpxtpx:hr>
          </gpxtpx:TrackPointExtension>
        </extensions>
      </trkpt>
      <trkpt lat="40.659851" lon="-0.076333">
        <ele>1177.9</ele>
        <time>2012-09-17T05:06:32Z</time>
        <extensions>
          <gpxtpx:TrackPointExtension>
            <gpxtpx:hr>157</gpxtpx:hr>
          </gpxtpx:TrackPointExtension>
        </extensions>
      </trkpt>
      <trkpt lat="40.659917" lon="-0.076266">
        <ele>1179.2</ele>
        <time>2012-09-17T05:06:38Z</time>
        <extensions>
          <gpxtpx:TrackPointExtension>
            <gpxtpx:hr>157</gpxtpx:hr>
          </gpxtpx:TrackPointExtension>
        </extensions>
      </trkpt>
      <trkpt lat="40.659984" lon="-0.076216">
        <ele>1180.2</ele>
        <time>2012-09-17T05:06:45Z</time>
        <extensions>
          <gpxtpx:TrackPointExtension>
            <gpxtpx:hr>156</gpxtpx:hr>
          </gpxtpx:TrackPointExtension>
        </extensions>
      </trkpt>
      <trkpt lat="40.660084" lon="-0.076216">
        <ele>1179.4</ele>
        <time>2012-09-17T05:06:50Z</time>
        <extensions>
          <gpxtpx:TrackPointExtension>
            <gpxtpx:hr>154</gpxtpx:hr>
          </gpxtpx:TrackPointExtension>
        </extensions>
      </trkpt>
      <trkpt lat="40.660150" lon="-0.076183">
        <ele>1179.9</ele>
        <time>2012-09-17T05:06:55Z</time>
        <extensions>
          <gpxtpx:TrackPointExtension>
            <gpxtpx:hr>153</gpxtpx:hr>
          </gpxtpx:TrackPointExtension>
        </extensions>
      </trkpt>
      <trkpt lat="40.660234" lon="-0.076133">
        <ele>1180.7</ele>
        <time>2012-09-17T05:06:59Z</time>
        <extensions>
          <gpxtpx:TrackPointExtension>
            <gpxtpx:hr>151</gpxtpx:hr>
          </gpxtpx:TrackPointExtension>
        </extensions>
      </trkpt>
      <trkpt lat="40.660300" lon="-0.076100">
        <ele>1180.8</ele>
        <time>2012-09-17T05:07:02Z</time>
        <extensions>
          <gpxtpx:TrackPointExtension>
            <gpxtpx:hr>149</gpxtpx:hr>
          </gpxtpx:TrackPointExtension>
        </extensions>
      </trkpt>
      <trkpt lat="40.660367" lon="-0.076066">
        <ele>1180.9</ele>
        <time>2012-09-17T05:07:04Z</time>
        <extensions>
          <gpxtpx:TrackPointExtension>
            <gpxtpx:hr>148</gpxtpx:hr>
          </gpxtpx:TrackPointExtension>
        </extensions>
      </trkpt>
      <trkpt lat="40.660417" lon="-0.076033">
        <ele>1181.0</ele>
        <time>2012-09-17T05:07:06Z</time>
        <extensions>
          <gpxtpx:TrackPointExtension>
            <gpxtpx:hr>147</gpxtpx:hr>
          </gpxtpx:TrackPointExtension>
        </extensions>
      </trkpt>
      <trkpt lat="40.660484" lon="-0.075983">
        <ele>1181.5</ele>
        <time>2012-09-17T05:07:08Z</time>
        <extensions>
          <gpxtpx:TrackPointExtension>
            <gpxtpx:hr>147</gpxtpx:hr>
          </gpxtpx:TrackPointExtension>
        </extensions>
      </trkpt>
      <trkpt lat="40.660517" lon="-0.075949">
        <ele>1182.4</ele>
        <time>2012-09-17T05:07:09Z</time>
        <extensions>
          <gpxtpx:TrackPointExtension>
            <gpxtpx:hr>147</gpxtpx:hr>
          </gpxtpx:TrackPointExtension>
        </extensions>
      </trkpt>
      <trkpt lat="40.660617" lon="-0.075866">
        <ele>1184.4</ele>
        <time>2012-09-17T05:07:13Z</time>
        <extensions>
          <gpxtpx:TrackPointExtension>
            <gpxtpx:hr>147</gpxtpx:hr>
          </gpxtpx:TrackPointExtension>
        </extensions>
      </trkpt>
      <trkpt lat="40.660684" lon="-0.075866">
        <ele>1184.5</ele>
        <time>2012-09-17T05:07:16Z</time>
        <extensions>
          <gpxtpx:TrackPointExtension>
            <gpxtpx:hr>149</gpxtpx:hr>
          </gpxtpx:TrackPointExtension>
        </extensions>
      </trkpt>
      <trkpt lat="40.660750" lon="-0.075866">
        <ele>1184.6</ele>
        <time>2012-09-17T05:07:18Z</time>
        <extensions>
          <gpxtpx:TrackPointExtension>
            <gpxtpx:hr>149</gpxtpx:hr>
          </gpxtpx:TrackPointExtension>
        </extensions>
      </trkpt>
      <trkpt lat="40.660817" lon="-0.075900">
        <ele>1182.9</ele>
        <time>2012-09-17T05:07:20Z</time>
        <extensions>
          <gpxtpx:TrackPointExtension>
            <gpxtpx:hr>150</gpxtpx:hr>
          </gpxtpx:TrackPointExtension>
        </extensions>
      </trkpt>
      <trkpt lat="40.660901" lon="-0.075933">
        <ele>1181.3</ele>
        <time>2012-09-17T05:07:22Z</time>
        <extensions>
          <gpxtpx:TrackPointExtension>
            <gpxtpx:hr>149</gpxtpx:hr>
          </gpxtpx:TrackPointExtension>
        </extensions>
      </trkpt>
      <trkpt lat="40.660967" lon="-0.075966">
        <ele>1180.6</ele>
        <time>2012-09-17T05:07:24Z</time>
        <extensions>
          <gpxtpx:TrackPointExtension>
            <gpxtpx:hr>148</gpxtpx:hr>
          </gpxtpx:TrackPointExtension>
        </extensions>
      </trkpt>
      <trkpt lat="40.661050" lon="-0.076016">
        <ele>1180.2</ele>
        <time>2012-09-17T05:07:26Z</time>
        <extensions>
          <gpxtpx:TrackPointExtension>
            <gpxtpx:hr>147</gpxtpx:hr>
          </gpxtpx:TrackPointExtension>
        </extensions>
      </trkpt>
      <trkpt lat="40.661134" lon="-0.076050">
        <ele>1180.6</ele>
        <time>2012-09-17T05:07:28Z</time>
        <extensions>
          <gpxtpx:TrackPointExtension>
            <gpxtpx:hr>147</gpxtpx:hr>
          </gpxtpx:TrackPointExtension>
        </extensions>
      </trkpt>
      <trkpt lat="40.661200" lon="-0.076100">
        <ele>1180.5</ele>
        <time>2012-09-17T05:07:30Z</time>
        <extensions>
          <gpxtpx:TrackPointExtension>
            <gpxtpx:hr>146</gpxtpx:hr>
          </gpxtpx:TrackPointExtension>
        </extensions>
      </trkpt>
      <trkpt lat="40.661267" lon="-0.076133">
        <ele>1180.8</ele>
        <time>2012-09-17T05:07:32Z</time>
        <extensions>
          <gpxtpx:TrackPointExtension>
            <gpxtpx:hr>146</gpxtpx:hr>
          </gpxtpx:TrackPointExtension>
        </extensions>
      </trkpt>
      <trkpt lat="40.661334" lon="-0.076183">
        <ele>1181.2</ele>
        <time>2012-09-17T05:07:35Z</time>
        <extensions>
          <gpxtpx:TrackPointExtension>
            <gpxtpx:hr>145</gpxtpx:hr>
          </gpxtpx:TrackPointExtension>
        </extensions>
      </trkpt>
      <trkpt lat="40.661400" lon="-0.076250">
        <ele>1181.6</ele>
        <time>2012-09-17T05:07:38Z</time>
        <extensions>
          <gpxtpx:TrackPointExtension>
            <gpxtpx:hr>145</gpxtpx:hr>
          </gpxtpx:TrackPointExtension>
        </extensions>
      </trkpt>
      <trkpt lat="40.661467" lon="-0.076283">
        <ele>1182.5</ele>
        <time>2012-09-17T05:07:41Z</time>
        <extensions>
          <gpxtpx:TrackPointExtension>
            <gpxtpx:hr>144</gpxtpx:hr>
          </gpxtpx:TrackPointExtension>
        </extensions>
      </trkpt>
      <trkpt lat="40.661550" lon="-0.076316">
        <ele>1183.8</ele>
        <time>2012-09-17T05:07:45Z</time>
        <extensions>
          <gpxtpx:TrackPointExtension>
            <gpxtpx:hr>144</gpxtpx:hr>
          </gpxtpx:TrackPointExtension>
        </extensions>
      </trkpt>
      <trkpt lat="40.661617" lon="-0.076366">
        <ele>1184.9</ele>
        <time>2012-09-17T05:07:50Z</time>
        <extensions>
          <gpxtpx:TrackPointExtension>
            <gpxtpx:hr>145</gpxtpx:hr>
          </gpxtpx:TrackPointExtension>
        </extensions>
      </trkpt>
      <trkpt lat="40.661684" lon="-0.076450">
        <ele>1185.7</ele>
        <time>2012-09-17T05:07:55Z</time>
        <extensions>
          <gpxtpx:TrackPointExtension>
            <gpxtpx:hr>146</gpxtpx:hr>
          </gpxtpx:TrackPointExtension>
        </extensions>
      </trkpt>
      <trkpt lat="40.661750" lon="-0.076499">
        <ele>1186.9</ele>
        <time>2012-09-17T05:08:01Z</time>
        <extensions>
          <gpxtpx:TrackPointExtension>
            <gpxtpx:hr>148</gpxtpx:hr>
          </gpxtpx:TrackPointExtension>
        </extensions>
      </trkpt>
      <trkpt lat="40.661817" lon="-0.076566">
        <ele>1187.7</ele>
        <time>2012-09-17T05:08:07Z</time>
        <extensions>
          <gpxtpx:TrackPointExtension>
            <gpxtpx:hr>150</gpxtpx:hr>
          </gpxtpx:TrackPointExtension>
        </extensions>
      </trkpt>
      <trkpt lat="40.661884" lon="-0.076650">
        <ele>1188.5</ele>
        <time>2012-09-17T05:08:13Z</time>
        <extensions>
          <gpxtpx:TrackPointExtension>
            <gpxtpx:hr>151</gpxtpx:hr>
          </gpxtpx:TrackPointExtension>
        </extensions>
      </trkpt>
      <trkpt lat="40.661900" lon="-0.076650">
        <ele>1188.9</ele>
        <time>2012-09-17T05:08:14Z</time>
        <extensions>
          <gpxtpx:TrackPointExtension>
            <gpxtpx:hr>151</gpxtpx:hr>
          </gpxtpx:TrackPointExtension>
        </extensions>
      </trkpt>
      <trkpt lat="40.662000" lon="-0.076783">
        <ele>1190.4</ele>
        <time>2012-09-17T05:08:24Z</time>
        <extensions>
          <gpxtpx:TrackPointExtension>
            <gpxtpx:hr>152</gpxtpx:hr>
          </gpxtpx:TrackPointExtension>
        </extensions>
      </trkpt>
      <trkpt lat="40.662050" lon="-0.076849">
        <ele>1191.2</ele>
        <time>2012-09-17T05:08:29Z</time>
        <extensions>
          <gpxtpx:TrackPointExtension>
            <gpxtpx:hr>152</gpxtpx:hr>
          </gpxtpx:TrackPointExtension>
        </extensions>
      </trkpt>
      <trkpt lat="40.662117" lon="-0.076933">
        <ele>1192.6</ele>
        <time>2012-09-17T05:08:34Z</time>
        <extensions>
          <gpxtpx:TrackPointExtension>
            <gpxtpx:hr>151</gpxtpx:hr>
          </gpxtpx:TrackPointExtension>
        </extensions>
      </trkpt>
      <trkpt lat="40.662184" lon="-0.077000">
        <ele>1193.1</ele>
        <time>2012-09-17T05:08:39Z</time>
        <extensions>
          <gpxtpx:TrackPointExtension>
            <gpxtpx:hr>151</gpxtpx:hr>
          </gpxtpx:TrackPointExtension>
        </extensions>
      </trkpt>
      <trkpt lat="40.662234" lon="-0.077050">
        <ele>1193.1</ele>
        <time>2012-09-17T05:08:43Z</time>
        <extensions>
          <gpxtpx:TrackPointExtension>
            <gpxtpx:hr>151</gpxtpx:hr>
          </gpxtpx:TrackPointExtension>
        </extensions>
      </trkpt>
      <trkpt lat="40.662301" lon="-0.077133">
        <ele>1193.0</ele>
        <time>2012-09-17T05:08:48Z</time>
        <extensions>
          <gpxtpx:TrackPointExtension>
            <gpxtpx:hr>150</gpxtpx:hr>
          </gpxtpx:TrackPointExtension>
        </extensions>
      </trkpt>
      <trkpt lat="40.662384" lon="-0.077183">
        <ele>1193.6</ele>
        <time>2012-09-17T05:08:53Z</time>
        <extensions>
          <gpxtpx:TrackPointExtension>
            <gpxtpx:hr>150</gpxtpx:hr>
          </gpxtpx:TrackPointExtension>
        </extensions>
      </trkpt>
      <trkpt lat="40.662450" lon="-0.077233">
        <ele>1193.9</ele>
        <time>2012-09-17T05:08:57Z</time>
        <extensions>
          <gpxtpx:TrackPointExtension>
            <gpxtpx:hr>149</gpxtpx:hr>
          </gpxtpx:TrackPointExtension>
        </extensions>
      </trkpt>
      <trkpt lat="40.662517" lon="-0.077283">
        <ele>1194.2</ele>
        <time>2012-09-17T05:09:01Z</time>
        <extensions>
          <gpxtpx:TrackPointExtension>
            <gpxtpx:hr>147</gpxtpx:hr>
          </gpxtpx:TrackPointExtension>
        </extensions>
      </trkpt>
      <trkpt lat="40.662584" lon="-0.077316">
        <ele>1194.7</ele>
        <time>2012-09-17T05:09:05Z</time>
        <extensions>
          <gpxtpx:TrackPointExtension>
            <gpxtpx:hr>146</gpxtpx:hr>
          </gpxtpx:TrackPointExtension>
        </extensions>
      </trkpt>
      <trkpt lat="40.662667" lon="-0.077350">
        <ele>1195.4</ele>
        <time>2012-09-17T05:09:09Z</time>
        <extensions>
          <gpxtpx:TrackPointExtension>
            <gpxtpx:hr>144</gpxtpx:hr>
          </gpxtpx:TrackPointExtension>
        </extensions>
      </trkpt>
      <trkpt lat="40.662750" lon="-0.077383">
        <ele>1196.1</ele>
        <time>2012-09-17T05:09:13Z</time>
        <extensions>
          <gpxtpx:TrackPointExtension>
            <gpxtpx:hr>144</gpxtpx:hr>
          </gpxtpx:TrackPointExtension>
        </extensions>
      </trkpt>
      <trkpt lat="40.662834" lon="-0.077416">
        <ele>1196.6</ele>
        <time>2012-09-17T05:09:17Z</time>
        <extensions>
          <gpxtpx:TrackPointExtension>
            <gpxtpx:hr>143</gpxtpx:hr>
          </gpxtpx:TrackPointExtension>
        </extensions>
      </trkpt>
      <trkpt lat="40.662850" lon="-0.077416">
        <ele>1196.8</ele>
        <time>2012-09-17T05:09:18Z</time>
        <extensions>
          <gpxtpx:TrackPointExtension>
            <gpxtpx:hr>143</gpxtpx:hr>
          </gpxtpx:TrackPointExtension>
        </extensions>
      </trkpt>
      <trkpt lat="40.662984" lon="-0.077483">
        <ele>1197.1</ele>
        <time>2012-09-17T05:09:25Z</time>
        <extensions>
          <gpxtpx:TrackPointExtension>
            <gpxtpx:hr>141</gpxtpx:hr>
          </gpxtpx:TrackPointExtension>
        </extensions>
      </trkpt>
      <trkpt lat="40.663067" lon="-0.077499">
        <ele>1197.7</ele>
        <time>2012-09-17T05:09:29Z</time>
        <extensions>
          <gpxtpx:TrackPointExtension>
            <gpxtpx:hr>141</gpxtpx:hr>
          </gpxtpx:TrackPointExtension>
        </extensions>
      </trkpt>
      <trkpt lat="40.663151" lon="-0.077549">
        <ele>1197.8</ele>
        <time>2012-09-17T05:09:33Z</time>
        <extensions>
          <gpxtpx:TrackPointExtension>
            <gpxtpx:hr>140</gpxtpx:hr>
          </gpxtpx:TrackPointExtension>
        </extensions>
      </trkpt>
      <trkpt lat="40.663217" lon="-0.077599">
        <ele>1197.6</ele>
        <time>2012-09-17T05:09:36Z</time>
        <extensions>
          <gpxtpx:TrackPointExtension>
            <gpxtpx:hr>141</gpxtpx:hr>
          </gpxtpx:TrackPointExtension>
        </extensions>
      </trkpt>
      <trkpt lat="40.663267" lon="-0.077633">
        <ele>1197.6</ele>
        <time>2012-09-17T05:09:38Z</time>
        <extensions>
          <gpxtpx:TrackPointExtension>
            <gpxtpx:hr>140</gpxtpx:hr>
          </gpxtpx:TrackPointExtension>
        </extensions>
      </trkpt>
      <trkpt lat="40.663334" lon="-0.077666">
        <ele>1197.7</ele>
        <time>2012-09-17T05:09:40Z</time>
        <extensions>
          <gpxtpx:TrackPointExtension>
            <gpxtpx:hr>140</gpxtpx:hr>
          </gpxtpx:TrackPointExtension>
        </extensions>
      </trkpt>
      <trkpt lat="40.663400" lon="-0.077683">
        <ele>1198.0</ele>
        <time>2012-09-17T05:09:42Z</time>
        <extensions>
          <gpxtpx:TrackPointExtension>
            <gpxtpx:hr>140</gpxtpx:hr>
          </gpxtpx:TrackPointExtension>
        </extensions>
      </trkpt>
      <trkpt lat="40.663484" lon="-0.077716">
        <ele>1198.3</ele>
        <time>2012-09-17T05:09:45Z</time>
        <extensions>
          <gpxtpx:TrackPointExtension>
            <gpxtpx:hr>139</gpxtpx:hr>
          </gpxtpx:TrackPointExtension>
        </extensions>
      </trkpt>
      <trkpt lat="40.663550" lon="-0.077733">
        <ele>1198.3</ele>
        <time>2012-09-17T05:09:48Z</time>
        <extensions>
          <gpxtpx:TrackPointExtension>
            <gpxtpx:hr>137</gpxtpx:hr>
          </gpxtpx:TrackPointExtension>
        </extensions>
      </trkpt>
      <trkpt lat="40.663617" lon="-0.077766">
        <ele>1197.8</ele>
        <time>2012-09-17T05:09:51Z</time>
        <extensions>
          <gpxtpx:TrackPointExtension>
            <gpxtpx:hr>136</gpxtpx:hr>
          </gpxtpx:TrackPointExtension>
        </extensions>
      </trkpt>
      <trkpt lat="40.663700" lon="-0.077800">
        <ele>1197.7</ele>
        <time>2012-09-17T05:09:54Z</time>
        <extensions>
          <gpxtpx:TrackPointExtension>
            <gpxtpx:hr>135</gpxtpx:hr>
          </gpxtpx:TrackPointExtension>
        </extensions>
      </trkpt>
      <trkpt lat="40.663767" lon="-0.077849">
        <ele>1197.4</ele>
        <time>2012-09-17T05:09:57Z</time>
        <extensions>
          <gpxtpx:TrackPointExtension>
            <gpxtpx:hr>135</gpxtpx:hr>
          </gpxtpx:TrackPointExtension>
        </extensions>
      </trkpt>
      <trkpt lat="40.663834" lon="-0.077900">
        <ele>1197.1</ele>
        <time>2012-09-17T05:10:00Z</time>
        <extensions>
          <gpxtpx:TrackPointExtension>
            <gpxtpx:hr>135</gpxtpx:hr>
          </gpxtpx:TrackPointExtension>
        </extensions>
      </trkpt>
      <trkpt lat="40.663900" lon="-0.077966">
        <ele>1197.1</ele>
        <time>2012-09-17T05:10:03Z</time>
        <extensions>
          <gpxtpx:TrackPointExtension>
            <gpxtpx:hr>135</gpxtpx:hr>
          </gpxtpx:TrackPointExtension>
        </extensions>
      </trkpt>
      <trkpt lat="40.663967" lon="-0.078033">
        <ele>1197.4</ele>
        <time>2012-09-17T05:10:06Z</time>
        <extensions>
          <gpxtpx:TrackPointExtension>
            <gpxtpx:hr>135</gpxtpx:hr>
          </gpxtpx:TrackPointExtension>
        </extensions>
      </trkpt>
      <trkpt lat="40.664034" lon="-0.078083">
        <ele>1197.8</ele>
        <time>2012-09-17T05:10:09Z</time>
        <extensions>
          <gpxtpx:TrackPointExtension>
            <gpxtpx:hr>137</gpxtpx:hr>
          </gpxtpx:TrackPointExtension>
        </extensions>
      </trkpt>
      <trkpt lat="40.664084" lon="-0.078150">
        <ele>1198.1</ele>
        <time>2012-09-17T05:10:12Z</time>
        <extensions>
          <gpxtpx:TrackPointExtension>
            <gpxtpx:hr>138</gpxtpx:hr>
          </gpxtpx:TrackPointExtension>
        </extensions>
      </trkpt>
      <trkpt lat="40.664151" lon="-0.078216">
        <ele>1198.8</ele>
        <time>2012-09-17T05:10:16Z</time>
        <extensions>
          <gpxtpx:TrackPointExtension>
            <gpxtpx:hr>140</gpxtpx:hr>
          </gpxtpx:TrackPointExtension>
        </extensions>
      </trkpt>
      <trkpt lat="40.664234" lon="-0.078266">
        <ele>1199.9</ele>
        <time>2012-09-17T05:10:23Z</time>
        <extensions>
          <gpxtpx:TrackPointExtension>
            <gpxtpx:hr>141</gpxtpx:hr>
          </gpxtpx:TrackPointExtension>
        </extensions>
      </trkpt>
      <trkpt lat="40.664234" lon="-0.078266">
        <ele>1199.9</ele>
        <time>2012-09-17T05:10:24Z</time>
        <extensions>
          <gpxtpx:TrackPointExtension>
            <gpxtpx:hr>141</gpxtpx:hr>
          </gpxtpx:TrackPointExtension>
        </extensions>
      </trkpt>
      <trkpt lat="40.664350" lon="-0.078416">
        <ele>1201.4</ele>
        <time>2012-09-17T05:10:34Z</time>
        <extensions>
          <gpxtpx:TrackPointExtension>
            <gpxtpx:hr>142</gpxtpx:hr>
          </gpxtpx:TrackPointExtension>
        </extensions>
      </trkpt>
      <trkpt lat="40.664417" lon="-0.078483">
        <ele>1202.2</ele>
        <time>2012-09-17T05:10:39Z</time>
        <extensions>
          <gpxtpx:TrackPointExtension>
            <gpxtpx:hr>142</gpxtpx:hr>
          </gpxtpx:TrackPointExtension>
        </extensions>
      </trkpt>
      <trkpt lat="40.664484" lon="-0.078550">
        <ele>1202.8</ele>
        <time>2012-09-17T05:10:44Z</time>
        <extensions>
          <gpxtpx:TrackPointExtension>
            <gpxtpx:hr>142</gpxtpx:hr>
          </gpxtpx:TrackPointExtension>
        </extensions>
      </trkpt>
      <trkpt lat="40.664550" lon="-0.078600">
        <ele>1203.1</ele>
        <time>2012-09-17T05:10:48Z</time>
        <extensions>
          <gpxtpx:TrackPointExtension>
            <gpxtpx:hr>142</gpxtpx:hr>
          </gpxtpx:TrackPointExtension>
        </extensions>
      </trkpt>
      <trkpt lat="40.664634" lon="-0.078649">
        <ele>1203.7</ele>
        <time>2012-09-17T05:10:52Z</time>
        <extensions>
          <gpxtpx:TrackPointExtension>
            <gpxtpx:hr>142</gpxtpx:hr>
          </gpxtpx:TrackPointExtension>
        </extensions>
      </trkpt>
      <trkpt lat="40.664701" lon="-0.078700">
        <ele>1204.2</ele>
        <time>2012-09-17T05:10:56Z</time>
        <extensions>
          <gpxtpx:TrackPointExtension>
            <gpxtpx:hr>143</gpxtpx:hr>
          </gpxtpx:TrackPointExtension>
        </extensions>
      </trkpt>
      <trkpt lat="40.664767" lon="-0.078733">
        <ele>1205.0</ele>
        <time>2012-09-17T05:11:00Z</time>
        <extensions>
          <gpxtpx:TrackPointExtension>
            <gpxtpx:hr>142</gpxtpx:hr>
          </gpxtpx:TrackPointExtension>
        </extensions>
      </trkpt>
      <trkpt lat="40.664851" lon="-0.078766">
        <ele>1206.1</ele>
        <time>2012-09-17T05:11:05Z</time>
        <extensions>
          <gpxtpx:TrackPointExtension>
            <gpxtpx:hr>143</gpxtpx:hr>
          </gpxtpx:TrackPointExtension>
        </extensions>
      </trkpt>
      <trkpt lat="40.664917" lon="-0.078783">
        <ele>1207.1</ele>
        <time>2012-09-17T05:11:10Z</time>
        <extensions>
          <gpxtpx:TrackPointExtension>
            <gpxtpx:hr>144</gpxtpx:hr>
          </gpxtpx:TrackPointExtension>
        </extensions>
      </trkpt>
      <trkpt lat="40.665000" lon="-0.078800">
        <ele>1208.3</ele>
        <time>2012-09-17T05:11:16Z</time>
        <extensions>
          <gpxtpx:TrackPointExtension>
            <gpxtpx:hr>145</gpxtpx:hr>
          </gpxtpx:TrackPointExtension>
        </extensions>
      </trkpt>
      <trkpt lat="40.665084" lon="-0.078816">
        <ele>1209.3</ele>
        <time>2012-09-17T05:11:23Z</time>
        <extensions>
          <gpxtpx:TrackPointExtension>
            <gpxtpx:hr>146</gpxtpx:hr>
          </gpxtpx:TrackPointExtension>
        </extensions>
      </trkpt>
      <trkpt lat="40.665184" lon="-0.078849">
        <ele>1210.5</ele>
        <time>2012-09-17T05:11:30Z</time>
        <extensions>
          <gpxtpx:TrackPointExtension>
            <gpxtpx:hr>146</gpxtpx:hr>
          </gpxtpx:TrackPointExtension>
        </extensions>
      </trkpt>
      <trkpt lat="40.665184" lon="-0.078849">
        <ele>1210.5</ele>
        <time>2012-09-17T05:11:31Z</time>
        <extensions>
          <gpxtpx:TrackPointExtension>
            <gpxtpx:hr>146</gpxtpx:hr>
          </gpxtpx:TrackPointExtension>
        </extensions>
      </trkpt>
      <trkpt lat="40.665334" lon="-0.078866">
        <ele>1212.3</ele>
        <time>2012-09-17T05:11:43Z</time>
        <extensions>
          <gpxtpx:TrackPointExtension>
            <gpxtpx:hr>147</gpxtpx:hr>
          </gpxtpx:TrackPointExtension>
        </extensions>
      </trkpt>
      <trkpt lat="40.665417" lon="-0.078883">
        <ele>1212.7</ele>
        <time>2012-09-17T05:11:49Z</time>
        <extensions>
          <gpxtpx:TrackPointExtension>
            <gpxtpx:hr>147</gpxtpx:hr>
          </gpxtpx:TrackPointExtension>
        </extensions>
      </trkpt>
      <trkpt lat="40.665501" lon="-0.078866">
        <ele>1213.3</ele>
        <time>2012-09-17T05:11:55Z</time>
        <extensions>
          <gpxtpx:TrackPointExtension>
            <gpxtpx:hr>146</gpxtpx:hr>
          </gpxtpx:TrackPointExtension>
        </extensions>
      </trkpt>
      <trkpt lat="40.665584" lon="-0.078849">
        <ele>1214.0</ele>
        <time>2012-09-17T05:12:00Z</time>
        <extensions>
          <gpxtpx:TrackPointExtension>
            <gpxtpx:hr>145</gpxtpx:hr>
          </gpxtpx:TrackPointExtension>
        </extensions>
      </trkpt>
      <trkpt lat="40.665650" lon="-0.078833">
        <ele>1214.5</ele>
        <time>2012-09-17T05:12:04Z</time>
        <extensions>
          <gpxtpx:TrackPointExtension>
            <gpxtpx:hr>143</gpxtpx:hr>
          </gpxtpx:TrackPointExtension>
        </extensions>
      </trkpt>
      <trkpt lat="40.665734" lon="-0.078816">
        <ele>1214.7</ele>
        <time>2012-09-17T05:12:08Z</time>
        <extensions>
          <gpxtpx:TrackPointExtension>
            <gpxtpx:hr>142</gpxtpx:hr>
          </gpxtpx:TrackPointExtension>
        </extensions>
      </trkpt>
      <trkpt lat="40.665817" lon="-0.078816">
        <ele>1214.4</ele>
        <time>2012-09-17T05:12:12Z</time>
        <extensions>
          <gpxtpx:TrackPointExtension>
            <gpxtpx:hr>140</gpxtpx:hr>
          </gpxtpx:TrackPointExtension>
        </extensions>
      </trkpt>
      <trkpt lat="40.665884" lon="-0.078783">
        <ele>1214.8</ele>
        <time>2012-09-17T05:12:15Z</time>
        <extensions>
          <gpxtpx:TrackPointExtension>
            <gpxtpx:hr>139</gpxtpx:hr>
          </gpxtpx:TrackPointExtension>
        </extensions>
      </trkpt>
      <trkpt lat="40.665951" lon="-0.078766">
        <ele>1215.0</ele>
        <time>2012-09-17T05:12:18Z</time>
        <extensions>
          <gpxtpx:TrackPointExtension>
            <gpxtpx:hr>139</gpxtpx:hr>
          </gpxtpx:TrackPointExtension>
        </extensions>
      </trkpt>
      <trkpt lat="40.666017" lon="-0.078733">
        <ele>1215.5</ele>
        <time>2012-09-17T05:12:21Z</time>
        <extensions>
          <gpxtpx:TrackPointExtension>
            <gpxtpx:hr>139</gpxtpx:hr>
          </gpxtpx:TrackPointExtension>
        </extensions>
      </trkpt>
      <trkpt lat="40.666100" lon="-0.078716">
        <ele>1215.7</ele>
        <time>2012-09-17T05:12:24Z</time>
        <extensions>
          <gpxtpx:TrackPointExtension>
            <gpxtpx:hr>139</gpxtpx:hr>
          </gpxtpx:TrackPointExtension>
        </extensions>
      </trkpt>
      <trkpt lat="40.666167" lon="-0.078733">
        <ele>1215.2</ele>
        <time>2012-09-17T05:12:27Z</time>
        <extensions>
          <gpxtpx:TrackPointExtension>
            <gpxtpx:hr>136</gpxtpx:hr>
          </gpxtpx:TrackPointExtension>
        </extensions>
      </trkpt>
      <trkpt lat="40.666250" lon="-0.078716">
        <ele>1215.1</ele>
        <time>2012-09-17T05:12:31Z</time>
        <extensions>
          <gpxtpx:TrackPointExtension>
            <gpxtpx:hr>134</gpxtpx:hr>
          </gpxtpx:TrackPointExtension>
        </extensions>
      </trkpt>
      <trkpt lat="40.666284" lon="-0.078700">
        <ele>1215.1</ele>
        <time>2012-09-17T05:12:32Z</time>
        <extensions>
          <gpxtpx:TrackPointExtension>
            <gpxtpx:hr>134</gpxtpx:hr>
          </gpxtpx:TrackPointExtension>
        </extensions>
      </trkpt>
      <trkpt lat="40.666400" lon="-0.078683">
        <ele>1215.0</ele>
        <time>2012-09-17T05:12:37Z</time>
        <extensions>
          <gpxtpx:TrackPointExtension>
            <gpxtpx:hr>129</gpxtpx:hr>
          </gpxtpx:TrackPointExtension>
        </extensions>
      </trkpt>
      <trkpt lat="40.666484" lon="-0.078700">
        <ele>1215.2</ele>
        <time>2012-09-17T05:12:40Z</time>
        <extensions>
          <gpxtpx:TrackPointExtension>
            <gpxtpx:hr>127</gpxtpx:hr>
          </gpxtpx:TrackPointExtension>
        </extensions>
      </trkpt>
      <trkpt lat="40.666551" lon="-0.078700">
        <ele>1215.6</ele>
        <time>2012-09-17T05:12:43Z</time>
        <extensions>
          <gpxtpx:TrackPointExtension>
            <gpxtpx:hr>127</gpxtpx:hr>
          </gpxtpx:TrackPointExtension>
        </extensions>
      </trkpt>
      <trkpt lat="40.666634" lon="-0.078700">
        <ele>1216.3</ele>
        <time>2012-09-17T05:12:47Z</time>
        <extensions>
          <gpxtpx:TrackPointExtension>
            <gpxtpx:hr>130</gpxtpx:hr>
          </gpxtpx:TrackPointExtension>
        </extensions>
      </trkpt>
    </trkseg>
    <trkseg>
      <trkpt lat="40.666634" lon="-0.078700">
        <ele>1216.3</ele>
        <time>2012-09-17T05:12:47Z</time>
        <extensions>
          <gpxtpx:TrackPointExtension>
            <gpxtpx:hr>130</gpxtpx:hr>
          </gpxtpx:TrackPointExtension>
        </extensions>
      </trkpt>
      <trkpt lat="40.666734" lon="-0.078833">
        <ele>1216.3</ele>
        <time>2012-09-17T05:12:47Z</time>
      </trkpt>
      <trkpt lat="40.666851" lon="-0.078999">
        <ele>1216.4</ele>
        <time>2012-09-17T05:12:47Z</time>
      </trkpt>
      <trkpt lat="40.667000" lon="-0.079233">
        <ele>1217.7</ele>
        <time>2012-09-17T05:12:47Z</time>
      </trkpt>
      <trkpt lat="40.667151" lon="-0.079516">
        <ele>1219.5</ele>
        <time>2012-09-17T05:12:47Z</time>
      </trkpt>
      <trkpt lat="40.667301" lon="-0.079866">
        <ele>1222.0</ele>
        <time>2012-09-17T05:12:47Z</time>
      </trkpt>
      <trkpt lat="40.667467" lon="-0.080216">
        <ele>1225.6</ele>
        <time>2012-09-17T05:12:47Z</time>
      </trkpt>
      <trkpt lat="40.667617" lon="-0.080600">
        <ele>1225.4</ele>
        <time>2012-09-17T05:12:47Z</time>
      </trkpt>
      <trkpt lat="40.667717" lon="-0.080950">
        <ele>1227.0</ele>
        <time>2012-09-17T05:12:47Z</time>
      </trkpt>
      <trkpt lat="40.667801" lon="-0.081516">
        <ele>1233.5</ele>
        <time>2012-09-17T05:12:47Z</time>
      </trkpt>
      <trkpt lat="40.667900" lon="-0.082099">
        <ele>1242.7</ele>
        <time>2012-09-17T05:12:47Z</time>
      </trkpt>
      <trkpt lat="40.668034" lon="-0.082666">
        <ele>1247.0</ele>
        <time>2012-09-17T05:12:47Z</time>
      </trkpt>
      <trkpt lat="40.668117" lon="-0.083050">
        <ele>1248.1</ele>
        <time>2012-09-17T05:12:47Z</time>
      </trkpt>
      <trkpt lat="40.668251" lon="-0.083266">
        <ele>1250.4</ele>
        <time>2012-09-17T05:12:47Z</time>
      </trkpt>
      <trkpt lat="40.668384" lon="-0.083416">
        <ele>1253.0</ele>
        <time>2012-09-17T05:12:47Z</time>
      </trkpt>
      <trkpt lat="40.668517" lon="-0.083483">
        <ele>1254.4</ele>
        <time>2012-09-17T05:12:47Z</time>
      </trkpt>
      <trkpt lat="40.668701" lon="-0.083549">
        <ele>1256.0</ele>
        <time>2012-09-17T05:12:47Z</time>
      </trkpt>
      <trkpt lat="40.668900" lon="-0.083600">
        <ele>1255.8</ele>
        <time>2012-09-17T05:12:47Z</time>
      </trkpt>
      <trkpt lat="40.669034" lon="-0.083650">
        <ele>1253.0</ele>
        <time>2012-09-17T05:12:47Z</time>
      </trkpt>
      <trkpt lat="40.669084" lon="-0.083683">
        <ele>1251.3</ele>
        <time>2012-09-17T05:12:47Z</time>
      </trkpt>
      <trkpt lat="40.669117" lon="-0.083750">
        <ele>1250.1</ele>
        <time>2012-09-17T05:12:47Z</time>
      </trkpt>
      <trkpt lat="40.669167" lon="-0.083816">
        <ele>1248.9</ele>
        <time>2012-09-17T05:12:47Z</time>
      </trkpt>
      <trkpt lat="40.669184" lon="-0.083883">
        <ele>1247.7</ele>
        <time>2012-09-17T05:12:47Z</time>
      </trkpt>
      <trkpt lat="40.669201" lon="-0.084033">
        <ele>1244.7</ele>
        <time>2012-09-17T05:12:47Z</time>
      </trkpt>
      <trkpt lat="40.669217" lon="-0.084550">
        <ele>1237.0</ele>
        <time>2012-09-17T05:12:47Z</time>
      </trkpt>
      <trkpt lat="40.669217" lon="-0.084683">
        <ele>1234.9</ele>
        <time>2012-09-17T05:12:47Z</time>
      </trkpt>
      <trkpt lat="40.669234" lon="-0.084833">
        <ele>1232.8</ele>
        <time>2012-09-17T05:12:47Z</time>
      </trkpt>
      <trkpt lat="40.669301" lon="-0.084950">
        <ele>1232.2</ele>
        <time>2012-09-17T05:12:47Z</time>
      </trkpt>
      <trkpt lat="40.669384" lon="-0.085050">
        <ele>1232.5</ele>
        <time>2012-09-17T05:12:47Z</time>
      </trkpt>
      <trkpt lat="40.669534" lon="-0.085100">
        <ele>1231.9</ele>
        <time>2012-09-17T05:12:47Z</time>
      </trkpt>
      <trkpt lat="40.669717" lon="-0.085166">
        <ele>1228.0</ele>
        <time>2012-09-17T05:12:47Z</time>
      </trkpt>
      <trkpt lat="40.670117" lon="-0.085233">
        <ele>1225.7</ele>
        <time>2012-09-17T05:12:47Z</time>
      </trkpt>
      <trkpt lat="40.670534" lon="-0.085283">
        <ele>1225.9</ele>
        <time>2012-09-17T05:12:47Z</time>
      </trkpt>
      <trkpt lat="40.670650" lon="-0.085316">
        <ele>1226.1</ele>
        <time>2012-09-17T05:12:47Z</time>
      </trkpt>
      <trkpt lat="40.670767" lon="-0.085366">
        <ele>1227.3</ele>
        <time>2012-09-17T05:12:47Z</time>
      </trkpt>
      <trkpt lat="40.670851" lon="-0.085466">
        <ele>1227.1</ele>
        <time>2012-09-17T05:12:47Z</time>
      </trkpt>
      <trkpt lat="40.670950" lon="-0.085616">
        <ele>1226.3</ele>
        <time>2012-09-17T05:12:47Z</time>
      </trkpt>
      <trkpt lat="40.671101" lon="-0.085850">
        <ele>1225.6</ele>
        <time>2012-09-17T05:12:47Z</time>
      </trkpt>
      <trkpt lat="40.671234" lon="-0.086100">
        <ele>1225.5</ele>
        <time>2012-09-17T05:12:47Z</time>
      </trkpt>
      <trkpt lat="40.671350" lon="-0.086366">
        <ele>1225.1</ele>
        <time>2012-09-17T05:12:47Z</time>
      </trkpt>
      <trkpt lat="40.671450" lon="-0.086683">
        <ele>1224.8</ele>
        <time>2012-09-17T05:12:47Z</time>
      </trkpt>
      <trkpt lat="40.671551" lon="-0.087016">
        <ele>1223.5</ele>
        <time>2012-09-17T05:12:47Z</time>
      </trkpt>
      <trkpt lat="40.671651" lon="-0.087349">
        <ele>1222.1</ele>
        <time>2012-09-17T05:12:47Z</time>
      </trkpt>
      <trkpt lat="40.671767" lon="-0.087683">
        <ele>1219.7</ele>
        <time>2012-09-17T05:12:47Z</time>
      </trkpt>
      <trkpt lat="40.671850" lon="-0.088000">
        <ele>1218.2</ele>
        <time>2012-09-17T05:12:47Z</time>
      </trkpt>
      <trkpt lat="40.671934" lon="-0.088366">
        <ele>1215.3</ele>
        <time>2012-09-17T05:12:47Z</time>
      </trkpt>
      <trkpt lat="40.672017" lon="-0.088733">
        <ele>1213.4</ele>
        <time>2012-09-17T05:12:47Z</time>
      </trkpt>
      <trkpt lat="40.672084" lon="-0.089066">
        <ele>1211.2</ele>
        <time>2012-09-17T05:12:47Z</time>
      </trkpt>
      <trkpt lat="40.672167" lon="-0.089383">
        <ele>1210.8</ele>
        <time>2012-09-17T05:12:47Z</time>
      </trkpt>
      <trkpt lat="40.672284" lon="-0.089650">
        <ele>1210.5</ele>
        <time>2012-09-17T05:12:47Z</time>
      </trkpt>
      <trkpt lat="40.672334" lon="-0.089800">
        <ele>1210.8</ele>
        <time>2012-09-17T05:12:47Z</time>
      </trkpt>
      <trkpt lat="40.672317" lon="-0.089900">
        <ele>1209.9</ele>
        <time>2012-09-17T05:12:47Z</time>
      </trkpt>
      <trkpt lat="40.672317" lon="-0.089900">
        <ele>1209.9</ele>
        <time>2012-09-17T05:12:47Z</time>
      </trkpt>
      <trkpt lat="40.672317" lon="-0.089900">
        <ele>1209.9</ele>
        <time>2012-09-17T05:12:47Z</time>
      </trkpt>
      <trkpt lat="40.672250" lon="-0.090100">
        <ele>1204.9</ele>
        <time>2008-11-24T02:45:51Z</time>
      </trkpt>
      <trkpt lat="40.672167" lon="-0.090216">
        <ele>1202.2</ele>
        <time>2008-11-24T02:45:59Z</time>
      </trkpt>
      <trkpt lat="40.672101" lon="-0.090300">
        <ele>1201.8</ele>
        <time>2008-11-24T02:46:07Z</time>
      </trkpt>
      <trkpt lat="40.672050" lon="-0.090400">
        <ele>1201.4</ele>
        <time>2008-11-24T02:46:14Z</time>
      </trkpt>
      <trkpt lat="40.671984" lon="-0.090466">
        <ele>1201.4</ele>
        <time>2008-11-24T02:46:21Z</time>
      </trkpt>
      <trkpt lat="40.671934" lon="-0.090583">
        <ele>1201.1</ele>
        <time>2008-11-24T02:46:28Z</time>
      </trkpt>
      <trkpt lat="40.671867" lon="-0.090666">
        <ele>1201.4</ele>
        <time>2008-11-24T02:46:35Z</time>
      </trkpt>
      <trkpt lat="40.671800" lon="-0.090766">
        <ele>1201.6</ele>
        <time>2008-11-24T02:46:42Z</time>
      </trkpt>
      <trkpt lat="40.671734" lon="-0.090916">
        <ele>1200.8</ele>
        <time>2008-11-24T02:46:49Z</time>
      </trkpt>
      <trkpt lat="40.671684" lon="-0.090966">
        <ele>1200.7</ele>
        <time>2008-11-24T02:46:56Z</time>
      </trkpt>
      <trkpt lat="40.671617" lon="-0.091049">
        <ele>1200.3</ele>
        <time>2008-11-24T02:47:03Z</time>
      </trkpt>
      <trkpt lat="40.671551" lon="-0.091166">
        <ele>1199.5</ele>
        <time>2008-11-24T02:47:10Z</time>
      </trkpt>
      <trkpt lat="40.671484" lon="-0.091250">
        <ele>1199.2</ele>
        <time>2008-11-24T02:47:17Z</time>
      </trkpt>
      <trkpt lat="40.671417" lon="-0.091333">
        <ele>1198.9</ele>
        <time>2008-11-24T02:47:24Z</time>
      </trkpt>
      <trkpt lat="40.671351" lon="-0.091433">
        <ele>1198.6</ele>
        <time>2008-11-24T02:47:32Z</time>
      </trkpt>
      <trkpt lat="40.671284" lon="-0.091550">
        <ele>1198.1</ele>
        <time>2008-11-24T02:47:39Z</time>
      </trkpt>
      <trkpt lat="40.671250" lon="-0.091616">
        <ele>1197.8</ele>
        <time>2008-11-24T02:47:47Z</time>
      </trkpt>
      <trkpt lat="40.671184" lon="-0.091750">
        <ele>1197.1</ele>
        <time>2008-11-24T02:47:54Z</time>
      </trkpt>
      <trkpt lat="40.671101" lon="-0.091800">
        <ele>1197.6</ele>
        <time>2008-11-24T02:48:01Z</time>
      </trkpt>
      <trkpt lat="40.671034" lon="-0.091916">
        <ele>1196.7</ele>
        <time>2008-11-24T02:48:08Z</time>
      </trkpt>
      <trkpt lat="40.670967" lon="-0.092000">
        <ele>1196.3</ele>
        <time>2008-11-24T02:48:15Z</time>
      </trkpt>
      <trkpt lat="40.670884" lon="-0.092100">
        <ele>1196.0</ele>
        <time>2008-11-24T02:48:22Z</time>
      </trkpt>
      <trkpt lat="40.670817" lon="-0.092216">
        <ele>1195.1</ele>
        <time>2008-11-24T02:48:29Z</time>
      </trkpt>
      <trkpt lat="40.670734" lon="-0.092316">
        <ele>1194.7</ele>
        <time>2008-11-24T02:48:36Z</time>
      </trkpt>
      <trkpt lat="40.670667" lon="-0.092433">
        <ele>1193.8</ele>
        <time>2008-11-24T02:48:44Z</time>
      </trkpt>
      <trkpt lat="40.670634" lon="-0.092533">
        <ele>1192.8</ele>
        <time>2008-11-24T02:48:51Z</time>
      </trkpt>
      <trkpt lat="40.670584" lon="-0.092666">
        <ele>1191.6</ele>
        <time>2008-11-24T02:48:59Z</time>
      </trkpt>
      <trkpt lat="40.670517" lon="-0.092766">
        <ele>1190.8</ele>
        <time>2008-11-24T02:49:06Z</time>
      </trkpt>
      <trkpt lat="40.670467" lon="-0.092900">
        <ele>1189.8</ele>
        <time>2008-11-24T02:49:14Z</time>
      </trkpt>
      <trkpt lat="40.670417" lon="-0.093033">
        <ele>1188.7</ele>
        <time>2008-11-24T02:49:22Z</time>
      </trkpt>
      <trkpt lat="40.670367" lon="-0.093150">
        <ele>1188.0</ele>
        <time>2008-11-24T02:49:30Z</time>
      </trkpt>
      <trkpt lat="40.670301" lon="-0.093283">
        <ele>1187.6</ele>
        <time>2008-11-24T02:49:38Z</time>
      </trkpt>
      <trkpt lat="40.670267" lon="-0.093416">
        <ele>1186.5</ele>
        <time>2008-11-24T02:49:47Z</time>
      </trkpt>
      <trkpt lat="40.670217" lon="-0.093516">
        <ele>1186.0</ele>
        <time>2008-11-24T02:49:54Z</time>
      </trkpt>
      <trkpt lat="40.670184" lon="-0.093650">
        <ele>1185.3</ele>
        <time>2008-11-24T02:50:01Z</time>
      </trkpt>
      <trkpt lat="40.670134" lon="-0.093749">
        <ele>1184.9</ele>
        <time>2008-11-24T02:50:09Z</time>
      </trkpt>
      <trkpt lat="40.670067" lon="-0.093866">
        <ele>1184.5</ele>
        <time>2008-11-24T02:50:18Z</time>
      </trkpt>
      <trkpt lat="40.669984" lon="-0.094000">
        <ele>1184.3</ele>
        <time>2008-11-24T02:50:33Z</time>
      </trkpt>
      <trkpt lat="40.670017" lon="-0.094116">
        <ele>1183.1</ele>
        <time>2008-11-24T02:53:24Z</time>
      </trkpt>
      <trkpt lat="40.669984" lon="-0.094199">
        <ele>1182.8</ele>
        <time>2008-11-24T02:53:37Z</time>
      </trkpt>
      <trkpt lat="40.669934" lon="-0.094316">
        <ele>1182.2</ele>
        <time>2008-11-24T02:53:45Z</time>
      </trkpt>
      <trkpt lat="40.669884" lon="-0.094416">
        <ele>1181.7</ele>
        <time>2008-11-24T02:53:53Z</time>
      </trkpt>
      <trkpt lat="40.669834" lon="-0.094533">
        <ele>1181.1</ele>
        <time>2008-11-24T02:54:01Z</time>
      </trkpt>
      <trkpt lat="40.669784" lon="-0.094633">
        <ele>1180.6</ele>
        <time>2008-11-24T02:54:08Z</time>
      </trkpt>
      <trkpt lat="40.669717" lon="-0.094749">
        <ele>1180.2</ele>
        <time>2008-11-24T02:54:15Z</time>
      </trkpt>
      <trkpt lat="40.669667" lon="-0.094833">
        <ele>1180.2</ele>
        <time>2008-11-24T02:54:22Z</time>
      </trkpt>
      <trkpt lat="40.669617" lon="-0.094933">
        <ele>1180.1</ele>
        <time>2008-11-24T02:54:29Z</time>
      </trkpt>
      <trkpt lat="40.669567" lon="-0.095050">
        <ele>1179.8</ele>
        <time>2008-11-24T02:54:37Z</time>
      </trkpt>
      <trkpt lat="40.669517" lon="-0.095166">
        <ele>1179.5</ele>
        <time>2008-11-24T02:54:45Z</time>
      </trkpt>
      <trkpt lat="40.669450" lon="-0.095316">
        <ele>1179.9</ele>
        <time>2008-11-24T02:54:53Z</time>
      </trkpt>
      <trkpt lat="40.669400" lon="-0.095366">
        <ele>1180.5</ele>
        <time>2008-11-24T02:55:10Z</time>
      </trkpt>
      <trkpt lat="40.669384" lon="-0.095433">
        <ele>1180.7</ele>
        <time>2008-11-24T02:55:32Z</time>
      </trkpt>
      <trkpt lat="40.669334" lon="-0.095533">
        <ele>1181.3</ele>
        <time>2008-11-24T02:55:39Z</time>
      </trkpt>
      <trkpt lat="40.669301" lon="-0.095649">
        <ele>1181.8</ele>
        <time>2008-11-24T02:55:46Z</time>
      </trkpt>
      <trkpt lat="40.669250" lon="-0.095749">
        <ele>1182.7</ele>
        <time>2008-11-24T02:55:55Z</time>
      </trkpt>
      <trkpt lat="40.669234" lon="-0.095833">
        <ele>1183.6</ele>
        <time>2008-11-24T02:56:06Z</time>
      </trkpt>
      <trkpt lat="40.669167" lon="-0.095916">
        <ele>1183.8</ele>
        <time>2008-11-24T02:56:16Z</time>
      </trkpt>
      <trkpt lat="40.669084" lon="-0.095983">
        <ele>1183.5</ele>
        <time>2008-11-24T02:56:25Z</time>
      </trkpt>
      <trkpt lat="40.669000" lon="-0.096066">
        <ele>1183.1</ele>
        <time>2008-11-24T02:56:34Z</time>
      </trkpt>
    </trkseg>
    <trkseg>
      <trkpt lat="40.669000" lon="-0.096066">
        <ele>1183.1</ele>
        <time>2008-11-24T02:56:34Z</time>
      </trkpt>
      <trkpt lat="40.668917" lon="-0.096166">
        <ele>1181.8</ele>
        <time>2008-11-24T02:56:49Z</time>
      </trkpt>
      <trkpt lat="40.668817" lon="-0.096216">
        <ele>1180.1</ele>
        <time>2008-11-24T02:56:59Z</time>
      </trkpt>
      <trkpt lat="40.668750" lon="-0.096283">
        <ele>1179.1</ele>
        <time>2008-11-24T02:57:07Z</time>
      </trkpt>
      <trkpt lat="40.668667" lon="-0.096366">
        <ele>1177.7</ele>
        <time>2008-11-24T02:57:16Z</time>
      </trkpt>
      <trkpt lat="40.668584" lon="-0.096433">
        <ele>1176.1</ele>
        <time>2008-11-24T02:57:25Z</time>
      </trkpt>
      <trkpt lat="40.668484" lon="-0.096466">
        <ele>1173.9</ele>
        <time>2008-11-24T02:57:36Z</time>
      </trkpt>
      <trkpt lat="40.668367" lon="-0.096466">
        <ele>1171.9</ele>
        <time>2008-11-24T02:57:47Z</time>
      </trkpt>
      <trkpt lat="40.668267" lon="-0.096433">
        <ele>1170.2</ele>
        <time>2008-11-24T02:57:57Z</time>
      </trkpt>
      <trkpt lat="40.668000" lon="-0.096500">
        <ele>1165.0</ele>
        <time>2008-11-24T02:58:52Z</time>
      </trkpt>
      <trkpt lat="40.667917" lon="-0.096483">
        <ele>1163.9</ele>
        <time>2008-11-24T02:59:04Z</time>
      </trkpt>
      <trkpt lat="40.667767" lon="-0.096483">
        <ele>1160.6</ele>
        <time>2008-11-24T02:59:30Z</time>
      </trkpt>
      <trkpt lat="40.667650" lon="-0.096483">
        <ele>1159.5</ele>
        <time>2008-11-24T02:59:42Z</time>
      </trkpt>
      <trkpt lat="40.667517" lon="-0.096483">
        <ele>1158.7</ele>
        <time>2008-11-24T02:59:51Z</time>
      </trkpt>
      <trkpt lat="40.667367" lon="-0.096500">
        <ele>1156.9</ele>
        <time>2008-11-24T03:00:07Z</time>
      </trkpt>
      <trkpt lat="40.667284" lon="-0.096583">
        <ele>1153.8</ele>
        <time>2008-11-24T03:00:22Z</time>
      </trkpt>
      <trkpt lat="40.667150" lon="-0.096616">
        <ele>1152.2</ele>
        <time>2008-11-24T03:00:47Z</time>
      </trkpt>
      <trkpt lat="40.667134" lon="-0.096666">
        <ele>1150.9</ele>
        <time>2008-11-24T03:00:53Z</time>
      </trkpt>
      <trkpt lat="40.667150" lon="-0.096700">
        <ele>1150.1</ele>
        <time>2008-11-24T03:00:55Z</time>
      </trkpt>
      <trkpt lat="40.667134" lon="-0.096716">
        <ele>1149.7</ele>
        <time>2008-11-24T03:00:56Z</time>
      </trkpt>
      <trkpt lat="40.666700" lon="-0.096783">
        <ele>1147.5</ele>
        <time>2008-11-24T03:02:07Z</time>
      </trkpt>
      <trkpt lat="40.666584" lon="-0.096816">
        <ele>1145.7</ele>
        <time>2008-11-24T03:02:13Z</time>
      </trkpt>
      <trkpt lat="40.666501" lon="-0.096850">
        <ele>1144.2</ele>
        <time>2008-11-24T03:02:19Z</time>
      </trkpt>
      <trkpt lat="40.666451" lon="-0.096900">
        <ele>1142.1</ele>
        <time>2008-11-24T03:02:24Z</time>
      </trkpt>
      <trkpt lat="40.666468" lon="-0.096766">
        <ele>1147.0</ele>
        <time>2008-11-24T03:02:50Z</time>
      </trkpt>
      <trkpt lat="40.666451" lon="-0.096766">
        <ele>1147.0</ele>
        <time>2008-11-24T03:02:52Z</time>
      </trkpt>
      <trkpt lat="40.666351" lon="-0.096816">
        <ele>1145.1</ele>
        <time>2008-11-24T03:03:01Z</time>
      </trkpt>
      <trkpt lat="40.666284" lon="-0.096900">
        <ele>1141.8</ele>
        <time>2008-11-24T03:03:09Z</time>
      </trkpt>
      <trkpt lat="40.666184" lon="-0.096933">
        <ele>1140.6</ele>
        <time>2008-11-24T03:03:18Z</time>
      </trkpt>
      <trkpt lat="40.666117" lon="-0.096966">
        <ele>1139.5</ele>
        <time>2008-11-24T03:03:27Z</time>
      </trkpt>
      <trkpt lat="40.666051" lon="-0.097000">
        <ele>1138.5</ele>
        <time>2008-11-24T03:03:37Z</time>
      </trkpt>
      <trkpt lat="40.665967" lon="-0.097100">
        <ele>1134.7</ele>
        <time>2008-11-24T03:03:48Z</time>
      </trkpt>
      <trkpt lat="40.665867" lon="-0.097116">
        <ele>1134.3</ele>
        <time>2008-11-24T03:03:56Z</time>
      </trkpt>
      <trkpt lat="40.665801" lon="-0.097216">
        <ele>1130.7</ele>
        <time>2008-11-24T03:04:03Z</time>
      </trkpt>
      <trkpt lat="40.665717" lon="-0.097233">
        <ele>1131.0</ele>
        <time>2008-11-24T03:04:10Z</time>
      </trkpt>
      <trkpt lat="40.665634" lon="-0.097316">
        <ele>1129.3</ele>
        <time>2008-11-24T03:04:18Z</time>
      </trkpt>
      <trkpt lat="40.665584" lon="-0.097416">
        <ele>1126.8</ele>
        <time>2008-11-24T03:04:28Z</time>
      </trkpt>
      <trkpt lat="40.665551" lon="-0.097516">
        <ele>1124.0</ele>
        <time>2008-11-24T03:04:38Z</time>
      </trkpt>
      <trkpt lat="40.665434" lon="-0.097549">
        <ele>1124.5</ele>
        <time>2008-11-24T03:04:46Z</time>
      </trkpt>
      <trkpt lat="40.665351" lon="-0.097616">
        <ele>1123.7</ele>
        <time>2008-11-24T03:04:55Z</time>
      </trkpt>
      <trkpt lat="40.665184" lon="-0.097549">
        <ele>1126.4</ele>
        <time>2008-11-24T03:05:39Z</time>
      </trkpt>
      <trkpt lat="40.665184" lon="-0.097516">
        <ele>1126.9</ele>
        <time>2008-11-24T03:06:28Z</time>
      </trkpt>
      <trkpt lat="40.665134" lon="-0.097633">
        <ele>1124.8</ele>
        <time>2008-11-24T03:06:46Z</time>
      </trkpt>
      <trkpt lat="40.665084" lon="-0.097766">
        <ele>1121.4</ele>
        <time>2008-11-24T03:07:00Z</time>
      </trkpt>
      <trkpt lat="40.665067" lon="-0.097883">
        <ele>1118.4</ele>
        <time>2008-11-24T03:07:13Z</time>
      </trkpt>
      <trkpt lat="40.665034" lon="-0.097999">
        <ele>1114.9</ele>
        <time>2008-11-24T03:07:25Z</time>
      </trkpt>
      <trkpt lat="40.665000" lon="-0.098116">
        <ele>1112.0</ele>
        <time>2008-11-24T03:07:38Z</time>
      </trkpt>
      <trkpt lat="40.665034" lon="-0.098250">
        <ele>1110.4</ele>
        <time>2008-11-24T03:07:52Z</time>
      </trkpt>
      <trkpt lat="40.664984" lon="-0.098366">
        <ele>1107.5</ele>
        <time>2008-11-24T03:08:04Z</time>
      </trkpt>
      <trkpt lat="40.664984" lon="-0.098500">
        <ele>1105.2</ele>
        <time>2008-11-24T03:08:18Z</time>
      </trkpt>
      <trkpt lat="40.664917" lon="-0.098600">
        <ele>1102.9</ele>
        <time>2008-11-24T03:08:28Z</time>
      </trkpt>
      <trkpt lat="40.664867" lon="-0.098683">
        <ele>1100.9</ele>
        <time>2008-11-24T03:08:47Z</time>
      </trkpt>
      <trkpt lat="40.664767" lon="-0.098633">
        <ele>1099.7</ele>
        <time>2008-11-24T03:08:57Z</time>
      </trkpt>
      <trkpt lat="40.664701" lon="-0.098566">
        <ele>1098.8</ele>
        <time>2008-11-24T03:09:08Z</time>
      </trkpt>
      <trkpt lat="40.664617" lon="-0.098500">
        <ele>1096.9</ele>
        <time>2008-11-24T03:09:27Z</time>
      </trkpt>
      <trkpt lat="40.664534" lon="-0.098433">
        <ele>1095.2</ele>
        <time>2008-11-24T03:09:40Z</time>
      </trkpt>
      <trkpt lat="40.664450" lon="-0.098366">
        <ele>1093.6</ele>
        <time>2008-11-24T03:09:51Z</time>
      </trkpt>
      <trkpt lat="40.664367" lon="-0.098333">
        <ele>1091.7</ele>
        <time>2008-11-24T03:10:05Z</time>
      </trkpt>
      <trkpt lat="40.664250" lon="-0.098300">
        <ele>1089.4</ele>
        <time>2008-11-24T03:10:16Z</time>
      </trkpt>
      <trkpt lat="40.664167" lon="-0.098250">
        <ele>1088.2</ele>
        <time>2008-11-24T03:10:26Z</time>
      </trkpt>
      <trkpt lat="40.664051" lon="-0.098200">
        <ele>1086.2</ele>
        <time>2008-11-24T03:10:35Z</time>
      </trkpt>
      <trkpt lat="40.663967" lon="-0.098200">
        <ele>1083.8</ele>
        <time>2008-11-24T03:10:45Z</time>
      </trkpt>
      <trkpt lat="40.663867" lon="-0.098150">
        <ele>1081.5</ele>
        <time>2008-11-24T03:10:56Z</time>
      </trkpt>
      <trkpt lat="40.663767" lon="-0.098116">
        <ele>1079.0</ele>
        <time>2008-11-24T03:11:06Z</time>
      </trkpt>
      <trkpt lat="40.663650" lon="-0.098066">
        <ele>1076.7</ele>
        <time>2008-11-24T03:11:18Z</time>
      </trkpt>
      <trkpt lat="40.663550" lon="-0.098066">
        <ele>1076.4</ele>
        <time>2008-11-24T03:11:28Z</time>
      </trkpt>
      <trkpt lat="40.663467" lon="-0.098133">
        <ele>1075.5</ele>
        <time>2008-11-24T03:11:39Z</time>
      </trkpt>
      <trkpt lat="40.663351" lon="-0.098183">
        <ele>1075.1</ele>
        <time>2008-11-24T03:11:56Z</time>
      </trkpt>
      <trkpt lat="40.663367" lon="-0.098183">
        <ele>1074.9</ele>
        <time>2008-11-24T03:14:38Z</time>
      </trkpt>
      <trkpt lat="40.663317" lon="-0.098183">
        <ele>1075.4</ele>
        <time>2008-11-24T03:16:50Z</time>
      </trkpt>
      <trkpt lat="40.663250" lon="-0.098283">
        <ele>1074.6</ele>
        <time>2008-11-24T03:16:58Z</time>
      </trkpt>
      <trkpt lat="40.663200" lon="-0.098416">
        <ele>1074.9</ele>
        <time>2008-11-24T03:17:06Z</time>
      </trkpt>
      <trkpt lat="40.663151" lon="-0.098516">
        <ele>1074.9</ele>
        <time>2008-11-24T03:17:13Z</time>
      </trkpt>
      <trkpt lat="40.663067" lon="-0.098600">
        <ele>1075.5</ele>
        <time>2008-11-24T03:17:21Z</time>
      </trkpt>
      <trkpt lat="40.662984" lon="-0.098666">
        <ele>1075.3</ele>
        <time>2008-11-24T03:17:29Z</time>
      </trkpt>
      <trkpt lat="40.662900" lon="-0.098750">
        <ele>1074.2</ele>
        <time>2008-11-24T03:17:38Z</time>
      </trkpt>
      <trkpt lat="40.662817" lon="-0.098816">
        <ele>1072.7</ele>
        <time>2008-11-24T03:17:46Z</time>
      </trkpt>
      <trkpt lat="40.662701" lon="-0.098900">
        <ele>1071.0</ele>
        <time>2008-11-24T03:17:54Z</time>
      </trkpt>
      <trkpt lat="40.662617" lon="-0.099016">
        <ele>1069.7</ele>
        <time>2008-11-24T03:18:02Z</time>
      </trkpt>
      <trkpt lat="40.662567" lon="-0.099083">
        <ele>1068.9</ele>
        <time>2008-11-24T03:18:12Z</time>
      </trkpt>
      <trkpt lat="40.662450" lon="-0.099166">
        <ele>1066.8</ele>
        <time>2008-11-24T03:18:21Z</time>
      </trkpt>
      <trkpt lat="40.662367" lon="-0.099233">
        <ele>1065.3</ele>
        <time>2008-11-24T03:18:29Z</time>
      </trkpt>
      <trkpt lat="40.662301" lon="-0.099316">
        <ele>1064.2</ele>
        <time>2008-11-24T03:18:39Z</time>
      </trkpt>
      <trkpt lat="40.662234" lon="-0.099349">
        <ele>1063.1</ele>
        <time>2008-11-24T03:18:49Z</time>
      </trkpt>
      <trkpt lat="40.662151" lon="-0.099416">
        <ele>1061.8</ele>
        <time>2008-11-24T03:18:57Z</time>
      </trkpt>
      <trkpt lat="40.662051" lon="-0.099516">
        <ele>1060.3</ele>
        <time>2008-11-24T03:19:05Z</time>
      </trkpt>
      <trkpt lat="40.661951" lon="-0.099549">
        <ele>1058.3</ele>
        <time>2008-11-24T03:19:13Z</time>
      </trkpt>
      <trkpt lat="40.661884" lon="-0.099616">
        <ele>1057.2</ele>
        <time>2008-11-24T03:19:22Z</time>
      </trkpt>
      <trkpt lat="40.661784" lon="-0.099683">
        <ele>1054.9</ele>
        <time>2008-11-24T03:19:32Z</time>
      </trkpt>
      <trkpt lat="40.661767" lon="-0.099783">
        <ele>1055.1</ele>
        <time>2008-11-24T03:19:44Z</time>
      </trkpt>
      <trkpt lat="40.661684" lon="-0.099866">
        <ele>1053.3</ele>
        <time>2008-11-24T03:19:54Z</time>
      </trkpt>
      <trkpt lat="40.661567" lon="-0.099916">
        <ele>1050.6</ele>
        <time>2008-11-24T03:20:05Z</time>
      </trkpt>
      <trkpt lat="40.661467" lon="-0.099983">
        <ele>1048.0</ele>
        <time>2008-11-24T03:20:17Z</time>
      </trkpt>
      <trkpt lat="40.661384" lon="-0.100016">
        <ele>1045.5</ele>
        <time>2008-11-24T03:20:28Z</time>
      </trkpt>
      <trkpt lat="40.661267" lon="-0.100050">
        <ele>1042.0</ele>
        <time>2008-11-24T03:20:40Z</time>
      </trkpt>
      <trkpt lat="40.661200" lon="-0.100050">
        <ele>1039.8</ele>
        <time>2008-11-24T03:20:54Z</time>
      </trkpt>
      <trkpt lat="40.661134" lon="-0.100066">
        <ele>1038.0</ele>
        <time>2008-11-24T03:21:09Z</time>
      </trkpt>
      <trkpt lat="40.661051" lon="-0.100083">
        <ele>1035.9</ele>
        <time>2008-11-24T03:21:25Z</time>
      </trkpt>
      <trkpt lat="40.660984" lon="-0.100150">
        <ele>1034.8</ele>
        <time>2008-11-24T03:21:39Z</time>
      </trkpt>
      <trkpt lat="40.660901" lon="-0.100200">
        <ele>1032.9</ele>
        <time>2008-11-24T03:22:01Z</time>
      </trkpt>
      <trkpt lat="40.660850" lon="-0.100250">
        <ele>1032.1</ele>
        <time>2008-11-24T03:22:11Z</time>
      </trkpt>
      <trkpt lat="40.660801" lon="-0.100350">
        <ele>1031.8</ele>
        <time>2008-11-24T03:22:19Z</time>
      </trkpt>
      <trkpt lat="40.660717" lon="-0.100449">
        <ele>1030.7</ele>
        <time>2008-11-24T03:22:27Z</time>
      </trkpt>
      <trkpt lat="40.660684" lon="-0.100533">
        <ele>1030.5</ele>
        <time>2008-11-24T03:22:36Z</time>
      </trkpt>
      <trkpt lat="40.660650" lon="-0.100616">
        <ele>1029.6</ele>
        <time>2008-11-24T03:22:45Z</time>
      </trkpt>
      <trkpt lat="40.660634" lon="-0.100766">
        <ele>1026.8</ele>
        <time>2008-11-24T03:27:10Z</time>
      </trkpt>
      <trkpt lat="40.660434" lon="-0.101033">
        <ele>1020.2</ele>
        <time>2008-11-24T03:24:53Z</time>
      </trkpt>
      <trkpt lat="40.660334" lon="-0.101133">
        <ele>1018.9</ele>
        <time>2008-11-24T03:25:02Z</time>
      </trkpt>
      <trkpt lat="40.660184" lon="-0.101283">
        <ele>1019.3</ele>
        <time>2008-11-24T03:25:17Z</time>
      </trkpt>
      <trkpt lat="40.660167" lon="-0.101449">
        <ele>1017.4</ele>
        <time>2008-11-24T03:25:25Z</time>
      </trkpt>
      <trkpt lat="40.660234" lon="-0.101616">
        <ele>1014.2</ele>
        <time>2008-11-24T03:25:41Z</time>
      </trkpt>
      <trkpt lat="40.660234" lon="-0.101700">
        <ele>1012.3</ele>
        <time>2008-11-24T03:25:54Z</time>
      </trkpt>
      <trkpt lat="40.660217" lon="-0.101799">
        <ele>1010.1</ele>
        <time>2008-11-24T03:26:10Z</time>
      </trkpt>
      <trkpt lat="40.660217" lon="-0.101883">
        <ele>1007.6</ele>
        <time>2008-11-24T03:26:21Z</time>
      </trkpt>
      <trkpt lat="40.660234" lon="-0.101933">
        <ele>1005.6</ele>
        <time>2008-11-24T03:26:29Z</time>
      </trkpt>
      <trkpt lat="40.660284" lon="-0.101916">
        <ele>1004.5</ele>
        <time>2008-11-24T03:26:36Z</time>
      </trkpt>
      <trkpt lat="40.660318" lon="-0.101866">
        <ele>1005.0</ele>
        <time>2008-11-24T03:26:44Z</time>
      </trkpt>
      <trkpt lat="40.660401" lon="-0.101866">
        <ele>1002.4</ele>
        <time>2008-11-24T03:26:54Z</time>
      </trkpt>
      <trkpt lat="40.660450" lon="-0.101850">
        <ele>1001.3</ele>
        <time>2008-11-24T03:27:00Z</time>
      </trkpt>
      <trkpt lat="40.660550" lon="-0.101899">
        <ele>997.2</ele>
        <time>2008-11-24T03:27:11Z</time>
      </trkpt>
      <trkpt lat="40.660568" lon="-0.101899">
        <ele>997.4</ele>
      </trkpt>
      <trkpt lat="40.660568" lon="-0.101899">
        <ele>997.4</ele>
      </trkpt>
      <trkpt lat="40.660584" lon="-0.101916">
        <ele>997.1</ele>
      </trkpt>
      <trkpt lat="40.660568" lon="-0.102166">
        <ele>991.9</ele>
        <time>2008-11-24T03:28:10Z</time>
      </trkpt>
      <trkpt lat="40.660517" lon="-0.102250">
        <ele>989.6</ele>
        <time>2008-11-24T03:28:23Z</time>
      </trkpt>
      <trkpt lat="40.660434" lon="-0.102183">
        <ele>992.1</ele>
        <time>2008-11-24T03:28:35Z</time>
      </trkpt>
      <trkpt lat="40.660401" lon="-0.102316">
        <ele>989.5</ele>
        <time>2008-11-24T03:28:46Z</time>
      </trkpt>
      <trkpt lat="40.660367" lon="-0.102416">
        <ele>987.5</ele>
        <time>2008-11-24T03:28:55Z</time>
      </trkpt>
      <trkpt lat="40.660284" lon="-0.102516">
        <ele>986.0</ele>
      </trkpt>
      <trkpt lat="40.660318" lon="-0.102600">
        <ele>984.1</ele>
        <extensions>
          <gpxtpx:TrackPointExtension>
            <gpxtpx:hr>101</gpxtpx:hr>
          </gpxtpx:TrackPointExtension>
        </extensions>
      </trkpt>
    </trkseg>
    <trkseg>
      <trkpt lat="40.660318" lon="-0.102600">
        <ele>984.1</ele>
        <extensions>
          <gpxtpx:TrackPointExtension>
            <gpxtpx:hr>101</gpxtpx:hr>
          </gpxtpx:TrackPointExtension>
        </extensions>
      </trkpt>
      <trkpt lat="40.660418" lon="-0.102533">
        <ele>985.3</ele>
        <extensions>
          <gpxtpx:TrackPointExtension>
            <gpxtpx:hr>101</gpxtpx:hr>
          </gpxtpx:TrackPointExtension>
        </extensions>
      </trkpt>
      <trkpt lat="40.660467" lon="-0.102566">
        <ele>984.9</ele>
        <extensions>
          <gpxtpx:TrackPointExtension>
            <gpxtpx:hr>100</gpxtpx:hr>
          </gpxtpx:TrackPointExtension>
        </extensions>
      </trkpt>
      <trkpt lat="40.660501" lon="-0.102600">
        <ele>984.6</ele>
        <extensions>
          <gpxtpx:TrackPointExtension>
            <gpxtpx:hr>95</gpxtpx:hr>
          </gpxtpx:TrackPointExtension>
        </extensions>
      </trkpt>
      <trkpt lat="40.660534" lon="-0.102650">
        <ele>984.1</ele>
        <extensions>
          <gpxtpx:TrackPointExtension>
            <gpxtpx:hr>93</gpxtpx:hr>
          </gpxtpx:TrackPointExtension>
        </extensions>
      </trkpt>
      <trkpt lat="40.660584" lon="-0.102716">
        <ele>983.7</ele>
        <extensions>
          <gpxtpx:TrackPointExtension>
            <gpxtpx:hr>90</gpxtpx:hr>
          </gpxtpx:TrackPointExtension>
        </extensions>
      </trkpt>
      <trkpt lat="40.660617" lon="-0.102766">
        <ele>983.5</ele>
        <extensions>
          <gpxtpx:TrackPointExtension>
            <gpxtpx:hr>90</gpxtpx:hr>
          </gpxtpx:TrackPointExtension>
        </extensions>
      </trkpt>
      <trkpt lat="40.660651" lon="-0.102816">
        <ele>983.3</ele>
        <extensions>
          <gpxtpx:TrackPointExtension>
            <gpxtpx:hr>89</gpxtpx:hr>
          </gpxtpx:TrackPointExtension>
        </extensions>
      </trkpt>
      <trkpt lat="40.660701" lon="-0.102866">
        <ele>983.3</ele>
        <extensions>
          <gpxtpx:TrackPointExtension>
            <gpxtpx:hr>87</gpxtpx:hr>
          </gpxtpx:TrackPointExtension>
        </extensions>
      </trkpt>
      <trkpt lat="40.660734" lon="-0.102933">
        <ele>982.5</ele>
        <extensions>
          <gpxtpx:TrackPointExtension>
            <gpxtpx:hr>87</gpxtpx:hr>
          </gpxtpx:TrackPointExtension>
        </extensions>
      </trkpt>
      <trkpt lat="40.660768" lon="-0.102983">
        <ele>981.7</ele>
        <extensions>
          <gpxtpx:TrackPointExtension>
            <gpxtpx:hr>87</gpxtpx:hr>
          </gpxtpx:TrackPointExtension>
        </extensions>
      </trkpt>
      <trkpt lat="40.660817" lon="-0.103016">
        <ele>981.2</ele>
        <extensions>
          <gpxtpx:TrackPointExtension>
            <gpxtpx:hr>87</gpxtpx:hr>
          </gpxtpx:TrackPointExtension>
        </extensions>
      </trkpt>
      <trkpt lat="40.660868" lon="-0.103083">
        <ele>980.1</ele>
        <extensions>
          <gpxtpx:TrackPointExtension>
            <gpxtpx:hr>86</gpxtpx:hr>
          </gpxtpx:TrackPointExtension>
        </extensions>
      </trkpt>
      <trkpt lat="40.660917" lon="-0.103100">
        <ele>980.3</ele>
        <extensions>
          <gpxtpx:TrackPointExtension>
            <gpxtpx:hr>86</gpxtpx:hr>
          </gpxtpx:TrackPointExtension>
        </extensions>
      </trkpt>
      <trkpt lat="40.660967" lon="-0.103116">
        <ele>980.5</ele>
        <extensions>
          <gpxtpx:TrackPointExtension>
            <gpxtpx:hr>87</gpxtpx:hr>
          </gpxtpx:TrackPointExtension>
        </extensions>
      </trkpt>
      <trkpt lat="40.661034" lon="-0.103150">
        <ele>980.7</ele>
        <extensions>
          <gpxtpx:TrackPointExtension>
            <gpxtpx:hr>87</gpxtpx:hr>
          </gpxtpx:TrackPointExtension>
        </extensions>
      </trkpt>
      <trkpt lat="40.661084" lon="-0.103183">
        <ele>981.0</ele>
        <extensions>
          <gpxtpx:TrackPointExtension>
            <gpxtpx:hr>88</gpxtpx:hr>
          </gpxtpx:TrackPointExtension>
        </extensions>
      </trkpt>
      <trkpt lat="40.661134" lon="-0.103216">
        <ele>981.2</ele>
        <extensions>
          <gpxtpx:TrackPointExtension>
            <gpxtpx:hr>89</gpxtpx:hr>
          </gpxtpx:TrackPointExtension>
        </extensions>
      </trkpt>
      <trkpt lat="40.661167" lon="-0.103250">
        <ele>981.3</ele>
        <extensions>
          <gpxtpx:TrackPointExtension>
            <gpxtpx:hr>90</gpxtpx:hr>
          </gpxtpx:TrackPointExtension>
        </extensions>
      </trkpt>
      <trkpt lat="40.661218" lon="-0.103283">
        <ele>981.4</ele>
        <extensions>
          <gpxtpx:TrackPointExtension>
            <gpxtpx:hr>90</gpxtpx:hr>
          </gpxtpx:TrackPointExtension>
        </extensions>
      </trkpt>
      <trkpt lat="40.661251" lon="-0.103333">
        <ele>981.2</ele>
        <extensions>
          <gpxtpx:TrackPointExtension>
            <gpxtpx:hr>90</gpxtpx:hr>
          </gpxtpx:TrackPointExtension>
        </extensions>
      </trkpt>
      <trkpt lat="40.661301" lon="-0.103433">
        <ele>980.4</ele>
        <extensions>
          <gpxtpx:TrackPointExtension>
            <gpxtpx:hr>92</gpxtpx:hr>
          </gpxtpx:TrackPointExtension>
        </extensions>
      </trkpt>
      <trkpt lat="40.661317" lon="-0.103516">
        <ele>979.6</ele>
        <extensions>
          <gpxtpx:TrackPointExtension>
            <gpxtpx:hr>94</gpxtpx:hr>
          </gpxtpx:TrackPointExtension>
        </extensions>
      </trkpt>
      <trkpt lat="40.661317" lon="-0.103600">
        <ele>978.9</ele>
        <extensions>
          <gpxtpx:TrackPointExtension>
            <gpxtpx:hr>96</gpxtpx:hr>
          </gpxtpx:TrackPointExtension>
        </extensions>
      </trkpt>
      <trkpt lat="40.661301" lon="-0.103683">
        <ele>978.5</ele>
      </trkpt>
      <trkpt lat="40.661234" lon="-0.103750">
        <ele>978.7</ele>
        <extensions>
          <gpxtpx:TrackPointExtension>
            <gpxtpx:hr>99</gpxtpx:hr>
          </gpxtpx:TrackPointExtension>
        </extensions>
      </trkpt>
      <trkpt lat="40.661167" lon="-0.103783">
        <ele>979.5</ele>
        <extensions>
          <gpxtpx:TrackPointExtension>
            <gpxtpx:hr>102</gpxtpx:hr>
          </gpxtpx:TrackPointExtension>
        </extensions>
      </trkpt>
      <trkpt lat="40.661100" lon="-0.103816">
        <ele>980.3</ele>
        <extensions>
          <gpxtpx:TrackPointExtension>
            <gpxtpx:hr>105</gpxtpx:hr>
          </gpxtpx:TrackPointExtension>
        </extensions>
      </trkpt>
      <trkpt lat="40.661017" lon="-0.103850">
        <ele>980.7</ele>
        <extensions>
          <gpxtpx:TrackPointExtension>
            <gpxtpx:hr>109</gpxtpx:hr>
          </gpxtpx:TrackPointExtension>
        </extensions>
      </trkpt>
      <trkpt lat="40.660951" lon="-0.103883">
        <ele>981.0</ele>
        <extensions>
          <gpxtpx:TrackPointExtension>
            <gpxtpx:hr>111</gpxtpx:hr>
          </gpxtpx:TrackPointExtension>
        </extensions>
      </trkpt>
      <trkpt lat="40.660934" lon="-0.103883">
        <ele>980.9</ele>
        <extensions>
          <gpxtpx:TrackPointExtension>
            <gpxtpx:hr>111</gpxtpx:hr>
          </gpxtpx:TrackPointExtension>
        </extensions>
      </trkpt>
      <trkpt lat="40.660834" lon="-0.103933">
        <ele>980.9</ele>
        <extensions>
          <gpxtpx:TrackPointExtension>
            <gpxtpx:hr>113</gpxtpx:hr>
          </gpxtpx:TrackPointExtension>
        </extensions>
      </trkpt>
      <trkpt lat="40.660784" lon="-0.103966">
        <ele>981.0</ele>
        <extensions>
          <gpxtpx:TrackPointExtension>
            <gpxtpx:hr>112</gpxtpx:hr>
          </gpxtpx:TrackPointExtension>
        </extensions>
      </trkpt>
      <trkpt lat="40.660717" lon="-0.103999">
        <ele>980.8</ele>
        <extensions>
          <gpxtpx:TrackPointExtension>
            <gpxtpx:hr>112</gpxtpx:hr>
          </gpxtpx:TrackPointExtension>
        </extensions>
      </trkpt>
      <trkpt lat="40.660668" lon="-0.104016">
        <ele>980.5</ele>
        <extensions>
          <gpxtpx:TrackPointExtension>
            <gpxtpx:hr>111</gpxtpx:hr>
          </gpxtpx:TrackPointExtension>
        </extensions>
      </trkpt>
      <trkpt lat="40.660601" lon="-0.104016">
        <ele>979.5</ele>
        <extensions>
          <gpxtpx:TrackPointExtension>
            <gpxtpx:hr>111</gpxtpx:hr>
          </gpxtpx:TrackPointExtension>
        </extensions>
      </trkpt>
      <trkpt lat="40.660534" lon="-0.104033">
        <ele>978.9</ele>
        <extensions>
          <gpxtpx:TrackPointExtension>
            <gpxtpx:hr>111</gpxtpx:hr>
          </gpxtpx:TrackPointExtension>
        </extensions>
      </trkpt>
      <trkpt lat="40.660467" lon="-0.104066">
        <ele>978.8</ele>
        <extensions>
          <gpxtpx:TrackPointExtension>
            <gpxtpx:hr>111</gpxtpx:hr>
          </gpxtpx:TrackPointExtension>
        </extensions>
      </trkpt>
      <trkpt lat="40.660401" lon="-0.104100">
        <ele>978.8</ele>
        <extensions>
          <gpxtpx:TrackPointExtension>
            <gpxtpx:hr>111</gpxtpx:hr>
          </gpxtpx:TrackPointExtension>
        </extensions>
      </trkpt>
      <trkpt lat="40.660334" lon="-0.104149">
        <ele>979.1</ele>
      </trkpt>
      <trkpt lat="40.660284" lon="-0.104200">
        <ele>979.4</ele>
        <extensions>
          <gpxtpx:TrackPointExtension>
            <gpxtpx:hr>106</gpxtpx:hr>
          </gpxtpx:TrackPointExtension>
        </extensions>
      </trkpt>
      <trkpt lat="40.660234" lon="-0.104266">
        <ele>980.2</ele>
        <extensions>
          <gpxtpx:TrackPointExtension>
            <gpxtpx:hr>105</gpxtpx:hr>
          </gpxtpx:TrackPointExtension>
        </extensions>
      </trkpt>
      <trkpt lat="40.660184" lon="-0.104316">
        <ele>980.2</ele>
        <extensions>
          <gpxtpx:TrackPointExtension>
            <gpxtpx:hr>105</gpxtpx:hr>
          </gpxtpx:TrackPointExtension>
        </extensions>
      </trkpt>
      <trkpt lat="40.660138" lon="-0.104361">
        <ele>980.0</ele>
        <extensions>
          <gpxtpx:TrackPointExtension>
            <gpxtpx:hr>104</gpxtpx:hr>
          </gpxtpx:TrackPointExtension>
        </extensions>
      </trkpt>
      <trkpt lat="40.660112" lon="-0.104449">
        <ele>980.9</ele>
        <extensions>
          <gpxtpx:TrackPointExtension>
            <gpxtpx:hr>103</gpxtpx:hr>
          </gpxtpx:TrackPointExtension>
        </extensions>
      </trkpt>
      <trkpt lat="40.660084" lon="-0.104523">
        <ele>981.5</ele>
        <extensions>
          <gpxtpx:TrackPointExtension>
            <gpxtpx:hr>102</gpxtpx:hr>
          </gpxtpx:TrackPointExtension>
        </extensions>
      </trkpt>
      <trkpt lat="40.660053" lon="-0.104606">
        <ele>982.1</ele>
        <extensions>
          <gpxtpx:TrackPointExtension>
            <gpxtpx:hr>103</gpxtpx:hr>
          </gpxtpx:TrackPointExtension>
        </extensions>
      </trkpt>
      <trkpt lat="40.660034" lon="-0.104699">
        <ele>983.4</ele>
        <extensions>
          <gpxtpx:TrackPointExtension>
            <gpxtpx:hr>104</gpxtpx:hr>
          </gpxtpx:TrackPointExtension>
        </extensions>
      </trkpt>
      <trkpt lat="40.659984" lon="-0.104783">
        <ele>983.7</ele>
        <extensions>
          <gpxtpx:TrackPointExtension>
            <gpxtpx:hr>111</gpxtpx:hr>
          </gpxtpx:TrackPointExtension>
        </extensions>
      </trkpt>
      <trkpt lat="40.659934" lon="-0.104866">
        <ele>984.2</ele>
        <extensions>
          <gpxtpx:TrackPointExtension>
            <gpxtpx:hr>119</gpxtpx:hr>
          </gpxtpx:TrackPointExtension>
        </extensions>
      </trkpt>
      <trkpt lat="40.659901" lon="-0.104933">
        <ele>984.7</ele>
        <extensions>
          <gpxtpx:TrackPointExtension>
            <gpxtpx:hr>122</gpxtpx:hr>
          </gpxtpx:TrackPointExtension>
        </extensions>
      </trkpt>
      <trkpt lat="40.659850" lon="-0.105016">
        <ele>985.4</ele>
        <extensions>
          <gpxtpx:TrackPointExtension>
            <gpxtpx:hr>127</gpxtpx:hr>
          </gpxtpx:TrackPointExtension>
        </extensions>
      </trkpt>
      <trkpt lat="40.659801" lon="-0.105100">
        <ele>986.5</ele>
        <extensions>
          <gpxtpx:TrackPointExtension>
            <gpxtpx:hr>130</gpxtpx:hr>
          </gpxtpx:TrackPointExtension>
        </extensions>
      </trkpt>
      <trkpt lat="40.659750" lon="-0.105183">
        <ele>987.5</ele>
        <extensions>
          <gpxtpx:TrackPointExtension>
            <gpxtpx:hr>132</gpxtpx:hr>
          </gpxtpx:TrackPointExtension>
        </extensions>
      </trkpt>
      <trkpt lat="40.659717" lon="-0.105283">
        <ele>988.4</ele>
        <extensions>
          <gpxtpx:TrackPointExtension>
            <gpxtpx:hr>132</gpxtpx:hr>
          </gpxtpx:TrackPointExtension>
        </extensions>
      </trkpt>
      <trkpt lat="40.659661" lon="-0.105489">
        <ele>987.9</ele>
        <extensions>
          <gpxtpx:TrackPointExtension>
            <gpxtpx:hr>133</gpxtpx:hr>
          </gpxtpx:TrackPointExtension>
        </extensions>
      </trkpt>
      <trkpt lat="40.659684" lon="-0.105672">
        <ele>987.3</ele>
        <extensions>
          <gpxtpx:TrackPointExtension>
            <gpxtpx:hr>129</gpxtpx:hr>
          </gpxtpx:TrackPointExtension>
        </extensions>
      </trkpt>
    </trkseg>
    <trkseg>
      <trkpt lat="40.659684" lon="-0.105672">
        <ele>987.3</ele>
        <extensions>
          <gpxtpx:TrackPointExtension>
            <gpxtpx:hr>129</gpxtpx:hr>
          </gpxtpx:TrackPointExtension>
        </extensions>
      </trkpt>
      <trkpt lat="40.659625" lon="-0.105616">
        <ele>986.1</ele>
        <extensions>
          <gpxtpx:TrackPointExtension>
            <gpxtpx:hr>133</gpxtpx:hr>
          </gpxtpx:TrackPointExtension>
        </extensions>
      </trkpt>
      <trkpt lat="40.659548" lon="-0.105566">
        <ele>984.2</ele>
        <extensions>
          <gpxtpx:TrackPointExtension>
            <gpxtpx:hr>132</gpxtpx:hr>
          </gpxtpx:TrackPointExtension>
        </extensions>
      </trkpt>
      <trkpt lat="40.659484" lon="-0.105535">
        <ele>983.1</ele>
        <extensions>
          <gpxtpx:TrackPointExtension>
            <gpxtpx:hr>130</gpxtpx:hr>
          </gpxtpx:TrackPointExtension>
        </extensions>
      </trkpt>
      <trkpt lat="40.659400" lon="-0.105566">
        <ele>982.5</ele>
        <extensions>
          <gpxtpx:TrackPointExtension>
            <gpxtpx:hr>124</gpxtpx:hr>
          </gpxtpx:TrackPointExtension>
        </extensions>
      </trkpt>
      <trkpt lat="40.659334" lon="-0.105599">
        <ele>981.8</ele>
        <extensions>
          <gpxtpx:TrackPointExtension>
            <gpxtpx:hr>118</gpxtpx:hr>
          </gpxtpx:TrackPointExtension>
        </extensions>
      </trkpt>
      <trkpt lat="40.659317" lon="-0.105700">
        <ele>980.8</ele>
        <extensions>
          <gpxtpx:TrackPointExtension>
            <gpxtpx:hr>115</gpxtpx:hr>
          </gpxtpx:TrackPointExtension>
        </extensions>
      </trkpt>
      <trkpt lat="40.659317" lon="-0.105816">
        <ele>979.5</ele>
        <extensions>
          <gpxtpx:TrackPointExtension>
            <gpxtpx:hr>113</gpxtpx:hr>
          </gpxtpx:TrackPointExtension>
        </extensions>
      </trkpt>
      <trkpt lat="40.659351" lon="-0.105916">
        <ele>978.2</ele>
        <extensions>
          <gpxtpx:TrackPointExtension>
            <gpxtpx:hr>107</gpxtpx:hr>
          </gpxtpx:TrackPointExtension>
        </extensions>
      </trkpt>
      <trkpt lat="40.659417" lon="-0.105966">
        <ele>977.5</ele>
        <extensions>
          <gpxtpx:TrackPointExtension>
            <gpxtpx:hr>110</gpxtpx:hr>
          </gpxtpx:TrackPointExtension>
        </extensions>
      </trkpt>
      <trkpt lat="40.659467" lon="-0.106016">
        <ele>976.8</ele>
        <extensions>
          <gpxtpx:TrackPointExtension>
            <gpxtpx:hr>113</gpxtpx:hr>
          </gpxtpx:TrackPointExtension>
        </extensions>
      </trkpt>
      <trkpt lat="40.659534" lon="-0.106083">
        <ele>976.1</ele>
        <extensions>
          <gpxtpx:TrackPointExtension>
            <gpxtpx:hr>112</gpxtpx:hr>
          </gpxtpx:TrackPointExtension>
        </extensions>
      </trkpt>
      <trkpt lat="40.659584" lon="-0.106166">
        <ele>975.7</ele>
        <extensions>
          <gpxtpx:TrackPointExtension>
            <gpxtpx:hr>106</gpxtpx:hr>
          </gpxtpx:TrackPointExtension>
        </extensions>
      </trkpt>
      <trkpt lat="40.659617" lon="-0.106250">
        <ele>975.1</ele>
        <extensions>
          <gpxtpx:TrackPointExtension>
            <gpxtpx:hr>105</gpxtpx:hr>
          </gpxtpx:TrackPointExtension>
        </extensions>
      </trkpt>
      <trkpt lat="40.659617" lon="-0.106300">
        <ele>974.5</ele>
        <extensions>
          <gpxtpx:TrackPointExtension>
            <gpxtpx:hr>106</gpxtpx:hr>
          </gpxtpx:TrackPointExtension>
        </extensions>
      </trkpt>
      <trkpt lat="40.659617" lon="-0.106466">
        <ele>972.8</ele>
        <extensions>
          <gpxtpx:TrackPointExtension>
            <gpxtpx:hr>109</gpxtpx:hr>
          </gpxtpx:TrackPointExtension>
        </extensions>
      </trkpt>
      <trkpt lat="40.659550" lon="-0.106533">
        <ele>972.8</ele>
      </trkpt>
      <trkpt lat="40.659467" lon="-0.106583">
        <ele>972.8</ele>
        <extensions>
          <gpxtpx:TrackPointExtension>
            <gpxtpx:hr>111</gpxtpx:hr>
          </gpxtpx:TrackPointExtension>
        </extensions>
      </trkpt>
      <trkpt lat="40.659400" lon="-0.106650">
        <ele>973.7</ele>
        <extensions>
          <gpxtpx:TrackPointExtension>
            <gpxtpx:hr>118</gpxtpx:hr>
          </gpxtpx:TrackPointExtension>
        </extensions>
      </trkpt>
      <trkpt lat="40.659334" lon="-0.106716">
        <ele>974.3</ele>
        <extensions>
          <gpxtpx:TrackPointExtension>
            <gpxtpx:hr>127</gpxtpx:hr>
          </gpxtpx:TrackPointExtension>
        </extensions>
      </trkpt>
      <trkpt lat="40.659267" lon="-0.106750">
        <ele>974.1</ele>
        <extensions>
          <gpxtpx:TrackPointExtension>
            <gpxtpx:hr>129</gpxtpx:hr>
          </gpxtpx:TrackPointExtension>
        </extensions>
      </trkpt>
      <trkpt lat="40.659200" lon="-0.106816">
        <ele>974.5</ele>
        <extensions>
          <gpxtpx:TrackPointExtension>
            <gpxtpx:hr>130</gpxtpx:hr>
          </gpxtpx:TrackPointExtension>
        </extensions>
      </trkpt>
      <trkpt lat="40.659167" lon="-0.106916">
        <ele>975.8</ele>
        <extensions>
          <gpxtpx:TrackPointExtension>
            <gpxtpx:hr>129</gpxtpx:hr>
          </gpxtpx:TrackPointExtension>
        </extensions>
      </trkpt>
      <trkpt lat="40.659151" lon="-0.107016">
        <ele>976.5</ele>
        <extensions>
          <gpxtpx:TrackPointExtension>
            <gpxtpx:hr>129</gpxtpx:hr>
          </gpxtpx:TrackPointExtension>
        </extensions>
      </trkpt>
      <trkpt lat="40.659134" lon="-0.107116">
        <ele>976.3</ele>
        <extensions>
          <gpxtpx:TrackPointExtension>
            <gpxtpx:hr>130</gpxtpx:hr>
          </gpxtpx:TrackPointExtension>
        </extensions>
      </trkpt>
      <trkpt lat="40.659117" lon="-0.107216">
        <ele>976.1</ele>
        <extensions>
          <gpxtpx:TrackPointExtension>
            <gpxtpx:hr>131</gpxtpx:hr>
          </gpxtpx:TrackPointExtension>
        </extensions>
      </trkpt>
      <trkpt lat="40.659084" lon="-0.107300">
        <ele>974.8</ele>
        <extensions>
          <gpxtpx:TrackPointExtension>
            <gpxtpx:hr>132</gpxtpx:hr>
          </gpxtpx:TrackPointExtension>
        </extensions>
      </trkpt>
      <trkpt lat="40.659068" lon="-0.107400">
        <ele>974.3</ele>
        <extensions>
          <gpxtpx:TrackPointExtension>
            <gpxtpx:hr>129</gpxtpx:hr>
          </gpxtpx:TrackPointExtension>
        </extensions>
      </trkpt>
      <trkpt lat="40.659068" lon="-0.107516">
        <ele>975.6</ele>
        <extensions>
          <gpxtpx:TrackPointExtension>
            <gpxtpx:hr>128</gpxtpx:hr>
          </gpxtpx:TrackPointExtension>
        </extensions>
      </trkpt>
      <trkpt lat="40.659068" lon="-0.107533">
        <ele>975.9</ele>
        <extensions>
          <gpxtpx:TrackPointExtension>
            <gpxtpx:hr>129</gpxtpx:hr>
          </gpxtpx:TrackPointExtension>
        </extensions>
      </trkpt>
      <trkpt lat="40.659051" lon="-0.107733">
        <ele>977.3</ele>
        <extensions>
          <gpxtpx:TrackPointExtension>
            <gpxtpx:hr>128</gpxtpx:hr>
          </gpxtpx:TrackPointExtension>
        </extensions>
      </trkpt>
      <trkpt lat="40.659068" lon="-0.107850">
        <ele>978.9</ele>
        <extensions>
          <gpxtpx:TrackPointExtension>
            <gpxtpx:hr>124</gpxtpx:hr>
          </gpxtpx:TrackPointExtension>
        </extensions>
      </trkpt>
      <trkpt lat="40.659034" lon="-0.107933">
        <ele>977.4</ele>
        <extensions>
          <gpxtpx:TrackPointExtension>
            <gpxtpx:hr>123</gpxtpx:hr>
          </gpxtpx:TrackPointExtension>
        </extensions>
      </trkpt>
      <trkpt lat="40.659034" lon="-0.108049">
        <ele>977.6</ele>
        <extensions>
          <gpxtpx:TrackPointExtension>
            <gpxtpx:hr>120</gpxtpx:hr>
          </gpxtpx:TrackPointExtension>
        </extensions>
      </trkpt>
      <trkpt lat="40.659034" lon="-0.108149">
        <ele>977.9</ele>
        <extensions>
          <gpxtpx:TrackPointExtension>
            <gpxtpx:hr>123</gpxtpx:hr>
          </gpxtpx:TrackPointExtension>
        </extensions>
      </trkpt>
      <trkpt lat="40.659001" lon="-0.108249">
        <ele>976.6</ele>
      </trkpt>
      <trkpt lat="40.659017" lon="-0.108367">
        <ele>978.9</ele>
        <extensions>
          <gpxtpx:TrackPointExtension>
            <gpxtpx:hr>123</gpxtpx:hr>
          </gpxtpx:TrackPointExtension>
        </extensions>
      </trkpt>
      <trkpt lat="40.659001" lon="-0.108483">
        <ele>978.8</ele>
        <extensions>
          <gpxtpx:TrackPointExtension>
            <gpxtpx:hr>121</gpxtpx:hr>
          </gpxtpx:TrackPointExtension>
        </extensions>
      </trkpt>
      <trkpt lat="40.658968" lon="-0.108566">
        <ele>977.3</ele>
        <extensions>
          <gpxtpx:TrackPointExtension>
            <gpxtpx:hr>122</gpxtpx:hr>
          </gpxtpx:TrackPointExtension>
        </extensions>
      </trkpt>
      <trkpt lat="40.658950" lon="-0.108666">
        <ele>976.9</ele>
        <extensions>
          <gpxtpx:TrackPointExtension>
            <gpxtpx:hr>125</gpxtpx:hr>
          </gpxtpx:TrackPointExtension>
        </extensions>
      </trkpt>
      <trkpt lat="40.658950" lon="-0.108766">
        <ele>978.8</ele>
        <extensions>
          <gpxtpx:TrackPointExtension>
            <gpxtpx:hr>126</gpxtpx:hr>
          </gpxtpx:TrackPointExtension>
        </extensions>
      </trkpt>
      <trkpt lat="40.658950" lon="-0.108850">
        <ele>980.1</ele>
        <extensions>
          <gpxtpx:TrackPointExtension>
            <gpxtpx:hr>125</gpxtpx:hr>
          </gpxtpx:TrackPointExtension>
        </extensions>
      </trkpt>
      <trkpt lat="40.658950" lon="-0.108950">
        <ele>980.4</ele>
        <extensions>
          <gpxtpx:TrackPointExtension>
            <gpxtpx:hr>124</gpxtpx:hr>
          </gpxtpx:TrackPointExtension>
        </extensions>
      </trkpt>
      <trkpt lat="40.658950" lon="-0.109066">
        <ele>979.9</ele>
        <extensions>
          <gpxtpx:TrackPointExtension>
            <gpxtpx:hr>125</gpxtpx:hr>
          </gpxtpx:TrackPointExtension>
        </extensions>
      </trkpt>
      <trkpt lat="40.658934" lon="-0.109149">
        <ele>979.0</ele>
        <extensions>
          <gpxtpx:TrackPointExtension>
            <gpxtpx:hr>125</gpxtpx:hr>
          </gpxtpx:TrackPointExtension>
        </extensions>
      </trkpt>
      <trkpt lat="40.658901" lon="-0.109266">
        <ele>978.1</ele>
        <extensions>
          <gpxtpx:TrackPointExtension>
            <gpxtpx:hr>127</gpxtpx:hr>
          </gpxtpx:TrackPointExtension>
        </extensions>
      </trkpt>
      <trkpt lat="40.658868" lon="-0.109366">
        <ele>976.2</ele>
        <extensions>
          <gpxtpx:TrackPointExtension>
            <gpxtpx:hr>130</gpxtpx:hr>
          </gpxtpx:TrackPointExtension>
        </extensions>
      </trkpt>
      <trkpt lat="40.658868" lon="-0.109483">
        <ele>976.9</ele>
        <extensions>
          <gpxtpx:TrackPointExtension>
            <gpxtpx:hr>130</gpxtpx:hr>
          </gpxtpx:TrackPointExtension>
        </extensions>
      </trkpt>
      <trkpt lat="40.658868" lon="-0.109499">
        <ele>977.0</ele>
        <extensions>
          <gpxtpx:TrackPointExtension>
            <gpxtpx:hr>130</gpxtpx:hr>
          </gpxtpx:TrackPointExtension>
        </extensions>
      </trkpt>
      <trkpt lat="40.658884" lon="-0.109699">
        <ele>978.3</ele>
        <extensions>
          <gpxtpx:TrackPointExtension>
            <gpxtpx:hr>127</gpxtpx:hr>
          </gpxtpx:TrackPointExtension>
        </extensions>
      </trkpt>
      <trkpt lat="40.658884" lon="-0.109816">
        <ele>977.7</ele>
        <extensions>
          <gpxtpx:TrackPointExtension>
            <gpxtpx:hr>125</gpxtpx:hr>
          </gpxtpx:TrackPointExtension>
        </extensions>
      </trkpt>
      <trkpt lat="40.658901" lon="-0.109933">
        <ele>978.7</ele>
        <extensions>
          <gpxtpx:TrackPointExtension>
            <gpxtpx:hr>125</gpxtpx:hr>
          </gpxtpx:TrackPointExtension>
        </extensions>
      </trkpt>
      <trkpt lat="40.658917" lon="-0.110033">
        <ele>979.2</ele>
        <extensions>
          <gpxtpx:TrackPointExtension>
            <gpxtpx:hr>122</gpxtpx:hr>
          </gpxtpx:TrackPointExtension>
        </extensions>
      </trkpt>
      <trkpt lat="40.658917" lon="-0.110133">
        <ele>978.4</ele>
        <extensions>
          <gpxtpx:TrackPointExtension>
            <gpxtpx:hr>119</gpxtpx:hr>
          </gpxtpx:TrackPointExtension>
        </extensions>
      </trkpt>
      <trkpt lat="40.658934" lon="-0.110249">
        <ele>977.7</ele>
        <extensions>
          <gpxtpx:TrackPointExtension>
            <gpxtpx:hr>119</gpxtpx:hr>
          </gpxtpx:TrackPointExtension>
        </extensions>
      </trkpt>
      <trkpt lat="40.658934" lon="-0.110333">
        <ele>976.8</ele>
        <extensions>
          <gpxtpx:TrackPointExtension>
            <gpxtpx:hr>119</gpxtpx:hr>
          </gpxtpx:TrackPointExtension>
        </extensions>
      </trkpt>
      <trkpt lat="40.658934" lon="-0.110416">
        <ele>975.8</ele>
        <extensions>
          <gpxtpx:TrackPointExtension>
            <gpxtpx:hr>118</gpxtpx:hr>
          </gpxtpx:TrackPointExtension>
        </extensions>
      </trkpt>
      <trkpt lat="40.658934" lon="-0.110516">
        <ele>975.2</ele>
        <extensions>
          <gpxtpx:TrackPointExtension>
            <gpxtpx:hr>118</gpxtpx:hr>
          </gpxtpx:TrackPointExtension>
        </extensions>
      </trkpt>
      <trkpt lat="40.658934" lon="-0.110616">
        <ele>976.2</ele>
        <extensions>
          <gpxtpx:TrackPointExtension>
            <gpxtpx:hr>117</gpxtpx:hr>
          </gpxtpx:TrackPointExtension>
        </extensions>
      </trkpt>
      <trkpt lat="40.658917" lon="-0.110733">
        <ele>977.4</ele>
        <extensions>
          <gpxtpx:TrackPointExtension>
            <gpxtpx:hr>122</gpxtpx:hr>
          </gpxtpx:TrackPointExtension>
        </extensions>
      </trkpt>
      <trkpt lat="40.658901" lon="-0.110816">
        <ele>977.3</ele>
        <extensions>
          <gpxtpx:TrackPointExtension>
            <gpxtpx:hr>122</gpxtpx:hr>
          </gpxtpx:TrackPointExtension>
        </extensions>
      </trkpt>
      <trkpt lat="40.658868" lon="-0.110916">
        <ele>976.5</ele>
        <extensions>
          <gpxtpx:TrackPointExtension>
            <gpxtpx:hr>119</gpxtpx:hr>
          </gpxtpx:TrackPointExtension>
        </extensions>
      </trkpt>
      <trkpt lat="40.658801" lon="-0.111000">
        <ele>973.1</ele>
        <extensions>
          <gpxtpx:TrackPointExtension>
            <gpxtpx:hr>121</gpxtpx:hr>
          </gpxtpx:TrackPointExtension>
        </extensions>
      </trkpt>
      <trkpt lat="40.658767" lon="-0.111083">
        <ele>973.0</ele>
        <extensions>
          <gpxtpx:TrackPointExtension>
            <gpxtpx:hr>129</gpxtpx:hr>
          </gpxtpx:TrackPointExtension>
        </extensions>
      </trkpt>
      <trkpt lat="40.658750" lon="-0.111183">
        <ele>974.9</ele>
        <extensions>
          <gpxtpx:TrackPointExtension>
            <gpxtpx:hr>133</gpxtpx:hr>
          </gpxtpx:TrackPointExtension>
        </extensions>
      </trkpt>
      <trkpt lat="40.658717" lon="-0.111283">
        <ele>974.8</ele>
        <extensions>
          <gpxtpx:TrackPointExtension>
            <gpxtpx:hr>134</gpxtpx:hr>
          </gpxtpx:TrackPointExtension>
        </extensions>
      </trkpt>
      <trkpt lat="40.658717" lon="-0.111300">
        <ele>975.0</ele>
        <extensions>
          <gpxtpx:TrackPointExtension>
            <gpxtpx:hr>134</gpxtpx:hr>
          </gpxtpx:TrackPointExtension>
        </extensions>
      </trkpt>
      <trkpt lat="40.658667" lon="-0.111483">
        <ele>975.1</ele>
        <extensions>
          <gpxtpx:TrackPointExtension>
            <gpxtpx:hr>134</gpxtpx:hr>
          </gpxtpx:TrackPointExtension>
        </extensions>
      </trkpt>
      <trkpt lat="40.658650" lon="-0.111599">
        <ele>976.2</ele>
        <extensions>
          <gpxtpx:TrackPointExtension>
            <gpxtpx:hr>136</gpxtpx:hr>
          </gpxtpx:TrackPointExtension>
        </extensions>
      </trkpt>
      <trkpt lat="40.658634" lon="-0.111683">
        <ele>976.4</ele>
        <extensions>
          <gpxtpx:TrackPointExtension>
            <gpxtpx:hr>136</gpxtpx:hr>
          </gpxtpx:TrackPointExtension>
        </extensions>
      </trkpt>
      <trkpt lat="40.658617" lon="-0.111800">
        <ele>976.6</ele>
        <extensions>
          <gpxtpx:TrackPointExtension>
            <gpxtpx:hr>136</gpxtpx:hr>
          </gpxtpx:TrackPointExtension>
        </extensions>
      </trkpt>
      <trkpt lat="40.658584" lon="-0.111900">
        <ele>976.4</ele>
        <extensions>
          <gpxtpx:TrackPointExtension>
            <gpxtpx:hr>133</gpxtpx:hr>
          </gpxtpx:TrackPointExtension>
        </extensions>
      </trkpt>
      <trkpt lat="40.658567" lon="-0.112000">
        <ele>977.0</ele>
        <extensions>
          <gpxtpx:TrackPointExtension>
            <gpxtpx:hr>131</gpxtpx:hr>
          </gpxtpx:TrackPointExtension>
        </extensions>
      </trkpt>
      <trkpt lat="40.658534" lon="-0.112116">
        <ele>976.7</ele>
        <extensions>
          <gpxtpx:TrackPointExtension>
            <gpxtpx:hr>130</gpxtpx:hr>
          </gpxtpx:TrackPointExtension>
        </extensions>
      </trkpt>
      <trkpt lat="40.658517" lon="-0.112216">
        <ele>976.6</ele>
        <extensions>
          <gpxtpx:TrackPointExtension>
            <gpxtpx:hr>129</gpxtpx:hr>
          </gpxtpx:TrackPointExtension>
        </extensions>
      </trkpt>
      <trkpt lat="40.658501" lon="-0.112316">
        <ele>976.5</ele>
        <extensions>
          <gpxtpx:TrackPointExtension>
            <gpxtpx:hr>127</gpxtpx:hr>
          </gpxtpx:TrackPointExtension>
        </extensions>
      </trkpt>
      <trkpt lat="40.658484" lon="-0.112399">
        <ele>976.5</ele>
        <extensions>
          <gpxtpx:TrackPointExtension>
            <gpxtpx:hr>126</gpxtpx:hr>
          </gpxtpx:TrackPointExtension>
        </extensions>
      </trkpt>
      <trkpt lat="40.658467" lon="-0.112516">
        <ele>977.3</ele>
        <extensions>
          <gpxtpx:TrackPointExtension>
            <gpxtpx:hr>126</gpxtpx:hr>
          </gpxtpx:TrackPointExtension>
        </extensions>
      </trkpt>
      <trkpt lat="40.658467" lon="-0.112633">
        <ele>978.7</ele>
        <extensions>
          <gpxtpx:TrackPointExtension>
            <gpxtpx:hr>131</gpxtpx:hr>
          </gpxtpx:TrackPointExtension>
        </extensions>
      </trkpt>
      <trkpt lat="40.658451" lon="-0.112733">
        <ele>978.6</ele>
        <extensions>
          <gpxtpx:TrackPointExtension>
            <gpxtpx:hr>138</gpxtpx:hr>
          </gpxtpx:TrackPointExtension>
        </extensions>
      </trkpt>
      <trkpt lat="40.658467" lon="-0.112833">
        <ele>979.2</ele>
        <extensions>
          <gpxtpx:TrackPointExtension>
            <gpxtpx:hr>144</gpxtpx:hr>
          </gpxtpx:TrackPointExtension>
        </extensions>
      </trkpt>
      <trkpt lat="40.658451" lon="-0.112933">
        <ele>978.4</ele>
        <extensions>
          <gpxtpx:TrackPointExtension>
            <gpxtpx:hr>146</gpxtpx:hr>
          </gpxtpx:TrackPointExtension>
        </extensions>
      </trkpt>
      <trkpt lat="40.658434" lon="-0.112966">
        <ele>977.9</ele>
        <extensions>
          <gpxtpx:TrackPointExtension>
            <gpxtpx:hr>145</gpxtpx:hr>
          </gpxtpx:TrackPointExtension>
        </extensions>
      </trkpt>
      <trkpt lat="40.658417" lon="-0.113150">
        <ele>979.7</ele>
        <extensions>
          <gpxtpx:TrackPointExtension>
            <gpxtpx:hr>142</gpxtpx:hr>
          </gpxtpx:TrackPointExtension>
        </extensions>
      </trkpt>
      <trkpt lat="40.658400" lon="-0.113250">
        <ele>979.2</ele>
        <extensions>
          <gpxtpx:TrackPointExtension>
            <gpxtpx:hr>140</gpxtpx:hr>
          </gpxtpx:TrackPointExtension>
        </extensions>
      </trkpt>
      <trkpt lat="40.658400" lon="-0.113350">
        <ele>978.7</ele>
      </trkpt>
      <trkpt lat="40.658400" lon="-0.113450">
        <ele>978.3</ele>
        <extensions>
          <gpxtpx:TrackPointExtension>
            <gpxtpx:hr>138</gpxtpx:hr>
          </gpxtpx:TrackPointExtension>
        </extensions>
      </trkpt>
      <trkpt lat="40.658400" lon="-0.113550">
        <ele>977.8</ele>
        <extensions>
          <gpxtpx:TrackPointExtension>
            <gpxtpx:hr>138</gpxtpx:hr>
          </gpxtpx:TrackPointExtension>
        </extensions>
      </trkpt>
      <trkpt lat="40.658417" lon="-0.113650">
        <ele>977.6</ele>
        <extensions>
          <gpxtpx:TrackPointExtension>
            <gpxtpx:hr>137</gpxtpx:hr>
          </gpxtpx:TrackPointExtension>
        </extensions>
      </trkpt>
      <trkpt lat="40.658434" lon="-0.113750">
        <ele>976.9</ele>
        <extensions>
          <gpxtpx:TrackPointExtension>
            <gpxtpx:hr>129</gpxtpx:hr>
          </gpxtpx:TrackPointExtension>
        </extensions>
      </trkpt>
      <trkpt lat="40.658467" lon="-0.113849">
        <ele>976.1</ele>
        <extensions>
          <gpxtpx:TrackPointExtension>
            <gpxtpx:hr>124</gpxtpx:hr>
          </gpxtpx:TrackPointExtension>
        </extensions>
      </trkpt>
      <trkpt lat="40.658517" lon="-0.113916">
        <ele>975.2</ele>
        <extensions>
          <gpxtpx:TrackPointExtension>
            <gpxtpx:hr>123</gpxtpx:hr>
          </gpxtpx:TrackPointExtension>
        </extensions>
      </trkpt>
      <trkpt lat="40.658567" lon="-0.113983">
        <ele>974.1</ele>
        <extensions>
          <gpxtpx:TrackPointExtension>
            <gpxtpx:hr>122</gpxtpx:hr>
          </gpxtpx:TrackPointExtension>
        </extensions>
      </trkpt>
      <trkpt lat="40.658634" lon="-0.114049">
        <ele>972.9</ele>
        <extensions>
          <gpxtpx:TrackPointExtension>
            <gpxtpx:hr>121</gpxtpx:hr>
          </gpxtpx:TrackPointExtension>
        </extensions>
      </trkpt>
      <trkpt lat="40.658717" lon="-0.114116">
        <ele>971.6</ele>
        <extensions>
          <gpxtpx:TrackPointExtension>
            <gpxtpx:hr>120</gpxtpx:hr>
          </gpxtpx:TrackPointExtension>
        </extensions>
      </trkpt>
      <trkpt lat="40.658784" lon="-0.114166">
        <ele>970.0</ele>
        <extensions>
          <gpxtpx:TrackPointExtension>
            <gpxtpx:hr>119</gpxtpx:hr>
          </gpxtpx:TrackPointExtension>
        </extensions>
      </trkpt>
      <trkpt lat="40.658868" lon="-0.114216">
        <ele>968.6</ele>
        <extensions>
          <gpxtpx:TrackPointExtension>
            <gpxtpx:hr>119</gpxtpx:hr>
          </gpxtpx:TrackPointExtension>
        </extensions>
      </trkpt>
      <trkpt lat="40.658934" lon="-0.114266">
        <ele>966.9</ele>
        <extensions>
          <gpxtpx:TrackPointExtension>
            <gpxtpx:hr>119</gpxtpx:hr>
          </gpxtpx:TrackPointExtension>
        </extensions>
      </trkpt>
      <trkpt lat="40.659017" lon="-0.114283">
        <ele>966.0</ele>
        <extensions>
          <gpxtpx:TrackPointExtension>
            <gpxtpx:hr>119</gpxtpx:hr>
          </gpxtpx:TrackPointExtension>
        </extensions>
      </trkpt>
      <trkpt lat="40.659100" lon="-0.114299">
        <ele>965.0</ele>
        <extensions>
          <gpxtpx:TrackPointExtension>
            <gpxtpx:hr>119</gpxtpx:hr>
          </gpxtpx:TrackPointExtension>
        </extensions>
      </trkpt>
      <trkpt lat="40.659184" lon="-0.114333">
        <ele>963.8</ele>
        <extensions>
          <gpxtpx:TrackPointExtension>
            <gpxtpx:hr>117</gpxtpx:hr>
          </gpxtpx:TrackPointExtension>
        </extensions>
      </trkpt>
      <trkpt lat="40.659267" lon="-0.114366">
        <ele>962.8</ele>
        <extensions>
          <gpxtpx:TrackPointExtension>
            <gpxtpx:hr>117</gpxtpx:hr>
          </gpxtpx:TrackPointExtension>
        </extensions>
      </trkpt>
      <trkpt lat="40.659334" lon="-0.114416">
        <ele>961.5</ele>
        <extensions>
          <gpxtpx:TrackPointExtension>
            <gpxtpx:hr>117</gpxtpx:hr>
          </gpxtpx:TrackPointExtension>
        </extensions>
      </trkpt>
      <trkpt lat="40.659417" lon="-0.114466">
        <ele>960.7</ele>
        <extensions>
          <gpxtpx:TrackPointExtension>
            <gpxtpx:hr>117</gpxtpx:hr>
          </gpxtpx:TrackPointExtension>
        </extensions>
      </trkpt>
      <trkpt lat="40.659484" lon="-0.114499">
        <ele>959.7</ele>
        <extensions>
          <gpxtpx:TrackPointExtension>
            <gpxtpx:hr>117</gpxtpx:hr>
          </gpxtpx:TrackPointExtension>
        </extensions>
      </trkpt>
      <trkpt lat="40.659534" lon="-0.114550">
        <ele>958.7</ele>
        <extensions>
          <gpxtpx:TrackPointExtension>
            <gpxtpx:hr>116</gpxtpx:hr>
          </gpxtpx:TrackPointExtension>
        </extensions>
      </trkpt>
      <trkpt lat="40.659601" lon="-0.114616">
        <ele>957.8</ele>
        <extensions>
          <gpxtpx:TrackPointExtension>
            <gpxtpx:hr>115</gpxtpx:hr>
          </gpxtpx:TrackPointExtension>
        </extensions>
      </trkpt>
      <trkpt lat="40.659667" lon="-0.114616">
        <ele>957.6</ele>
        <extensions>
          <gpxtpx:TrackPointExtension>
            <gpxtpx:hr>114</gpxtpx:hr>
          </gpxtpx:TrackPointExtension>
        </extensions>
      </trkpt>
      <trkpt lat="40.659701" lon="-0.114616">
        <ele>957.4</ele>
        <extensions>
          <gpxtpx:TrackPointExtension>
            <gpxtpx:hr>114</gpxtpx:hr>
          </gpxtpx:TrackPointExtension>
        </extensions>
      </trkpt>
      <trkpt lat="40.659817" lon="-0.114633">
        <ele>956.1</ele>
        <extensions>
          <gpxtpx:TrackPointExtension>
            <gpxtpx:hr>116</gpxtpx:hr>
          </gpxtpx:TrackPointExtension>
        </extensions>
      </trkpt>
      <trkpt lat="40.659884" lon="-0.114616">
        <ele>955.6</ele>
        <extensions>
          <gpxtpx:TrackPointExtension>
            <gpxtpx:hr>116</gpxtpx:hr>
          </gpxtpx:TrackPointExtension>
        </extensions>
      </trkpt>
      <trkpt lat="40.659967" lon="-0.114616">
        <ele>954.9</ele>
        <extensions>
          <gpxtpx:TrackPointExtension>
            <gpxtpx:hr>116</gpxtpx:hr>
          </gpxtpx:TrackPointExtension>
        </extensions>
      </trkpt>
      <trkpt lat="40.660051" lon="-0.114616">
        <ele>954.2</ele>
        <extensions>
          <gpxtpx:TrackPointExtension>
            <gpxtpx:hr>118</gpxtpx:hr>
          </gpxtpx:TrackPointExtension>
        </extensions>
      </trkpt>
      <trkpt lat="40.660051" lon="-0.114733">
        <ele>952.3</ele>
        <extensions>
          <gpxtpx:TrackPointExtension>
            <gpxtpx:hr>126</gpxtpx:hr>
          </gpxtpx:TrackPointExtension>
        </extensions>
      </trkpt>
      <trkpt lat="40.660000" lon="-0.114816">
        <ele>949.9</ele>
        <extensions>
          <gpxtpx:TrackPointExtension>
            <gpxtpx:hr>124</gpxtpx:hr>
          </gpxtpx:TrackPointExtension>
        </extensions>
      </trkpt>
      <trkpt lat="40.659917" lon="-0.114850">
        <ele>949.4</ele>
        <extensions>
          <gpxtpx:TrackPointExtension>
            <gpxtpx:hr>128</gpxtpx:hr>
          </gpxtpx:TrackPointExtension>
        </extensions>
      </trkpt>
      <trkpt lat="40.659867" lon="-0.114933">
        <ele>947.0</ele>
        <extensions>
          <gpxtpx:TrackPointExtension>
            <gpxtpx:hr>132</gpxtpx:hr>
          </gpxtpx:TrackPointExtension>
        </extensions>
      </trkpt>
      <trkpt lat="40.659817" lon="-0.114983">
        <ele>946.1</ele>
        <extensions>
          <gpxtpx:TrackPointExtension>
            <gpxtpx:hr>136</gpxtpx:hr>
          </gpxtpx:TrackPointExtension>
        </extensions>
      </trkpt>
      <trkpt lat="40.659750" lon="-0.115050">
        <ele>944.6</ele>
        <extensions>
          <gpxtpx:TrackPointExtension>
            <gpxtpx:hr>138</gpxtpx:hr>
          </gpxtpx:TrackPointExtension>
        </extensions>
      </trkpt>
      <trkpt lat="40.659701" lon="-0.115133">
        <ele>941.7</ele>
        <extensions>
          <gpxtpx:TrackPointExtension>
            <gpxtpx:hr>131</gpxtpx:hr>
          </gpxtpx:TrackPointExtension>
        </extensions>
      </trkpt>
      <trkpt lat="40.659684" lon="-0.115133">
        <ele>941.6</ele>
        <extensions>
          <gpxtpx:TrackPointExtension>
            <gpxtpx:hr>131</gpxtpx:hr>
          </gpxtpx:TrackPointExtension>
        </extensions>
      </trkpt>
      <trkpt lat="40.659801" lon="-0.115150">
        <ele>940.9</ele>
        <extensions>
          <gpxtpx:TrackPointExtension>
            <gpxtpx:hr>110</gpxtpx:hr>
          </gpxtpx:TrackPointExtension>
        </extensions>
      </trkpt>
      <trkpt lat="40.659934" lon="-0.115183">
        <ele>939.1</ele>
        <extensions>
          <gpxtpx:TrackPointExtension>
            <gpxtpx:hr>109</gpxtpx:hr>
          </gpxtpx:TrackPointExtension>
        </extensions>
      </trkpt>
      <trkpt lat="40.659950" lon="-0.115299">
        <ele>941.5</ele>
        <extensions>
          <gpxtpx:TrackPointExtension>
            <gpxtpx:hr>123</gpxtpx:hr>
          </gpxtpx:TrackPointExtension>
        </extensions>
      </trkpt>
      <trkpt lat="40.659901" lon="-0.115383">
        <ele>941.9</ele>
        <extensions>
          <gpxtpx:TrackPointExtension>
            <gpxtpx:hr>137</gpxtpx:hr>
          </gpxtpx:TrackPointExtension>
        </extensions>
      </trkpt>
      <trkpt lat="40.659817" lon="-0.115416">
        <ele>942.0</ele>
        <extensions>
          <gpxtpx:TrackPointExtension>
            <gpxtpx:hr>142</gpxtpx:hr>
          </gpxtpx:TrackPointExtension>
        </extensions>
      </trkpt>
      <trkpt lat="40.659750" lon="-0.115450">
        <ele>942.4</ele>
        <extensions>
          <gpxtpx:TrackPointExtension>
            <gpxtpx:hr>144</gpxtpx:hr>
          </gpxtpx:TrackPointExtension>
        </extensions>
      </trkpt>
      <trkpt lat="40.659667" lon="-0.115466">
        <ele>942.2</ele>
        <extensions>
          <gpxtpx:TrackPointExtension>
            <gpxtpx:hr>144</gpxtpx:hr>
          </gpxtpx:TrackPointExtension>
        </extensions>
      </trkpt>
      <trkpt lat="40.659584" lon="-0.115466">
        <ele>941.6</ele>
        <extensions>
          <gpxtpx:TrackPointExtension>
            <gpxtpx:hr>142</gpxtpx:hr>
          </gpxtpx:TrackPointExtension>
        </extensions>
      </trkpt>
      <trkpt lat="40.659501" lon="-0.115466">
        <ele>941.0</ele>
        <extensions>
          <gpxtpx:TrackPointExtension>
            <gpxtpx:hr>140</gpxtpx:hr>
          </gpxtpx:TrackPointExtension>
        </extensions>
      </trkpt>
      <trkpt lat="40.659417" lon="-0.115466">
        <ele>940.6</ele>
        <extensions>
          <gpxtpx:TrackPointExtension>
            <gpxtpx:hr>137</gpxtpx:hr>
          </gpxtpx:TrackPointExtension>
        </extensions>
      </trkpt>
      <trkpt lat="40.659351" lon="-0.115466">
        <ele>940.5</ele>
        <extensions>
          <gpxtpx:TrackPointExtension>
            <gpxtpx:hr>136</gpxtpx:hr>
          </gpxtpx:TrackPointExtension>
        </extensions>
      </trkpt>
      <trkpt lat="40.659267" lon="-0.115450">
        <ele>939.9</ele>
        <extensions>
          <gpxtpx:TrackPointExtension>
            <gpxtpx:hr>136</gpxtpx:hr>
          </gpxtpx:TrackPointExtension>
        </extensions>
      </trkpt>
      <trkpt lat="40.659184" lon="-0.115466">
        <ele>940.2</ele>
        <extensions>
          <gpxtpx:TrackPointExtension>
            <gpxtpx:hr>134</gpxtpx:hr>
          </gpxtpx:TrackPointExtension>
        </extensions>
      </trkpt>
      <trkpt lat="40.659100" lon="-0.115466">
        <ele>940.1</ele>
        <extensions>
          <gpxtpx:TrackPointExtension>
            <gpxtpx:hr>133</gpxtpx:hr>
          </gpxtpx:TrackPointExtension>
        </extensions>
      </trkpt>
      <trkpt lat="40.659017" lon="-0.115483">
        <ele>941.0</ele>
        <extensions>
          <gpxtpx:TrackPointExtension>
            <gpxtpx:hr>130</gpxtpx:hr>
          </gpxtpx:TrackPointExtension>
        </extensions>
      </trkpt>
      <trkpt lat="40.658934" lon="-0.115483">
        <ele>942.3</ele>
        <extensions>
          <gpxtpx:TrackPointExtension>
            <gpxtpx:hr>132</gpxtpx:hr>
          </gpxtpx:TrackPointExtension>
        </extensions>
      </trkpt>
      <trkpt lat="40.658917" lon="-0.115500">
        <ele>943.2</ele>
        <extensions>
          <gpxtpx:TrackPointExtension>
            <gpxtpx:hr>132</gpxtpx:hr>
          </gpxtpx:TrackPointExtension>
        </extensions>
      </trkpt>
      <trkpt lat="40.658767" lon="-0.115550">
        <ele>944.9</ele>
        <extensions>
          <gpxtpx:TrackPointExtension>
            <gpxtpx:hr>139</gpxtpx:hr>
          </gpxtpx:TrackPointExtension>
        </extensions>
      </trkpt>
      <trkpt lat="40.658701" lon="-0.115566">
        <ele>945.3</ele>
        <extensions>
          <gpxtpx:TrackPointExtension>
            <gpxtpx:hr>142</gpxtpx:hr>
          </gpxtpx:TrackPointExtension>
        </extensions>
      </trkpt>
      <trkpt lat="40.658617" lon="-0.115533">
        <ele>944.3</ele>
        <extensions>
          <gpxtpx:TrackPointExtension>
            <gpxtpx:hr>146</gpxtpx:hr>
          </gpxtpx:TrackPointExtension>
        </extensions>
      </trkpt>
      <trkpt lat="40.658534" lon="-0.115516">
        <ele>944.2</ele>
        <extensions>
          <gpxtpx:TrackPointExtension>
            <gpxtpx:hr>149</gpxtpx:hr>
          </gpxtpx:TrackPointExtension>
        </extensions>
      </trkpt>
      <trkpt lat="40.658467" lon="-0.115533">
        <ele>944.4</ele>
        <extensions>
          <gpxtpx:TrackPointExtension>
            <gpxtpx:hr>150</gpxtpx:hr>
          </gpxtpx:TrackPointExtension>
        </extensions>
      </trkpt>
      <trkpt lat="40.658384" lon="-0.115566">
        <ele>944.1</ele>
        <extensions>
          <gpxtpx:TrackPointExtension>
            <gpxtpx:hr>151</gpxtpx:hr>
          </gpxtpx:TrackPointExtension>
        </extensions>
      </trkpt>
      <trkpt lat="40.658317" lon="-0.115616">
        <ele>944.9</ele>
        <extensions>
          <gpxtpx:TrackPointExtension>
            <gpxtpx:hr>153</gpxtpx:hr>
          </gpxtpx:TrackPointExtension>
        </extensions>
      </trkpt>
      <trkpt lat="40.658234" lon="-0.115666">
        <ele>945.6</ele>
        <extensions>
          <gpxtpx:TrackPointExtension>
            <gpxtpx:hr>154</gpxtpx:hr>
          </gpxtpx:TrackPointExtension>
        </extensions>
      </trkpt>
      <trkpt lat="40.658184" lon="-0.115716">
        <ele>946.9</ele>
        <extensions>
          <gpxtpx:TrackPointExtension>
            <gpxtpx:hr>153</gpxtpx:hr>
          </gpxtpx:TrackPointExtension>
        </extensions>
      </trkpt>
      <trkpt lat="40.658117" lon="-0.115766">
        <ele>947.4</ele>
        <extensions>
          <gpxtpx:TrackPointExtension>
            <gpxtpx:hr>153</gpxtpx:hr>
          </gpxtpx:TrackPointExtension>
        </extensions>
      </trkpt>
      <trkpt lat="40.658050" lon="-0.115800">
        <ele>946.4</ele>
        <extensions>
          <gpxtpx:TrackPointExtension>
            <gpxtpx:hr>151</gpxtpx:hr>
          </gpxtpx:TrackPointExtension>
        </extensions>
      </trkpt>
      <trkpt lat="40.657984" lon="-0.115849">
        <ele>944.9</ele>
        <extensions>
          <gpxtpx:TrackPointExtension>
            <gpxtpx:hr>150</gpxtpx:hr>
          </gpxtpx:TrackPointExtension>
        </extensions>
      </trkpt>
      <trkpt lat="40.657967" lon="-0.115866">
        <ele>944.1</ele>
        <extensions>
          <gpxtpx:TrackPointExtension>
            <gpxtpx:hr>150</gpxtpx:hr>
          </gpxtpx:TrackPointExtension>
        </extensions>
      </trkpt>
      <trkpt lat="40.657884" lon="-0.116016">
        <ele>939.7</ele>
        <extensions>
          <gpxtpx:TrackPointExtension>
            <gpxtpx:hr>147</gpxtpx:hr>
          </gpxtpx:TrackPointExtension>
        </extensions>
      </trkpt>
      <trkpt lat="40.657884" lon="-0.116116">
        <ele>945.3</ele>
        <extensions>
          <gpxtpx:TrackPointExtension>
            <gpxtpx:hr>143</gpxtpx:hr>
          </gpxtpx:TrackPointExtension>
        </extensions>
      </trkpt>
      <trkpt lat="40.657917" lon="-0.116199">
        <ele>951.9</ele>
        <extensions>
          <gpxtpx:TrackPointExtension>
            <gpxtpx:hr>141</gpxtpx:hr>
          </gpxtpx:TrackPointExtension>
        </extensions>
      </trkpt>
      <trkpt lat="40.657951" lon="-0.116299">
        <ele>953.4</ele>
        <extensions>
          <gpxtpx:TrackPointExtension>
            <gpxtpx:hr>131</gpxtpx:hr>
          </gpxtpx:TrackPointExtension>
        </extensions>
      </trkpt>
      <trkpt lat="40.657984" lon="-0.116383">
        <ele>954.0</ele>
        <extensions>
          <gpxtpx:TrackPointExtension>
            <gpxtpx:hr>132</gpxtpx:hr>
          </gpxtpx:TrackPointExtension>
        </extensions>
      </trkpt>
      <trkpt lat="40.657967" lon="-0.116483">
        <ele>947.1</ele>
        <extensions>
          <gpxtpx:TrackPointExtension>
            <gpxtpx:hr>130</gpxtpx:hr>
          </gpxtpx:TrackPointExtension>
        </extensions>
      </trkpt>
      <trkpt lat="40.657934" lon="-0.116599">
        <ele>941.4</ele>
        <extensions>
          <gpxtpx:TrackPointExtension>
            <gpxtpx:hr>120</gpxtpx:hr>
          </gpxtpx:TrackPointExtension>
        </extensions>
      </trkpt>
      <trkpt lat="40.657917" lon="-0.116700">
        <ele>940.0</ele>
        <extensions>
          <gpxtpx:TrackPointExtension>
            <gpxtpx:hr>119</gpxtpx:hr>
          </gpxtpx:TrackPointExtension>
        </extensions>
      </trkpt>
      <trkpt lat="40.657901" lon="-0.116816">
        <ele>941.6</ele>
        <extensions>
          <gpxtpx:TrackPointExtension>
            <gpxtpx:hr>112</gpxtpx:hr>
          </gpxtpx:TrackPointExtension>
        </extensions>
      </trkpt>
      <trkpt lat="40.657867" lon="-0.116916">
        <ele>942.4</ele>
        <extensions>
          <gpxtpx:TrackPointExtension>
            <gpxtpx:hr>112</gpxtpx:hr>
          </gpxtpx:TrackPointExtension>
        </extensions>
      </trkpt>
      <trkpt lat="40.657817" lon="-0.117000">
        <ele>938.7</ele>
        <extensions>
          <gpxtpx:TrackPointExtension>
            <gpxtpx:hr>114</gpxtpx:hr>
          </gpxtpx:TrackPointExtension>
        </extensions>
      </trkpt>
      <trkpt lat="40.657784" lon="-0.117083">
        <ele>938.5</ele>
        <extensions>
          <gpxtpx:TrackPointExtension>
            <gpxtpx:hr>115</gpxtpx:hr>
          </gpxtpx:TrackPointExtension>
        </extensions>
      </trkpt>
      <trkpt lat="40.657734" lon="-0.117166">
        <ele>934.3</ele>
        <extensions>
          <gpxtpx:TrackPointExtension>
            <gpxtpx:hr>114</gpxtpx:hr>
          </gpxtpx:TrackPointExtension>
        </extensions>
      </trkpt>
      <trkpt lat="40.657717" lon="-0.117199">
        <ele>933.4</ele>
        <extensions>
          <gpxtpx:TrackPointExtension>
            <gpxtpx:hr>114</gpxtpx:hr>
          </gpxtpx:TrackPointExtension>
        </extensions>
      </trkpt>
      <trkpt lat="40.657650" lon="-0.117350">
        <ele>934.1</ele>
        <extensions>
          <gpxtpx:TrackPointExtension>
            <gpxtpx:hr>113</gpxtpx:hr>
          </gpxtpx:TrackPointExtension>
        </extensions>
      </trkpt>
      <trkpt lat="40.657600" lon="-0.117400">
        <ele>929.7</ele>
        <extensions>
          <gpxtpx:TrackPointExtension>
            <gpxtpx:hr>116</gpxtpx:hr>
          </gpxtpx:TrackPointExtension>
        </extensions>
      </trkpt>
      <trkpt lat="40.657550" lon="-0.117466">
        <ele>927.1</ele>
        <extensions>
          <gpxtpx:TrackPointExtension>
            <gpxtpx:hr>118</gpxtpx:hr>
          </gpxtpx:TrackPointExtension>
        </extensions>
      </trkpt>
      <trkpt lat="40.657500" lon="-0.117583">
        <ele>928.8</ele>
        <extensions>
          <gpxtpx:TrackPointExtension>
            <gpxtpx:hr>119</gpxtpx:hr>
          </gpxtpx:TrackPointExtension>
        </extensions>
      </trkpt>
      <trkpt lat="40.657451" lon="-0.117666">
        <ele>930.6</ele>
        <extensions>
          <gpxtpx:TrackPointExtension>
            <gpxtpx:hr>122</gpxtpx:hr>
          </gpxtpx:TrackPointExtension>
        </extensions>
      </trkpt>
      <trkpt lat="40.657417" lon="-0.117733">
        <ele>934.0</ele>
        <extensions>
          <gpxtpx:TrackPointExtension>
            <gpxtpx:hr>127</gpxtpx:hr>
          </gpxtpx:TrackPointExtension>
        </extensions>
      </trkpt>
      <trkpt lat="40.657367" lon="-0.117816">
        <ele>937.9</ele>
        <extensions>
          <gpxtpx:TrackPointExtension>
            <gpxtpx:hr>128</gpxtpx:hr>
          </gpxtpx:TrackPointExtension>
        </extensions>
      </trkpt>
      <trkpt lat="40.657334" lon="-0.117899">
        <ele>943.4</ele>
        <extensions>
          <gpxtpx:TrackPointExtension>
            <gpxtpx:hr>128</gpxtpx:hr>
          </gpxtpx:TrackPointExtension>
        </extensions>
      </trkpt>
      <trkpt lat="40.657317" lon="-0.118000">
        <ele>948.6</ele>
        <extensions>
          <gpxtpx:TrackPointExtension>
            <gpxtpx:hr>127</gpxtpx:hr>
          </gpxtpx:TrackPointExtension>
        </extensions>
      </trkpt>
      <trkpt lat="40.657284" lon="-0.118099">
        <ele>947.3</ele>
        <extensions>
          <gpxtpx:TrackPointExtension>
            <gpxtpx:hr>128</gpxtpx:hr>
          </gpxtpx:TrackPointExtension>
        </extensions>
      </trkpt>
      <trkpt lat="40.657267" lon="-0.118216">
        <ele>947.5</ele>
        <extensions>
          <gpxtpx:TrackPointExtension>
            <gpxtpx:hr>127</gpxtpx:hr>
          </gpxtpx:TrackPointExtension>
        </extensions>
      </trkpt>
      <trkpt lat="40.657300" lon="-0.118316">
        <ele>953.1</ele>
        <extensions>
          <gpxtpx:TrackPointExtension>
            <gpxtpx:hr>127</gpxtpx:hr>
          </gpxtpx:TrackPointExtension>
        </extensions>
      </trkpt>
      <trkpt lat="40.657300" lon="-0.118399">
        <ele>953.6</ele>
        <extensions>
          <gpxtpx:TrackPointExtension>
            <gpxtpx:hr>132</gpxtpx:hr>
          </gpxtpx:TrackPointExtension>
        </extensions>
      </trkpt>
      <trkpt lat="40.657317" lon="-0.118516">
        <ele>954.7</ele>
        <extensions>
          <gpxtpx:TrackPointExtension>
            <gpxtpx:hr>134</gpxtpx:hr>
          </gpxtpx:TrackPointExtension>
        </extensions>
      </trkpt>
      <trkpt lat="40.657334" lon="-0.118600">
        <ele>955.2</ele>
        <extensions>
          <gpxtpx:TrackPointExtension>
            <gpxtpx:hr>111</gpxtpx:hr>
          </gpxtpx:TrackPointExtension>
        </extensions>
      </trkpt>
      <trkpt lat="40.657334" lon="-0.118633">
        <ele>954.5</ele>
        <extensions>
          <gpxtpx:TrackPointExtension>
            <gpxtpx:hr>111</gpxtpx:hr>
          </gpxtpx:TrackPointExtension>
        </extensions>
      </trkpt>
      <trkpt lat="40.657400" lon="-0.118800">
        <ele>957.6</ele>
        <extensions>
          <gpxtpx:TrackPointExtension>
            <gpxtpx:hr>112</gpxtpx:hr>
          </gpxtpx:TrackPointExtension>
        </extensions>
      </trkpt>
      <trkpt lat="40.657417" lon="-0.118816">
        <ele>958.9</ele>
        <extensions>
          <gpxtpx:TrackPointExtension>
            <gpxtpx:hr>112</gpxtpx:hr>
          </gpxtpx:TrackPointExtension>
        </extensions>
      </trkpt>
      <trkpt lat="40.657500" lon="-0.118933">
        <ele>961.8</ele>
        <extensions>
          <gpxtpx:TrackPointExtension>
            <gpxtpx:hr>103</gpxtpx:hr>
          </gpxtpx:TrackPointExtension>
        </extensions>
      </trkpt>
      <trkpt lat="40.657534" lon="-0.119016">
        <ele>961.4</ele>
        <extensions>
          <gpxtpx:TrackPointExtension>
            <gpxtpx:hr>102</gpxtpx:hr>
          </gpxtpx:TrackPointExtension>
        </extensions>
      </trkpt>
      <trkpt lat="40.657567" lon="-0.119116">
        <ele>960.5</ele>
        <extensions>
          <gpxtpx:TrackPointExtension>
            <gpxtpx:hr>104</gpxtpx:hr>
          </gpxtpx:TrackPointExtension>
        </extensions>
      </trkpt>
      <trkpt lat="40.657617" lon="-0.119216">
        <ele>961.4</ele>
        <extensions>
          <gpxtpx:TrackPointExtension>
            <gpxtpx:hr>114</gpxtpx:hr>
          </gpxtpx:TrackPointExtension>
        </extensions>
      </trkpt>
      <trkpt lat="40.657667" lon="-0.119283">
        <ele>963.1</ele>
        <extensions>
          <gpxtpx:TrackPointExtension>
            <gpxtpx:hr>127</gpxtpx:hr>
          </gpxtpx:TrackPointExtension>
        </extensions>
      </trkpt>
      <trkpt lat="40.657750" lon="-0.119333">
        <ele>964.9</ele>
        <extensions>
          <gpxtpx:TrackPointExtension>
            <gpxtpx:hr>130</gpxtpx:hr>
          </gpxtpx:TrackPointExtension>
        </extensions>
      </trkpt>
      <trkpt lat="40.657817" lon="-0.119383">
        <ele>963.7</ele>
        <extensions>
          <gpxtpx:TrackPointExtension>
            <gpxtpx:hr>133</gpxtpx:hr>
          </gpxtpx:TrackPointExtension>
        </extensions>
      </trkpt>
      <trkpt lat="40.657867" lon="-0.119416">
        <ele>963.3</ele>
        <extensions>
          <gpxtpx:TrackPointExtension>
            <gpxtpx:hr>130</gpxtpx:hr>
          </gpxtpx:TrackPointExtension>
        </extensions>
      </trkpt>
      <trkpt lat="40.657934" lon="-0.119483">
        <ele>959.7</ele>
        <extensions>
          <gpxtpx:TrackPointExtension>
            <gpxtpx:hr>130</gpxtpx:hr>
          </gpxtpx:TrackPointExtension>
        </extensions>
      </trkpt>
      <trkpt lat="40.658001" lon="-0.119516">
        <ele>958.3</ele>
        <extensions>
          <gpxtpx:TrackPointExtension>
            <gpxtpx:hr>130</gpxtpx:hr>
          </gpxtpx:TrackPointExtension>
        </extensions>
      </trkpt>
      <trkpt lat="40.658050" lon="-0.119549">
        <ele>956.8</ele>
        <extensions>
          <gpxtpx:TrackPointExtension>
            <gpxtpx:hr>130</gpxtpx:hr>
          </gpxtpx:TrackPointExtension>
        </extensions>
      </trkpt>
      <trkpt lat="40.658100" lon="-0.119600">
        <ele>953.8</ele>
        <extensions>
          <gpxtpx:TrackPointExtension>
            <gpxtpx:hr>130</gpxtpx:hr>
          </gpxtpx:TrackPointExtension>
        </extensions>
      </trkpt>
      <trkpt lat="40.658167" lon="-0.119616">
        <ele>954.3</ele>
        <extensions>
          <gpxtpx:TrackPointExtension>
            <gpxtpx:hr>130</gpxtpx:hr>
          </gpxtpx:TrackPointExtension>
        </extensions>
      </trkpt>
      <trkpt lat="40.658217" lon="-0.119649">
        <ele>952.4</ele>
        <extensions>
          <gpxtpx:TrackPointExtension>
            <gpxtpx:hr>127</gpxtpx:hr>
          </gpxtpx:TrackPointExtension>
        </extensions>
      </trkpt>
      <trkpt lat="40.658284" lon="-0.119666">
        <ele>951.4</ele>
        <extensions>
          <gpxtpx:TrackPointExtension>
            <gpxtpx:hr>125</gpxtpx:hr>
          </gpxtpx:TrackPointExtension>
        </extensions>
      </trkpt>
      <trkpt lat="40.658367" lon="-0.119716">
        <ele>948.2</ele>
        <extensions>
          <gpxtpx:TrackPointExtension>
            <gpxtpx:hr>122</gpxtpx:hr>
          </gpxtpx:TrackPointExtension>
        </extensions>
      </trkpt>
      <trkpt lat="40.658451" lon="-0.119716">
        <ele>950.4</ele>
        <extensions>
          <gpxtpx:TrackPointExtension>
            <gpxtpx:hr>119</gpxtpx:hr>
          </gpxtpx:TrackPointExtension>
        </extensions>
      </trkpt>
      <trkpt lat="40.658517" lon="-0.119749">
        <ele>948.9</ele>
        <extensions>
          <gpxtpx:TrackPointExtension>
            <gpxtpx:hr>118</gpxtpx:hr>
          </gpxtpx:TrackPointExtension>
        </extensions>
      </trkpt>
      <trkpt lat="40.658584" lon="-0.119766">
        <ele>947.9</ele>
        <extensions>
          <gpxtpx:TrackPointExtension>
            <gpxtpx:hr>118</gpxtpx:hr>
          </gpxtpx:TrackPointExtension>
        </extensions>
      </trkpt>
      <trkpt lat="40.658601" lon="-0.119783">
        <ele>946.7</ele>
        <extensions>
          <gpxtpx:TrackPointExtension>
            <gpxtpx:hr>118</gpxtpx:hr>
          </gpxtpx:TrackPointExtension>
        </extensions>
      </trkpt>
      <trkpt lat="40.658734" lon="-0.119783">
        <ele>947.8</ele>
        <extensions>
          <gpxtpx:TrackPointExtension>
            <gpxtpx:hr>118</gpxtpx:hr>
          </gpxtpx:TrackPointExtension>
        </extensions>
      </trkpt>
      <trkpt lat="40.658801" lon="-0.119800">
        <ele>947.8</ele>
        <extensions>
          <gpxtpx:TrackPointExtension>
            <gpxtpx:hr>119</gpxtpx:hr>
          </gpxtpx:TrackPointExtension>
        </extensions>
      </trkpt>
      <trkpt lat="40.658868" lon="-0.119833">
        <ele>948.0</ele>
        <extensions>
          <gpxtpx:TrackPointExtension>
            <gpxtpx:hr>122</gpxtpx:hr>
          </gpxtpx:TrackPointExtension>
        </extensions>
      </trkpt>
      <trkpt lat="40.658934" lon="-0.119900">
        <ele>946.9</ele>
        <extensions>
          <gpxtpx:TrackPointExtension>
            <gpxtpx:hr>123</gpxtpx:hr>
          </gpxtpx:TrackPointExtension>
        </extensions>
      </trkpt>
      <trkpt lat="40.658984" lon="-0.119966">
        <ele>945.3</ele>
        <extensions>
          <gpxtpx:TrackPointExtension>
            <gpxtpx:hr>123</gpxtpx:hr>
          </gpxtpx:TrackPointExtension>
        </extensions>
      </trkpt>
      <trkpt lat="40.659034" lon="-0.120033">
        <ele>944.3</ele>
        <extensions>
          <gpxtpx:TrackPointExtension>
            <gpxtpx:hr>122</gpxtpx:hr>
          </gpxtpx:TrackPointExtension>
        </extensions>
      </trkpt>
      <trkpt lat="40.659084" lon="-0.120116">
        <ele>943.0</ele>
        <extensions>
          <gpxtpx:TrackPointExtension>
            <gpxtpx:hr>121</gpxtpx:hr>
          </gpxtpx:TrackPointExtension>
        </extensions>
      </trkpt>
      <trkpt lat="40.659151" lon="-0.120150">
        <ele>944.6</ele>
        <extensions>
          <gpxtpx:TrackPointExtension>
            <gpxtpx:hr>124</gpxtpx:hr>
          </gpxtpx:TrackPointExtension>
        </extensions>
      </trkpt>
      <trkpt lat="40.659234" lon="-0.120199">
        <ele>945.9</ele>
        <extensions>
          <gpxtpx:TrackPointExtension>
            <gpxtpx:hr>123</gpxtpx:hr>
          </gpxtpx:TrackPointExtension>
        </extensions>
      </trkpt>
      <trkpt lat="40.659317" lon="-0.120233">
        <ele>945.7</ele>
        <extensions>
          <gpxtpx:TrackPointExtension>
            <gpxtpx:hr>121</gpxtpx:hr>
          </gpxtpx:TrackPointExtension>
        </extensions>
      </trkpt>
      <trkpt lat="40.659384" lon="-0.120283">
        <ele>944.7</ele>
        <extensions>
          <gpxtpx:TrackPointExtension>
            <gpxtpx:hr>121</gpxtpx:hr>
          </gpxtpx:TrackPointExtension>
        </extensions>
      </trkpt>
      <trkpt lat="40.659367" lon="-0.120400">
        <ele>939.8</ele>
        <extensions>
          <gpxtpx:TrackPointExtension>
            <gpxtpx:hr>124</gpxtpx:hr>
          </gpxtpx:TrackPointExtension>
        </extensions>
      </trkpt>
      <trkpt lat="40.659384" lon="-0.120416">
        <ele>939.7</ele>
        <extensions>
          <gpxtpx:TrackPointExtension>
            <gpxtpx:hr>124</gpxtpx:hr>
          </gpxtpx:TrackPointExtension>
        </extensions>
      </trkpt>
      <trkpt lat="40.659367" lon="-0.120616">
        <ele>933.2</ele>
        <extensions>
          <gpxtpx:TrackPointExtension>
            <gpxtpx:hr>122</gpxtpx:hr>
          </gpxtpx:TrackPointExtension>
        </extensions>
      </trkpt>
      <trkpt lat="40.659300" lon="-0.120700">
        <ele>928.8</ele>
        <extensions>
          <gpxtpx:TrackPointExtension>
            <gpxtpx:hr>120</gpxtpx:hr>
          </gpxtpx:TrackPointExtension>
        </extensions>
      </trkpt>
      <trkpt lat="40.659234" lon="-0.120800">
        <ele>925.4</ele>
        <extensions>
          <gpxtpx:TrackPointExtension>
            <gpxtpx:hr>123</gpxtpx:hr>
          </gpxtpx:TrackPointExtension>
        </extensions>
      </trkpt>
      <trkpt lat="40.659234" lon="-0.120883">
        <ele>925.0</ele>
        <extensions>
          <gpxtpx:TrackPointExtension>
            <gpxtpx:hr>116</gpxtpx:hr>
          </gpxtpx:TrackPointExtension>
        </extensions>
      </trkpt>
      <trkpt lat="40.659217" lon="-0.120999">
        <ele>923.9</ele>
        <extensions>
          <gpxtpx:TrackPointExtension>
            <gpxtpx:hr>114</gpxtpx:hr>
          </gpxtpx:TrackPointExtension>
        </extensions>
      </trkpt>
      <trkpt lat="40.659200" lon="-0.121083">
        <ele>922.8</ele>
        <extensions>
          <gpxtpx:TrackPointExtension>
            <gpxtpx:hr>115</gpxtpx:hr>
          </gpxtpx:TrackPointExtension>
        </extensions>
      </trkpt>
      <trkpt lat="40.659184" lon="-0.121183">
        <ele>921.8</ele>
        <extensions>
          <gpxtpx:TrackPointExtension>
            <gpxtpx:hr>114</gpxtpx:hr>
          </gpxtpx:TrackPointExtension>
        </extensions>
      </trkpt>
      <trkpt lat="40.659151" lon="-0.121250">
        <ele>920.5</ele>
        <extensions>
          <gpxtpx:TrackPointExtension>
            <gpxtpx:hr>114</gpxtpx:hr>
          </gpxtpx:TrackPointExtension>
        </extensions>
      </trkpt>
      <trkpt lat="40.659100" lon="-0.121316">
        <ele>918.8</ele>
        <extensions>
          <gpxtpx:TrackPointExtension>
            <gpxtpx:hr>115</gpxtpx:hr>
          </gpxtpx:TrackPointExtension>
        </extensions>
      </trkpt>
      <trkpt lat="40.659068" lon="-0.121383">
        <ele>917.6</ele>
        <extensions>
          <gpxtpx:TrackPointExtension>
            <gpxtpx:hr>114</gpxtpx:hr>
          </gpxtpx:TrackPointExtension>
        </extensions>
      </trkpt>
      <trkpt lat="40.659034" lon="-0.121466">
        <ele>916.4</ele>
        <extensions>
          <gpxtpx:TrackPointExtension>
            <gpxtpx:hr>114</gpxtpx:hr>
          </gpxtpx:TrackPointExtension>
        </extensions>
      </trkpt>
      <trkpt lat="40.659034" lon="-0.121500">
        <ele>916.3</ele>
        <extensions>
          <gpxtpx:TrackPointExtension>
            <gpxtpx:hr>113</gpxtpx:hr>
          </gpxtpx:TrackPointExtension>
        </extensions>
      </trkpt>
      <trkpt lat="40.659068" lon="-0.121683">
        <ele>916.6</ele>
        <extensions>
          <gpxtpx:TrackPointExtension>
            <gpxtpx:hr>116</gpxtpx:hr>
          </gpxtpx:TrackPointExtension>
        </extensions>
      </trkpt>
      <trkpt lat="40.659068" lon="-0.121766">
        <ele>916.4</ele>
        <extensions>
          <gpxtpx:TrackPointExtension>
            <gpxtpx:hr>120</gpxtpx:hr>
          </gpxtpx:TrackPointExtension>
        </extensions>
      </trkpt>
      <trkpt lat="40.659084" lon="-0.121866">
        <ele>916.6</ele>
        <extensions>
          <gpxtpx:TrackPointExtension>
            <gpxtpx:hr>124</gpxtpx:hr>
          </gpxtpx:TrackPointExtension>
        </extensions>
      </trkpt>
      <trkpt lat="40.659084" lon="-0.121950">
        <ele>916.4</ele>
        <extensions>
          <gpxtpx:TrackPointExtension>
            <gpxtpx:hr>127</gpxtpx:hr>
          </gpxtpx:TrackPointExtension>
        </extensions>
      </trkpt>
      <trkpt lat="40.659100" lon="-0.122033">
        <ele>916.5</ele>
        <extensions>
          <gpxtpx:TrackPointExtension>
            <gpxtpx:hr>128</gpxtpx:hr>
          </gpxtpx:TrackPointExtension>
        </extensions>
      </trkpt>
      <trkpt lat="40.659100" lon="-0.122133">
        <ele>916.2</ele>
        <extensions>
          <gpxtpx:TrackPointExtension>
            <gpxtpx:hr>128</gpxtpx:hr>
          </gpxtpx:TrackPointExtension>
        </extensions>
      </trkpt>
      <trkpt lat="40.659100" lon="-0.122233">
        <ele>915.9</ele>
        <extensions>
          <gpxtpx:TrackPointExtension>
            <gpxtpx:hr>128</gpxtpx:hr>
          </gpxtpx:TrackPointExtension>
        </extensions>
      </trkpt>
      <trkpt lat="40.659100" lon="-0.122316">
        <ele>915.6</ele>
        <extensions>
          <gpxtpx:TrackPointExtension>
            <gpxtpx:hr>127</gpxtpx:hr>
          </gpxtpx:TrackPointExtension>
        </extensions>
      </trkpt>
      <trkpt lat="40.659068" lon="-0.122416">
        <ele>914.4</ele>
        <extensions>
          <gpxtpx:TrackPointExtension>
            <gpxtpx:hr>127</gpxtpx:hr>
          </gpxtpx:TrackPointExtension>
        </extensions>
      </trkpt>
      <trkpt lat="40.659051" lon="-0.122516">
        <ele>913.7</ele>
        <extensions>
          <gpxtpx:TrackPointExtension>
            <gpxtpx:hr>125</gpxtpx:hr>
          </gpxtpx:TrackPointExtension>
        </extensions>
      </trkpt>
      <trkpt lat="40.659017" lon="-0.122600">
        <ele>912.6</ele>
        <extensions>
          <gpxtpx:TrackPointExtension>
            <gpxtpx:hr>122</gpxtpx:hr>
          </gpxtpx:TrackPointExtension>
        </extensions>
      </trkpt>
      <trkpt lat="40.658984" lon="-0.122700">
        <ele>911.4</ele>
        <extensions>
          <gpxtpx:TrackPointExtension>
            <gpxtpx:hr>118</gpxtpx:hr>
          </gpxtpx:TrackPointExtension>
        </extensions>
      </trkpt>
      <trkpt lat="40.658968" lon="-0.122749">
        <ele>910.9</ele>
        <extensions>
          <gpxtpx:TrackPointExtension>
            <gpxtpx:hr>117</gpxtpx:hr>
          </gpxtpx:TrackPointExtension>
        </extensions>
      </trkpt>
      <trkpt lat="40.658968" lon="-0.122866">
        <ele>910.8</ele>
        <extensions>
          <gpxtpx:TrackPointExtension>
            <gpxtpx:hr>116</gpxtpx:hr>
          </gpxtpx:TrackPointExtension>
        </extensions>
      </trkpt>
      <trkpt lat="40.658934" lon="-0.122950">
        <ele>909.7</ele>
        <extensions>
          <gpxtpx:TrackPointExtension>
            <gpxtpx:hr>112</gpxtpx:hr>
          </gpxtpx:TrackPointExtension>
        </extensions>
      </trkpt>
      <trkpt lat="40.658884" lon="-0.123033">
        <ele>908.2</ele>
        <extensions>
          <gpxtpx:TrackPointExtension>
            <gpxtpx:hr>112</gpxtpx:hr>
          </gpxtpx:TrackPointExtension>
        </extensions>
      </trkpt>
      <trkpt lat="40.658834" lon="-0.123083">
        <ele>907.0</ele>
        <extensions>
          <gpxtpx:TrackPointExtension>
            <gpxtpx:hr>112</gpxtpx:hr>
          </gpxtpx:TrackPointExtension>
        </extensions>
      </trkpt>
      <trkpt lat="40.658784" lon="-0.123150">
        <ele>905.8</ele>
        <extensions>
          <gpxtpx:TrackPointExtension>
            <gpxtpx:hr>112</gpxtpx:hr>
          </gpxtpx:TrackPointExtension>
        </extensions>
      </trkpt>
      <trkpt lat="40.658717" lon="-0.123233">
        <ele>904.3</ele>
        <extensions>
          <gpxtpx:TrackPointExtension>
            <gpxtpx:hr>111</gpxtpx:hr>
          </gpxtpx:TrackPointExtension>
        </extensions>
      </trkpt>
      <trkpt lat="40.658684" lon="-0.123316">
        <ele>903.6</ele>
        <extensions>
          <gpxtpx:TrackPointExtension>
            <gpxtpx:hr>110</gpxtpx:hr>
          </gpxtpx:TrackPointExtension>
        </extensions>
      </trkpt>
      <trkpt lat="40.658667" lon="-0.123416">
        <ele>903.2</ele>
        <extensions>
          <gpxtpx:TrackPointExtension>
            <gpxtpx:hr>109</gpxtpx:hr>
          </gpxtpx:TrackPointExtension>
        </extensions>
      </trkpt>
      <trkpt lat="40.658684" lon="-0.123533">
        <ele>903.7</ele>
        <extensions>
          <gpxtpx:TrackPointExtension>
            <gpxtpx:hr>109</gpxtpx:hr>
          </gpxtpx:TrackPointExtension>
        </extensions>
      </trkpt>
      <trkpt lat="40.658701" lon="-0.123600">
        <ele>904.0</ele>
        <extensions>
          <gpxtpx:TrackPointExtension>
            <gpxtpx:hr>108</gpxtpx:hr>
          </gpxtpx:TrackPointExtension>
        </extensions>
      </trkpt>
      <trkpt lat="40.658717" lon="-0.123683">
        <ele>904.0</ele>
        <extensions>
          <gpxtpx:TrackPointExtension>
            <gpxtpx:hr>107</gpxtpx:hr>
          </gpxtpx:TrackPointExtension>
        </extensions>
      </trkpt>
      <trkpt lat="40.658717" lon="-0.123733">
        <ele>903.7</ele>
        <extensions>
          <gpxtpx:TrackPointExtension>
            <gpxtpx:hr>107</gpxtpx:hr>
          </gpxtpx:TrackPointExtension>
        </extensions>
      </trkpt>
      <trkpt lat="40.658717" lon="-0.123866">
        <ele>903.0</ele>
        <extensions>
          <gpxtpx:TrackPointExtension>
            <gpxtpx:hr>108</gpxtpx:hr>
          </gpxtpx:TrackPointExtension>
        </extensions>
      </trkpt>
      <trkpt lat="40.658717" lon="-0.123966">
        <ele>902.6</ele>
        <extensions>
          <gpxtpx:TrackPointExtension>
            <gpxtpx:hr>110</gpxtpx:hr>
          </gpxtpx:TrackPointExtension>
        </extensions>
      </trkpt>
      <trkpt lat="40.658734" lon="-0.124050">
        <ele>902.8</ele>
        <extensions>
          <gpxtpx:TrackPointExtension>
            <gpxtpx:hr>109</gpxtpx:hr>
          </gpxtpx:TrackPointExtension>
        </extensions>
      </trkpt>
      <trkpt lat="40.658734" lon="-0.124166">
        <ele>903.0</ele>
        <extensions>
          <gpxtpx:TrackPointExtension>
            <gpxtpx:hr>109</gpxtpx:hr>
          </gpxtpx:TrackPointExtension>
        </extensions>
      </trkpt>
      <trkpt lat="40.658717" lon="-0.124266">
        <ele>902.9</ele>
        <extensions>
          <gpxtpx:TrackPointExtension>
            <gpxtpx:hr>110</gpxtpx:hr>
          </gpxtpx:TrackPointExtension>
        </extensions>
      </trkpt>
      <trkpt lat="40.658684" lon="-0.124366">
        <ele>902.6</ele>
        <extensions>
          <gpxtpx:TrackPointExtension>
            <gpxtpx:hr>111</gpxtpx:hr>
          </gpxtpx:TrackPointExtension>
        </extensions>
      </trkpt>
      <trkpt lat="40.658634" lon="-0.124433">
        <ele>901.3</ele>
        <extensions>
          <gpxtpx:TrackPointExtension>
            <gpxtpx:hr>108</gpxtpx:hr>
          </gpxtpx:TrackPointExtension>
        </extensions>
      </trkpt>
      <trkpt lat="40.658584" lon="-0.124533">
        <ele>900.7</ele>
        <extensions>
          <gpxtpx:TrackPointExtension>
            <gpxtpx:hr>96</gpxtpx:hr>
          </gpxtpx:TrackPointExtension>
        </extensions>
      </trkpt>
      <trkpt lat="40.658617" lon="-0.124716">
        <ele>902.2</ele>
        <time>2014-09-08T04:43:00Z</time>
        <extensions>
          <gpxtpx:TrackPointExtension>
            <gpxtpx:hr>126</gpxtpx:hr>
          </gpxtpx:TrackPointExtension>
        </extensions>
      </trkpt>
      <trkpt lat="40.658634" lon="-0.124816">
        <ele>902.2</ele>
        <time>2014-09-08T04:43:06Z</time>
        <extensions>
          <gpxtpx:TrackPointExtension>
            <gpxtpx:hr>127</gpxtpx:hr>
          </gpxtpx:TrackPointExtension>
        </extensions>
      </trkpt>
      <trkpt lat="40.658667" lon="-0.124933">
        <ele>902.3</ele>
        <time>2014-09-08T04:43:12Z</time>
        <extensions>
          <gpxtpx:TrackPointExtension>
            <gpxtpx:hr>128</gpxtpx:hr>
          </gpxtpx:TrackPointExtension>
        </extensions>
      </trkpt>
      <trkpt lat="40.658667" lon="-0.125050">
        <ele>902.0</ele>
        <time>2014-09-08T04:43:17Z</time>
        <extensions>
          <gpxtpx:TrackPointExtension>
            <gpxtpx:hr>121</gpxtpx:hr>
          </gpxtpx:TrackPointExtension>
        </extensions>
      </trkpt>
      <trkpt lat="40.658717" lon="-0.125133">
        <ele>902.6</ele>
        <time>2014-09-08T04:43:21Z</time>
        <extensions>
          <gpxtpx:TrackPointExtension>
            <gpxtpx:hr>122</gpxtpx:hr>
          </gpxtpx:TrackPointExtension>
        </extensions>
      </trkpt>
      <trkpt lat="40.658634" lon="-0.125133">
        <ele>901.3</ele>
        <time>2014-09-08T05:18:15Z</time>
        <extensions>
          <gpxtpx:TrackPointExtension>
            <gpxtpx:hr>97</gpxtpx:hr>
          </gpxtpx:TrackPointExtension>
        </extensions>
      </trkpt>
      <trkpt lat="40.658550" lon="-0.125133">
        <ele>899.9</ele>
        <time>2014-09-08T05:18:17Z</time>
        <extensions>
          <gpxtpx:TrackPointExtension>
            <gpxtpx:hr>99</gpxtpx:hr>
          </gpxtpx:TrackPointExtension>
        </extensions>
      </trkpt>
      <trkpt lat="40.658467" lon="-0.125149">
        <ele>898.8</ele>
        <time>2014-09-08T05:18:21Z</time>
        <extensions>
          <gpxtpx:TrackPointExtension>
            <gpxtpx:hr>98</gpxtpx:hr>
          </gpxtpx:TrackPointExtension>
        </extensions>
      </trkpt>
      <trkpt lat="40.658400" lon="-0.125116">
        <ele>897.5</ele>
        <time>2014-09-08T05:18:24Z</time>
        <extensions>
          <gpxtpx:TrackPointExtension>
            <gpxtpx:hr>94</gpxtpx:hr>
          </gpxtpx:TrackPointExtension>
        </extensions>
      </trkpt>
      <trkpt lat="40.658317" lon="-0.125050">
        <ele>896.0</ele>
        <time>2014-09-08T05:18:26Z</time>
        <extensions>
          <gpxtpx:TrackPointExtension>
            <gpxtpx:hr>94</gpxtpx:hr>
          </gpxtpx:TrackPointExtension>
        </extensions>
      </trkpt>
      <trkpt lat="40.658284" lon="-0.125016">
        <ele>895.5</ele>
        <time>2014-09-08T05:18:27Z</time>
        <extensions>
          <gpxtpx:TrackPointExtension>
            <gpxtpx:hr>95</gpxtpx:hr>
          </gpxtpx:TrackPointExtension>
        </extensions>
      </trkpt>
      <trkpt lat="40.658234" lon="-0.124983">
        <ele>894.5</ele>
        <time>2014-09-08T05:18:28Z</time>
        <extensions>
          <gpxtpx:TrackPointExtension>
            <gpxtpx:hr>98</gpxtpx:hr>
          </gpxtpx:TrackPointExtension>
        </extensions>
      </trkpt>
      <trkpt lat="40.658184" lon="-0.124950">
        <ele>893.4</ele>
        <time>2014-09-08T05:18:29Z</time>
        <extensions>
          <gpxtpx:TrackPointExtension>
            <gpxtpx:hr>100</gpxtpx:hr>
          </gpxtpx:TrackPointExtension>
        </extensions>
      </trkpt>
      <trkpt lat="40.658134" lon="-0.124916">
        <ele>892.5</ele>
        <time>2014-09-08T05:18:30Z</time>
        <extensions>
          <gpxtpx:TrackPointExtension>
            <gpxtpx:hr>100</gpxtpx:hr>
          </gpxtpx:TrackPointExtension>
        </extensions>
      </trkpt>
      <trkpt lat="40.658084" lon="-0.124883">
        <ele>891.8</ele>
        <time>2014-09-08T05:18:31Z</time>
        <extensions>
          <gpxtpx:TrackPointExtension>
            <gpxtpx:hr>100</gpxtpx:hr>
          </gpxtpx:TrackPointExtension>
        </extensions>
      </trkpt>
      <trkpt lat="40.658034" lon="-0.124850">
        <ele>891.3</ele>
        <time>2014-09-08T05:18:32Z</time>
        <extensions>
          <gpxtpx:TrackPointExtension>
            <gpxtpx:hr>101</gpxtpx:hr>
          </gpxtpx:TrackPointExtension>
        </extensions>
      </trkpt>
      <trkpt lat="40.658001" lon="-0.124799">
        <ele>891.2</ele>
        <time>2014-09-08T05:18:33Z</time>
        <extensions>
          <gpxtpx:TrackPointExtension>
            <gpxtpx:hr>102</gpxtpx:hr>
          </gpxtpx:TrackPointExtension>
        </extensions>
      </trkpt>
      <trkpt lat="40.657934" lon="-0.124733">
        <ele>890.5</ele>
        <time>2014-09-08T05:18:35Z</time>
        <extensions>
          <gpxtpx:TrackPointExtension>
            <gpxtpx:hr>103</gpxtpx:hr>
          </gpxtpx:TrackPointExtension>
        </extensions>
      </trkpt>
      <trkpt lat="40.657884" lon="-0.124666">
        <ele>890.1</ele>
        <time>2014-09-08T05:18:37Z</time>
        <extensions>
          <gpxtpx:TrackPointExtension>
            <gpxtpx:hr>105</gpxtpx:hr>
          </gpxtpx:TrackPointExtension>
        </extensions>
      </trkpt>
      <trkpt lat="40.657867" lon="-0.124616">
        <ele>890.3</ele>
        <time>2014-09-08T05:18:38Z</time>
        <extensions>
          <gpxtpx:TrackPointExtension>
            <gpxtpx:hr>105</gpxtpx:hr>
          </gpxtpx:TrackPointExtension>
        </extensions>
      </trkpt>
      <trkpt lat="40.657750" lon="-0.124549">
        <ele>888.7</ele>
        <time>2014-09-08T05:18:43Z</time>
        <extensions>
          <gpxtpx:TrackPointExtension>
            <gpxtpx:hr>109</gpxtpx:hr>
          </gpxtpx:TrackPointExtension>
        </extensions>
      </trkpt>
      <trkpt lat="40.657667" lon="-0.124516">
        <ele>884.2</ele>
        <time>2014-09-08T05:18:47Z</time>
        <extensions>
          <gpxtpx:TrackPointExtension>
            <gpxtpx:hr>112</gpxtpx:hr>
          </gpxtpx:TrackPointExtension>
        </extensions>
      </trkpt>
      <trkpt lat="40.657617" lon="-0.124433">
        <ele>884.7</ele>
        <time>2014-09-08T05:18:52Z</time>
        <extensions>
          <gpxtpx:TrackPointExtension>
            <gpxtpx:hr>111</gpxtpx:hr>
          </gpxtpx:TrackPointExtension>
        </extensions>
      </trkpt>
      <trkpt lat="40.657567" lon="-0.124349">
        <ele>888.7</ele>
        <time>2014-09-08T05:18:57Z</time>
        <extensions>
          <gpxtpx:TrackPointExtension>
            <gpxtpx:hr>111</gpxtpx:hr>
          </gpxtpx:TrackPointExtension>
        </extensions>
      </trkpt>
      <trkpt lat="40.657517" lon="-0.124250">
        <ele>892.1</ele>
        <time>2014-09-08T05:19:02Z</time>
        <extensions>
          <gpxtpx:TrackPointExtension>
            <gpxtpx:hr>118</gpxtpx:hr>
          </gpxtpx:TrackPointExtension>
        </extensions>
      </trkpt>
      <trkpt lat="40.657484" lon="-0.124166">
        <ele>893.2</ele>
        <time>2014-09-08T05:19:07Z</time>
        <extensions>
          <gpxtpx:TrackPointExtension>
            <gpxtpx:hr>127</gpxtpx:hr>
          </gpxtpx:TrackPointExtension>
        </extensions>
      </trkpt>
      <trkpt lat="40.657451" lon="-0.124083">
        <ele>894.0</ele>
        <time>2014-09-08T05:19:10Z</time>
        <extensions>
          <gpxtpx:TrackPointExtension>
            <gpxtpx:hr>130</gpxtpx:hr>
          </gpxtpx:TrackPointExtension>
        </extensions>
      </trkpt>
      <trkpt lat="40.657451" lon="-0.123966">
        <ele>893.8</ele>
        <time>2014-09-08T05:19:15Z</time>
        <extensions>
          <gpxtpx:TrackPointExtension>
            <gpxtpx:hr>135</gpxtpx:hr>
          </gpxtpx:TrackPointExtension>
        </extensions>
      </trkpt>
      <trkpt lat="40.657451" lon="-0.123850">
        <ele>893.2</ele>
        <time>2014-09-08T05:19:39Z</time>
        <extensions>
          <gpxtpx:TrackPointExtension>
            <gpxtpx:hr>125</gpxtpx:hr>
          </gpxtpx:TrackPointExtension>
        </extensions>
      </trkpt>
      <trkpt lat="40.657451" lon="-0.123850">
        <ele>893.2</ele>
        <time>2014-09-08T05:19:40Z</time>
        <extensions>
          <gpxtpx:TrackPointExtension>
            <gpxtpx:hr>124</gpxtpx:hr>
          </gpxtpx:TrackPointExtension>
        </extensions>
      </trkpt>
      <trkpt lat="40.657367" lon="-0.123666">
        <ele>895.4</ele>
        <time>2014-09-08T05:19:57Z</time>
        <extensions>
          <gpxtpx:TrackPointExtension>
            <gpxtpx:hr>126</gpxtpx:hr>
          </gpxtpx:TrackPointExtension>
        </extensions>
      </trkpt>
      <trkpt lat="40.657317" lon="-0.123566">
        <ele>898.9</ele>
        <time>2014-09-08T05:20:10Z</time>
        <extensions>
          <gpxtpx:TrackPointExtension>
            <gpxtpx:hr>128</gpxtpx:hr>
          </gpxtpx:TrackPointExtension>
        </extensions>
      </trkpt>
      <trkpt lat="40.657284" lon="-0.123483">
        <ele>900.6</ele>
        <time>2014-09-08T05:20:18Z</time>
        <extensions>
          <gpxtpx:TrackPointExtension>
            <gpxtpx:hr>133</gpxtpx:hr>
          </gpxtpx:TrackPointExtension>
        </extensions>
      </trkpt>
      <trkpt lat="40.657217" lon="-0.123416">
        <ele>903.1</ele>
        <time>2014-09-08T05:20:27Z</time>
        <extensions>
          <gpxtpx:TrackPointExtension>
            <gpxtpx:hr>137</gpxtpx:hr>
          </gpxtpx:TrackPointExtension>
        </extensions>
      </trkpt>
      <trkpt lat="40.657134" lon="-0.123349">
        <ele>905.0</ele>
        <time>2014-09-08T05:20:37Z</time>
        <extensions>
          <gpxtpx:TrackPointExtension>
            <gpxtpx:hr>136</gpxtpx:hr>
          </gpxtpx:TrackPointExtension>
        </extensions>
      </trkpt>
      <trkpt lat="40.657084" lon="-0.123266">
        <ele>904.3</ele>
        <time>2014-09-08T05:20:47Z</time>
        <extensions>
          <gpxtpx:TrackPointExtension>
            <gpxtpx:hr>136</gpxtpx:hr>
          </gpxtpx:TrackPointExtension>
        </extensions>
      </trkpt>
      <trkpt lat="40.657084" lon="-0.123249">
        <ele>903.8</ele>
        <time>2014-09-08T05:20:48Z</time>
        <extensions>
          <gpxtpx:TrackPointExtension>
            <gpxtpx:hr>137</gpxtpx:hr>
          </gpxtpx:TrackPointExtension>
        </extensions>
      </trkpt>
      <trkpt lat="40.656967" lon="-0.123099">
        <ele>907.5</ele>
        <time>2014-09-08T05:21:38Z</time>
        <extensions>
          <gpxtpx:TrackPointExtension>
            <gpxtpx:hr>123</gpxtpx:hr>
          </gpxtpx:TrackPointExtension>
        </extensions>
      </trkpt>
      <trkpt lat="40.656917" lon="-0.122999">
        <ele>907.0</ele>
        <time>2014-09-08T05:21:46Z</time>
        <extensions>
          <gpxtpx:TrackPointExtension>
            <gpxtpx:hr>134</gpxtpx:hr>
          </gpxtpx:TrackPointExtension>
        </extensions>
      </trkpt>
      <trkpt lat="40.656867" lon="-0.122899">
        <ele>907.4</ele>
        <time>2014-09-08T05:21:53Z</time>
        <extensions>
          <gpxtpx:TrackPointExtension>
            <gpxtpx:hr>138</gpxtpx:hr>
          </gpxtpx:TrackPointExtension>
        </extensions>
      </trkpt>
      <trkpt lat="40.656867" lon="-0.122899">
        <ele>907.4</ele>
        <time>2014-09-08T05:21:54Z</time>
        <extensions>
          <gpxtpx:TrackPointExtension>
            <gpxtpx:hr>138</gpxtpx:hr>
          </gpxtpx:TrackPointExtension>
        </extensions>
      </trkpt>
      <trkpt lat="40.656750" lon="-0.122766">
        <ele>911.0</ele>
        <time>2014-09-08T05:22:09Z</time>
        <extensions>
          <gpxtpx:TrackPointExtension>
            <gpxtpx:hr>141</gpxtpx:hr>
          </gpxtpx:TrackPointExtension>
        </extensions>
      </trkpt>
      <trkpt lat="40.656684" lon="-0.122683">
        <ele>912.0</ele>
        <time>2014-09-08T05:22:19Z</time>
        <extensions>
          <gpxtpx:TrackPointExtension>
            <gpxtpx:hr>141</gpxtpx:hr>
          </gpxtpx:TrackPointExtension>
        </extensions>
      </trkpt>
      <trkpt lat="40.656634" lon="-0.122600">
        <ele>914.6</ele>
        <time>2014-09-08T05:22:28Z</time>
        <extensions>
          <gpxtpx:TrackPointExtension>
            <gpxtpx:hr>139</gpxtpx:hr>
          </gpxtpx:TrackPointExtension>
        </extensions>
      </trkpt>
      <trkpt lat="40.656600" lon="-0.122500">
        <ele>916.6</ele>
        <time>2014-09-08T05:22:37Z</time>
        <extensions>
          <gpxtpx:TrackPointExtension>
            <gpxtpx:hr>137</gpxtpx:hr>
          </gpxtpx:TrackPointExtension>
        </extensions>
      </trkpt>
      <trkpt lat="40.656551" lon="-0.122400">
        <ele>919.0</ele>
        <time>2014-09-08T05:22:45Z</time>
      </trkpt>
      <trkpt lat="40.656534" lon="-0.122282">
        <ele>918.7</ele>
        <time>2014-09-08T05:22:52Z</time>
        <extensions>
          <gpxtpx:TrackPointExtension>
            <gpxtpx:hr>145</gpxtpx:hr>
          </gpxtpx:TrackPointExtension>
        </extensions>
      </trkpt>
      <trkpt lat="40.656484" lon="-0.122182">
        <ele>920.7</ele>
        <time>2014-09-08T05:23:00Z</time>
        <extensions>
          <gpxtpx:TrackPointExtension>
            <gpxtpx:hr>145</gpxtpx:hr>
          </gpxtpx:TrackPointExtension>
        </extensions>
      </trkpt>
      <trkpt lat="40.656484" lon="-0.122182">
        <ele>920.7</ele>
        <time>2014-09-08T05:23:01Z</time>
        <extensions>
          <gpxtpx:TrackPointExtension>
            <gpxtpx:hr>145</gpxtpx:hr>
          </gpxtpx:TrackPointExtension>
        </extensions>
      </trkpt>
      <trkpt lat="40.656434" lon="-0.121983">
        <ele>922.8</ele>
        <time>2014-09-08T05:23:16Z</time>
        <extensions>
          <gpxtpx:TrackPointExtension>
            <gpxtpx:hr>140</gpxtpx:hr>
          </gpxtpx:TrackPointExtension>
        </extensions>
      </trkpt>
      <trkpt lat="40.656417" lon="-0.121883">
        <ele>923.1</ele>
        <time>2014-09-08T05:23:25Z</time>
        <extensions>
          <gpxtpx:TrackPointExtension>
            <gpxtpx:hr>137</gpxtpx:hr>
          </gpxtpx:TrackPointExtension>
        </extensions>
      </trkpt>
      <trkpt lat="40.656384" lon="-0.121783">
        <ele>924.3</ele>
        <time>2014-09-08T05:23:34Z</time>
        <extensions>
          <gpxtpx:TrackPointExtension>
            <gpxtpx:hr>138</gpxtpx:hr>
          </gpxtpx:TrackPointExtension>
        </extensions>
      </trkpt>
      <trkpt lat="40.656334" lon="-0.121683">
        <ele>926.1</ele>
        <time>2014-09-08T05:23:43Z</time>
      </trkpt>
      <trkpt lat="40.656284" lon="-0.121583">
        <ele>927.9</ele>
        <time>2014-09-08T05:23:51Z</time>
        <extensions>
          <gpxtpx:TrackPointExtension>
            <gpxtpx:hr>142</gpxtpx:hr>
          </gpxtpx:TrackPointExtension>
        </extensions>
      </trkpt>
      <trkpt lat="40.656234" lon="-0.121500">
        <ele>930.1</ele>
        <time>2014-09-08T05:23:59Z</time>
        <extensions>
          <gpxtpx:TrackPointExtension>
            <gpxtpx:hr>144</gpxtpx:hr>
          </gpxtpx:TrackPointExtension>
        </extensions>
      </trkpt>
      <trkpt lat="40.656184" lon="-0.121400">
        <ele>931.1</ele>
        <time>2014-09-08T05:24:08Z</time>
        <extensions>
          <gpxtpx:TrackPointExtension>
            <gpxtpx:hr>151</gpxtpx:hr>
          </gpxtpx:TrackPointExtension>
        </extensions>
      </trkpt>
      <trkpt lat="40.656184" lon="-0.121383">
        <ele>930.9</ele>
        <time>2014-09-08T05:24:09Z</time>
        <extensions>
          <gpxtpx:TrackPointExtension>
            <gpxtpx:hr>152</gpxtpx:hr>
          </gpxtpx:TrackPointExtension>
        </extensions>
      </trkpt>
      <trkpt lat="40.656084" lon="-0.121216">
        <ele>933.4</ele>
        <time>2014-09-08T05:24:24Z</time>
        <extensions>
          <gpxtpx:TrackPointExtension>
            <gpxtpx:hr>158</gpxtpx:hr>
          </gpxtpx:TrackPointExtension>
        </extensions>
      </trkpt>
      <trkpt lat="40.656050" lon="-0.121116">
        <ele>934.9</ele>
        <time>2014-09-08T05:24:33Z</time>
        <extensions>
          <gpxtpx:TrackPointExtension>
            <gpxtpx:hr>156</gpxtpx:hr>
          </gpxtpx:TrackPointExtension>
        </extensions>
      </trkpt>
      <trkpt lat="40.656001" lon="-0.121216">
        <ele>936.2</ele>
        <time>2014-09-08T05:24:51Z</time>
        <extensions>
          <gpxtpx:TrackPointExtension>
            <gpxtpx:hr>158</gpxtpx:hr>
          </gpxtpx:TrackPointExtension>
        </extensions>
      </trkpt>
      <trkpt lat="40.655917" lon="-0.121166">
        <ele>940.4</ele>
        <time>2014-09-08T05:25:18Z</time>
        <extensions>
          <gpxtpx:TrackPointExtension>
            <gpxtpx:hr>152</gpxtpx:hr>
          </gpxtpx:TrackPointExtension>
        </extensions>
      </trkpt>
      <trkpt lat="40.655917" lon="-0.121166">
        <ele>940.4</ele>
        <time>2014-09-08T05:25:19Z</time>
        <extensions>
          <gpxtpx:TrackPointExtension>
            <gpxtpx:hr>151</gpxtpx:hr>
          </gpxtpx:TrackPointExtension>
        </extensions>
      </trkpt>
      <trkpt lat="40.655817" lon="-0.120966">
        <ele>946.6</ele>
        <time>2014-09-08T05:25:51Z</time>
        <extensions>
          <gpxtpx:TrackPointExtension>
            <gpxtpx:hr>138</gpxtpx:hr>
          </gpxtpx:TrackPointExtension>
        </extensions>
      </trkpt>
      <trkpt lat="40.655784" lon="-0.120849">
        <ele>946.5</ele>
        <time>2014-09-08T05:26:07Z</time>
        <extensions>
          <gpxtpx:TrackPointExtension>
            <gpxtpx:hr>137</gpxtpx:hr>
          </gpxtpx:TrackPointExtension>
        </extensions>
      </trkpt>
      <trkpt lat="40.655767" lon="-0.120749">
        <ele>946.5</ele>
        <time>2014-09-08T05:26:19Z</time>
        <extensions>
          <gpxtpx:TrackPointExtension>
            <gpxtpx:hr>135</gpxtpx:hr>
          </gpxtpx:TrackPointExtension>
        </extensions>
      </trkpt>
      <trkpt lat="40.655767" lon="-0.120733">
        <ele>946.4</ele>
        <time>2014-09-08T05:26:20Z</time>
        <extensions>
          <gpxtpx:TrackPointExtension>
            <gpxtpx:hr>135</gpxtpx:hr>
          </gpxtpx:TrackPointExtension>
        </extensions>
      </trkpt>
      <trkpt lat="40.655700" lon="-0.120533">
        <ele>949.3</ele>
        <time>2014-09-08T05:27:43Z</time>
        <extensions>
          <gpxtpx:TrackPointExtension>
            <gpxtpx:hr>134</gpxtpx:hr>
          </gpxtpx:TrackPointExtension>
        </extensions>
      </trkpt>
      <trkpt lat="40.655700" lon="-0.120533">
        <ele>949.3</ele>
        <time>2014-09-08T05:27:44Z</time>
        <extensions>
          <gpxtpx:TrackPointExtension>
            <gpxtpx:hr>134</gpxtpx:hr>
          </gpxtpx:TrackPointExtension>
        </extensions>
      </trkpt>
      <trkpt lat="40.655634" lon="-0.120449">
        <ele>952.7</ele>
        <time>2014-09-08T05:29:10Z</time>
        <extensions>
          <gpxtpx:TrackPointExtension>
            <gpxtpx:hr>134</gpxtpx:hr>
          </gpxtpx:TrackPointExtension>
        </extensions>
      </trkpt>
      <trkpt lat="40.655551" lon="-0.120250">
        <ele>956.8</ele>
        <time>2014-09-08T05:29:50Z</time>
        <extensions>
          <gpxtpx:TrackPointExtension>
            <gpxtpx:hr>137</gpxtpx:hr>
          </gpxtpx:TrackPointExtension>
        </extensions>
      </trkpt>
      <trkpt lat="40.655517" lon="-0.120133">
        <ele>958.6</ele>
        <time>2014-09-08T05:30:19Z</time>
        <extensions>
          <gpxtpx:TrackPointExtension>
            <gpxtpx:hr>133</gpxtpx:hr>
          </gpxtpx:TrackPointExtension>
        </extensions>
      </trkpt>
      <trkpt lat="40.655517" lon="-0.120133">
        <ele>958.6</ele>
        <time>2014-09-08T05:30:20Z</time>
        <extensions>
          <gpxtpx:TrackPointExtension>
            <gpxtpx:hr>132</gpxtpx:hr>
          </gpxtpx:TrackPointExtension>
        </extensions>
      </trkpt>
      <trkpt lat="40.655484" lon="-0.119933">
        <ele>959.7</ele>
        <time>2014-09-08T05:31:33Z</time>
      </trkpt>
      <trkpt lat="40.655484" lon="-0.119916">
        <ele>960.0</ele>
        <time>2014-09-08T05:31:34Z</time>
        <extensions>
          <gpxtpx:TrackPointExtension>
            <gpxtpx:hr>131</gpxtpx:hr>
          </gpxtpx:TrackPointExtension>
        </extensions>
      </trkpt>
      <trkpt lat="40.655567" lon="-0.119750">
        <ele>961.2</ele>
        <time>2014-09-08T05:31:45Z</time>
        <extensions>
          <gpxtpx:TrackPointExtension>
            <gpxtpx:hr>125</gpxtpx:hr>
          </gpxtpx:TrackPointExtension>
        </extensions>
      </trkpt>
      <trkpt lat="40.655617" lon="-0.119649">
        <ele>961.3</ele>
        <time>2014-09-08T05:31:50Z</time>
        <extensions>
          <gpxtpx:TrackPointExtension>
            <gpxtpx:hr>116</gpxtpx:hr>
          </gpxtpx:TrackPointExtension>
        </extensions>
      </trkpt>
      <trkpt lat="40.655650" lon="-0.119566">
        <ele>961.8</ele>
        <time>2014-09-08T05:31:55Z</time>
        <extensions>
          <gpxtpx:TrackPointExtension>
            <gpxtpx:hr>116</gpxtpx:hr>
          </gpxtpx:TrackPointExtension>
        </extensions>
      </trkpt>
      <trkpt lat="40.655684" lon="-0.119466">
        <ele>962.9</ele>
        <time>2014-09-08T05:32:01Z</time>
        <extensions>
          <gpxtpx:TrackPointExtension>
            <gpxtpx:hr>123</gpxtpx:hr>
          </gpxtpx:TrackPointExtension>
        </extensions>
      </trkpt>
      <trkpt lat="40.655717" lon="-0.119366">
        <ele>964.7</ele>
        <time>2014-09-08T05:32:06Z</time>
        <extensions>
          <gpxtpx:TrackPointExtension>
            <gpxtpx:hr>129</gpxtpx:hr>
          </gpxtpx:TrackPointExtension>
        </extensions>
      </trkpt>
      <trkpt lat="40.655750" lon="-0.119266">
        <ele>966.9</ele>
        <time>2014-09-08T05:32:11Z</time>
        <extensions>
          <gpxtpx:TrackPointExtension>
            <gpxtpx:hr>131</gpxtpx:hr>
          </gpxtpx:TrackPointExtension>
        </extensions>
      </trkpt>
      <trkpt lat="40.655817" lon="-0.119200">
        <ele>965.5</ele>
        <time>2014-09-08T05:32:15Z</time>
      </trkpt>
      <trkpt lat="40.655884" lon="-0.119166">
        <ele>963.1</ele>
        <time>2014-09-08T05:32:19Z</time>
        <extensions>
          <gpxtpx:TrackPointExtension>
            <gpxtpx:hr>130</gpxtpx:hr>
          </gpxtpx:TrackPointExtension>
        </extensions>
      </trkpt>
      <trkpt lat="40.655967" lon="-0.119116">
        <ele>962.4</ele>
        <time>2014-09-08T05:32:24Z</time>
        <extensions>
          <gpxtpx:TrackPointExtension>
            <gpxtpx:hr>126</gpxtpx:hr>
          </gpxtpx:TrackPointExtension>
        </extensions>
      </trkpt>
      <trkpt lat="40.656034" lon="-0.119066">
        <ele>960.9</ele>
        <time>2014-09-08T05:32:52Z</time>
        <extensions>
          <gpxtpx:TrackPointExtension>
            <gpxtpx:hr>130</gpxtpx:hr>
          </gpxtpx:TrackPointExtension>
        </extensions>
      </trkpt>
      <trkpt lat="40.656034" lon="-0.119050">
        <ele>961.1</ele>
        <time>2014-09-08T05:32:53Z</time>
      </trkpt>
      <trkpt lat="40.656050" lon="-0.118866">
        <ele>958.5</ele>
        <time>2014-09-08T05:33:03Z</time>
        <extensions>
          <gpxtpx:TrackPointExtension>
            <gpxtpx:hr>135</gpxtpx:hr>
          </gpxtpx:TrackPointExtension>
        </extensions>
      </trkpt>
      <trkpt lat="40.656001" lon="-0.118766">
        <ele>958.7</ele>
        <time>2014-09-08T05:33:09Z</time>
        <extensions>
          <gpxtpx:TrackPointExtension>
            <gpxtpx:hr>134</gpxtpx:hr>
          </gpxtpx:TrackPointExtension>
        </extensions>
      </trkpt>
      <trkpt lat="40.655934" lon="-0.118716">
        <ele>961.5</ele>
        <time>2014-09-08T05:33:15Z</time>
        <extensions>
          <gpxtpx:TrackPointExtension>
            <gpxtpx:hr>133</gpxtpx:hr>
          </gpxtpx:TrackPointExtension>
        </extensions>
      </trkpt>
      <trkpt lat="40.655900" lon="-0.118616">
        <ele>961.2</ele>
        <time>2014-09-08T05:33:23Z</time>
        <extensions>
          <gpxtpx:TrackPointExtension>
            <gpxtpx:hr>131</gpxtpx:hr>
          </gpxtpx:TrackPointExtension>
        </extensions>
      </trkpt>
      <trkpt lat="40.655867" lon="-0.118516">
        <ele>960.4</ele>
        <time>2014-09-08T05:33:33Z</time>
        <extensions>
          <gpxtpx:TrackPointExtension>
            <gpxtpx:hr>139</gpxtpx:hr>
          </gpxtpx:TrackPointExtension>
        </extensions>
      </trkpt>
      <trkpt lat="40.655817" lon="-0.118466">
        <ele>959.8</ele>
        <time>2014-09-08T05:33:37Z</time>
        <extensions>
          <gpxtpx:TrackPointExtension>
            <gpxtpx:hr>141</gpxtpx:hr>
          </gpxtpx:TrackPointExtension>
        </extensions>
      </trkpt>
      <trkpt lat="40.655750" lon="-0.118399">
        <ele>958.5</ele>
        <time>2014-09-08T05:33:41Z</time>
        <extensions>
          <gpxtpx:TrackPointExtension>
            <gpxtpx:hr>141</gpxtpx:hr>
          </gpxtpx:TrackPointExtension>
        </extensions>
      </trkpt>
      <trkpt lat="40.655684" lon="-0.118333">
        <ele>957.5</ele>
        <time>2014-09-08T05:33:45Z</time>
        <extensions>
          <gpxtpx:TrackPointExtension>
            <gpxtpx:hr>140</gpxtpx:hr>
          </gpxtpx:TrackPointExtension>
        </extensions>
      </trkpt>
      <trkpt lat="40.655634" lon="-0.118266">
        <ele>955.8</ele>
        <time>2014-09-08T05:33:49Z</time>
        <extensions>
          <gpxtpx:TrackPointExtension>
            <gpxtpx:hr>140</gpxtpx:hr>
          </gpxtpx:TrackPointExtension>
        </extensions>
      </trkpt>
      <trkpt lat="40.655567" lon="-0.118183">
        <ele>953.4</ele>
        <time>2014-09-08T05:33:53Z</time>
        <extensions>
          <gpxtpx:TrackPointExtension>
            <gpxtpx:hr>133</gpxtpx:hr>
          </gpxtpx:TrackPointExtension>
        </extensions>
      </trkpt>
      <trkpt lat="40.655567" lon="-0.118166">
        <ele>952.8</ele>
        <time>2014-09-08T05:33:54Z</time>
        <extensions>
          <gpxtpx:TrackPointExtension>
            <gpxtpx:hr>132</gpxtpx:hr>
          </gpxtpx:TrackPointExtension>
        </extensions>
      </trkpt>
      <trkpt lat="40.655467" lon="-0.118016">
        <ele>949.6</ele>
        <time>2014-09-08T05:34:01Z</time>
        <extensions>
          <gpxtpx:TrackPointExtension>
            <gpxtpx:hr>129</gpxtpx:hr>
          </gpxtpx:TrackPointExtension>
        </extensions>
      </trkpt>
      <trkpt lat="40.655400" lon="-0.117950">
        <ele>950.1</ele>
        <time>2014-09-08T05:34:05Z</time>
        <extensions>
          <gpxtpx:TrackPointExtension>
            <gpxtpx:hr>129</gpxtpx:hr>
          </gpxtpx:TrackPointExtension>
        </extensions>
      </trkpt>
      <trkpt lat="40.655384" lon="-0.117833">
        <ele>950.1</ele>
        <time>2014-09-08T05:34:09Z</time>
        <extensions>
          <gpxtpx:TrackPointExtension>
            <gpxtpx:hr>127</gpxtpx:hr>
          </gpxtpx:TrackPointExtension>
        </extensions>
      </trkpt>
      <trkpt lat="40.655417" lon="-0.117733">
        <ele>950.1</ele>
        <time>2014-09-08T05:34:15Z</time>
        <extensions>
          <gpxtpx:TrackPointExtension>
            <gpxtpx:hr>132</gpxtpx:hr>
          </gpxtpx:TrackPointExtension>
        </extensions>
      </trkpt>
      <trkpt lat="40.655467" lon="-0.117666">
        <ele>950.3</ele>
        <time>2014-09-08T05:34:23Z</time>
        <extensions>
          <gpxtpx:TrackPointExtension>
            <gpxtpx:hr>133</gpxtpx:hr>
          </gpxtpx:TrackPointExtension>
        </extensions>
      </trkpt>
      <trkpt lat="40.655551" lon="-0.117649">
        <ele>950.3</ele>
        <time>2014-09-08T05:34:30Z</time>
        <extensions>
          <gpxtpx:TrackPointExtension>
            <gpxtpx:hr>134</gpxtpx:hr>
          </gpxtpx:TrackPointExtension>
        </extensions>
      </trkpt>
      <trkpt lat="40.655634" lon="-0.117633">
        <ele>951.7</ele>
        <time>2014-09-08T05:34:38Z</time>
        <extensions>
          <gpxtpx:TrackPointExtension>
            <gpxtpx:hr>138</gpxtpx:hr>
          </gpxtpx:TrackPointExtension>
        </extensions>
      </trkpt>
      <trkpt lat="40.655650" lon="-0.117533">
        <ele>953.8</ele>
        <time>2014-09-08T05:34:45Z</time>
        <extensions>
          <gpxtpx:TrackPointExtension>
            <gpxtpx:hr>145</gpxtpx:hr>
          </gpxtpx:TrackPointExtension>
        </extensions>
      </trkpt>
      <trkpt lat="40.655667" lon="-0.117433">
        <ele>955.3</ele>
        <time>2014-09-08T05:34:52Z</time>
        <extensions>
          <gpxtpx:TrackPointExtension>
            <gpxtpx:hr>154</gpxtpx:hr>
          </gpxtpx:TrackPointExtension>
        </extensions>
      </trkpt>
      <trkpt lat="40.655717" lon="-0.117333">
        <ele>957.1</ele>
        <time>2014-09-08T05:35:01Z</time>
      </trkpt>
      <trkpt lat="40.655717" lon="-0.117316">
        <ele>957.3</ele>
        <time>2014-09-08T05:35:02Z</time>
        <extensions>
          <gpxtpx:TrackPointExtension>
            <gpxtpx:hr>163</gpxtpx:hr>
          </gpxtpx:TrackPointExtension>
        </extensions>
      </trkpt>
      <trkpt lat="40.655767" lon="-0.117133">
        <ele>960.4</ele>
        <time>2014-09-08T05:35:18Z</time>
        <extensions>
          <gpxtpx:TrackPointExtension>
            <gpxtpx:hr>163</gpxtpx:hr>
          </gpxtpx:TrackPointExtension>
        </extensions>
      </trkpt>
      <trkpt lat="40.655817" lon="-0.117033">
        <ele>962.3</ele>
        <time>2014-09-08T05:35:27Z</time>
        <extensions>
          <gpxtpx:TrackPointExtension>
            <gpxtpx:hr>160</gpxtpx:hr>
          </gpxtpx:TrackPointExtension>
        </extensions>
      </trkpt>
      <trkpt lat="40.655867" lon="-0.116933">
        <ele>964.1</ele>
        <time>2014-09-08T05:35:37Z</time>
        <extensions>
          <gpxtpx:TrackPointExtension>
            <gpxtpx:hr>165</gpxtpx:hr>
          </gpxtpx:TrackPointExtension>
        </extensions>
      </trkpt>
      <trkpt lat="40.655934" lon="-0.116883">
        <ele>965.4</ele>
        <time>2014-09-08T05:36:04Z</time>
        <extensions>
          <gpxtpx:TrackPointExtension>
            <gpxtpx:hr>151</gpxtpx:hr>
          </gpxtpx:TrackPointExtension>
        </extensions>
      </trkpt>
      <trkpt lat="40.655934" lon="-0.116883">
        <ele>965.4</ele>
        <time>2014-09-08T05:36:05Z</time>
        <extensions>
          <gpxtpx:TrackPointExtension>
            <gpxtpx:hr>150</gpxtpx:hr>
          </gpxtpx:TrackPointExtension>
        </extensions>
      </trkpt>
      <trkpt lat="40.655984" lon="-0.116683">
        <ele>968.6</ele>
        <time>2014-09-08T05:36:42Z</time>
        <extensions>
          <gpxtpx:TrackPointExtension>
            <gpxtpx:hr>137</gpxtpx:hr>
          </gpxtpx:TrackPointExtension>
        </extensions>
      </trkpt>
      <trkpt lat="40.656017" lon="-0.116583">
        <ele>970.3</ele>
        <time>2014-09-08T05:36:49Z</time>
        <extensions>
          <gpxtpx:TrackPointExtension>
            <gpxtpx:hr>139</gpxtpx:hr>
          </gpxtpx:TrackPointExtension>
        </extensions>
      </trkpt>
      <trkpt lat="40.656050" lon="-0.116483">
        <ele>971.7</ele>
        <time>2014-09-08T05:36:56Z</time>
        <extensions>
          <gpxtpx:TrackPointExtension>
            <gpxtpx:hr>147</gpxtpx:hr>
          </gpxtpx:TrackPointExtension>
        </extensions>
      </trkpt>
      <trkpt lat="40.656050" lon="-0.116383">
        <ele>972.9</ele>
        <time>2014-09-08T05:37:03Z</time>
        <extensions>
          <gpxtpx:TrackPointExtension>
            <gpxtpx:hr>153</gpxtpx:hr>
          </gpxtpx:TrackPointExtension>
        </extensions>
      </trkpt>
      <trkpt lat="40.656001" lon="-0.116283">
        <ele>973.7</ele>
        <time>2014-09-08T05:37:11Z</time>
        <extensions>
          <gpxtpx:TrackPointExtension>
            <gpxtpx:hr>156</gpxtpx:hr>
          </gpxtpx:TrackPointExtension>
        </extensions>
      </trkpt>
      <trkpt lat="40.656001" lon="-0.116266">
        <ele>973.9</ele>
        <time>2014-09-08T05:37:12Z</time>
        <extensions>
          <gpxtpx:TrackPointExtension>
            <gpxtpx:hr>156</gpxtpx:hr>
          </gpxtpx:TrackPointExtension>
        </extensions>
      </trkpt>
      <trkpt lat="40.655967" lon="-0.116049">
        <ele>976.3</ele>
        <time>2014-09-08T05:37:27Z</time>
        <extensions>
          <gpxtpx:TrackPointExtension>
            <gpxtpx:hr>156</gpxtpx:hr>
          </gpxtpx:TrackPointExtension>
        </extensions>
      </trkpt>
      <trkpt lat="40.655934" lon="-0.115949">
        <ele>977.4</ele>
        <time>2014-09-08T05:37:36Z</time>
        <extensions>
          <gpxtpx:TrackPointExtension>
            <gpxtpx:hr>154</gpxtpx:hr>
          </gpxtpx:TrackPointExtension>
        </extensions>
      </trkpt>
      <trkpt lat="40.655917" lon="-0.115833">
        <ele>978.9</ele>
        <time>2014-09-08T05:37:44Z</time>
        <extensions>
          <gpxtpx:TrackPointExtension>
            <gpxtpx:hr>151</gpxtpx:hr>
          </gpxtpx:TrackPointExtension>
        </extensions>
      </trkpt>
      <trkpt lat="40.655884" lon="-0.115733">
        <ele>980.4</ele>
        <time>2014-09-08T05:37:52Z</time>
        <extensions>
          <gpxtpx:TrackPointExtension>
            <gpxtpx:hr>149</gpxtpx:hr>
          </gpxtpx:TrackPointExtension>
        </extensions>
      </trkpt>
      <trkpt lat="40.655850" lon="-0.115616">
        <ele>981.6</ele>
        <time>2014-09-08T05:38:01Z</time>
        <extensions>
          <gpxtpx:TrackPointExtension>
            <gpxtpx:hr>148</gpxtpx:hr>
          </gpxtpx:TrackPointExtension>
        </extensions>
      </trkpt>
      <trkpt lat="40.655817" lon="-0.115516">
        <ele>983.0</ele>
        <time>2014-09-08T05:38:08Z</time>
        <extensions>
          <gpxtpx:TrackPointExtension>
            <gpxtpx:hr>147</gpxtpx:hr>
          </gpxtpx:TrackPointExtension>
        </extensions>
      </trkpt>
      <trkpt lat="40.655767" lon="-0.115433">
        <ele>984.8</ele>
        <time>2014-09-08T05:38:14Z</time>
        <extensions>
          <gpxtpx:TrackPointExtension>
            <gpxtpx:hr>150</gpxtpx:hr>
          </gpxtpx:TrackPointExtension>
        </extensions>
      </trkpt>
      <trkpt lat="40.655767" lon="-0.115416">
        <ele>984.8</ele>
        <time>2014-09-08T05:38:15Z</time>
        <extensions>
          <gpxtpx:TrackPointExtension>
            <gpxtpx:hr>150</gpxtpx:hr>
          </gpxtpx:TrackPointExtension>
        </extensions>
      </trkpt>
      <trkpt lat="40.655650" lon="-0.115266">
        <ele>987.9</ele>
        <time>2014-09-08T05:38:29Z</time>
        <extensions>
          <gpxtpx:TrackPointExtension>
            <gpxtpx:hr>157</gpxtpx:hr>
          </gpxtpx:TrackPointExtension>
        </extensions>
      </trkpt>
      <trkpt lat="40.655600" lon="-0.115199">
        <ele>989.1</ele>
        <time>2014-09-08T05:38:37Z</time>
        <extensions>
          <gpxtpx:TrackPointExtension>
            <gpxtpx:hr>157</gpxtpx:hr>
          </gpxtpx:TrackPointExtension>
        </extensions>
      </trkpt>
      <trkpt lat="40.655551" lon="-0.115116">
        <ele>989.6</ele>
        <time>2014-09-08T05:38:44Z</time>
        <extensions>
          <gpxtpx:TrackPointExtension>
            <gpxtpx:hr>154</gpxtpx:hr>
          </gpxtpx:TrackPointExtension>
        </extensions>
      </trkpt>
      <trkpt lat="40.655500" lon="-0.115033">
        <ele>989.9</ele>
        <time>2014-09-08T05:38:51Z</time>
        <extensions>
          <gpxtpx:TrackPointExtension>
            <gpxtpx:hr>151</gpxtpx:hr>
          </gpxtpx:TrackPointExtension>
        </extensions>
      </trkpt>
      <trkpt lat="40.655451" lon="-0.114933">
        <ele>990.1</ele>
        <time>2014-09-08T05:38:58Z</time>
        <extensions>
          <gpxtpx:TrackPointExtension>
            <gpxtpx:hr>147</gpxtpx:hr>
          </gpxtpx:TrackPointExtension>
        </extensions>
      </trkpt>
      <trkpt lat="40.655400" lon="-0.114833">
        <ele>990.5</ele>
        <time>2014-09-08T05:39:05Z</time>
        <extensions>
          <gpxtpx:TrackPointExtension>
            <gpxtpx:hr>144</gpxtpx:hr>
          </gpxtpx:TrackPointExtension>
        </extensions>
      </trkpt>
      <trkpt lat="40.655367" lon="-0.114733">
        <ele>991.3</ele>
        <time>2014-09-08T05:39:13Z</time>
        <extensions>
          <gpxtpx:TrackPointExtension>
            <gpxtpx:hr>144</gpxtpx:hr>
          </gpxtpx:TrackPointExtension>
        </extensions>
      </trkpt>
      <trkpt lat="40.655334" lon="-0.114633">
        <ele>993.1</ele>
        <time>2014-09-08T05:39:20Z</time>
        <extensions>
          <gpxtpx:TrackPointExtension>
            <gpxtpx:hr>143</gpxtpx:hr>
          </gpxtpx:TrackPointExtension>
        </extensions>
      </trkpt>
      <trkpt lat="40.655334" lon="-0.114616">
        <ele>993.2</ele>
        <time>2014-09-08T05:39:21Z</time>
        <extensions>
          <gpxtpx:TrackPointExtension>
            <gpxtpx:hr>142</gpxtpx:hr>
          </gpxtpx:TrackPointExtension>
        </extensions>
      </trkpt>
      <trkpt lat="40.655300" lon="-0.114416">
        <ele>995.2</ele>
        <time>2014-09-08T05:39:34Z</time>
        <extensions>
          <gpxtpx:TrackPointExtension>
            <gpxtpx:hr>140</gpxtpx:hr>
          </gpxtpx:TrackPointExtension>
        </extensions>
      </trkpt>
      <trkpt lat="40.655300" lon="-0.114316">
        <ele>995.5</ele>
        <time>2014-09-08T05:39:40Z</time>
        <extensions>
          <gpxtpx:TrackPointExtension>
            <gpxtpx:hr>138</gpxtpx:hr>
          </gpxtpx:TrackPointExtension>
        </extensions>
      </trkpt>
      <trkpt lat="40.655300" lon="-0.114199">
        <ele>996.0</ele>
        <time>2014-09-08T05:39:46Z</time>
        <extensions>
          <gpxtpx:TrackPointExtension>
            <gpxtpx:hr>135</gpxtpx:hr>
          </gpxtpx:TrackPointExtension>
        </extensions>
      </trkpt>
      <trkpt lat="40.655300" lon="-0.114083">
        <ele>997.0</ele>
        <time>2014-09-08T05:39:53Z</time>
        <extensions>
          <gpxtpx:TrackPointExtension>
            <gpxtpx:hr>137</gpxtpx:hr>
          </gpxtpx:TrackPointExtension>
        </extensions>
      </trkpt>
      <trkpt lat="40.655300" lon="-0.113966">
        <ele>997.9</ele>
        <time>2014-09-08T05:39:59Z</time>
        <extensions>
          <gpxtpx:TrackPointExtension>
            <gpxtpx:hr>140</gpxtpx:hr>
          </gpxtpx:TrackPointExtension>
        </extensions>
      </trkpt>
      <trkpt lat="40.655300" lon="-0.113849">
        <ele>998.7</ele>
        <time>2014-09-08T05:40:06Z</time>
        <extensions>
          <gpxtpx:TrackPointExtension>
            <gpxtpx:hr>141</gpxtpx:hr>
          </gpxtpx:TrackPointExtension>
        </extensions>
      </trkpt>
      <trkpt lat="40.655317" lon="-0.113733">
        <ele>998.2</ele>
        <time>2014-09-08T05:40:12Z</time>
        <extensions>
          <gpxtpx:TrackPointExtension>
            <gpxtpx:hr>142</gpxtpx:hr>
          </gpxtpx:TrackPointExtension>
        </extensions>
      </trkpt>
      <trkpt lat="40.655284" lon="-0.113633">
        <ele>1000.2</ele>
        <time>2014-09-08T05:40:18Z</time>
        <extensions>
          <gpxtpx:TrackPointExtension>
            <gpxtpx:hr>145</gpxtpx:hr>
          </gpxtpx:TrackPointExtension>
        </extensions>
      </trkpt>
      <trkpt lat="40.655217" lon="-0.113566">
        <ele>1003.8</ele>
        <time>2014-09-08T05:40:25Z</time>
        <extensions>
          <gpxtpx:TrackPointExtension>
            <gpxtpx:hr>150</gpxtpx:hr>
          </gpxtpx:TrackPointExtension>
        </extensions>
      </trkpt>
      <trkpt lat="40.655217" lon="-0.113550">
        <ele>1003.6</ele>
        <time>2014-09-08T05:40:26Z</time>
        <extensions>
          <gpxtpx:TrackPointExtension>
            <gpxtpx:hr>153</gpxtpx:hr>
          </gpxtpx:TrackPointExtension>
        </extensions>
      </trkpt>
      <trkpt lat="40.655100" lon="-0.113399">
        <ele>1002.3</ele>
        <time>2014-09-08T05:40:54Z</time>
      </trkpt>
      <trkpt lat="40.655017" lon="-0.113350">
        <ele>1002.9</ele>
        <time>2014-09-08T05:41:10Z</time>
        <extensions>
          <gpxtpx:TrackPointExtension>
            <gpxtpx:hr>152</gpxtpx:hr>
          </gpxtpx:TrackPointExtension>
        </extensions>
      </trkpt>
      <trkpt lat="40.654950" lon="-0.113266">
        <ele>1003.3</ele>
        <time>2014-09-08T05:41:39Z</time>
        <extensions>
          <gpxtpx:TrackPointExtension>
            <gpxtpx:hr>144</gpxtpx:hr>
          </gpxtpx:TrackPointExtension>
        </extensions>
      </trkpt>
      <trkpt lat="40.654950" lon="-0.113266">
        <ele>1003.3</ele>
        <time>2014-09-08T05:41:40Z</time>
        <extensions>
          <gpxtpx:TrackPointExtension>
            <gpxtpx:hr>143</gpxtpx:hr>
          </gpxtpx:TrackPointExtension>
        </extensions>
      </trkpt>
      <trkpt lat="40.654850" lon="-0.113266">
        <ele>1006.8</ele>
        <time>2014-09-08T05:43:15Z</time>
        <extensions>
          <gpxtpx:TrackPointExtension>
            <gpxtpx:hr>119</gpxtpx:hr>
          </gpxtpx:TrackPointExtension>
        </extensions>
      </trkpt>
      <trkpt lat="40.654717" lon="-0.113183">
        <ele>1007.9</ele>
        <time>2014-09-08T05:43:29Z</time>
        <extensions>
          <gpxtpx:TrackPointExtension>
            <gpxtpx:hr>129</gpxtpx:hr>
          </gpxtpx:TrackPointExtension>
        </extensions>
      </trkpt>
      <trkpt lat="40.654651" lon="-0.113166">
        <ele>1007.5</ele>
        <time>2014-09-08T05:43:37Z</time>
        <extensions>
          <gpxtpx:TrackPointExtension>
            <gpxtpx:hr>139</gpxtpx:hr>
          </gpxtpx:TrackPointExtension>
        </extensions>
      </trkpt>
      <trkpt lat="40.654567" lon="-0.113116">
        <ele>1005.1</ele>
        <time>2014-09-08T05:43:41Z</time>
        <extensions>
          <gpxtpx:TrackPointExtension>
            <gpxtpx:hr>145</gpxtpx:hr>
          </gpxtpx:TrackPointExtension>
        </extensions>
      </trkpt>
      <trkpt lat="40.654500" lon="-0.113083">
        <ele>1004.0</ele>
        <time>2014-09-08T05:43:44Z</time>
        <extensions>
          <gpxtpx:TrackPointExtension>
            <gpxtpx:hr>147</gpxtpx:hr>
          </gpxtpx:TrackPointExtension>
        </extensions>
      </trkpt>
      <trkpt lat="40.654434" lon="-0.113066">
        <ele>1004.6</ele>
        <time>2014-09-08T05:43:47Z</time>
      </trkpt>
      <trkpt lat="40.654367" lon="-0.113083">
        <ele>1006.4</ele>
        <time>2014-09-08T05:43:50Z</time>
        <extensions>
          <gpxtpx:TrackPointExtension>
            <gpxtpx:hr>149</gpxtpx:hr>
          </gpxtpx:TrackPointExtension>
        </extensions>
      </trkpt>
      <trkpt lat="40.654284" lon="-0.113050">
        <ele>1007.2</ele>
        <time>2014-09-08T05:43:53Z</time>
        <extensions>
          <gpxtpx:TrackPointExtension>
            <gpxtpx:hr>148</gpxtpx:hr>
          </gpxtpx:TrackPointExtension>
        </extensions>
      </trkpt>
      <trkpt lat="40.654217" lon="-0.113016">
        <ele>1007.4</ele>
        <time>2014-09-08T05:43:57Z</time>
        <extensions>
          <gpxtpx:TrackPointExtension>
            <gpxtpx:hr>147</gpxtpx:hr>
          </gpxtpx:TrackPointExtension>
        </extensions>
      </trkpt>
      <trkpt lat="40.654150" lon="-0.112949">
        <ele>1007.5</ele>
        <time>2014-09-08T05:44:01Z</time>
        <extensions>
          <gpxtpx:TrackPointExtension>
            <gpxtpx:hr>144</gpxtpx:hr>
          </gpxtpx:TrackPointExtension>
        </extensions>
      </trkpt>
      <trkpt lat="40.654101" lon="-0.112849">
        <ele>1005.8</ele>
        <time>2014-09-08T05:44:05Z</time>
        <extensions>
          <gpxtpx:TrackPointExtension>
            <gpxtpx:hr>139</gpxtpx:hr>
          </gpxtpx:TrackPointExtension>
        </extensions>
      </trkpt>
      <trkpt lat="40.654050" lon="-0.112783">
        <ele>1003.9</ele>
        <time>2014-09-08T05:44:08Z</time>
        <extensions>
          <gpxtpx:TrackPointExtension>
            <gpxtpx:hr>135</gpxtpx:hr>
          </gpxtpx:TrackPointExtension>
        </extensions>
      </trkpt>
      <trkpt lat="40.654017" lon="-0.112733">
        <ele>1002.4</ele>
        <time>2014-09-08T05:44:10Z</time>
        <extensions>
          <gpxtpx:TrackPointExtension>
            <gpxtpx:hr>134</gpxtpx:hr>
          </gpxtpx:TrackPointExtension>
        </extensions>
      </trkpt>
      <trkpt lat="40.653950" lon="-0.112683">
        <ele>1001.7</ele>
        <time>2014-09-08T05:44:12Z</time>
        <extensions>
          <gpxtpx:TrackPointExtension>
            <gpxtpx:hr>131</gpxtpx:hr>
          </gpxtpx:TrackPointExtension>
        </extensions>
      </trkpt>
      <trkpt lat="40.653884" lon="-0.112616">
        <ele>1000.3</ele>
        <time>2014-09-08T05:44:14Z</time>
        <extensions>
          <gpxtpx:TrackPointExtension>
            <gpxtpx:hr>130</gpxtpx:hr>
          </gpxtpx:TrackPointExtension>
        </extensions>
      </trkpt>
      <trkpt lat="40.653817" lon="-0.112583">
        <ele>1000.4</ele>
        <time>2014-09-08T05:44:16Z</time>
        <extensions>
          <gpxtpx:TrackPointExtension>
            <gpxtpx:hr>129</gpxtpx:hr>
          </gpxtpx:TrackPointExtension>
        </extensions>
      </trkpt>
      <trkpt lat="40.653767" lon="-0.112566">
        <ele>1000.9</ele>
        <time>2014-09-08T05:44:17Z</time>
        <extensions>
          <gpxtpx:TrackPointExtension>
            <gpxtpx:hr>129</gpxtpx:hr>
          </gpxtpx:TrackPointExtension>
        </extensions>
      </trkpt>
      <trkpt lat="40.653651" lon="-0.112550">
        <ele>1002.4</ele>
        <time>2014-09-08T05:44:20Z</time>
        <extensions>
          <gpxtpx:TrackPointExtension>
            <gpxtpx:hr>128</gpxtpx:hr>
          </gpxtpx:TrackPointExtension>
        </extensions>
      </trkpt>
      <trkpt lat="40.653567" lon="-0.112550">
        <ele>1004.1</ele>
        <time>2014-09-08T05:44:23Z</time>
      </trkpt>
      <trkpt lat="40.653484" lon="-0.112533">
        <ele>1005.4</ele>
        <time>2014-09-08T05:44:28Z</time>
        <extensions>
          <gpxtpx:TrackPointExtension>
            <gpxtpx:hr>130</gpxtpx:hr>
          </gpxtpx:TrackPointExtension>
        </extensions>
      </trkpt>
      <trkpt lat="40.653417" lon="-0.112466">
        <ele>1006.0</ele>
        <time>2014-09-08T05:44:44Z</time>
      </trkpt>
      <trkpt lat="40.653367" lon="-0.112366">
        <ele>1006.6</ele>
        <time>2014-09-08T05:44:50Z</time>
        <extensions>
          <gpxtpx:TrackPointExtension>
            <gpxtpx:hr>120</gpxtpx:hr>
          </gpxtpx:TrackPointExtension>
        </extensions>
      </trkpt>
      <trkpt lat="40.653317" lon="-0.112283">
        <ele>1008.8</ele>
        <time>2014-09-08T05:44:56Z</time>
        <extensions>
          <gpxtpx:TrackPointExtension>
            <gpxtpx:hr>120</gpxtpx:hr>
          </gpxtpx:TrackPointExtension>
        </extensions>
      </trkpt>
      <trkpt lat="40.653350" lon="-0.112183">
        <ele>1009.7</ele>
        <time>2014-09-08T05:45:03Z</time>
        <extensions>
          <gpxtpx:TrackPointExtension>
            <gpxtpx:hr>123</gpxtpx:hr>
          </gpxtpx:TrackPointExtension>
        </extensions>
      </trkpt>
      <trkpt lat="40.653384" lon="-0.112083">
        <ele>1010.5</ele>
        <time>2014-09-08T05:45:09Z</time>
        <extensions>
          <gpxtpx:TrackPointExtension>
            <gpxtpx:hr>128</gpxtpx:hr>
          </gpxtpx:TrackPointExtension>
        </extensions>
      </trkpt>
      <trkpt lat="40.653400" lon="-0.111966">
        <ele>1012.1</ele>
        <time>2014-09-08T05:45:25Z</time>
        <extensions>
          <gpxtpx:TrackPointExtension>
            <gpxtpx:hr>149</gpxtpx:hr>
          </gpxtpx:TrackPointExtension>
        </extensions>
      </trkpt>
      <trkpt lat="40.653400" lon="-0.111966">
        <ele>1012.1</ele>
        <time>2014-09-08T05:45:26Z</time>
        <extensions>
          <gpxtpx:TrackPointExtension>
            <gpxtpx:hr>150</gpxtpx:hr>
          </gpxtpx:TrackPointExtension>
        </extensions>
      </trkpt>
      <trkpt lat="40.653467" lon="-0.111883">
        <ele>1012.1</ele>
        <time>2014-09-08T05:46:50Z</time>
        <extensions>
          <gpxtpx:TrackPointExtension>
            <gpxtpx:hr>123</gpxtpx:hr>
          </gpxtpx:TrackPointExtension>
        </extensions>
      </trkpt>
      <trkpt lat="40.653534" lon="-0.111700">
        <ele>1013.7</ele>
        <time>2014-09-08T05:47:12Z</time>
        <extensions>
          <gpxtpx:TrackPointExtension>
            <gpxtpx:hr>127</gpxtpx:hr>
          </gpxtpx:TrackPointExtension>
        </extensions>
      </trkpt>
      <trkpt lat="40.653567" lon="-0.111616">
        <ele>1013.9</ele>
        <time>2014-09-08T05:47:19Z</time>
        <extensions>
          <gpxtpx:TrackPointExtension>
            <gpxtpx:hr>131</gpxtpx:hr>
          </gpxtpx:TrackPointExtension>
        </extensions>
      </trkpt>
      <trkpt lat="40.653600" lon="-0.111516">
        <ele>1014.0</ele>
        <time>2014-09-08T05:47:25Z</time>
        <extensions>
          <gpxtpx:TrackPointExtension>
            <gpxtpx:hr>133</gpxtpx:hr>
          </gpxtpx:TrackPointExtension>
        </extensions>
      </trkpt>
      <trkpt lat="40.653634" lon="-0.111416">
        <ele>1013.4</ele>
        <time>2014-09-08T05:47:30Z</time>
        <extensions>
          <gpxtpx:TrackPointExtension>
            <gpxtpx:hr>136</gpxtpx:hr>
          </gpxtpx:TrackPointExtension>
        </extensions>
      </trkpt>
      <trkpt lat="40.653667" lon="-0.111333">
        <ele>1012.5</ele>
        <time>2014-09-08T05:47:34Z</time>
        <extensions>
          <gpxtpx:TrackPointExtension>
            <gpxtpx:hr>137</gpxtpx:hr>
          </gpxtpx:TrackPointExtension>
        </extensions>
      </trkpt>
      <trkpt lat="40.653700" lon="-0.111250">
        <ele>1011.3</ele>
        <time>2014-09-08T05:47:37Z</time>
        <extensions>
          <gpxtpx:TrackPointExtension>
            <gpxtpx:hr>143</gpxtpx:hr>
          </gpxtpx:TrackPointExtension>
        </extensions>
      </trkpt>
      <trkpt lat="40.653684" lon="-0.111133">
        <ele>1011.8</ele>
        <time>2014-09-08T05:47:40Z</time>
        <extensions>
          <gpxtpx:TrackPointExtension>
            <gpxtpx:hr>142</gpxtpx:hr>
          </gpxtpx:TrackPointExtension>
        </extensions>
      </trkpt>
      <trkpt lat="40.653667" lon="-0.111049">
        <ele>1012.0</ele>
        <time>2014-09-08T05:47:43Z</time>
        <extensions>
          <gpxtpx:TrackPointExtension>
            <gpxtpx:hr>136</gpxtpx:hr>
          </gpxtpx:TrackPointExtension>
        </extensions>
      </trkpt>
      <trkpt lat="40.653617" lon="-0.110966">
        <ele>1013.6</ele>
        <time>2014-09-08T05:47:47Z</time>
        <extensions>
          <gpxtpx:TrackPointExtension>
            <gpxtpx:hr>135</gpxtpx:hr>
          </gpxtpx:TrackPointExtension>
        </extensions>
      </trkpt>
      <trkpt lat="40.653567" lon="-0.110866">
        <ele>1015.0</ele>
        <time>2014-09-08T05:47:52Z</time>
        <extensions>
          <gpxtpx:TrackPointExtension>
            <gpxtpx:hr>132</gpxtpx:hr>
          </gpxtpx:TrackPointExtension>
        </extensions>
      </trkpt>
      <trkpt lat="40.653567" lon="-0.110866">
        <ele>1015.0</ele>
        <time>2014-09-08T05:47:53Z</time>
        <extensions>
          <gpxtpx:TrackPointExtension>
            <gpxtpx:hr>131</gpxtpx:hr>
          </gpxtpx:TrackPointExtension>
        </extensions>
      </trkpt>
      <trkpt lat="40.653567" lon="-0.110650">
        <ele>1016.6</ele>
        <time>2014-09-08T05:48:05Z</time>
        <extensions>
          <gpxtpx:TrackPointExtension>
            <gpxtpx:hr>135</gpxtpx:hr>
          </gpxtpx:TrackPointExtension>
        </extensions>
      </trkpt>
      <trkpt lat="40.653651" lon="-0.110616">
        <ele>1015.8</ele>
        <time>2014-09-08T05:48:14Z</time>
        <extensions>
          <gpxtpx:TrackPointExtension>
            <gpxtpx:hr>143</gpxtpx:hr>
          </gpxtpx:TrackPointExtension>
        </extensions>
      </trkpt>
      <trkpt lat="40.653700" lon="-0.110516">
        <ele>1016.7</ele>
        <time>2014-09-08T05:48:31Z</time>
        <extensions>
          <gpxtpx:TrackPointExtension>
            <gpxtpx:hr>152</gpxtpx:hr>
          </gpxtpx:TrackPointExtension>
        </extensions>
      </trkpt>
      <trkpt lat="40.653700" lon="-0.110416">
        <ele>1017.2</ele>
        <time>2014-09-08T05:48:43Z</time>
      </trkpt>
      <trkpt lat="40.653667" lon="-0.110300">
        <ele>1019.0</ele>
        <time>2014-09-08T05:48:49Z</time>
        <extensions>
          <gpxtpx:TrackPointExtension>
            <gpxtpx:hr>150</gpxtpx:hr>
          </gpxtpx:TrackPointExtension>
        </extensions>
      </trkpt>
      <trkpt lat="40.653667" lon="-0.110200">
        <ele>1019.4</ele>
        <time>2014-09-08T05:48:55Z</time>
      </trkpt>
      <trkpt lat="40.653667" lon="-0.110166">
        <ele>1019.4</ele>
        <time>2014-09-08T05:48:56Z</time>
        <extensions>
          <gpxtpx:TrackPointExtension>
            <gpxtpx:hr>150</gpxtpx:hr>
          </gpxtpx:TrackPointExtension>
        </extensions>
      </trkpt>
      <trkpt lat="40.653634" lon="-0.109966">
        <ele>1020.8</ele>
        <time>2014-09-08T05:49:06Z</time>
        <extensions>
          <gpxtpx:TrackPointExtension>
            <gpxtpx:hr>143</gpxtpx:hr>
          </gpxtpx:TrackPointExtension>
        </extensions>
      </trkpt>
      <trkpt lat="40.653617" lon="-0.109866">
        <ele>1020.3</ele>
        <time>2014-09-08T05:49:11Z</time>
        <extensions>
          <gpxtpx:TrackPointExtension>
            <gpxtpx:hr>139</gpxtpx:hr>
          </gpxtpx:TrackPointExtension>
        </extensions>
      </trkpt>
      <trkpt lat="40.653567" lon="-0.109783">
        <ele>1021.0</ele>
        <time>2014-09-08T05:49:15Z</time>
        <extensions>
          <gpxtpx:TrackPointExtension>
            <gpxtpx:hr>135</gpxtpx:hr>
          </gpxtpx:TrackPointExtension>
        </extensions>
      </trkpt>
      <trkpt lat="40.653534" lon="-0.109699">
        <ele>1020.5</ele>
        <time>2014-09-08T05:49:19Z</time>
        <extensions>
          <gpxtpx:TrackPointExtension>
            <gpxtpx:hr>132</gpxtpx:hr>
          </gpxtpx:TrackPointExtension>
        </extensions>
      </trkpt>
      <trkpt lat="40.653484" lon="-0.109616">
        <ele>1020.4</ele>
        <time>2014-09-08T05:49:23Z</time>
        <extensions>
          <gpxtpx:TrackPointExtension>
            <gpxtpx:hr>131</gpxtpx:hr>
          </gpxtpx:TrackPointExtension>
        </extensions>
      </trkpt>
      <trkpt lat="40.653434" lon="-0.109516">
        <ele>1020.6</ele>
        <time>2014-09-08T05:49:28Z</time>
        <extensions>
          <gpxtpx:TrackPointExtension>
            <gpxtpx:hr>133</gpxtpx:hr>
          </gpxtpx:TrackPointExtension>
        </extensions>
      </trkpt>
      <trkpt lat="40.653400" lon="-0.109433">
        <ele>1020.6</ele>
        <time>2014-09-08T05:49:33Z</time>
        <extensions>
          <gpxtpx:TrackPointExtension>
            <gpxtpx:hr>135</gpxtpx:hr>
          </gpxtpx:TrackPointExtension>
        </extensions>
      </trkpt>
      <trkpt lat="40.653350" lon="-0.109350">
        <ele>1021.2</ele>
        <time>2014-09-08T05:49:38Z</time>
        <extensions>
          <gpxtpx:TrackPointExtension>
            <gpxtpx:hr>133</gpxtpx:hr>
          </gpxtpx:TrackPointExtension>
        </extensions>
      </trkpt>
      <trkpt lat="40.653300" lon="-0.109250">
        <ele>1021.3</ele>
        <time>2014-09-08T05:49:43Z</time>
        <extensions>
          <gpxtpx:TrackPointExtension>
            <gpxtpx:hr>134</gpxtpx:hr>
          </gpxtpx:TrackPointExtension>
        </extensions>
      </trkpt>
      <trkpt lat="40.653284" lon="-0.109133">
        <ele>1020.4</ele>
        <time>2014-09-08T05:49:48Z</time>
        <extensions>
          <gpxtpx:TrackPointExtension>
            <gpxtpx:hr>131</gpxtpx:hr>
          </gpxtpx:TrackPointExtension>
        </extensions>
      </trkpt>
      <trkpt lat="40.653250" lon="-0.109033">
        <ele>1020.2</ele>
        <time>2014-09-08T05:49:53Z</time>
        <extensions>
          <gpxtpx:TrackPointExtension>
            <gpxtpx:hr>128</gpxtpx:hr>
          </gpxtpx:TrackPointExtension>
        </extensions>
      </trkpt>
      <trkpt lat="40.653217" lon="-0.108950">
        <ele>1020.1</ele>
        <time>2014-09-08T05:49:57Z</time>
        <extensions>
          <gpxtpx:TrackPointExtension>
            <gpxtpx:hr>127</gpxtpx:hr>
          </gpxtpx:TrackPointExtension>
        </extensions>
      </trkpt>
      <trkpt lat="40.653200" lon="-0.108933">
        <ele>1020.5</ele>
        <time>2014-09-08T05:49:58Z</time>
        <extensions>
          <gpxtpx:TrackPointExtension>
            <gpxtpx:hr>127</gpxtpx:hr>
          </gpxtpx:TrackPointExtension>
        </extensions>
      </trkpt>
      <trkpt lat="40.653134" lon="-0.108783">
        <ele>1019.8</ele>
        <time>2014-09-08T05:50:04Z</time>
        <extensions>
          <gpxtpx:TrackPointExtension>
            <gpxtpx:hr>122</gpxtpx:hr>
          </gpxtpx:TrackPointExtension>
        </extensions>
      </trkpt>
      <trkpt lat="40.653084" lon="-0.108716">
        <ele>1019.5</ele>
        <time>2014-09-08T05:50:07Z</time>
        <extensions>
          <gpxtpx:TrackPointExtension>
            <gpxtpx:hr>120</gpxtpx:hr>
          </gpxtpx:TrackPointExtension>
        </extensions>
      </trkpt>
      <trkpt lat="40.653017" lon="-0.108666">
        <ele>1019.9</ele>
        <time>2014-09-08T05:50:11Z</time>
        <extensions>
          <gpxtpx:TrackPointExtension>
            <gpxtpx:hr>123</gpxtpx:hr>
          </gpxtpx:TrackPointExtension>
        </extensions>
      </trkpt>
      <trkpt lat="40.652950" lon="-0.108599">
        <ele>1019.6</ele>
        <time>2014-09-08T05:50:15Z</time>
        <extensions>
          <gpxtpx:TrackPointExtension>
            <gpxtpx:hr>122</gpxtpx:hr>
          </gpxtpx:TrackPointExtension>
        </extensions>
      </trkpt>
      <trkpt lat="40.652884" lon="-0.108550">
        <ele>1019.5</ele>
        <time>2014-09-08T05:50:18Z</time>
        <extensions>
          <gpxtpx:TrackPointExtension>
            <gpxtpx:hr>122</gpxtpx:hr>
          </gpxtpx:TrackPointExtension>
        </extensions>
      </trkpt>
      <trkpt lat="40.652800" lon="-0.108516">
        <ele>1019.7</ele>
        <time>2014-09-08T05:50:22Z</time>
        <extensions>
          <gpxtpx:TrackPointExtension>
            <gpxtpx:hr>120</gpxtpx:hr>
          </gpxtpx:TrackPointExtension>
        </extensions>
      </trkpt>
      <trkpt lat="40.652717" lon="-0.108499">
        <ele>1019.5</ele>
        <time>2014-09-08T05:50:26Z</time>
        <extensions>
          <gpxtpx:TrackPointExtension>
            <gpxtpx:hr>121</gpxtpx:hr>
          </gpxtpx:TrackPointExtension>
        </extensions>
      </trkpt>
      <trkpt lat="40.652651" lon="-0.108550">
        <ele>1020.8</ele>
        <time>2014-09-08T05:50:30Z</time>
        <extensions>
          <gpxtpx:TrackPointExtension>
            <gpxtpx:hr>120</gpxtpx:hr>
          </gpxtpx:TrackPointExtension>
        </extensions>
      </trkpt>
      <trkpt lat="40.652567" lon="-0.108566">
        <ele>1021.4</ele>
        <time>2014-09-08T05:50:34Z</time>
        <extensions>
          <gpxtpx:TrackPointExtension>
            <gpxtpx:hr>118</gpxtpx:hr>
          </gpxtpx:TrackPointExtension>
        </extensions>
      </trkpt>
      <trkpt lat="40.652484" lon="-0.108550">
        <ele>1021.8</ele>
        <time>2014-09-08T05:50:38Z</time>
        <extensions>
          <gpxtpx:TrackPointExtension>
            <gpxtpx:hr>119</gpxtpx:hr>
          </gpxtpx:TrackPointExtension>
        </extensions>
      </trkpt>
      <trkpt lat="40.652417" lon="-0.108499">
        <ele>1021.5</ele>
        <time>2014-09-08T05:50:42Z</time>
        <extensions>
          <gpxtpx:TrackPointExtension>
            <gpxtpx:hr>119</gpxtpx:hr>
          </gpxtpx:TrackPointExtension>
        </extensions>
      </trkpt>
      <trkpt lat="40.652350" lon="-0.108416">
        <ele>1020.3</ele>
        <time>2014-09-08T05:50:46Z</time>
        <extensions>
          <gpxtpx:TrackPointExtension>
            <gpxtpx:hr>119</gpxtpx:hr>
          </gpxtpx:TrackPointExtension>
        </extensions>
      </trkpt>
      <trkpt lat="40.652301" lon="-0.108333">
        <ele>1018.1</ele>
        <time>2014-09-08T05:50:50Z</time>
        <extensions>
          <gpxtpx:TrackPointExtension>
            <gpxtpx:hr>119</gpxtpx:hr>
          </gpxtpx:TrackPointExtension>
        </extensions>
      </trkpt>
      <trkpt lat="40.652250" lon="-0.108249">
        <ele>1015.4</ele>
        <time>2014-09-08T05:50:54Z</time>
        <extensions>
          <gpxtpx:TrackPointExtension>
            <gpxtpx:hr>117</gpxtpx:hr>
          </gpxtpx:TrackPointExtension>
        </extensions>
      </trkpt>
      <trkpt lat="40.652167" lon="-0.108233">
        <ele>1016.1</ele>
        <time>2014-09-08T05:50:58Z</time>
        <extensions>
          <gpxtpx:TrackPointExtension>
            <gpxtpx:hr>118</gpxtpx:hr>
          </gpxtpx:TrackPointExtension>
        </extensions>
      </trkpt>
      <trkpt lat="40.652150" lon="-0.108249">
        <ele>1016.7</ele>
        <time>2014-09-08T05:50:59Z</time>
        <extensions>
          <gpxtpx:TrackPointExtension>
            <gpxtpx:hr>118</gpxtpx:hr>
          </gpxtpx:TrackPointExtension>
        </extensions>
      </trkpt>
      <trkpt lat="40.652017" lon="-0.108250">
        <ele>1018.8</ele>
        <time>2014-09-08T05:51:04Z</time>
        <extensions>
          <gpxtpx:TrackPointExtension>
            <gpxtpx:hr>118</gpxtpx:hr>
          </gpxtpx:TrackPointExtension>
        </extensions>
      </trkpt>
      <trkpt lat="40.651950" lon="-0.108216">
        <ele>1019.5</ele>
        <time>2014-09-08T05:51:08Z</time>
        <extensions>
          <gpxtpx:TrackPointExtension>
            <gpxtpx:hr>117</gpxtpx:hr>
          </gpxtpx:TrackPointExtension>
        </extensions>
      </trkpt>
      <trkpt lat="40.651867" lon="-0.108166">
        <ele>1020.9</ele>
        <time>2014-09-08T05:51:13Z</time>
        <extensions>
          <gpxtpx:TrackPointExtension>
            <gpxtpx:hr>119</gpxtpx:hr>
          </gpxtpx:TrackPointExtension>
        </extensions>
      </trkpt>
      <trkpt lat="40.651850" lon="-0.108066">
        <ele>1021.1</ele>
        <time>2014-09-08T05:51:18Z</time>
        <extensions>
          <gpxtpx:TrackPointExtension>
            <gpxtpx:hr>116</gpxtpx:hr>
          </gpxtpx:TrackPointExtension>
        </extensions>
      </trkpt>
      <trkpt lat="40.651850" lon="-0.107949">
        <ele>1020.8</ele>
        <time>2014-09-08T05:51:23Z</time>
        <extensions>
          <gpxtpx:TrackPointExtension>
            <gpxtpx:hr>121</gpxtpx:hr>
          </gpxtpx:TrackPointExtension>
        </extensions>
      </trkpt>
      <trkpt lat="40.651817" lon="-0.107866">
        <ele>1021.6</ele>
        <time>2014-09-08T05:51:29Z</time>
        <extensions>
          <gpxtpx:TrackPointExtension>
            <gpxtpx:hr>127</gpxtpx:hr>
          </gpxtpx:TrackPointExtension>
        </extensions>
      </trkpt>
      <trkpt lat="40.651784" lon="-0.107766">
        <ele>1022.8</ele>
        <time>2014-09-08T05:51:35Z</time>
        <extensions>
          <gpxtpx:TrackPointExtension>
            <gpxtpx:hr>133</gpxtpx:hr>
          </gpxtpx:TrackPointExtension>
        </extensions>
      </trkpt>
      <trkpt lat="40.651734" lon="-0.107666">
        <ele>1025.1</ele>
        <time>2014-09-08T05:51:43Z</time>
        <extensions>
          <gpxtpx:TrackPointExtension>
            <gpxtpx:hr>143</gpxtpx:hr>
          </gpxtpx:TrackPointExtension>
        </extensions>
      </trkpt>
      <trkpt lat="40.651667" lon="-0.107600">
        <ele>1026.0</ele>
        <time>2014-09-08T05:51:54Z</time>
        <extensions>
          <gpxtpx:TrackPointExtension>
            <gpxtpx:hr>154</gpxtpx:hr>
          </gpxtpx:TrackPointExtension>
        </extensions>
      </trkpt>
      <trkpt lat="40.651600" lon="-0.107533">
        <ele>1026.8</ele>
        <time>2014-09-08T05:52:01Z</time>
        <extensions>
          <gpxtpx:TrackPointExtension>
            <gpxtpx:hr>157</gpxtpx:hr>
          </gpxtpx:TrackPointExtension>
        </extensions>
      </trkpt>
      <trkpt lat="40.651600" lon="-0.107533">
        <ele>1026.8</ele>
        <time>2014-09-08T05:52:02Z</time>
        <extensions>
          <gpxtpx:TrackPointExtension>
            <gpxtpx:hr>157</gpxtpx:hr>
          </gpxtpx:TrackPointExtension>
        </extensions>
      </trkpt>
      <trkpt lat="40.651500" lon="-0.107366">
        <ele>1028.6</ele>
        <time>2014-09-08T05:52:14Z</time>
        <extensions>
          <gpxtpx:TrackPointExtension>
            <gpxtpx:hr>155</gpxtpx:hr>
          </gpxtpx:TrackPointExtension>
        </extensions>
      </trkpt>
      <trkpt lat="40.651450" lon="-0.107283">
        <ele>1028.9</ele>
        <time>2014-09-08T05:52:20Z</time>
        <extensions>
          <gpxtpx:TrackPointExtension>
            <gpxtpx:hr>152</gpxtpx:hr>
          </gpxtpx:TrackPointExtension>
        </extensions>
      </trkpt>
      <trkpt lat="40.651417" lon="-0.107200">
        <ele>1029.0</ele>
        <time>2014-09-08T05:52:26Z</time>
        <extensions>
          <gpxtpx:TrackPointExtension>
            <gpxtpx:hr>147</gpxtpx:hr>
          </gpxtpx:TrackPointExtension>
        </extensions>
      </trkpt>
      <trkpt lat="40.651350" lon="-0.107133">
        <ele>1029.7</ele>
        <time>2014-09-08T05:52:32Z</time>
        <extensions>
          <gpxtpx:TrackPointExtension>
            <gpxtpx:hr>144</gpxtpx:hr>
          </gpxtpx:TrackPointExtension>
        </extensions>
      </trkpt>
      <trkpt lat="40.651284" lon="-0.107066">
        <ele>1030.6</ele>
        <time>2014-09-08T05:52:39Z</time>
        <extensions>
          <gpxtpx:TrackPointExtension>
            <gpxtpx:hr>141</gpxtpx:hr>
          </gpxtpx:TrackPointExtension>
        </extensions>
      </trkpt>
      <trkpt lat="40.651217" lon="-0.107016">
        <ele>1031.4</ele>
        <time>2014-09-08T05:52:45Z</time>
        <extensions>
          <gpxtpx:TrackPointExtension>
            <gpxtpx:hr>137</gpxtpx:hr>
          </gpxtpx:TrackPointExtension>
        </extensions>
      </trkpt>
      <trkpt lat="40.651150" lon="-0.106933">
        <ele>1032.2</ele>
        <time>2014-09-08T05:52:51Z</time>
        <extensions>
          <gpxtpx:TrackPointExtension>
            <gpxtpx:hr>135</gpxtpx:hr>
          </gpxtpx:TrackPointExtension>
        </extensions>
      </trkpt>
      <trkpt lat="40.651067" lon="-0.106883">
        <ele>1032.7</ele>
        <time>2014-09-08T05:52:57Z</time>
        <extensions>
          <gpxtpx:TrackPointExtension>
            <gpxtpx:hr>137</gpxtpx:hr>
          </gpxtpx:TrackPointExtension>
        </extensions>
      </trkpt>
      <trkpt lat="40.651000" lon="-0.106833">
        <ele>1033.0</ele>
        <time>2014-09-08T05:53:04Z</time>
        <extensions>
          <gpxtpx:TrackPointExtension>
            <gpxtpx:hr>134</gpxtpx:hr>
          </gpxtpx:TrackPointExtension>
        </extensions>
      </trkpt>
      <trkpt lat="40.650984" lon="-0.106833">
        <ele>1033.1</ele>
        <time>2014-09-08T05:53:05Z</time>
        <extensions>
          <gpxtpx:TrackPointExtension>
            <gpxtpx:hr>134</gpxtpx:hr>
          </gpxtpx:TrackPointExtension>
        </extensions>
      </trkpt>
      <trkpt lat="40.650850" lon="-0.106716">
        <ele>1033.9</ele>
        <time>2014-09-08T05:53:16Z</time>
        <extensions>
          <gpxtpx:TrackPointExtension>
            <gpxtpx:hr>135</gpxtpx:hr>
          </gpxtpx:TrackPointExtension>
        </extensions>
      </trkpt>
      <trkpt lat="40.650767" lon="-0.106666">
        <ele>1034.5</ele>
        <time>2014-09-08T05:53:22Z</time>
        <extensions>
          <gpxtpx:TrackPointExtension>
            <gpxtpx:hr>136</gpxtpx:hr>
          </gpxtpx:TrackPointExtension>
        </extensions>
      </trkpt>
      <trkpt lat="40.650767" lon="-0.106666">
        <ele>1034.5</ele>
        <time>2014-09-08T05:53:22Z</time>
        <extensions>
          <gpxtpx:TrackPointExtension>
            <gpxtpx:hr>136</gpxtpx:hr>
          </gpxtpx:TrackPointExtension>
        </extensions>
      </trkpt>
      <trkpt lat="40.650684" lon="-0.106633">
        <ele>1035.2</ele>
        <time>2014-09-08T05:53:28Z</time>
        <extensions>
          <gpxtpx:TrackPointExtension>
            <gpxtpx:hr>137</gpxtpx:hr>
          </gpxtpx:TrackPointExtension>
        </extensions>
      </trkpt>
      <trkpt lat="40.650617" lon="-0.106599">
        <ele>1035.8</ele>
        <time>2014-09-08T05:53:34Z</time>
        <extensions>
          <gpxtpx:TrackPointExtension>
            <gpxtpx:hr>137</gpxtpx:hr>
          </gpxtpx:TrackPointExtension>
        </extensions>
      </trkpt>
      <trkpt lat="40.650550" lon="-0.106516">
        <ele>1036.5</ele>
        <time>2014-09-08T05:53:40Z</time>
        <extensions>
          <gpxtpx:TrackPointExtension>
            <gpxtpx:hr>138</gpxtpx:hr>
          </gpxtpx:TrackPointExtension>
        </extensions>
      </trkpt>
      <trkpt lat="40.650484" lon="-0.106449">
        <ele>1037.4</ele>
        <time>2014-09-08T05:53:45Z</time>
        <extensions>
          <gpxtpx:TrackPointExtension>
            <gpxtpx:hr>137</gpxtpx:hr>
          </gpxtpx:TrackPointExtension>
        </extensions>
      </trkpt>
      <trkpt lat="40.650417" lon="-0.106400">
        <ele>1038.0</ele>
        <time>2014-09-08T05:53:49Z</time>
        <extensions>
          <gpxtpx:TrackPointExtension>
            <gpxtpx:hr>137</gpxtpx:hr>
          </gpxtpx:TrackPointExtension>
        </extensions>
      </trkpt>
      <trkpt lat="40.650367" lon="-0.106316">
        <ele>1037.8</ele>
        <time>2014-09-08T05:53:53Z</time>
        <extensions>
          <gpxtpx:TrackPointExtension>
            <gpxtpx:hr>137</gpxtpx:hr>
          </gpxtpx:TrackPointExtension>
        </extensions>
      </trkpt>
      <trkpt lat="40.650301" lon="-0.106249">
        <ele>1038.1</ele>
        <time>2014-09-08T05:53:58Z</time>
        <extensions>
          <gpxtpx:TrackPointExtension>
            <gpxtpx:hr>134</gpxtpx:hr>
          </gpxtpx:TrackPointExtension>
        </extensions>
      </trkpt>
      <trkpt lat="40.650250" lon="-0.106166">
        <ele>1038.7</ele>
        <time>2014-09-08T05:54:24Z</time>
        <extensions>
          <gpxtpx:TrackPointExtension>
            <gpxtpx:hr>128</gpxtpx:hr>
          </gpxtpx:TrackPointExtension>
        </extensions>
      </trkpt>
      <trkpt lat="40.650250" lon="-0.106166">
        <ele>1038.7</ele>
        <time>2014-09-08T05:54:25Z</time>
        <extensions>
          <gpxtpx:TrackPointExtension>
            <gpxtpx:hr>128</gpxtpx:hr>
          </gpxtpx:TrackPointExtension>
        </extensions>
      </trkpt>
      <trkpt lat="40.650201" lon="-0.106049">
        <ele>1039.2</ele>
        <time>2014-09-08T05:56:14Z</time>
        <extensions>
          <gpxtpx:TrackPointExtension>
            <gpxtpx:hr>111</gpxtpx:hr>
          </gpxtpx:TrackPointExtension>
        </extensions>
      </trkpt>
      <trkpt lat="40.650101" lon="-0.105916">
        <ele>1040.2</ele>
        <time>2014-09-08T05:56:23Z</time>
        <extensions>
          <gpxtpx:TrackPointExtension>
            <gpxtpx:hr>124</gpxtpx:hr>
          </gpxtpx:TrackPointExtension>
        </extensions>
      </trkpt>
      <trkpt lat="40.650050" lon="-0.105833">
        <ele>1039.7</ele>
        <time>2014-09-08T05:56:28Z</time>
        <extensions>
          <gpxtpx:TrackPointExtension>
            <gpxtpx:hr>130</gpxtpx:hr>
          </gpxtpx:TrackPointExtension>
        </extensions>
      </trkpt>
      <trkpt lat="40.649984" lon="-0.105766">
        <ele>1039.7</ele>
        <time>2014-09-08T05:56:33Z</time>
        <extensions>
          <gpxtpx:TrackPointExtension>
            <gpxtpx:hr>130</gpxtpx:hr>
          </gpxtpx:TrackPointExtension>
        </extensions>
      </trkpt>
      <trkpt lat="40.649917" lon="-0.105700">
        <ele>1039.6</ele>
        <time>2014-09-08T05:56:38Z</time>
        <extensions>
          <gpxtpx:TrackPointExtension>
            <gpxtpx:hr>132</gpxtpx:hr>
          </gpxtpx:TrackPointExtension>
        </extensions>
      </trkpt>
      <trkpt lat="40.649851" lon="-0.105650">
        <ele>1039.8</ele>
        <time>2014-09-08T05:56:41Z</time>
        <extensions>
          <gpxtpx:TrackPointExtension>
            <gpxtpx:hr>132</gpxtpx:hr>
          </gpxtpx:TrackPointExtension>
        </extensions>
      </trkpt>
      <trkpt lat="40.649800" lon="-0.105616">
        <ele>1040.0</ele>
        <time>2014-09-08T05:56:44Z</time>
        <extensions>
          <gpxtpx:TrackPointExtension>
            <gpxtpx:hr>133</gpxtpx:hr>
          </gpxtpx:TrackPointExtension>
        </extensions>
      </trkpt>
      <trkpt lat="40.649734" lon="-0.105550">
        <ele>1040.1</ele>
        <time>2014-09-08T05:56:48Z</time>
        <extensions>
          <gpxtpx:TrackPointExtension>
            <gpxtpx:hr>131</gpxtpx:hr>
          </gpxtpx:TrackPointExtension>
        </extensions>
      </trkpt>
      <trkpt lat="40.649667" lon="-0.105466">
        <ele>1040.3</ele>
        <time>2014-09-08T05:56:52Z</time>
        <extensions>
          <gpxtpx:TrackPointExtension>
            <gpxtpx:hr>128</gpxtpx:hr>
          </gpxtpx:TrackPointExtension>
        </extensions>
      </trkpt>
      <trkpt lat="40.649600" lon="-0.105416">
        <ele>1041.3</ele>
        <time>2014-09-08T05:56:55Z</time>
        <extensions>
          <gpxtpx:TrackPointExtension>
            <gpxtpx:hr>127</gpxtpx:hr>
          </gpxtpx:TrackPointExtension>
        </extensions>
      </trkpt>
      <trkpt lat="40.649550" lon="-0.105316">
        <ele>1041.1</ele>
        <time>2014-09-08T05:56:58Z</time>
        <extensions>
          <gpxtpx:TrackPointExtension>
            <gpxtpx:hr>125</gpxtpx:hr>
          </gpxtpx:TrackPointExtension>
        </extensions>
      </trkpt>
      <trkpt lat="40.649517" lon="-0.105249">
        <ele>1041.0</ele>
        <time>2014-09-08T05:57:00Z</time>
        <extensions>
          <gpxtpx:TrackPointExtension>
            <gpxtpx:hr>122</gpxtpx:hr>
          </gpxtpx:TrackPointExtension>
        </extensions>
      </trkpt>
      <trkpt lat="40.649500" lon="-0.105150">
        <ele>1040.0</ele>
        <time>2014-09-08T05:57:03Z</time>
        <extensions>
          <gpxtpx:TrackPointExtension>
            <gpxtpx:hr>120</gpxtpx:hr>
          </gpxtpx:TrackPointExtension>
        </extensions>
      </trkpt>
      <trkpt lat="40.649467" lon="-0.105066">
        <ele>1039.7</ele>
        <time>2014-09-08T05:57:06Z</time>
        <extensions>
          <gpxtpx:TrackPointExtension>
            <gpxtpx:hr>120</gpxtpx:hr>
          </gpxtpx:TrackPointExtension>
        </extensions>
      </trkpt>
      <trkpt lat="40.649417" lon="-0.104966">
        <ele>1039.3</ele>
        <time>2014-09-08T05:57:10Z</time>
        <extensions>
          <gpxtpx:TrackPointExtension>
            <gpxtpx:hr>117</gpxtpx:hr>
          </gpxtpx:TrackPointExtension>
        </extensions>
      </trkpt>
      <trkpt lat="40.649367" lon="-0.104883">
        <ele>1039.0</ele>
        <time>2014-09-08T05:57:14Z</time>
        <extensions>
          <gpxtpx:TrackPointExtension>
            <gpxtpx:hr>114</gpxtpx:hr>
          </gpxtpx:TrackPointExtension>
        </extensions>
      </trkpt>
      <trkpt lat="40.649350" lon="-0.104866">
        <ele>1039.0</ele>
        <time>2014-09-08T05:57:15Z</time>
      </trkpt>
      <trkpt lat="40.649301" lon="-0.104716">
        <ele>1037.6</ele>
        <time>2014-09-08T05:57:19Z</time>
        <extensions>
          <gpxtpx:TrackPointExtension>
            <gpxtpx:hr>113</gpxtpx:hr>
          </gpxtpx:TrackPointExtension>
        </extensions>
      </trkpt>
      <trkpt lat="40.649284" lon="-0.104633">
        <ele>1036.9</ele>
        <time>2014-09-08T05:57:21Z</time>
        <extensions>
          <gpxtpx:TrackPointExtension>
            <gpxtpx:hr>113</gpxtpx:hr>
          </gpxtpx:TrackPointExtension>
        </extensions>
      </trkpt>
      <trkpt lat="40.649267" lon="-0.104566">
        <ele>1036.5</ele>
        <time>2014-09-08T05:57:22Z</time>
        <extensions>
          <gpxtpx:TrackPointExtension>
            <gpxtpx:hr>114</gpxtpx:hr>
          </gpxtpx:TrackPointExtension>
        </extensions>
      </trkpt>
      <trkpt lat="40.649267" lon="-0.104516">
        <ele>1036.1</ele>
        <time>2014-09-08T05:57:23Z</time>
        <extensions>
          <gpxtpx:TrackPointExtension>
            <gpxtpx:hr>112</gpxtpx:hr>
          </gpxtpx:TrackPointExtension>
        </extensions>
      </trkpt>
      <trkpt lat="40.649267" lon="-0.104400">
        <ele>1037.3</ele>
        <time>2014-09-08T05:57:25Z</time>
        <extensions>
          <gpxtpx:TrackPointExtension>
            <gpxtpx:hr>112</gpxtpx:hr>
          </gpxtpx:TrackPointExtension>
        </extensions>
      </trkpt>
      <trkpt lat="40.649234" lon="-0.104300">
        <ele>1039.3</ele>
        <time>2014-09-08T05:57:29Z</time>
        <extensions>
          <gpxtpx:TrackPointExtension>
            <gpxtpx:hr>115</gpxtpx:hr>
          </gpxtpx:TrackPointExtension>
        </extensions>
      </trkpt>
      <trkpt lat="40.649184" lon="-0.104200">
        <ele>1040.9</ele>
        <time>2014-09-08T05:57:34Z</time>
        <extensions>
          <gpxtpx:TrackPointExtension>
            <gpxtpx:hr>121</gpxtpx:hr>
          </gpxtpx:TrackPointExtension>
        </extensions>
      </trkpt>
      <trkpt lat="40.649134" lon="-0.104116">
        <ele>1041.5</ele>
        <time>2014-09-08T05:57:39Z</time>
        <extensions>
          <gpxtpx:TrackPointExtension>
            <gpxtpx:hr>125</gpxtpx:hr>
          </gpxtpx:TrackPointExtension>
        </extensions>
      </trkpt>
      <trkpt lat="40.649084" lon="-0.104016">
        <ele>1042.5</ele>
        <time>2014-09-08T05:57:44Z</time>
        <extensions>
          <gpxtpx:TrackPointExtension>
            <gpxtpx:hr>128</gpxtpx:hr>
          </gpxtpx:TrackPointExtension>
        </extensions>
      </trkpt>
      <trkpt lat="40.649034" lon="-0.103916">
        <ele>1044.1</ele>
        <time>2014-09-08T05:57:49Z</time>
        <extensions>
          <gpxtpx:TrackPointExtension>
            <gpxtpx:hr>132</gpxtpx:hr>
          </gpxtpx:TrackPointExtension>
        </extensions>
      </trkpt>
      <trkpt lat="40.649000" lon="-0.103833">
        <ele>1045.6</ele>
        <time>2014-09-08T05:57:54Z</time>
        <extensions>
          <gpxtpx:TrackPointExtension>
            <gpxtpx:hr>136</gpxtpx:hr>
          </gpxtpx:TrackPointExtension>
        </extensions>
      </trkpt>
      <trkpt lat="40.648950" lon="-0.103750">
        <ele>1046.6</ele>
        <time>2014-09-08T05:57:59Z</time>
        <extensions>
          <gpxtpx:TrackPointExtension>
            <gpxtpx:hr>139</gpxtpx:hr>
          </gpxtpx:TrackPointExtension>
        </extensions>
      </trkpt>
      <trkpt lat="40.648917" lon="-0.103649">
        <ele>1046.4</ele>
        <time>2014-09-08T05:58:04Z</time>
        <extensions>
          <gpxtpx:TrackPointExtension>
            <gpxtpx:hr>146</gpxtpx:hr>
          </gpxtpx:TrackPointExtension>
        </extensions>
      </trkpt>
      <trkpt lat="40.648867" lon="-0.103566">
        <ele>1046.4</ele>
        <time>2014-09-08T05:58:09Z</time>
        <extensions>
          <gpxtpx:TrackPointExtension>
            <gpxtpx:hr>148</gpxtpx:hr>
          </gpxtpx:TrackPointExtension>
        </extensions>
      </trkpt>
      <trkpt lat="40.648834" lon="-0.103466">
        <ele>1046.8</ele>
        <time>2014-09-08T05:58:15Z</time>
        <extensions>
          <gpxtpx:TrackPointExtension>
            <gpxtpx:hr>150</gpxtpx:hr>
          </gpxtpx:TrackPointExtension>
        </extensions>
      </trkpt>
      <trkpt lat="40.648834" lon="-0.103449">
        <ele>1047.0</ele>
        <time>2014-09-08T05:58:16Z</time>
        <extensions>
          <gpxtpx:TrackPointExtension>
            <gpxtpx:hr>150</gpxtpx:hr>
          </gpxtpx:TrackPointExtension>
        </extensions>
      </trkpt>
      <trkpt lat="40.648784" lon="-0.103250">
        <ele>1047.6</ele>
        <time>2014-09-08T05:58:27Z</time>
        <extensions>
          <gpxtpx:TrackPointExtension>
            <gpxtpx:hr>152</gpxtpx:hr>
          </gpxtpx:TrackPointExtension>
        </extensions>
      </trkpt>
      <trkpt lat="40.648784" lon="-0.103133">
        <ele>1048.6</ele>
        <time>2014-09-08T05:58:33Z</time>
        <extensions>
          <gpxtpx:TrackPointExtension>
            <gpxtpx:hr>153</gpxtpx:hr>
          </gpxtpx:TrackPointExtension>
        </extensions>
      </trkpt>
      <trkpt lat="40.648767" lon="-0.103033">
        <ele>1049.1</ele>
        <time>2014-09-08T05:58:38Z</time>
        <extensions>
          <gpxtpx:TrackPointExtension>
            <gpxtpx:hr>154</gpxtpx:hr>
          </gpxtpx:TrackPointExtension>
        </extensions>
      </trkpt>
      <trkpt lat="40.648767" lon="-0.102916">
        <ele>1050.1</ele>
        <time>2014-09-08T05:58:44Z</time>
        <extensions>
          <gpxtpx:TrackPointExtension>
            <gpxtpx:hr>153</gpxtpx:hr>
          </gpxtpx:TrackPointExtension>
        </extensions>
      </trkpt>
      <trkpt lat="40.648751" lon="-0.102816">
        <ele>1050.6</ele>
        <time>2014-09-08T05:58:49Z</time>
        <extensions>
          <gpxtpx:TrackPointExtension>
            <gpxtpx:hr>152</gpxtpx:hr>
          </gpxtpx:TrackPointExtension>
        </extensions>
      </trkpt>
      <trkpt lat="40.648751" lon="-0.102700">
        <ele>1051.8</ele>
        <time>2014-09-08T05:58:55Z</time>
        <extensions>
          <gpxtpx:TrackPointExtension>
            <gpxtpx:hr>152</gpxtpx:hr>
          </gpxtpx:TrackPointExtension>
        </extensions>
      </trkpt>
      <trkpt lat="40.648767" lon="-0.102583">
        <ele>1053.4</ele>
        <time>2014-09-08T05:59:01Z</time>
        <extensions>
          <gpxtpx:TrackPointExtension>
            <gpxtpx:hr>150</gpxtpx:hr>
          </gpxtpx:TrackPointExtension>
        </extensions>
      </trkpt>
      <trkpt lat="40.648784" lon="-0.102483">
        <ele>1054.8</ele>
        <time>2014-09-08T05:59:07Z</time>
        <extensions>
          <gpxtpx:TrackPointExtension>
            <gpxtpx:hr>150</gpxtpx:hr>
          </gpxtpx:TrackPointExtension>
        </extensions>
      </trkpt>
      <trkpt lat="40.648800" lon="-0.102366">
        <ele>1056.1</ele>
        <time>2014-09-08T05:59:14Z</time>
        <extensions>
          <gpxtpx:TrackPointExtension>
            <gpxtpx:hr>151</gpxtpx:hr>
          </gpxtpx:TrackPointExtension>
        </extensions>
      </trkpt>
      <trkpt lat="40.648800" lon="-0.102250">
        <ele>1057.0</ele>
        <time>2014-09-08T05:59:23Z</time>
        <extensions>
          <gpxtpx:TrackPointExtension>
            <gpxtpx:hr>149</gpxtpx:hr>
          </gpxtpx:TrackPointExtension>
        </extensions>
      </trkpt>
      <trkpt lat="40.648784" lon="-0.102233">
        <ele>1056.8</ele>
        <time>2014-09-08T05:59:24Z</time>
        <extensions>
          <gpxtpx:TrackPointExtension>
            <gpxtpx:hr>149</gpxtpx:hr>
          </gpxtpx:TrackPointExtension>
        </extensions>
      </trkpt>
      <trkpt lat="40.648800" lon="-0.102050">
        <ele>1057.6</ele>
        <time>2014-09-08T05:59:36Z</time>
        <extensions>
          <gpxtpx:TrackPointExtension>
            <gpxtpx:hr>144</gpxtpx:hr>
          </gpxtpx:TrackPointExtension>
        </extensions>
      </trkpt>
      <trkpt lat="40.648800" lon="-0.102050">
        <ele>1057.6</ele>
        <time>2014-09-08T05:59:36Z</time>
        <extensions>
          <gpxtpx:TrackPointExtension>
            <gpxtpx:hr>144</gpxtpx:hr>
          </gpxtpx:TrackPointExtension>
        </extensions>
      </trkpt>
      <trkpt lat="40.648817" lon="-0.101950">
        <ele>1058.1</ele>
        <time>2014-09-08T05:59:41Z</time>
        <extensions>
          <gpxtpx:TrackPointExtension>
            <gpxtpx:hr>142</gpxtpx:hr>
          </gpxtpx:TrackPointExtension>
        </extensions>
      </trkpt>
      <trkpt lat="40.648834" lon="-0.101833">
        <ele>1058.6</ele>
        <time>2014-09-08T05:59:46Z</time>
        <extensions>
          <gpxtpx:TrackPointExtension>
            <gpxtpx:hr>141</gpxtpx:hr>
          </gpxtpx:TrackPointExtension>
        </extensions>
      </trkpt>
      <trkpt lat="40.648867" lon="-0.101732">
        <ele>1059.4</ele>
        <time>2014-09-08T05:59:52Z</time>
        <extensions>
          <gpxtpx:TrackPointExtension>
            <gpxtpx:hr>140</gpxtpx:hr>
          </gpxtpx:TrackPointExtension>
        </extensions>
      </trkpt>
      <trkpt lat="40.648884" lon="-0.101633">
        <ele>1059.7</ele>
        <time>2014-09-08T05:59:57Z</time>
        <extensions>
          <gpxtpx:TrackPointExtension>
            <gpxtpx:hr>139</gpxtpx:hr>
          </gpxtpx:TrackPointExtension>
        </extensions>
      </trkpt>
      <trkpt lat="40.648900" lon="-0.101516">
        <ele>1059.9</ele>
        <time>2014-09-08T06:00:03Z</time>
        <extensions>
          <gpxtpx:TrackPointExtension>
            <gpxtpx:hr>137</gpxtpx:hr>
          </gpxtpx:TrackPointExtension>
        </extensions>
      </trkpt>
      <trkpt lat="40.648934" lon="-0.101416">
        <ele>1060.5</ele>
        <time>2014-09-08T06:00:09Z</time>
        <extensions>
          <gpxtpx:TrackPointExtension>
            <gpxtpx:hr>137</gpxtpx:hr>
          </gpxtpx:TrackPointExtension>
        </extensions>
      </trkpt>
      <trkpt lat="40.648950" lon="-0.101299">
        <ele>1060.9</ele>
        <time>2014-09-08T06:00:15Z</time>
        <extensions>
          <gpxtpx:TrackPointExtension>
            <gpxtpx:hr>140</gpxtpx:hr>
          </gpxtpx:TrackPointExtension>
        </extensions>
      </trkpt>
      <trkpt lat="40.648917" lon="-0.101199">
        <ele>1061.4</ele>
        <time>2014-09-08T06:00:21Z</time>
        <extensions>
          <gpxtpx:TrackPointExtension>
            <gpxtpx:hr>143</gpxtpx:hr>
          </gpxtpx:TrackPointExtension>
        </extensions>
      </trkpt>
      <trkpt lat="40.648867" lon="-0.101116">
        <ele>1061.8</ele>
        <time>2014-09-08T06:00:27Z</time>
        <extensions>
          <gpxtpx:TrackPointExtension>
            <gpxtpx:hr>140</gpxtpx:hr>
          </gpxtpx:TrackPointExtension>
        </extensions>
      </trkpt>
      <trkpt lat="40.648867" lon="-0.101099">
        <ele>1061.9</ele>
        <time>2014-09-08T06:00:28Z</time>
        <extensions>
          <gpxtpx:TrackPointExtension>
            <gpxtpx:hr>140</gpxtpx:hr>
          </gpxtpx:TrackPointExtension>
        </extensions>
      </trkpt>
      <trkpt lat="40.648784" lon="-0.100933">
        <ele>1062.6</ele>
        <time>2014-09-08T06:00:38Z</time>
        <extensions>
          <gpxtpx:TrackPointExtension>
            <gpxtpx:hr>140</gpxtpx:hr>
          </gpxtpx:TrackPointExtension>
        </extensions>
      </trkpt>
      <trkpt lat="40.648751" lon="-0.100850">
        <ele>1062.9</ele>
        <time>2014-09-08T06:00:43Z</time>
        <extensions>
          <gpxtpx:TrackPointExtension>
            <gpxtpx:hr>141</gpxtpx:hr>
          </gpxtpx:TrackPointExtension>
        </extensions>
      </trkpt>
      <trkpt lat="40.648700" lon="-0.100749">
        <ele>1063.1</ele>
        <time>2014-09-08T06:00:48Z</time>
      </trkpt>
      <trkpt lat="40.648650" lon="-0.100666">
        <ele>1063.5</ele>
        <time>2014-09-08T06:00:53Z</time>
        <extensions>
          <gpxtpx:TrackPointExtension>
            <gpxtpx:hr>140</gpxtpx:hr>
          </gpxtpx:TrackPointExtension>
        </extensions>
      </trkpt>
      <trkpt lat="40.648584" lon="-0.100600">
        <ele>1064.1</ele>
        <time>2014-09-08T06:00:59Z</time>
        <extensions>
          <gpxtpx:TrackPointExtension>
            <gpxtpx:hr>139</gpxtpx:hr>
          </gpxtpx:TrackPointExtension>
        </extensions>
      </trkpt>
      <trkpt lat="40.648534" lon="-0.100533">
        <ele>1064.9</ele>
        <time>2014-09-08T06:01:05Z</time>
        <extensions>
          <gpxtpx:TrackPointExtension>
            <gpxtpx:hr>139</gpxtpx:hr>
          </gpxtpx:TrackPointExtension>
        </extensions>
      </trkpt>
      <trkpt lat="40.648484" lon="-0.100433">
        <ele>1065.9</ele>
        <time>2014-09-08T06:01:11Z</time>
        <extensions>
          <gpxtpx:TrackPointExtension>
            <gpxtpx:hr>141</gpxtpx:hr>
          </gpxtpx:TrackPointExtension>
        </extensions>
      </trkpt>
      <trkpt lat="40.648434" lon="-0.100366">
        <ele>1066.0</ele>
        <time>2014-09-08T06:01:17Z</time>
      </trkpt>
      <trkpt lat="40.648384" lon="-0.100283">
        <ele>1066.4</ele>
        <time>2014-09-08T06:01:24Z</time>
        <extensions>
          <gpxtpx:TrackPointExtension>
            <gpxtpx:hr>146</gpxtpx:hr>
          </gpxtpx:TrackPointExtension>
        </extensions>
      </trkpt>
      <trkpt lat="40.648317" lon="-0.100199">
        <ele>1067.1</ele>
        <time>2014-09-08T06:01:32Z</time>
        <extensions>
          <gpxtpx:TrackPointExtension>
            <gpxtpx:hr>144</gpxtpx:hr>
          </gpxtpx:TrackPointExtension>
        </extensions>
      </trkpt>
      <trkpt lat="40.648317" lon="-0.100199">
        <ele>1067.1</ele>
        <time>2014-09-08T06:01:33Z</time>
        <extensions>
          <gpxtpx:TrackPointExtension>
            <gpxtpx:hr>144</gpxtpx:hr>
          </gpxtpx:TrackPointExtension>
        </extensions>
      </trkpt>
      <trkpt lat="40.648167" lon="-0.100050">
        <ele>1070.9</ele>
        <time>2014-09-08T01:18:42Z</time>
      </trkpt>
      <trkpt lat="40.648067" lon="-0.099849">
        <ele>1074.6</ele>
        <time>2014-09-08T03:48:25Z</time>
      </trkpt>
      <trkpt lat="40.648034" lon="-0.099749">
        <ele>1076.3</ele>
        <time>2014-09-08T04:48:45Z</time>
      </trkpt>
      <trkpt lat="40.648034" lon="-0.099749">
        <ele>1076.3</ele>
        <time>2014-09-08T04:48:45Z</time>
      </trkpt>
      <trkpt lat="40.647984" lon="-0.099700">
        <ele>1077.0</ele>
        <time>2014-09-08T06:02:36Z</time>
        <extensions>
          <gpxtpx:TrackPointExtension>
            <gpxtpx:hr>157</gpxtpx:hr>
          </gpxtpx:TrackPointExtension>
        </extensions>
      </trkpt>
      <trkpt lat="40.647967" lon="-0.099666">
        <ele>1077.3</ele>
        <time>2014-09-08T06:02:37Z</time>
        <extensions>
          <gpxtpx:TrackPointExtension>
            <gpxtpx:hr>157</gpxtpx:hr>
          </gpxtpx:TrackPointExtension>
        </extensions>
      </trkpt>
      <trkpt lat="40.647817" lon="-0.099549">
        <ele>1078.8</ele>
        <time>2014-09-08T06:03:04Z</time>
        <extensions>
          <gpxtpx:TrackPointExtension>
            <gpxtpx:hr>149</gpxtpx:hr>
          </gpxtpx:TrackPointExtension>
        </extensions>
      </trkpt>
      <trkpt lat="40.647767" lon="-0.099449">
        <ele>1079.9</ele>
        <time>2014-09-08T06:03:22Z</time>
        <extensions>
          <gpxtpx:TrackPointExtension>
            <gpxtpx:hr>139</gpxtpx:hr>
          </gpxtpx:TrackPointExtension>
        </extensions>
      </trkpt>
      <trkpt lat="40.647700" lon="-0.099382">
        <ele>1080.9</ele>
        <time>2014-09-08T06:03:50Z</time>
        <extensions>
          <gpxtpx:TrackPointExtension>
            <gpxtpx:hr>140</gpxtpx:hr>
          </gpxtpx:TrackPointExtension>
        </extensions>
      </trkpt>
      <trkpt lat="40.647684" lon="-0.099366">
        <ele>1081.2</ele>
        <time>2014-09-08T06:03:51Z</time>
        <extensions>
          <gpxtpx:TrackPointExtension>
            <gpxtpx:hr>140</gpxtpx:hr>
          </gpxtpx:TrackPointExtension>
        </extensions>
      </trkpt>
      <trkpt lat="40.647584" lon="-0.099216">
        <ele>1081.9</ele>
        <time>2014-09-08T06:04:04Z</time>
        <extensions>
          <gpxtpx:TrackPointExtension>
            <gpxtpx:hr>130</gpxtpx:hr>
          </gpxtpx:TrackPointExtension>
        </extensions>
      </trkpt>
      <trkpt lat="40.647534" lon="-0.099133">
        <ele>1082.3</ele>
        <time>2014-09-08T06:04:10Z</time>
        <extensions>
          <gpxtpx:TrackPointExtension>
            <gpxtpx:hr>130</gpxtpx:hr>
          </gpxtpx:TrackPointExtension>
        </extensions>
      </trkpt>
      <trkpt lat="40.647484" lon="-0.099033">
        <ele>1082.8</ele>
        <time>2014-09-08T06:04:15Z</time>
        <extensions>
          <gpxtpx:TrackPointExtension>
            <gpxtpx:hr>129</gpxtpx:hr>
          </gpxtpx:TrackPointExtension>
        </extensions>
      </trkpt>
      <trkpt lat="40.647434" lon="-0.098950">
        <ele>1083.1</ele>
        <time>2014-09-08T06:04:20Z</time>
        <extensions>
          <gpxtpx:TrackPointExtension>
            <gpxtpx:hr>131</gpxtpx:hr>
          </gpxtpx:TrackPointExtension>
        </extensions>
      </trkpt>
      <trkpt lat="40.647401" lon="-0.098866">
        <ele>1083.2</ele>
        <time>2014-09-08T06:04:25Z</time>
        <extensions>
          <gpxtpx:TrackPointExtension>
            <gpxtpx:hr>133</gpxtpx:hr>
          </gpxtpx:TrackPointExtension>
        </extensions>
      </trkpt>
      <trkpt lat="40.647367" lon="-0.098766">
        <ele>1083.5</ele>
        <time>2014-09-08T06:04:30Z</time>
        <extensions>
          <gpxtpx:TrackPointExtension>
            <gpxtpx:hr>137</gpxtpx:hr>
          </gpxtpx:TrackPointExtension>
        </extensions>
      </trkpt>
      <trkpt lat="40.647367" lon="-0.098649">
        <ele>1082.9</ele>
        <time>2014-09-08T06:04:35Z</time>
        <extensions>
          <gpxtpx:TrackPointExtension>
            <gpxtpx:hr>137</gpxtpx:hr>
          </gpxtpx:TrackPointExtension>
        </extensions>
      </trkpt>
      <trkpt lat="40.647350" lon="-0.098549">
        <ele>1083.1</ele>
        <time>2014-09-08T06:04:39Z</time>
        <extensions>
          <gpxtpx:TrackPointExtension>
            <gpxtpx:hr>134</gpxtpx:hr>
          </gpxtpx:TrackPointExtension>
        </extensions>
      </trkpt>
      <trkpt lat="40.647367" lon="-0.098450">
        <ele>1082.4</ele>
        <time>2014-09-08T06:04:42Z</time>
        <extensions>
          <gpxtpx:TrackPointExtension>
            <gpxtpx:hr>133</gpxtpx:hr>
          </gpxtpx:TrackPointExtension>
        </extensions>
      </trkpt>
      <trkpt lat="40.647350" lon="-0.098350">
        <ele>1082.3</ele>
        <time>2014-09-08T06:04:45Z</time>
        <extensions>
          <gpxtpx:TrackPointExtension>
            <gpxtpx:hr>133</gpxtpx:hr>
          </gpxtpx:TrackPointExtension>
        </extensions>
      </trkpt>
    </trkseg>
    <trkseg>
      <trkpt lat="40.647350" lon="-0.098350">
        <ele>1082.3</ele>
        <time>2014-09-08T06:04:45Z</time>
        <extensions>
          <gpxtpx:TrackPointExtension>
            <gpxtpx:hr>133</gpxtpx:hr>
          </gpxtpx:TrackPointExtension>
        </extensions>
      </trkpt>
      <trkpt lat="40.647350" lon="-0.098266">
        <ele>1082.0</ele>
        <time>2014-09-08T06:04:48Z</time>
        <extensions>
          <gpxtpx:TrackPointExtension>
            <gpxtpx:hr>134</gpxtpx:hr>
          </gpxtpx:TrackPointExtension>
        </extensions>
      </trkpt>
      <trkpt lat="40.647334" lon="-0.098150">
        <ele>1081.5</ele>
        <time>2014-09-08T06:04:51Z</time>
        <extensions>
          <gpxtpx:TrackPointExtension>
            <gpxtpx:hr>132</gpxtpx:hr>
          </gpxtpx:TrackPointExtension>
        </extensions>
      </trkpt>
      <trkpt lat="40.647317" lon="-0.098099">
        <ele>1081.3</ele>
        <time>2014-09-08T06:04:52Z</time>
        <extensions>
          <gpxtpx:TrackPointExtension>
            <gpxtpx:hr>131</gpxtpx:hr>
          </gpxtpx:TrackPointExtension>
        </extensions>
      </trkpt>
      <trkpt lat="40.647284" lon="-0.097983">
        <ele>1081.2</ele>
        <time>2014-09-08T06:04:55Z</time>
        <extensions>
          <gpxtpx:TrackPointExtension>
            <gpxtpx:hr>129</gpxtpx:hr>
          </gpxtpx:TrackPointExtension>
        </extensions>
      </trkpt>
      <trkpt lat="40.647267" lon="-0.097883">
        <ele>1081.4</ele>
        <time>2014-09-08T06:04:57Z</time>
        <extensions>
          <gpxtpx:TrackPointExtension>
            <gpxtpx:hr>129</gpxtpx:hr>
          </gpxtpx:TrackPointExtension>
        </extensions>
      </trkpt>
      <trkpt lat="40.647267" lon="-0.097766">
        <ele>1081.3</ele>
        <time>2014-09-08T06:04:59Z</time>
        <extensions>
          <gpxtpx:TrackPointExtension>
            <gpxtpx:hr>129</gpxtpx:hr>
          </gpxtpx:TrackPointExtension>
        </extensions>
      </trkpt>
      <trkpt lat="40.647267" lon="-0.097700">
        <ele>1081.2</ele>
        <time>2014-09-08T06:05:00Z</time>
        <extensions>
          <gpxtpx:TrackPointExtension>
            <gpxtpx:hr>127</gpxtpx:hr>
          </gpxtpx:TrackPointExtension>
        </extensions>
      </trkpt>
      <trkpt lat="40.647284" lon="-0.097649">
        <ele>1080.9</ele>
        <time>2014-09-08T06:05:01Z</time>
        <extensions>
          <gpxtpx:TrackPointExtension>
            <gpxtpx:hr>127</gpxtpx:hr>
          </gpxtpx:TrackPointExtension>
        </extensions>
      </trkpt>
      <trkpt lat="40.647284" lon="-0.097582">
        <ele>1081.1</ele>
        <time>2014-09-08T06:05:02Z</time>
        <extensions>
          <gpxtpx:TrackPointExtension>
            <gpxtpx:hr>127</gpxtpx:hr>
          </gpxtpx:TrackPointExtension>
        </extensions>
      </trkpt>
      <trkpt lat="40.647300" lon="-0.097533">
        <ele>1081.1</ele>
        <time>2014-09-08T06:05:03Z</time>
        <extensions>
          <gpxtpx:TrackPointExtension>
            <gpxtpx:hr>126</gpxtpx:hr>
          </gpxtpx:TrackPointExtension>
        </extensions>
      </trkpt>
      <trkpt lat="40.647334" lon="-0.097482">
        <ele>1080.9</ele>
        <time>2014-09-08T06:05:04Z</time>
        <extensions>
          <gpxtpx:TrackPointExtension>
            <gpxtpx:hr>125</gpxtpx:hr>
          </gpxtpx:TrackPointExtension>
        </extensions>
      </trkpt>
      <trkpt lat="40.647350" lon="-0.097416">
        <ele>1081.0</ele>
        <time>2014-09-08T06:05:05Z</time>
        <extensions>
          <gpxtpx:TrackPointExtension>
            <gpxtpx:hr>125</gpxtpx:hr>
          </gpxtpx:TrackPointExtension>
        </extensions>
      </trkpt>
      <trkpt lat="40.647367" lon="-0.097366">
        <ele>1081.0</ele>
        <time>2014-09-08T06:05:06Z</time>
        <extensions>
          <gpxtpx:TrackPointExtension>
            <gpxtpx:hr>125</gpxtpx:hr>
          </gpxtpx:TrackPointExtension>
        </extensions>
      </trkpt>
      <trkpt lat="40.647401" lon="-0.097266">
        <ele>1080.9</ele>
        <time>2014-09-08T06:05:08Z</time>
        <extensions>
          <gpxtpx:TrackPointExtension>
            <gpxtpx:hr>124</gpxtpx:hr>
          </gpxtpx:TrackPointExtension>
        </extensions>
      </trkpt>
      <trkpt lat="40.647417" lon="-0.097183">
        <ele>1080.5</ele>
        <time>2014-09-08T06:05:10Z</time>
        <extensions>
          <gpxtpx:TrackPointExtension>
            <gpxtpx:hr>123</gpxtpx:hr>
          </gpxtpx:TrackPointExtension>
        </extensions>
      </trkpt>
      <trkpt lat="40.647401" lon="-0.097066">
        <ele>1079.9</ele>
        <time>2014-09-08T06:05:13Z</time>
      </trkpt>
      <trkpt lat="40.647367" lon="-0.096949">
        <ele>1079.7</ele>
        <time>2014-09-08T06:05:16Z</time>
        <extensions>
          <gpxtpx:TrackPointExtension>
            <gpxtpx:hr>129</gpxtpx:hr>
          </gpxtpx:TrackPointExtension>
        </extensions>
      </trkpt>
      <trkpt lat="40.647350" lon="-0.096849">
        <ele>1080.0</ele>
        <time>2014-09-08T06:05:19Z</time>
        <extensions>
          <gpxtpx:TrackPointExtension>
            <gpxtpx:hr>127</gpxtpx:hr>
          </gpxtpx:TrackPointExtension>
        </extensions>
      </trkpt>
      <trkpt lat="40.647334" lon="-0.096749">
        <ele>1080.3</ele>
        <time>2014-09-08T06:05:22Z</time>
        <extensions>
          <gpxtpx:TrackPointExtension>
            <gpxtpx:hr>127</gpxtpx:hr>
          </gpxtpx:TrackPointExtension>
        </extensions>
      </trkpt>
      <trkpt lat="40.647334" lon="-0.096633">
        <ele>1080.6</ele>
        <time>2014-09-08T06:05:25Z</time>
        <extensions>
          <gpxtpx:TrackPointExtension>
            <gpxtpx:hr>127</gpxtpx:hr>
          </gpxtpx:TrackPointExtension>
        </extensions>
      </trkpt>
      <trkpt lat="40.647334" lon="-0.096516">
        <ele>1081.1</ele>
        <time>2014-09-08T06:05:28Z</time>
        <extensions>
          <gpxtpx:TrackPointExtension>
            <gpxtpx:hr>124</gpxtpx:hr>
          </gpxtpx:TrackPointExtension>
        </extensions>
      </trkpt>
      <trkpt lat="40.647334" lon="-0.096416">
        <ele>1081.5</ele>
        <time>2014-09-08T06:05:31Z</time>
        <extensions>
          <gpxtpx:TrackPointExtension>
            <gpxtpx:hr>123</gpxtpx:hr>
          </gpxtpx:TrackPointExtension>
        </extensions>
      </trkpt>
      <trkpt lat="40.647334" lon="-0.096300">
        <ele>1081.7</ele>
        <time>2014-09-08T06:05:34Z</time>
        <extensions>
          <gpxtpx:TrackPointExtension>
            <gpxtpx:hr>123</gpxtpx:hr>
          </gpxtpx:TrackPointExtension>
        </extensions>
      </trkpt>
      <trkpt lat="40.647300" lon="-0.096199">
        <ele>1082.1</ele>
        <time>2014-09-08T06:05:37Z</time>
        <extensions>
          <gpxtpx:TrackPointExtension>
            <gpxtpx:hr>125</gpxtpx:hr>
          </gpxtpx:TrackPointExtension>
        </extensions>
      </trkpt>
      <trkpt lat="40.647267" lon="-0.096099">
        <ele>1082.2</ele>
        <time>2014-09-08T06:05:40Z</time>
        <extensions>
          <gpxtpx:TrackPointExtension>
            <gpxtpx:hr>126</gpxtpx:hr>
          </gpxtpx:TrackPointExtension>
        </extensions>
      </trkpt>
      <trkpt lat="40.647234" lon="-0.096049">
        <ele>1082.2</ele>
        <time>2014-09-08T06:05:42Z</time>
        <extensions>
          <gpxtpx:TrackPointExtension>
            <gpxtpx:hr>129</gpxtpx:hr>
          </gpxtpx:TrackPointExtension>
        </extensions>
      </trkpt>
      <trkpt lat="40.647184" lon="-0.095983">
        <ele>1082.1</ele>
        <time>2014-09-08T06:05:44Z</time>
        <extensions>
          <gpxtpx:TrackPointExtension>
            <gpxtpx:hr>130</gpxtpx:hr>
          </gpxtpx:TrackPointExtension>
        </extensions>
      </trkpt>
      <trkpt lat="40.647150" lon="-0.095916">
        <ele>1081.8</ele>
        <time>2014-09-08T06:05:46Z</time>
        <extensions>
          <gpxtpx:TrackPointExtension>
            <gpxtpx:hr>129</gpxtpx:hr>
          </gpxtpx:TrackPointExtension>
        </extensions>
      </trkpt>
      <trkpt lat="40.647100" lon="-0.095849">
        <ele>1081.4</ele>
        <time>2014-09-08T06:05:48Z</time>
      </trkpt>
      <trkpt lat="40.647050" lon="-0.095766">
        <ele>1081.0</ele>
        <time>2014-09-08T06:05:50Z</time>
        <extensions>
          <gpxtpx:TrackPointExtension>
            <gpxtpx:hr>126</gpxtpx:hr>
          </gpxtpx:TrackPointExtension>
        </extensions>
      </trkpt>
      <trkpt lat="40.647034" lon="-0.095716">
        <ele>1080.5</ele>
        <time>2014-09-08T06:05:51Z</time>
        <extensions>
          <gpxtpx:TrackPointExtension>
            <gpxtpx:hr>126</gpxtpx:hr>
          </gpxtpx:TrackPointExtension>
        </extensions>
      </trkpt>
      <trkpt lat="40.647000" lon="-0.095666">
        <ele>1080.4</ele>
        <time>2014-09-08T06:05:52Z</time>
        <extensions>
          <gpxtpx:TrackPointExtension>
            <gpxtpx:hr>125</gpxtpx:hr>
          </gpxtpx:TrackPointExtension>
        </extensions>
      </trkpt>
      <trkpt lat="40.646984" lon="-0.095599">
        <ele>1079.9</ele>
        <time>2014-09-08T06:05:53Z</time>
        <extensions>
          <gpxtpx:TrackPointExtension>
            <gpxtpx:hr>125</gpxtpx:hr>
          </gpxtpx:TrackPointExtension>
        </extensions>
      </trkpt>
      <trkpt lat="40.646951" lon="-0.095533">
        <ele>1080.0</ele>
        <time>2014-09-08T06:05:54Z</time>
        <extensions>
          <gpxtpx:TrackPointExtension>
            <gpxtpx:hr>125</gpxtpx:hr>
          </gpxtpx:TrackPointExtension>
        </extensions>
      </trkpt>
      <trkpt lat="40.646934" lon="-0.095466">
        <ele>1079.9</ele>
        <time>2014-09-08T06:05:55Z</time>
        <extensions>
          <gpxtpx:TrackPointExtension>
            <gpxtpx:hr>126</gpxtpx:hr>
          </gpxtpx:TrackPointExtension>
        </extensions>
      </trkpt>
      <trkpt lat="40.646934" lon="-0.095399">
        <ele>1079.6</ele>
        <time>2014-09-08T06:05:56Z</time>
        <extensions>
          <gpxtpx:TrackPointExtension>
            <gpxtpx:hr>126</gpxtpx:hr>
          </gpxtpx:TrackPointExtension>
        </extensions>
      </trkpt>
      <trkpt lat="40.646917" lon="-0.095316">
        <ele>1079.7</ele>
        <time>2014-09-08T06:05:57Z</time>
        <extensions>
          <gpxtpx:TrackPointExtension>
            <gpxtpx:hr>126</gpxtpx:hr>
          </gpxtpx:TrackPointExtension>
        </extensions>
      </trkpt>
      <trkpt lat="40.646934" lon="-0.095250">
        <ele>1079.6</ele>
        <time>2014-09-08T06:05:58Z</time>
        <extensions>
          <gpxtpx:TrackPointExtension>
            <gpxtpx:hr>126</gpxtpx:hr>
          </gpxtpx:TrackPointExtension>
        </extensions>
      </trkpt>
      <trkpt lat="40.646951" lon="-0.095183">
        <ele>1079.4</ele>
        <time>2014-09-08T06:05:59Z</time>
        <extensions>
          <gpxtpx:TrackPointExtension>
            <gpxtpx:hr>127</gpxtpx:hr>
          </gpxtpx:TrackPointExtension>
        </extensions>
      </trkpt>
      <trkpt lat="40.646967" lon="-0.095133">
        <ele>1079.4</ele>
        <time>2014-09-08T06:06:00Z</time>
        <extensions>
          <gpxtpx:TrackPointExtension>
            <gpxtpx:hr>127</gpxtpx:hr>
          </gpxtpx:TrackPointExtension>
        </extensions>
      </trkpt>
      <trkpt lat="40.647017" lon="-0.095033">
        <ele>1079.6</ele>
        <time>2014-09-08T06:06:02Z</time>
        <extensions>
          <gpxtpx:TrackPointExtension>
            <gpxtpx:hr>127</gpxtpx:hr>
          </gpxtpx:TrackPointExtension>
        </extensions>
      </trkpt>
      <trkpt lat="40.647034" lon="-0.094966">
        <ele>1080.1</ele>
        <time>2014-09-08T06:06:04Z</time>
        <extensions>
          <gpxtpx:TrackPointExtension>
            <gpxtpx:hr>126</gpxtpx:hr>
          </gpxtpx:TrackPointExtension>
        </extensions>
      </trkpt>
      <trkpt lat="40.647050" lon="-0.094849">
        <ele>1080.7</ele>
        <time>2014-09-08T06:06:07Z</time>
        <extensions>
          <gpxtpx:TrackPointExtension>
            <gpxtpx:hr>127</gpxtpx:hr>
          </gpxtpx:TrackPointExtension>
        </extensions>
      </trkpt>
      <trkpt lat="40.647034" lon="-0.094733">
        <ele>1080.8</ele>
        <time>2014-09-08T06:06:10Z</time>
        <extensions>
          <gpxtpx:TrackPointExtension>
            <gpxtpx:hr>126</gpxtpx:hr>
          </gpxtpx:TrackPointExtension>
        </extensions>
      </trkpt>
      <trkpt lat="40.646984" lon="-0.094650">
        <ele>1081.1</ele>
        <time>2014-09-08T06:06:13Z</time>
        <extensions>
          <gpxtpx:TrackPointExtension>
            <gpxtpx:hr>120</gpxtpx:hr>
          </gpxtpx:TrackPointExtension>
        </extensions>
      </trkpt>
      <trkpt lat="40.646934" lon="-0.094566">
        <ele>1081.4</ele>
        <time>2014-09-08T06:06:16Z</time>
        <extensions>
          <gpxtpx:TrackPointExtension>
            <gpxtpx:hr>120</gpxtpx:hr>
          </gpxtpx:TrackPointExtension>
        </extensions>
      </trkpt>
      <trkpt lat="40.646900" lon="-0.094500">
        <ele>1081.7</ele>
        <time>2014-09-08T06:06:18Z</time>
        <extensions>
          <gpxtpx:TrackPointExtension>
            <gpxtpx:hr>123</gpxtpx:hr>
          </gpxtpx:TrackPointExtension>
        </extensions>
      </trkpt>
      <trkpt lat="40.646851" lon="-0.094416">
        <ele>1082.2</ele>
        <time>2014-09-08T06:06:21Z</time>
        <extensions>
          <gpxtpx:TrackPointExtension>
            <gpxtpx:hr>124</gpxtpx:hr>
          </gpxtpx:TrackPointExtension>
        </extensions>
      </trkpt>
      <trkpt lat="40.646800" lon="-0.094333">
        <ele>1083.1</ele>
        <time>2014-09-08T06:06:24Z</time>
        <extensions>
          <gpxtpx:TrackPointExtension>
            <gpxtpx:hr>126</gpxtpx:hr>
          </gpxtpx:TrackPointExtension>
        </extensions>
      </trkpt>
      <trkpt lat="40.646784" lon="-0.094233">
        <ele>1083.4</ele>
        <time>2014-09-08T06:06:27Z</time>
        <extensions>
          <gpxtpx:TrackPointExtension>
            <gpxtpx:hr>127</gpxtpx:hr>
          </gpxtpx:TrackPointExtension>
        </extensions>
      </trkpt>
      <trkpt lat="40.646767" lon="-0.094150">
        <ele>1083.9</ele>
        <time>2014-09-08T06:06:30Z</time>
        <extensions>
          <gpxtpx:TrackPointExtension>
            <gpxtpx:hr>129</gpxtpx:hr>
          </gpxtpx:TrackPointExtension>
        </extensions>
      </trkpt>
      <trkpt lat="40.646767" lon="-0.094050">
        <ele>1084.5</ele>
        <time>2014-09-08T06:06:33Z</time>
        <extensions>
          <gpxtpx:TrackPointExtension>
            <gpxtpx:hr>130</gpxtpx:hr>
          </gpxtpx:TrackPointExtension>
        </extensions>
      </trkpt>
      <trkpt lat="40.646784" lon="-0.093950">
        <ele>1084.7</ele>
        <time>2014-09-08T06:06:36Z</time>
        <extensions>
          <gpxtpx:TrackPointExtension>
            <gpxtpx:hr>133</gpxtpx:hr>
          </gpxtpx:TrackPointExtension>
        </extensions>
      </trkpt>
      <trkpt lat="40.646817" lon="-0.093849">
        <ele>1085.2</ele>
        <time>2014-09-08T06:06:39Z</time>
        <extensions>
          <gpxtpx:TrackPointExtension>
            <gpxtpx:hr>135</gpxtpx:hr>
          </gpxtpx:TrackPointExtension>
        </extensions>
      </trkpt>
      <trkpt lat="40.646867" lon="-0.093766">
        <ele>1085.3</ele>
        <time>2014-09-08T06:06:42Z</time>
        <extensions>
          <gpxtpx:TrackPointExtension>
            <gpxtpx:hr>135</gpxtpx:hr>
          </gpxtpx:TrackPointExtension>
        </extensions>
      </trkpt>
      <trkpt lat="40.646917" lon="-0.093683">
        <ele>1085.5</ele>
        <time>2014-09-08T06:06:45Z</time>
        <extensions>
          <gpxtpx:TrackPointExtension>
            <gpxtpx:hr>135</gpxtpx:hr>
          </gpxtpx:TrackPointExtension>
        </extensions>
      </trkpt>
      <trkpt lat="40.646967" lon="-0.093599">
        <ele>1085.6</ele>
        <time>2014-09-08T06:06:48Z</time>
        <extensions>
          <gpxtpx:TrackPointExtension>
            <gpxtpx:hr>136</gpxtpx:hr>
          </gpxtpx:TrackPointExtension>
        </extensions>
      </trkpt>
      <trkpt lat="40.647034" lon="-0.093516">
        <ele>1085.5</ele>
        <time>2014-09-08T06:06:51Z</time>
        <extensions>
          <gpxtpx:TrackPointExtension>
            <gpxtpx:hr>136</gpxtpx:hr>
          </gpxtpx:TrackPointExtension>
        </extensions>
      </trkpt>
      <trkpt lat="40.647084" lon="-0.093450">
        <ele>1085.7</ele>
        <time>2014-09-08T06:06:54Z</time>
        <extensions>
          <gpxtpx:TrackPointExtension>
            <gpxtpx:hr>136</gpxtpx:hr>
          </gpxtpx:TrackPointExtension>
        </extensions>
      </trkpt>
      <trkpt lat="40.647100" lon="-0.093416">
        <ele>1085.9</ele>
        <time>2014-09-08T06:06:55Z</time>
        <extensions>
          <gpxtpx:TrackPointExtension>
            <gpxtpx:hr>136</gpxtpx:hr>
          </gpxtpx:TrackPointExtension>
        </extensions>
      </trkpt>
      <trkpt lat="40.647200" lon="-0.093299">
        <ele>1086.1</ele>
        <time>2014-09-08T06:07:01Z</time>
        <extensions>
          <gpxtpx:TrackPointExtension>
            <gpxtpx:hr>134</gpxtpx:hr>
          </gpxtpx:TrackPointExtension>
        </extensions>
      </trkpt>
      <trkpt lat="40.647208" lon="-0.093303">
        <ele>1086.0</ele>
        <time>2014-08-09T13:28:29Z</time>
      </trkpt>
      <trkpt lat="40.647261" lon="-0.093281">
        <ele>1085.5</ele>
        <time>2014-01-28T00:10:41Z</time>
      </trkpt>
      <trkpt lat="40.647303" lon="-0.093256">
        <ele>1085.2</ele>
        <time>2013-08-18T13:27:40Z</time>
      </trkpt>
      <trkpt lat="40.647367" lon="-0.093232">
        <ele>1084.7</ele>
        <time>2012-12-22T08:34:29Z</time>
      </trkpt>
      <trkpt lat="40.647550" lon="-0.093199">
        <ele>1084.9</ele>
        <time>2012-12-22T08:34:29Z</time>
      </trkpt>
      <trkpt lat="40.647617" lon="-0.093166">
        <ele>1085.1</ele>
        <time>2012-12-22T08:34:29Z</time>
      </trkpt>
      <trkpt lat="40.647700" lon="-0.093033">
        <ele>1085.4</ele>
        <time>2012-12-22T08:34:29Z</time>
      </trkpt>
      <trkpt lat="40.647734" lon="-0.092883">
        <ele>1085.5</ele>
        <time>2012-12-22T08:34:29Z</time>
      </trkpt>
      <trkpt lat="40.647767" lon="-0.092800">
        <ele>1085.6</ele>
        <time>2012-12-22T08:34:29Z</time>
      </trkpt>
      <trkpt lat="40.647834" lon="-0.092766">
        <ele>1085.1</ele>
        <time>2012-12-22T08:34:29Z</time>
      </trkpt>
      <trkpt lat="40.647967" lon="-0.092766">
        <ele>1084.5</ele>
        <time>2012-12-22T08:34:29Z</time>
      </trkpt>
      <trkpt lat="40.648134" lon="-0.092800">
        <ele>1084.1</ele>
        <time>2012-12-22T08:34:29Z</time>
      </trkpt>
      <trkpt lat="40.648301" lon="-0.092849">
        <ele>1083.5</ele>
        <time>2012-12-22T08:34:29Z</time>
      </trkpt>
      <trkpt lat="40.648467" lon="-0.092849">
        <ele>1083.7</ele>
        <time>2012-12-22T08:34:29Z</time>
      </trkpt>
      <trkpt lat="40.648567" lon="-0.092800">
        <ele>1084.0</ele>
        <time>2012-12-22T08:34:29Z</time>
      </trkpt>
      <trkpt lat="40.648650" lon="-0.092699">
        <ele>1084.0</ele>
        <time>2012-12-22T08:34:29Z</time>
      </trkpt>
      <trkpt lat="40.648684" lon="-0.092616">
        <ele>1084.3</ele>
        <time>2012-12-22T08:34:29Z</time>
      </trkpt>
      <trkpt lat="40.648734" lon="-0.092499">
        <ele>1084.2</ele>
        <time>2012-12-22T08:34:29Z</time>
      </trkpt>
      <trkpt lat="40.648767" lon="-0.092333">
        <ele>1084.0</ele>
        <time>2012-12-22T08:34:29Z</time>
      </trkpt>
      <trkpt lat="40.648817" lon="-0.092166">
        <ele>1083.1</ele>
        <time>2012-12-22T08:34:29Z</time>
      </trkpt>
      <trkpt lat="40.648851" lon="-0.092083">
        <ele>1082.6</ele>
        <time>2012-12-22T08:34:29Z</time>
      </trkpt>
      <trkpt lat="40.648917" lon="-0.091983">
        <ele>1081.7</ele>
        <time>2012-12-22T08:34:29Z</time>
      </trkpt>
      <trkpt lat="40.649017" lon="-0.091916">
        <ele>1081.1</ele>
        <time>2012-12-22T08:34:29Z</time>
      </trkpt>
      <trkpt lat="40.649134" lon="-0.091849">
        <ele>1080.7</ele>
        <time>2012-12-22T08:34:29Z</time>
      </trkpt>
      <trkpt lat="40.649217" lon="-0.091750">
        <ele>1080.6</ele>
        <time>2012-12-22T08:34:29Z</time>
      </trkpt>
      <trkpt lat="40.649250" lon="-0.091683">
        <ele>1080.6</ele>
        <time>2012-12-22T08:34:29Z</time>
      </trkpt>
      <trkpt lat="40.649250" lon="-0.091650">
        <ele>1080.6</ele>
        <time>2012-12-22T08:34:29Z</time>
      </trkpt>
      <trkpt lat="40.649250" lon="-0.091583">
        <ele>1080.1</ele>
        <time>2012-12-22T08:34:29Z</time>
      </trkpt>
      <trkpt lat="40.649234" lon="-0.091516">
        <ele>1079.5</ele>
        <time>2012-12-22T08:34:29Z</time>
      </trkpt>
      <trkpt lat="40.649201" lon="-0.091466">
        <ele>1079.0</ele>
        <time>2012-12-22T08:34:29Z</time>
      </trkpt>
      <trkpt lat="40.649150" lon="-0.091432">
        <ele>1078.6</ele>
        <time>2012-12-22T08:34:29Z</time>
      </trkpt>
      <trkpt lat="40.649101" lon="-0.091416">
        <ele>1078.3</ele>
        <time>2012-12-22T08:34:29Z</time>
      </trkpt>
      <trkpt lat="40.648984" lon="-0.091416">
        <ele>1077.7</ele>
        <time>2012-12-22T08:34:29Z</time>
      </trkpt>
      <trkpt lat="40.648900" lon="-0.091383">
        <ele>1077.2</ele>
        <time>2012-12-22T08:34:29Z</time>
      </trkpt>
      <trkpt lat="40.648817" lon="-0.091350">
        <ele>1076.7</ele>
        <time>2012-12-22T08:34:29Z</time>
      </trkpt>
      <trkpt lat="40.648584" lon="-0.091200">
        <ele>1075.2</ele>
        <time>2012-12-22T08:34:29Z</time>
      </trkpt>
      <trkpt lat="40.648350" lon="-0.091066">
        <ele>1074.0</ele>
        <time>2012-12-22T08:34:29Z</time>
      </trkpt>
      <trkpt lat="40.648100" lon="-0.090966">
        <ele>1073.0</ele>
        <time>2012-12-22T08:34:29Z</time>
      </trkpt>
      <trkpt lat="40.647767" lon="-0.090916">
        <ele>1072.1</ele>
        <time>2012-12-22T08:34:29Z</time>
      </trkpt>
      <trkpt lat="40.647717" lon="-0.090866">
        <ele>1072.0</ele>
        <time>2012-12-22T08:34:29Z</time>
      </trkpt>
      <trkpt lat="40.647684" lon="-0.090783">
        <ele>1072.6</ele>
        <time>2012-12-22T08:34:29Z</time>
      </trkpt>
      <trkpt lat="40.647717" lon="-0.090633">
        <ele>1073.4</ele>
        <time>2012-12-22T08:34:29Z</time>
      </trkpt>
      <trkpt lat="40.647784" lon="-0.090433">
        <ele>1074.4</ele>
        <time>2012-12-22T08:34:29Z</time>
      </trkpt>
      <trkpt lat="40.647834" lon="-0.090250">
        <ele>1075.0</ele>
        <time>2012-12-22T08:34:29Z</time>
      </trkpt>
      <trkpt lat="40.647867" lon="-0.090116">
        <ele>1075.7</ele>
        <time>2012-12-22T08:34:29Z</time>
      </trkpt>
      <trkpt lat="40.647884" lon="-0.090066">
        <ele>1075.8</ele>
        <time>2012-12-22T08:34:29Z</time>
      </trkpt>
      <trkpt lat="40.647851" lon="-0.089933">
        <ele>1076.2</ele>
        <time>2012-12-22T08:34:29Z</time>
      </trkpt>
      <trkpt lat="40.647717" lon="-0.089433">
        <ele>1076.8</ele>
        <time>2012-12-22T08:34:29Z</time>
      </trkpt>
      <trkpt lat="40.647700" lon="-0.089266">
        <ele>1076.6</ele>
        <time>2012-12-22T08:34:29Z</time>
      </trkpt>
      <trkpt lat="40.647717" lon="-0.089149">
        <ele>1076.3</ele>
        <time>2012-12-22T08:34:29Z</time>
      </trkpt>
      <trkpt lat="40.647800" lon="-0.089083">
        <ele>1077.0</ele>
        <time>2012-12-22T08:34:29Z</time>
      </trkpt>
      <trkpt lat="40.647900" lon="-0.089083">
        <ele>1078.4</ele>
        <time>2012-12-22T08:34:29Z</time>
      </trkpt>
      <trkpt lat="40.647951" lon="-0.089100">
        <ele>1078.9</ele>
        <time>2012-12-22T08:34:29Z</time>
      </trkpt>
      <trkpt lat="40.648101" lon="-0.089100">
        <ele>1080.5</ele>
        <time>2012-12-22T08:34:29Z</time>
      </trkpt>
      <trkpt lat="40.648201" lon="-0.089133">
        <ele>1081.1</ele>
        <time>2012-12-22T08:34:29Z</time>
      </trkpt>
      <trkpt lat="40.648284" lon="-0.089116">
        <ele>1082.0</ele>
        <time>2012-12-22T08:34:29Z</time>
      </trkpt>
      <trkpt lat="40.648301" lon="-0.089083">
        <ele>1082.5</ele>
        <time>2012-12-22T08:34:29Z</time>
      </trkpt>
      <trkpt lat="40.648350" lon="-0.089000">
        <ele>1083.5</ele>
        <time>2012-12-22T08:34:29Z</time>
      </trkpt>
      <trkpt lat="40.648350" lon="-0.088866">
        <ele>1084.1</ele>
        <time>2012-12-22T08:34:29Z</time>
      </trkpt>
      <trkpt lat="40.648317" lon="-0.088699">
        <ele>1085.3</ele>
        <time>2012-12-22T08:34:29Z</time>
      </trkpt>
      <trkpt lat="40.648284" lon="-0.088316">
        <ele>1086.8</ele>
        <time>2012-12-22T08:34:29Z</time>
      </trkpt>
      <trkpt lat="40.648250" lon="-0.087883">
        <ele>1088.5</ele>
        <time>2012-12-22T08:34:29Z</time>
      </trkpt>
      <trkpt lat="40.648250" lon="-0.087783">
        <ele>1088.9</ele>
        <time>2012-12-22T08:34:29Z</time>
      </trkpt>
      <trkpt lat="40.648284" lon="-0.087616">
        <ele>1090.1</ele>
        <time>2012-12-22T08:34:29Z</time>
      </trkpt>
      <trkpt lat="40.648384" lon="-0.087366">
        <ele>1092.1</ele>
        <time>2012-12-22T08:34:29Z</time>
      </trkpt>
      <trkpt lat="40.648450" lon="-0.087283">
        <ele>1093.1</ele>
        <time>2012-12-22T08:34:29Z</time>
      </trkpt>
      <trkpt lat="40.648434" lon="-0.087183">
        <ele>1093.8</ele>
        <time>2012-12-22T08:34:29Z</time>
      </trkpt>
      <trkpt lat="40.648401" lon="-0.087083">
        <ele>1094.1</ele>
        <time>2012-12-22T08:34:29Z</time>
      </trkpt>
      <trkpt lat="40.648334" lon="-0.086983">
        <ele>1094.4</ele>
        <time>2012-12-22T08:34:29Z</time>
      </trkpt>
      <trkpt lat="40.648250" lon="-0.086766">
        <ele>1093.4</ele>
        <time>2012-12-22T08:34:29Z</time>
      </trkpt>
      <trkpt lat="40.648067" lon="-0.086500">
        <ele>1092.3</ele>
        <time>2012-12-22T08:34:29Z</time>
      </trkpt>
      <trkpt lat="40.647984" lon="-0.086400">
        <ele>1091.8</ele>
        <time>2012-12-22T08:34:29Z</time>
      </trkpt>
      <trkpt lat="40.647817" lon="-0.086200">
        <ele>1089.3</ele>
        <time>2012-12-22T08:34:29Z</time>
      </trkpt>
      <trkpt lat="40.647717" lon="-0.086100">
        <ele>1087.8</ele>
        <time>2012-12-22T08:34:29Z</time>
      </trkpt>
      <trkpt lat="40.647600" lon="-0.086000">
        <ele>1087.3</ele>
        <time>2012-12-22T08:34:29Z</time>
      </trkpt>
      <trkpt lat="40.647584" lon="-0.085933">
        <ele>1087.0</ele>
        <time>2012-12-22T08:34:29Z</time>
      </trkpt>
      <trkpt lat="40.647550" lon="-0.085699">
        <ele>1088.1</ele>
        <time>2012-12-22T08:34:29Z</time>
      </trkpt>
      <trkpt lat="40.647567" lon="-0.085550">
        <ele>1088.4</ele>
        <time>2012-12-22T08:34:29Z</time>
      </trkpt>
      <trkpt lat="40.647584" lon="-0.085433">
        <ele>1088.0</ele>
        <time>2012-12-22T08:34:29Z</time>
      </trkpt>
      <trkpt lat="40.647534" lon="-0.085283">
        <ele>1088.0</ele>
        <time>2012-12-22T08:34:29Z</time>
      </trkpt>
      <trkpt lat="40.647517" lon="-0.085133">
        <ele>1088.1</ele>
        <time>2012-12-22T08:34:29Z</time>
      </trkpt>
      <trkpt lat="40.647667" lon="-0.084850">
        <ele>1090.3</ele>
        <time>2012-12-22T08:34:29Z</time>
      </trkpt>
      <trkpt lat="40.647734" lon="-0.084716">
        <ele>1091.2</ele>
        <time>2012-12-22T08:34:29Z</time>
      </trkpt>
      <trkpt lat="40.647751" lon="-0.084550">
        <ele>1092.6</ele>
        <time>2012-12-22T08:34:29Z</time>
      </trkpt>
      <trkpt lat="40.647700" lon="-0.084450">
        <ele>1093.5</ele>
        <time>2012-12-22T08:34:29Z</time>
      </trkpt>
      <trkpt lat="40.647634" lon="-0.084383">
        <ele>1094.1</ele>
        <time>2012-12-22T08:34:29Z</time>
      </trkpt>
      <trkpt lat="40.647501" lon="-0.084333">
        <ele>1094.6</ele>
        <time>2012-12-22T08:34:29Z</time>
      </trkpt>
      <trkpt lat="40.647417" lon="-0.084283">
        <ele>1094.9</ele>
        <time>2012-12-22T08:34:29Z</time>
      </trkpt>
      <trkpt lat="40.647334" lon="-0.084249">
        <ele>1095.2</ele>
        <time>2012-12-22T08:34:29Z</time>
      </trkpt>
      <trkpt lat="40.647184" lon="-0.084116">
        <ele>1095.4</ele>
        <time>2012-12-22T08:34:29Z</time>
      </trkpt>
      <trkpt lat="40.647067" lon="-0.083966">
        <ele>1095.4</ele>
        <time>2012-12-22T08:34:29Z</time>
      </trkpt>
      <trkpt lat="40.647034" lon="-0.083866">
        <ele>1095.4</ele>
        <time>2012-12-22T08:34:29Z</time>
      </trkpt>
      <trkpt lat="40.647067" lon="-0.083633">
        <ele>1095.5</ele>
        <time>2012-12-22T08:34:29Z</time>
      </trkpt>
      <trkpt lat="40.647084" lon="-0.083516">
        <ele>1095.6</ele>
        <time>2012-12-22T08:34:29Z</time>
      </trkpt>
      <trkpt lat="40.647067" lon="-0.083316">
        <ele>1095.7</ele>
        <time>2012-12-22T08:34:29Z</time>
      </trkpt>
      <trkpt lat="40.647017" lon="-0.083166">
        <ele>1096.4</ele>
        <time>2012-12-22T08:34:29Z</time>
      </trkpt>
      <trkpt lat="40.646900" lon="-0.082950">
        <ele>1097.0</ele>
        <time>2012-12-22T08:34:29Z</time>
      </trkpt>
      <trkpt lat="40.646734" lon="-0.082816">
        <ele>1097.5</ele>
        <time>2012-12-22T08:34:29Z</time>
      </trkpt>
      <trkpt lat="40.646517" lon="-0.082699">
        <ele>1097.6</ele>
        <time>2012-12-22T08:34:29Z</time>
      </trkpt>
      <trkpt lat="40.646334" lon="-0.082483">
        <ele>1098.0</ele>
        <time>2012-12-22T08:34:29Z</time>
      </trkpt>
      <trkpt lat="40.646234" lon="-0.082316">
        <ele>1097.5</ele>
        <time>2012-12-22T08:34:29Z</time>
      </trkpt>
      <trkpt lat="40.646034" lon="-0.081850">
        <ele>1095.7</ele>
        <time>2012-12-22T08:34:29Z</time>
      </trkpt>
      <trkpt lat="40.645900" lon="-0.081483">
        <ele>1092.4</ele>
        <time>2012-12-22T08:34:29Z</time>
      </trkpt>
      <trkpt lat="40.645834" lon="-0.081233">
        <ele>1093.9</ele>
        <time>2012-12-22T08:34:29Z</time>
      </trkpt>
      <trkpt lat="40.645732" lon="-0.081023">
        <ele>1094.8</ele>
      </trkpt>
      <trkpt lat="40.645613" lon="-0.080860">
        <ele>1094.8</ele>
      </trkpt>
      <trkpt lat="40.645534" lon="-0.080785">
        <ele>1094.4</ele>
      </trkpt>
    </trkseg>
    <trkseg>
      <trkpt lat="40.645534" lon="-0.080785">
        <ele>1094.4</ele>
      </trkpt>
      <trkpt lat="40.645459" lon="-0.080723">
        <ele>1093.7</ele>
        <time>2013-04-07T07:40:56Z</time>
      </trkpt>
      <trkpt lat="40.645313" lon="-0.080625">
        <ele>1091.6</ele>
        <time>2013-04-07T07:40:56Z</time>
      </trkpt>
      <trkpt lat="40.645227" lon="-0.080419">
        <ele>1089.9</ele>
        <time>2013-04-07T07:40:56Z</time>
      </trkpt>
      <trkpt lat="40.645203" lon="-0.080094">
        <ele>1087.6</ele>
        <time>2013-04-07T07:40:56Z</time>
      </trkpt>
      <trkpt lat="40.645096" lon="-0.080023">
        <ele>1085.8</ele>
        <time>2013-04-07T07:41:00Z</time>
        <sat>10</sat>
        <extensions>
          <gpxtpx:TrackPointExtension>
            <gpxtpx:hr>131</gpxtpx:hr>
          </gpxtpx:TrackPointExtension>
        </extensions>
      </trkpt>
      <trkpt lat="40.645084" lon="-0.080038">
        <ele>1085.9</ele>
        <time>2013-04-07T07:41:01Z</time>
        <sat>10</sat>
        <extensions>
          <gpxtpx:TrackPointExtension>
            <gpxtpx:hr>131</gpxtpx:hr>
          </gpxtpx:TrackPointExtension>
        </extensions>
      </trkpt>
      <trkpt lat="40.644981" lon="-0.080188">
        <ele>1086.6</ele>
        <time>2013-04-07T07:41:11Z</time>
        <sat>10</sat>
        <extensions>
          <gpxtpx:TrackPointExtension>
            <gpxtpx:hr>132</gpxtpx:hr>
          </gpxtpx:TrackPointExtension>
        </extensions>
      </trkpt>
      <trkpt lat="40.644929" lon="-0.080281">
        <ele>1087.1</ele>
        <time>2013-04-07T07:41:17Z</time>
        <sat>10</sat>
        <extensions>
          <gpxtpx:TrackPointExtension>
            <gpxtpx:hr>131</gpxtpx:hr>
          </gpxtpx:TrackPointExtension>
        </extensions>
      </trkpt>
      <trkpt lat="40.644879" lon="-0.080364">
        <ele>1087.5</ele>
        <time>2013-04-07T07:41:23Z</time>
        <sat>10</sat>
        <extensions>
          <gpxtpx:TrackPointExtension>
            <gpxtpx:hr>131</gpxtpx:hr>
          </gpxtpx:TrackPointExtension>
        </extensions>
      </trkpt>
      <trkpt lat="40.644831" lon="-0.080448">
        <ele>1088.0</ele>
        <time>2013-04-07T07:41:28Z</time>
        <sat>11</sat>
        <extensions>
          <gpxtpx:TrackPointExtension>
            <gpxtpx:hr>128</gpxtpx:hr>
          </gpxtpx:TrackPointExtension>
        </extensions>
      </trkpt>
      <trkpt lat="40.644794" lon="-0.080551">
        <ele>1089.3</ele>
        <time>2013-04-07T07:41:35Z</time>
        <sat>11</sat>
        <extensions>
          <gpxtpx:TrackPointExtension>
            <gpxtpx:hr>137</gpxtpx:hr>
          </gpxtpx:TrackPointExtension>
        </extensions>
      </trkpt>
      <trkpt lat="40.644807" lon="-0.080656">
        <ele>1090.9</ele>
        <time>2013-04-07T07:41:43Z</time>
        <sat>11</sat>
        <extensions>
          <gpxtpx:TrackPointExtension>
            <gpxtpx:hr>147</gpxtpx:hr>
          </gpxtpx:TrackPointExtension>
        </extensions>
      </trkpt>
      <trkpt lat="40.644790" lon="-0.080768">
        <ele>1092.6</ele>
        <time>2013-04-07T07:41:51Z</time>
        <sat>11</sat>
        <extensions>
          <gpxtpx:TrackPointExtension>
            <gpxtpx:hr>151</gpxtpx:hr>
          </gpxtpx:TrackPointExtension>
        </extensions>
      </trkpt>
      <trkpt lat="40.644749" lon="-0.080863">
        <ele>1094.2</ele>
        <time>2013-04-07T07:41:58Z</time>
        <sat>11</sat>
        <extensions>
          <gpxtpx:TrackPointExtension>
            <gpxtpx:hr>153</gpxtpx:hr>
          </gpxtpx:TrackPointExtension>
        </extensions>
      </trkpt>
      <trkpt lat="40.644707" lon="-0.080961">
        <ele>1096.1</ele>
        <time>2013-04-07T07:42:20Z</time>
        <sat>11</sat>
        <extensions>
          <gpxtpx:TrackPointExtension>
            <gpxtpx:hr>154</gpxtpx:hr>
          </gpxtpx:TrackPointExtension>
        </extensions>
      </trkpt>
      <trkpt lat="40.644702" lon="-0.080966">
        <ele>1096.2</ele>
        <time>2013-04-07T07:42:21Z</time>
        <sat>11</sat>
        <extensions>
          <gpxtpx:TrackPointExtension>
            <gpxtpx:hr>153</gpxtpx:hr>
          </gpxtpx:TrackPointExtension>
        </extensions>
      </trkpt>
      <trkpt lat="40.644620" lon="-0.081155">
        <ele>1100.5</ele>
        <time>2013-04-07T07:42:52Z</time>
        <sat>11</sat>
        <extensions>
          <gpxtpx:TrackPointExtension>
            <gpxtpx:hr>143</gpxtpx:hr>
          </gpxtpx:TrackPointExtension>
        </extensions>
      </trkpt>
      <trkpt lat="40.644585" lon="-0.081251">
        <ele>1102.5</ele>
        <time>2013-04-07T07:43:14Z</time>
        <sat>11</sat>
        <extensions>
          <gpxtpx:TrackPointExtension>
            <gpxtpx:hr>129</gpxtpx:hr>
          </gpxtpx:TrackPointExtension>
        </extensions>
      </trkpt>
      <trkpt lat="40.644580" lon="-0.081366">
        <ele>1104.1</ele>
        <time>2013-04-07T07:43:30Z</time>
        <sat>11</sat>
        <extensions>
          <gpxtpx:TrackPointExtension>
            <gpxtpx:hr>133</gpxtpx:hr>
          </gpxtpx:TrackPointExtension>
        </extensions>
      </trkpt>
      <trkpt lat="40.644577" lon="-0.081383">
        <ele>1104.4</ele>
        <time>2013-04-07T07:43:31Z</time>
        <sat>11</sat>
        <extensions>
          <gpxtpx:TrackPointExtension>
            <gpxtpx:hr>133</gpxtpx:hr>
          </gpxtpx:TrackPointExtension>
        </extensions>
      </trkpt>
      <trkpt lat="40.644543" lon="-0.081573">
        <ele>1107.6</ele>
        <time>2013-04-07T07:43:43Z</time>
        <sat>11</sat>
        <extensions>
          <gpxtpx:TrackPointExtension>
            <gpxtpx:hr>145</gpxtpx:hr>
          </gpxtpx:TrackPointExtension>
        </extensions>
      </trkpt>
      <trkpt lat="40.644529" lon="-0.081678">
        <ele>1109.2</ele>
        <time>2013-04-07T07:43:50Z</time>
        <sat>11</sat>
        <extensions>
          <gpxtpx:TrackPointExtension>
            <gpxtpx:hr>150</gpxtpx:hr>
          </gpxtpx:TrackPointExtension>
        </extensions>
      </trkpt>
      <trkpt lat="40.644520" lon="-0.081788">
        <ele>1110.8</ele>
        <time>2013-04-07T07:43:57Z</time>
        <sat>11</sat>
        <extensions>
          <gpxtpx:TrackPointExtension>
            <gpxtpx:hr>153</gpxtpx:hr>
          </gpxtpx:TrackPointExtension>
        </extensions>
      </trkpt>
      <trkpt lat="40.644516" lon="-0.081898">
        <ele>1112.3</ele>
        <time>2013-04-07T07:44:04Z</time>
        <sat>11</sat>
        <extensions>
          <gpxtpx:TrackPointExtension>
            <gpxtpx:hr>155</gpxtpx:hr>
          </gpxtpx:TrackPointExtension>
        </extensions>
      </trkpt>
      <trkpt lat="40.644519" lon="-0.082011">
        <ele>1113.5</ele>
        <time>2013-04-07T07:44:11Z</time>
        <sat>11</sat>
        <extensions>
          <gpxtpx:TrackPointExtension>
            <gpxtpx:hr>155</gpxtpx:hr>
          </gpxtpx:TrackPointExtension>
        </extensions>
      </trkpt>
      <trkpt lat="40.644525" lon="-0.082123">
        <ele>1114.6</ele>
        <time>2013-04-07T07:44:18Z</time>
        <sat>11</sat>
        <extensions>
          <gpxtpx:TrackPointExtension>
            <gpxtpx:hr>154</gpxtpx:hr>
          </gpxtpx:TrackPointExtension>
        </extensions>
      </trkpt>
      <trkpt lat="40.644535" lon="-0.082224">
        <ele>1115.3</ele>
        <time>2013-04-07T07:44:24Z</time>
        <sat>11</sat>
        <extensions>
          <gpxtpx:TrackPointExtension>
            <gpxtpx:hr>154</gpxtpx:hr>
          </gpxtpx:TrackPointExtension>
        </extensions>
      </trkpt>
      <trkpt lat="40.644544" lon="-0.082341">
        <ele>1116.3</ele>
        <time>2013-04-07T07:44:31Z</time>
        <sat>11</sat>
        <extensions>
          <gpxtpx:TrackPointExtension>
            <gpxtpx:hr>152</gpxtpx:hr>
          </gpxtpx:TrackPointExtension>
        </extensions>
      </trkpt>
      <trkpt lat="40.644545" lon="-0.082358">
        <ele>1116.4</ele>
        <time>2013-04-07T07:44:32Z</time>
        <sat>11</sat>
        <extensions>
          <gpxtpx:TrackPointExtension>
            <gpxtpx:hr>152</gpxtpx:hr>
          </gpxtpx:TrackPointExtension>
        </extensions>
      </trkpt>
      <trkpt lat="40.644565" lon="-0.082573">
        <ele>1118.5</ele>
        <time>2013-04-07T07:44:45Z</time>
        <sat>11</sat>
        <extensions>
          <gpxtpx:TrackPointExtension>
            <gpxtpx:hr>152</gpxtpx:hr>
          </gpxtpx:TrackPointExtension>
        </extensions>
      </trkpt>
      <trkpt lat="40.644574" lon="-0.082674">
        <ele>1119.6</ele>
        <time>2013-04-07T07:44:51Z</time>
        <sat>11</sat>
        <extensions>
          <gpxtpx:TrackPointExtension>
            <gpxtpx:hr>152</gpxtpx:hr>
          </gpxtpx:TrackPointExtension>
        </extensions>
      </trkpt>
      <trkpt lat="40.644585" lon="-0.082774">
        <ele>1120.7</ele>
        <time>2013-04-07T07:44:57Z</time>
        <sat>11</sat>
        <extensions>
          <gpxtpx:TrackPointExtension>
            <gpxtpx:hr>152</gpxtpx:hr>
          </gpxtpx:TrackPointExtension>
        </extensions>
      </trkpt>
      <trkpt lat="40.644600" lon="-0.082878">
        <ele>1121.7</ele>
        <time>2013-04-07T07:45:03Z</time>
        <sat>11</sat>
        <extensions>
          <gpxtpx:TrackPointExtension>
            <gpxtpx:hr>153</gpxtpx:hr>
          </gpxtpx:TrackPointExtension>
        </extensions>
      </trkpt>
      <trkpt lat="40.644620" lon="-0.082981">
        <ele>1122.6</ele>
        <time>2013-04-07T07:45:09Z</time>
        <sat>10</sat>
        <extensions>
          <gpxtpx:TrackPointExtension>
            <gpxtpx:hr>153</gpxtpx:hr>
          </gpxtpx:TrackPointExtension>
        </extensions>
      </trkpt>
      <trkpt lat="40.644637" lon="-0.083088">
        <ele>1123.6</ele>
        <time>2013-04-07T07:45:15Z</time>
        <sat>10</sat>
        <extensions>
          <gpxtpx:TrackPointExtension>
            <gpxtpx:hr>153</gpxtpx:hr>
          </gpxtpx:TrackPointExtension>
        </extensions>
      </trkpt>
      <trkpt lat="40.644655" lon="-0.083193">
        <ele>1124.7</ele>
        <time>2013-04-07T07:45:21Z</time>
        <sat>10</sat>
        <extensions>
          <gpxtpx:TrackPointExtension>
            <gpxtpx:hr>153</gpxtpx:hr>
          </gpxtpx:TrackPointExtension>
        </extensions>
      </trkpt>
      <trkpt lat="40.644674" lon="-0.083296">
        <ele>1125.5</ele>
        <time>2013-04-07T07:45:27Z</time>
        <sat>10</sat>
        <extensions>
          <gpxtpx:TrackPointExtension>
            <gpxtpx:hr>152</gpxtpx:hr>
          </gpxtpx:TrackPointExtension>
        </extensions>
      </trkpt>
      <trkpt lat="40.644695" lon="-0.083400">
        <ele>1126.0</ele>
        <time>2013-04-07T07:45:33Z</time>
        <sat>10</sat>
        <extensions>
          <gpxtpx:TrackPointExtension>
            <gpxtpx:hr>151</gpxtpx:hr>
          </gpxtpx:TrackPointExtension>
        </extensions>
      </trkpt>
      <trkpt lat="40.644699" lon="-0.083418">
        <ele>1126.0</ele>
        <time>2013-04-07T07:45:34Z</time>
        <sat>10</sat>
        <extensions>
          <gpxtpx:TrackPointExtension>
            <gpxtpx:hr>151</gpxtpx:hr>
          </gpxtpx:TrackPointExtension>
        </extensions>
      </trkpt>
      <trkpt lat="40.644737" lon="-0.083618">
        <ele>1127.0</ele>
        <time>2013-04-07T07:45:45Z</time>
        <sat>10</sat>
        <extensions>
          <gpxtpx:TrackPointExtension>
            <gpxtpx:hr>151</gpxtpx:hr>
          </gpxtpx:TrackPointExtension>
        </extensions>
      </trkpt>
      <trkpt lat="40.644760" lon="-0.083726">
        <ele>1127.6</ele>
        <time>2013-04-07T07:45:51Z</time>
        <sat>10</sat>
        <extensions>
          <gpxtpx:TrackPointExtension>
            <gpxtpx:hr>151</gpxtpx:hr>
          </gpxtpx:TrackPointExtension>
        </extensions>
      </trkpt>
      <trkpt lat="40.644787" lon="-0.083838">
        <ele>1128.2</ele>
        <time>2013-04-07T07:45:57Z</time>
        <sat>10</sat>
        <extensions>
          <gpxtpx:TrackPointExtension>
            <gpxtpx:hr>150</gpxtpx:hr>
          </gpxtpx:TrackPointExtension>
        </extensions>
      </trkpt>
      <trkpt lat="40.644810" lon="-0.083946">
        <ele>1128.8</ele>
        <time>2013-04-07T07:46:03Z</time>
        <sat>10</sat>
        <extensions>
          <gpxtpx:TrackPointExtension>
            <gpxtpx:hr>148</gpxtpx:hr>
          </gpxtpx:TrackPointExtension>
        </extensions>
      </trkpt>
      <trkpt lat="40.644834" lon="-0.084039">
        <ele>1129.4</ele>
        <time>2013-04-07T07:46:08Z</time>
        <sat>10</sat>
        <extensions>
          <gpxtpx:TrackPointExtension>
            <gpxtpx:hr>148</gpxtpx:hr>
          </gpxtpx:TrackPointExtension>
        </extensions>
      </trkpt>
      <trkpt lat="40.644859" lon="-0.084149">
        <ele>1130.2</ele>
        <time>2013-04-07T07:46:14Z</time>
        <sat>10</sat>
        <extensions>
          <gpxtpx:TrackPointExtension>
            <gpxtpx:hr>148</gpxtpx:hr>
          </gpxtpx:TrackPointExtension>
        </extensions>
      </trkpt>
      <trkpt lat="40.644884" lon="-0.084256">
        <ele>1131.4</ele>
        <time>2013-04-07T07:46:20Z</time>
        <sat>10</sat>
        <extensions>
          <gpxtpx:TrackPointExtension>
            <gpxtpx:hr>147</gpxtpx:hr>
          </gpxtpx:TrackPointExtension>
        </extensions>
      </trkpt>
      <trkpt lat="40.644910" lon="-0.084363">
        <ele>1132.5</ele>
        <time>2013-04-07T07:46:26Z</time>
        <sat>10</sat>
        <extensions>
          <gpxtpx:TrackPointExtension>
            <gpxtpx:hr>147</gpxtpx:hr>
          </gpxtpx:TrackPointExtension>
        </extensions>
      </trkpt>
      <trkpt lat="40.644939" lon="-0.084469">
        <ele>1133.6</ele>
        <time>2013-04-07T07:46:32Z</time>
        <sat>10</sat>
        <extensions>
          <gpxtpx:TrackPointExtension>
            <gpxtpx:hr>147</gpxtpx:hr>
          </gpxtpx:TrackPointExtension>
        </extensions>
      </trkpt>
      <trkpt lat="40.644969" lon="-0.084576">
        <ele>1134.7</ele>
        <time>2013-04-07T07:46:38Z</time>
        <sat>11</sat>
        <extensions>
          <gpxtpx:TrackPointExtension>
            <gpxtpx:hr>149</gpxtpx:hr>
          </gpxtpx:TrackPointExtension>
        </extensions>
      </trkpt>
      <trkpt lat="40.644974" lon="-0.084591">
        <ele>1134.9</ele>
        <time>2013-04-07T07:46:39Z</time>
        <sat>11</sat>
        <extensions>
          <gpxtpx:TrackPointExtension>
            <gpxtpx:hr>149</gpxtpx:hr>
          </gpxtpx:TrackPointExtension>
        </extensions>
      </trkpt>
      <trkpt lat="40.645017" lon="-0.084783">
        <ele>1136.6</ele>
        <time>2013-04-07T07:46:50Z</time>
        <sat>11</sat>
        <extensions>
          <gpxtpx:TrackPointExtension>
            <gpxtpx:hr>152</gpxtpx:hr>
          </gpxtpx:TrackPointExtension>
        </extensions>
      </trkpt>
      <trkpt lat="40.645049" lon="-0.084885">
        <ele>1137.7</ele>
        <time>2013-04-07T07:46:56Z</time>
        <sat>11</sat>
        <extensions>
          <gpxtpx:TrackPointExtension>
            <gpxtpx:hr>153</gpxtpx:hr>
          </gpxtpx:TrackPointExtension>
        </extensions>
      </trkpt>
      <trkpt lat="40.645082" lon="-0.084978">
        <ele>1138.7</ele>
        <time>2013-04-07T07:47:02Z</time>
        <sat>11</sat>
        <extensions>
          <gpxtpx:TrackPointExtension>
            <gpxtpx:hr>155</gpxtpx:hr>
          </gpxtpx:TrackPointExtension>
        </extensions>
      </trkpt>
      <trkpt lat="40.645114" lon="-0.085073">
        <ele>1139.8</ele>
        <time>2013-04-07T07:47:08Z</time>
        <sat>11</sat>
        <extensions>
          <gpxtpx:TrackPointExtension>
            <gpxtpx:hr>156</gpxtpx:hr>
          </gpxtpx:TrackPointExtension>
        </extensions>
      </trkpt>
      <trkpt lat="40.645152" lon="-0.085180">
        <ele>1141.1</ele>
        <time>2013-04-07T07:47:14Z</time>
        <sat>11</sat>
        <extensions>
          <gpxtpx:TrackPointExtension>
            <gpxtpx:hr>158</gpxtpx:hr>
          </gpxtpx:TrackPointExtension>
        </extensions>
      </trkpt>
      <trkpt lat="40.645192" lon="-0.085284">
        <ele>1142.3</ele>
        <time>2013-04-07T07:47:21Z</time>
        <sat>11</sat>
        <extensions>
          <gpxtpx:TrackPointExtension>
            <gpxtpx:hr>161</gpxtpx:hr>
          </gpxtpx:TrackPointExtension>
        </extensions>
      </trkpt>
      <trkpt lat="40.645237" lon="-0.085378">
        <ele>1143.5</ele>
        <time>2013-04-07T07:47:28Z</time>
        <sat>11</sat>
        <extensions>
          <gpxtpx:TrackPointExtension>
            <gpxtpx:hr>163</gpxtpx:hr>
          </gpxtpx:TrackPointExtension>
        </extensions>
      </trkpt>
      <trkpt lat="40.645264" lon="-0.085483">
        <ele>1144.7</ele>
        <time>2013-04-07T07:47:35Z</time>
        <sat>11</sat>
        <extensions>
          <gpxtpx:TrackPointExtension>
            <gpxtpx:hr>163</gpxtpx:hr>
          </gpxtpx:TrackPointExtension>
        </extensions>
      </trkpt>
      <trkpt lat="40.645291" lon="-0.085581">
        <ele>1146.3</ele>
        <time>2013-04-07T07:47:42Z</time>
        <sat>11</sat>
        <extensions>
          <gpxtpx:TrackPointExtension>
            <gpxtpx:hr>163</gpxtpx:hr>
          </gpxtpx:TrackPointExtension>
        </extensions>
      </trkpt>
      <trkpt lat="40.645294" lon="-0.085598">
        <ele>1146.5</ele>
        <time>2013-04-07T07:47:43Z</time>
        <sat>11</sat>
        <extensions>
          <gpxtpx:TrackPointExtension>
            <gpxtpx:hr>163</gpxtpx:hr>
          </gpxtpx:TrackPointExtension>
        </extensions>
      </trkpt>
      <trkpt lat="40.645335" lon="-0.085801">
        <ele>1149.6</ele>
        <time>2013-04-07T07:47:56Z</time>
        <sat>11</sat>
        <extensions>
          <gpxtpx:TrackPointExtension>
            <gpxtpx:hr>163</gpxtpx:hr>
          </gpxtpx:TrackPointExtension>
        </extensions>
      </trkpt>
      <trkpt lat="40.645372" lon="-0.085898">
        <ele>1150.3</ele>
        <time>2013-04-07T07:48:03Z</time>
        <sat>11</sat>
        <extensions>
          <gpxtpx:TrackPointExtension>
            <gpxtpx:hr>163</gpxtpx:hr>
          </gpxtpx:TrackPointExtension>
        </extensions>
      </trkpt>
      <trkpt lat="40.645380" lon="-0.086013">
        <ele>1150.7</ele>
        <time>2013-04-07T07:48:10Z</time>
        <sat>11</sat>
        <extensions>
          <gpxtpx:TrackPointExtension>
            <gpxtpx:hr>161</gpxtpx:hr>
          </gpxtpx:TrackPointExtension>
        </extensions>
      </trkpt>
      <trkpt lat="40.645377" lon="-0.086128">
        <ele>1151.5</ele>
        <time>2013-04-07T07:48:18Z</time>
        <sat>11</sat>
        <extensions>
          <gpxtpx:TrackPointExtension>
            <gpxtpx:hr>160</gpxtpx:hr>
          </gpxtpx:TrackPointExtension>
        </extensions>
      </trkpt>
      <trkpt lat="40.645350" lon="-0.086228">
        <ele>1151.7</ele>
        <time>2013-04-07T07:48:33Z</time>
        <sat>11</sat>
        <extensions>
          <gpxtpx:TrackPointExtension>
            <gpxtpx:hr>154</gpxtpx:hr>
          </gpxtpx:TrackPointExtension>
        </extensions>
      </trkpt>
      <trkpt lat="40.645342" lon="-0.086328">
        <ele>1152.4</ele>
        <time>2013-04-07T07:48:38Z</time>
        <sat>11</sat>
        <extensions>
          <gpxtpx:TrackPointExtension>
            <gpxtpx:hr>152</gpxtpx:hr>
          </gpxtpx:TrackPointExtension>
        </extensions>
      </trkpt>
      <trkpt lat="40.645329" lon="-0.086421">
        <ele>1152.8</ele>
        <time>2013-04-07T07:48:42Z</time>
        <sat>11</sat>
        <extensions>
          <gpxtpx:TrackPointExtension>
            <gpxtpx:hr>150</gpxtpx:hr>
          </gpxtpx:TrackPointExtension>
        </extensions>
      </trkpt>
      <trkpt lat="40.645322" lon="-0.086521">
        <ele>1153.0</ele>
        <time>2013-04-07T07:48:46Z</time>
        <sat>11</sat>
        <extensions>
          <gpxtpx:TrackPointExtension>
            <gpxtpx:hr>149</gpxtpx:hr>
          </gpxtpx:TrackPointExtension>
        </extensions>
      </trkpt>
      <trkpt lat="40.645325" lon="-0.086546">
        <ele>1153.0</ele>
        <time>2013-04-07T07:48:47Z</time>
        <sat>11</sat>
        <extensions>
          <gpxtpx:TrackPointExtension>
            <gpxtpx:hr>148</gpxtpx:hr>
          </gpxtpx:TrackPointExtension>
        </extensions>
      </trkpt>
      <trkpt lat="40.645337" lon="-0.086728">
        <ele>1153.3</ele>
        <time>2013-04-07T07:48:55Z</time>
        <sat>11</sat>
        <extensions>
          <gpxtpx:TrackPointExtension>
            <gpxtpx:hr>146</gpxtpx:hr>
          </gpxtpx:TrackPointExtension>
        </extensions>
      </trkpt>
      <trkpt lat="40.645339" lon="-0.086839">
        <ele>1153.6</ele>
        <time>2013-04-07T07:49:00Z</time>
        <sat>11</sat>
        <extensions>
          <gpxtpx:TrackPointExtension>
            <gpxtpx:hr>145</gpxtpx:hr>
          </gpxtpx:TrackPointExtension>
        </extensions>
      </trkpt>
      <trkpt lat="40.645359" lon="-0.086944">
        <ele>1154.2</ele>
        <time>2013-04-07T07:49:05Z</time>
        <sat>11</sat>
        <extensions>
          <gpxtpx:TrackPointExtension>
            <gpxtpx:hr>145</gpxtpx:hr>
          </gpxtpx:TrackPointExtension>
        </extensions>
      </trkpt>
      <trkpt lat="40.645377" lon="-0.087046">
        <ele>1154.8</ele>
        <time>2013-04-07T07:49:10Z</time>
        <sat>11</sat>
        <extensions>
          <gpxtpx:TrackPointExtension>
            <gpxtpx:hr>144</gpxtpx:hr>
          </gpxtpx:TrackPointExtension>
        </extensions>
      </trkpt>
      <trkpt lat="40.645399" lon="-0.087153">
        <ele>1156.0</ele>
        <time>2013-04-07T07:49:15Z</time>
        <sat>11</sat>
        <extensions>
          <gpxtpx:TrackPointExtension>
            <gpxtpx:hr>146</gpxtpx:hr>
          </gpxtpx:TrackPointExtension>
        </extensions>
      </trkpt>
      <trkpt lat="40.645429" lon="-0.087254">
        <ele>1157.4</ele>
        <time>2013-04-07T07:49:20Z</time>
        <sat>11</sat>
        <extensions>
          <gpxtpx:TrackPointExtension>
            <gpxtpx:hr>148</gpxtpx:hr>
          </gpxtpx:TrackPointExtension>
        </extensions>
      </trkpt>
      <trkpt lat="40.645457" lon="-0.087356">
        <ele>1158.7</ele>
        <time>2013-04-07T07:49:25Z</time>
        <sat>11</sat>
        <extensions>
          <gpxtpx:TrackPointExtension>
            <gpxtpx:hr>150</gpxtpx:hr>
          </gpxtpx:TrackPointExtension>
        </extensions>
      </trkpt>
      <trkpt lat="40.645484" lon="-0.087460">
        <ele>1159.0</ele>
        <time>2013-04-07T07:49:30Z</time>
        <sat>11</sat>
        <extensions>
          <gpxtpx:TrackPointExtension>
            <gpxtpx:hr>151</gpxtpx:hr>
          </gpxtpx:TrackPointExtension>
        </extensions>
      </trkpt>
      <trkpt lat="40.645487" lon="-0.087558">
        <ele>1158.9</ele>
        <time>2013-04-07T07:49:35Z</time>
        <sat>11</sat>
        <extensions>
          <gpxtpx:TrackPointExtension>
            <gpxtpx:hr>152</gpxtpx:hr>
          </gpxtpx:TrackPointExtension>
        </extensions>
      </trkpt>
      <trkpt lat="40.645459" lon="-0.087667">
        <ele>1159.0</ele>
        <time>2013-04-07T07:49:39Z</time>
        <sat>11</sat>
        <extensions>
          <gpxtpx:TrackPointExtension>
            <gpxtpx:hr>153</gpxtpx:hr>
          </gpxtpx:TrackPointExtension>
        </extensions>
      </trkpt>
      <trkpt lat="40.645445" lon="-0.087780">
        <ele>1158.7</ele>
        <time>2013-04-07T07:49:43Z</time>
        <sat>11</sat>
        <extensions>
          <gpxtpx:TrackPointExtension>
            <gpxtpx:hr>155</gpxtpx:hr>
          </gpxtpx:TrackPointExtension>
        </extensions>
      </trkpt>
      <trkpt lat="40.645430" lon="-0.087896">
        <ele>1158.7</ele>
        <time>2013-04-07T07:49:47Z</time>
        <sat>11</sat>
        <extensions>
          <gpxtpx:TrackPointExtension>
            <gpxtpx:hr>156</gpxtpx:hr>
          </gpxtpx:TrackPointExtension>
        </extensions>
      </trkpt>
      <trkpt lat="40.645429" lon="-0.087921">
        <ele>1158.8</ele>
        <time>2013-04-07T07:49:48Z</time>
        <sat>11</sat>
        <extensions>
          <gpxtpx:TrackPointExtension>
            <gpxtpx:hr>155</gpxtpx:hr>
          </gpxtpx:TrackPointExtension>
        </extensions>
      </trkpt>
      <trkpt lat="40.645396" lon="-0.088088">
        <ele>1159.4</ele>
        <time>2013-04-07T07:49:54Z</time>
        <sat>11</sat>
        <extensions>
          <gpxtpx:TrackPointExtension>
            <gpxtpx:hr>153</gpxtpx:hr>
          </gpxtpx:TrackPointExtension>
        </extensions>
      </trkpt>
      <trkpt lat="40.645394" lon="-0.088193">
        <ele>1160.0</ele>
        <time>2013-04-07T07:49:58Z</time>
        <sat>11</sat>
        <extensions>
          <gpxtpx:TrackPointExtension>
            <gpxtpx:hr>153</gpxtpx:hr>
          </gpxtpx:TrackPointExtension>
        </extensions>
      </trkpt>
      <trkpt lat="40.645389" lon="-0.088291">
        <ele>1160.1</ele>
        <time>2013-04-07T07:50:02Z</time>
        <sat>11</sat>
        <extensions>
          <gpxtpx:TrackPointExtension>
            <gpxtpx:hr>152</gpxtpx:hr>
          </gpxtpx:TrackPointExtension>
        </extensions>
      </trkpt>
      <trkpt lat="40.645386" lon="-0.088386">
        <ele>1160.5</ele>
        <time>2013-04-07T07:50:06Z</time>
        <sat>11</sat>
      </trkpt>
      <trkpt lat="40.645387" lon="-0.088489">
        <ele>1161.2</ele>
        <time>2013-04-07T07:50:10Z</time>
        <sat>11</sat>
        <extensions>
          <gpxtpx:TrackPointExtension>
            <gpxtpx:hr>153</gpxtpx:hr>
          </gpxtpx:TrackPointExtension>
        </extensions>
      </trkpt>
      <trkpt lat="40.645400" lon="-0.088584">
        <ele>1162.3</ele>
        <time>2013-04-07T07:50:14Z</time>
        <sat>11</sat>
        <extensions>
          <gpxtpx:TrackPointExtension>
            <gpxtpx:hr>154</gpxtpx:hr>
          </gpxtpx:TrackPointExtension>
        </extensions>
      </trkpt>
      <trkpt lat="40.645424" lon="-0.088680">
        <ele>1163.3</ele>
        <time>2013-04-07T07:50:19Z</time>
        <sat>11</sat>
        <extensions>
          <gpxtpx:TrackPointExtension>
            <gpxtpx:hr>156</gpxtpx:hr>
          </gpxtpx:TrackPointExtension>
        </extensions>
      </trkpt>
      <trkpt lat="40.645437" lon="-0.088795">
        <ele>1163.7</ele>
        <time>2013-04-07T07:50:25Z</time>
        <sat>11</sat>
        <extensions>
          <gpxtpx:TrackPointExtension>
            <gpxtpx:hr>158</gpxtpx:hr>
          </gpxtpx:TrackPointExtension>
        </extensions>
      </trkpt>
      <trkpt lat="40.645452" lon="-0.088910">
        <ele>1163.7</ele>
        <time>2013-04-07T07:50:32Z</time>
        <sat>11</sat>
        <extensions>
          <gpxtpx:TrackPointExtension>
            <gpxtpx:hr>158</gpxtpx:hr>
          </gpxtpx:TrackPointExtension>
        </extensions>
      </trkpt>
      <trkpt lat="40.645460" lon="-0.089015">
        <ele>1163.4</ele>
        <time>2013-04-07T07:50:38Z</time>
        <sat>11</sat>
        <extensions>
          <gpxtpx:TrackPointExtension>
            <gpxtpx:hr>156</gpxtpx:hr>
          </gpxtpx:TrackPointExtension>
        </extensions>
      </trkpt>
      <trkpt lat="40.645389" lon="-0.089079">
        <ele>1163.9</ele>
        <time>2013-04-07T07:52:04Z</time>
        <sat>10</sat>
        <extensions>
          <gpxtpx:TrackPointExtension>
            <gpxtpx:hr>117</gpxtpx:hr>
          </gpxtpx:TrackPointExtension>
        </extensions>
      </trkpt>
      <trkpt lat="40.645387" lon="-0.089088">
        <ele>1163.9</ele>
        <time>2013-04-07T07:52:05Z</time>
        <sat>10</sat>
        <extensions>
          <gpxtpx:TrackPointExtension>
            <gpxtpx:hr>115</gpxtpx:hr>
          </gpxtpx:TrackPointExtension>
        </extensions>
      </trkpt>
      <trkpt lat="40.645335" lon="-0.089258">
        <ele>1161.6</ele>
        <time>2013-04-07T07:52:11Z</time>
        <sat>11</sat>
        <extensions>
          <gpxtpx:TrackPointExtension>
            <gpxtpx:hr>121</gpxtpx:hr>
          </gpxtpx:TrackPointExtension>
        </extensions>
      </trkpt>
      <trkpt lat="40.645304" lon="-0.089294">
        <ele>1160.9</ele>
        <time>2013-04-07T07:52:12Z</time>
        <sat>11</sat>
        <extensions>
          <gpxtpx:TrackPointExtension>
            <gpxtpx:hr>122</gpxtpx:hr>
          </gpxtpx:TrackPointExtension>
        </extensions>
      </trkpt>
      <trkpt lat="40.645269" lon="-0.089341">
        <ele>1160.0</ele>
        <time>2013-04-07T07:52:13Z</time>
        <sat>11</sat>
        <extensions>
          <gpxtpx:TrackPointExtension>
            <gpxtpx:hr>123</gpxtpx:hr>
          </gpxtpx:TrackPointExtension>
        </extensions>
      </trkpt>
      <trkpt lat="40.645235" lon="-0.089403">
        <ele>1159.0</ele>
        <time>2013-04-07T07:52:14Z</time>
        <sat>11</sat>
        <extensions>
          <gpxtpx:TrackPointExtension>
            <gpxtpx:hr>123</gpxtpx:hr>
          </gpxtpx:TrackPointExtension>
        </extensions>
      </trkpt>
      <trkpt lat="40.645202" lon="-0.089473">
        <ele>1157.6</ele>
        <time>2013-04-07T07:52:15Z</time>
        <sat>11</sat>
        <extensions>
          <gpxtpx:TrackPointExtension>
            <gpxtpx:hr>124</gpxtpx:hr>
          </gpxtpx:TrackPointExtension>
        </extensions>
      </trkpt>
      <trkpt lat="40.645162" lon="-0.089546">
        <ele>1156.4</ele>
        <time>2013-04-07T07:52:16Z</time>
        <sat>11</sat>
        <extensions>
          <gpxtpx:TrackPointExtension>
            <gpxtpx:hr>124</gpxtpx:hr>
          </gpxtpx:TrackPointExtension>
        </extensions>
      </trkpt>
      <trkpt lat="40.645124" lon="-0.089616">
        <ele>1155.4</ele>
        <time>2013-04-07T07:52:17Z</time>
        <sat>11</sat>
        <extensions>
          <gpxtpx:TrackPointExtension>
            <gpxtpx:hr>124</gpxtpx:hr>
          </gpxtpx:TrackPointExtension>
        </extensions>
      </trkpt>
      <trkpt lat="40.645094" lon="-0.089671">
        <ele>1154.5</ele>
        <time>2013-04-07T07:52:18Z</time>
        <sat>11</sat>
        <extensions>
          <gpxtpx:TrackPointExtension>
            <gpxtpx:hr>123</gpxtpx:hr>
          </gpxtpx:TrackPointExtension>
        </extensions>
      </trkpt>
      <trkpt lat="40.645074" lon="-0.089728">
        <ele>1153.6</ele>
        <time>2013-04-07T07:52:19Z</time>
        <sat>11</sat>
      </trkpt>
      <trkpt lat="40.645064" lon="-0.089793">
        <ele>1152.7</ele>
        <time>2013-04-07T07:52:20Z</time>
        <sat>11</sat>
        <extensions>
          <gpxtpx:TrackPointExtension>
            <gpxtpx:hr>124</gpxtpx:hr>
          </gpxtpx:TrackPointExtension>
        </extensions>
      </trkpt>
      <trkpt lat="40.645057" lon="-0.089868">
        <ele>1151.7</ele>
        <time>2013-04-07T07:52:21Z</time>
        <sat>11</sat>
        <extensions>
          <gpxtpx:TrackPointExtension>
            <gpxtpx:hr>124</gpxtpx:hr>
          </gpxtpx:TrackPointExtension>
        </extensions>
      </trkpt>
      <trkpt lat="40.645049" lon="-0.089929">
        <ele>1151.0</ele>
        <time>2013-04-07T07:52:22Z</time>
        <sat>11</sat>
        <extensions>
          <gpxtpx:TrackPointExtension>
            <gpxtpx:hr>124</gpxtpx:hr>
          </gpxtpx:TrackPointExtension>
        </extensions>
      </trkpt>
      <trkpt lat="40.645035" lon="-0.090039">
        <ele>1149.9</ele>
        <time>2013-04-07T07:52:24Z</time>
        <sat>11</sat>
        <extensions>
          <gpxtpx:TrackPointExtension>
            <gpxtpx:hr>125</gpxtpx:hr>
          </gpxtpx:TrackPointExtension>
        </extensions>
      </trkpt>
      <trkpt lat="40.645035" lon="-0.090096">
        <ele>1149.3</ele>
        <time>2013-04-07T07:52:25Z</time>
        <sat>10</sat>
        <extensions>
          <gpxtpx:TrackPointExtension>
            <gpxtpx:hr>126</gpxtpx:hr>
          </gpxtpx:TrackPointExtension>
        </extensions>
      </trkpt>
      <trkpt lat="40.645027" lon="-0.090213">
        <ele>1149.2</ele>
        <time>2013-04-07T07:52:27Z</time>
        <sat>10</sat>
        <extensions>
          <gpxtpx:TrackPointExtension>
            <gpxtpx:hr>126</gpxtpx:hr>
          </gpxtpx:TrackPointExtension>
        </extensions>
      </trkpt>
      <trkpt lat="40.645022" lon="-0.090311">
        <ele>1149.1</ele>
        <time>2013-04-07T07:52:29Z</time>
        <sat>10</sat>
        <extensions>
          <gpxtpx:TrackPointExtension>
            <gpxtpx:hr>127</gpxtpx:hr>
          </gpxtpx:TrackPointExtension>
        </extensions>
      </trkpt>
      <trkpt lat="40.645029" lon="-0.090418">
        <ele>1148.4</ele>
        <time>2013-04-07T07:52:31Z</time>
        <sat>10</sat>
        <extensions>
          <gpxtpx:TrackPointExtension>
            <gpxtpx:hr>128</gpxtpx:hr>
          </gpxtpx:TrackPointExtension>
        </extensions>
      </trkpt>
      <trkpt lat="40.645037" lon="-0.090519">
        <ele>1147.7</ele>
        <time>2013-04-07T07:52:33Z</time>
        <sat>10</sat>
        <extensions>
          <gpxtpx:TrackPointExtension>
            <gpxtpx:hr>130</gpxtpx:hr>
          </gpxtpx:TrackPointExtension>
        </extensions>
      </trkpt>
      <trkpt lat="40.645025" lon="-0.090631">
        <ele>1148.4</ele>
        <time>2013-04-07T07:52:36Z</time>
        <sat>10</sat>
        <extensions>
          <gpxtpx:TrackPointExtension>
            <gpxtpx:hr>134</gpxtpx:hr>
          </gpxtpx:TrackPointExtension>
        </extensions>
      </trkpt>
      <trkpt lat="40.645027" lon="-0.090724">
        <ele>1148.8</ele>
        <time>2013-04-07T07:52:39Z</time>
        <sat>10</sat>
        <extensions>
          <gpxtpx:TrackPointExtension>
            <gpxtpx:hr>138</gpxtpx:hr>
          </gpxtpx:TrackPointExtension>
        </extensions>
      </trkpt>
      <trkpt lat="40.645014" lon="-0.090833">
        <ele>1150.8</ele>
        <time>2013-04-07T07:52:44Z</time>
        <sat>10</sat>
        <extensions>
          <gpxtpx:TrackPointExtension>
            <gpxtpx:hr>145</gpxtpx:hr>
          </gpxtpx:TrackPointExtension>
        </extensions>
      </trkpt>
      <trkpt lat="40.645020" lon="-0.090939">
        <ele>1150.9</ele>
        <time>2013-04-07T07:52:49Z</time>
        <sat>10</sat>
        <extensions>
          <gpxtpx:TrackPointExtension>
            <gpxtpx:hr>153</gpxtpx:hr>
          </gpxtpx:TrackPointExtension>
        </extensions>
      </trkpt>
      <trkpt lat="40.645034" lon="-0.091046">
        <ele>1150.6</ele>
        <time>2013-04-07T07:52:54Z</time>
        <sat>11</sat>
        <extensions>
          <gpxtpx:TrackPointExtension>
            <gpxtpx:hr>158</gpxtpx:hr>
          </gpxtpx:TrackPointExtension>
        </extensions>
      </trkpt>
      <trkpt lat="40.645032" lon="-0.091163">
        <ele>1151.0</ele>
        <time>2013-04-07T07:53:00Z</time>
        <sat>11</sat>
        <extensions>
          <gpxtpx:TrackPointExtension>
            <gpxtpx:hr>162</gpxtpx:hr>
          </gpxtpx:TrackPointExtension>
        </extensions>
      </trkpt>
      <trkpt lat="40.645039" lon="-0.091278">
        <ele>1150.6</ele>
        <time>2013-04-07T07:53:06Z</time>
        <sat>11</sat>
        <extensions>
          <gpxtpx:TrackPointExtension>
            <gpxtpx:hr>164</gpxtpx:hr>
          </gpxtpx:TrackPointExtension>
        </extensions>
      </trkpt>
      <trkpt lat="40.645044" lon="-0.091293">
        <ele>1150.6</ele>
        <time>2013-04-07T07:53:07Z</time>
        <sat>11</sat>
        <extensions>
          <gpxtpx:TrackPointExtension>
            <gpxtpx:hr>164</gpxtpx:hr>
          </gpxtpx:TrackPointExtension>
        </extensions>
      </trkpt>
      <trkpt lat="40.645124" lon="-0.091463">
        <ele>1150.9</ele>
        <time>2013-04-07T07:53:17Z</time>
        <sat>11</sat>
        <extensions>
          <gpxtpx:TrackPointExtension>
            <gpxtpx:hr>164</gpxtpx:hr>
          </gpxtpx:TrackPointExtension>
        </extensions>
      </trkpt>
      <trkpt lat="40.645154" lon="-0.091553">
        <ele>1151.4</ele>
        <time>2013-04-07T07:53:21Z</time>
        <sat>11</sat>
      </trkpt>
      <trkpt lat="40.645182" lon="-0.091643">
        <ele>1151.2</ele>
        <time>2013-04-07T07:53:25Z</time>
        <sat>11</sat>
        <extensions>
          <gpxtpx:TrackPointExtension>
            <gpxtpx:hr>162</gpxtpx:hr>
          </gpxtpx:TrackPointExtension>
        </extensions>
      </trkpt>
      <trkpt lat="40.645222" lon="-0.091731">
        <ele>1151.2</ele>
        <time>2013-04-07T07:53:29Z</time>
        <sat>11</sat>
        <extensions>
          <gpxtpx:TrackPointExtension>
            <gpxtpx:hr>160</gpxtpx:hr>
          </gpxtpx:TrackPointExtension>
        </extensions>
      </trkpt>
      <trkpt lat="40.645249" lon="-0.091839">
        <ele>1151.9</ele>
        <time>2013-04-07T07:53:34Z</time>
        <sat>11</sat>
        <extensions>
          <gpxtpx:TrackPointExtension>
            <gpxtpx:hr>159</gpxtpx:hr>
          </gpxtpx:TrackPointExtension>
        </extensions>
      </trkpt>
      <trkpt lat="40.645265" lon="-0.091954">
        <ele>1152.3</ele>
        <time>2013-04-07T07:53:39Z</time>
        <sat>11</sat>
        <extensions>
          <gpxtpx:TrackPointExtension>
            <gpxtpx:hr>157</gpxtpx:hr>
          </gpxtpx:TrackPointExtension>
        </extensions>
      </trkpt>
      <trkpt lat="40.645312" lon="-0.092053">
        <ele>1152.7</ele>
        <time>2013-04-07T07:53:44Z</time>
        <sat>11</sat>
      </trkpt>
      <trkpt lat="40.645345" lon="-0.092161">
        <ele>1153.3</ele>
        <time>2013-04-07T07:53:49Z</time>
        <sat>11</sat>
        <extensions>
          <gpxtpx:TrackPointExtension>
            <gpxtpx:hr>154</gpxtpx:hr>
          </gpxtpx:TrackPointExtension>
        </extensions>
      </trkpt>
      <trkpt lat="40.645386" lon="-0.092253">
        <ele>1154.2</ele>
        <time>2013-04-07T07:53:54Z</time>
        <sat>11</sat>
        <extensions>
          <gpxtpx:TrackPointExtension>
            <gpxtpx:hr>154</gpxtpx:hr>
          </gpxtpx:TrackPointExtension>
        </extensions>
      </trkpt>
      <trkpt lat="40.645414" lon="-0.092358">
        <ele>1154.7</ele>
        <time>2013-04-07T07:54:00Z</time>
        <sat>11</sat>
        <extensions>
          <gpxtpx:TrackPointExtension>
            <gpxtpx:hr>156</gpxtpx:hr>
          </gpxtpx:TrackPointExtension>
        </extensions>
      </trkpt>
      <trkpt lat="40.645434" lon="-0.092463">
        <ele>1154.5</ele>
        <time>2013-04-07T07:54:05Z</time>
        <sat>11</sat>
        <extensions>
          <gpxtpx:TrackPointExtension>
            <gpxtpx:hr>157</gpxtpx:hr>
          </gpxtpx:TrackPointExtension>
        </extensions>
      </trkpt>
      <trkpt lat="40.645460" lon="-0.092563">
        <ele>1154.5</ele>
        <time>2013-04-07T07:54:10Z</time>
        <sat>11</sat>
        <extensions>
          <gpxtpx:TrackPointExtension>
            <gpxtpx:hr>158</gpxtpx:hr>
          </gpxtpx:TrackPointExtension>
        </extensions>
      </trkpt>
      <trkpt lat="40.645467" lon="-0.092586">
        <ele>1154.3</ele>
        <time>2013-04-07T07:54:11Z</time>
        <sat>11</sat>
        <extensions>
          <gpxtpx:TrackPointExtension>
            <gpxtpx:hr>158</gpxtpx:hr>
          </gpxtpx:TrackPointExtension>
        </extensions>
      </trkpt>
      <trkpt lat="40.645496" lon="-0.092764">
        <ele>1154.0</ele>
        <time>2013-04-07T07:54:17Z</time>
        <sat>11</sat>
        <extensions>
          <gpxtpx:TrackPointExtension>
            <gpxtpx:hr>158</gpxtpx:hr>
          </gpxtpx:TrackPointExtension>
        </extensions>
      </trkpt>
      <trkpt lat="40.645521" lon="-0.092864">
        <ele>1154.0</ele>
        <time>2013-04-07T07:54:20Z</time>
        <sat>11</sat>
        <extensions>
          <gpxtpx:TrackPointExtension>
            <gpxtpx:hr>156</gpxtpx:hr>
          </gpxtpx:TrackPointExtension>
        </extensions>
      </trkpt>
      <trkpt lat="40.645550" lon="-0.092964">
        <ele>1155.1</ele>
        <time>2013-04-07T07:54:23Z</time>
        <sat>11</sat>
        <extensions>
          <gpxtpx:TrackPointExtension>
            <gpxtpx:hr>155</gpxtpx:hr>
          </gpxtpx:TrackPointExtension>
        </extensions>
      </trkpt>
      <trkpt lat="40.645577" lon="-0.093053">
        <ele>1155.5</ele>
        <time>2013-04-07T07:54:26Z</time>
        <sat>11</sat>
        <extensions>
          <gpxtpx:TrackPointExtension>
            <gpxtpx:hr>155</gpxtpx:hr>
          </gpxtpx:TrackPointExtension>
        </extensions>
      </trkpt>
      <trkpt lat="40.645597" lon="-0.093155">
        <ele>1156.0</ele>
        <time>2013-04-07T07:54:30Z</time>
        <sat>11</sat>
        <extensions>
          <gpxtpx:TrackPointExtension>
            <gpxtpx:hr>153</gpxtpx:hr>
          </gpxtpx:TrackPointExtension>
        </extensions>
      </trkpt>
      <trkpt lat="40.645597" lon="-0.093244">
        <ele>1156.3</ele>
        <time>2013-04-07T07:54:33Z</time>
        <sat>11</sat>
        <extensions>
          <gpxtpx:TrackPointExtension>
            <gpxtpx:hr>153</gpxtpx:hr>
          </gpxtpx:TrackPointExtension>
        </extensions>
      </trkpt>
      <trkpt lat="40.645592" lon="-0.093347">
        <ele>1156.2</ele>
        <time>2013-04-07T07:54:36Z</time>
        <sat>11</sat>
        <extensions>
          <gpxtpx:TrackPointExtension>
            <gpxtpx:hr>152</gpxtpx:hr>
          </gpxtpx:TrackPointExtension>
        </extensions>
      </trkpt>
      <trkpt lat="40.645609" lon="-0.093454">
        <ele>1155.7</ele>
        <time>2013-04-07T07:54:39Z</time>
        <sat>11</sat>
        <extensions>
          <gpxtpx:TrackPointExtension>
            <gpxtpx:hr>151</gpxtpx:hr>
          </gpxtpx:TrackPointExtension>
        </extensions>
      </trkpt>
      <trkpt lat="40.645645" lon="-0.093553">
        <ele>1155.8</ele>
        <time>2013-04-07T07:54:43Z</time>
        <sat>11</sat>
        <extensions>
          <gpxtpx:TrackPointExtension>
            <gpxtpx:hr>151</gpxtpx:hr>
          </gpxtpx:TrackPointExtension>
        </extensions>
      </trkpt>
      <trkpt lat="40.645662" lon="-0.093668">
        <ele>1155.2</ele>
        <time>2013-04-07T07:54:47Z</time>
        <sat>11</sat>
        <extensions>
          <gpxtpx:TrackPointExtension>
            <gpxtpx:hr>151</gpxtpx:hr>
          </gpxtpx:TrackPointExtension>
        </extensions>
      </trkpt>
      <trkpt lat="40.645664" lon="-0.093764">
        <ele>1154.7</ele>
        <time>2013-04-07T07:54:50Z</time>
        <sat>11</sat>
        <extensions>
          <gpxtpx:TrackPointExtension>
            <gpxtpx:hr>149</gpxtpx:hr>
          </gpxtpx:TrackPointExtension>
        </extensions>
      </trkpt>
      <trkpt lat="40.645655" lon="-0.093863">
        <ele>1154.2</ele>
        <time>2013-04-07T07:54:53Z</time>
        <sat>11</sat>
        <extensions>
          <gpxtpx:TrackPointExtension>
            <gpxtpx:hr>148</gpxtpx:hr>
          </gpxtpx:TrackPointExtension>
        </extensions>
      </trkpt>
      <trkpt lat="40.645639" lon="-0.093974">
        <ele>1154.5</ele>
        <time>2013-04-07T07:54:56Z</time>
        <sat>11</sat>
        <extensions>
          <gpxtpx:TrackPointExtension>
            <gpxtpx:hr>147</gpxtpx:hr>
          </gpxtpx:TrackPointExtension>
        </extensions>
      </trkpt>
      <trkpt lat="40.645637" lon="-0.094078">
        <ele>1153.9</ele>
        <time>2013-04-07T07:54:59Z</time>
        <sat>11</sat>
        <extensions>
          <gpxtpx:TrackPointExtension>
            <gpxtpx:hr>147</gpxtpx:hr>
          </gpxtpx:TrackPointExtension>
        </extensions>
      </trkpt>
      <trkpt lat="40.645625" lon="-0.094164">
        <ele>1153.4</ele>
        <time>2013-04-07T07:55:02Z</time>
        <sat>11</sat>
        <extensions>
          <gpxtpx:TrackPointExtension>
            <gpxtpx:hr>147</gpxtpx:hr>
          </gpxtpx:TrackPointExtension>
        </extensions>
      </trkpt>
      <trkpt lat="40.645590" lon="-0.094266">
        <ele>1154.0</ele>
        <time>2013-04-07T07:55:05Z</time>
        <sat>11</sat>
        <extensions>
          <gpxtpx:TrackPointExtension>
            <gpxtpx:hr>146</gpxtpx:hr>
          </gpxtpx:TrackPointExtension>
        </extensions>
      </trkpt>
      <trkpt lat="40.645554" lon="-0.094363">
        <ele>1154.8</ele>
        <time>2013-04-07T07:55:08Z</time>
        <sat>11</sat>
        <extensions>
          <gpxtpx:TrackPointExtension>
            <gpxtpx:hr>145</gpxtpx:hr>
          </gpxtpx:TrackPointExtension>
        </extensions>
      </trkpt>
      <trkpt lat="40.645564" lon="-0.094466">
        <ele>1154.2</ele>
        <time>2013-04-07T07:55:12Z</time>
        <sat>11</sat>
        <extensions>
          <gpxtpx:TrackPointExtension>
            <gpxtpx:hr>145</gpxtpx:hr>
          </gpxtpx:TrackPointExtension>
        </extensions>
      </trkpt>
      <trkpt lat="40.645569" lon="-0.094486">
        <ele>1154.2</ele>
        <time>2013-04-07T07:55:13Z</time>
        <sat>11</sat>
        <extensions>
          <gpxtpx:TrackPointExtension>
            <gpxtpx:hr>145</gpxtpx:hr>
          </gpxtpx:TrackPointExtension>
        </extensions>
      </trkpt>
      <trkpt lat="40.645584" lon="-0.094679">
        <ele>1155.5</ele>
        <time>2013-04-07T07:55:22Z</time>
        <sat>11</sat>
        <extensions>
          <gpxtpx:TrackPointExtension>
            <gpxtpx:hr>150</gpxtpx:hr>
          </gpxtpx:TrackPointExtension>
        </extensions>
      </trkpt>
      <trkpt lat="40.645602" lon="-0.094788">
        <ele>1155.9</ele>
        <time>2013-04-07T07:55:28Z</time>
        <sat>11</sat>
        <extensions>
          <gpxtpx:TrackPointExtension>
            <gpxtpx:hr>152</gpxtpx:hr>
          </gpxtpx:TrackPointExtension>
        </extensions>
      </trkpt>
      <trkpt lat="40.645609" lon="-0.094879">
        <ele>1155.9</ele>
        <time>2013-04-07T07:55:32Z</time>
        <sat>11</sat>
        <extensions>
          <gpxtpx:TrackPointExtension>
            <gpxtpx:hr>153</gpxtpx:hr>
          </gpxtpx:TrackPointExtension>
        </extensions>
      </trkpt>
      <trkpt lat="40.645609" lon="-0.094978">
        <ele>1155.6</ele>
        <time>2013-04-07T07:55:35Z</time>
        <sat>11</sat>
        <extensions>
          <gpxtpx:TrackPointExtension>
            <gpxtpx:hr>152</gpxtpx:hr>
          </gpxtpx:TrackPointExtension>
        </extensions>
      </trkpt>
      <trkpt lat="40.645599" lon="-0.095073">
        <ele>1155.4</ele>
        <time>2013-04-07T07:55:39Z</time>
        <sat>11</sat>
        <extensions>
          <gpxtpx:TrackPointExtension>
            <gpxtpx:hr>152</gpxtpx:hr>
          </gpxtpx:TrackPointExtension>
        </extensions>
      </trkpt>
      <trkpt lat="40.645575" lon="-0.095168">
        <ele>1155.6</ele>
        <time>2013-04-07T07:55:42Z</time>
        <sat>11</sat>
        <extensions>
          <gpxtpx:TrackPointExtension>
            <gpxtpx:hr>152</gpxtpx:hr>
          </gpxtpx:TrackPointExtension>
        </extensions>
      </trkpt>
      <trkpt lat="40.645565" lon="-0.095261">
        <ele>1155.6</ele>
        <time>2013-04-07T07:55:45Z</time>
        <sat>11</sat>
        <extensions>
          <gpxtpx:TrackPointExtension>
            <gpxtpx:hr>152</gpxtpx:hr>
          </gpxtpx:TrackPointExtension>
        </extensions>
      </trkpt>
      <trkpt lat="40.645564" lon="-0.095357">
        <ele>1155.2</ele>
        <time>2013-04-07T07:55:48Z</time>
        <sat>11</sat>
        <extensions>
          <gpxtpx:TrackPointExtension>
            <gpxtpx:hr>151</gpxtpx:hr>
          </gpxtpx:TrackPointExtension>
        </extensions>
      </trkpt>
      <trkpt lat="40.645599" lon="-0.095466">
        <ele>1153.8</ele>
        <time>2013-04-07T07:55:53Z</time>
        <sat>10</sat>
        <extensions>
          <gpxtpx:TrackPointExtension>
            <gpxtpx:hr>148</gpxtpx:hr>
          </gpxtpx:TrackPointExtension>
        </extensions>
      </trkpt>
      <trkpt lat="40.645580" lon="-0.095568">
        <ele>1154.5</ele>
        <time>2013-04-07T07:55:57Z</time>
        <sat>10</sat>
        <extensions>
          <gpxtpx:TrackPointExtension>
            <gpxtpx:hr>142</gpxtpx:hr>
          </gpxtpx:TrackPointExtension>
        </extensions>
      </trkpt>
      <trkpt lat="40.645549" lon="-0.095669">
        <ele>1154.7</ele>
        <time>2013-04-07T07:56:02Z</time>
        <sat>10</sat>
        <extensions>
          <gpxtpx:TrackPointExtension>
            <gpxtpx:hr>143</gpxtpx:hr>
          </gpxtpx:TrackPointExtension>
        </extensions>
      </trkpt>
      <trkpt lat="40.645584" lon="-0.095847">
        <ele>1154.6</ele>
        <time>2013-04-07T07:56:07Z</time>
        <sat>10</sat>
      </trkpt>
      <trkpt lat="40.645584" lon="-0.095849">
        <ele>1154.6</ele>
        <time>2013-01-19T08:50:28Z</time>
      </trkpt>
      <trkpt lat="40.645582" lon="-0.095849">
        <ele>1154.6</ele>
        <time>2013-01-25T22:24:04Z</time>
      </trkpt>
      <trkpt lat="40.645558" lon="-0.095830">
        <ele>1154.4</ele>
        <time>2013-04-23T08:22:01Z</time>
      </trkpt>
      <trkpt lat="40.645547" lon="-0.095813">
        <ele>1154.4</ele>
        <time>2013-06-15T01:22:32Z</time>
      </trkpt>
      <trkpt lat="40.645508" lon="-0.095775">
        <ele>1154.2</ele>
        <time>2013-09-26T12:14:43Z</time>
      </trkpt>
      <trkpt lat="40.645435" lon="-0.095723">
        <ele>1153.3</ele>
        <time>2014-03-10T10:07:30Z</time>
      </trkpt>
      <trkpt lat="40.645390" lon="-0.095671">
        <ele>1152.6</ele>
        <time>2014-07-28T22:12:27Z</time>
      </trkpt>
      <trkpt lat="40.645384" lon="-0.095649">
        <ele>1152.5</ele>
        <time>2014-09-08T06:17:46Z</time>
        <extensions>
          <gpxtpx:TrackPointExtension>
            <gpxtpx:hr>142</gpxtpx:hr>
          </gpxtpx:TrackPointExtension>
        </extensions>
      </trkpt>
      <trkpt lat="40.645334" lon="-0.095599">
        <ele>1151.7</ele>
        <time>2014-09-08T06:17:48Z</time>
        <extensions>
          <gpxtpx:TrackPointExtension>
            <gpxtpx:hr>141</gpxtpx:hr>
          </gpxtpx:TrackPointExtension>
        </extensions>
      </trkpt>
      <trkpt lat="40.645267" lon="-0.095549">
        <ele>1150.5</ele>
        <time>2014-09-08T06:17:50Z</time>
        <extensions>
          <gpxtpx:TrackPointExtension>
            <gpxtpx:hr>141</gpxtpx:hr>
          </gpxtpx:TrackPointExtension>
        </extensions>
      </trkpt>
      <trkpt lat="40.645217" lon="-0.095466">
        <ele>1149.5</ele>
        <time>2014-09-08T06:17:53Z</time>
        <extensions>
          <gpxtpx:TrackPointExtension>
            <gpxtpx:hr>140</gpxtpx:hr>
          </gpxtpx:TrackPointExtension>
        </extensions>
      </trkpt>
      <trkpt lat="40.645200" lon="-0.095366">
        <ele>1149.0</ele>
        <time>2014-09-08T06:17:55Z</time>
        <extensions>
          <gpxtpx:TrackPointExtension>
            <gpxtpx:hr>140</gpxtpx:hr>
          </gpxtpx:TrackPointExtension>
        </extensions>
      </trkpt>
      <trkpt lat="40.645184" lon="-0.095299">
        <ele>1148.5</ele>
        <time>2014-09-08T06:17:56Z</time>
        <extensions>
          <gpxtpx:TrackPointExtension>
            <gpxtpx:hr>140</gpxtpx:hr>
          </gpxtpx:TrackPointExtension>
        </extensions>
      </trkpt>
      <trkpt lat="40.645167" lon="-0.095233">
        <ele>1148.0</ele>
        <time>2014-09-08T06:17:57Z</time>
        <extensions>
          <gpxtpx:TrackPointExtension>
            <gpxtpx:hr>141</gpxtpx:hr>
          </gpxtpx:TrackPointExtension>
        </extensions>
      </trkpt>
      <trkpt lat="40.645150" lon="-0.095166">
        <ele>1147.4</ele>
        <time>2014-09-08T06:17:58Z</time>
        <extensions>
          <gpxtpx:TrackPointExtension>
            <gpxtpx:hr>141</gpxtpx:hr>
          </gpxtpx:TrackPointExtension>
        </extensions>
      </trkpt>
      <trkpt lat="40.645117" lon="-0.095066">
        <ele>1146.4</ele>
        <time>2014-09-08T06:18:00Z</time>
        <extensions>
          <gpxtpx:TrackPointExtension>
            <gpxtpx:hr>142</gpxtpx:hr>
          </gpxtpx:TrackPointExtension>
        </extensions>
      </trkpt>
      <trkpt lat="40.645117" lon="-0.094949">
        <ele>1145.8</ele>
        <time>2014-09-08T06:18:05Z</time>
        <extensions>
          <gpxtpx:TrackPointExtension>
            <gpxtpx:hr>140</gpxtpx:hr>
          </gpxtpx:TrackPointExtension>
        </extensions>
      </trkpt>
      <trkpt lat="40.645067" lon="-0.095033">
        <ele>1145.0</ele>
        <time>2014-09-08T06:18:15Z</time>
        <extensions>
          <gpxtpx:TrackPointExtension>
            <gpxtpx:hr>139</gpxtpx:hr>
          </gpxtpx:TrackPointExtension>
        </extensions>
      </trkpt>
      <trkpt lat="40.645017" lon="-0.095100">
        <ele>1144.1</ele>
        <time>2014-09-08T06:18:19Z</time>
        <extensions>
          <gpxtpx:TrackPointExtension>
            <gpxtpx:hr>137</gpxtpx:hr>
          </gpxtpx:TrackPointExtension>
        </extensions>
      </trkpt>
      <trkpt lat="40.644951" lon="-0.095083">
        <ele>1141.8</ele>
        <time>2014-09-08T06:18:21Z</time>
      </trkpt>
      <trkpt lat="40.644884" lon="-0.095049">
        <ele>1138.9</ele>
        <time>2014-09-08T06:18:23Z</time>
        <extensions>
          <gpxtpx:TrackPointExtension>
            <gpxtpx:hr>134</gpxtpx:hr>
          </gpxtpx:TrackPointExtension>
        </extensions>
      </trkpt>
      <trkpt lat="40.644800" lon="-0.094983">
        <ele>1137.5</ele>
        <time>2014-09-08T06:18:25Z</time>
        <extensions>
          <gpxtpx:TrackPointExtension>
            <gpxtpx:hr>134</gpxtpx:hr>
          </gpxtpx:TrackPointExtension>
        </extensions>
      </trkpt>
      <trkpt lat="40.644734" lon="-0.094916">
        <ele>1137.6</ele>
        <time>2014-09-08T06:18:27Z</time>
        <extensions>
          <gpxtpx:TrackPointExtension>
            <gpxtpx:hr>134</gpxtpx:hr>
          </gpxtpx:TrackPointExtension>
        </extensions>
      </trkpt>
      <trkpt lat="40.644700" lon="-0.094883">
        <ele>1137.6</ele>
        <time>2014-09-08T06:18:28Z</time>
        <extensions>
          <gpxtpx:TrackPointExtension>
            <gpxtpx:hr>134</gpxtpx:hr>
          </gpxtpx:TrackPointExtension>
        </extensions>
      </trkpt>
      <trkpt lat="40.644584" lon="-0.094833">
        <ele>1138.6</ele>
        <time>2014-09-08T06:19:17Z</time>
        <extensions>
          <gpxtpx:TrackPointExtension>
            <gpxtpx:hr>124</gpxtpx:hr>
          </gpxtpx:TrackPointExtension>
        </extensions>
      </trkpt>
      <trkpt lat="40.644501" lon="-0.094816">
        <ele>1137.9</ele>
        <time>2014-09-08T06:19:22Z</time>
        <extensions>
          <gpxtpx:TrackPointExtension>
            <gpxtpx:hr>122</gpxtpx:hr>
          </gpxtpx:TrackPointExtension>
        </extensions>
      </trkpt>
      <trkpt lat="40.644417" lon="-0.094800">
        <ele>1134.1</ele>
        <time>2014-09-08T06:19:27Z</time>
        <extensions>
          <gpxtpx:TrackPointExtension>
            <gpxtpx:hr>117</gpxtpx:hr>
          </gpxtpx:TrackPointExtension>
        </extensions>
      </trkpt>
      <trkpt lat="40.644401" lon="-0.094700">
        <ele>1132.2</ele>
        <time>2014-09-08T06:19:31Z</time>
        <extensions>
          <gpxtpx:TrackPointExtension>
            <gpxtpx:hr>116</gpxtpx:hr>
          </gpxtpx:TrackPointExtension>
        </extensions>
      </trkpt>
      <trkpt lat="40.644401" lon="-0.094683">
        <ele>1132.0</ele>
        <time>2014-09-08T06:19:32Z</time>
        <extensions>
          <gpxtpx:TrackPointExtension>
            <gpxtpx:hr>116</gpxtpx:hr>
          </gpxtpx:TrackPointExtension>
        </extensions>
      </trkpt>
      <trkpt lat="40.644267" lon="-0.094800">
        <ele>1129.3</ele>
        <time>2014-09-08T06:19:43Z</time>
        <extensions>
          <gpxtpx:TrackPointExtension>
            <gpxtpx:hr>123</gpxtpx:hr>
          </gpxtpx:TrackPointExtension>
        </extensions>
      </trkpt>
      <trkpt lat="40.644200" lon="-0.094849">
        <ele>1128.9</ele>
        <time>2014-09-08T06:19:45Z</time>
        <extensions>
          <gpxtpx:TrackPointExtension>
            <gpxtpx:hr>126</gpxtpx:hr>
          </gpxtpx:TrackPointExtension>
        </extensions>
      </trkpt>
      <trkpt lat="40.644151" lon="-0.094900">
        <ele>1128.8</ele>
        <time>2014-09-08T06:19:47Z</time>
        <extensions>
          <gpxtpx:TrackPointExtension>
            <gpxtpx:hr>127</gpxtpx:hr>
          </gpxtpx:TrackPointExtension>
        </extensions>
      </trkpt>
      <trkpt lat="40.644067" lon="-0.094916">
        <ele>1127.9</ele>
        <time>2014-09-08T06:19:49Z</time>
        <extensions>
          <gpxtpx:TrackPointExtension>
            <gpxtpx:hr>130</gpxtpx:hr>
          </gpxtpx:TrackPointExtension>
        </extensions>
      </trkpt>
      <trkpt lat="40.644017" lon="-0.094916">
        <ele>1127.5</ele>
        <time>2014-09-08T06:19:50Z</time>
        <extensions>
          <gpxtpx:TrackPointExtension>
            <gpxtpx:hr>131</gpxtpx:hr>
          </gpxtpx:TrackPointExtension>
        </extensions>
      </trkpt>
      <trkpt lat="40.643951" lon="-0.094916">
        <ele>1127.0</ele>
        <time>2014-09-08T06:19:51Z</time>
        <extensions>
          <gpxtpx:TrackPointExtension>
            <gpxtpx:hr>132</gpxtpx:hr>
          </gpxtpx:TrackPointExtension>
        </extensions>
      </trkpt>
      <trkpt lat="40.643867" lon="-0.094900">
        <ele>1126.3</ele>
        <time>2014-09-08T06:19:53Z</time>
        <extensions>
          <gpxtpx:TrackPointExtension>
            <gpxtpx:hr>132</gpxtpx:hr>
          </gpxtpx:TrackPointExtension>
        </extensions>
      </trkpt>
      <trkpt lat="40.643801" lon="-0.094866">
        <ele>1125.5</ele>
        <time>2014-09-08T06:19:55Z</time>
        <extensions>
          <gpxtpx:TrackPointExtension>
            <gpxtpx:hr>133</gpxtpx:hr>
          </gpxtpx:TrackPointExtension>
        </extensions>
      </trkpt>
      <trkpt lat="40.643784" lon="-0.094749">
        <ele>1123.9</ele>
        <time>2014-09-08T06:19:58Z</time>
        <extensions>
          <gpxtpx:TrackPointExtension>
            <gpxtpx:hr>134</gpxtpx:hr>
          </gpxtpx:TrackPointExtension>
        </extensions>
      </trkpt>
      <trkpt lat="40.643767" lon="-0.094683">
        <ele>1123.0</ele>
        <time>2014-09-08T06:20:00Z</time>
        <extensions>
          <gpxtpx:TrackPointExtension>
            <gpxtpx:hr>133</gpxtpx:hr>
          </gpxtpx:TrackPointExtension>
        </extensions>
      </trkpt>
      <trkpt lat="40.643734" lon="-0.094566">
        <ele>1121.6</ele>
        <time>2014-09-08T06:20:02Z</time>
        <extensions>
          <gpxtpx:TrackPointExtension>
            <gpxtpx:hr>132</gpxtpx:hr>
          </gpxtpx:TrackPointExtension>
        </extensions>
      </trkpt>
      <trkpt lat="40.643734" lon="-0.094500">
        <ele>1120.7</ele>
        <time>2014-09-08T06:20:03Z</time>
        <extensions>
          <gpxtpx:TrackPointExtension>
            <gpxtpx:hr>132</gpxtpx:hr>
          </gpxtpx:TrackPointExtension>
        </extensions>
      </trkpt>
      <trkpt lat="40.643717" lon="-0.094433">
        <ele>1119.9</ele>
        <time>2014-09-08T06:20:04Z</time>
        <extensions>
          <gpxtpx:TrackPointExtension>
            <gpxtpx:hr>131</gpxtpx:hr>
          </gpxtpx:TrackPointExtension>
        </extensions>
      </trkpt>
      <trkpt lat="40.643717" lon="-0.094366">
        <ele>1118.7</ele>
        <time>2014-09-08T06:20:05Z</time>
        <extensions>
          <gpxtpx:TrackPointExtension>
            <gpxtpx:hr>130</gpxtpx:hr>
          </gpxtpx:TrackPointExtension>
        </extensions>
      </trkpt>
      <trkpt lat="40.643701" lon="-0.094316">
        <ele>1117.9</ele>
        <time>2014-09-08T06:20:06Z</time>
        <extensions>
          <gpxtpx:TrackPointExtension>
            <gpxtpx:hr>130</gpxtpx:hr>
          </gpxtpx:TrackPointExtension>
        </extensions>
      </trkpt>
      <trkpt lat="40.643701" lon="-0.094199">
        <ele>1116.0</ele>
        <time>2014-09-08T06:20:08Z</time>
        <extensions>
          <gpxtpx:TrackPointExtension>
            <gpxtpx:hr>127</gpxtpx:hr>
          </gpxtpx:TrackPointExtension>
        </extensions>
      </trkpt>
      <trkpt lat="40.643667" lon="-0.094083">
        <ele>1114.6</ele>
        <time>2014-09-08T06:20:11Z</time>
        <extensions>
          <gpxtpx:TrackPointExtension>
            <gpxtpx:hr>143</gpxtpx:hr>
          </gpxtpx:TrackPointExtension>
        </extensions>
      </trkpt>
      <trkpt lat="40.643650" lon="-0.094000">
        <ele>1113.4</ele>
        <time>2014-09-08T06:20:14Z</time>
        <extensions>
          <gpxtpx:TrackPointExtension>
            <gpxtpx:hr>140</gpxtpx:hr>
          </gpxtpx:TrackPointExtension>
        </extensions>
      </trkpt>
      <trkpt lat="40.643601" lon="-0.093933">
        <ele>1113.5</ele>
        <time>2014-09-08T06:20:17Z</time>
        <extensions>
          <gpxtpx:TrackPointExtension>
            <gpxtpx:hr>135</gpxtpx:hr>
          </gpxtpx:TrackPointExtension>
        </extensions>
      </trkpt>
      <trkpt lat="40.643584" lon="-0.093849">
        <ele>1112.6</ele>
        <time>2014-09-08T06:20:19Z</time>
        <extensions>
          <gpxtpx:TrackPointExtension>
            <gpxtpx:hr>134</gpxtpx:hr>
          </gpxtpx:TrackPointExtension>
        </extensions>
      </trkpt>
      <trkpt lat="40.643550" lon="-0.093749">
        <ele>1111.5</ele>
        <time>2014-09-08T06:20:22Z</time>
        <extensions>
          <gpxtpx:TrackPointExtension>
            <gpxtpx:hr>133</gpxtpx:hr>
          </gpxtpx:TrackPointExtension>
        </extensions>
      </trkpt>
      <trkpt lat="40.643517" lon="-0.093650">
        <ele>1109.2</ele>
        <time>2014-09-08T06:20:25Z</time>
        <extensions>
          <gpxtpx:TrackPointExtension>
            <gpxtpx:hr>132</gpxtpx:hr>
          </gpxtpx:TrackPointExtension>
        </extensions>
      </trkpt>
      <trkpt lat="40.643467" lon="-0.093583">
        <ele>1107.2</ele>
        <time>2014-09-08T06:20:27Z</time>
        <extensions>
          <gpxtpx:TrackPointExtension>
            <gpxtpx:hr>133</gpxtpx:hr>
          </gpxtpx:TrackPointExtension>
        </extensions>
      </trkpt>
      <trkpt lat="40.643434" lon="-0.093516">
        <ele>1105.3</ele>
        <time>2014-09-08T06:20:29Z</time>
        <extensions>
          <gpxtpx:TrackPointExtension>
            <gpxtpx:hr>133</gpxtpx:hr>
          </gpxtpx:TrackPointExtension>
        </extensions>
      </trkpt>
      <trkpt lat="40.643384" lon="-0.093466">
        <ele>1104.1</ele>
        <time>2014-09-08T06:20:32Z</time>
        <extensions>
          <gpxtpx:TrackPointExtension>
            <gpxtpx:hr>129</gpxtpx:hr>
          </gpxtpx:TrackPointExtension>
        </extensions>
      </trkpt>
      <trkpt lat="40.643351" lon="-0.093466">
        <ele>1103.7</ele>
        <time>2014-09-08T06:20:33Z</time>
        <extensions>
          <gpxtpx:TrackPointExtension>
            <gpxtpx:hr>128</gpxtpx:hr>
          </gpxtpx:TrackPointExtension>
        </extensions>
      </trkpt>
      <trkpt lat="40.643267" lon="-0.093433">
        <ele>1101.2</ele>
        <time>2014-09-08T06:20:39Z</time>
        <extensions>
          <gpxtpx:TrackPointExtension>
            <gpxtpx:hr>126</gpxtpx:hr>
          </gpxtpx:TrackPointExtension>
        </extensions>
      </trkpt>
      <trkpt lat="40.643217" lon="-0.093350">
        <ele>1099.0</ele>
        <time>2014-09-08T06:20:43Z</time>
        <extensions>
          <gpxtpx:TrackPointExtension>
            <gpxtpx:hr>127</gpxtpx:hr>
          </gpxtpx:TrackPointExtension>
        </extensions>
      </trkpt>
      <trkpt lat="40.643134" lon="-0.093333">
        <ele>1096.8</ele>
        <time>2014-09-08T06:20:46Z</time>
        <extensions>
          <gpxtpx:TrackPointExtension>
            <gpxtpx:hr>127</gpxtpx:hr>
          </gpxtpx:TrackPointExtension>
        </extensions>
      </trkpt>
      <trkpt lat="40.643101" lon="-0.093233">
        <ele>1095.7</ele>
        <time>2014-09-08T06:20:55Z</time>
        <extensions>
          <gpxtpx:TrackPointExtension>
            <gpxtpx:hr>130</gpxtpx:hr>
          </gpxtpx:TrackPointExtension>
        </extensions>
      </trkpt>
      <trkpt lat="40.643034" lon="-0.093299">
        <ele>1094.8</ele>
        <time>2014-09-08T06:21:01Z</time>
        <extensions>
          <gpxtpx:TrackPointExtension>
            <gpxtpx:hr>134</gpxtpx:hr>
          </gpxtpx:TrackPointExtension>
        </extensions>
      </trkpt>
      <trkpt lat="40.642984" lon="-0.093316">
        <ele>1094.2</ele>
        <time>2014-09-08T06:21:03Z</time>
        <extensions>
          <gpxtpx:TrackPointExtension>
            <gpxtpx:hr>136</gpxtpx:hr>
          </gpxtpx:TrackPointExtension>
        </extensions>
      </trkpt>
      <trkpt lat="40.642917" lon="-0.093316">
        <ele>1093.4</ele>
        <time>2014-09-08T06:21:05Z</time>
        <extensions>
          <gpxtpx:TrackPointExtension>
            <gpxtpx:hr>136</gpxtpx:hr>
          </gpxtpx:TrackPointExtension>
        </extensions>
      </trkpt>
      <trkpt lat="40.642851" lon="-0.093283">
        <ele>1092.6</ele>
        <time>2014-09-08T06:21:07Z</time>
        <extensions>
          <gpxtpx:TrackPointExtension>
            <gpxtpx:hr>136</gpxtpx:hr>
          </gpxtpx:TrackPointExtension>
        </extensions>
      </trkpt>
      <trkpt lat="40.642784" lon="-0.093266">
        <ele>1091.9</ele>
        <time>2014-09-08T06:21:09Z</time>
        <extensions>
          <gpxtpx:TrackPointExtension>
            <gpxtpx:hr>136</gpxtpx:hr>
          </gpxtpx:TrackPointExtension>
        </extensions>
      </trkpt>
      <trkpt lat="40.642734" lon="-0.093233">
        <ele>1091.5</ele>
        <time>2014-09-08T06:21:11Z</time>
        <extensions>
          <gpxtpx:TrackPointExtension>
            <gpxtpx:hr>137</gpxtpx:hr>
          </gpxtpx:TrackPointExtension>
        </extensions>
      </trkpt>
      <trkpt lat="40.642667" lon="-0.093199">
        <ele>1090.9</ele>
        <time>2014-09-08T06:21:13Z</time>
        <extensions>
          <gpxtpx:TrackPointExtension>
            <gpxtpx:hr>136</gpxtpx:hr>
          </gpxtpx:TrackPointExtension>
        </extensions>
      </trkpt>
      <trkpt lat="40.642601" lon="-0.093166">
        <ele>1090.4</ele>
        <time>2014-09-08T06:21:15Z</time>
        <extensions>
          <gpxtpx:TrackPointExtension>
            <gpxtpx:hr>135</gpxtpx:hr>
          </gpxtpx:TrackPointExtension>
        </extensions>
      </trkpt>
      <trkpt lat="40.642534" lon="-0.093116">
        <ele>1090.0</ele>
        <time>2014-09-08T06:21:17Z</time>
        <extensions>
          <gpxtpx:TrackPointExtension>
            <gpxtpx:hr>134</gpxtpx:hr>
          </gpxtpx:TrackPointExtension>
        </extensions>
      </trkpt>
      <trkpt lat="40.642484" lon="-0.093050">
        <ele>1089.8</ele>
        <time>2014-09-08T06:21:19Z</time>
        <extensions>
          <gpxtpx:TrackPointExtension>
            <gpxtpx:hr>134</gpxtpx:hr>
          </gpxtpx:TrackPointExtension>
        </extensions>
      </trkpt>
      <trkpt lat="40.642417" lon="-0.093000">
        <ele>1089.6</ele>
        <time>2014-09-08T06:21:21Z</time>
        <extensions>
          <gpxtpx:TrackPointExtension>
            <gpxtpx:hr>134</gpxtpx:hr>
          </gpxtpx:TrackPointExtension>
        </extensions>
      </trkpt>
      <trkpt lat="40.642351" lon="-0.092949">
        <ele>1089.5</ele>
        <time>2014-09-08T06:21:23Z</time>
        <extensions>
          <gpxtpx:TrackPointExtension>
            <gpxtpx:hr>134</gpxtpx:hr>
          </gpxtpx:TrackPointExtension>
        </extensions>
      </trkpt>
      <trkpt lat="40.642267" lon="-0.092933">
        <ele>1089.1</ele>
        <time>2014-09-08T06:21:25Z</time>
        <extensions>
          <gpxtpx:TrackPointExtension>
            <gpxtpx:hr>134</gpxtpx:hr>
          </gpxtpx:TrackPointExtension>
        </extensions>
      </trkpt>
      <trkpt lat="40.642200" lon="-0.092933">
        <ele>1088.7</ele>
        <time>2014-09-08T06:21:27Z</time>
        <extensions>
          <gpxtpx:TrackPointExtension>
            <gpxtpx:hr>135</gpxtpx:hr>
          </gpxtpx:TrackPointExtension>
        </extensions>
      </trkpt>
      <trkpt lat="40.642117" lon="-0.092916">
        <ele>1088.3</ele>
        <time>2014-09-08T06:21:29Z</time>
        <extensions>
          <gpxtpx:TrackPointExtension>
            <gpxtpx:hr>135</gpxtpx:hr>
          </gpxtpx:TrackPointExtension>
        </extensions>
      </trkpt>
      <trkpt lat="40.642051" lon="-0.092933">
        <ele>1087.6</ele>
        <time>2014-09-08T06:21:32Z</time>
        <extensions>
          <gpxtpx:TrackPointExtension>
            <gpxtpx:hr>133</gpxtpx:hr>
          </gpxtpx:TrackPointExtension>
        </extensions>
      </trkpt>
      <trkpt lat="40.641984" lon="-0.092916">
        <ele>1087.6</ele>
        <time>2014-09-08T06:21:35Z</time>
        <extensions>
          <gpxtpx:TrackPointExtension>
            <gpxtpx:hr>134</gpxtpx:hr>
          </gpxtpx:TrackPointExtension>
        </extensions>
      </trkpt>
    </trkseg>
    <trkseg>
      <trkpt lat="40.641967" lon="-0.092883">
        <ele>1088.1</ele>
        <time>2014-09-08T06:21:36Z</time>
        <extensions>
          <gpxtpx:TrackPointExtension>
            <gpxtpx:hr>134</gpxtpx:hr>
          </gpxtpx:TrackPointExtension>
        </extensions>
      </trkpt>
      <trkpt lat="40.641901" lon="-0.092766">
        <ele>1089.8</ele>
        <time>2014-08-25T02:56:03Z</time>
      </trkpt>
      <trkpt lat="40.641901" lon="-0.092766">
        <ele>1089.8</ele>
        <time>2014-08-25T02:56:03Z</time>
      </trkpt>
      <trkpt lat="40.641884" lon="-0.092750">
        <ele>1090.0</ele>
        <time>2014-08-25T02:56:04Z</time>
      </trkpt>
      <trkpt lat="40.641717" lon="-0.092750">
        <ele>1090.3</ele>
        <time>2014-08-25T02:56:12Z</time>
      </trkpt>
      <trkpt lat="40.641650" lon="-0.092783">
        <ele>1090.1</ele>
        <time>2014-08-25T02:56:15Z</time>
      </trkpt>
      <trkpt lat="40.641567" lon="-0.092816">
        <ele>1090.1</ele>
        <time>2014-08-25T02:56:18Z</time>
      </trkpt>
      <trkpt lat="40.641500" lon="-0.092849">
        <ele>1090.4</ele>
        <time>2014-08-25T02:56:21Z</time>
      </trkpt>
      <trkpt lat="40.641434" lon="-0.092900">
        <ele>1090.7</ele>
        <time>2014-08-25T02:56:24Z</time>
      </trkpt>
      <trkpt lat="40.641384" lon="-0.092949">
        <ele>1090.5</ele>
        <time>2014-08-25T02:56:26Z</time>
      </trkpt>
      <trkpt lat="40.641317" lon="-0.093000">
        <ele>1090.7</ele>
        <time>2014-08-25T02:56:28Z</time>
      </trkpt>
      <trkpt lat="40.641267" lon="-0.093066">
        <ele>1090.3</ele>
        <time>2014-08-25T02:56:30Z</time>
      </trkpt>
      <trkpt lat="40.641217" lon="-0.093116">
        <ele>1090.4</ele>
        <time>2014-08-25T02:56:32Z</time>
      </trkpt>
      <trkpt lat="40.641184" lon="-0.093183">
        <ele>1090.1</ele>
        <time>2014-08-25T02:56:34Z</time>
      </trkpt>
      <trkpt lat="40.641117" lon="-0.093266">
        <ele>1090.7</ele>
        <time>2014-08-25T02:56:37Z</time>
      </trkpt>
      <trkpt lat="40.641067" lon="-0.093333">
        <ele>1091.1</ele>
        <time>2014-08-25T02:56:40Z</time>
      </trkpt>
      <trkpt lat="40.641017" lon="-0.093399">
        <ele>1091.4</ele>
        <time>2014-08-25T02:56:43Z</time>
      </trkpt>
      <trkpt lat="40.640950" lon="-0.093466">
        <ele>1093.7</ele>
        <time>2014-08-25T02:56:46Z</time>
      </trkpt>
      <trkpt lat="40.640900" lon="-0.093516">
        <ele>1095.4</ele>
        <time>2014-08-25T02:56:48Z</time>
      </trkpt>
      <trkpt lat="40.640834" lon="-0.093516">
        <ele>1096.3</ele>
        <time>2014-08-25T02:56:50Z</time>
      </trkpt>
      <trkpt lat="40.640750" lon="-0.093533">
        <ele>1096.0</ele>
        <time>2014-08-25T02:56:52Z</time>
      </trkpt>
      <trkpt lat="40.640667" lon="-0.093566">
        <ele>1094.5</ele>
        <time>2014-08-25T02:56:54Z</time>
      </trkpt>
      <trkpt lat="40.640600" lon="-0.093566">
        <ele>1094.0</ele>
        <time>2014-08-25T02:56:56Z</time>
      </trkpt>
      <trkpt lat="40.640517" lon="-0.093583">
        <ele>1091.4</ele>
        <time>2014-08-25T02:56:59Z</time>
      </trkpt>
      <trkpt lat="40.640434" lon="-0.093566">
        <ele>1092.6</ele>
        <time>2014-08-25T02:57:01Z</time>
      </trkpt>
      <trkpt lat="40.640400" lon="-0.093550">
        <ele>1094.3</ele>
        <time>2014-08-25T02:57:02Z</time>
      </trkpt>
      <trkpt lat="40.640317" lon="-0.093566">
        <ele>1092.8</ele>
        <time>2014-08-25T02:57:04Z</time>
      </trkpt>
      <trkpt lat="40.640284" lon="-0.093583">
        <ele>1091.1</ele>
        <time>2014-08-25T02:57:05Z</time>
      </trkpt>
      <trkpt lat="40.640184" lon="-0.093666">
        <ele>1084.6</ele>
        <time>2014-08-25T02:57:09Z</time>
      </trkpt>
      <trkpt lat="40.640134" lon="-0.093700">
        <ele>1083.4</ele>
        <time>2014-08-25T02:57:11Z</time>
      </trkpt>
      <trkpt lat="40.640084" lon="-0.093733">
        <ele>1083.0</ele>
        <time>2014-08-25T02:57:13Z</time>
      </trkpt>
      <trkpt lat="40.640017" lon="-0.093783">
        <ele>1082.5</ele>
        <time>2014-08-25T02:57:15Z</time>
      </trkpt>
      <trkpt lat="40.639934" lon="-0.093833">
        <ele>1082.3</ele>
        <time>2014-08-25T02:57:18Z</time>
      </trkpt>
      <trkpt lat="40.639867" lon="-0.093900">
        <ele>1081.6</ele>
        <time>2014-08-25T02:57:21Z</time>
      </trkpt>
      <trkpt lat="40.639817" lon="-0.093966">
        <ele>1080.7</ele>
        <time>2014-08-25T02:57:23Z</time>
      </trkpt>
      <trkpt lat="40.639750" lon="-0.094000">
        <ele>1080.7</ele>
        <time>2014-08-25T02:57:25Z</time>
      </trkpt>
      <trkpt lat="40.639684" lon="-0.094050">
        <ele>1080.2</ele>
        <time>2014-08-25T02:57:27Z</time>
      </trkpt>
      <trkpt lat="40.639617" lon="-0.094100">
        <ele>1079.7</ele>
        <time>2014-08-25T02:57:30Z</time>
      </trkpt>
      <trkpt lat="40.639550" lon="-0.094166">
        <ele>1078.9</ele>
        <time>2014-08-25T02:57:33Z</time>
      </trkpt>
      <trkpt lat="40.639467" lon="-0.094166">
        <ele>1079.8</ele>
        <time>2014-08-25T02:57:36Z</time>
      </trkpt>
      <trkpt lat="40.639400" lon="-0.094216">
        <ele>1079.6</ele>
        <time>2014-08-25T02:57:39Z</time>
      </trkpt>
      <trkpt lat="40.639351" lon="-0.094266">
        <ele>1079.6</ele>
        <time>2014-08-25T02:57:41Z</time>
      </trkpt>
      <trkpt lat="40.639300" lon="-0.094316">
        <ele>1079.6</ele>
        <time>2014-08-25T02:57:43Z</time>
      </trkpt>
      <trkpt lat="40.639234" lon="-0.094366">
        <ele>1079.9</ele>
        <time>2014-08-25T02:57:46Z</time>
      </trkpt>
      <trkpt lat="40.639184" lon="-0.094433">
        <ele>1079.8</ele>
        <time>2014-08-25T02:57:49Z</time>
      </trkpt>
      <trkpt lat="40.639100" lon="-0.094483">
        <ele>1080.4</ele>
        <time>2014-08-25T02:57:53Z</time>
      </trkpt>
      <trkpt lat="40.639017" lon="-0.094533">
        <ele>1081.2</ele>
        <time>2014-08-25T02:57:58Z</time>
      </trkpt>
      <trkpt lat="40.638950" lon="-0.094616">
        <ele>1081.7</ele>
        <time>2014-08-25T02:58:03Z</time>
      </trkpt>
      <trkpt lat="40.638884" lon="-0.094683">
        <ele>1082.5</ele>
        <time>2014-08-25T02:58:08Z</time>
      </trkpt>
      <trkpt lat="40.638850" lon="-0.094683">
        <ele>1083.5</ele>
        <time>2014-08-25T02:58:09Z</time>
      </trkpt>
      <trkpt lat="40.638767" lon="-0.094800">
        <ele>1082.9</ele>
        <time>2014-08-25T02:58:13Z</time>
      </trkpt>
      <trkpt lat="40.638734" lon="-0.094849">
        <ele>1082.4</ele>
        <time>2014-08-25T02:58:15Z</time>
      </trkpt>
      <trkpt lat="40.638700" lon="-0.094933">
        <ele>1081.9</ele>
        <time>2014-08-25T02:58:17Z</time>
      </trkpt>
      <trkpt lat="40.638684" lon="-0.095016">
        <ele>1081.2</ele>
        <time>2014-08-25T02:58:19Z</time>
      </trkpt>
      <trkpt lat="40.638634" lon="-0.095100">
        <ele>1081.3</ele>
        <time>2014-08-25T02:58:21Z</time>
      </trkpt>
      <trkpt lat="40.638584" lon="-0.095150">
        <ele>1081.7</ele>
        <time>2014-08-25T02:58:24Z</time>
      </trkpt>
      <trkpt lat="40.638517" lon="-0.095183">
        <ele>1081.6</ele>
        <time>2014-08-25T02:58:26Z</time>
      </trkpt>
      <trkpt lat="40.638467" lon="-0.095216">
        <ele>1080.4</ele>
        <time>2014-08-25T02:58:28Z</time>
      </trkpt>
      <trkpt lat="40.638384" lon="-0.095266">
        <ele>1078.1</ele>
        <time>2014-08-25T02:58:31Z</time>
      </trkpt>
      <trkpt lat="40.638317" lon="-0.095316">
        <ele>1076.4</ele>
        <time>2014-08-25T02:58:33Z</time>
      </trkpt>
      <trkpt lat="40.638251" lon="-0.095316">
        <ele>1077.5</ele>
        <time>2014-08-25T02:58:35Z</time>
      </trkpt>
      <trkpt lat="40.638184" lon="-0.095333">
        <ele>1077.9</ele>
        <time>2014-08-25T02:58:37Z</time>
      </trkpt>
      <trkpt lat="40.638117" lon="-0.095366">
        <ele>1077.5</ele>
        <time>2014-08-25T02:58:40Z</time>
      </trkpt>
      <trkpt lat="40.638067" lon="-0.095416">
        <ele>1076.4</ele>
        <time>2014-08-25T02:58:42Z</time>
      </trkpt>
      <trkpt lat="40.637984" lon="-0.095416">
        <ele>1077.0</ele>
        <time>2014-08-25T02:58:44Z</time>
      </trkpt>
      <trkpt lat="40.637917" lon="-0.095450">
        <ele>1076.0</ele>
        <time>2014-08-25T02:58:46Z</time>
      </trkpt>
      <trkpt lat="40.637850" lon="-0.095483">
        <ele>1075.0</ele>
        <time>2014-08-25T02:58:49Z</time>
      </trkpt>
      <trkpt lat="40.637767" lon="-0.095516">
        <ele>1074.0</ele>
        <time>2014-08-25T02:58:52Z</time>
      </trkpt>
      <trkpt lat="40.637701" lon="-0.095549">
        <ele>1072.6</ele>
        <time>2014-08-25T02:59:00Z</time>
      </trkpt>
      <trkpt lat="40.637617" lon="-0.095616">
        <ele>1071.3</ele>
        <time>2014-08-25T02:59:08Z</time>
      </trkpt>
      <trkpt lat="40.637551" lon="-0.095683">
        <ele>1071.0</ele>
        <time>2014-08-25T02:59:23Z</time>
      </trkpt>
      <trkpt lat="40.637534" lon="-0.095700">
        <ele>1070.9</ele>
        <time>2014-08-25T02:59:24Z</time>
      </trkpt>
      <trkpt lat="40.637434" lon="-0.095816">
        <ele>1070.3</ele>
        <time>2014-08-25T02:59:31Z</time>
      </trkpt>
      <trkpt lat="40.637367" lon="-0.095883">
        <ele>1070.0</ele>
        <time>2014-08-25T02:59:34Z</time>
      </trkpt>
      <trkpt lat="40.637300" lon="-0.095900">
        <ele>1070.5</ele>
        <time>2014-08-25T02:59:36Z</time>
      </trkpt>
      <trkpt lat="40.637234" lon="-0.095933">
        <ele>1070.2</ele>
        <time>2014-08-25T02:59:38Z</time>
      </trkpt>
      <trkpt lat="40.637150" lon="-0.095949">
        <ele>1069.9</ele>
        <time>2014-08-25T02:59:41Z</time>
      </trkpt>
      <trkpt lat="40.637084" lon="-0.095949">
        <ele>1069.5</ele>
        <time>2014-08-25T02:59:43Z</time>
      </trkpt>
      <trkpt lat="40.637001" lon="-0.095933">
        <ele>1069.4</ele>
        <time>2014-08-25T02:59:45Z</time>
      </trkpt>
      <trkpt lat="40.636950" lon="-0.095900">
        <ele>1069.9</ele>
        <time>2014-08-25T02:59:47Z</time>
      </trkpt>
      <trkpt lat="40.636884" lon="-0.095883">
        <ele>1069.2</ele>
        <time>2014-08-25T02:59:49Z</time>
      </trkpt>
      <trkpt lat="40.636817" lon="-0.095833">
        <ele>1069.1</ele>
        <time>2014-08-25T02:59:51Z</time>
      </trkpt>
      <trkpt lat="40.636734" lon="-0.095816">
        <ele>1067.8</ele>
        <time>2014-08-25T02:59:54Z</time>
      </trkpt>
      <trkpt lat="40.636667" lon="-0.095783">
        <ele>1067.4</ele>
        <time>2014-08-25T02:59:57Z</time>
      </trkpt>
      <trkpt lat="40.636584" lon="-0.095783">
        <ele>1065.9</ele>
        <time>2014-08-25T03:00:00Z</time>
      </trkpt>
      <trkpt lat="40.636518" lon="-0.095816">
        <ele>1065.4</ele>
        <time>2014-08-25T03:00:03Z</time>
      </trkpt>
      <trkpt lat="40.636451" lon="-0.095866">
        <ele>1064.9</ele>
        <time>2014-08-25T03:00:06Z</time>
      </trkpt>
      <trkpt lat="40.636367" lon="-0.095883">
        <ele>1065.5</ele>
        <time>2014-08-25T03:00:10Z</time>
      </trkpt>
      <trkpt lat="40.636284" lon="-0.095866">
        <ele>1066.7</ele>
        <time>2014-08-25T03:00:14Z</time>
      </trkpt>
      <trkpt lat="40.636217" lon="-0.095933">
        <ele>1066.1</ele>
        <time>2014-08-25T03:00:20Z</time>
      </trkpt>
      <trkpt lat="40.636151" lon="-0.095983">
        <ele>1067.0</ele>
        <time>2014-08-25T03:00:26Z</time>
      </trkpt>
      <trkpt lat="40.636151" lon="-0.096000">
        <ele>1066.6</ele>
        <time>2014-08-25T03:00:27Z</time>
      </trkpt>
      <trkpt lat="40.636034" lon="-0.096133">
        <ele>1067.6</ele>
        <time>2014-08-25T03:00:38Z</time>
      </trkpt>
      <trkpt lat="40.635968" lon="-0.096199">
        <ele>1068.3</ele>
        <time>2014-08-25T03:00:43Z</time>
      </trkpt>
      <trkpt lat="40.635917" lon="-0.096266">
        <ele>1068.2</ele>
        <time>2014-08-25T03:00:47Z</time>
      </trkpt>
      <trkpt lat="40.635851" lon="-0.096316">
        <ele>1069.2</ele>
        <time>2014-08-25T03:00:50Z</time>
      </trkpt>
      <trkpt lat="40.635784" lon="-0.096366">
        <ele>1070.1</ele>
        <time>2014-08-25T03:00:53Z</time>
      </trkpt>
      <trkpt lat="40.635734" lon="-0.096466">
        <ele>1069.0</ele>
        <time>2014-08-25T03:00:56Z</time>
      </trkpt>
      <trkpt lat="40.635701" lon="-0.096583">
        <ele>1066.9</ele>
        <time>2014-08-25T03:00:58Z</time>
      </trkpt>
      <trkpt lat="40.635667" lon="-0.096616">
        <ele>1067.1</ele>
        <time>2014-08-25T03:01:00Z</time>
      </trkpt>
      <trkpt lat="40.635618" lon="-0.096700">
        <ele>1066.9</ele>
        <time>2014-08-25T03:01:02Z</time>
      </trkpt>
      <trkpt lat="40.635567" lon="-0.096783">
        <ele>1067.1</ele>
        <time>2014-08-25T03:01:05Z</time>
      </trkpt>
      <trkpt lat="40.635517" lon="-0.096900">
        <ele>1066.7</ele>
        <time>2014-08-25T03:01:08Z</time>
      </trkpt>
      <trkpt lat="40.635484" lon="-0.096950">
        <ele>1067.1</ele>
        <time>2014-08-25T03:02:02Z</time>
      </trkpt>
      <trkpt lat="40.635484" lon="-0.096966">
        <ele>1066.8</ele>
        <time>2014-08-25T03:02:03Z</time>
      </trkpt>
      <trkpt lat="40.635484" lon="-0.097133">
        <ele>1063.9</ele>
        <time>2014-08-25T03:02:21Z</time>
      </trkpt>
      <trkpt lat="40.635400" lon="-0.097150">
        <ele>1063.0</ele>
        <time>2014-08-25T03:02:28Z</time>
      </trkpt>
      <trkpt lat="40.635334" lon="-0.097100">
        <ele>1061.8</ele>
        <time>2014-08-25T03:02:32Z</time>
      </trkpt>
      <trkpt lat="40.635300" lon="-0.097050">
        <ele>1061.7</ele>
        <time>2014-08-25T03:02:34Z</time>
      </trkpt>
      <trkpt lat="40.635217" lon="-0.097016">
        <ele>1059.7</ele>
        <time>2014-08-25T03:02:36Z</time>
      </trkpt>
      <trkpt lat="40.635150" lon="-0.096966">
        <ele>1058.8</ele>
        <time>2014-08-25T03:02:38Z</time>
      </trkpt>
      <trkpt lat="40.635101" lon="-0.096933">
        <ele>1058.4</ele>
        <time>2014-08-25T03:02:39Z</time>
      </trkpt>
      <trkpt lat="40.635067" lon="-0.096900">
        <ele>1058.4</ele>
        <time>2014-08-25T03:02:40Z</time>
      </trkpt>
      <trkpt lat="40.635017" lon="-0.096900">
        <ele>1057.2</ele>
        <time>2014-08-25T03:02:41Z</time>
      </trkpt>
      <trkpt lat="40.634984" lon="-0.096850">
        <ele>1056.8</ele>
        <time>2014-08-25T03:02:42Z</time>
      </trkpt>
      <trkpt lat="40.634901" lon="-0.096800">
        <ele>1054.3</ele>
        <time>2014-08-25T03:02:44Z</time>
      </trkpt>
      <trkpt lat="40.634834" lon="-0.096766">
        <ele>1052.2</ele>
        <time>2014-08-25T03:02:46Z</time>
      </trkpt>
      <trkpt lat="40.634750" lon="-0.096700">
        <ele>1050.3</ele>
        <time>2014-08-25T03:02:48Z</time>
      </trkpt>
      <trkpt lat="40.634700" lon="-0.096683">
        <ele>1049.2</ele>
        <time>2014-08-25T03:02:49Z</time>
      </trkpt>
      <trkpt lat="40.634650" lon="-0.096649">
        <ele>1048.6</ele>
        <time>2014-08-25T03:02:50Z</time>
      </trkpt>
      <trkpt lat="40.634600" lon="-0.096649">
        <ele>1047.1</ele>
        <time>2014-08-25T03:02:51Z</time>
      </trkpt>
      <trkpt lat="40.634551" lon="-0.096616">
        <ele>1046.5</ele>
        <time>2014-08-25T03:02:52Z</time>
      </trkpt>
      <trkpt lat="40.634500" lon="-0.096600">
        <ele>1045.4</ele>
        <time>2014-08-25T03:02:53Z</time>
      </trkpt>
      <trkpt lat="40.634417" lon="-0.096583">
        <ele>1043.7</ele>
        <time>2014-08-25T03:02:55Z</time>
      </trkpt>
      <trkpt lat="40.634351" lon="-0.096583">
        <ele>1042.7</ele>
        <time>2014-08-25T03:02:57Z</time>
      </trkpt>
      <trkpt lat="40.634284" lon="-0.096583">
        <ele>1041.7</ele>
        <time>2014-08-25T03:02:59Z</time>
      </trkpt>
      <trkpt lat="40.634200" lon="-0.096533">
        <ele>1041.5</ele>
        <time>2014-08-25T03:03:01Z</time>
      </trkpt>
      <trkpt lat="40.634167" lon="-0.096533">
        <ele>1040.9</ele>
        <time>2014-08-25T03:03:02Z</time>
      </trkpt>
      <trkpt lat="40.634117" lon="-0.096533">
        <ele>1040.0</ele>
        <time>2014-08-25T03:03:03Z</time>
      </trkpt>
      <trkpt lat="40.634017" lon="-0.096533">
        <ele>1038.2</ele>
        <time>2014-08-25T03:03:05Z</time>
      </trkpt>
      <trkpt lat="40.633950" lon="-0.096583">
        <ele>1036.1</ele>
        <time>2014-08-25T03:03:08Z</time>
      </trkpt>
      <trkpt lat="40.633867" lon="-0.096583">
        <ele>1034.2</ele>
        <time>2014-08-25T03:03:11Z</time>
      </trkpt>
      <trkpt lat="40.633817" lon="-0.096500">
        <ele>1034.0</ele>
        <time>2014-08-25T03:03:14Z</time>
      </trkpt>
      <trkpt lat="40.633751" lon="-0.096450">
        <ele>1032.9</ele>
        <time>2014-08-25T03:03:17Z</time>
      </trkpt>
      <trkpt lat="40.633701" lon="-0.096350">
        <ele>1032.3</ele>
        <time>2014-08-25T03:03:20Z</time>
      </trkpt>
      <trkpt lat="40.633667" lon="-0.096283">
        <ele>1031.7</ele>
        <time>2014-08-25T03:03:22Z</time>
      </trkpt>
      <trkpt lat="40.633634" lon="-0.096199">
        <ele>1031.0</ele>
        <time>2014-08-25T03:03:24Z</time>
      </trkpt>
      <trkpt lat="40.633600" lon="-0.096116">
        <ele>1030.3</ele>
        <time>2014-08-25T03:03:27Z</time>
      </trkpt>
      <trkpt lat="40.633567" lon="-0.096050">
        <ele>1029.4</ele>
        <time>2014-08-25T03:03:29Z</time>
      </trkpt>
      <trkpt lat="40.633517" lon="-0.095983">
        <ele>1028.4</ele>
        <time>2014-08-25T03:03:31Z</time>
      </trkpt>
      <trkpt lat="40.633484" lon="-0.095933">
        <ele>1028.2</ele>
        <time>2014-08-25T03:03:33Z</time>
      </trkpt>
      <trkpt lat="40.633434" lon="-0.095816">
        <ele>1028.5</ele>
        <time>2014-08-25T03:03:35Z</time>
      </trkpt>
      <trkpt lat="40.633400" lon="-0.095766">
        <ele>1028.1</ele>
        <time>2014-08-25T03:03:36Z</time>
      </trkpt>
      <trkpt lat="40.633351" lon="-0.095700">
        <ele>1026.7</ele>
        <time>2014-08-25T03:03:38Z</time>
      </trkpt>
      <trkpt lat="40.633300" lon="-0.095633">
        <ele>1024.8</ele>
        <time>2014-08-25T03:03:40Z</time>
      </trkpt>
      <trkpt lat="40.633251" lon="-0.095566">
        <ele>1022.8</ele>
        <time>2014-08-25T03:03:42Z</time>
      </trkpt>
      <trkpt lat="40.633184" lon="-0.095483">
        <ele>1021.1</ele>
        <time>2014-08-25T03:03:45Z</time>
      </trkpt>
      <trkpt lat="40.633134" lon="-0.095433">
        <ele>1021.0</ele>
        <time>2014-08-25T03:03:48Z</time>
      </trkpt>
      <trkpt lat="40.633084" lon="-0.095366">
        <ele>1021.3</ele>
        <time>2014-08-25T03:03:51Z</time>
      </trkpt>
      <trkpt lat="40.633034" lon="-0.095316">
        <ele>1021.1</ele>
        <time>2014-08-25T03:03:54Z</time>
      </trkpt>
      <trkpt lat="40.632950" lon="-0.095266">
        <ele>1020.1</ele>
        <time>2014-08-25T03:03:57Z</time>
      </trkpt>
      <trkpt lat="40.632867" lon="-0.095233">
        <ele>1018.9</ele>
        <time>2014-08-25T03:04:03Z</time>
      </trkpt>
      <trkpt lat="40.632850" lon="-0.095216">
        <ele>1018.8</ele>
        <time>2014-08-25T03:04:04Z</time>
      </trkpt>
      <trkpt lat="40.632734" lon="-0.095183">
        <ele>1017.1</ele>
        <time>2014-08-25T03:04:09Z</time>
      </trkpt>
      <trkpt lat="40.632667" lon="-0.095183">
        <ele>1016.3</ele>
        <time>2014-08-25T03:04:11Z</time>
      </trkpt>
      <trkpt lat="40.632567" lon="-0.095200">
        <ele>1015.1</ele>
        <time>2014-08-25T03:04:14Z</time>
      </trkpt>
      <trkpt lat="40.632500" lon="-0.095216">
        <ele>1014.3</ele>
        <time>2014-08-25T03:04:17Z</time>
      </trkpt>
      <trkpt lat="40.632400" lon="-0.095216">
        <ele>1013.6</ele>
        <time>2014-08-25T03:04:20Z</time>
      </trkpt>
      <trkpt lat="40.632317" lon="-0.095233">
        <ele>1012.8</ele>
        <time>2014-08-25T03:04:23Z</time>
      </trkpt>
      <trkpt lat="40.632234" lon="-0.095216">
        <ele>1012.6</ele>
        <time>2014-08-25T03:04:27Z</time>
      </trkpt>
      <trkpt lat="40.632167" lon="-0.095166">
        <ele>1012.4</ele>
        <time>2014-08-25T03:04:30Z</time>
      </trkpt>
      <trkpt lat="40.632117" lon="-0.095116">
        <ele>1011.9</ele>
        <time>2014-08-25T03:04:32Z</time>
      </trkpt>
      <trkpt lat="40.632034" lon="-0.095100">
        <ele>1010.5</ele>
        <time>2014-08-25T03:04:35Z</time>
      </trkpt>
      <trkpt lat="40.631967" lon="-0.095033">
        <ele>1010.1</ele>
        <time>2014-08-25T03:04:38Z</time>
      </trkpt>
      <trkpt lat="40.631917" lon="-0.095000">
        <ele>1009.4</ele>
        <time>2014-08-25T03:04:41Z</time>
      </trkpt>
      <trkpt lat="40.631834" lon="-0.094950">
        <ele>1008.1</ele>
        <time>2014-08-25T03:04:44Z</time>
      </trkpt>
      <trkpt lat="40.631767" lon="-0.094916">
        <ele>1006.7</ele>
        <time>2014-08-25T03:04:47Z</time>
      </trkpt>
      <trkpt lat="40.631700" lon="-0.094866">
        <ele>1005.6</ele>
        <time>2014-08-25T03:04:51Z</time>
      </trkpt>
      <trkpt lat="40.631617" lon="-0.094816">
        <ele>1003.9</ele>
        <time>2014-08-25T03:04:55Z</time>
      </trkpt>
      <trkpt lat="40.631551" lon="-0.094800">
        <ele>1002.2</ele>
        <time>2014-08-25T03:04:58Z</time>
      </trkpt>
      <trkpt lat="40.631500" lon="-0.094716">
        <ele>1001.3</ele>
        <time>2014-08-25T03:05:01Z</time>
      </trkpt>
      <trkpt lat="40.631417" lon="-0.094683">
        <ele>999.2</ele>
        <time>2014-08-25T03:05:05Z</time>
      </trkpt>
      <trkpt lat="40.631400" lon="-0.094683">
        <ele>998.7</ele>
        <time>2014-08-25T03:05:06Z</time>
      </trkpt>
      <trkpt lat="40.631284" lon="-0.094583">
        <ele>995.7</ele>
        <time>2014-08-25T03:05:14Z</time>
      </trkpt>
      <trkpt lat="40.631201" lon="-0.094550">
        <ele>993.3</ele>
        <time>2014-08-25T03:05:18Z</time>
      </trkpt>
      <trkpt lat="40.631134" lon="-0.094499">
        <ele>991.9</ele>
        <time>2014-08-25T03:05:21Z</time>
      </trkpt>
      <trkpt lat="40.631050" lon="-0.094483">
        <ele>991.0</ele>
        <time>2014-08-25T03:05:24Z</time>
      </trkpt>
      <trkpt lat="40.630984" lon="-0.094416">
        <ele>991.1</ele>
        <time>2014-08-25T03:05:27Z</time>
      </trkpt>
      <trkpt lat="40.630900" lon="-0.094483">
        <ele>989.8</ele>
        <time>2014-08-25T03:05:30Z</time>
      </trkpt>
      <trkpt lat="40.630834" lon="-0.094483">
        <ele>989.2</ele>
        <time>2014-08-25T03:05:33Z</time>
      </trkpt>
      <trkpt lat="40.630767" lon="-0.094566">
        <ele>987.5</ele>
        <time>2014-08-25T03:05:37Z</time>
      </trkpt>
      <trkpt lat="40.630734" lon="-0.094683">
        <ele>985.5</ele>
        <time>2014-08-25T03:05:41Z</time>
      </trkpt>
      <trkpt lat="40.630667" lon="-0.094683">
        <ele>984.5</ele>
        <time>2014-08-25T03:05:46Z</time>
      </trkpt>
      <trkpt lat="40.630584" lon="-0.094616">
        <ele>984.2</ele>
        <time>2014-08-25T03:05:51Z</time>
      </trkpt>
      <trkpt lat="40.630517" lon="-0.094566">
        <ele>982.4</ele>
        <time>2014-08-25T03:06:03Z</time>
      </trkpt>
      <trkpt lat="40.630451" lon="-0.094499">
        <ele>979.4</ele>
        <time>2014-08-25T03:06:06Z</time>
      </trkpt>
      <trkpt lat="40.630367" lon="-0.094483">
        <ele>976.5</ele>
        <time>2014-08-25T03:06:13Z</time>
      </trkpt>
      <trkpt lat="40.630367" lon="-0.094483">
        <ele>976.5</ele>
        <time>2014-08-25T03:06:14Z</time>
      </trkpt>
      <trkpt lat="40.630234" lon="-0.094399">
        <ele>975.3</ele>
        <time>2014-08-25T03:06:21Z</time>
      </trkpt>
      <trkpt lat="40.630167" lon="-0.094383">
        <ele>974.1</ele>
        <time>2014-08-25T03:06:24Z</time>
      </trkpt>
      <trkpt lat="40.630101" lon="-0.094366">
        <ele>972.2</ele>
        <time>2014-08-25T03:06:27Z</time>
      </trkpt>
      <trkpt lat="40.630034" lon="-0.094350">
        <ele>970.8</ele>
        <time>2014-08-25T03:06:30Z</time>
      </trkpt>
      <trkpt lat="40.629967" lon="-0.094316">
        <ele>971.1</ele>
        <time>2014-08-25T03:06:33Z</time>
      </trkpt>
      <trkpt lat="40.629884" lon="-0.094266">
        <ele>971.8</ele>
        <time>2014-08-25T03:06:36Z</time>
      </trkpt>
      <trkpt lat="40.629818" lon="-0.094216">
        <ele>971.6</ele>
        <time>2014-08-25T03:06:39Z</time>
      </trkpt>
      <trkpt lat="40.629767" lon="-0.094166">
        <ele>971.8</ele>
        <time>2014-08-25T03:06:42Z</time>
      </trkpt>
      <trkpt lat="40.629700" lon="-0.094116">
        <ele>972.7</ele>
        <time>2014-08-25T03:06:46Z</time>
      </trkpt>
      <trkpt lat="40.629600" lon="-0.094166">
        <ele>973.7</ele>
        <time>2014-08-25T03:07:22Z</time>
      </trkpt>
    </trkseg>
    <trkseg>
      <trkpt lat="40.629600" lon="-0.094166">
        <ele>973.7</ele>
        <time>2014-08-25T03:07:22Z</time>
      </trkpt>
      <trkpt lat="40.629600" lon="-0.094166">
        <ele>973.7</ele>
        <time>2014-08-25T03:07:23Z</time>
      </trkpt>
      <trkpt lat="40.629484" lon="-0.094299">
        <ele>975.0</ele>
        <time>2014-08-25T03:07:33Z</time>
      </trkpt>
      <trkpt lat="40.629434" lon="-0.094383">
        <ele>974.6</ele>
        <time>2014-08-25T03:07:37Z</time>
      </trkpt>
      <trkpt lat="40.629367" lon="-0.094483">
        <ele>974.9</ele>
        <time>2014-08-25T03:07:41Z</time>
      </trkpt>
      <trkpt lat="40.629334" lon="-0.094533">
        <ele>974.8</ele>
        <time>2014-08-25T03:07:44Z</time>
      </trkpt>
      <trkpt lat="40.629267" lon="-0.094583">
        <ele>975.4</ele>
        <time>2014-08-25T03:07:47Z</time>
      </trkpt>
      <trkpt lat="40.629217" lon="-0.094683">
        <ele>975.1</ele>
        <time>2014-08-25T03:07:50Z</time>
      </trkpt>
      <trkpt lat="40.629150" lon="-0.094716">
        <ele>975.9</ele>
        <time>2014-08-25T03:07:53Z</time>
      </trkpt>
      <trkpt lat="40.629100" lon="-0.094800">
        <ele>975.7</ele>
        <time>2014-08-25T03:07:56Z</time>
      </trkpt>
      <trkpt lat="40.629034" lon="-0.094849">
        <ele>975.7</ele>
        <time>2014-08-25T03:07:59Z</time>
      </trkpt>
      <trkpt lat="40.628967" lon="-0.094883">
        <ele>975.7</ele>
        <time>2014-08-25T03:08:01Z</time>
      </trkpt>
      <trkpt lat="40.628901" lon="-0.094916">
        <ele>975.7</ele>
        <time>2014-08-25T03:08:03Z</time>
      </trkpt>
      <trkpt lat="40.628851" lon="-0.094949">
        <ele>975.4</ele>
        <time>2014-08-25T03:08:05Z</time>
      </trkpt>
      <trkpt lat="40.628784" lon="-0.095000">
        <ele>975.3</ele>
        <time>2014-08-25T03:08:07Z</time>
      </trkpt>
      <trkpt lat="40.628734" lon="-0.095049">
        <ele>974.7</ele>
        <time>2014-08-25T03:08:09Z</time>
      </trkpt>
      <trkpt lat="40.628684" lon="-0.095100">
        <ele>974.5</ele>
        <time>2014-08-25T03:08:11Z</time>
      </trkpt>
      <trkpt lat="40.628634" lon="-0.095166">
        <ele>974.5</ele>
        <time>2014-08-25T03:08:13Z</time>
      </trkpt>
      <trkpt lat="40.628600" lon="-0.095250">
        <ele>974.1</ele>
        <time>2014-08-25T03:08:15Z</time>
      </trkpt>
      <trkpt lat="40.628567" lon="-0.095333">
        <ele>974.1</ele>
        <time>2014-08-25T03:08:17Z</time>
      </trkpt>
      <trkpt lat="40.628534" lon="-0.095416">
        <ele>973.9</ele>
        <time>2014-08-25T03:08:19Z</time>
      </trkpt>
      <trkpt lat="40.628500" lon="-0.095483">
        <ele>973.9</ele>
        <time>2014-08-25T03:08:21Z</time>
      </trkpt>
      <trkpt lat="40.628451" lon="-0.095566">
        <ele>974.5</ele>
        <time>2014-08-25T03:08:23Z</time>
      </trkpt>
      <trkpt lat="40.628434" lon="-0.095616">
        <ele>974.5</ele>
        <time>2014-08-25T03:08:24Z</time>
      </trkpt>
      <trkpt lat="40.628384" lon="-0.095733">
        <ele>974.7</ele>
        <time>2014-08-25T03:08:27Z</time>
      </trkpt>
      <trkpt lat="40.628351" lon="-0.095816">
        <ele>974.7</ele>
        <time>2014-08-25T03:08:29Z</time>
      </trkpt>
      <trkpt lat="40.628317" lon="-0.095900">
        <ele>974.8</ele>
        <time>2014-08-25T03:08:31Z</time>
      </trkpt>
      <trkpt lat="40.628284" lon="-0.095966">
        <ele>974.9</ele>
        <time>2014-08-25T03:08:33Z</time>
      </trkpt>
      <trkpt lat="40.628251" lon="-0.096033">
        <ele>974.9</ele>
        <time>2014-08-25T03:08:35Z</time>
      </trkpt>
      <trkpt lat="40.628201" lon="-0.096116">
        <ele>974.9</ele>
        <time>2014-08-25T03:08:37Z</time>
      </trkpt>
      <trkpt lat="40.628167" lon="-0.096183">
        <ele>975.1</ele>
        <time>2014-08-25T03:08:39Z</time>
      </trkpt>
      <trkpt lat="40.628134" lon="-0.096250">
        <ele>975.3</ele>
        <time>2014-08-25T03:08:41Z</time>
      </trkpt>
      <trkpt lat="40.628101" lon="-0.096333">
        <ele>975.3</ele>
        <time>2014-08-25T03:08:43Z</time>
      </trkpt>
      <trkpt lat="40.628067" lon="-0.096416">
        <ele>975.2</ele>
        <time>2014-08-25T03:08:45Z</time>
      </trkpt>
      <trkpt lat="40.628034" lon="-0.096483">
        <ele>975.3</ele>
        <time>2014-08-25T03:08:47Z</time>
      </trkpt>
      <trkpt lat="40.628017" lon="-0.096583">
        <ele>975.0</ele>
        <time>2014-08-25T03:08:49Z</time>
      </trkpt>
      <trkpt lat="40.627984" lon="-0.096649">
        <ele>975.3</ele>
        <time>2014-08-25T03:08:51Z</time>
      </trkpt>
      <trkpt lat="40.627950" lon="-0.096716">
        <ele>975.4</ele>
        <time>2014-08-25T03:08:53Z</time>
      </trkpt>
      <trkpt lat="40.627917" lon="-0.096800">
        <ele>975.3</ele>
        <time>2014-08-25T03:08:55Z</time>
      </trkpt>
      <trkpt lat="40.627884" lon="-0.096900">
        <ele>975.1</ele>
        <time>2014-08-25T03:08:57Z</time>
      </trkpt>
      <trkpt lat="40.627851" lon="-0.096949">
        <ele>975.1</ele>
        <time>2014-08-25T03:08:59Z</time>
      </trkpt>
      <trkpt lat="40.627817" lon="-0.097016">
        <ele>974.8</ele>
        <time>2014-08-25T03:09:01Z</time>
      </trkpt>
      <trkpt lat="40.627784" lon="-0.097100">
        <ele>974.5</ele>
        <time>2014-08-25T03:09:03Z</time>
      </trkpt>
      <trkpt lat="40.627734" lon="-0.097216">
        <ele>974.2</ele>
        <time>2014-08-25T03:09:06Z</time>
      </trkpt>
      <trkpt lat="40.627684" lon="-0.097283">
        <ele>974.5</ele>
        <time>2014-08-25T03:09:09Z</time>
      </trkpt>
      <trkpt lat="40.627651" lon="-0.097416">
        <ele>974.0</ele>
        <time>2014-08-25T03:09:12Z</time>
      </trkpt>
      <trkpt lat="40.627601" lon="-0.097449">
        <ele>973.9</ele>
        <time>2014-08-25T03:09:14Z</time>
      </trkpt>
      <trkpt lat="40.627551" lon="-0.097499">
        <ele>973.5</ele>
        <time>2014-08-25T03:09:16Z</time>
      </trkpt>
      <trkpt lat="40.627467" lon="-0.097499">
        <ele>972.8</ele>
        <time>2014-08-25T03:09:18Z</time>
      </trkpt>
      <trkpt lat="40.627417" lon="-0.097482">
        <ele>972.5</ele>
        <time>2014-08-25T03:09:19Z</time>
      </trkpt>
      <trkpt lat="40.627384" lon="-0.097449">
        <ele>972.3</ele>
        <time>2014-08-25T03:09:20Z</time>
      </trkpt>
      <trkpt lat="40.627334" lon="-0.097416">
        <ele>972.0</ele>
        <time>2014-08-25T03:09:21Z</time>
      </trkpt>
      <trkpt lat="40.627301" lon="-0.097416">
        <ele>971.6</ele>
        <time>2014-08-25T03:09:22Z</time>
      </trkpt>
      <trkpt lat="40.627250" lon="-0.097333">
        <ele>971.3</ele>
        <time>2014-08-25T03:09:23Z</time>
      </trkpt>
      <trkpt lat="40.627217" lon="-0.097299">
        <ele>971.1</ele>
        <time>2014-08-25T03:09:24Z</time>
      </trkpt>
      <trkpt lat="40.627167" lon="-0.097250">
        <ele>971.0</ele>
        <time>2014-08-25T03:09:25Z</time>
      </trkpt>
      <trkpt lat="40.627134" lon="-0.097216">
        <ele>970.8</ele>
        <time>2014-08-25T03:09:26Z</time>
      </trkpt>
      <trkpt lat="40.627084" lon="-0.097166">
        <ele>970.6</ele>
        <time>2014-08-25T03:09:27Z</time>
      </trkpt>
      <trkpt lat="40.627034" lon="-0.097116">
        <ele>970.3</ele>
        <time>2014-08-25T03:09:28Z</time>
      </trkpt>
      <trkpt lat="40.626984" lon="-0.097100">
        <ele>969.5</ele>
        <time>2014-08-25T03:09:29Z</time>
      </trkpt>
      <trkpt lat="40.626934" lon="-0.097100">
        <ele>968.9</ele>
        <time>2014-08-25T03:09:30Z</time>
      </trkpt>
      <trkpt lat="40.626884" lon="-0.097050">
        <ele>968.7</ele>
        <time>2014-08-25T03:09:31Z</time>
      </trkpt>
      <trkpt lat="40.626817" lon="-0.097050">
        <ele>968.3</ele>
        <time>2014-08-25T03:09:32Z</time>
      </trkpt>
      <trkpt lat="40.626751" lon="-0.097050">
        <ele>968.1</ele>
        <time>2014-08-25T03:09:33Z</time>
      </trkpt>
      <trkpt lat="40.626684" lon="-0.097100">
        <ele>967.3</ele>
        <time>2014-08-25T03:09:34Z</time>
      </trkpt>
      <trkpt lat="40.626617" lon="-0.097100">
        <ele>967.4</ele>
        <time>2014-08-25T03:09:35Z</time>
      </trkpt>
      <trkpt lat="40.626567" lon="-0.097133">
        <ele>967.0</ele>
        <time>2014-08-25T03:09:36Z</time>
      </trkpt>
      <trkpt lat="40.626517" lon="-0.097216">
        <ele>966.3</ele>
        <time>2014-08-25T03:09:37Z</time>
      </trkpt>
      <trkpt lat="40.626450" lon="-0.097233">
        <ele>966.4</ele>
        <time>2014-08-25T03:09:38Z</time>
      </trkpt>
      <trkpt lat="40.626401" lon="-0.097283">
        <ele>966.0</ele>
        <time>2014-08-25T03:09:39Z</time>
      </trkpt>
      <trkpt lat="40.626350" lon="-0.097350">
        <ele>965.4</ele>
        <time>2014-08-25T03:09:40Z</time>
      </trkpt>
      <trkpt lat="40.626301" lon="-0.097416">
        <ele>964.6</ele>
        <time>2014-08-25T03:09:41Z</time>
      </trkpt>
      <trkpt lat="40.626250" lon="-0.097466">
        <ele>964.4</ele>
        <time>2014-08-25T03:09:42Z</time>
      </trkpt>
      <trkpt lat="40.626201" lon="-0.097516">
        <ele>964.5</ele>
        <time>2014-08-25T03:09:43Z</time>
      </trkpt>
      <trkpt lat="40.626150" lon="-0.097600">
        <ele>963.5</ele>
        <time>2014-08-25T03:09:44Z</time>
      </trkpt>
      <trkpt lat="40.626117" lon="-0.097649">
        <ele>963.1</ele>
        <time>2014-08-25T03:09:45Z</time>
      </trkpt>
      <trkpt lat="40.626067" lon="-0.097733">
        <ele>962.5</ele>
        <time>2014-08-25T03:09:46Z</time>
      </trkpt>
      <trkpt lat="40.626034" lon="-0.097800">
        <ele>961.9</ele>
        <time>2014-08-25T03:09:47Z</time>
      </trkpt>
      <trkpt lat="40.626000" lon="-0.097883">
        <ele>961.1</ele>
        <time>2014-08-25T03:09:48Z</time>
      </trkpt>
      <trkpt lat="40.625984" lon="-0.097966">
        <ele>960.2</ele>
        <time>2014-08-25T03:09:49Z</time>
      </trkpt>
      <trkpt lat="40.625967" lon="-0.098049">
        <ele>959.5</ele>
        <time>2014-08-25T03:09:50Z</time>
      </trkpt>
      <trkpt lat="40.625967" lon="-0.098133">
        <ele>959.1</ele>
        <time>2014-08-25T03:09:51Z</time>
      </trkpt>
      <trkpt lat="40.625984" lon="-0.098250">
        <ele>958.1</ele>
        <time>2014-08-25T03:09:52Z</time>
      </trkpt>
      <trkpt lat="40.625984" lon="-0.098283">
        <ele>957.8</ele>
        <time>2014-08-25T03:09:53Z</time>
      </trkpt>
      <trkpt lat="40.626000" lon="-0.098350">
        <ele>957.1</ele>
        <time>2014-08-25T03:09:54Z</time>
      </trkpt>
      <trkpt lat="40.626000" lon="-0.098433">
        <ele>956.5</ele>
        <time>2014-08-25T03:09:55Z</time>
      </trkpt>
      <trkpt lat="40.625984" lon="-0.098500">
        <ele>956.4</ele>
        <time>2014-08-25T03:09:56Z</time>
      </trkpt>
      <trkpt lat="40.625951" lon="-0.098566">
        <ele>956.5</ele>
        <time>2014-08-25T03:09:57Z</time>
      </trkpt>
      <trkpt lat="40.625900" lon="-0.098616">
        <ele>956.3</ele>
        <time>2014-08-25T03:09:58Z</time>
      </trkpt>
      <trkpt lat="40.625867" lon="-0.098666">
        <ele>955.5</ele>
        <time>2014-08-25T03:09:59Z</time>
      </trkpt>
      <trkpt lat="40.625817" lon="-0.098700">
        <ele>955.1</ele>
        <time>2014-08-25T03:10:00Z</time>
      </trkpt>
      <trkpt lat="40.625767" lon="-0.098749">
        <ele>954.6</ele>
        <time>2014-08-25T03:10:01Z</time>
      </trkpt>
      <trkpt lat="40.625701" lon="-0.098766">
        <ele>954.4</ele>
        <time>2014-08-25T03:10:02Z</time>
      </trkpt>
      <trkpt lat="40.625651" lon="-0.098816">
        <ele>953.5</ele>
        <time>2014-08-25T03:10:03Z</time>
      </trkpt>
      <trkpt lat="40.625601" lon="-0.098866">
        <ele>953.2</ele>
        <time>2014-08-25T03:10:04Z</time>
      </trkpt>
      <trkpt lat="40.625550" lon="-0.098900">
        <ele>953.1</ele>
        <time>2014-08-25T03:10:05Z</time>
      </trkpt>
      <trkpt lat="40.625501" lon="-0.098950">
        <ele>953.0</ele>
        <time>2014-08-25T03:10:06Z</time>
      </trkpt>
      <trkpt lat="40.625450" lon="-0.099000">
        <ele>952.3</ele>
        <time>2014-08-25T03:10:07Z</time>
      </trkpt>
      <trkpt lat="40.625401" lon="-0.099033">
        <ele>951.9</ele>
        <time>2014-08-25T03:10:08Z</time>
      </trkpt>
      <trkpt lat="40.625350" lon="-0.099083">
        <ele>951.8</ele>
        <time>2014-08-25T03:10:09Z</time>
      </trkpt>
      <trkpt lat="40.625301" lon="-0.099116">
        <ele>951.5</ele>
        <time>2014-08-25T03:10:10Z</time>
      </trkpt>
      <trkpt lat="40.625250" lon="-0.099150">
        <ele>951.1</ele>
        <time>2014-08-25T03:10:11Z</time>
      </trkpt>
      <trkpt lat="40.625201" lon="-0.099183">
        <ele>950.5</ele>
        <time>2014-08-25T03:10:12Z</time>
      </trkpt>
      <trkpt lat="40.625151" lon="-0.099233">
        <ele>949.5</ele>
        <time>2014-08-25T03:10:13Z</time>
      </trkpt>
      <trkpt lat="40.625117" lon="-0.099266">
        <ele>949.0</ele>
        <time>2014-08-25T03:10:14Z</time>
      </trkpt>
      <trkpt lat="40.625084" lon="-0.099316">
        <ele>948.7</ele>
        <time>2014-08-25T03:10:15Z</time>
      </trkpt>
      <trkpt lat="40.625051" lon="-0.099366">
        <ele>948.1</ele>
        <time>2014-08-25T03:10:16Z</time>
      </trkpt>
      <trkpt lat="40.625017" lon="-0.099416">
        <ele>947.7</ele>
        <time>2014-08-25T03:10:17Z</time>
      </trkpt>
      <trkpt lat="40.624967" lon="-0.099516">
        <ele>946.8</ele>
        <time>2014-08-25T03:10:18Z</time>
      </trkpt>
      <trkpt lat="40.624934" lon="-0.099549">
        <ele>946.5</ele>
        <time>2014-08-25T03:10:19Z</time>
      </trkpt>
      <trkpt lat="40.624900" lon="-0.099600">
        <ele>946.0</ele>
        <time>2014-08-25T03:10:20Z</time>
      </trkpt>
      <trkpt lat="40.624867" lon="-0.099649">
        <ele>945.7</ele>
        <time>2014-08-25T03:10:21Z</time>
      </trkpt>
      <trkpt lat="40.624834" lon="-0.099700">
        <ele>945.5</ele>
        <time>2014-08-25T03:10:22Z</time>
      </trkpt>
      <trkpt lat="40.624784" lon="-0.099766">
        <ele>945.2</ele>
        <time>2014-08-25T03:10:23Z</time>
      </trkpt>
      <trkpt lat="40.624750" lon="-0.099833">
        <ele>945.0</ele>
        <time>2014-08-25T03:10:24Z</time>
      </trkpt>
      <trkpt lat="40.624717" lon="-0.099883">
        <ele>944.9</ele>
        <time>2014-08-25T03:10:25Z</time>
      </trkpt>
      <trkpt lat="40.624684" lon="-0.099933">
        <ele>944.8</ele>
        <time>2014-08-25T03:10:26Z</time>
      </trkpt>
      <trkpt lat="40.624634" lon="-0.099983">
        <ele>944.7</ele>
        <time>2014-08-25T03:10:27Z</time>
      </trkpt>
      <trkpt lat="40.624601" lon="-0.100050">
        <ele>944.8</ele>
        <time>2014-08-25T03:10:28Z</time>
      </trkpt>
      <trkpt lat="40.624567" lon="-0.100099">
        <ele>944.8</ele>
        <time>2014-08-25T03:10:29Z</time>
      </trkpt>
      <trkpt lat="40.624517" lon="-0.100150">
        <ele>944.8</ele>
        <time>2014-08-25T03:10:30Z</time>
      </trkpt>
      <trkpt lat="40.624467" lon="-0.100199">
        <ele>944.9</ele>
        <time>2014-08-25T03:10:31Z</time>
      </trkpt>
      <trkpt lat="40.624434" lon="-0.100233">
        <ele>945.0</ele>
        <time>2014-08-25T03:10:32Z</time>
      </trkpt>
      <trkpt lat="40.624384" lon="-0.100283">
        <ele>945.0</ele>
        <time>2014-08-25T03:10:33Z</time>
      </trkpt>
      <trkpt lat="40.624350" lon="-0.100316">
        <ele>945.0</ele>
        <time>2014-08-25T03:10:34Z</time>
      </trkpt>
      <trkpt lat="40.624267" lon="-0.100399">
        <ele>945.2</ele>
        <time>2014-08-25T03:10:36Z</time>
      </trkpt>
      <trkpt lat="40.624200" lon="-0.100416">
        <ele>945.6</ele>
        <time>2014-08-25T03:10:38Z</time>
      </trkpt>
      <trkpt lat="40.624134" lon="-0.100433">
        <ele>945.9</ele>
        <time>2014-08-25T03:10:40Z</time>
      </trkpt>
      <trkpt lat="40.624067" lon="-0.100466">
        <ele>946.2</ele>
        <time>2014-08-25T03:10:42Z</time>
      </trkpt>
      <trkpt lat="40.623984" lon="-0.100500">
        <ele>946.7</ele>
        <time>2014-08-25T03:10:45Z</time>
      </trkpt>
      <trkpt lat="40.623917" lon="-0.100516">
        <ele>947.2</ele>
        <time>2014-08-25T03:10:48Z</time>
      </trkpt>
      <trkpt lat="40.623851" lon="-0.100533">
        <ele>947.8</ele>
        <time>2014-08-25T03:10:51Z</time>
      </trkpt>
      <trkpt lat="40.623784" lon="-0.100549">
        <ele>948.3</ele>
        <time>2014-08-25T03:10:54Z</time>
      </trkpt>
      <trkpt lat="40.623701" lon="-0.100583">
        <ele>949.0</ele>
        <time>2014-08-25T03:10:58Z</time>
      </trkpt>
      <trkpt lat="40.623617" lon="-0.100600">
        <ele>949.5</ele>
        <time>2014-08-25T03:11:02Z</time>
      </trkpt>
      <trkpt lat="40.623534" lon="-0.100633">
        <ele>950.2</ele>
        <time>2014-08-25T03:11:06Z</time>
      </trkpt>
      <trkpt lat="40.623450" lon="-0.100649">
        <ele>950.9</ele>
        <time>2014-08-25T03:11:10Z</time>
      </trkpt>
      <trkpt lat="40.623367" lon="-0.100666">
        <ele>951.5</ele>
        <time>2014-08-25T03:11:15Z</time>
      </trkpt>
      <trkpt lat="40.623284" lon="-0.100700">
        <ele>952.4</ele>
        <time>2014-08-25T03:11:19Z</time>
      </trkpt>
      <trkpt lat="40.623218" lon="-0.100716">
        <ele>952.9</ele>
        <time>2014-08-25T03:11:23Z</time>
      </trkpt>
      <trkpt lat="40.623134" lon="-0.100749">
        <ele>953.4</ele>
        <time>2014-08-25T03:11:27Z</time>
      </trkpt>
      <trkpt lat="40.623118" lon="-0.100749">
        <ele>953.3</ele>
        <time>2014-08-25T03:11:28Z</time>
      </trkpt>
      <trkpt lat="40.622984" lon="-0.100816">
        <ele>954.9</ele>
        <time>2014-08-25T03:11:34Z</time>
      </trkpt>
      <trkpt lat="40.622900" lon="-0.100816">
        <ele>954.6</ele>
        <time>2014-08-25T03:11:38Z</time>
      </trkpt>
      <trkpt lat="40.622800" lon="-0.100850">
        <ele>956.6</ele>
        <time>2014-08-25T03:11:42Z</time>
      </trkpt>
      <trkpt lat="40.622717" lon="-0.100833">
        <ele>956.3</ele>
        <time>2014-08-25T03:11:46Z</time>
      </trkpt>
      <trkpt lat="40.622584" lon="-0.100800">
        <ele>957.4</ele>
        <time>2014-08-25T03:11:50Z</time>
      </trkpt>
      <trkpt lat="40.622484" lon="-0.100766">
        <ele>959.0</ele>
        <time>2014-08-25T03:11:54Z</time>
      </trkpt>
      <trkpt lat="40.622450" lon="-0.100649">
        <ele>958.4</ele>
        <time>2014-08-25T03:11:57Z</time>
      </trkpt>
      <trkpt lat="40.622450" lon="-0.100549">
        <ele>958.1</ele>
        <time>2014-08-25T03:12:00Z</time>
      </trkpt>
      <trkpt lat="40.622434" lon="-0.100449">
        <ele>958.3</ele>
        <time>2014-08-25T03:12:03Z</time>
      </trkpt>
      <trkpt lat="40.622417" lon="-0.100366">
        <ele>958.3</ele>
        <time>2014-08-25T03:12:06Z</time>
      </trkpt>
      <trkpt lat="40.622401" lon="-0.100266">
        <ele>958.7</ele>
        <time>2014-08-25T03:12:09Z</time>
      </trkpt>
      <trkpt lat="40.622384" lon="-0.100199">
        <ele>958.8</ele>
        <time>2014-08-25T03:12:12Z</time>
      </trkpt>
      <trkpt lat="40.622334" lon="-0.100116">
        <ele>959.0</ele>
        <time>2014-08-25T03:12:15Z</time>
      </trkpt>
      <trkpt lat="40.622267" lon="-0.100099">
        <ele>959.9</ele>
        <time>2014-08-25T03:12:18Z</time>
      </trkpt>
      <trkpt lat="40.622151" lon="-0.100016">
        <ele>960.6</ele>
        <time>2014-08-25T03:12:21Z</time>
      </trkpt>
      <trkpt lat="40.622034" lon="-0.099950">
        <ele>962.1</ele>
        <time>2014-08-25T03:12:25Z</time>
      </trkpt>
      <trkpt lat="40.621984" lon="-0.099849">
        <ele>962.9</ele>
        <time>2014-08-25T03:12:29Z</time>
      </trkpt>
      <trkpt lat="40.621967" lon="-0.099733">
        <ele>963.2</ele>
        <time>2014-08-25T03:12:36Z</time>
      </trkpt>
      <trkpt lat="40.621934" lon="-0.099649">
        <ele>963.6</ele>
        <time>2014-08-25T03:12:39Z</time>
      </trkpt>
      <trkpt lat="40.621884" lon="-0.099566">
        <ele>964.0</ele>
        <time>2014-08-25T03:12:42Z</time>
      </trkpt>
      <trkpt lat="40.621851" lon="-0.099449">
        <ele>965.3</ele>
        <time>2014-08-25T03:12:46Z</time>
      </trkpt>
      <trkpt lat="40.621834" lon="-0.099366">
        <ele>966.1</ele>
        <time>2014-08-25T03:12:50Z</time>
      </trkpt>
      <trkpt lat="40.621650" lon="-0.099016">
        <ele>967.9</ele>
        <time>2014-08-25T03:12:54Z</time>
      </trkpt>
      <trkpt lat="40.621517" lon="-0.099050">
        <ele>969.0</ele>
        <time>2014-08-25T03:12:54Z</time>
      </trkpt>
    </trkseg>
  </trk>
</gpx>
