<?xml version="1.0" encoding="UTF-8" standalone="no" ?>
<gpx xmlns="http://www.topografix.com/GPX/1/1" creator="CompeGPS" version="1.1" xmlns:xsi="http://www.w3.org/2001/XMLSchema-instance" xsi:schemaLocation="http://www.topografix.com/GPX/1/1 http://www.topografix.com/GPX/1/1/gpx.xsd http://www.garmin.com/xmlschemas/GpxExtensions/v3 http://www.garmin.com/xmlschemas/GpxExtensionsv3.xsd http://www.garmin.com/xmlschemas/TrackPointExtension/v1 http://www.garmin.com/xmlschemas/TrackPointExtensionv1.xsd" xmlns:gpxtpx="http://www.garmin.com/xmlschemas/TrackPointExtension/v1">
  <metadata>
    <link href="http://www.compegps.com">
      <text>CompeGPS TEAM, SL</text>
    </link>
    <time>2016-04-05T08:49:01Z</time>
    <bounds maxlat="40.677207" maxlon="-0.068903" minlat="40.621433" minlon="-0.100766"/>
  </metadata>
  <trk>
    <name>TorreCiprésMorella</name>
    <trkseg>
      <trkpt lat="40.621433" lon="-0.098954">
        <ele>969.2</ele>
        <time>2016-04-05T07:34:41Z</time>
        <extensions>
          <gpxtpx:TrackPointExtension>
            <gpxtpx:hr>112</gpxtpx:hr>
          </gpxtpx:TrackPointExtension>
        </extensions>
      </trkpt>
      <trkpt lat="40.621714" lon="-0.098969">
        <ele>966.1</ele>
        <time>2016-04-05T07:34:51Z</time>
      </trkpt>
      <trkpt lat="40.621757" lon="-0.098996">
        <ele>965.1</ele>
        <time>2016-04-05T07:34:52Z</time>
      </trkpt>
      <trkpt lat="40.621804" lon="-0.099126">
        <ele>965.9</ele>
        <time>2016-04-05T07:34:56Z</time>
      </trkpt>
      <trkpt lat="40.621836" lon="-0.099224">
        <ele>966.0</ele>
        <time>2016-04-05T07:34:59Z</time>
      </trkpt>
      <trkpt lat="40.621853" lon="-0.099270">
        <ele>965.8</ele>
        <time>2016-04-05T07:35:01Z</time>
      </trkpt>
      <trkpt lat="40.621872" lon="-0.099338">
        <ele>965.5</ele>
        <time>2016-04-05T07:35:03Z</time>
        <extensions>
          <gpxtpx:TrackPointExtension>
            <gpxtpx:hr>111</gpxtpx:hr>
          </gpxtpx:TrackPointExtension>
        </extensions>
      </trkpt>
      <trkpt lat="40.621897" lon="-0.099453">
        <ele>964.5</ele>
        <time>2016-04-05T07:35:06Z</time>
        <extensions>
          <gpxtpx:TrackPointExtension>
            <gpxtpx:hr>110</gpxtpx:hr>
          </gpxtpx:TrackPointExtension>
        </extensions>
      </trkpt>
      <trkpt lat="40.621934" lon="-0.099533">
        <ele>963.9</ele>
        <time>2016-04-05T07:35:09Z</time>
        <extensions>
          <gpxtpx:TrackPointExtension>
            <gpxtpx:hr>107</gpxtpx:hr>
          </gpxtpx:TrackPointExtension>
        </extensions>
      </trkpt>
      <trkpt lat="40.621934" lon="-0.099583">
        <ele>963.7</ele>
        <time>2016-04-05T07:35:10Z</time>
        <extensions>
          <gpxtpx:TrackPointExtension>
            <gpxtpx:hr>106</gpxtpx:hr>
          </gpxtpx:TrackPointExtension>
        </extensions>
      </trkpt>
      <trkpt lat="40.621967" lon="-0.099733">
        <ele>963.2</ele>
        <time>2016-04-05T07:35:14Z</time>
        <extensions>
          <gpxtpx:TrackPointExtension>
            <gpxtpx:hr>103</gpxtpx:hr>
          </gpxtpx:TrackPointExtension>
        </extensions>
      </trkpt>
      <trkpt lat="40.621984" lon="-0.099783">
        <ele>963.0</ele>
        <time>2016-04-05T07:35:16Z</time>
        <extensions>
          <gpxtpx:TrackPointExtension>
            <gpxtpx:hr>103</gpxtpx:hr>
          </gpxtpx:TrackPointExtension>
        </extensions>
      </trkpt>
      <trkpt lat="40.622017" lon="-0.099833">
        <ele>962.3</ele>
        <time>2016-04-05T07:35:18Z</time>
        <extensions>
          <gpxtpx:TrackPointExtension>
            <gpxtpx:hr>103</gpxtpx:hr>
          </gpxtpx:TrackPointExtension>
        </extensions>
      </trkpt>
      <trkpt lat="40.622051" lon="-0.099883">
        <ele>961.5</ele>
        <time>2016-04-05T07:35:20Z</time>
        <extensions>
          <gpxtpx:TrackPointExtension>
            <gpxtpx:hr>103</gpxtpx:hr>
          </gpxtpx:TrackPointExtension>
        </extensions>
      </trkpt>
      <trkpt lat="40.622100" lon="-0.099932">
        <ele>960.5</ele>
        <time>2016-04-05T07:35:22Z</time>
        <extensions>
          <gpxtpx:TrackPointExtension>
            <gpxtpx:hr>103</gpxtpx:hr>
          </gpxtpx:TrackPointExtension>
        </extensions>
      </trkpt>
      <trkpt lat="40.622151" lon="-0.099966">
        <ele>959.7</ele>
        <time>2016-04-05T07:35:24Z</time>
        <extensions>
          <gpxtpx:TrackPointExtension>
            <gpxtpx:hr>102</gpxtpx:hr>
          </gpxtpx:TrackPointExtension>
        </extensions>
      </trkpt>
      <trkpt lat="40.622200" lon="-0.099999">
        <ele>959.3</ele>
        <time>2016-04-05T07:35:26Z</time>
        <extensions>
          <gpxtpx:TrackPointExtension>
            <gpxtpx:hr>102</gpxtpx:hr>
          </gpxtpx:TrackPointExtension>
        </extensions>
      </trkpt>
      <trkpt lat="40.622251" lon="-0.100032">
        <ele>959.4</ele>
        <time>2016-04-05T07:35:28Z</time>
        <extensions>
          <gpxtpx:TrackPointExtension>
            <gpxtpx:hr>98</gpxtpx:hr>
          </gpxtpx:TrackPointExtension>
        </extensions>
      </trkpt>
      <trkpt lat="40.622300" lon="-0.100066">
        <ele>958.8</ele>
        <time>2016-04-05T07:35:30Z</time>
        <extensions>
          <gpxtpx:TrackPointExtension>
            <gpxtpx:hr>96</gpxtpx:hr>
          </gpxtpx:TrackPointExtension>
        </extensions>
      </trkpt>
      <trkpt lat="40.622350" lon="-0.100116">
        <ele>958.7</ele>
        <time>2016-04-05T07:35:32Z</time>
        <extensions>
          <gpxtpx:TrackPointExtension>
            <gpxtpx:hr>96</gpxtpx:hr>
          </gpxtpx:TrackPointExtension>
        </extensions>
      </trkpt>
      <trkpt lat="40.622384" lon="-0.100166">
        <ele>958.5</ele>
        <time>2016-04-05T07:35:34Z</time>
        <extensions>
          <gpxtpx:TrackPointExtension>
            <gpxtpx:hr>95</gpxtpx:hr>
          </gpxtpx:TrackPointExtension>
        </extensions>
      </trkpt>
      <trkpt lat="40.622417" lon="-0.100233">
        <ele>958.3</ele>
        <time>2016-04-05T07:35:36Z</time>
        <extensions>
          <gpxtpx:TrackPointExtension>
            <gpxtpx:hr>94</gpxtpx:hr>
          </gpxtpx:TrackPointExtension>
        </extensions>
      </trkpt>
      <trkpt lat="40.622434" lon="-0.100299">
        <ele>958.2</ele>
        <time>2016-04-05T07:35:38Z</time>
        <extensions>
          <gpxtpx:TrackPointExtension>
            <gpxtpx:hr>94</gpxtpx:hr>
          </gpxtpx:TrackPointExtension>
        </extensions>
      </trkpt>
      <trkpt lat="40.622434" lon="-0.100366">
        <ele>958.2</ele>
        <time>2016-04-05T07:35:40Z</time>
        <extensions>
          <gpxtpx:TrackPointExtension>
            <gpxtpx:hr>94</gpxtpx:hr>
          </gpxtpx:TrackPointExtension>
        </extensions>
      </trkpt>
      <trkpt lat="40.622450" lon="-0.100433">
        <ele>958.3</ele>
        <time>2016-04-05T07:35:42Z</time>
        <extensions>
          <gpxtpx:TrackPointExtension>
            <gpxtpx:hr>93</gpxtpx:hr>
          </gpxtpx:TrackPointExtension>
        </extensions>
      </trkpt>
      <trkpt lat="40.622467" lon="-0.100500">
        <ele>957.9</ele>
        <time>2016-04-05T07:35:44Z</time>
        <extensions>
          <gpxtpx:TrackPointExtension>
            <gpxtpx:hr>93</gpxtpx:hr>
          </gpxtpx:TrackPointExtension>
        </extensions>
      </trkpt>
      <trkpt lat="40.622467" lon="-0.100583">
        <ele>957.7</ele>
        <time>2016-04-05T07:35:46Z</time>
        <extensions>
          <gpxtpx:TrackPointExtension>
            <gpxtpx:hr>92</gpxtpx:hr>
          </gpxtpx:TrackPointExtension>
        </extensions>
      </trkpt>
      <trkpt lat="40.622501" lon="-0.100633">
        <ele>957.4</ele>
        <time>2016-04-05T07:35:48Z</time>
        <extensions>
          <gpxtpx:TrackPointExtension>
            <gpxtpx:hr>90</gpxtpx:hr>
          </gpxtpx:TrackPointExtension>
        </extensions>
      </trkpt>
      <trkpt lat="40.622550" lon="-0.100683">
        <ele>956.5</ele>
        <time>2016-04-05T07:35:50Z</time>
        <extensions>
          <gpxtpx:TrackPointExtension>
            <gpxtpx:hr>88</gpxtpx:hr>
          </gpxtpx:TrackPointExtension>
        </extensions>
      </trkpt>
      <trkpt lat="40.622601" lon="-0.100716">
        <ele>955.7</ele>
        <time>2016-04-05T07:35:52Z</time>
        <extensions>
          <gpxtpx:TrackPointExtension>
            <gpxtpx:hr>86</gpxtpx:hr>
          </gpxtpx:TrackPointExtension>
        </extensions>
      </trkpt>
      <trkpt lat="40.622650" lon="-0.100733">
        <ele>955.2</ele>
        <time>2016-04-05T07:35:54Z</time>
        <extensions>
          <gpxtpx:TrackPointExtension>
            <gpxtpx:hr>85</gpxtpx:hr>
          </gpxtpx:TrackPointExtension>
        </extensions>
      </trkpt>
      <trkpt lat="40.622701" lon="-0.100749">
        <ele>955.0</ele>
        <time>2016-04-05T07:35:56Z</time>
        <extensions>
          <gpxtpx:TrackPointExtension>
            <gpxtpx:hr>85</gpxtpx:hr>
          </gpxtpx:TrackPointExtension>
        </extensions>
      </trkpt>
      <trkpt lat="40.622767" lon="-0.100766">
        <ele>955.0</ele>
        <time>2016-04-05T07:35:59Z</time>
        <extensions>
          <gpxtpx:TrackPointExtension>
            <gpxtpx:hr>83</gpxtpx:hr>
          </gpxtpx:TrackPointExtension>
        </extensions>
      </trkpt>
      <trkpt lat="40.622834" lon="-0.100766">
        <ele>954.6</ele>
        <time>2016-04-05T07:36:01Z</time>
        <extensions>
          <gpxtpx:TrackPointExtension>
            <gpxtpx:hr>82</gpxtpx:hr>
          </gpxtpx:TrackPointExtension>
        </extensions>
      </trkpt>
      <trkpt lat="40.622900" lon="-0.100749">
        <ele>953.8</ele>
        <time>2016-04-05T07:36:04Z</time>
        <extensions>
          <gpxtpx:TrackPointExtension>
            <gpxtpx:hr>80</gpxtpx:hr>
          </gpxtpx:TrackPointExtension>
        </extensions>
      </trkpt>
      <trkpt lat="40.622951" lon="-0.100733">
        <ele>953.3</ele>
        <time>2016-04-05T07:36:05Z</time>
        <extensions>
          <gpxtpx:TrackPointExtension>
            <gpxtpx:hr>80</gpxtpx:hr>
          </gpxtpx:TrackPointExtension>
        </extensions>
      </trkpt>
      <trkpt lat="40.623017" lon="-0.100716">
        <ele>953.0</ele>
        <time>2016-04-05T07:36:08Z</time>
        <extensions>
          <gpxtpx:TrackPointExtension>
            <gpxtpx:hr>79</gpxtpx:hr>
          </gpxtpx:TrackPointExtension>
        </extensions>
      </trkpt>
      <trkpt lat="40.623084" lon="-0.100700">
        <ele>952.6</ele>
        <time>2016-04-05T07:36:10Z</time>
        <extensions>
          <gpxtpx:TrackPointExtension>
            <gpxtpx:hr>76</gpxtpx:hr>
          </gpxtpx:TrackPointExtension>
        </extensions>
      </trkpt>
      <trkpt lat="40.623151" lon="-0.100666">
        <ele>951.6</ele>
        <time>2016-04-05T07:36:13Z</time>
        <extensions>
          <gpxtpx:TrackPointExtension>
            <gpxtpx:hr>74</gpxtpx:hr>
          </gpxtpx:TrackPointExtension>
        </extensions>
      </trkpt>
      <trkpt lat="40.623218" lon="-0.100649">
        <ele>951.3</ele>
        <time>2016-04-05T07:36:15Z</time>
        <extensions>
          <gpxtpx:TrackPointExtension>
            <gpxtpx:hr>74</gpxtpx:hr>
          </gpxtpx:TrackPointExtension>
        </extensions>
      </trkpt>
      <trkpt lat="40.623301" lon="-0.100633">
        <ele>951.0</ele>
        <time>2016-04-05T07:36:18Z</time>
        <extensions>
          <gpxtpx:TrackPointExtension>
            <gpxtpx:hr>73</gpxtpx:hr>
          </gpxtpx:TrackPointExtension>
        </extensions>
      </trkpt>
      <trkpt lat="40.623367" lon="-0.100600">
        <ele>949.7</ele>
        <time>2016-04-05T07:36:21Z</time>
        <extensions>
          <gpxtpx:TrackPointExtension>
            <gpxtpx:hr>72</gpxtpx:hr>
          </gpxtpx:TrackPointExtension>
        </extensions>
      </trkpt>
      <trkpt lat="40.623434" lon="-0.100583">
        <ele>949.6</ele>
        <time>2016-04-05T07:36:24Z</time>
        <extensions>
          <gpxtpx:TrackPointExtension>
            <gpxtpx:hr>72</gpxtpx:hr>
          </gpxtpx:TrackPointExtension>
        </extensions>
      </trkpt>
      <trkpt lat="40.623517" lon="-0.100566">
        <ele>949.6</ele>
        <time>2016-04-05T07:36:27Z</time>
        <extensions>
          <gpxtpx:TrackPointExtension>
            <gpxtpx:hr>72</gpxtpx:hr>
          </gpxtpx:TrackPointExtension>
        </extensions>
      </trkpt>
      <trkpt lat="40.623584" lon="-0.100533">
        <ele>948.8</ele>
        <time>2016-04-05T07:36:29Z</time>
        <extensions>
          <gpxtpx:TrackPointExtension>
            <gpxtpx:hr>72</gpxtpx:hr>
          </gpxtpx:TrackPointExtension>
        </extensions>
      </trkpt>
      <trkpt lat="40.623668" lon="-0.100516">
        <ele>948.5</ele>
        <time>2016-04-05T07:36:32Z</time>
        <extensions>
          <gpxtpx:TrackPointExtension>
            <gpxtpx:hr>72</gpxtpx:hr>
          </gpxtpx:TrackPointExtension>
        </extensions>
      </trkpt>
      <trkpt lat="40.623734" lon="-0.100483">
        <ele>947.7</ele>
        <time>2016-04-05T07:36:35Z</time>
        <extensions>
          <gpxtpx:TrackPointExtension>
            <gpxtpx:hr>71</gpxtpx:hr>
          </gpxtpx:TrackPointExtension>
        </extensions>
      </trkpt>
      <trkpt lat="40.623801" lon="-0.100466">
        <ele>947.3</ele>
        <time>2016-04-05T07:36:37Z</time>
        <extensions>
          <gpxtpx:TrackPointExtension>
            <gpxtpx:hr>70</gpxtpx:hr>
          </gpxtpx:TrackPointExtension>
        </extensions>
      </trkpt>
      <trkpt lat="40.623884" lon="-0.100433">
        <ele>946.6</ele>
        <time>2016-04-05T07:36:41Z</time>
        <extensions>
          <gpxtpx:TrackPointExtension>
            <gpxtpx:hr>70</gpxtpx:hr>
          </gpxtpx:TrackPointExtension>
        </extensions>
      </trkpt>
      <trkpt lat="40.623967" lon="-0.100416">
        <ele>946.0</ele>
        <time>2016-04-05T07:36:44Z</time>
        <extensions>
          <gpxtpx:TrackPointExtension>
            <gpxtpx:hr>70</gpxtpx:hr>
          </gpxtpx:TrackPointExtension>
        </extensions>
      </trkpt>
      <trkpt lat="40.624034" lon="-0.100383">
        <ele>945.5</ele>
        <time>2016-04-05T07:36:46Z</time>
        <extensions>
          <gpxtpx:TrackPointExtension>
            <gpxtpx:hr>70</gpxtpx:hr>
          </gpxtpx:TrackPointExtension>
        </extensions>
      </trkpt>
      <trkpt lat="40.624117" lon="-0.100366">
        <ele>945.6</ele>
        <time>2016-04-05T07:36:49Z</time>
        <extensions>
          <gpxtpx:TrackPointExtension>
            <gpxtpx:hr>70</gpxtpx:hr>
          </gpxtpx:TrackPointExtension>
        </extensions>
      </trkpt>
      <trkpt lat="40.624200" lon="-0.100333">
        <ele>945.2</ele>
        <time>2016-04-05T07:36:52Z</time>
        <extensions>
          <gpxtpx:TrackPointExtension>
            <gpxtpx:hr>70</gpxtpx:hr>
          </gpxtpx:TrackPointExtension>
        </extensions>
      </trkpt>
      <trkpt lat="40.624267" lon="-0.100283">
        <ele>944.6</ele>
        <time>2016-04-05T07:36:55Z</time>
        <extensions>
          <gpxtpx:TrackPointExtension>
            <gpxtpx:hr>70</gpxtpx:hr>
          </gpxtpx:TrackPointExtension>
        </extensions>
      </trkpt>
      <trkpt lat="40.624350" lon="-0.100233">
        <ele>944.3</ele>
        <time>2016-04-05T07:36:59Z</time>
        <extensions>
          <gpxtpx:TrackPointExtension>
            <gpxtpx:hr>71</gpxtpx:hr>
          </gpxtpx:TrackPointExtension>
        </extensions>
      </trkpt>
      <trkpt lat="40.624417" lon="-0.100183">
        <ele>944.1</ele>
        <time>2016-04-05T07:37:01Z</time>
        <extensions>
          <gpxtpx:TrackPointExtension>
            <gpxtpx:hr>71</gpxtpx:hr>
          </gpxtpx:TrackPointExtension>
        </extensions>
      </trkpt>
      <trkpt lat="40.624467" lon="-0.100116">
        <ele>943.8</ele>
        <time>2016-04-05T07:37:04Z</time>
        <extensions>
          <gpxtpx:TrackPointExtension>
            <gpxtpx:hr>71</gpxtpx:hr>
          </gpxtpx:TrackPointExtension>
        </extensions>
      </trkpt>
      <trkpt lat="40.624534" lon="-0.100066">
        <ele>944.3</ele>
        <time>2016-04-05T07:37:07Z</time>
        <extensions>
          <gpxtpx:TrackPointExtension>
            <gpxtpx:hr>71</gpxtpx:hr>
          </gpxtpx:TrackPointExtension>
        </extensions>
      </trkpt>
      <trkpt lat="40.624584" lon="-0.099999">
        <ele>944.5</ele>
        <time>2016-04-05T07:37:09Z</time>
        <extensions>
          <gpxtpx:TrackPointExtension>
            <gpxtpx:hr>71</gpxtpx:hr>
          </gpxtpx:TrackPointExtension>
        </extensions>
      </trkpt>
      <trkpt lat="40.624617" lon="-0.099932">
        <ele>944.5</ele>
        <time>2016-04-05T07:37:12Z</time>
        <extensions>
          <gpxtpx:TrackPointExtension>
            <gpxtpx:hr>71</gpxtpx:hr>
          </gpxtpx:TrackPointExtension>
        </extensions>
      </trkpt>
      <trkpt lat="40.624667" lon="-0.099883">
        <ele>944.6</ele>
        <time>2016-04-05T07:37:14Z</time>
        <extensions>
          <gpxtpx:TrackPointExtension>
            <gpxtpx:hr>71</gpxtpx:hr>
          </gpxtpx:TrackPointExtension>
        </extensions>
      </trkpt>
      <trkpt lat="40.624700" lon="-0.099816">
        <ele>944.7</ele>
        <time>2016-04-05T07:37:16Z</time>
        <extensions>
          <gpxtpx:TrackPointExtension>
            <gpxtpx:hr>73</gpxtpx:hr>
          </gpxtpx:TrackPointExtension>
        </extensions>
      </trkpt>
      <trkpt lat="40.624734" lon="-0.099766">
        <ele>944.9</ele>
        <time>2016-04-05T07:37:18Z</time>
        <extensions>
          <gpxtpx:TrackPointExtension>
            <gpxtpx:hr>74</gpxtpx:hr>
          </gpxtpx:TrackPointExtension>
        </extensions>
      </trkpt>
      <trkpt lat="40.624767" lon="-0.099700">
        <ele>945.1</ele>
        <time>2016-04-05T07:37:20Z</time>
        <extensions>
          <gpxtpx:TrackPointExtension>
            <gpxtpx:hr>74</gpxtpx:hr>
          </gpxtpx:TrackPointExtension>
        </extensions>
      </trkpt>
      <trkpt lat="40.624784" lon="-0.099666">
        <ele>945.3</ele>
        <time>2016-04-05T07:37:21Z</time>
        <extensions>
          <gpxtpx:TrackPointExtension>
            <gpxtpx:hr>76</gpxtpx:hr>
          </gpxtpx:TrackPointExtension>
        </extensions>
      </trkpt>
      <trkpt lat="40.624851" lon="-0.099566">
        <ele>946.0</ele>
        <time>2016-04-05T07:37:25Z</time>
        <extensions>
          <gpxtpx:TrackPointExtension>
            <gpxtpx:hr>77</gpxtpx:hr>
          </gpxtpx:TrackPointExtension>
        </extensions>
      </trkpt>
      <trkpt lat="40.624900" lon="-0.099500">
        <ele>946.6</ele>
        <time>2016-04-05T07:37:27Z</time>
        <extensions>
          <gpxtpx:TrackPointExtension>
            <gpxtpx:hr>79</gpxtpx:hr>
          </gpxtpx:TrackPointExtension>
        </extensions>
      </trkpt>
      <trkpt lat="40.624934" lon="-0.099466">
        <ele>946.9</ele>
        <time>2016-04-05T07:37:29Z</time>
        <extensions>
          <gpxtpx:TrackPointExtension>
            <gpxtpx:hr>79</gpxtpx:hr>
          </gpxtpx:TrackPointExtension>
        </extensions>
      </trkpt>
      <trkpt lat="40.625018" lon="-0.099333">
        <ele>948.3</ele>
        <time>2016-04-05T07:37:34Z</time>
        <extensions>
          <gpxtpx:TrackPointExtension>
            <gpxtpx:hr>85</gpxtpx:hr>
          </gpxtpx:TrackPointExtension>
        </extensions>
      </trkpt>
      <trkpt lat="40.625067" lon="-0.099266">
        <ele>948.9</ele>
        <time>2016-04-05T07:37:36Z</time>
        <extensions>
          <gpxtpx:TrackPointExtension>
            <gpxtpx:hr>93</gpxtpx:hr>
          </gpxtpx:TrackPointExtension>
        </extensions>
      </trkpt>
      <trkpt lat="40.625134" lon="-0.099199">
        <ele>949.7</ele>
        <time>2016-04-05T07:37:39Z</time>
        <extensions>
          <gpxtpx:TrackPointExtension>
            <gpxtpx:hr>100</gpxtpx:hr>
          </gpxtpx:TrackPointExtension>
        </extensions>
      </trkpt>
      <trkpt lat="40.625217" lon="-0.099166">
        <ele>950.7</ele>
        <time>2016-04-05T07:37:42Z</time>
        <extensions>
          <gpxtpx:TrackPointExtension>
            <gpxtpx:hr>104</gpxtpx:hr>
          </gpxtpx:TrackPointExtension>
        </extensions>
      </trkpt>
      <trkpt lat="40.625284" lon="-0.099133">
        <ele>951.4</ele>
        <time>2016-04-05T07:37:45Z</time>
        <extensions>
          <gpxtpx:TrackPointExtension>
            <gpxtpx:hr>106</gpxtpx:hr>
          </gpxtpx:TrackPointExtension>
        </extensions>
      </trkpt>
      <trkpt lat="40.625350" lon="-0.099099">
        <ele>951.7</ele>
        <time>2016-04-05T07:37:48Z</time>
        <extensions>
          <gpxtpx:TrackPointExtension>
            <gpxtpx:hr>108</gpxtpx:hr>
          </gpxtpx:TrackPointExtension>
        </extensions>
      </trkpt>
      <trkpt lat="40.625417" lon="-0.099033">
        <ele>951.9</ele>
        <time>2016-04-05T07:37:51Z</time>
        <extensions>
          <gpxtpx:TrackPointExtension>
            <gpxtpx:hr>111</gpxtpx:hr>
          </gpxtpx:TrackPointExtension>
        </extensions>
      </trkpt>
      <trkpt lat="40.625484" lon="-0.098966">
        <ele>952.8</ele>
        <time>2016-04-05T07:37:54Z</time>
        <extensions>
          <gpxtpx:TrackPointExtension>
            <gpxtpx:hr>112</gpxtpx:hr>
          </gpxtpx:TrackPointExtension>
        </extensions>
      </trkpt>
      <trkpt lat="40.625550" lon="-0.098900">
        <ele>953.1</ele>
        <time>2016-04-05T07:37:57Z</time>
        <extensions>
          <gpxtpx:TrackPointExtension>
            <gpxtpx:hr>113</gpxtpx:hr>
          </gpxtpx:TrackPointExtension>
        </extensions>
      </trkpt>
      <trkpt lat="40.625617" lon="-0.098849">
        <ele>953.3</ele>
        <time>2016-04-05T07:38:00Z</time>
        <extensions>
          <gpxtpx:TrackPointExtension>
            <gpxtpx:hr>117</gpxtpx:hr>
          </gpxtpx:TrackPointExtension>
        </extensions>
      </trkpt>
      <trkpt lat="40.625701" lon="-0.098783">
        <ele>954.2</ele>
        <time>2016-04-05T07:38:03Z</time>
        <extensions>
          <gpxtpx:TrackPointExtension>
            <gpxtpx:hr>117</gpxtpx:hr>
          </gpxtpx:TrackPointExtension>
        </extensions>
      </trkpt>
      <trkpt lat="40.625767" lon="-0.098733">
        <ele>954.9</ele>
        <time>2016-04-05T07:38:06Z</time>
        <extensions>
          <gpxtpx:TrackPointExtension>
            <gpxtpx:hr>117</gpxtpx:hr>
          </gpxtpx:TrackPointExtension>
        </extensions>
      </trkpt>
      <trkpt lat="40.625851" lon="-0.098683">
        <ele>955.2</ele>
        <time>2016-04-05T07:38:09Z</time>
        <extensions>
          <gpxtpx:TrackPointExtension>
            <gpxtpx:hr>117</gpxtpx:hr>
          </gpxtpx:TrackPointExtension>
        </extensions>
      </trkpt>
      <trkpt lat="40.625917" lon="-0.098616">
        <ele>956.1</ele>
        <time>2016-04-05T07:38:12Z</time>
        <extensions>
          <gpxtpx:TrackPointExtension>
            <gpxtpx:hr>117</gpxtpx:hr>
          </gpxtpx:TrackPointExtension>
        </extensions>
      </trkpt>
      <trkpt lat="40.625984" lon="-0.098533">
        <ele>956.2</ele>
        <time>2016-04-05T07:38:16Z</time>
        <extensions>
          <gpxtpx:TrackPointExtension>
            <gpxtpx:hr>118</gpxtpx:hr>
          </gpxtpx:TrackPointExtension>
        </extensions>
      </trkpt>
      <trkpt lat="40.626000" lon="-0.098450">
        <ele>956.4</ele>
        <time>2016-04-05T07:38:18Z</time>
        <extensions>
          <gpxtpx:TrackPointExtension>
            <gpxtpx:hr>120</gpxtpx:hr>
          </gpxtpx:TrackPointExtension>
        </extensions>
      </trkpt>
      <trkpt lat="40.626000" lon="-0.098333">
        <ele>957.2</ele>
        <time>2016-04-05T07:38:21Z</time>
        <extensions>
          <gpxtpx:TrackPointExtension>
            <gpxtpx:hr>123</gpxtpx:hr>
          </gpxtpx:TrackPointExtension>
        </extensions>
      </trkpt>
      <trkpt lat="40.625984" lon="-0.098299">
        <ele>957.7</ele>
        <time>2016-04-05T07:38:22Z</time>
        <extensions>
          <gpxtpx:TrackPointExtension>
            <gpxtpx:hr>123</gpxtpx:hr>
          </gpxtpx:TrackPointExtension>
        </extensions>
      </trkpt>
      <trkpt lat="40.625951" lon="-0.098132">
        <ele>959.3</ele>
        <time>2016-04-05T07:38:27Z</time>
        <extensions>
          <gpxtpx:TrackPointExtension>
            <gpxtpx:hr>126</gpxtpx:hr>
          </gpxtpx:TrackPointExtension>
        </extensions>
      </trkpt>
      <trkpt lat="40.625967" lon="-0.098016">
        <ele>959.8</ele>
        <time>2016-04-05T07:38:30Z</time>
        <extensions>
          <gpxtpx:TrackPointExtension>
            <gpxtpx:hr>124</gpxtpx:hr>
          </gpxtpx:TrackPointExtension>
        </extensions>
      </trkpt>
      <trkpt lat="40.625967" lon="-0.097916">
        <ele>961.0</ele>
        <time>2016-04-05T07:38:33Z</time>
        <extensions>
          <gpxtpx:TrackPointExtension>
            <gpxtpx:hr>123</gpxtpx:hr>
          </gpxtpx:TrackPointExtension>
        </extensions>
      </trkpt>
      <trkpt lat="40.626000" lon="-0.097816">
        <ele>962.1</ele>
        <time>2016-04-05T07:38:36Z</time>
        <extensions>
          <gpxtpx:TrackPointExtension>
            <gpxtpx:hr>122</gpxtpx:hr>
          </gpxtpx:TrackPointExtension>
        </extensions>
      </trkpt>
      <trkpt lat="40.626050" lon="-0.097733">
        <ele>962.7</ele>
        <time>2016-04-05T07:38:39Z</time>
        <extensions>
          <gpxtpx:TrackPointExtension>
            <gpxtpx:hr>121</gpxtpx:hr>
          </gpxtpx:TrackPointExtension>
        </extensions>
      </trkpt>
      <trkpt lat="40.626100" lon="-0.097649">
        <ele>963.4</ele>
        <time>2016-04-05T07:38:42Z</time>
        <extensions>
          <gpxtpx:TrackPointExtension>
            <gpxtpx:hr>120</gpxtpx:hr>
          </gpxtpx:TrackPointExtension>
        </extensions>
      </trkpt>
      <trkpt lat="40.626150" lon="-0.097566">
        <ele>964.3</ele>
        <time>2016-04-05T07:38:45Z</time>
        <extensions>
          <gpxtpx:TrackPointExtension>
            <gpxtpx:hr>120</gpxtpx:hr>
          </gpxtpx:TrackPointExtension>
        </extensions>
      </trkpt>
      <trkpt lat="40.626217" lon="-0.097499">
        <ele>964.3</ele>
        <time>2016-04-05T07:38:48Z</time>
        <extensions>
          <gpxtpx:TrackPointExtension>
            <gpxtpx:hr>119</gpxtpx:hr>
          </gpxtpx:TrackPointExtension>
        </extensions>
      </trkpt>
      <trkpt lat="40.626284" lon="-0.097416">
        <ele>965.0</ele>
        <time>2016-04-05T07:38:51Z</time>
        <extensions>
          <gpxtpx:TrackPointExtension>
            <gpxtpx:hr>119</gpxtpx:hr>
          </gpxtpx:TrackPointExtension>
        </extensions>
      </trkpt>
      <trkpt lat="40.626334" lon="-0.097350">
        <ele>965.8</ele>
        <time>2016-04-05T07:38:54Z</time>
        <extensions>
          <gpxtpx:TrackPointExtension>
            <gpxtpx:hr>118</gpxtpx:hr>
          </gpxtpx:TrackPointExtension>
        </extensions>
      </trkpt>
      <trkpt lat="40.626401" lon="-0.097266">
        <ele>966.3</ele>
        <time>2016-04-05T07:38:57Z</time>
      </trkpt>
      <trkpt lat="40.626467" lon="-0.097199">
        <ele>966.9</ele>
        <time>2016-04-05T07:39:00Z</time>
        <extensions>
          <gpxtpx:TrackPointExtension>
            <gpxtpx:hr>117</gpxtpx:hr>
          </gpxtpx:TrackPointExtension>
        </extensions>
      </trkpt>
      <trkpt lat="40.626534" lon="-0.097133">
        <ele>967.3</ele>
        <time>2016-04-05T07:39:03Z</time>
        <extensions>
          <gpxtpx:TrackPointExtension>
            <gpxtpx:hr>113</gpxtpx:hr>
          </gpxtpx:TrackPointExtension>
        </extensions>
      </trkpt>
      <trkpt lat="40.626600" lon="-0.097083">
        <ele>967.9</ele>
        <time>2016-04-05T07:39:06Z</time>
        <extensions>
          <gpxtpx:TrackPointExtension>
            <gpxtpx:hr>114</gpxtpx:hr>
          </gpxtpx:TrackPointExtension>
        </extensions>
      </trkpt>
      <trkpt lat="40.626684" lon="-0.097050">
        <ele>968.2</ele>
        <time>2016-04-05T07:39:09Z</time>
        <extensions>
          <gpxtpx:TrackPointExtension>
            <gpxtpx:hr>114</gpxtpx:hr>
          </gpxtpx:TrackPointExtension>
        </extensions>
      </trkpt>
      <trkpt lat="40.626700" lon="-0.097033">
        <ele>968.7</ele>
        <time>2016-04-05T07:39:10Z</time>
        <extensions>
          <gpxtpx:TrackPointExtension>
            <gpxtpx:hr>114</gpxtpx:hr>
          </gpxtpx:TrackPointExtension>
        </extensions>
      </trkpt>
      <trkpt lat="40.626851" lon="-0.097016">
        <ele>969.5</ele>
        <time>2016-04-05T07:39:16Z</time>
        <extensions>
          <gpxtpx:TrackPointExtension>
            <gpxtpx:hr>116</gpxtpx:hr>
          </gpxtpx:TrackPointExtension>
        </extensions>
      </trkpt>
      <trkpt lat="40.626934" lon="-0.097050">
        <ele>969.4</ele>
        <time>2016-04-05T07:39:19Z</time>
        <extensions>
          <gpxtpx:TrackPointExtension>
            <gpxtpx:hr>115</gpxtpx:hr>
          </gpxtpx:TrackPointExtension>
        </extensions>
      </trkpt>
      <trkpt lat="40.627017" lon="-0.097083">
        <ele>970.5</ele>
        <time>2016-04-05T07:39:22Z</time>
        <extensions>
          <gpxtpx:TrackPointExtension>
            <gpxtpx:hr>115</gpxtpx:hr>
          </gpxtpx:TrackPointExtension>
        </extensions>
      </trkpt>
      <trkpt lat="40.627084" lon="-0.097133">
        <ele>971.4</ele>
        <time>2016-04-05T07:39:25Z</time>
        <extensions>
          <gpxtpx:TrackPointExtension>
            <gpxtpx:hr>113</gpxtpx:hr>
          </gpxtpx:TrackPointExtension>
        </extensions>
      </trkpt>
      <trkpt lat="40.627150" lon="-0.097199">
        <ele>971.7</ele>
        <time>2016-04-05T07:39:28Z</time>
        <extensions>
          <gpxtpx:TrackPointExtension>
            <gpxtpx:hr>114</gpxtpx:hr>
          </gpxtpx:TrackPointExtension>
        </extensions>
      </trkpt>
      <trkpt lat="40.627217" lon="-0.097266">
        <ele>971.7</ele>
        <time>2016-04-05T07:39:31Z</time>
        <extensions>
          <gpxtpx:TrackPointExtension>
            <gpxtpx:hr>114</gpxtpx:hr>
          </gpxtpx:TrackPointExtension>
        </extensions>
      </trkpt>
      <trkpt lat="40.627284" lon="-0.097333">
        <ele>971.9</ele>
        <time>2016-04-05T07:39:34Z</time>
        <extensions>
          <gpxtpx:TrackPointExtension>
            <gpxtpx:hr>113</gpxtpx:hr>
          </gpxtpx:TrackPointExtension>
        </extensions>
      </trkpt>
      <trkpt lat="40.627367" lon="-0.097399">
        <ele>972.5</ele>
        <time>2016-04-05T07:39:37Z</time>
        <extensions>
          <gpxtpx:TrackPointExtension>
            <gpxtpx:hr>112</gpxtpx:hr>
          </gpxtpx:TrackPointExtension>
        </extensions>
      </trkpt>
      <trkpt lat="40.627434" lon="-0.097466">
        <ele>972.8</ele>
        <time>2016-04-05T07:39:40Z</time>
      </trkpt>
      <trkpt lat="40.627501" lon="-0.097482">
        <ele>973.3</ele>
        <time>2016-04-05T07:39:43Z</time>
        <extensions>
          <gpxtpx:TrackPointExtension>
            <gpxtpx:hr>109</gpxtpx:hr>
          </gpxtpx:TrackPointExtension>
        </extensions>
      </trkpt>
      <trkpt lat="40.627584" lon="-0.097466">
        <ele>973.8</ele>
        <time>2016-04-05T07:39:46Z</time>
        <extensions>
          <gpxtpx:TrackPointExtension>
            <gpxtpx:hr>110</gpxtpx:hr>
          </gpxtpx:TrackPointExtension>
        </extensions>
      </trkpt>
      <trkpt lat="40.627651" lon="-0.097399">
        <ele>974.1</ele>
        <time>2016-04-05T07:39:49Z</time>
        <extensions>
          <gpxtpx:TrackPointExtension>
            <gpxtpx:hr>115</gpxtpx:hr>
          </gpxtpx:TrackPointExtension>
        </extensions>
      </trkpt>
      <trkpt lat="40.627700" lon="-0.097299">
        <ele>974.2</ele>
        <time>2016-04-05T07:39:52Z</time>
        <extensions>
          <gpxtpx:TrackPointExtension>
            <gpxtpx:hr>115</gpxtpx:hr>
          </gpxtpx:TrackPointExtension>
        </extensions>
      </trkpt>
      <trkpt lat="40.627734" lon="-0.097199">
        <ele>974.3</ele>
        <time>2016-04-05T07:39:55Z</time>
        <extensions>
          <gpxtpx:TrackPointExtension>
            <gpxtpx:hr>112</gpxtpx:hr>
          </gpxtpx:TrackPointExtension>
        </extensions>
      </trkpt>
      <trkpt lat="40.627784" lon="-0.097133">
        <ele>974.2</ele>
        <time>2016-04-05T07:39:58Z</time>
      </trkpt>
      <trkpt lat="40.627784" lon="-0.097116">
        <ele>974.4</ele>
        <time>2016-04-05T07:39:58Z</time>
      </trkpt>
      <trkpt lat="40.627851" lon="-0.096966">
        <ele>975.0</ele>
        <time>2016-04-05T07:40:03Z</time>
        <extensions>
          <gpxtpx:TrackPointExtension>
            <gpxtpx:hr>109</gpxtpx:hr>
          </gpxtpx:TrackPointExtension>
        </extensions>
      </trkpt>
      <trkpt lat="40.627900" lon="-0.096883">
        <ele>975.0</ele>
        <time>2016-04-05T07:40:06Z</time>
        <extensions>
          <gpxtpx:TrackPointExtension>
            <gpxtpx:hr>108</gpxtpx:hr>
          </gpxtpx:TrackPointExtension>
        </extensions>
      </trkpt>
      <trkpt lat="40.627934" lon="-0.096800">
        <ele>975.1</ele>
        <time>2016-04-05T07:40:09Z</time>
        <extensions>
          <gpxtpx:TrackPointExtension>
            <gpxtpx:hr>104</gpxtpx:hr>
          </gpxtpx:TrackPointExtension>
        </extensions>
      </trkpt>
      <trkpt lat="40.627967" lon="-0.096700">
        <ele>975.3</ele>
        <time>2016-04-05T07:40:12Z</time>
        <extensions>
          <gpxtpx:TrackPointExtension>
            <gpxtpx:hr>103</gpxtpx:hr>
          </gpxtpx:TrackPointExtension>
        </extensions>
      </trkpt>
      <trkpt lat="40.628017" lon="-0.096599">
        <ele>975.0</ele>
        <time>2016-04-05T07:40:15Z</time>
        <extensions>
          <gpxtpx:TrackPointExtension>
            <gpxtpx:hr>103</gpxtpx:hr>
          </gpxtpx:TrackPointExtension>
        </extensions>
      </trkpt>
      <trkpt lat="40.628050" lon="-0.096499">
        <ele>974.9</ele>
        <time>2016-04-05T07:40:18Z</time>
        <extensions>
          <gpxtpx:TrackPointExtension>
            <gpxtpx:hr>102</gpxtpx:hr>
          </gpxtpx:TrackPointExtension>
        </extensions>
      </trkpt>
      <trkpt lat="40.628084" lon="-0.096399">
        <ele>975.0</ele>
        <time>2016-04-05T07:40:21Z</time>
        <extensions>
          <gpxtpx:TrackPointExtension>
            <gpxtpx:hr>99</gpxtpx:hr>
          </gpxtpx:TrackPointExtension>
        </extensions>
      </trkpt>
      <trkpt lat="40.628134" lon="-0.096299">
        <ele>974.8</ele>
        <time>2016-04-05T07:40:24Z</time>
        <extensions>
          <gpxtpx:TrackPointExtension>
            <gpxtpx:hr>97</gpxtpx:hr>
          </gpxtpx:TrackPointExtension>
        </extensions>
      </trkpt>
      <trkpt lat="40.628184" lon="-0.096199">
        <ele>974.7</ele>
        <time>2016-04-05T07:40:28Z</time>
        <extensions>
          <gpxtpx:TrackPointExtension>
            <gpxtpx:hr>97</gpxtpx:hr>
          </gpxtpx:TrackPointExtension>
        </extensions>
      </trkpt>
      <trkpt lat="40.628217" lon="-0.096133">
        <ele>974.6</ele>
        <time>2016-04-05T07:40:30Z</time>
        <extensions>
          <gpxtpx:TrackPointExtension>
            <gpxtpx:hr>98</gpxtpx:hr>
          </gpxtpx:TrackPointExtension>
        </extensions>
      </trkpt>
      <trkpt lat="40.628251" lon="-0.096049">
        <ele>974.7</ele>
        <time>2016-04-05T07:40:33Z</time>
        <extensions>
          <gpxtpx:TrackPointExtension>
            <gpxtpx:hr>97</gpxtpx:hr>
          </gpxtpx:TrackPointExtension>
        </extensions>
      </trkpt>
      <trkpt lat="40.628284" lon="-0.095983">
        <ele>974.7</ele>
        <time>2016-04-05T07:40:35Z</time>
        <extensions>
          <gpxtpx:TrackPointExtension>
            <gpxtpx:hr>96</gpxtpx:hr>
          </gpxtpx:TrackPointExtension>
        </extensions>
      </trkpt>
      <trkpt lat="40.628317" lon="-0.095916">
        <ele>974.6</ele>
        <time>2016-04-05T07:40:37Z</time>
        <extensions>
          <gpxtpx:TrackPointExtension>
            <gpxtpx:hr>93</gpxtpx:hr>
          </gpxtpx:TrackPointExtension>
        </extensions>
      </trkpt>
      <trkpt lat="40.628351" lon="-0.095833">
        <ele>974.5</ele>
        <time>2016-04-05T07:40:40Z</time>
        <extensions>
          <gpxtpx:TrackPointExtension>
            <gpxtpx:hr>92</gpxtpx:hr>
          </gpxtpx:TrackPointExtension>
        </extensions>
      </trkpt>
      <trkpt lat="40.628384" lon="-0.095766">
        <ele>974.3</ele>
        <time>2016-04-05T07:40:42Z</time>
        <extensions>
          <gpxtpx:TrackPointExtension>
            <gpxtpx:hr>92</gpxtpx:hr>
          </gpxtpx:TrackPointExtension>
        </extensions>
      </trkpt>
      <trkpt lat="40.628401" lon="-0.095700">
        <ele>974.7</ele>
        <time>2016-04-05T07:40:44Z</time>
        <extensions>
          <gpxtpx:TrackPointExtension>
            <gpxtpx:hr>93</gpxtpx:hr>
          </gpxtpx:TrackPointExtension>
        </extensions>
      </trkpt>
      <trkpt lat="40.628451" lon="-0.095599">
        <ele>974.2</ele>
        <time>2016-04-05T07:40:47Z</time>
        <extensions>
          <gpxtpx:TrackPointExtension>
            <gpxtpx:hr>93</gpxtpx:hr>
          </gpxtpx:TrackPointExtension>
        </extensions>
      </trkpt>
      <trkpt lat="40.628484" lon="-0.095483">
        <ele>974.4</ele>
        <time>2016-04-05T07:40:50Z</time>
        <extensions>
          <gpxtpx:TrackPointExtension>
            <gpxtpx:hr>92</gpxtpx:hr>
          </gpxtpx:TrackPointExtension>
        </extensions>
      </trkpt>
      <trkpt lat="40.628517" lon="-0.095416">
        <ele>974.2</ele>
        <time>2016-04-05T07:40:53Z</time>
        <extensions>
          <gpxtpx:TrackPointExtension>
            <gpxtpx:hr>92</gpxtpx:hr>
          </gpxtpx:TrackPointExtension>
        </extensions>
      </trkpt>
      <trkpt lat="40.628551" lon="-0.095350">
        <ele>974.2</ele>
        <time>2016-04-05T07:40:55Z</time>
        <extensions>
          <gpxtpx:TrackPointExtension>
            <gpxtpx:hr>91</gpxtpx:hr>
          </gpxtpx:TrackPointExtension>
        </extensions>
      </trkpt>
      <trkpt lat="40.628584" lon="-0.095283">
        <ele>974.0</ele>
        <time>2016-04-05T07:40:57Z</time>
        <extensions>
          <gpxtpx:TrackPointExtension>
            <gpxtpx:hr>91</gpxtpx:hr>
          </gpxtpx:TrackPointExtension>
        </extensions>
      </trkpt>
      <trkpt lat="40.628634" lon="-0.095183">
        <ele>974.2</ele>
        <time>2016-04-05T07:41:00Z</time>
        <extensions>
          <gpxtpx:TrackPointExtension>
            <gpxtpx:hr>90</gpxtpx:hr>
          </gpxtpx:TrackPointExtension>
        </extensions>
      </trkpt>
      <trkpt lat="40.628684" lon="-0.095100">
        <ele>974.5</ele>
        <time>2016-04-05T07:41:03Z</time>
        <extensions>
          <gpxtpx:TrackPointExtension>
            <gpxtpx:hr>90</gpxtpx:hr>
          </gpxtpx:TrackPointExtension>
        </extensions>
      </trkpt>
      <trkpt lat="40.628701" lon="-0.095066">
        <ele>974.9</ele>
        <time>2016-04-05T07:41:04Z</time>
        <extensions>
          <gpxtpx:TrackPointExtension>
            <gpxtpx:hr>91</gpxtpx:hr>
          </gpxtpx:TrackPointExtension>
        </extensions>
      </trkpt>
      <trkpt lat="40.628818" lon="-0.094966">
        <ele>975.7</ele>
        <time>2016-04-05T07:41:09Z</time>
        <extensions>
          <gpxtpx:TrackPointExtension>
            <gpxtpx:hr>92</gpxtpx:hr>
          </gpxtpx:TrackPointExtension>
        </extensions>
      </trkpt>
      <trkpt lat="40.628884" lon="-0.094933">
        <ele>975.5</ele>
        <time>2016-04-05T07:41:12Z</time>
        <extensions>
          <gpxtpx:TrackPointExtension>
            <gpxtpx:hr>93</gpxtpx:hr>
          </gpxtpx:TrackPointExtension>
        </extensions>
      </trkpt>
      <trkpt lat="40.628967" lon="-0.094883">
        <ele>975.7</ele>
        <time>2016-04-05T07:41:15Z</time>
        <extensions>
          <gpxtpx:TrackPointExtension>
            <gpxtpx:hr>95</gpxtpx:hr>
          </gpxtpx:TrackPointExtension>
        </extensions>
      </trkpt>
      <trkpt lat="40.629017" lon="-0.094849">
        <ele>976.0</ele>
        <time>2016-04-05T07:41:17Z</time>
        <extensions>
          <gpxtpx:TrackPointExtension>
            <gpxtpx:hr>97</gpxtpx:hr>
          </gpxtpx:TrackPointExtension>
        </extensions>
      </trkpt>
      <trkpt lat="40.629067" lon="-0.094799">
        <ele>976.5</ele>
        <time>2016-04-05T07:41:20Z</time>
        <extensions>
          <gpxtpx:TrackPointExtension>
            <gpxtpx:hr>97</gpxtpx:hr>
          </gpxtpx:TrackPointExtension>
        </extensions>
      </trkpt>
      <trkpt lat="40.629117" lon="-0.094749">
        <ele>976.3</ele>
        <time>2016-04-05T07:41:22Z</time>
        <extensions>
          <gpxtpx:TrackPointExtension>
            <gpxtpx:hr>98</gpxtpx:hr>
          </gpxtpx:TrackPointExtension>
        </extensions>
      </trkpt>
      <trkpt lat="40.629167" lon="-0.094700">
        <ele>975.7</ele>
        <time>2016-04-05T07:41:24Z</time>
        <extensions>
          <gpxtpx:TrackPointExtension>
            <gpxtpx:hr>100</gpxtpx:hr>
          </gpxtpx:TrackPointExtension>
        </extensions>
      </trkpt>
      <trkpt lat="40.629217" lon="-0.094650">
        <ele>975.5</ele>
        <time>2016-04-05T07:41:27Z</time>
        <extensions>
          <gpxtpx:TrackPointExtension>
            <gpxtpx:hr>101</gpxtpx:hr>
          </gpxtpx:TrackPointExtension>
        </extensions>
      </trkpt>
      <trkpt lat="40.629267" lon="-0.094600">
        <ele>975.2</ele>
        <time>2016-04-05T07:41:29Z</time>
        <extensions>
          <gpxtpx:TrackPointExtension>
            <gpxtpx:hr>102</gpxtpx:hr>
          </gpxtpx:TrackPointExtension>
        </extensions>
      </trkpt>
      <trkpt lat="40.629317" lon="-0.094533">
        <ele>975.0</ele>
        <time>2016-04-05T07:41:31Z</time>
        <extensions>
          <gpxtpx:TrackPointExtension>
            <gpxtpx:hr>96</gpxtpx:hr>
          </gpxtpx:TrackPointExtension>
        </extensions>
      </trkpt>
      <trkpt lat="40.629351" lon="-0.094483">
        <ele>975.1</ele>
        <time>2016-04-05T07:41:33Z</time>
        <extensions>
          <gpxtpx:TrackPointExtension>
            <gpxtpx:hr>93</gpxtpx:hr>
          </gpxtpx:TrackPointExtension>
        </extensions>
      </trkpt>
      <trkpt lat="40.629401" lon="-0.094433">
        <ele>974.8</ele>
        <time>2016-04-05T07:41:36Z</time>
        <extensions>
          <gpxtpx:TrackPointExtension>
            <gpxtpx:hr>90</gpxtpx:hr>
          </gpxtpx:TrackPointExtension>
        </extensions>
      </trkpt>
      <trkpt lat="40.629451" lon="-0.094366">
        <ele>974.6</ele>
        <time>2016-04-05T07:41:38Z</time>
        <extensions>
          <gpxtpx:TrackPointExtension>
            <gpxtpx:hr>90</gpxtpx:hr>
          </gpxtpx:TrackPointExtension>
        </extensions>
      </trkpt>
      <trkpt lat="40.629500" lon="-0.094299">
        <ele>974.6</ele>
        <time>2016-04-05T07:41:41Z</time>
        <extensions>
          <gpxtpx:TrackPointExtension>
            <gpxtpx:hr>90</gpxtpx:hr>
          </gpxtpx:TrackPointExtension>
        </extensions>
      </trkpt>
      <trkpt lat="40.629551" lon="-0.094233">
        <ele>974.2</ele>
        <time>2016-04-05T07:41:43Z</time>
        <extensions>
          <gpxtpx:TrackPointExtension>
            <gpxtpx:hr>94</gpxtpx:hr>
          </gpxtpx:TrackPointExtension>
        </extensions>
      </trkpt>
      <trkpt lat="40.629600" lon="-0.094149">
        <ele>973.7</ele>
        <time>2016-04-05T07:41:46Z</time>
        <extensions>
          <gpxtpx:TrackPointExtension>
            <gpxtpx:hr>94</gpxtpx:hr>
          </gpxtpx:TrackPointExtension>
        </extensions>
      </trkpt>
      <trkpt lat="40.629651" lon="-0.094083">
        <ele>973.3</ele>
        <time>2016-04-05T07:41:49Z</time>
        <extensions>
          <gpxtpx:TrackPointExtension>
            <gpxtpx:hr>94</gpxtpx:hr>
          </gpxtpx:TrackPointExtension>
        </extensions>
      </trkpt>
      <trkpt lat="40.629684" lon="-0.093983">
        <ele>973.0</ele>
        <time>2016-04-05T07:41:52Z</time>
        <extensions>
          <gpxtpx:TrackPointExtension>
            <gpxtpx:hr>91</gpxtpx:hr>
          </gpxtpx:TrackPointExtension>
        </extensions>
      </trkpt>
      <trkpt lat="40.629718" lon="-0.093883">
        <ele>972.5</ele>
        <time>2016-04-05T07:41:55Z</time>
        <extensions>
          <gpxtpx:TrackPointExtension>
            <gpxtpx:hr>86</gpxtpx:hr>
          </gpxtpx:TrackPointExtension>
        </extensions>
      </trkpt>
      <trkpt lat="40.629751" lon="-0.093782">
        <ele>972.0</ele>
        <time>2016-04-05T07:41:58Z</time>
        <extensions>
          <gpxtpx:TrackPointExtension>
            <gpxtpx:hr>83</gpxtpx:hr>
          </gpxtpx:TrackPointExtension>
        </extensions>
      </trkpt>
      <trkpt lat="40.629784" lon="-0.093682">
        <ele>971.5</ele>
        <time>2016-04-05T07:42:01Z</time>
        <extensions>
          <gpxtpx:TrackPointExtension>
            <gpxtpx:hr>82</gpxtpx:hr>
          </gpxtpx:TrackPointExtension>
        </extensions>
      </trkpt>
      <trkpt lat="40.629834" lon="-0.093583">
        <ele>970.9</ele>
        <time>2016-04-05T07:42:04Z</time>
        <extensions>
          <gpxtpx:TrackPointExtension>
            <gpxtpx:hr>78</gpxtpx:hr>
          </gpxtpx:TrackPointExtension>
        </extensions>
      </trkpt>
      <trkpt lat="40.629867" lon="-0.093483">
        <ele>970.3</ele>
        <time>2016-04-05T07:42:07Z</time>
        <extensions>
          <gpxtpx:TrackPointExtension>
            <gpxtpx:hr>78</gpxtpx:hr>
          </gpxtpx:TrackPointExtension>
        </extensions>
      </trkpt>
      <trkpt lat="40.629884" lon="-0.093416">
        <ele>970.1</ele>
        <time>2016-04-05T07:42:09Z</time>
        <extensions>
          <gpxtpx:TrackPointExtension>
            <gpxtpx:hr>78</gpxtpx:hr>
          </gpxtpx:TrackPointExtension>
        </extensions>
      </trkpt>
      <trkpt lat="40.629884" lon="-0.093366">
        <ele>970.0</ele>
        <time>2016-04-05T07:42:11Z</time>
        <extensions>
          <gpxtpx:TrackPointExtension>
            <gpxtpx:hr>78</gpxtpx:hr>
          </gpxtpx:TrackPointExtension>
        </extensions>
      </trkpt>
      <trkpt lat="40.629901" lon="-0.093299">
        <ele>970.1</ele>
        <time>2016-04-05T07:42:12Z</time>
        <extensions>
          <gpxtpx:TrackPointExtension>
            <gpxtpx:hr>79</gpxtpx:hr>
          </gpxtpx:TrackPointExtension>
        </extensions>
      </trkpt>
      <trkpt lat="40.629918" lon="-0.093232">
        <ele>970.0</ele>
        <time>2016-04-05T07:42:14Z</time>
        <extensions>
          <gpxtpx:TrackPointExtension>
            <gpxtpx:hr>77</gpxtpx:hr>
          </gpxtpx:TrackPointExtension>
        </extensions>
      </trkpt>
      <trkpt lat="40.629918" lon="-0.093166">
        <ele>969.8</ele>
        <time>2016-04-05T07:42:16Z</time>
        <extensions>
          <gpxtpx:TrackPointExtension>
            <gpxtpx:hr>77</gpxtpx:hr>
          </gpxtpx:TrackPointExtension>
        </extensions>
      </trkpt>
      <trkpt lat="40.629918" lon="-0.093100">
        <ele>969.6</ele>
        <time>2016-04-05T07:42:18Z</time>
        <extensions>
          <gpxtpx:TrackPointExtension>
            <gpxtpx:hr>77</gpxtpx:hr>
          </gpxtpx:TrackPointExtension>
        </extensions>
      </trkpt>
      <trkpt lat="40.629934" lon="-0.092983">
        <ele>969.4</ele>
        <time>2016-04-05T07:42:21Z</time>
        <extensions>
          <gpxtpx:TrackPointExtension>
            <gpxtpx:hr>74</gpxtpx:hr>
          </gpxtpx:TrackPointExtension>
        </extensions>
      </trkpt>
      <trkpt lat="40.629918" lon="-0.092883">
        <ele>969.0</ele>
        <time>2016-04-05T07:42:24Z</time>
        <extensions>
          <gpxtpx:TrackPointExtension>
            <gpxtpx:hr>74</gpxtpx:hr>
          </gpxtpx:TrackPointExtension>
        </extensions>
      </trkpt>
      <trkpt lat="40.629901" lon="-0.092849">
        <ele>969.0</ele>
        <time>2016-04-05T07:42:25Z</time>
        <extensions>
          <gpxtpx:TrackPointExtension>
            <gpxtpx:hr>74</gpxtpx:hr>
          </gpxtpx:TrackPointExtension>
        </extensions>
      </trkpt>
      <trkpt lat="40.629801" lon="-0.092849">
        <ele>969.0</ele>
        <time>2016-04-05T07:42:29Z</time>
        <extensions>
          <gpxtpx:TrackPointExtension>
            <gpxtpx:hr>76</gpxtpx:hr>
          </gpxtpx:TrackPointExtension>
        </extensions>
      </trkpt>
      <trkpt lat="40.629734" lon="-0.092866">
        <ele>969.1</ele>
        <time>2016-04-05T07:42:31Z</time>
        <extensions>
          <gpxtpx:TrackPointExtension>
            <gpxtpx:hr>80</gpxtpx:hr>
          </gpxtpx:TrackPointExtension>
        </extensions>
      </trkpt>
      <trkpt lat="40.629667" lon="-0.092883">
        <ele>969.1</ele>
        <time>2016-04-05T07:42:34Z</time>
        <extensions>
          <gpxtpx:TrackPointExtension>
            <gpxtpx:hr>83</gpxtpx:hr>
          </gpxtpx:TrackPointExtension>
        </extensions>
      </trkpt>
      <trkpt lat="40.629600" lon="-0.092866">
        <ele>969.1</ele>
        <time>2016-04-05T07:42:36Z</time>
        <extensions>
          <gpxtpx:TrackPointExtension>
            <gpxtpx:hr>84</gpxtpx:hr>
          </gpxtpx:TrackPointExtension>
        </extensions>
      </trkpt>
      <trkpt lat="40.629517" lon="-0.092816">
        <ele>969.2</ele>
        <time>2016-04-05T07:42:40Z</time>
        <extensions>
          <gpxtpx:TrackPointExtension>
            <gpxtpx:hr>80</gpxtpx:hr>
          </gpxtpx:TrackPointExtension>
        </extensions>
      </trkpt>
      <trkpt lat="40.629451" lon="-0.092766">
        <ele>969.2</ele>
        <time>2016-04-05T07:42:42Z</time>
        <extensions>
          <gpxtpx:TrackPointExtension>
            <gpxtpx:hr>82</gpxtpx:hr>
          </gpxtpx:TrackPointExtension>
        </extensions>
      </trkpt>
      <trkpt lat="40.629368" lon="-0.092699">
        <ele>969.0</ele>
        <time>2016-04-05T07:42:46Z</time>
        <extensions>
          <gpxtpx:TrackPointExtension>
            <gpxtpx:hr>83</gpxtpx:hr>
          </gpxtpx:TrackPointExtension>
        </extensions>
      </trkpt>
      <trkpt lat="40.629317" lon="-0.092650">
        <ele>969.0</ele>
        <time>2016-04-05T07:42:48Z</time>
        <extensions>
          <gpxtpx:TrackPointExtension>
            <gpxtpx:hr>81</gpxtpx:hr>
          </gpxtpx:TrackPointExtension>
        </extensions>
      </trkpt>
      <trkpt lat="40.629267" lon="-0.092616">
        <ele>969.1</ele>
        <time>2016-04-05T07:42:50Z</time>
        <extensions>
          <gpxtpx:TrackPointExtension>
            <gpxtpx:hr>80</gpxtpx:hr>
          </gpxtpx:TrackPointExtension>
        </extensions>
      </trkpt>
      <trkpt lat="40.629217" lon="-0.092566">
        <ele>969.3</ele>
        <time>2016-04-05T07:42:53Z</time>
        <extensions>
          <gpxtpx:TrackPointExtension>
            <gpxtpx:hr>80</gpxtpx:hr>
          </gpxtpx:TrackPointExtension>
        </extensions>
      </trkpt>
      <trkpt lat="40.629167" lon="-0.092516">
        <ele>969.3</ele>
        <time>2016-04-05T07:42:55Z</time>
        <extensions>
          <gpxtpx:TrackPointExtension>
            <gpxtpx:hr>82</gpxtpx:hr>
          </gpxtpx:TrackPointExtension>
        </extensions>
      </trkpt>
      <trkpt lat="40.629117" lon="-0.092466">
        <ele>969.2</ele>
        <time>2016-04-05T07:42:57Z</time>
        <extensions>
          <gpxtpx:TrackPointExtension>
            <gpxtpx:hr>88</gpxtpx:hr>
          </gpxtpx:TrackPointExtension>
        </extensions>
      </trkpt>
      <trkpt lat="40.629050" lon="-0.092433">
        <ele>969.3</ele>
        <time>2016-04-05T07:43:00Z</time>
        <extensions>
          <gpxtpx:TrackPointExtension>
            <gpxtpx:hr>90</gpxtpx:hr>
          </gpxtpx:TrackPointExtension>
        </extensions>
      </trkpt>
      <trkpt lat="40.629000" lon="-0.092383">
        <ele>969.4</ele>
        <time>2016-04-05T07:43:02Z</time>
        <extensions>
          <gpxtpx:TrackPointExtension>
            <gpxtpx:hr>96</gpxtpx:hr>
          </gpxtpx:TrackPointExtension>
        </extensions>
      </trkpt>
      <trkpt lat="40.628934" lon="-0.092316">
        <ele>969.4</ele>
        <time>2016-04-05T07:43:05Z</time>
        <extensions>
          <gpxtpx:TrackPointExtension>
            <gpxtpx:hr>95</gpxtpx:hr>
          </gpxtpx:TrackPointExtension>
        </extensions>
      </trkpt>
      <trkpt lat="40.628867" lon="-0.092249">
        <ele>969.4</ele>
        <time>2016-04-05T07:43:08Z</time>
        <extensions>
          <gpxtpx:TrackPointExtension>
            <gpxtpx:hr>87</gpxtpx:hr>
          </gpxtpx:TrackPointExtension>
        </extensions>
      </trkpt>
      <trkpt lat="40.628818" lon="-0.092166">
        <ele>969.4</ele>
        <time>2016-04-05T07:43:11Z</time>
        <extensions>
          <gpxtpx:TrackPointExtension>
            <gpxtpx:hr>87</gpxtpx:hr>
          </gpxtpx:TrackPointExtension>
        </extensions>
      </trkpt>
      <trkpt lat="40.628751" lon="-0.092083">
        <ele>969.4</ele>
        <time>2016-04-05T07:43:14Z</time>
        <extensions>
          <gpxtpx:TrackPointExtension>
            <gpxtpx:hr>89</gpxtpx:hr>
          </gpxtpx:TrackPointExtension>
        </extensions>
      </trkpt>
      <trkpt lat="40.628701" lon="-0.091983">
        <ele>969.7</ele>
        <time>2016-04-05T07:43:18Z</time>
        <extensions>
          <gpxtpx:TrackPointExtension>
            <gpxtpx:hr>92</gpxtpx:hr>
          </gpxtpx:TrackPointExtension>
        </extensions>
      </trkpt>
      <trkpt lat="40.628734" lon="-0.091883">
        <ele>969.6</ele>
        <time>2016-04-05T07:43:21Z</time>
        <extensions>
          <gpxtpx:TrackPointExtension>
            <gpxtpx:hr>89</gpxtpx:hr>
          </gpxtpx:TrackPointExtension>
        </extensions>
      </trkpt>
      <trkpt lat="40.628818" lon="-0.091833">
        <ele>968.7</ele>
        <time>2016-04-05T07:43:24Z</time>
        <extensions>
          <gpxtpx:TrackPointExtension>
            <gpxtpx:hr>90</gpxtpx:hr>
          </gpxtpx:TrackPointExtension>
        </extensions>
      </trkpt>
      <trkpt lat="40.628867" lon="-0.091833">
        <ele>968.7</ele>
        <time>2016-04-05T07:43:26Z</time>
        <extensions>
          <gpxtpx:TrackPointExtension>
            <gpxtpx:hr>93</gpxtpx:hr>
          </gpxtpx:TrackPointExtension>
        </extensions>
      </trkpt>
      <trkpt lat="40.628934" lon="-0.091816">
        <ele>968.5</ele>
        <time>2016-04-05T07:43:28Z</time>
        <extensions>
          <gpxtpx:TrackPointExtension>
            <gpxtpx:hr>95</gpxtpx:hr>
          </gpxtpx:TrackPointExtension>
        </extensions>
      </trkpt>
      <trkpt lat="40.629000" lon="-0.091816">
        <ele>968.9</ele>
        <time>2016-04-05T07:43:31Z</time>
        <extensions>
          <gpxtpx:TrackPointExtension>
            <gpxtpx:hr>94</gpxtpx:hr>
          </gpxtpx:TrackPointExtension>
        </extensions>
      </trkpt>
      <trkpt lat="40.629017" lon="-0.091799">
        <ele>968.4</ele>
        <time>2016-04-05T07:43:32Z</time>
        <extensions>
          <gpxtpx:TrackPointExtension>
            <gpxtpx:hr>94</gpxtpx:hr>
          </gpxtpx:TrackPointExtension>
        </extensions>
      </trkpt>
      <trkpt lat="40.629117" lon="-0.091783">
        <ele>968.8</ele>
        <time>2016-04-05T07:43:35Z</time>
        <extensions>
          <gpxtpx:TrackPointExtension>
            <gpxtpx:hr>95</gpxtpx:hr>
          </gpxtpx:TrackPointExtension>
        </extensions>
      </trkpt>
      <trkpt lat="40.629167" lon="-0.091750">
        <ele>968.7</ele>
        <time>2016-04-05T07:43:37Z</time>
        <extensions>
          <gpxtpx:TrackPointExtension>
            <gpxtpx:hr>96</gpxtpx:hr>
          </gpxtpx:TrackPointExtension>
        </extensions>
      </trkpt>
      <trkpt lat="40.629234" lon="-0.091733">
        <ele>969.3</ele>
        <time>2016-04-05T07:43:40Z</time>
        <extensions>
          <gpxtpx:TrackPointExtension>
            <gpxtpx:hr>96</gpxtpx:hr>
          </gpxtpx:TrackPointExtension>
        </extensions>
      </trkpt>
      <trkpt lat="40.629284" lon="-0.091683">
        <ele>968.7</ele>
        <time>2016-04-05T07:43:42Z</time>
        <extensions>
          <gpxtpx:TrackPointExtension>
            <gpxtpx:hr>97</gpxtpx:hr>
          </gpxtpx:TrackPointExtension>
        </extensions>
      </trkpt>
      <trkpt lat="40.629351" lon="-0.091650">
        <ele>969.2</ele>
        <time>2016-04-05T07:43:45Z</time>
        <extensions>
          <gpxtpx:TrackPointExtension>
            <gpxtpx:hr>98</gpxtpx:hr>
          </gpxtpx:TrackPointExtension>
        </extensions>
      </trkpt>
      <trkpt lat="40.629417" lon="-0.091616">
        <ele>970.0</ele>
        <time>2016-04-05T07:43:47Z</time>
        <extensions>
          <gpxtpx:TrackPointExtension>
            <gpxtpx:hr>100</gpxtpx:hr>
          </gpxtpx:TrackPointExtension>
        </extensions>
      </trkpt>
      <trkpt lat="40.629468" lon="-0.091566">
        <ele>970.2</ele>
        <time>2016-04-05T07:43:49Z</time>
        <extensions>
          <gpxtpx:TrackPointExtension>
            <gpxtpx:hr>102</gpxtpx:hr>
          </gpxtpx:TrackPointExtension>
        </extensions>
      </trkpt>
      <trkpt lat="40.629517" lon="-0.091516">
        <ele>971.1</ele>
        <time>2016-04-05T07:43:52Z</time>
        <extensions>
          <gpxtpx:TrackPointExtension>
            <gpxtpx:hr>103</gpxtpx:hr>
          </gpxtpx:TrackPointExtension>
        </extensions>
      </trkpt>
      <trkpt lat="40.629567" lon="-0.091466">
        <ele>971.9</ele>
        <time>2016-04-05T07:43:54Z</time>
        <extensions>
          <gpxtpx:TrackPointExtension>
            <gpxtpx:hr>103</gpxtpx:hr>
          </gpxtpx:TrackPointExtension>
        </extensions>
      </trkpt>
      <trkpt lat="40.629634" lon="-0.091383">
        <ele>972.3</ele>
        <time>2016-04-05T07:43:57Z</time>
        <extensions>
          <gpxtpx:TrackPointExtension>
            <gpxtpx:hr>103</gpxtpx:hr>
          </gpxtpx:TrackPointExtension>
        </extensions>
      </trkpt>
      <trkpt lat="40.629684" lon="-0.091299">
        <ele>972.6</ele>
        <time>2016-04-05T07:44:00Z</time>
        <extensions>
          <gpxtpx:TrackPointExtension>
            <gpxtpx:hr>104</gpxtpx:hr>
          </gpxtpx:TrackPointExtension>
        </extensions>
      </trkpt>
      <trkpt lat="40.629734" lon="-0.091216">
        <ele>973.5</ele>
        <time>2016-04-05T07:44:03Z</time>
        <extensions>
          <gpxtpx:TrackPointExtension>
            <gpxtpx:hr>106</gpxtpx:hr>
          </gpxtpx:TrackPointExtension>
        </extensions>
      </trkpt>
      <trkpt lat="40.629767" lon="-0.091133">
        <ele>974.0</ele>
        <time>2016-04-05T07:44:06Z</time>
        <extensions>
          <gpxtpx:TrackPointExtension>
            <gpxtpx:hr>109</gpxtpx:hr>
          </gpxtpx:TrackPointExtension>
        </extensions>
      </trkpt>
      <trkpt lat="40.629801" lon="-0.091049">
        <ele>974.6</ele>
        <time>2016-04-05T07:44:08Z</time>
        <extensions>
          <gpxtpx:TrackPointExtension>
            <gpxtpx:hr>109</gpxtpx:hr>
          </gpxtpx:TrackPointExtension>
        </extensions>
      </trkpt>
      <trkpt lat="40.629851" lon="-0.090949">
        <ele>975.4</ele>
        <time>2016-04-05T07:44:12Z</time>
        <extensions>
          <gpxtpx:TrackPointExtension>
            <gpxtpx:hr>111</gpxtpx:hr>
          </gpxtpx:TrackPointExtension>
        </extensions>
      </trkpt>
      <trkpt lat="40.629884" lon="-0.090850">
        <ele>975.7</ele>
        <time>2016-04-05T07:44:15Z</time>
        <extensions>
          <gpxtpx:TrackPointExtension>
            <gpxtpx:hr>113</gpxtpx:hr>
          </gpxtpx:TrackPointExtension>
        </extensions>
      </trkpt>
      <trkpt lat="40.629934" lon="-0.090750">
        <ele>976.5</ele>
        <time>2016-04-05T07:44:18Z</time>
        <extensions>
          <gpxtpx:TrackPointExtension>
            <gpxtpx:hr>116</gpxtpx:hr>
          </gpxtpx:TrackPointExtension>
        </extensions>
      </trkpt>
      <trkpt lat="40.629967" lon="-0.090650">
        <ele>976.9</ele>
        <time>2016-04-05T07:44:21Z</time>
        <extensions>
          <gpxtpx:TrackPointExtension>
            <gpxtpx:hr>118</gpxtpx:hr>
          </gpxtpx:TrackPointExtension>
        </extensions>
      </trkpt>
      <trkpt lat="40.630018" lon="-0.090550">
        <ele>977.4</ele>
        <time>2016-04-05T07:44:24Z</time>
        <extensions>
          <gpxtpx:TrackPointExtension>
            <gpxtpx:hr>119</gpxtpx:hr>
          </gpxtpx:TrackPointExtension>
        </extensions>
      </trkpt>
      <trkpt lat="40.630050" lon="-0.090449">
        <ele>977.6</ele>
        <time>2016-04-05T07:44:27Z</time>
        <extensions>
          <gpxtpx:TrackPointExtension>
            <gpxtpx:hr>121</gpxtpx:hr>
          </gpxtpx:TrackPointExtension>
        </extensions>
      </trkpt>
      <trkpt lat="40.630101" lon="-0.090366">
        <ele>978.3</ele>
        <time>2016-04-05T07:44:30Z</time>
        <extensions>
          <gpxtpx:TrackPointExtension>
            <gpxtpx:hr>122</gpxtpx:hr>
          </gpxtpx:TrackPointExtension>
        </extensions>
      </trkpt>
      <trkpt lat="40.630117" lon="-0.090349">
        <ele>978.7</ele>
        <time>2016-04-05T07:44:31Z</time>
        <extensions>
          <gpxtpx:TrackPointExtension>
            <gpxtpx:hr>123</gpxtpx:hr>
          </gpxtpx:TrackPointExtension>
        </extensions>
      </trkpt>
      <trkpt lat="40.630201" lon="-0.090200">
        <ele>979.2</ele>
        <time>2016-04-05T07:44:36Z</time>
        <extensions>
          <gpxtpx:TrackPointExtension>
            <gpxtpx:hr>124</gpxtpx:hr>
          </gpxtpx:TrackPointExtension>
        </extensions>
      </trkpt>
      <trkpt lat="40.630251" lon="-0.090116">
        <ele>979.7</ele>
        <time>2016-04-05T07:44:39Z</time>
        <extensions>
          <gpxtpx:TrackPointExtension>
            <gpxtpx:hr>124</gpxtpx:hr>
          </gpxtpx:TrackPointExtension>
        </extensions>
      </trkpt>
      <trkpt lat="40.630317" lon="-0.090033">
        <ele>980.4</ele>
        <time>2016-04-05T07:44:43Z</time>
        <extensions>
          <gpxtpx:TrackPointExtension>
            <gpxtpx:hr>124</gpxtpx:hr>
          </gpxtpx:TrackPointExtension>
        </extensions>
      </trkpt>
      <trkpt lat="40.630384" lon="-0.089966">
        <ele>981.1</ele>
        <time>2016-04-05T07:44:46Z</time>
        <extensions>
          <gpxtpx:TrackPointExtension>
            <gpxtpx:hr>125</gpxtpx:hr>
          </gpxtpx:TrackPointExtension>
        </extensions>
      </trkpt>
      <trkpt lat="40.630451" lon="-0.089883">
        <ele>981.1</ele>
        <time>2016-04-05T07:44:49Z</time>
        <extensions>
          <gpxtpx:TrackPointExtension>
            <gpxtpx:hr>125</gpxtpx:hr>
          </gpxtpx:TrackPointExtension>
        </extensions>
      </trkpt>
      <trkpt lat="40.630517" lon="-0.089833">
        <ele>981.3</ele>
        <time>2016-04-05T07:44:52Z</time>
        <extensions>
          <gpxtpx:TrackPointExtension>
            <gpxtpx:hr>125</gpxtpx:hr>
          </gpxtpx:TrackPointExtension>
        </extensions>
      </trkpt>
      <trkpt lat="40.630601" lon="-0.089783">
        <ele>982.1</ele>
        <time>2016-04-05T07:44:55Z</time>
        <extensions>
          <gpxtpx:TrackPointExtension>
            <gpxtpx:hr>125</gpxtpx:hr>
          </gpxtpx:TrackPointExtension>
        </extensions>
      </trkpt>
      <trkpt lat="40.630684" lon="-0.089716">
        <ele>982.6</ele>
        <time>2016-04-05T07:44:59Z</time>
        <extensions>
          <gpxtpx:TrackPointExtension>
            <gpxtpx:hr>125</gpxtpx:hr>
          </gpxtpx:TrackPointExtension>
        </extensions>
      </trkpt>
      <trkpt lat="40.630734" lon="-0.089683">
        <ele>983.4</ele>
        <time>2016-04-05T07:45:01Z</time>
        <extensions>
          <gpxtpx:TrackPointExtension>
            <gpxtpx:hr>125</gpxtpx:hr>
          </gpxtpx:TrackPointExtension>
        </extensions>
      </trkpt>
      <trkpt lat="40.630800" lon="-0.089650">
        <ele>984.3</ele>
        <time>2016-04-05T07:45:03Z</time>
        <extensions>
          <gpxtpx:TrackPointExtension>
            <gpxtpx:hr>125</gpxtpx:hr>
          </gpxtpx:TrackPointExtension>
        </extensions>
      </trkpt>
      <trkpt lat="40.630867" lon="-0.089616">
        <ele>984.6</ele>
        <time>2016-04-05T07:45:06Z</time>
        <extensions>
          <gpxtpx:TrackPointExtension>
            <gpxtpx:hr>124</gpxtpx:hr>
          </gpxtpx:TrackPointExtension>
        </extensions>
      </trkpt>
      <trkpt lat="40.630934" lon="-0.089583">
        <ele>984.3</ele>
        <time>2016-04-05T07:45:08Z</time>
        <extensions>
          <gpxtpx:TrackPointExtension>
            <gpxtpx:hr>124</gpxtpx:hr>
          </gpxtpx:TrackPointExtension>
        </extensions>
      </trkpt>
      <trkpt lat="40.631001" lon="-0.089566">
        <ele>984.7</ele>
        <time>2016-04-05T07:45:11Z</time>
        <extensions>
          <gpxtpx:TrackPointExtension>
            <gpxtpx:hr>124</gpxtpx:hr>
          </gpxtpx:TrackPointExtension>
        </extensions>
      </trkpt>
      <trkpt lat="40.631067" lon="-0.089532">
        <ele>984.7</ele>
        <time>2016-04-05T07:45:13Z</time>
        <extensions>
          <gpxtpx:TrackPointExtension>
            <gpxtpx:hr>123</gpxtpx:hr>
          </gpxtpx:TrackPointExtension>
        </extensions>
      </trkpt>
      <trkpt lat="40.631134" lon="-0.089516">
        <ele>985.5</ele>
        <time>2016-04-05T07:45:16Z</time>
        <extensions>
          <gpxtpx:TrackPointExtension>
            <gpxtpx:hr>122</gpxtpx:hr>
          </gpxtpx:TrackPointExtension>
        </extensions>
      </trkpt>
      <trkpt lat="40.631201" lon="-0.089483">
        <ele>985.7</ele>
        <time>2016-04-05T07:45:19Z</time>
        <extensions>
          <gpxtpx:TrackPointExtension>
            <gpxtpx:hr>122</gpxtpx:hr>
          </gpxtpx:TrackPointExtension>
        </extensions>
      </trkpt>
      <trkpt lat="40.631284" lon="-0.089449">
        <ele>986.3</ele>
        <time>2016-04-05T07:45:22Z</time>
        <extensions>
          <gpxtpx:TrackPointExtension>
            <gpxtpx:hr>122</gpxtpx:hr>
          </gpxtpx:TrackPointExtension>
        </extensions>
      </trkpt>
      <trkpt lat="40.631301" lon="-0.089449">
        <ele>986.7</ele>
        <time>2016-04-05T07:45:22Z</time>
        <extensions>
          <gpxtpx:TrackPointExtension>
            <gpxtpx:hr>122</gpxtpx:hr>
          </gpxtpx:TrackPointExtension>
        </extensions>
      </trkpt>
      <trkpt lat="40.631451" lon="-0.089399">
        <ele>989.3</ele>
        <time>2016-04-05T07:45:28Z</time>
        <extensions>
          <gpxtpx:TrackPointExtension>
            <gpxtpx:hr>120</gpxtpx:hr>
          </gpxtpx:TrackPointExtension>
        </extensions>
      </trkpt>
      <trkpt lat="40.631534" lon="-0.089366">
        <ele>990.1</ele>
        <time>2016-04-05T07:45:31Z</time>
        <extensions>
          <gpxtpx:TrackPointExtension>
            <gpxtpx:hr>120</gpxtpx:hr>
          </gpxtpx:TrackPointExtension>
        </extensions>
      </trkpt>
      <trkpt lat="40.631618" lon="-0.089333">
        <ele>991.0</ele>
        <time>2016-04-05T07:45:34Z</time>
        <extensions>
          <gpxtpx:TrackPointExtension>
            <gpxtpx:hr>120</gpxtpx:hr>
          </gpxtpx:TrackPointExtension>
        </extensions>
      </trkpt>
      <trkpt lat="40.631701" lon="-0.089316">
        <ele>991.4</ele>
        <time>2016-04-05T07:45:37Z</time>
        <extensions>
          <gpxtpx:TrackPointExtension>
            <gpxtpx:hr>121</gpxtpx:hr>
          </gpxtpx:TrackPointExtension>
        </extensions>
      </trkpt>
      <trkpt lat="40.631784" lon="-0.089283">
        <ele>991.9</ele>
        <time>2016-04-05T07:45:41Z</time>
        <extensions>
          <gpxtpx:TrackPointExtension>
            <gpxtpx:hr>121</gpxtpx:hr>
          </gpxtpx:TrackPointExtension>
        </extensions>
      </trkpt>
      <trkpt lat="40.631867" lon="-0.089249">
        <ele>993.5</ele>
        <time>2016-04-05T07:45:44Z</time>
        <extensions>
          <gpxtpx:TrackPointExtension>
            <gpxtpx:hr>122</gpxtpx:hr>
          </gpxtpx:TrackPointExtension>
        </extensions>
      </trkpt>
      <trkpt lat="40.631950" lon="-0.089216">
        <ele>994.3</ele>
        <time>2016-04-05T07:45:47Z</time>
        <extensions>
          <gpxtpx:TrackPointExtension>
            <gpxtpx:hr>122</gpxtpx:hr>
          </gpxtpx:TrackPointExtension>
        </extensions>
      </trkpt>
      <trkpt lat="40.632034" lon="-0.089183">
        <ele>995.0</ele>
        <time>2016-04-05T07:45:50Z</time>
        <extensions>
          <gpxtpx:TrackPointExtension>
            <gpxtpx:hr>123</gpxtpx:hr>
          </gpxtpx:TrackPointExtension>
        </extensions>
      </trkpt>
      <trkpt lat="40.632117" lon="-0.089166">
        <ele>995.9</ele>
        <time>2016-04-05T07:45:53Z</time>
        <extensions>
          <gpxtpx:TrackPointExtension>
            <gpxtpx:hr>122</gpxtpx:hr>
          </gpxtpx:TrackPointExtension>
        </extensions>
      </trkpt>
      <trkpt lat="40.632201" lon="-0.089133">
        <ele>996.9</ele>
        <time>2016-04-05T07:45:56Z</time>
        <extensions>
          <gpxtpx:TrackPointExtension>
            <gpxtpx:hr>124</gpxtpx:hr>
          </gpxtpx:TrackPointExtension>
        </extensions>
      </trkpt>
      <trkpt lat="40.632267" lon="-0.089100">
        <ele>997.8</ele>
        <time>2016-04-05T07:45:59Z</time>
        <extensions>
          <gpxtpx:TrackPointExtension>
            <gpxtpx:hr>124</gpxtpx:hr>
          </gpxtpx:TrackPointExtension>
        </extensions>
      </trkpt>
      <trkpt lat="40.632351" lon="-0.089066">
        <ele>998.6</ele>
        <time>2016-04-05T07:46:02Z</time>
        <extensions>
          <gpxtpx:TrackPointExtension>
            <gpxtpx:hr>123</gpxtpx:hr>
          </gpxtpx:TrackPointExtension>
        </extensions>
      </trkpt>
      <trkpt lat="40.632434" lon="-0.089033">
        <ele>999.1</ele>
        <time>2016-04-05T07:46:05Z</time>
        <extensions>
          <gpxtpx:TrackPointExtension>
            <gpxtpx:hr>123</gpxtpx:hr>
          </gpxtpx:TrackPointExtension>
        </extensions>
      </trkpt>
      <trkpt lat="40.632517" lon="-0.089000">
        <ele>999.7</ele>
        <time>2016-04-05T07:46:08Z</time>
        <extensions>
          <gpxtpx:TrackPointExtension>
            <gpxtpx:hr>124</gpxtpx:hr>
          </gpxtpx:TrackPointExtension>
        </extensions>
      </trkpt>
      <trkpt lat="40.632601" lon="-0.088966">
        <ele>1000.2</ele>
        <time>2016-04-05T07:46:12Z</time>
        <extensions>
          <gpxtpx:TrackPointExtension>
            <gpxtpx:hr>124</gpxtpx:hr>
          </gpxtpx:TrackPointExtension>
        </extensions>
      </trkpt>
      <trkpt lat="40.632634" lon="-0.088950">
        <ele>1000.5</ele>
        <time>2016-04-05T07:46:13Z</time>
        <extensions>
          <gpxtpx:TrackPointExtension>
            <gpxtpx:hr>124</gpxtpx:hr>
          </gpxtpx:TrackPointExtension>
        </extensions>
      </trkpt>
      <trkpt lat="40.632767" lon="-0.088899">
        <ele>1001.3</ele>
        <time>2016-04-05T07:46:18Z</time>
        <extensions>
          <gpxtpx:TrackPointExtension>
            <gpxtpx:hr>124</gpxtpx:hr>
          </gpxtpx:TrackPointExtension>
        </extensions>
      </trkpt>
      <trkpt lat="40.632850" lon="-0.088866">
        <ele>1001.9</ele>
        <time>2016-04-05T07:46:21Z</time>
        <extensions>
          <gpxtpx:TrackPointExtension>
            <gpxtpx:hr>124</gpxtpx:hr>
          </gpxtpx:TrackPointExtension>
        </extensions>
      </trkpt>
      <trkpt lat="40.632934" lon="-0.088833">
        <ele>1002.6</ele>
        <time>2016-04-05T07:46:24Z</time>
        <extensions>
          <gpxtpx:TrackPointExtension>
            <gpxtpx:hr>123</gpxtpx:hr>
          </gpxtpx:TrackPointExtension>
        </extensions>
      </trkpt>
      <trkpt lat="40.633017" lon="-0.088799">
        <ele>1003.5</ele>
        <time>2016-04-05T07:46:27Z</time>
        <extensions>
          <gpxtpx:TrackPointExtension>
            <gpxtpx:hr>124</gpxtpx:hr>
          </gpxtpx:TrackPointExtension>
        </extensions>
      </trkpt>
      <trkpt lat="40.633101" lon="-0.088750">
        <ele>1004.3</ele>
        <time>2016-04-05T07:46:31Z</time>
        <extensions>
          <gpxtpx:TrackPointExtension>
            <gpxtpx:hr>124</gpxtpx:hr>
          </gpxtpx:TrackPointExtension>
        </extensions>
      </trkpt>
      <trkpt lat="40.633184" lon="-0.088716">
        <ele>1004.6</ele>
        <time>2016-04-05T07:46:34Z</time>
        <extensions>
          <gpxtpx:TrackPointExtension>
            <gpxtpx:hr>126</gpxtpx:hr>
          </gpxtpx:TrackPointExtension>
        </extensions>
      </trkpt>
      <trkpt lat="40.633268" lon="-0.088683">
        <ele>1005.0</ele>
        <time>2016-04-05T07:46:37Z</time>
        <extensions>
          <gpxtpx:TrackPointExtension>
            <gpxtpx:hr>125</gpxtpx:hr>
          </gpxtpx:TrackPointExtension>
        </extensions>
      </trkpt>
      <trkpt lat="40.633351" lon="-0.088650">
        <ele>1005.4</ele>
        <time>2016-04-05T07:46:40Z</time>
        <extensions>
          <gpxtpx:TrackPointExtension>
            <gpxtpx:hr>126</gpxtpx:hr>
          </gpxtpx:TrackPointExtension>
        </extensions>
      </trkpt>
      <trkpt lat="40.633434" lon="-0.088616">
        <ele>1005.8</ele>
        <time>2016-04-05T07:46:43Z</time>
        <extensions>
          <gpxtpx:TrackPointExtension>
            <gpxtpx:hr>126</gpxtpx:hr>
          </gpxtpx:TrackPointExtension>
        </extensions>
      </trkpt>
      <trkpt lat="40.633517" lon="-0.088583">
        <ele>1006.1</ele>
        <time>2016-04-05T07:46:47Z</time>
        <extensions>
          <gpxtpx:TrackPointExtension>
            <gpxtpx:hr>125</gpxtpx:hr>
          </gpxtpx:TrackPointExtension>
        </extensions>
      </trkpt>
      <trkpt lat="40.633584" lon="-0.088550">
        <ele>1006.1</ele>
        <time>2016-04-05T07:46:49Z</time>
        <extensions>
          <gpxtpx:TrackPointExtension>
            <gpxtpx:hr>124</gpxtpx:hr>
          </gpxtpx:TrackPointExtension>
        </extensions>
      </trkpt>
      <trkpt lat="40.633667" lon="-0.088516">
        <ele>1006.4</ele>
        <time>2016-04-05T07:46:52Z</time>
        <extensions>
          <gpxtpx:TrackPointExtension>
            <gpxtpx:hr>124</gpxtpx:hr>
          </gpxtpx:TrackPointExtension>
        </extensions>
      </trkpt>
      <trkpt lat="40.633751" lon="-0.088483">
        <ele>1006.9</ele>
        <time>2016-04-05T07:46:55Z</time>
        <extensions>
          <gpxtpx:TrackPointExtension>
            <gpxtpx:hr>124</gpxtpx:hr>
          </gpxtpx:TrackPointExtension>
        </extensions>
      </trkpt>
      <trkpt lat="40.633834" lon="-0.088450">
        <ele>1007.3</ele>
        <time>2016-04-05T07:46:59Z</time>
        <extensions>
          <gpxtpx:TrackPointExtension>
            <gpxtpx:hr>123</gpxtpx:hr>
          </gpxtpx:TrackPointExtension>
        </extensions>
      </trkpt>
      <trkpt lat="40.633917" lon="-0.088416">
        <ele>1008.1</ele>
        <time>2016-04-05T07:47:02Z</time>
        <extensions>
          <gpxtpx:TrackPointExtension>
            <gpxtpx:hr>124</gpxtpx:hr>
          </gpxtpx:TrackPointExtension>
        </extensions>
      </trkpt>
      <trkpt lat="40.633934" lon="-0.088400">
        <ele>1007.9</ele>
        <time>2016-04-05T07:47:03Z</time>
        <extensions>
          <gpxtpx:TrackPointExtension>
            <gpxtpx:hr>124</gpxtpx:hr>
          </gpxtpx:TrackPointExtension>
        </extensions>
      </trkpt>
      <trkpt lat="40.634084" lon="-0.088349">
        <ele>1009.8</ele>
        <time>2016-04-05T07:47:08Z</time>
        <extensions>
          <gpxtpx:TrackPointExtension>
            <gpxtpx:hr>127</gpxtpx:hr>
          </gpxtpx:TrackPointExtension>
        </extensions>
      </trkpt>
      <trkpt lat="40.634167" lon="-0.088316">
        <ele>1010.5</ele>
        <time>2016-04-05T07:47:11Z</time>
        <extensions>
          <gpxtpx:TrackPointExtension>
            <gpxtpx:hr>126</gpxtpx:hr>
          </gpxtpx:TrackPointExtension>
        </extensions>
      </trkpt>
      <trkpt lat="40.634234" lon="-0.088283">
        <ele>1011.1</ele>
        <time>2016-04-05T07:47:14Z</time>
        <extensions>
          <gpxtpx:TrackPointExtension>
            <gpxtpx:hr>126</gpxtpx:hr>
          </gpxtpx:TrackPointExtension>
        </extensions>
      </trkpt>
      <trkpt lat="40.634317" lon="-0.088233">
        <ele>1011.3</ele>
        <time>2016-04-05T07:47:17Z</time>
        <extensions>
          <gpxtpx:TrackPointExtension>
            <gpxtpx:hr>127</gpxtpx:hr>
          </gpxtpx:TrackPointExtension>
        </extensions>
      </trkpt>
      <trkpt lat="40.634401" lon="-0.088216">
        <ele>1012.6</ele>
        <time>2016-04-05T07:47:20Z</time>
        <extensions>
          <gpxtpx:TrackPointExtension>
            <gpxtpx:hr>126</gpxtpx:hr>
          </gpxtpx:TrackPointExtension>
        </extensions>
      </trkpt>
      <trkpt lat="40.634484" lon="-0.088183">
        <ele>1013.3</ele>
        <time>2016-04-05T07:47:24Z</time>
        <extensions>
          <gpxtpx:TrackPointExtension>
            <gpxtpx:hr>125</gpxtpx:hr>
          </gpxtpx:TrackPointExtension>
        </extensions>
      </trkpt>
      <trkpt lat="40.634567" lon="-0.088133">
        <ele>1013.6</ele>
        <time>2016-04-05T07:47:27Z</time>
        <extensions>
          <gpxtpx:TrackPointExtension>
            <gpxtpx:hr>125</gpxtpx:hr>
          </gpxtpx:TrackPointExtension>
        </extensions>
      </trkpt>
      <trkpt lat="40.634634" lon="-0.088116">
        <ele>1014.5</ele>
        <time>2016-04-05T07:47:29Z</time>
        <extensions>
          <gpxtpx:TrackPointExtension>
            <gpxtpx:hr>126</gpxtpx:hr>
          </gpxtpx:TrackPointExtension>
        </extensions>
      </trkpt>
      <trkpt lat="40.634700" lon="-0.088083">
        <ele>1015.2</ele>
        <time>2016-04-05T07:47:32Z</time>
        <extensions>
          <gpxtpx:TrackPointExtension>
            <gpxtpx:hr>127</gpxtpx:hr>
          </gpxtpx:TrackPointExtension>
        </extensions>
      </trkpt>
      <trkpt lat="40.634767" lon="-0.088066">
        <ele>1016.2</ele>
        <time>2016-04-05T07:47:34Z</time>
        <extensions>
          <gpxtpx:TrackPointExtension>
            <gpxtpx:hr>127</gpxtpx:hr>
          </gpxtpx:TrackPointExtension>
        </extensions>
      </trkpt>
      <trkpt lat="40.634834" lon="-0.088033">
        <ele>1016.5</ele>
        <time>2016-04-05T07:47:37Z</time>
        <extensions>
          <gpxtpx:TrackPointExtension>
            <gpxtpx:hr>128</gpxtpx:hr>
          </gpxtpx:TrackPointExtension>
        </extensions>
      </trkpt>
      <trkpt lat="40.634884" lon="-0.088016">
        <ele>1016.9</ele>
        <time>2016-04-05T07:47:39Z</time>
        <extensions>
          <gpxtpx:TrackPointExtension>
            <gpxtpx:hr>128</gpxtpx:hr>
          </gpxtpx:TrackPointExtension>
        </extensions>
      </trkpt>
      <trkpt lat="40.634950" lon="-0.087983">
        <ele>1017.2</ele>
        <time>2016-04-05T07:47:41Z</time>
        <extensions>
          <gpxtpx:TrackPointExtension>
            <gpxtpx:hr>127</gpxtpx:hr>
          </gpxtpx:TrackPointExtension>
        </extensions>
      </trkpt>
      <trkpt lat="40.635017" lon="-0.087950">
        <ele>1017.5</ele>
        <time>2016-04-05T07:47:44Z</time>
        <extensions>
          <gpxtpx:TrackPointExtension>
            <gpxtpx:hr>127</gpxtpx:hr>
          </gpxtpx:TrackPointExtension>
        </extensions>
      </trkpt>
      <trkpt lat="40.635084" lon="-0.087933">
        <ele>1018.0</ele>
        <time>2016-04-05T07:47:47Z</time>
        <extensions>
          <gpxtpx:TrackPointExtension>
            <gpxtpx:hr>128</gpxtpx:hr>
          </gpxtpx:TrackPointExtension>
        </extensions>
      </trkpt>
      <trkpt lat="40.635150" lon="-0.087916">
        <ele>1018.4</ele>
        <time>2016-04-05T07:47:49Z</time>
        <extensions>
          <gpxtpx:TrackPointExtension>
            <gpxtpx:hr>128</gpxtpx:hr>
          </gpxtpx:TrackPointExtension>
        </extensions>
      </trkpt>
      <trkpt lat="40.635217" lon="-0.087899">
        <ele>1018.7</ele>
        <time>2016-04-05T07:47:51Z</time>
        <extensions>
          <gpxtpx:TrackPointExtension>
            <gpxtpx:hr>128</gpxtpx:hr>
          </gpxtpx:TrackPointExtension>
        </extensions>
      </trkpt>
      <trkpt lat="40.635250" lon="-0.087883">
        <ele>1018.7</ele>
        <time>2016-04-05T07:47:53Z</time>
        <extensions>
          <gpxtpx:TrackPointExtension>
            <gpxtpx:hr>127</gpxtpx:hr>
          </gpxtpx:TrackPointExtension>
        </extensions>
      </trkpt>
      <trkpt lat="40.635367" lon="-0.087850">
        <ele>1019.1</ele>
        <time>2016-04-05T07:47:57Z</time>
        <extensions>
          <gpxtpx:TrackPointExtension>
            <gpxtpx:hr>127</gpxtpx:hr>
          </gpxtpx:TrackPointExtension>
        </extensions>
      </trkpt>
      <trkpt lat="40.635434" lon="-0.087833">
        <ele>1019.2</ele>
        <time>2016-04-05T07:48:00Z</time>
        <extensions>
          <gpxtpx:TrackPointExtension>
            <gpxtpx:hr>127</gpxtpx:hr>
          </gpxtpx:TrackPointExtension>
        </extensions>
      </trkpt>
      <trkpt lat="40.635500" lon="-0.087816">
        <ele>1019.3</ele>
        <time>2016-04-05T07:48:02Z</time>
        <extensions>
          <gpxtpx:TrackPointExtension>
            <gpxtpx:hr>126</gpxtpx:hr>
          </gpxtpx:TrackPointExtension>
        </extensions>
      </trkpt>
      <trkpt lat="40.635567" lon="-0.087816">
        <ele>1019.9</ele>
        <time>2016-04-05T07:48:04Z</time>
        <extensions>
          <gpxtpx:TrackPointExtension>
            <gpxtpx:hr>125</gpxtpx:hr>
          </gpxtpx:TrackPointExtension>
        </extensions>
      </trkpt>
      <trkpt lat="40.635651" lon="-0.087799">
        <ele>1020.1</ele>
        <time>2016-04-05T07:48:08Z</time>
        <extensions>
          <gpxtpx:TrackPointExtension>
            <gpxtpx:hr>125</gpxtpx:hr>
          </gpxtpx:TrackPointExtension>
        </extensions>
      </trkpt>
      <trkpt lat="40.635717" lon="-0.087799">
        <ele>1020.6</ele>
        <time>2016-04-05T07:48:10Z</time>
      </trkpt>
      <trkpt lat="40.635784" lon="-0.087783">
        <ele>1020.4</ele>
        <time>2016-04-05T07:48:12Z</time>
        <extensions>
          <gpxtpx:TrackPointExtension>
            <gpxtpx:hr>125</gpxtpx:hr>
          </gpxtpx:TrackPointExtension>
        </extensions>
      </trkpt>
      <trkpt lat="40.635851" lon="-0.087783">
        <ele>1021.0</ele>
        <time>2016-04-05T07:48:15Z</time>
        <extensions>
          <gpxtpx:TrackPointExtension>
            <gpxtpx:hr>123</gpxtpx:hr>
          </gpxtpx:TrackPointExtension>
        </extensions>
      </trkpt>
      <trkpt lat="40.635917" lon="-0.087766">
        <ele>1020.8</ele>
        <time>2016-04-05T07:48:17Z</time>
        <extensions>
          <gpxtpx:TrackPointExtension>
            <gpxtpx:hr>123</gpxtpx:hr>
          </gpxtpx:TrackPointExtension>
        </extensions>
      </trkpt>
      <trkpt lat="40.635984" lon="-0.087766">
        <ele>1021.2</ele>
        <time>2016-04-05T07:48:20Z</time>
        <extensions>
          <gpxtpx:TrackPointExtension>
            <gpxtpx:hr>123</gpxtpx:hr>
          </gpxtpx:TrackPointExtension>
        </extensions>
      </trkpt>
      <trkpt lat="40.636067" lon="-0.087766">
        <ele>1021.9</ele>
        <time>2016-04-05T07:48:23Z</time>
        <extensions>
          <gpxtpx:TrackPointExtension>
            <gpxtpx:hr>123</gpxtpx:hr>
          </gpxtpx:TrackPointExtension>
        </extensions>
      </trkpt>
      <trkpt lat="40.636134" lon="-0.087766">
        <ele>1022.5</ele>
        <time>2016-04-05T07:48:25Z</time>
        <extensions>
          <gpxtpx:TrackPointExtension>
            <gpxtpx:hr>122</gpxtpx:hr>
          </gpxtpx:TrackPointExtension>
        </extensions>
      </trkpt>
      <trkpt lat="40.636201" lon="-0.087766">
        <ele>1023.0</ele>
        <time>2016-04-05T07:48:28Z</time>
        <extensions>
          <gpxtpx:TrackPointExtension>
            <gpxtpx:hr>121</gpxtpx:hr>
          </gpxtpx:TrackPointExtension>
        </extensions>
      </trkpt>
      <trkpt lat="40.636267" lon="-0.087750">
        <ele>1022.6</ele>
        <time>2016-04-05T07:48:30Z</time>
        <extensions>
          <gpxtpx:TrackPointExtension>
            <gpxtpx:hr>122</gpxtpx:hr>
          </gpxtpx:TrackPointExtension>
        </extensions>
      </trkpt>
      <trkpt lat="40.636351" lon="-0.087750">
        <ele>1023.2</ele>
        <time>2016-04-05T07:48:33Z</time>
        <extensions>
          <gpxtpx:TrackPointExtension>
            <gpxtpx:hr>123</gpxtpx:hr>
          </gpxtpx:TrackPointExtension>
        </extensions>
      </trkpt>
      <trkpt lat="40.636417" lon="-0.087750">
        <ele>1023.7</ele>
        <time>2016-04-05T07:48:36Z</time>
        <extensions>
          <gpxtpx:TrackPointExtension>
            <gpxtpx:hr>122</gpxtpx:hr>
          </gpxtpx:TrackPointExtension>
        </extensions>
      </trkpt>
      <trkpt lat="40.636484" lon="-0.087750">
        <ele>1024.2</ele>
        <time>2016-04-05T07:48:38Z</time>
        <extensions>
          <gpxtpx:TrackPointExtension>
            <gpxtpx:hr>119</gpxtpx:hr>
          </gpxtpx:TrackPointExtension>
        </extensions>
      </trkpt>
      <trkpt lat="40.636551" lon="-0.087750">
        <ele>1024.7</ele>
        <time>2016-04-05T07:48:40Z</time>
        <extensions>
          <gpxtpx:TrackPointExtension>
            <gpxtpx:hr>121</gpxtpx:hr>
          </gpxtpx:TrackPointExtension>
        </extensions>
      </trkpt>
      <trkpt lat="40.636634" lon="-0.087750">
        <ele>1025.3</ele>
        <time>2016-04-05T07:48:43Z</time>
        <extensions>
          <gpxtpx:TrackPointExtension>
            <gpxtpx:hr>120</gpxtpx:hr>
          </gpxtpx:TrackPointExtension>
        </extensions>
      </trkpt>
      <trkpt lat="40.636700" lon="-0.087733">
        <ele>1024.9</ele>
        <time>2016-04-05T07:48:46Z</time>
        <extensions>
          <gpxtpx:TrackPointExtension>
            <gpxtpx:hr>119</gpxtpx:hr>
          </gpxtpx:TrackPointExtension>
        </extensions>
      </trkpt>
      <trkpt lat="40.636717" lon="-0.087733">
        <ele>1025.1</ele>
        <time>2016-04-05T07:48:47Z</time>
        <extensions>
          <gpxtpx:TrackPointExtension>
            <gpxtpx:hr>118</gpxtpx:hr>
          </gpxtpx:TrackPointExtension>
        </extensions>
      </trkpt>
      <trkpt lat="40.636850" lon="-0.087716">
        <ele>1025.8</ele>
        <time>2016-04-05T07:48:51Z</time>
        <extensions>
          <gpxtpx:TrackPointExtension>
            <gpxtpx:hr>119</gpxtpx:hr>
          </gpxtpx:TrackPointExtension>
        </extensions>
      </trkpt>
      <trkpt lat="40.636917" lon="-0.087716">
        <ele>1026.7</ele>
        <time>2016-04-05T07:48:54Z</time>
        <extensions>
          <gpxtpx:TrackPointExtension>
            <gpxtpx:hr>121</gpxtpx:hr>
          </gpxtpx:TrackPointExtension>
        </extensions>
      </trkpt>
      <trkpt lat="40.636984" lon="-0.087699">
        <ele>1026.9</ele>
        <time>2016-04-05T07:48:56Z</time>
        <extensions>
          <gpxtpx:TrackPointExtension>
            <gpxtpx:hr>120</gpxtpx:hr>
          </gpxtpx:TrackPointExtension>
        </extensions>
      </trkpt>
      <trkpt lat="40.637050" lon="-0.087683">
        <ele>1026.9</ele>
        <time>2016-04-05T07:48:59Z</time>
        <extensions>
          <gpxtpx:TrackPointExtension>
            <gpxtpx:hr>118</gpxtpx:hr>
          </gpxtpx:TrackPointExtension>
        </extensions>
      </trkpt>
      <trkpt lat="40.637134" lon="-0.087666">
        <ele>1027.7</ele>
        <time>2016-04-05T07:49:02Z</time>
        <extensions>
          <gpxtpx:TrackPointExtension>
            <gpxtpx:hr>119</gpxtpx:hr>
          </gpxtpx:TrackPointExtension>
        </extensions>
      </trkpt>
      <trkpt lat="40.637201" lon="-0.087650">
        <ele>1028.6</ele>
        <time>2016-04-05T07:49:04Z</time>
        <extensions>
          <gpxtpx:TrackPointExtension>
            <gpxtpx:hr>121</gpxtpx:hr>
          </gpxtpx:TrackPointExtension>
        </extensions>
      </trkpt>
      <trkpt lat="40.637267" lon="-0.087632">
        <ele>1029.6</ele>
        <time>2016-04-05T07:49:07Z</time>
        <extensions>
          <gpxtpx:TrackPointExtension>
            <gpxtpx:hr>122</gpxtpx:hr>
          </gpxtpx:TrackPointExtension>
        </extensions>
      </trkpt>
      <trkpt lat="40.637334" lon="-0.087599">
        <ele>1029.9</ele>
        <time>2016-04-05T07:49:09Z</time>
        <extensions>
          <gpxtpx:TrackPointExtension>
            <gpxtpx:hr>123</gpxtpx:hr>
          </gpxtpx:TrackPointExtension>
        </extensions>
      </trkpt>
      <trkpt lat="40.637400" lon="-0.087583">
        <ele>1030.9</ele>
        <time>2016-04-05T07:49:12Z</time>
        <extensions>
          <gpxtpx:TrackPointExtension>
            <gpxtpx:hr>122</gpxtpx:hr>
          </gpxtpx:TrackPointExtension>
        </extensions>
      </trkpt>
      <trkpt lat="40.637467" lon="-0.087566">
        <ele>1031.6</ele>
        <time>2016-04-05T07:49:14Z</time>
        <extensions>
          <gpxtpx:TrackPointExtension>
            <gpxtpx:hr>123</gpxtpx:hr>
          </gpxtpx:TrackPointExtension>
        </extensions>
      </trkpt>
      <trkpt lat="40.637534" lon="-0.087533">
        <ele>1031.7</ele>
        <time>2016-04-05T07:49:17Z</time>
        <extensions>
          <gpxtpx:TrackPointExtension>
            <gpxtpx:hr>124</gpxtpx:hr>
          </gpxtpx:TrackPointExtension>
        </extensions>
      </trkpt>
      <trkpt lat="40.637617" lon="-0.087516">
        <ele>1032.4</ele>
        <time>2016-04-05T07:49:20Z</time>
        <extensions>
          <gpxtpx:TrackPointExtension>
            <gpxtpx:hr>123</gpxtpx:hr>
          </gpxtpx:TrackPointExtension>
        </extensions>
      </trkpt>
      <trkpt lat="40.637684" lon="-0.087499">
        <ele>1032.9</ele>
        <time>2016-04-05T07:49:22Z</time>
        <extensions>
          <gpxtpx:TrackPointExtension>
            <gpxtpx:hr>123</gpxtpx:hr>
          </gpxtpx:TrackPointExtension>
        </extensions>
      </trkpt>
      <trkpt lat="40.637751" lon="-0.087466">
        <ele>1033.5</ele>
        <time>2016-04-05T07:49:25Z</time>
        <extensions>
          <gpxtpx:TrackPointExtension>
            <gpxtpx:hr>123</gpxtpx:hr>
          </gpxtpx:TrackPointExtension>
        </extensions>
      </trkpt>
      <trkpt lat="40.637817" lon="-0.087433">
        <ele>1034.4</ele>
        <time>2016-04-05T07:49:28Z</time>
        <extensions>
          <gpxtpx:TrackPointExtension>
            <gpxtpx:hr>123</gpxtpx:hr>
          </gpxtpx:TrackPointExtension>
        </extensions>
      </trkpt>
      <trkpt lat="40.637884" lon="-0.087416">
        <ele>1035.0</ele>
        <time>2016-04-05T07:49:30Z</time>
        <extensions>
          <gpxtpx:TrackPointExtension>
            <gpxtpx:hr>123</gpxtpx:hr>
          </gpxtpx:TrackPointExtension>
        </extensions>
      </trkpt>
      <trkpt lat="40.637950" lon="-0.087400">
        <ele>1035.3</ele>
        <time>2016-04-05T07:49:33Z</time>
        <extensions>
          <gpxtpx:TrackPointExtension>
            <gpxtpx:hr>122</gpxtpx:hr>
          </gpxtpx:TrackPointExtension>
        </extensions>
      </trkpt>
      <trkpt lat="40.638017" lon="-0.087366">
        <ele>1035.7</ele>
        <time>2016-04-05T07:49:35Z</time>
        <extensions>
          <gpxtpx:TrackPointExtension>
            <gpxtpx:hr>122</gpxtpx:hr>
          </gpxtpx:TrackPointExtension>
        </extensions>
      </trkpt>
      <trkpt lat="40.638084" lon="-0.087349">
        <ele>1036.3</ele>
        <time>2016-04-05T07:49:38Z</time>
      </trkpt>
      <trkpt lat="40.638150" lon="-0.087316">
        <ele>1036.8</ele>
        <time>2016-04-05T07:49:40Z</time>
        <extensions>
          <gpxtpx:TrackPointExtension>
            <gpxtpx:hr>124</gpxtpx:hr>
          </gpxtpx:TrackPointExtension>
        </extensions>
      </trkpt>
      <trkpt lat="40.638184" lon="-0.087316">
        <ele>1037.1</ele>
        <time>2016-04-05T07:49:41Z</time>
        <extensions>
          <gpxtpx:TrackPointExtension>
            <gpxtpx:hr>125</gpxtpx:hr>
          </gpxtpx:TrackPointExtension>
        </extensions>
      </trkpt>
      <trkpt lat="40.638301" lon="-0.087283">
        <ele>1037.7</ele>
        <time>2016-04-05T07:49:46Z</time>
        <extensions>
          <gpxtpx:TrackPointExtension>
            <gpxtpx:hr>125</gpxtpx:hr>
          </gpxtpx:TrackPointExtension>
        </extensions>
      </trkpt>
      <trkpt lat="40.638367" lon="-0.087249">
        <ele>1038.2</ele>
        <time>2016-04-05T07:49:48Z</time>
        <extensions>
          <gpxtpx:TrackPointExtension>
            <gpxtpx:hr>125</gpxtpx:hr>
          </gpxtpx:TrackPointExtension>
        </extensions>
      </trkpt>
      <trkpt lat="40.638434" lon="-0.087233">
        <ele>1038.9</ele>
        <time>2016-04-05T07:49:51Z</time>
        <extensions>
          <gpxtpx:TrackPointExtension>
            <gpxtpx:hr>125</gpxtpx:hr>
          </gpxtpx:TrackPointExtension>
        </extensions>
      </trkpt>
      <trkpt lat="40.638500" lon="-0.087200">
        <ele>1039.7</ele>
        <time>2016-04-05T07:49:53Z</time>
        <extensions>
          <gpxtpx:TrackPointExtension>
            <gpxtpx:hr>126</gpxtpx:hr>
          </gpxtpx:TrackPointExtension>
        </extensions>
      </trkpt>
      <trkpt lat="40.638551" lon="-0.087183">
        <ele>1040.1</ele>
        <time>2016-04-05T07:49:55Z</time>
        <extensions>
          <gpxtpx:TrackPointExtension>
            <gpxtpx:hr>126</gpxtpx:hr>
          </gpxtpx:TrackPointExtension>
        </extensions>
      </trkpt>
      <trkpt lat="40.638634" lon="-0.087166">
        <ele>1040.6</ele>
        <time>2016-04-05T07:49:58Z</time>
        <extensions>
          <gpxtpx:TrackPointExtension>
            <gpxtpx:hr>126</gpxtpx:hr>
          </gpxtpx:TrackPointExtension>
        </extensions>
      </trkpt>
      <trkpt lat="40.638700" lon="-0.087133">
        <ele>1040.9</ele>
        <time>2016-04-05T07:50:01Z</time>
        <extensions>
          <gpxtpx:TrackPointExtension>
            <gpxtpx:hr>126</gpxtpx:hr>
          </gpxtpx:TrackPointExtension>
        </extensions>
      </trkpt>
      <trkpt lat="40.638767" lon="-0.087116">
        <ele>1041.3</ele>
        <time>2016-04-05T07:50:03Z</time>
        <extensions>
          <gpxtpx:TrackPointExtension>
            <gpxtpx:hr>126</gpxtpx:hr>
          </gpxtpx:TrackPointExtension>
        </extensions>
      </trkpt>
      <trkpt lat="40.638834" lon="-0.087083">
        <ele>1041.6</ele>
        <time>2016-04-05T07:50:06Z</time>
        <extensions>
          <gpxtpx:TrackPointExtension>
            <gpxtpx:hr>126</gpxtpx:hr>
          </gpxtpx:TrackPointExtension>
        </extensions>
      </trkpt>
      <trkpt lat="40.638901" lon="-0.087066">
        <ele>1042.1</ele>
        <time>2016-04-05T07:50:08Z</time>
        <extensions>
          <gpxtpx:TrackPointExtension>
            <gpxtpx:hr>125</gpxtpx:hr>
          </gpxtpx:TrackPointExtension>
        </extensions>
      </trkpt>
      <trkpt lat="40.638967" lon="-0.087033">
        <ele>1042.4</ele>
        <time>2016-04-05T07:50:11Z</time>
        <extensions>
          <gpxtpx:TrackPointExtension>
            <gpxtpx:hr>125</gpxtpx:hr>
          </gpxtpx:TrackPointExtension>
        </extensions>
      </trkpt>
      <trkpt lat="40.639034" lon="-0.087016">
        <ele>1043.0</ele>
        <time>2016-04-05T07:50:14Z</time>
        <extensions>
          <gpxtpx:TrackPointExtension>
            <gpxtpx:hr>125</gpxtpx:hr>
          </gpxtpx:TrackPointExtension>
        </extensions>
      </trkpt>
      <trkpt lat="40.639101" lon="-0.086983">
        <ele>1043.4</ele>
        <time>2016-04-05T07:50:16Z</time>
        <extensions>
          <gpxtpx:TrackPointExtension>
            <gpxtpx:hr>124</gpxtpx:hr>
          </gpxtpx:TrackPointExtension>
        </extensions>
      </trkpt>
      <trkpt lat="40.639167" lon="-0.086966">
        <ele>1043.8</ele>
        <time>2016-04-05T07:50:19Z</time>
        <extensions>
          <gpxtpx:TrackPointExtension>
            <gpxtpx:hr>124</gpxtpx:hr>
          </gpxtpx:TrackPointExtension>
        </extensions>
      </trkpt>
      <trkpt lat="40.639234" lon="-0.086949">
        <ele>1044.2</ele>
        <time>2016-04-05T07:50:21Z</time>
        <extensions>
          <gpxtpx:TrackPointExtension>
            <gpxtpx:hr>123</gpxtpx:hr>
          </gpxtpx:TrackPointExtension>
        </extensions>
      </trkpt>
      <trkpt lat="40.639300" lon="-0.086916">
        <ele>1044.6</ele>
        <time>2016-04-05T07:50:24Z</time>
        <extensions>
          <gpxtpx:TrackPointExtension>
            <gpxtpx:hr>122</gpxtpx:hr>
          </gpxtpx:TrackPointExtension>
        </extensions>
      </trkpt>
      <trkpt lat="40.639367" lon="-0.086900">
        <ele>1045.1</ele>
        <time>2016-04-05T07:50:26Z</time>
        <extensions>
          <gpxtpx:TrackPointExtension>
            <gpxtpx:hr>122</gpxtpx:hr>
          </gpxtpx:TrackPointExtension>
        </extensions>
      </trkpt>
      <trkpt lat="40.639451" lon="-0.086866">
        <ele>1045.8</ele>
        <time>2016-04-05T07:50:29Z</time>
        <extensions>
          <gpxtpx:TrackPointExtension>
            <gpxtpx:hr>124</gpxtpx:hr>
          </gpxtpx:TrackPointExtension>
        </extensions>
      </trkpt>
      <trkpt lat="40.639517" lon="-0.086850">
        <ele>1046.3</ele>
        <time>2016-04-05T07:50:32Z</time>
        <extensions>
          <gpxtpx:TrackPointExtension>
            <gpxtpx:hr>125</gpxtpx:hr>
          </gpxtpx:TrackPointExtension>
        </extensions>
      </trkpt>
      <trkpt lat="40.639584" lon="-0.086816">
        <ele>1046.8</ele>
        <time>2016-04-05T07:50:34Z</time>
        <extensions>
          <gpxtpx:TrackPointExtension>
            <gpxtpx:hr>125</gpxtpx:hr>
          </gpxtpx:TrackPointExtension>
        </extensions>
      </trkpt>
      <trkpt lat="40.639600" lon="-0.086816">
        <ele>1047.0</ele>
        <time>2016-04-05T07:50:35Z</time>
        <extensions>
          <gpxtpx:TrackPointExtension>
            <gpxtpx:hr>125</gpxtpx:hr>
          </gpxtpx:TrackPointExtension>
        </extensions>
      </trkpt>
      <trkpt lat="40.639717" lon="-0.086766">
        <ele>1047.5</ele>
        <time>2016-04-05T07:50:39Z</time>
        <extensions>
          <gpxtpx:TrackPointExtension>
            <gpxtpx:hr>125</gpxtpx:hr>
          </gpxtpx:TrackPointExtension>
        </extensions>
      </trkpt>
      <trkpt lat="40.639784" lon="-0.086750">
        <ele>1047.8</ele>
        <time>2016-04-05T07:50:42Z</time>
        <extensions>
          <gpxtpx:TrackPointExtension>
            <gpxtpx:hr>125</gpxtpx:hr>
          </gpxtpx:TrackPointExtension>
        </extensions>
      </trkpt>
      <trkpt lat="40.639850" lon="-0.086716">
        <ele>1048.1</ele>
        <time>2016-04-05T07:50:44Z</time>
        <extensions>
          <gpxtpx:TrackPointExtension>
            <gpxtpx:hr>125</gpxtpx:hr>
          </gpxtpx:TrackPointExtension>
        </extensions>
      </trkpt>
      <trkpt lat="40.639934" lon="-0.086683">
        <ele>1048.7</ele>
        <time>2016-04-05T07:50:48Z</time>
        <extensions>
          <gpxtpx:TrackPointExtension>
            <gpxtpx:hr>124</gpxtpx:hr>
          </gpxtpx:TrackPointExtension>
        </extensions>
      </trkpt>
      <trkpt lat="40.640001" lon="-0.086650">
        <ele>1049.0</ele>
        <time>2016-04-05T07:50:50Z</time>
        <extensions>
          <gpxtpx:TrackPointExtension>
            <gpxtpx:hr>124</gpxtpx:hr>
          </gpxtpx:TrackPointExtension>
        </extensions>
      </trkpt>
      <trkpt lat="40.640067" lon="-0.086616">
        <ele>1049.0</ele>
        <time>2016-04-05T07:50:53Z</time>
        <extensions>
          <gpxtpx:TrackPointExtension>
            <gpxtpx:hr>124</gpxtpx:hr>
          </gpxtpx:TrackPointExtension>
        </extensions>
      </trkpt>
      <trkpt lat="40.640134" lon="-0.086583">
        <ele>1048.8</ele>
        <time>2016-04-05T07:50:55Z</time>
        <extensions>
          <gpxtpx:TrackPointExtension>
            <gpxtpx:hr>124</gpxtpx:hr>
          </gpxtpx:TrackPointExtension>
        </extensions>
      </trkpt>
      <trkpt lat="40.640184" lon="-0.086550">
        <ele>1049.2</ele>
        <time>2016-04-05T07:50:57Z</time>
        <extensions>
          <gpxtpx:TrackPointExtension>
            <gpxtpx:hr>124</gpxtpx:hr>
          </gpxtpx:TrackPointExtension>
        </extensions>
      </trkpt>
      <trkpt lat="40.640251" lon="-0.086500">
        <ele>1051.3</ele>
        <time>2016-04-05T07:51:00Z</time>
        <extensions>
          <gpxtpx:TrackPointExtension>
            <gpxtpx:hr>124</gpxtpx:hr>
          </gpxtpx:TrackPointExtension>
        </extensions>
      </trkpt>
      <trkpt lat="40.640317" lon="-0.086450">
        <ele>1052.8</ele>
        <time>2016-04-05T07:51:03Z</time>
        <extensions>
          <gpxtpx:TrackPointExtension>
            <gpxtpx:hr>122</gpxtpx:hr>
          </gpxtpx:TrackPointExtension>
        </extensions>
      </trkpt>
      <trkpt lat="40.640384" lon="-0.086366">
        <ele>1054.5</ele>
        <time>2016-04-05T07:51:06Z</time>
        <extensions>
          <gpxtpx:TrackPointExtension>
            <gpxtpx:hr>113</gpxtpx:hr>
          </gpxtpx:TrackPointExtension>
        </extensions>
      </trkpt>
      <trkpt lat="40.640400" lon="-0.086366">
        <ele>1054.1</ele>
        <time>2016-04-05T07:51:07Z</time>
        <extensions>
          <gpxtpx:TrackPointExtension>
            <gpxtpx:hr>114</gpxtpx:hr>
          </gpxtpx:TrackPointExtension>
        </extensions>
      </trkpt>
      <trkpt lat="40.640517" lon="-0.086249">
        <ele>1056.4</ele>
        <time>2016-04-05T07:51:12Z</time>
        <extensions>
          <gpxtpx:TrackPointExtension>
            <gpxtpx:hr>103</gpxtpx:hr>
          </gpxtpx:TrackPointExtension>
        </extensions>
      </trkpt>
      <trkpt lat="40.640584" lon="-0.086183">
        <ele>1056.1</ele>
        <time>2016-04-05T07:51:15Z</time>
        <extensions>
          <gpxtpx:TrackPointExtension>
            <gpxtpx:hr>104</gpxtpx:hr>
          </gpxtpx:TrackPointExtension>
        </extensions>
      </trkpt>
      <trkpt lat="40.640651" lon="-0.086116">
        <ele>1055.1</ele>
        <time>2016-04-05T07:51:18Z</time>
        <extensions>
          <gpxtpx:TrackPointExtension>
            <gpxtpx:hr>108</gpxtpx:hr>
          </gpxtpx:TrackPointExtension>
        </extensions>
      </trkpt>
      <trkpt lat="40.640718" lon="-0.086050">
        <ele>1055.4</ele>
        <time>2016-04-05T07:51:21Z</time>
        <extensions>
          <gpxtpx:TrackPointExtension>
            <gpxtpx:hr>110</gpxtpx:hr>
          </gpxtpx:TrackPointExtension>
        </extensions>
      </trkpt>
      <trkpt lat="40.640767" lon="-0.085983">
        <ele>1056.5</ele>
        <time>2016-04-05T07:51:24Z</time>
        <extensions>
          <gpxtpx:TrackPointExtension>
            <gpxtpx:hr>113</gpxtpx:hr>
          </gpxtpx:TrackPointExtension>
        </extensions>
      </trkpt>
      <trkpt lat="40.640834" lon="-0.085899">
        <ele>1057.1</ele>
        <time>2016-04-05T07:51:27Z</time>
        <extensions>
          <gpxtpx:TrackPointExtension>
            <gpxtpx:hr>114</gpxtpx:hr>
          </gpxtpx:TrackPointExtension>
        </extensions>
      </trkpt>
      <trkpt lat="40.640884" lon="-0.085816">
        <ele>1057.5</ele>
        <time>2016-04-05T07:51:30Z</time>
        <extensions>
          <gpxtpx:TrackPointExtension>
            <gpxtpx:hr>116</gpxtpx:hr>
          </gpxtpx:TrackPointExtension>
        </extensions>
      </trkpt>
      <trkpt lat="40.640934" lon="-0.085733">
        <ele>1058.0</ele>
        <time>2016-04-05T07:51:33Z</time>
        <extensions>
          <gpxtpx:TrackPointExtension>
            <gpxtpx:hr>117</gpxtpx:hr>
          </gpxtpx:TrackPointExtension>
        </extensions>
      </trkpt>
      <trkpt lat="40.641000" lon="-0.085650">
        <ele>1057.8</ele>
        <time>2016-04-05T07:51:37Z</time>
        <extensions>
          <gpxtpx:TrackPointExtension>
            <gpxtpx:hr>118</gpxtpx:hr>
          </gpxtpx:TrackPointExtension>
        </extensions>
      </trkpt>
      <trkpt lat="40.641050" lon="-0.085566">
        <ele>1058.0</ele>
        <time>2016-04-05T07:51:40Z</time>
        <extensions>
          <gpxtpx:TrackPointExtension>
            <gpxtpx:hr>119</gpxtpx:hr>
          </gpxtpx:TrackPointExtension>
        </extensions>
      </trkpt>
      <trkpt lat="40.641100" lon="-0.085466">
        <ele>1058.5</ele>
        <time>2016-04-05T07:51:43Z</time>
        <extensions>
          <gpxtpx:TrackPointExtension>
            <gpxtpx:hr>120</gpxtpx:hr>
          </gpxtpx:TrackPointExtension>
        </extensions>
      </trkpt>
      <trkpt lat="40.641134" lon="-0.085366">
        <ele>1059.3</ele>
        <time>2016-04-05T07:51:46Z</time>
        <extensions>
          <gpxtpx:TrackPointExtension>
            <gpxtpx:hr>121</gpxtpx:hr>
          </gpxtpx:TrackPointExtension>
        </extensions>
      </trkpt>
      <trkpt lat="40.641184" lon="-0.085266">
        <ele>1059.8</ele>
        <time>2016-04-05T07:51:49Z</time>
        <extensions>
          <gpxtpx:TrackPointExtension>
            <gpxtpx:hr>121</gpxtpx:hr>
          </gpxtpx:TrackPointExtension>
        </extensions>
      </trkpt>
      <trkpt lat="40.641217" lon="-0.085166">
        <ele>1060.3</ele>
        <time>2016-04-05T07:51:52Z</time>
        <extensions>
          <gpxtpx:TrackPointExtension>
            <gpxtpx:hr>120</gpxtpx:hr>
          </gpxtpx:TrackPointExtension>
        </extensions>
      </trkpt>
      <trkpt lat="40.641234" lon="-0.085133">
        <ele>1060.5</ele>
        <time>2016-04-05T07:51:53Z</time>
        <extensions>
          <gpxtpx:TrackPointExtension>
            <gpxtpx:hr>120</gpxtpx:hr>
          </gpxtpx:TrackPointExtension>
        </extensions>
      </trkpt>
      <trkpt lat="40.641284" lon="-0.084950">
        <ele>1060.9</ele>
        <time>2016-04-05T07:51:59Z</time>
        <extensions>
          <gpxtpx:TrackPointExtension>
            <gpxtpx:hr>122</gpxtpx:hr>
          </gpxtpx:TrackPointExtension>
        </extensions>
      </trkpt>
      <trkpt lat="40.641317" lon="-0.084833">
        <ele>1061.5</ele>
        <time>2016-04-05T07:52:02Z</time>
        <extensions>
          <gpxtpx:TrackPointExtension>
            <gpxtpx:hr>121</gpxtpx:hr>
          </gpxtpx:TrackPointExtension>
        </extensions>
      </trkpt>
      <trkpt lat="40.641334" lon="-0.084733">
        <ele>1062.2</ele>
        <time>2016-04-05T07:52:05Z</time>
        <extensions>
          <gpxtpx:TrackPointExtension>
            <gpxtpx:hr>121</gpxtpx:hr>
          </gpxtpx:TrackPointExtension>
        </extensions>
      </trkpt>
      <trkpt lat="40.641367" lon="-0.084616">
        <ele>1063.1</ele>
        <time>2016-04-05T07:52:08Z</time>
        <extensions>
          <gpxtpx:TrackPointExtension>
            <gpxtpx:hr>122</gpxtpx:hr>
          </gpxtpx:TrackPointExtension>
        </extensions>
      </trkpt>
      <trkpt lat="40.641384" lon="-0.084500">
        <ele>1063.8</ele>
        <time>2016-04-05T07:52:12Z</time>
        <extensions>
          <gpxtpx:TrackPointExtension>
            <gpxtpx:hr>122</gpxtpx:hr>
          </gpxtpx:TrackPointExtension>
        </extensions>
      </trkpt>
      <trkpt lat="40.641384" lon="-0.084416">
        <ele>1064.3</ele>
        <time>2016-04-05T07:52:14Z</time>
        <extensions>
          <gpxtpx:TrackPointExtension>
            <gpxtpx:hr>122</gpxtpx:hr>
          </gpxtpx:TrackPointExtension>
        </extensions>
      </trkpt>
      <trkpt lat="40.641400" lon="-0.084300">
        <ele>1064.8</ele>
        <time>2016-04-05T07:52:17Z</time>
        <extensions>
          <gpxtpx:TrackPointExtension>
            <gpxtpx:hr>122</gpxtpx:hr>
          </gpxtpx:TrackPointExtension>
        </extensions>
      </trkpt>
      <trkpt lat="40.641400" lon="-0.084216">
        <ele>1065.3</ele>
        <time>2016-04-05T07:52:20Z</time>
        <extensions>
          <gpxtpx:TrackPointExtension>
            <gpxtpx:hr>123</gpxtpx:hr>
          </gpxtpx:TrackPointExtension>
        </extensions>
      </trkpt>
      <trkpt lat="40.641400" lon="-0.084216">
        <ele>1065.3</ele>
        <time>2016-04-05T07:52:20Z</time>
        <extensions>
          <gpxtpx:TrackPointExtension>
            <gpxtpx:hr>123</gpxtpx:hr>
          </gpxtpx:TrackPointExtension>
        </extensions>
      </trkpt>
      <trkpt lat="40.641400" lon="-0.084083">
        <ele>1066.2</ele>
        <time>2016-04-05T07:52:23Z</time>
        <extensions>
          <gpxtpx:TrackPointExtension>
            <gpxtpx:hr>123</gpxtpx:hr>
          </gpxtpx:TrackPointExtension>
        </extensions>
      </trkpt>
      <trkpt lat="40.641417" lon="-0.084000">
        <ele>1066.5</ele>
        <time>2016-04-05T07:52:26Z</time>
        <extensions>
          <gpxtpx:TrackPointExtension>
            <gpxtpx:hr>122</gpxtpx:hr>
          </gpxtpx:TrackPointExtension>
        </extensions>
      </trkpt>
      <trkpt lat="40.641417" lon="-0.083850">
        <ele>1067.4</ele>
        <time>2016-04-05T07:52:30Z</time>
        <extensions>
          <gpxtpx:TrackPointExtension>
            <gpxtpx:hr>121</gpxtpx:hr>
          </gpxtpx:TrackPointExtension>
        </extensions>
      </trkpt>
      <trkpt lat="40.641417" lon="-0.083750">
        <ele>1068.0</ele>
        <time>2016-04-05T07:52:33Z</time>
        <extensions>
          <gpxtpx:TrackPointExtension>
            <gpxtpx:hr>121</gpxtpx:hr>
          </gpxtpx:TrackPointExtension>
        </extensions>
      </trkpt>
      <trkpt lat="40.641417" lon="-0.083633">
        <ele>1068.6</ele>
        <time>2016-04-05T07:52:36Z</time>
        <extensions>
          <gpxtpx:TrackPointExtension>
            <gpxtpx:hr>122</gpxtpx:hr>
          </gpxtpx:TrackPointExtension>
        </extensions>
      </trkpt>
      <trkpt lat="40.641417" lon="-0.083533">
        <ele>1069.0</ele>
        <time>2016-04-05T07:52:38Z</time>
        <extensions>
          <gpxtpx:TrackPointExtension>
            <gpxtpx:hr>120</gpxtpx:hr>
          </gpxtpx:TrackPointExtension>
        </extensions>
      </trkpt>
      <trkpt lat="40.641417" lon="-0.083449">
        <ele>1069.4</ele>
        <time>2016-04-05T07:52:41Z</time>
        <extensions>
          <gpxtpx:TrackPointExtension>
            <gpxtpx:hr>118</gpxtpx:hr>
          </gpxtpx:TrackPointExtension>
        </extensions>
      </trkpt>
      <trkpt lat="40.641417" lon="-0.083349">
        <ele>1069.7</ele>
        <time>2016-04-05T07:52:44Z</time>
        <extensions>
          <gpxtpx:TrackPointExtension>
            <gpxtpx:hr>117</gpxtpx:hr>
          </gpxtpx:TrackPointExtension>
        </extensions>
      </trkpt>
      <trkpt lat="40.641417" lon="-0.083316">
        <ele>1069.8</ele>
        <time>2016-04-05T07:52:44Z</time>
        <extensions>
          <gpxtpx:TrackPointExtension>
            <gpxtpx:hr>117</gpxtpx:hr>
          </gpxtpx:TrackPointExtension>
        </extensions>
      </trkpt>
      <trkpt lat="40.641417" lon="-0.083166">
        <ele>1070.3</ele>
        <time>2016-04-05T07:52:49Z</time>
        <extensions>
          <gpxtpx:TrackPointExtension>
            <gpxtpx:hr>119</gpxtpx:hr>
          </gpxtpx:TrackPointExtension>
        </extensions>
      </trkpt>
      <trkpt lat="40.641417" lon="-0.083050">
        <ele>1070.8</ele>
        <time>2016-04-05T07:52:52Z</time>
        <extensions>
          <gpxtpx:TrackPointExtension>
            <gpxtpx:hr>120</gpxtpx:hr>
          </gpxtpx:TrackPointExtension>
        </extensions>
      </trkpt>
      <trkpt lat="40.641417" lon="-0.082933">
        <ele>1071.2</ele>
        <time>2016-04-05T07:52:55Z</time>
        <extensions>
          <gpxtpx:TrackPointExtension>
            <gpxtpx:hr>121</gpxtpx:hr>
          </gpxtpx:TrackPointExtension>
        </extensions>
      </trkpt>
      <trkpt lat="40.641417" lon="-0.082833">
        <ele>1071.5</ele>
        <time>2016-04-05T07:52:58Z</time>
        <extensions>
          <gpxtpx:TrackPointExtension>
            <gpxtpx:hr>122</gpxtpx:hr>
          </gpxtpx:TrackPointExtension>
        </extensions>
      </trkpt>
      <trkpt lat="40.641417" lon="-0.082750">
        <ele>1071.9</ele>
        <time>2016-04-05T07:53:00Z</time>
        <extensions>
          <gpxtpx:TrackPointExtension>
            <gpxtpx:hr>122</gpxtpx:hr>
          </gpxtpx:TrackPointExtension>
        </extensions>
      </trkpt>
      <trkpt lat="40.641417" lon="-0.082650">
        <ele>1072.3</ele>
        <time>2016-04-05T07:53:03Z</time>
        <extensions>
          <gpxtpx:TrackPointExtension>
            <gpxtpx:hr>120</gpxtpx:hr>
          </gpxtpx:TrackPointExtension>
        </extensions>
      </trkpt>
      <trkpt lat="40.641417" lon="-0.082566">
        <ele>1072.7</ele>
        <time>2016-04-05T07:53:05Z</time>
        <extensions>
          <gpxtpx:TrackPointExtension>
            <gpxtpx:hr>120</gpxtpx:hr>
          </gpxtpx:TrackPointExtension>
        </extensions>
      </trkpt>
      <trkpt lat="40.641417" lon="-0.082466">
        <ele>1073.2</ele>
        <time>2016-04-05T07:53:08Z</time>
        <extensions>
          <gpxtpx:TrackPointExtension>
            <gpxtpx:hr>121</gpxtpx:hr>
          </gpxtpx:TrackPointExtension>
        </extensions>
      </trkpt>
      <trkpt lat="40.641417" lon="-0.082366">
        <ele>1073.7</ele>
        <time>2016-04-05T07:53:11Z</time>
        <extensions>
          <gpxtpx:TrackPointExtension>
            <gpxtpx:hr>120</gpxtpx:hr>
          </gpxtpx:TrackPointExtension>
        </extensions>
      </trkpt>
      <trkpt lat="40.641417" lon="-0.082283">
        <ele>1074.2</ele>
        <time>2016-04-05T07:53:13Z</time>
        <extensions>
          <gpxtpx:TrackPointExtension>
            <gpxtpx:hr>118</gpxtpx:hr>
          </gpxtpx:TrackPointExtension>
        </extensions>
      </trkpt>
      <trkpt lat="40.641417" lon="-0.082166">
        <ele>1074.8</ele>
        <time>2016-04-05T07:53:16Z</time>
        <extensions>
          <gpxtpx:TrackPointExtension>
            <gpxtpx:hr>118</gpxtpx:hr>
          </gpxtpx:TrackPointExtension>
        </extensions>
      </trkpt>
      <trkpt lat="40.641434" lon="-0.082066">
        <ele>1075.2</ele>
        <time>2016-04-05T07:53:19Z</time>
        <extensions>
          <gpxtpx:TrackPointExtension>
            <gpxtpx:hr>119</gpxtpx:hr>
          </gpxtpx:TrackPointExtension>
        </extensions>
      </trkpt>
      <trkpt lat="40.641434" lon="-0.081983">
        <ele>1075.6</ele>
        <time>2016-04-05T07:53:21Z</time>
        <extensions>
          <gpxtpx:TrackPointExtension>
            <gpxtpx:hr>120</gpxtpx:hr>
          </gpxtpx:TrackPointExtension>
        </extensions>
      </trkpt>
      <trkpt lat="40.641417" lon="-0.081866">
        <ele>1076.3</ele>
        <time>2016-04-05T07:53:25Z</time>
        <extensions>
          <gpxtpx:TrackPointExtension>
            <gpxtpx:hr>120</gpxtpx:hr>
          </gpxtpx:TrackPointExtension>
        </extensions>
      </trkpt>
      <trkpt lat="40.641417" lon="-0.081766">
        <ele>1076.7</ele>
        <time>2016-04-05T07:53:27Z</time>
        <extensions>
          <gpxtpx:TrackPointExtension>
            <gpxtpx:hr>120</gpxtpx:hr>
          </gpxtpx:TrackPointExtension>
        </extensions>
      </trkpt>
      <trkpt lat="40.641417" lon="-0.081649">
        <ele>1077.4</ele>
        <time>2016-04-05T07:53:31Z</time>
        <extensions>
          <gpxtpx:TrackPointExtension>
            <gpxtpx:hr>120</gpxtpx:hr>
          </gpxtpx:TrackPointExtension>
        </extensions>
      </trkpt>
      <trkpt lat="40.641417" lon="-0.081533">
        <ele>1078.3</ele>
        <time>2016-04-05T07:53:34Z</time>
        <extensions>
          <gpxtpx:TrackPointExtension>
            <gpxtpx:hr>120</gpxtpx:hr>
          </gpxtpx:TrackPointExtension>
        </extensions>
      </trkpt>
      <trkpt lat="40.641417" lon="-0.081416">
        <ele>1079.1</ele>
        <time>2016-04-05T07:53:37Z</time>
        <extensions>
          <gpxtpx:TrackPointExtension>
            <gpxtpx:hr>119</gpxtpx:hr>
          </gpxtpx:TrackPointExtension>
        </extensions>
      </trkpt>
      <trkpt lat="40.641417" lon="-0.081400">
        <ele>1079.1</ele>
        <time>2016-04-05T07:53:38Z</time>
        <extensions>
          <gpxtpx:TrackPointExtension>
            <gpxtpx:hr>119</gpxtpx:hr>
          </gpxtpx:TrackPointExtension>
        </extensions>
      </trkpt>
      <trkpt lat="40.641434" lon="-0.081199">
        <ele>1079.6</ele>
        <time>2016-04-05T07:53:43Z</time>
        <extensions>
          <gpxtpx:TrackPointExtension>
            <gpxtpx:hr>120</gpxtpx:hr>
          </gpxtpx:TrackPointExtension>
        </extensions>
      </trkpt>
      <trkpt lat="40.641591" lon="-0.080588">
        <ele>1081.7</ele>
        <time>2016-04-05T07:54:01Z</time>
        <extensions>
          <gpxtpx:TrackPointExtension>
            <gpxtpx:hr>118</gpxtpx:hr>
          </gpxtpx:TrackPointExtension>
        </extensions>
      </trkpt>
      <trkpt lat="40.641686" lon="-0.080258">
        <ele>1083.8</ele>
        <time>2016-04-05T07:54:11Z</time>
      </trkpt>
      <trkpt lat="40.641810" lon="-0.079967">
        <ele>1084.5</ele>
        <time>2016-04-05T07:54:20Z</time>
      </trkpt>
      <trkpt lat="40.641937" lon="-0.079724">
        <ele>1085.7</ele>
        <time>2016-04-05T07:54:28Z</time>
      </trkpt>
      <trkpt lat="40.642068" lon="-0.079519">
        <ele>1086.6</ele>
        <time>2016-04-05T07:54:35Z</time>
      </trkpt>
      <trkpt lat="40.642216" lon="-0.079338">
        <ele>1087.3</ele>
        <time>2016-04-05T07:54:43Z</time>
      </trkpt>
      <trkpt lat="40.642337" lon="-0.079201">
        <ele>1088.2</ele>
        <time>2016-04-05T07:54:49Z</time>
      </trkpt>
      <trkpt lat="40.642441" lon="-0.079099">
        <ele>1088.6</ele>
        <time>2016-04-05T07:54:53Z</time>
      </trkpt>
      <trkpt lat="40.642623" lon="-0.078921">
        <ele>1089.4</ele>
        <time>2016-04-05T07:55:02Z</time>
      </trkpt>
      <trkpt lat="40.642903" lon="-0.078769">
        <ele>1090.2</ele>
        <time>2016-04-05T07:55:13Z</time>
      </trkpt>
      <trkpt lat="40.643105" lon="-0.078660">
        <ele>1090.5</ele>
        <time>2016-04-05T07:55:20Z</time>
      </trkpt>
      <trkpt lat="40.643314" lon="-0.078583">
        <ele>1090.8</ele>
        <time>2016-04-05T07:55:28Z</time>
      </trkpt>
      <trkpt lat="40.643607" lon="-0.078519">
        <ele>1091.0</ele>
        <time>2016-04-05T07:55:39Z</time>
      </trkpt>
      <trkpt lat="40.644058" lon="-0.078495">
        <ele>1089.7</ele>
        <time>2016-04-05T07:55:56Z</time>
      </trkpt>
      <trkpt lat="40.644474" lon="-0.078438">
        <ele>1087.7</ele>
        <time>2016-04-05T07:56:11Z</time>
      </trkpt>
      <trkpt lat="40.644772" lon="-0.078377">
        <ele>1086.7</ele>
        <time>2016-04-05T07:56:22Z</time>
      </trkpt>
      <trkpt lat="40.644953" lon="-0.078291">
        <ele>1085.9</ele>
        <time>2016-04-05T07:56:29Z</time>
      </trkpt>
      <trkpt lat="40.645167" lon="-0.078150">
        <ele>1085.3</ele>
        <time>2016-04-05T07:56:38Z</time>
      </trkpt>
      <trkpt lat="40.645300" lon="-0.078041">
        <ele>1084.4</ele>
        <time>2016-04-05T07:56:43Z</time>
      </trkpt>
      <trkpt lat="40.645340" lon="-0.077921">
        <ele>1084.0</ele>
        <time>2016-04-05T07:56:47Z</time>
      </trkpt>
      <trkpt lat="40.645355" lon="-0.077759">
        <ele>1083.5</ele>
        <time>2016-04-05T07:56:51Z</time>
      </trkpt>
      <trkpt lat="40.645376" lon="-0.077581">
        <ele>1083.5</ele>
        <time>2016-04-05T07:56:56Z</time>
      </trkpt>
      <trkpt lat="40.645413" lon="-0.077466">
        <ele>1083.4</ele>
        <time>2016-04-05T07:57:00Z</time>
      </trkpt>
      <trkpt lat="40.645553" lon="-0.077275">
        <ele>1082.8</ele>
        <time>2016-04-05T07:57:07Z</time>
      </trkpt>
      <trkpt lat="40.645938" lon="-0.076920">
        <ele>1080.8</ele>
        <time>2016-04-05T07:57:24Z</time>
      </trkpt>
      <trkpt lat="40.646404" lon="-0.076445">
        <ele>1077.8</ele>
        <time>2016-04-05T07:57:46Z</time>
      </trkpt>
      <trkpt lat="40.646647" lon="-0.076213">
        <ele>1076.1</ele>
        <time>2016-04-05T07:57:57Z</time>
      </trkpt>
      <trkpt lat="40.646756" lon="-0.076055">
        <ele>1075.8</ele>
        <time>2016-04-05T07:58:02Z</time>
      </trkpt>
      <trkpt lat="40.646922" lon="-0.075817">
        <ele>1074.3</ele>
        <time>2016-04-05T07:58:11Z</time>
      </trkpt>
      <trkpt lat="40.647133" lon="-0.075463">
        <ele>1072.6</ele>
        <time>2016-04-05T07:58:24Z</time>
      </trkpt>
      <trkpt lat="40.647249" lon="-0.075262">
        <ele>1072.4</ele>
        <time>2016-04-05T07:58:31Z</time>
      </trkpt>
      <trkpt lat="40.647340" lon="-0.075299">
        <ele>1071.2</ele>
        <time>2016-04-05T07:58:34Z</time>
      </trkpt>
      <trkpt lat="40.647577" lon="-0.075616">
        <ele>1071.2</ele>
        <time>2016-04-05T07:58:46Z</time>
      </trkpt>
      <trkpt lat="40.647652" lon="-0.075625">
        <ele>1071.6</ele>
        <time>2016-04-05T07:58:49Z</time>
      </trkpt>
      <trkpt lat="40.647767" lon="-0.075544">
        <ele>1072.1</ele>
        <time>2016-04-05T07:58:54Z</time>
      </trkpt>
      <trkpt lat="40.648003" lon="-0.075391">
        <ele>1073.5</ele>
        <time>2016-04-05T07:59:04Z</time>
      </trkpt>
      <trkpt lat="40.648113" lon="-0.075335">
        <ele>1074.0</ele>
        <time>2016-04-05T07:59:08Z</time>
      </trkpt>
      <trkpt lat="40.648505" lon="-0.074963">
        <ele>1075.8</ele>
        <time>2016-04-05T07:59:25Z</time>
      </trkpt>
      <trkpt lat="40.648558" lon="-0.074830">
        <ele>1076.6</ele>
        <time>2016-04-05T07:59:30Z</time>
      </trkpt>
      <trkpt lat="40.648760" lon="-0.074409">
        <ele>1078.3</ele>
        <time>2016-04-05T07:59:43Z</time>
      </trkpt>
      <trkpt lat="40.649052" lon="-0.074038">
        <ele>1080.9</ele>
        <time>2016-04-05T07:59:58Z</time>
      </trkpt>
      <trkpt lat="40.649470" lon="-0.073609">
        <ele>1083.9</ele>
        <time>2016-04-05T08:00:17Z</time>
      </trkpt>
      <trkpt lat="40.649802" lon="-0.073174">
        <ele>1088.5</ele>
        <time>2016-04-05T08:00:34Z</time>
      </trkpt>
      <trkpt lat="40.650024" lon="-0.072839">
        <ele>1092.4</ele>
        <time>2016-04-05T08:00:47Z</time>
      </trkpt>
      <trkpt lat="40.650190" lon="-0.072724">
        <ele>1095.2</ele>
        <time>2016-04-05T08:00:54Z</time>
      </trkpt>
      <trkpt lat="40.650375" lon="-0.072682">
        <ele>1097.5</ele>
        <time>2016-04-05T08:01:00Z</time>
      </trkpt>
      <trkpt lat="40.650565" lon="-0.072743">
        <ele>1098.9</ele>
        <time>2016-04-05T08:01:07Z</time>
      </trkpt>
      <trkpt lat="40.650783" lon="-0.073006">
        <ele>1101.3</ele>
        <time>2016-04-05T08:01:18Z</time>
      </trkpt>
      <trkpt lat="40.651049" lon="-0.073229">
        <ele>1103.2</ele>
        <time>2016-04-05T08:01:30Z</time>
      </trkpt>
      <trkpt lat="40.651333" lon="-0.073442">
        <ele>1105.0</ele>
        <time>2016-04-05T08:01:42Z</time>
      </trkpt>
      <trkpt lat="40.651508" lon="-0.073632">
        <ele>1106.2</ele>
        <time>2016-04-05T08:01:50Z</time>
      </trkpt>
      <trkpt lat="40.651667" lon="-0.073851">
        <ele>1107.7</ele>
        <time>2016-04-05T08:01:58Z</time>
      </trkpt>
      <trkpt lat="40.651897" lon="-0.073951">
        <ele>1108.6</ele>
        <time>2016-04-05T08:02:07Z</time>
      </trkpt>
      <trkpt lat="40.652141" lon="-0.073874">
        <ele>1110.9</ele>
        <time>2016-04-05T08:02:16Z</time>
      </trkpt>
      <trkpt lat="40.652449" lon="-0.073580">
        <ele>1113.5</ele>
        <time>2016-04-05T08:02:30Z</time>
      </trkpt>
      <trkpt lat="40.652802" lon="-0.073230">
        <ele>1116.0</ele>
        <time>2016-04-05T08:02:46Z</time>
      </trkpt>
      <trkpt lat="40.652985" lon="-0.072898">
        <ele>1117.0</ele>
        <time>2016-04-05T08:02:57Z</time>
      </trkpt>
      <trkpt lat="40.653137" lon="-0.072504">
        <ele>1119.8</ele>
        <time>2016-04-05T08:03:10Z</time>
      </trkpt>
      <trkpt lat="40.653202" lon="-0.072351">
        <ele>1120.9</ele>
        <time>2016-04-05T08:03:14Z</time>
      </trkpt>
      <trkpt lat="40.653211" lon="-0.072228">
        <ele>1121.4</ele>
        <time>2016-04-05T08:03:18Z</time>
      </trkpt>
      <trkpt lat="40.653193" lon="-0.072101">
        <ele>1121.7</ele>
        <time>2016-04-05T08:03:21Z</time>
      </trkpt>
      <trkpt lat="40.653160" lon="-0.071854">
        <ele>1122.4</ele>
        <time>2016-04-05T08:03:28Z</time>
      </trkpt>
      <trkpt lat="40.653155" lon="-0.071596">
        <ele>1124.0</ele>
        <time>2016-04-05T08:03:35Z</time>
      </trkpt>
      <trkpt lat="40.653209" lon="-0.071291">
        <ele>1126.4</ele>
        <time>2016-04-05T08:03:44Z</time>
      </trkpt>
      <trkpt lat="40.653543" lon="-0.070289">
        <ele>1130.2</ele>
        <time>2016-04-05T08:04:14Z</time>
      </trkpt>
      <trkpt lat="40.653681" lon="-0.069914">
        <ele>1131.1</ele>
        <time>2016-04-05T08:04:26Z</time>
      </trkpt>
      <trkpt lat="40.653813" lon="-0.069623">
        <ele>1133.0</ele>
        <time>2016-04-05T08:04:35Z</time>
      </trkpt>
      <trkpt lat="40.653958" lon="-0.069461">
        <ele>1134.2</ele>
        <time>2016-04-05T08:04:42Z</time>
      </trkpt>
      <trkpt lat="40.654106" lon="-0.069331">
        <ele>1135.3</ele>
        <time>2016-04-05T08:04:49Z</time>
      </trkpt>
      <trkpt lat="40.654296" lon="-0.069257">
        <ele>1134.8</ele>
        <time>2016-04-05T08:04:56Z</time>
      </trkpt>
      <trkpt lat="40.654504" lon="-0.069207">
        <ele>1134.6</ele>
        <time>2016-04-05T08:05:03Z</time>
      </trkpt>
      <trkpt lat="40.654672" lon="-0.069233">
        <ele>1135.1</ele>
        <time>2016-04-05T08:05:10Z</time>
      </trkpt>
      <trkpt lat="40.654875" lon="-0.069314">
        <ele>1135.1</ele>
        <time>2016-04-05T08:05:17Z</time>
      </trkpt>
      <trkpt lat="40.655079" lon="-0.069487">
        <ele>1135.9</ele>
        <time>2016-04-05T08:05:26Z</time>
      </trkpt>
      <trkpt lat="40.655272" lon="-0.069741">
        <ele>1138.0</ele>
        <time>2016-04-05T08:05:36Z</time>
      </trkpt>
      <trkpt lat="40.655402" lon="-0.070067">
        <ele>1139.2</ele>
        <time>2016-04-05T08:05:46Z</time>
      </trkpt>
      <trkpt lat="40.655575" lon="-0.070503">
        <ele>1141.7</ele>
        <time>2016-04-05T08:06:00Z</time>
      </trkpt>
      <trkpt lat="40.655642" lon="-0.070594">
        <ele>1142.2</ele>
        <time>2016-04-05T08:06:03Z</time>
      </trkpt>
      <trkpt lat="40.655728" lon="-0.070652">
        <ele>1142.7</ele>
        <time>2016-04-05T08:06:07Z</time>
      </trkpt>
      <trkpt lat="40.655849" lon="-0.070643">
        <ele>1143.4</ele>
        <time>2016-04-05T08:06:11Z</time>
      </trkpt>
      <trkpt lat="40.656027" lon="-0.070606">
        <ele>1144.4</ele>
        <time>2016-04-05T08:06:18Z</time>
      </trkpt>
      <trkpt lat="40.656186" lon="-0.070577">
        <ele>1145.8</ele>
        <time>2016-04-05T08:06:24Z</time>
      </trkpt>
      <trkpt lat="40.656314" lon="-0.070618">
        <ele>1146.6</ele>
        <time>2016-04-05T08:06:28Z</time>
      </trkpt>
      <trkpt lat="40.656423" lon="-0.070719">
        <ele>1147.3</ele>
        <time>2016-04-05T08:06:33Z</time>
      </trkpt>
      <trkpt lat="40.656560" lon="-0.070930">
        <ele>1148.4</ele>
        <time>2016-04-05T08:06:41Z</time>
      </trkpt>
      <trkpt lat="40.656717" lon="-0.071188">
        <ele>1149.9</ele>
        <time>2016-04-05T08:06:50Z</time>
      </trkpt>
      <trkpt lat="40.656816" lon="-0.071223">
        <ele>1150.8</ele>
        <time>2016-04-05T08:06:54Z</time>
      </trkpt>
      <trkpt lat="40.656892" lon="-0.071196">
        <ele>1151.2</ele>
        <time>2016-04-05T08:06:57Z</time>
      </trkpt>
      <trkpt lat="40.656973" lon="-0.071105">
        <ele>1152.0</ele>
        <time>2016-04-05T08:07:01Z</time>
      </trkpt>
      <trkpt lat="40.657359" lon="-0.070649">
        <ele>1155.4</ele>
        <time>2016-04-05T08:07:19Z</time>
      </trkpt>
      <trkpt lat="40.657551" lon="-0.070443">
        <ele>1156.7</ele>
        <time>2016-04-05T08:07:28Z</time>
      </trkpt>
      <trkpt lat="40.657672" lon="-0.070363">
        <ele>1157.4</ele>
        <time>2016-04-05T08:07:33Z</time>
      </trkpt>
      <trkpt lat="40.657786" lon="-0.070319">
        <ele>1158.2</ele>
        <time>2016-04-05T08:07:38Z</time>
      </trkpt>
      <trkpt lat="40.658040" lon="-0.070333">
        <ele>1159.1</ele>
        <time>2016-04-05T08:07:47Z</time>
      </trkpt>
      <trkpt lat="40.658532" lon="-0.070343">
        <ele>1162.0</ele>
        <time>2016-04-05T08:08:05Z</time>
      </trkpt>
      <trkpt lat="40.658712" lon="-0.070334">
        <ele>1162.7</ele>
        <time>2016-04-05T08:08:11Z</time>
      </trkpt>
      <trkpt lat="40.658832" lon="-0.070248">
        <ele>1162.3</ele>
        <time>2016-04-05T08:08:16Z</time>
      </trkpt>
      <trkpt lat="40.658938" lon="-0.070072">
        <ele>1161.5</ele>
        <time>2016-04-05T08:08:23Z</time>
      </trkpt>
      <trkpt lat="40.659027" lon="-0.069881">
        <ele>1161.7</ele>
        <time>2016-04-05T08:08:29Z</time>
      </trkpt>
      <trkpt lat="40.659255" lon="-0.069807">
        <ele>1160.8</ele>
        <time>2016-04-05T08:08:37Z</time>
      </trkpt>
      <trkpt lat="40.659525" lon="-0.069759">
        <ele>1161.2</ele>
        <time>2016-04-05T08:08:47Z</time>
      </trkpt>
      <trkpt lat="40.659733" lon="-0.069673">
        <ele>1163.4</ele>
        <time>2016-04-05T08:08:55Z</time>
      </trkpt>
      <trkpt lat="40.660028" lon="-0.069485">
        <ele>1166.4</ele>
        <time>2016-04-05T08:09:07Z</time>
      </trkpt>
      <trkpt lat="40.660167" lon="-0.069399">
        <ele>1166.2</ele>
        <time>2016-04-05T08:09:13Z</time>
      </trkpt>
      <trkpt lat="40.660554" lon="-0.069216">
        <ele>1165.3</ele>
        <time>2016-04-05T08:09:28Z</time>
      </trkpt>
      <trkpt lat="40.660932" lon="-0.069024">
        <ele>1165.4</ele>
        <time>2016-04-05T08:09:42Z</time>
      </trkpt>
      <trkpt lat="40.661278" lon="-0.068903">
        <ele>1164.4</ele>
        <time>2016-04-05T08:09:55Z</time>
      </trkpt>
      <trkpt lat="40.661278" lon="-0.068903">
        <ele>1164.4</ele>
        <time>2016-04-05T08:09:55Z</time>
      </trkpt>
      <trkpt lat="40.661439" lon="-0.068914">
        <ele>1163.2</ele>
        <time>2016-04-05T08:10:01Z</time>
      </trkpt>
      <trkpt lat="40.661747" lon="-0.068911">
        <ele>1161.6</ele>
        <time>2016-04-05T08:10:12Z</time>
      </trkpt>
      <trkpt lat="40.661944" lon="-0.068916">
        <ele>1161.0</ele>
        <time>2016-04-05T08:10:20Z</time>
      </trkpt>
      <trkpt lat="40.662284" lon="-0.069035">
        <ele>1160.2</ele>
        <time>2016-04-05T08:10:32Z</time>
      </trkpt>
      <trkpt lat="40.662629" lon="-0.069155">
        <ele>1161.0</ele>
        <time>2016-04-05T08:10:45Z</time>
      </trkpt>
      <trkpt lat="40.662978" lon="-0.069254">
        <ele>1162.8</ele>
        <time>2016-04-05T08:10:58Z</time>
      </trkpt>
      <trkpt lat="40.663360" lon="-0.069321">
        <ele>1166.0</ele>
        <time>2016-04-05T08:11:12Z</time>
      </trkpt>
      <trkpt lat="40.663742" lon="-0.069372">
        <ele>1171.2</ele>
        <time>2016-04-05T08:11:26Z</time>
      </trkpt>
      <trkpt lat="40.664008" lon="-0.069366">
        <ele>1174.9</ele>
        <time>2016-04-05T08:11:36Z</time>
      </trkpt>
      <trkpt lat="40.664132" lon="-0.069450">
        <ele>1176.3</ele>
        <time>2016-04-05T08:11:41Z</time>
      </trkpt>
      <trkpt lat="40.664190" lon="-0.069581">
        <ele>1177.8</ele>
        <time>2016-04-05T08:11:45Z</time>
      </trkpt>
      <trkpt lat="40.664233" lon="-0.069766">
        <ele>1178.3</ele>
        <time>2016-04-05T08:11:51Z</time>
      </trkpt>
      <trkpt lat="40.664350" lon="-0.069921">
        <ele>1179.1</ele>
        <time>2016-04-05T08:11:57Z</time>
      </trkpt>
      <trkpt lat="40.664513" lon="-0.069982">
        <ele>1179.8</ele>
        <time>2016-04-05T08:12:03Z</time>
      </trkpt>
      <trkpt lat="40.664743" lon="-0.069993">
        <ele>1180.2</ele>
        <time>2016-04-05T08:12:11Z</time>
      </trkpt>
      <trkpt lat="40.664963" lon="-0.069975">
        <ele>1181.1</ele>
        <time>2016-04-05T08:12:19Z</time>
      </trkpt>
      <trkpt lat="40.665190" lon="-0.069819">
        <ele>1181.7</ele>
        <time>2016-04-05T08:12:29Z</time>
      </trkpt>
      <trkpt lat="40.665508" lon="-0.069545">
        <ele>1183.0</ele>
        <time>2016-04-05T08:12:42Z</time>
      </trkpt>
      <trkpt lat="40.665666" lon="-0.069480">
        <ele>1182.6</ele>
        <time>2016-04-05T08:12:48Z</time>
      </trkpt>
      <trkpt lat="40.665899" lon="-0.069503">
        <ele>1180.9</ele>
        <time>2016-04-05T08:12:57Z</time>
      </trkpt>
      <trkpt lat="40.666167" lon="-0.069505">
        <ele>1179.4</ele>
        <time>2016-04-05T08:13:07Z</time>
      </trkpt>
      <trkpt lat="40.666509" lon="-0.069439">
        <ele>1180.7</ele>
        <time>2016-04-05T08:13:19Z</time>
      </trkpt>
      <trkpt lat="40.666858" lon="-0.069371">
        <ele>1184.3</ele>
        <time>2016-04-05T08:13:32Z</time>
      </trkpt>
      <trkpt lat="40.667169" lon="-0.069329">
        <ele>1188.8</ele>
        <time>2016-04-05T08:13:43Z</time>
      </trkpt>
      <trkpt lat="40.667435" lon="-0.069364">
        <ele>1191.6</ele>
        <time>2016-04-05T08:13:53Z</time>
      </trkpt>
      <trkpt lat="40.667690" lon="-0.069463">
        <ele>1193.7</ele>
        <time>2016-04-05T08:14:03Z</time>
      </trkpt>
      <trkpt lat="40.668003" lon="-0.069659">
        <ele>1194.2</ele>
        <time>2016-04-05T08:14:16Z</time>
      </trkpt>
      <trkpt lat="40.668368" lon="-0.069843">
        <ele>1195.5</ele>
        <time>2016-04-05T08:14:30Z</time>
      </trkpt>
      <trkpt lat="40.668746" lon="-0.070009">
        <ele>1198.8</ele>
        <time>2016-04-05T08:14:44Z</time>
      </trkpt>
      <trkpt lat="40.669057" lon="-0.070102">
        <ele>1202.3</ele>
        <time>2016-04-05T08:14:56Z</time>
      </trkpt>
      <trkpt lat="40.669205" lon="-0.070243">
        <ele>1202.9</ele>
        <time>2016-04-05T08:15:02Z</time>
      </trkpt>
      <trkpt lat="40.669350" lon="-0.070474">
        <ele>1203.6</ele>
        <time>2016-04-05T08:15:11Z</time>
      </trkpt>
      <trkpt lat="40.669538" lon="-0.070672">
        <ele>1204.7</ele>
        <time>2016-04-05T08:15:20Z</time>
      </trkpt>
      <trkpt lat="40.669829" lon="-0.070845">
        <ele>1205.4</ele>
        <time>2016-04-05T08:15:31Z</time>
      </trkpt>
      <trkpt lat="40.670167" lon="-0.070997">
        <ele>1204.3</ele>
        <time>2016-04-05T08:15:44Z</time>
      </trkpt>
      <trkpt lat="40.670657" lon="-0.071198">
        <ele>1203.4</ele>
        <time>2016-04-05T08:16:03Z</time>
      </trkpt>
      <trkpt lat="40.671089" lon="-0.071399">
        <ele>1203.3</ele>
        <time>2016-04-05T08:16:19Z</time>
      </trkpt>
      <trkpt lat="40.671305" lon="-0.071435">
        <ele>1202.6</ele>
        <time>2016-04-05T08:16:27Z</time>
      </trkpt>
      <trkpt lat="40.671566" lon="-0.071450">
        <ele>1201.4</ele>
        <time>2016-04-05T08:16:37Z</time>
      </trkpt>
      <trkpt lat="40.671757" lon="-0.071518">
        <ele>1199.0</ele>
        <time>2016-04-05T08:16:44Z</time>
      </trkpt>
      <trkpt lat="40.672148" lon="-0.071738">
        <ele>1197.5</ele>
        <time>2016-04-05T08:17:00Z</time>
      </trkpt>
      <trkpt lat="40.672543" lon="-0.071952">
        <ele>1197.9</ele>
        <time>2016-04-05T08:17:15Z</time>
      </trkpt>
      <trkpt lat="40.672884" lon="-0.072163">
        <ele>1198.6</ele>
        <time>2016-04-05T08:17:29Z</time>
      </trkpt>
      <trkpt lat="40.673236" lon="-0.072448">
        <ele>1200.5</ele>
        <time>2016-04-05T08:17:44Z</time>
      </trkpt>
      <trkpt lat="40.673647" lon="-0.072940">
        <ele>1204.9</ele>
        <time>2016-04-05T08:18:04Z</time>
      </trkpt>
      <trkpt lat="40.673926" lon="-0.073266">
        <ele>1211.2</ele>
        <time>2016-04-05T08:18:18Z</time>
      </trkpt>
      <trkpt lat="40.674314" lon="-0.074123">
        <ele>1220.0</ele>
        <time>2016-04-05T08:18:45Z</time>
      </trkpt>
      <trkpt lat="40.674627" lon="-0.075016">
        <ele>1224.3</ele>
        <time>2016-04-05T08:19:12Z</time>
      </trkpt>
      <trkpt lat="40.674712" lon="-0.075596">
        <ele>1227.9</ele>
        <time>2016-04-05T08:19:29Z</time>
      </trkpt>
      <trkpt lat="40.674749" lon="-0.076384">
        <ele>1230.6</ele>
        <time>2016-04-05T08:19:50Z</time>
      </trkpt>
      <trkpt lat="40.675052" lon="-0.077363">
        <ele>1235.2</ele>
        <time>2016-04-05T08:20:20Z</time>
      </trkpt>
      <trkpt lat="40.675115" lon="-0.077752">
        <ele>1237.1</ele>
        <time>2016-04-05T08:20:31Z</time>
      </trkpt>
      <trkpt lat="40.675136" lon="-0.077908">
        <ele>1238.0</ele>
        <time>2016-04-05T08:20:35Z</time>
      </trkpt>
      <trkpt lat="40.675159" lon="-0.078358">
        <ele>1240.7</ele>
        <time>2016-04-05T08:20:47Z</time>
      </trkpt>
      <trkpt lat="40.675230" lon="-0.078583">
        <ele>1242.1</ele>
        <time>2016-04-05T08:20:54Z</time>
      </trkpt>
      <trkpt lat="40.675428" lon="-0.078913">
        <ele>1244.3</ele>
        <time>2016-04-05T08:21:06Z</time>
      </trkpt>
      <trkpt lat="40.675723" lon="-0.079436">
        <ele>1246.9</ele>
        <time>2016-04-05T08:21:24Z</time>
      </trkpt>
      <trkpt lat="40.676057" lon="-0.080185">
        <ele>1248.2</ele>
        <time>2016-04-05T08:21:48Z</time>
      </trkpt>
      <trkpt lat="40.676138" lon="-0.080344">
        <ele>1248.0</ele>
        <time>2016-04-05T08:21:53Z</time>
      </trkpt>
      <trkpt lat="40.676368" lon="-0.080535">
        <ele>1247.6</ele>
        <time>2016-04-05T08:22:03Z</time>
      </trkpt>
      <trkpt lat="40.676697" lon="-0.080906">
        <ele>1245.6</ele>
        <time>2016-04-05T08:22:19Z</time>
      </trkpt>
      <trkpt lat="40.676820" lon="-0.081153">
        <ele>1245.2</ele>
        <time>2016-04-05T08:22:27Z</time>
      </trkpt>
      <trkpt lat="40.676891" lon="-0.081445">
        <ele>1245.2</ele>
        <time>2016-04-05T08:22:35Z</time>
      </trkpt>
      <trkpt lat="40.677065" lon="-0.081840">
        <ele>1247.1</ele>
        <time>2016-04-05T08:22:48Z</time>
      </trkpt>
      <trkpt lat="40.677207" lon="-0.082196">
        <ele>1247.7</ele>
        <time>2016-04-05T08:22:59Z</time>
      </trkpt>
      <trkpt lat="40.677174" lon="-0.082426">
        <ele>1247.0</ele>
        <time>2016-04-05T08:23:05Z</time>
      </trkpt>
      <trkpt lat="40.677049" lon="-0.082565">
        <ele>1247.4</ele>
        <time>2016-04-05T08:23:11Z</time>
      </trkpt>
      <trkpt lat="40.676903" lon="-0.082599">
        <ele>1247.7</ele>
        <time>2016-04-05T08:23:17Z</time>
      </trkpt>
      <trkpt lat="40.676760" lon="-0.082552">
        <ele>1247.7</ele>
        <time>2016-04-05T08:23:22Z</time>
      </trkpt>
      <trkpt lat="40.676329" lon="-0.082650">
        <ele>1245.9</ele>
        <time>2016-04-05T08:23:38Z</time>
      </trkpt>
      <trkpt lat="40.676001" lon="-0.082674">
        <ele>1242.5</ele>
        <time>2016-04-05T08:23:50Z</time>
      </trkpt>
      <trkpt lat="40.675832" lon="-0.082821">
        <ele>1240.6</ele>
        <time>2016-04-05T08:23:57Z</time>
      </trkpt>
      <trkpt lat="40.675672" lon="-0.083126">
        <ele>1239.7</ele>
        <time>2016-04-05T08:24:08Z</time>
      </trkpt>
      <trkpt lat="40.675481" lon="-0.083160">
        <ele>1237.1</ele>
        <time>2016-04-05T08:24:15Z</time>
      </trkpt>
      <trkpt lat="40.675321" lon="-0.083251">
        <ele>1235.2</ele>
        <time>2016-04-05T08:24:21Z</time>
      </trkpt>
      <trkpt lat="40.675165" lon="-0.083222">
        <ele>1233.7</ele>
        <time>2016-04-05T08:24:27Z</time>
      </trkpt>
      <trkpt lat="40.675077" lon="-0.083142">
        <ele>1233.1</ele>
        <time>2016-04-05T08:24:31Z</time>
      </trkpt>
      <trkpt lat="40.674948" lon="-0.082975">
        <ele>1231.6</ele>
        <time>2016-04-05T08:24:37Z</time>
      </trkpt>
      <trkpt lat="40.674840" lon="-0.082896">
        <ele>1230.7</ele>
        <time>2016-04-05T08:24:42Z</time>
      </trkpt>
      <trkpt lat="40.674665" lon="-0.082762">
        <ele>1228.8</ele>
        <time>2016-04-05T08:24:49Z</time>
      </trkpt>
      <trkpt lat="40.674513" lon="-0.082729">
        <ele>1227.0</ele>
        <time>2016-04-05T08:24:55Z</time>
      </trkpt>
      <trkpt lat="40.674163" lon="-0.082744">
        <ele>1225.0</ele>
        <time>2016-04-05T08:25:07Z</time>
      </trkpt>
      <trkpt lat="40.673925" lon="-0.082817">
        <ele>1224.2</ele>
        <time>2016-04-05T08:25:16Z</time>
      </trkpt>
      <trkpt lat="40.673925" lon="-0.082817">
        <ele>1224.2</ele>
        <time>2016-04-05T08:25:16Z</time>
      </trkpt>
      <trkpt lat="40.673771" lon="-0.082823">
        <ele>1222.6</ele>
        <time>2016-04-05T08:25:22Z</time>
      </trkpt>
      <trkpt lat="40.673585" lon="-0.082828">
        <ele>1219.4</ele>
        <time>2016-04-05T08:25:29Z</time>
      </trkpt>
      <trkpt lat="40.673435" lon="-0.082870">
        <ele>1217.2</ele>
        <time>2016-04-05T08:25:34Z</time>
      </trkpt>
      <trkpt lat="40.673282" lon="-0.082945">
        <ele>1216.1</ele>
        <time>2016-04-05T08:25:40Z</time>
      </trkpt>
      <trkpt lat="40.672676" lon="-0.082853">
        <ele>1210.6</ele>
        <time>2016-04-05T08:26:02Z</time>
      </trkpt>
      <trkpt lat="40.672440" lon="-0.082832">
        <ele>1210.2</ele>
        <time>2016-04-05T08:26:11Z</time>
      </trkpt>
      <trkpt lat="40.672440" lon="-0.082832">
        <ele>1210.2</ele>
        <time>2016-04-05T08:26:11Z</time>
      </trkpt>
      <trkpt lat="40.672225" lon="-0.082738">
        <ele>1209.6</ele>
        <time>2016-04-05T08:26:19Z</time>
      </trkpt>
      <trkpt lat="40.671991" lon="-0.082527">
        <ele>1207.2</ele>
        <time>2016-04-05T08:26:30Z</time>
      </trkpt>
      <trkpt lat="40.671888" lon="-0.082301">
        <ele>1205.4</ele>
        <time>2016-04-05T08:26:37Z</time>
      </trkpt>
      <trkpt lat="40.671600" lon="-0.081683">
        <ele>1203.6</ele>
        <time>2016-04-05T08:26:57Z</time>
      </trkpt>
      <trkpt lat="40.671452" lon="-0.081285">
        <ele>1199.5</ele>
        <time>2016-04-05T08:27:09Z</time>
      </trkpt>
      <trkpt lat="40.671290" lon="-0.081096">
        <ele>1198.3</ele>
        <time>2016-04-05T08:27:17Z</time>
      </trkpt>
      <trkpt lat="40.671123" lon="-0.080957">
        <ele>1198.5</ele>
        <time>2016-04-05T08:27:24Z</time>
      </trkpt>
      <trkpt lat="40.670995" lon="-0.080837">
        <ele>1197.1</ele>
        <time>2016-04-05T08:27:30Z</time>
      </trkpt>
      <trkpt lat="40.670887" lon="-0.080576">
        <ele>1195.8</ele>
        <time>2016-04-05T08:27:38Z</time>
      </trkpt>
      <trkpt lat="40.670825" lon="-0.080310">
        <ele>1194.4</ele>
        <time>2016-04-05T08:27:46Z</time>
      </trkpt>
      <trkpt lat="40.670676" lon="-0.080099">
        <ele>1193.2</ele>
        <time>2016-04-05T08:27:54Z</time>
      </trkpt>
      <trkpt lat="40.670568" lon="-0.079967">
        <ele>1193.2</ele>
        <time>2016-04-05T08:27:59Z</time>
      </trkpt>
      <trkpt lat="40.670568" lon="-0.079967">
        <ele>1193.2</ele>
        <time>2016-04-05T08:27:59Z</time>
      </trkpt>
      <trkpt lat="40.670495" lon="-0.079685">
        <ele>1191.1</ele>
        <time>2016-04-05T08:28:07Z</time>
      </trkpt>
      <trkpt lat="40.670413" lon="-0.079468">
        <ele>1190.0</ele>
        <time>2016-04-05T08:28:14Z</time>
      </trkpt>
      <trkpt lat="40.670353" lon="-0.079391">
        <ele>1190.5</ele>
        <time>2016-04-05T08:28:17Z</time>
      </trkpt>
      <trkpt lat="40.670308" lon="-0.079353">
        <ele>1191.8</ele>
        <time>2016-04-05T08:28:19Z</time>
      </trkpt>
      <trkpt lat="40.670264" lon="-0.079361">
        <ele>1192.6</ele>
        <time>2016-04-05T08:28:21Z</time>
      </trkpt>
      <trkpt lat="40.670218" lon="-0.079385">
        <ele>1192.8</ele>
        <time>2016-04-05T08:28:22Z</time>
      </trkpt>
      <trkpt lat="40.670159" lon="-0.079435">
        <ele>1192.9</ele>
        <time>2016-04-05T08:28:25Z</time>
      </trkpt>
      <trkpt lat="40.670059" lon="-0.079587">
        <ele>1193.6</ele>
        <time>2016-04-05T08:28:30Z</time>
      </trkpt>
      <trkpt lat="40.669785" lon="-0.079875">
        <ele>1191.8</ele>
        <time>2016-04-05T08:28:43Z</time>
      </trkpt>
      <trkpt lat="40.669710" lon="-0.079968">
        <ele>1191.3</ele>
        <time>2016-04-05T08:28:47Z</time>
      </trkpt>
      <trkpt lat="40.669523" lon="-0.080160">
        <ele>1191.0</ele>
        <time>2016-04-05T08:28:56Z</time>
      </trkpt>
      <trkpt lat="40.669338" lon="-0.080281">
        <ele>1189.9</ele>
        <time>2016-04-05T08:29:03Z</time>
      </trkpt>
      <trkpt lat="40.669031" lon="-0.080496">
        <ele>1195.5</ele>
        <time>2016-04-05T08:29:16Z</time>
      </trkpt>
      <trkpt lat="40.668829" lon="-0.080569">
        <ele>1200.4</ele>
        <time>2016-04-05T08:29:23Z</time>
      </trkpt>
      <trkpt lat="40.668771" lon="-0.080583">
        <ele>1201.9</ele>
        <time>2016-04-05T08:29:25Z</time>
      </trkpt>
      <trkpt lat="40.668616" lon="-0.080583">
        <ele>1205.8</ele>
        <time>2016-04-05T08:29:31Z</time>
      </trkpt>
      <trkpt lat="40.668503" lon="-0.080523">
        <ele>1208.8</ele>
        <time>2016-04-05T08:29:36Z</time>
      </trkpt>
      <trkpt lat="40.668433" lon="-0.080422">
        <ele>1208.6</ele>
        <time>2016-04-05T08:29:39Z</time>
      </trkpt>
      <trkpt lat="40.668302" lon="-0.080412">
        <ele>1210.9</ele>
        <time>2016-04-05T08:29:44Z</time>
      </trkpt>
      <trkpt lat="40.668142" lon="-0.080419">
        <ele>1214.0</ele>
        <time>2016-04-05T08:29:50Z</time>
      </trkpt>
      <trkpt lat="40.667995" lon="-0.080415">
        <ele>1216.7</ele>
        <time>2016-04-05T08:29:55Z</time>
      </trkpt>
      <trkpt lat="40.667876" lon="-0.080322">
        <ele>1218.3</ele>
        <time>2016-04-05T08:30:00Z</time>
      </trkpt>
      <trkpt lat="40.667768" lon="-0.080205">
        <ele>1221.0</ele>
        <time>2016-04-05T08:30:05Z</time>
      </trkpt>
      <trkpt lat="40.667653" lon="-0.079999">
        <ele>1222.0</ele>
        <time>2016-04-05T08:30:12Z</time>
      </trkpt>
      <trkpt lat="40.667477" lon="-0.079710">
        <ele>1220.8</ele>
        <time>2016-04-05T08:30:23Z</time>
      </trkpt>
      <trkpt lat="40.667386" lon="-0.079530">
        <ele>1219.8</ele>
        <time>2016-04-05T08:30:29Z</time>
      </trkpt>
      <trkpt lat="40.667291" lon="-0.079428">
        <ele>1220.1</ele>
        <time>2016-04-05T08:30:33Z</time>
      </trkpt>
      <trkpt lat="40.667182" lon="-0.079257">
        <ele>1218.6</ele>
        <time>2016-04-05T08:30:39Z</time>
      </trkpt>
      <trkpt lat="40.666915" lon="-0.078883">
        <ele>1216.7</ele>
        <time>2016-04-05T08:30:53Z</time>
      </trkpt>
      <trkpt lat="40.666726" lon="-0.078707">
        <ele>1216.7</ele>
        <time>2016-04-05T08:31:02Z</time>
      </trkpt>
      <trkpt lat="40.666715" lon="-0.078707">
        <ele>1216.6</ele>
        <time>2016-04-05T08:31:02Z</time>
        <extensions>
          <gpxtpx:TrackPointExtension>
            <gpxtpx:hr>130</gpxtpx:hr>
          </gpxtpx:TrackPointExtension>
        </extensions>
      </trkpt>
      <trkpt lat="40.666551" lon="-0.078716">
        <ele>1215.5</ele>
        <time>2016-04-05T08:31:08Z</time>
        <extensions>
          <gpxtpx:TrackPointExtension>
            <gpxtpx:hr>127</gpxtpx:hr>
          </gpxtpx:TrackPointExtension>
        </extensions>
      </trkpt>
      <trkpt lat="40.666484" lon="-0.078716">
        <ele>1215.1</ele>
        <time>2016-04-05T08:31:11Z</time>
        <extensions>
          <gpxtpx:TrackPointExtension>
            <gpxtpx:hr>127</gpxtpx:hr>
          </gpxtpx:TrackPointExtension>
        </extensions>
      </trkpt>
      <trkpt lat="40.666400" lon="-0.078700">
        <ele>1214.8</ele>
        <time>2016-04-05T08:31:14Z</time>
        <extensions>
          <gpxtpx:TrackPointExtension>
            <gpxtpx:hr>129</gpxtpx:hr>
          </gpxtpx:TrackPointExtension>
        </extensions>
      </trkpt>
      <trkpt lat="40.666284" lon="-0.078716">
        <ele>1214.9</ele>
        <time>2016-04-05T08:31:18Z</time>
        <extensions>
          <gpxtpx:TrackPointExtension>
            <gpxtpx:hr>134</gpxtpx:hr>
          </gpxtpx:TrackPointExtension>
        </extensions>
      </trkpt>
      <trkpt lat="40.666251" lon="-0.078733">
        <ele>1214.9</ele>
        <time>2016-04-05T08:31:19Z</time>
        <extensions>
          <gpxtpx:TrackPointExtension>
            <gpxtpx:hr>134</gpxtpx:hr>
          </gpxtpx:TrackPointExtension>
        </extensions>
      </trkpt>
      <trkpt lat="40.666167" lon="-0.078749">
        <ele>1214.9</ele>
        <time>2016-04-05T08:31:22Z</time>
        <extensions>
          <gpxtpx:TrackPointExtension>
            <gpxtpx:hr>136</gpxtpx:hr>
          </gpxtpx:TrackPointExtension>
        </extensions>
      </trkpt>
      <trkpt lat="40.666100" lon="-0.078733">
        <ele>1215.3</ele>
        <time>2016-04-05T08:31:25Z</time>
        <extensions>
          <gpxtpx:TrackPointExtension>
            <gpxtpx:hr>139</gpxtpx:hr>
          </gpxtpx:TrackPointExtension>
        </extensions>
      </trkpt>
      <trkpt lat="40.666017" lon="-0.078749">
        <ele>1215.2</ele>
        <time>2016-04-05T08:31:28Z</time>
        <extensions>
          <gpxtpx:TrackPointExtension>
            <gpxtpx:hr>139</gpxtpx:hr>
          </gpxtpx:TrackPointExtension>
        </extensions>
      </trkpt>
      <trkpt lat="40.665951" lon="-0.078783">
        <ele>1214.7</ele>
        <time>2016-04-05T08:31:31Z</time>
        <extensions>
          <gpxtpx:TrackPointExtension>
            <gpxtpx:hr>139</gpxtpx:hr>
          </gpxtpx:TrackPointExtension>
        </extensions>
      </trkpt>
      <trkpt lat="40.665884" lon="-0.078800">
        <ele>1214.5</ele>
        <time>2016-04-05T08:31:33Z</time>
        <extensions>
          <gpxtpx:TrackPointExtension>
            <gpxtpx:hr>139</gpxtpx:hr>
          </gpxtpx:TrackPointExtension>
        </extensions>
      </trkpt>
      <trkpt lat="40.665817" lon="-0.078833">
        <ele>1214.2</ele>
        <time>2016-04-05T08:31:36Z</time>
        <extensions>
          <gpxtpx:TrackPointExtension>
            <gpxtpx:hr>140</gpxtpx:hr>
          </gpxtpx:TrackPointExtension>
        </extensions>
      </trkpt>
      <trkpt lat="40.665734" lon="-0.078833">
        <ele>1214.5</ele>
        <time>2016-04-05T08:31:39Z</time>
        <extensions>
          <gpxtpx:TrackPointExtension>
            <gpxtpx:hr>142</gpxtpx:hr>
          </gpxtpx:TrackPointExtension>
        </extensions>
      </trkpt>
      <trkpt lat="40.665650" lon="-0.078849">
        <ele>1214.3</ele>
        <time>2016-04-05T08:31:42Z</time>
        <extensions>
          <gpxtpx:TrackPointExtension>
            <gpxtpx:hr>143</gpxtpx:hr>
          </gpxtpx:TrackPointExtension>
        </extensions>
      </trkpt>
      <trkpt lat="40.665584" lon="-0.078866">
        <ele>1213.9</ele>
        <time>2016-04-05T08:31:44Z</time>
        <extensions>
          <gpxtpx:TrackPointExtension>
            <gpxtpx:hr>145</gpxtpx:hr>
          </gpxtpx:TrackPointExtension>
        </extensions>
      </trkpt>
      <trkpt lat="40.665501" lon="-0.078883">
        <ele>1213.2</ele>
        <time>2016-04-05T08:31:47Z</time>
        <extensions>
          <gpxtpx:TrackPointExtension>
            <gpxtpx:hr>146</gpxtpx:hr>
          </gpxtpx:TrackPointExtension>
        </extensions>
      </trkpt>
      <trkpt lat="40.665417" lon="-0.078899">
        <ele>1212.5</ele>
        <time>2016-04-05T08:31:50Z</time>
        <extensions>
          <gpxtpx:TrackPointExtension>
            <gpxtpx:hr>147</gpxtpx:hr>
          </gpxtpx:TrackPointExtension>
        </extensions>
      </trkpt>
      <trkpt lat="40.665334" lon="-0.078883">
        <ele>1212.1</ele>
        <time>2016-04-05T08:31:53Z</time>
        <extensions>
          <gpxtpx:TrackPointExtension>
            <gpxtpx:hr>147</gpxtpx:hr>
          </gpxtpx:TrackPointExtension>
        </extensions>
      </trkpt>
      <trkpt lat="40.665184" lon="-0.078866">
        <ele>1210.4</ele>
        <time>2016-04-05T08:31:59Z</time>
        <extensions>
          <gpxtpx:TrackPointExtension>
            <gpxtpx:hr>146</gpxtpx:hr>
          </gpxtpx:TrackPointExtension>
        </extensions>
      </trkpt>
      <trkpt lat="40.665184" lon="-0.078866">
        <ele>1210.4</ele>
        <time>2016-04-05T08:31:59Z</time>
        <extensions>
          <gpxtpx:TrackPointExtension>
            <gpxtpx:hr>146</gpxtpx:hr>
          </gpxtpx:TrackPointExtension>
        </extensions>
      </trkpt>
      <trkpt lat="40.665084" lon="-0.078833">
        <ele>1209.2</ele>
        <time>2016-04-05T08:32:03Z</time>
        <extensions>
          <gpxtpx:TrackPointExtension>
            <gpxtpx:hr>146</gpxtpx:hr>
          </gpxtpx:TrackPointExtension>
        </extensions>
      </trkpt>
      <trkpt lat="40.665000" lon="-0.078816">
        <ele>1208.1</ele>
        <time>2016-04-05T08:32:06Z</time>
        <extensions>
          <gpxtpx:TrackPointExtension>
            <gpxtpx:hr>145</gpxtpx:hr>
          </gpxtpx:TrackPointExtension>
        </extensions>
      </trkpt>
      <trkpt lat="40.664918" lon="-0.078800">
        <ele>1206.9</ele>
        <time>2016-04-05T08:32:09Z</time>
        <extensions>
          <gpxtpx:TrackPointExtension>
            <gpxtpx:hr>144</gpxtpx:hr>
          </gpxtpx:TrackPointExtension>
        </extensions>
      </trkpt>
      <trkpt lat="40.664851" lon="-0.078783">
        <ele>1205.9</ele>
        <time>2016-04-05T08:32:11Z</time>
        <extensions>
          <gpxtpx:TrackPointExtension>
            <gpxtpx:hr>143</gpxtpx:hr>
          </gpxtpx:TrackPointExtension>
        </extensions>
      </trkpt>
      <trkpt lat="40.664767" lon="-0.078749">
        <ele>1204.8</ele>
        <time>2016-04-05T08:32:14Z</time>
        <extensions>
          <gpxtpx:TrackPointExtension>
            <gpxtpx:hr>142</gpxtpx:hr>
          </gpxtpx:TrackPointExtension>
        </extensions>
      </trkpt>
      <trkpt lat="40.664701" lon="-0.078716">
        <ele>1204.0</ele>
        <time>2016-04-05T08:32:17Z</time>
        <extensions>
          <gpxtpx:TrackPointExtension>
            <gpxtpx:hr>143</gpxtpx:hr>
          </gpxtpx:TrackPointExtension>
        </extensions>
      </trkpt>
      <trkpt lat="40.664634" lon="-0.078666">
        <ele>1203.5</ele>
        <time>2016-04-05T08:32:20Z</time>
        <extensions>
          <gpxtpx:TrackPointExtension>
            <gpxtpx:hr>142</gpxtpx:hr>
          </gpxtpx:TrackPointExtension>
        </extensions>
      </trkpt>
      <trkpt lat="40.664550" lon="-0.078616">
        <ele>1203.0</ele>
        <time>2016-04-05T08:32:23Z</time>
        <extensions>
          <gpxtpx:TrackPointExtension>
            <gpxtpx:hr>142</gpxtpx:hr>
          </gpxtpx:TrackPointExtension>
        </extensions>
      </trkpt>
      <trkpt lat="40.664484" lon="-0.078566">
        <ele>1202.6</ele>
        <time>2016-04-05T08:32:26Z</time>
        <extensions>
          <gpxtpx:TrackPointExtension>
            <gpxtpx:hr>142</gpxtpx:hr>
          </gpxtpx:TrackPointExtension>
        </extensions>
      </trkpt>
      <trkpt lat="40.664417" lon="-0.078499">
        <ele>1202.0</ele>
        <time>2016-04-05T08:32:29Z</time>
        <extensions>
          <gpxtpx:TrackPointExtension>
            <gpxtpx:hr>142</gpxtpx:hr>
          </gpxtpx:TrackPointExtension>
        </extensions>
      </trkpt>
      <trkpt lat="40.664351" lon="-0.078433">
        <ele>1201.3</ele>
        <time>2016-04-05T08:32:32Z</time>
        <extensions>
          <gpxtpx:TrackPointExtension>
            <gpxtpx:hr>142</gpxtpx:hr>
          </gpxtpx:TrackPointExtension>
        </extensions>
      </trkpt>
      <trkpt lat="40.664234" lon="-0.078283">
        <ele>1199.8</ele>
        <time>2016-04-05T08:32:38Z</time>
        <extensions>
          <gpxtpx:TrackPointExtension>
            <gpxtpx:hr>141</gpxtpx:hr>
          </gpxtpx:TrackPointExtension>
        </extensions>
      </trkpt>
      <trkpt lat="40.664234" lon="-0.078283">
        <ele>1199.8</ele>
        <time>2016-04-05T08:32:38Z</time>
        <extensions>
          <gpxtpx:TrackPointExtension>
            <gpxtpx:hr>141</gpxtpx:hr>
          </gpxtpx:TrackPointExtension>
        </extensions>
      </trkpt>
      <trkpt lat="40.664151" lon="-0.078233">
        <ele>1198.8</ele>
        <time>2016-04-05T08:32:41Z</time>
        <extensions>
          <gpxtpx:TrackPointExtension>
            <gpxtpx:hr>140</gpxtpx:hr>
          </gpxtpx:TrackPointExtension>
        </extensions>
      </trkpt>
      <trkpt lat="40.664084" lon="-0.078166">
        <ele>1198.0</ele>
        <time>2016-04-05T08:32:44Z</time>
        <extensions>
          <gpxtpx:TrackPointExtension>
            <gpxtpx:hr>138</gpxtpx:hr>
          </gpxtpx:TrackPointExtension>
        </extensions>
      </trkpt>
      <trkpt lat="40.664034" lon="-0.078099">
        <ele>1197.7</ele>
        <time>2016-04-05T08:32:47Z</time>
        <extensions>
          <gpxtpx:TrackPointExtension>
            <gpxtpx:hr>137</gpxtpx:hr>
          </gpxtpx:TrackPointExtension>
        </extensions>
      </trkpt>
      <trkpt lat="40.663967" lon="-0.078049">
        <ele>1197.3</ele>
        <time>2016-04-05T08:32:50Z</time>
        <extensions>
          <gpxtpx:TrackPointExtension>
            <gpxtpx:hr>135</gpxtpx:hr>
          </gpxtpx:TrackPointExtension>
        </extensions>
      </trkpt>
      <trkpt lat="40.663901" lon="-0.077983">
        <ele>1197.0</ele>
        <time>2016-04-05T08:32:53Z</time>
        <extensions>
          <gpxtpx:TrackPointExtension>
            <gpxtpx:hr>135</gpxtpx:hr>
          </gpxtpx:TrackPointExtension>
        </extensions>
      </trkpt>
      <trkpt lat="40.663834" lon="-0.077916">
        <ele>1197.0</ele>
        <time>2016-04-05T08:32:56Z</time>
        <extensions>
          <gpxtpx:TrackPointExtension>
            <gpxtpx:hr>135</gpxtpx:hr>
          </gpxtpx:TrackPointExtension>
        </extensions>
      </trkpt>
      <trkpt lat="40.663767" lon="-0.077866">
        <ele>1197.3</ele>
        <time>2016-04-05T08:32:59Z</time>
        <extensions>
          <gpxtpx:TrackPointExtension>
            <gpxtpx:hr>135</gpxtpx:hr>
          </gpxtpx:TrackPointExtension>
        </extensions>
      </trkpt>
      <trkpt lat="40.663701" lon="-0.077816">
        <ele>1197.5</ele>
        <time>2016-04-05T08:33:01Z</time>
        <extensions>
          <gpxtpx:TrackPointExtension>
            <gpxtpx:hr>135</gpxtpx:hr>
          </gpxtpx:TrackPointExtension>
        </extensions>
      </trkpt>
      <trkpt lat="40.663617" lon="-0.077783">
        <ele>1197.7</ele>
        <time>2016-04-05T08:33:04Z</time>
        <extensions>
          <gpxtpx:TrackPointExtension>
            <gpxtpx:hr>136</gpxtpx:hr>
          </gpxtpx:TrackPointExtension>
        </extensions>
      </trkpt>
      <trkpt lat="40.663551" lon="-0.077749">
        <ele>1198.1</ele>
        <time>2016-04-05T08:33:07Z</time>
        <extensions>
          <gpxtpx:TrackPointExtension>
            <gpxtpx:hr>137</gpxtpx:hr>
          </gpxtpx:TrackPointExtension>
        </extensions>
      </trkpt>
      <trkpt lat="40.663484" lon="-0.077733">
        <ele>1198.2</ele>
        <time>2016-04-05T08:33:10Z</time>
        <extensions>
          <gpxtpx:TrackPointExtension>
            <gpxtpx:hr>139</gpxtpx:hr>
          </gpxtpx:TrackPointExtension>
        </extensions>
      </trkpt>
      <trkpt lat="40.663400" lon="-0.077700">
        <ele>1197.8</ele>
        <time>2016-04-05T08:33:13Z</time>
        <extensions>
          <gpxtpx:TrackPointExtension>
            <gpxtpx:hr>140</gpxtpx:hr>
          </gpxtpx:TrackPointExtension>
        </extensions>
      </trkpt>
      <trkpt lat="40.663334" lon="-0.077682">
        <ele>1197.5</ele>
        <time>2016-04-05T08:33:15Z</time>
        <extensions>
          <gpxtpx:TrackPointExtension>
            <gpxtpx:hr>140</gpxtpx:hr>
          </gpxtpx:TrackPointExtension>
        </extensions>
      </trkpt>
      <trkpt lat="40.663267" lon="-0.077649">
        <ele>1197.4</ele>
        <time>2016-04-05T08:33:18Z</time>
        <extensions>
          <gpxtpx:TrackPointExtension>
            <gpxtpx:hr>140</gpxtpx:hr>
          </gpxtpx:TrackPointExtension>
        </extensions>
      </trkpt>
      <trkpt lat="40.663217" lon="-0.077616">
        <ele>1197.5</ele>
        <time>2016-04-05T08:33:20Z</time>
        <extensions>
          <gpxtpx:TrackPointExtension>
            <gpxtpx:hr>141</gpxtpx:hr>
          </gpxtpx:TrackPointExtension>
        </extensions>
      </trkpt>
      <trkpt lat="40.663151" lon="-0.077566">
        <ele>1197.6</ele>
        <time>2016-04-05T08:33:23Z</time>
        <extensions>
          <gpxtpx:TrackPointExtension>
            <gpxtpx:hr>140</gpxtpx:hr>
          </gpxtpx:TrackPointExtension>
        </extensions>
      </trkpt>
      <trkpt lat="40.663067" lon="-0.077516">
        <ele>1197.4</ele>
        <time>2016-04-05T08:33:26Z</time>
        <extensions>
          <gpxtpx:TrackPointExtension>
            <gpxtpx:hr>141</gpxtpx:hr>
          </gpxtpx:TrackPointExtension>
        </extensions>
      </trkpt>
      <trkpt lat="40.662984" lon="-0.077483">
        <ele>1197.1</ele>
        <time>2016-04-05T08:33:29Z</time>
        <extensions>
          <gpxtpx:TrackPointExtension>
            <gpxtpx:hr>141</gpxtpx:hr>
          </gpxtpx:TrackPointExtension>
        </extensions>
      </trkpt>
      <trkpt lat="40.662850" lon="-0.077433">
        <ele>1196.5</ele>
        <time>2016-04-05T08:33:34Z</time>
        <extensions>
          <gpxtpx:TrackPointExtension>
            <gpxtpx:hr>143</gpxtpx:hr>
          </gpxtpx:TrackPointExtension>
        </extensions>
      </trkpt>
      <trkpt lat="40.662834" lon="-0.077433">
        <ele>1196.4</ele>
        <time>2016-04-05T08:33:35Z</time>
        <extensions>
          <gpxtpx:TrackPointExtension>
            <gpxtpx:hr>143</gpxtpx:hr>
          </gpxtpx:TrackPointExtension>
        </extensions>
      </trkpt>
      <trkpt lat="40.662750" lon="-0.077399">
        <ele>1195.8</ele>
        <time>2016-04-05T08:33:38Z</time>
        <extensions>
          <gpxtpx:TrackPointExtension>
            <gpxtpx:hr>144</gpxtpx:hr>
          </gpxtpx:TrackPointExtension>
        </extensions>
      </trkpt>
      <trkpt lat="40.662667" lon="-0.077366">
        <ele>1195.2</ele>
        <time>2016-04-05T08:33:41Z</time>
        <extensions>
          <gpxtpx:TrackPointExtension>
            <gpxtpx:hr>144</gpxtpx:hr>
          </gpxtpx:TrackPointExtension>
        </extensions>
      </trkpt>
      <trkpt lat="40.662584" lon="-0.077333">
        <ele>1194.5</ele>
        <time>2016-04-05T08:33:44Z</time>
        <extensions>
          <gpxtpx:TrackPointExtension>
            <gpxtpx:hr>146</gpxtpx:hr>
          </gpxtpx:TrackPointExtension>
        </extensions>
      </trkpt>
      <trkpt lat="40.662517" lon="-0.077283">
        <ele>1194.2</ele>
        <time>2016-04-05T08:33:47Z</time>
        <extensions>
          <gpxtpx:TrackPointExtension>
            <gpxtpx:hr>147</gpxtpx:hr>
          </gpxtpx:TrackPointExtension>
        </extensions>
      </trkpt>
      <trkpt lat="40.662451" lon="-0.077250">
        <ele>1193.7</ele>
        <time>2016-04-05T08:33:50Z</time>
        <extensions>
          <gpxtpx:TrackPointExtension>
            <gpxtpx:hr>149</gpxtpx:hr>
          </gpxtpx:TrackPointExtension>
        </extensions>
      </trkpt>
      <trkpt lat="40.662384" lon="-0.077199">
        <ele>1193.4</ele>
        <time>2016-04-05T08:33:52Z</time>
        <extensions>
          <gpxtpx:TrackPointExtension>
            <gpxtpx:hr>150</gpxtpx:hr>
          </gpxtpx:TrackPointExtension>
        </extensions>
      </trkpt>
      <trkpt lat="40.662301" lon="-0.077150">
        <ele>1192.7</ele>
        <time>2016-04-05T08:33:56Z</time>
        <extensions>
          <gpxtpx:TrackPointExtension>
            <gpxtpx:hr>150</gpxtpx:hr>
          </gpxtpx:TrackPointExtension>
        </extensions>
      </trkpt>
      <trkpt lat="40.662234" lon="-0.077066">
        <ele>1192.8</ele>
        <time>2016-04-05T08:33:59Z</time>
        <extensions>
          <gpxtpx:TrackPointExtension>
            <gpxtpx:hr>151</gpxtpx:hr>
          </gpxtpx:TrackPointExtension>
        </extensions>
      </trkpt>
      <trkpt lat="40.662184" lon="-0.077016">
        <ele>1192.8</ele>
        <time>2016-04-05T08:34:01Z</time>
        <extensions>
          <gpxtpx:TrackPointExtension>
            <gpxtpx:hr>151</gpxtpx:hr>
          </gpxtpx:TrackPointExtension>
        </extensions>
      </trkpt>
      <trkpt lat="40.662117" lon="-0.076949">
        <ele>1192.5</ele>
        <time>2016-04-05T08:34:04Z</time>
        <extensions>
          <gpxtpx:TrackPointExtension>
            <gpxtpx:hr>151</gpxtpx:hr>
          </gpxtpx:TrackPointExtension>
        </extensions>
      </trkpt>
      <trkpt lat="40.662050" lon="-0.076866">
        <ele>1191.1</ele>
        <time>2016-04-05T08:34:08Z</time>
        <extensions>
          <gpxtpx:TrackPointExtension>
            <gpxtpx:hr>152</gpxtpx:hr>
          </gpxtpx:TrackPointExtension>
        </extensions>
      </trkpt>
      <trkpt lat="40.662001" lon="-0.076800">
        <ele>1190.3</ele>
        <time>2016-04-05T08:34:10Z</time>
        <extensions>
          <gpxtpx:TrackPointExtension>
            <gpxtpx:hr>152</gpxtpx:hr>
          </gpxtpx:TrackPointExtension>
        </extensions>
      </trkpt>
      <trkpt lat="40.661901" lon="-0.076650">
        <ele>1188.9</ele>
        <time>2016-04-05T08:34:16Z</time>
        <extensions>
          <gpxtpx:TrackPointExtension>
            <gpxtpx:hr>151</gpxtpx:hr>
          </gpxtpx:TrackPointExtension>
        </extensions>
      </trkpt>
      <trkpt lat="40.661884" lon="-0.076650">
        <ele>1188.5</ele>
        <time>2016-04-05T08:34:16Z</time>
        <extensions>
          <gpxtpx:TrackPointExtension>
            <gpxtpx:hr>151</gpxtpx:hr>
          </gpxtpx:TrackPointExtension>
        </extensions>
      </trkpt>
      <trkpt lat="40.661817" lon="-0.076583">
        <ele>1187.6</ele>
        <time>2016-04-05T08:34:20Z</time>
        <extensions>
          <gpxtpx:TrackPointExtension>
            <gpxtpx:hr>150</gpxtpx:hr>
          </gpxtpx:TrackPointExtension>
        </extensions>
      </trkpt>
      <trkpt lat="40.661750" lon="-0.076516">
        <ele>1186.7</ele>
        <time>2016-04-05T08:34:23Z</time>
        <extensions>
          <gpxtpx:TrackPointExtension>
            <gpxtpx:hr>148</gpxtpx:hr>
          </gpxtpx:TrackPointExtension>
        </extensions>
      </trkpt>
      <trkpt lat="40.661684" lon="-0.076449">
        <ele>1185.7</ele>
        <time>2016-04-05T08:34:26Z</time>
        <extensions>
          <gpxtpx:TrackPointExtension>
            <gpxtpx:hr>146</gpxtpx:hr>
          </gpxtpx:TrackPointExtension>
        </extensions>
      </trkpt>
      <trkpt lat="40.661617" lon="-0.076383">
        <ele>1184.7</ele>
        <time>2016-04-05T08:34:29Z</time>
        <extensions>
          <gpxtpx:TrackPointExtension>
            <gpxtpx:hr>145</gpxtpx:hr>
          </gpxtpx:TrackPointExtension>
        </extensions>
      </trkpt>
      <trkpt lat="40.661551" lon="-0.076332">
        <ele>1183.7</ele>
        <time>2016-04-05T08:34:31Z</time>
        <extensions>
          <gpxtpx:TrackPointExtension>
            <gpxtpx:hr>144</gpxtpx:hr>
          </gpxtpx:TrackPointExtension>
        </extensions>
      </trkpt>
      <trkpt lat="40.661467" lon="-0.076299">
        <ele>1182.3</ele>
        <time>2016-04-05T08:34:35Z</time>
        <extensions>
          <gpxtpx:TrackPointExtension>
            <gpxtpx:hr>144</gpxtpx:hr>
          </gpxtpx:TrackPointExtension>
        </extensions>
      </trkpt>
      <trkpt lat="40.661400" lon="-0.076266">
        <ele>1181.3</ele>
        <time>2016-04-05T08:34:37Z</time>
        <extensions>
          <gpxtpx:TrackPointExtension>
            <gpxtpx:hr>145</gpxtpx:hr>
          </gpxtpx:TrackPointExtension>
        </extensions>
      </trkpt>
      <trkpt lat="40.661334" lon="-0.076199">
        <ele>1180.9</ele>
        <time>2016-04-05T08:34:40Z</time>
        <extensions>
          <gpxtpx:TrackPointExtension>
            <gpxtpx:hr>145</gpxtpx:hr>
          </gpxtpx:TrackPointExtension>
        </extensions>
      </trkpt>
      <trkpt lat="40.661267" lon="-0.076150">
        <ele>1180.5</ele>
        <time>2016-04-05T08:34:43Z</time>
        <extensions>
          <gpxtpx:TrackPointExtension>
            <gpxtpx:hr>146</gpxtpx:hr>
          </gpxtpx:TrackPointExtension>
        </extensions>
      </trkpt>
      <trkpt lat="40.661200" lon="-0.076116">
        <ele>1180.2</ele>
        <time>2016-04-05T08:34:46Z</time>
        <extensions>
          <gpxtpx:TrackPointExtension>
            <gpxtpx:hr>146</gpxtpx:hr>
          </gpxtpx:TrackPointExtension>
        </extensions>
      </trkpt>
      <trkpt lat="40.661134" lon="-0.076066">
        <ele>1180.3</ele>
        <time>2016-04-05T08:34:48Z</time>
        <extensions>
          <gpxtpx:TrackPointExtension>
            <gpxtpx:hr>147</gpxtpx:hr>
          </gpxtpx:TrackPointExtension>
        </extensions>
      </trkpt>
      <trkpt lat="40.661050" lon="-0.076033">
        <ele>1179.9</ele>
        <time>2016-04-05T08:34:52Z</time>
        <extensions>
          <gpxtpx:TrackPointExtension>
            <gpxtpx:hr>147</gpxtpx:hr>
          </gpxtpx:TrackPointExtension>
        </extensions>
      </trkpt>
      <trkpt lat="40.660967" lon="-0.075983">
        <ele>1180.2</ele>
        <time>2016-04-05T08:34:55Z</time>
        <extensions>
          <gpxtpx:TrackPointExtension>
            <gpxtpx:hr>148</gpxtpx:hr>
          </gpxtpx:TrackPointExtension>
        </extensions>
      </trkpt>
      <trkpt lat="40.660901" lon="-0.075949">
        <ele>1180.9</ele>
        <time>2016-04-05T08:34:58Z</time>
        <extensions>
          <gpxtpx:TrackPointExtension>
            <gpxtpx:hr>149</gpxtpx:hr>
          </gpxtpx:TrackPointExtension>
        </extensions>
      </trkpt>
      <trkpt lat="40.660817" lon="-0.075916">
        <ele>1182.4</ele>
        <time>2016-04-05T08:35:01Z</time>
        <extensions>
          <gpxtpx:TrackPointExtension>
            <gpxtpx:hr>150</gpxtpx:hr>
          </gpxtpx:TrackPointExtension>
        </extensions>
      </trkpt>
      <trkpt lat="40.660750" lon="-0.075883">
        <ele>1184.1</ele>
        <time>2016-04-05T08:35:03Z</time>
        <extensions>
          <gpxtpx:TrackPointExtension>
            <gpxtpx:hr>149</gpxtpx:hr>
          </gpxtpx:TrackPointExtension>
        </extensions>
      </trkpt>
      <trkpt lat="40.660684" lon="-0.075883">
        <ele>1184.1</ele>
        <time>2016-04-05T08:35:06Z</time>
        <extensions>
          <gpxtpx:TrackPointExtension>
            <gpxtpx:hr>149</gpxtpx:hr>
          </gpxtpx:TrackPointExtension>
        </extensions>
      </trkpt>
      <trkpt lat="40.660617" lon="-0.075883">
        <ele>1184.0</ele>
        <time>2016-04-05T08:35:08Z</time>
        <extensions>
          <gpxtpx:TrackPointExtension>
            <gpxtpx:hr>147</gpxtpx:hr>
          </gpxtpx:TrackPointExtension>
        </extensions>
      </trkpt>
      <trkpt lat="40.660517" lon="-0.075966">
        <ele>1181.9</ele>
        <time>2016-04-05T08:35:12Z</time>
        <extensions>
          <gpxtpx:TrackPointExtension>
            <gpxtpx:hr>147</gpxtpx:hr>
          </gpxtpx:TrackPointExtension>
        </extensions>
      </trkpt>
      <trkpt lat="40.660484" lon="-0.076000">
        <ele>1181.0</ele>
        <time>2016-04-05T08:35:14Z</time>
        <extensions>
          <gpxtpx:TrackPointExtension>
            <gpxtpx:hr>147</gpxtpx:hr>
          </gpxtpx:TrackPointExtension>
        </extensions>
      </trkpt>
      <trkpt lat="40.660417" lon="-0.076050">
        <ele>1180.6</ele>
        <time>2016-04-05T08:35:17Z</time>
        <extensions>
          <gpxtpx:TrackPointExtension>
            <gpxtpx:hr>147</gpxtpx:hr>
          </gpxtpx:TrackPointExtension>
        </extensions>
      </trkpt>
      <trkpt lat="40.660367" lon="-0.076083">
        <ele>1180.6</ele>
        <time>2016-04-05T08:35:19Z</time>
        <extensions>
          <gpxtpx:TrackPointExtension>
            <gpxtpx:hr>148</gpxtpx:hr>
          </gpxtpx:TrackPointExtension>
        </extensions>
      </trkpt>
      <trkpt lat="40.660300" lon="-0.076116">
        <ele>1180.4</ele>
        <time>2016-04-05T08:35:21Z</time>
        <extensions>
          <gpxtpx:TrackPointExtension>
            <gpxtpx:hr>149</gpxtpx:hr>
          </gpxtpx:TrackPointExtension>
        </extensions>
      </trkpt>
      <trkpt lat="40.660234" lon="-0.076133">
        <ele>1180.7</ele>
        <time>2016-04-05T08:35:24Z</time>
        <extensions>
          <gpxtpx:TrackPointExtension>
            <gpxtpx:hr>151</gpxtpx:hr>
          </gpxtpx:TrackPointExtension>
        </extensions>
      </trkpt>
      <trkpt lat="40.660150" lon="-0.076199">
        <ele>1179.5</ele>
        <time>2016-04-05T08:35:27Z</time>
        <extensions>
          <gpxtpx:TrackPointExtension>
            <gpxtpx:hr>153</gpxtpx:hr>
          </gpxtpx:TrackPointExtension>
        </extensions>
      </trkpt>
      <trkpt lat="40.660084" lon="-0.076232">
        <ele>1179.0</ele>
        <time>2016-04-05T08:35:30Z</time>
        <extensions>
          <gpxtpx:TrackPointExtension>
            <gpxtpx:hr>154</gpxtpx:hr>
          </gpxtpx:TrackPointExtension>
        </extensions>
      </trkpt>
      <trkpt lat="40.659984" lon="-0.076232">
        <ele>1179.8</ele>
        <time>2016-04-05T08:35:34Z</time>
        <extensions>
          <gpxtpx:TrackPointExtension>
            <gpxtpx:hr>156</gpxtpx:hr>
          </gpxtpx:TrackPointExtension>
        </extensions>
      </trkpt>
      <trkpt lat="40.659917" lon="-0.076283">
        <ele>1179.0</ele>
        <time>2016-04-05T08:35:36Z</time>
        <extensions>
          <gpxtpx:TrackPointExtension>
            <gpxtpx:hr>157</gpxtpx:hr>
          </gpxtpx:TrackPointExtension>
        </extensions>
      </trkpt>
      <trkpt lat="40.659851" lon="-0.076349">
        <ele>1177.8</ele>
        <time>2016-04-05T08:35:39Z</time>
        <extensions>
          <gpxtpx:TrackPointExtension>
            <gpxtpx:hr>157</gpxtpx:hr>
          </gpxtpx:TrackPointExtension>
        </extensions>
      </trkpt>
      <trkpt lat="40.659768" lon="-0.076399">
        <ele>1176.6</ele>
        <time>2016-04-05T08:35:43Z</time>
        <extensions>
          <gpxtpx:TrackPointExtension>
            <gpxtpx:hr>154</gpxtpx:hr>
          </gpxtpx:TrackPointExtension>
        </extensions>
      </trkpt>
      <trkpt lat="40.659684" lon="-0.076416">
        <ele>1174.9</ele>
        <time>2016-04-05T08:35:46Z</time>
        <extensions>
          <gpxtpx:TrackPointExtension>
            <gpxtpx:hr>152</gpxtpx:hr>
          </gpxtpx:TrackPointExtension>
        </extensions>
      </trkpt>
      <trkpt lat="40.659550" lon="-0.076466">
        <ele>1172.0</ele>
        <time>2016-04-05T08:35:51Z</time>
        <extensions>
          <gpxtpx:TrackPointExtension>
            <gpxtpx:hr>149</gpxtpx:hr>
          </gpxtpx:TrackPointExtension>
        </extensions>
      </trkpt>
      <trkpt lat="40.659534" lon="-0.076466">
        <ele>1171.5</ele>
        <time>2016-04-05T08:35:52Z</time>
        <extensions>
          <gpxtpx:TrackPointExtension>
            <gpxtpx:hr>148</gpxtpx:hr>
          </gpxtpx:TrackPointExtension>
        </extensions>
      </trkpt>
      <trkpt lat="40.659451" lon="-0.076499">
        <ele>1170.0</ele>
        <time>2016-04-05T08:35:55Z</time>
        <extensions>
          <gpxtpx:TrackPointExtension>
            <gpxtpx:hr>147</gpxtpx:hr>
          </gpxtpx:TrackPointExtension>
        </extensions>
      </trkpt>
      <trkpt lat="40.659367" lon="-0.076533">
        <ele>1168.6</ele>
        <time>2016-04-05T08:35:58Z</time>
        <extensions>
          <gpxtpx:TrackPointExtension>
            <gpxtpx:hr>146</gpxtpx:hr>
          </gpxtpx:TrackPointExtension>
        </extensions>
      </trkpt>
      <trkpt lat="40.659284" lon="-0.076566">
        <ele>1167.7</ele>
        <time>2016-04-05T08:36:01Z</time>
        <extensions>
          <gpxtpx:TrackPointExtension>
            <gpxtpx:hr>148</gpxtpx:hr>
          </gpxtpx:TrackPointExtension>
        </extensions>
      </trkpt>
      <trkpt lat="40.659218" lon="-0.076616">
        <ele>1167.5</ele>
        <time>2016-04-05T08:36:04Z</time>
        <extensions>
          <gpxtpx:TrackPointExtension>
            <gpxtpx:hr>149</gpxtpx:hr>
          </gpxtpx:TrackPointExtension>
        </extensions>
      </trkpt>
      <trkpt lat="40.659134" lon="-0.076666">
        <ele>1166.9</ele>
        <time>2016-04-05T08:36:07Z</time>
        <extensions>
          <gpxtpx:TrackPointExtension>
            <gpxtpx:hr>151</gpxtpx:hr>
          </gpxtpx:TrackPointExtension>
        </extensions>
      </trkpt>
      <trkpt lat="40.659068" lon="-0.076716">
        <ele>1166.3</ele>
        <time>2016-04-05T08:36:10Z</time>
        <extensions>
          <gpxtpx:TrackPointExtension>
            <gpxtpx:hr>151</gpxtpx:hr>
          </gpxtpx:TrackPointExtension>
        </extensions>
      </trkpt>
      <trkpt lat="40.658984" lon="-0.076766">
        <ele>1165.3</ele>
        <time>2016-04-05T08:36:13Z</time>
        <extensions>
          <gpxtpx:TrackPointExtension>
            <gpxtpx:hr>151</gpxtpx:hr>
          </gpxtpx:TrackPointExtension>
        </extensions>
      </trkpt>
      <trkpt lat="40.658917" lon="-0.076800">
        <ele>1165.0</ele>
        <time>2016-04-05T08:36:16Z</time>
        <extensions>
          <gpxtpx:TrackPointExtension>
            <gpxtpx:hr>151</gpxtpx:hr>
          </gpxtpx:TrackPointExtension>
        </extensions>
      </trkpt>
      <trkpt lat="40.658768" lon="-0.076833">
        <ele>1163.4</ele>
        <time>2016-04-05T08:36:21Z</time>
        <extensions>
          <gpxtpx:TrackPointExtension>
            <gpxtpx:hr>150</gpxtpx:hr>
          </gpxtpx:TrackPointExtension>
        </extensions>
      </trkpt>
      <trkpt lat="40.658751" lon="-0.076833">
        <ele>1163.2</ele>
        <time>2016-04-05T08:36:22Z</time>
        <extensions>
          <gpxtpx:TrackPointExtension>
            <gpxtpx:hr>150</gpxtpx:hr>
          </gpxtpx:TrackPointExtension>
        </extensions>
      </trkpt>
      <trkpt lat="40.658668" lon="-0.076833">
        <ele>1161.6</ele>
        <time>2016-04-05T08:36:25Z</time>
        <extensions>
          <gpxtpx:TrackPointExtension>
            <gpxtpx:hr>150</gpxtpx:hr>
          </gpxtpx:TrackPointExtension>
        </extensions>
      </trkpt>
      <trkpt lat="40.658601" lon="-0.076899">
        <ele>1160.8</ele>
        <time>2016-04-05T08:36:28Z</time>
        <extensions>
          <gpxtpx:TrackPointExtension>
            <gpxtpx:hr>151</gpxtpx:hr>
          </gpxtpx:TrackPointExtension>
        </extensions>
      </trkpt>
      <trkpt lat="40.658518" lon="-0.076933">
        <ele>1159.6</ele>
        <time>2016-04-05T08:36:31Z</time>
        <extensions>
          <gpxtpx:TrackPointExtension>
            <gpxtpx:hr>153</gpxtpx:hr>
          </gpxtpx:TrackPointExtension>
        </extensions>
      </trkpt>
      <trkpt lat="40.658451" lon="-0.077016">
        <ele>1158.3</ele>
        <time>2016-04-05T08:36:35Z</time>
        <extensions>
          <gpxtpx:TrackPointExtension>
            <gpxtpx:hr>155</gpxtpx:hr>
          </gpxtpx:TrackPointExtension>
        </extensions>
      </trkpt>
      <trkpt lat="40.658384" lon="-0.077083">
        <ele>1156.8</ele>
        <time>2016-04-05T08:36:38Z</time>
        <extensions>
          <gpxtpx:TrackPointExtension>
            <gpxtpx:hr>155</gpxtpx:hr>
          </gpxtpx:TrackPointExtension>
        </extensions>
      </trkpt>
      <trkpt lat="40.658317" lon="-0.077149">
        <ele>1155.5</ele>
        <time>2016-04-05T08:36:41Z</time>
        <extensions>
          <gpxtpx:TrackPointExtension>
            <gpxtpx:hr>154</gpxtpx:hr>
          </gpxtpx:TrackPointExtension>
        </extensions>
      </trkpt>
      <trkpt lat="40.658251" lon="-0.077233">
        <ele>1153.8</ele>
        <time>2016-04-05T08:36:44Z</time>
        <extensions>
          <gpxtpx:TrackPointExtension>
            <gpxtpx:hr>154</gpxtpx:hr>
          </gpxtpx:TrackPointExtension>
        </extensions>
      </trkpt>
      <trkpt lat="40.658134" lon="-0.077350">
        <ele>1151.7</ele>
        <time>2016-04-05T08:36:49Z</time>
        <extensions>
          <gpxtpx:TrackPointExtension>
            <gpxtpx:hr>156</gpxtpx:hr>
          </gpxtpx:TrackPointExtension>
        </extensions>
      </trkpt>
      <trkpt lat="40.658117" lon="-0.077366">
        <ele>1151.5</ele>
        <time>2016-04-05T08:36:50Z</time>
        <extensions>
          <gpxtpx:TrackPointExtension>
            <gpxtpx:hr>156</gpxtpx:hr>
          </gpxtpx:TrackPointExtension>
        </extensions>
      </trkpt>
      <trkpt lat="40.658051" lon="-0.077450">
        <ele>1150.7</ele>
        <time>2016-04-05T08:36:53Z</time>
        <extensions>
          <gpxtpx:TrackPointExtension>
            <gpxtpx:hr>158</gpxtpx:hr>
          </gpxtpx:TrackPointExtension>
        </extensions>
      </trkpt>
      <trkpt lat="40.658001" lon="-0.077533">
        <ele>1149.9</ele>
        <time>2016-04-05T08:36:56Z</time>
        <extensions>
          <gpxtpx:TrackPointExtension>
            <gpxtpx:hr>159</gpxtpx:hr>
          </gpxtpx:TrackPointExtension>
        </extensions>
      </trkpt>
      <trkpt lat="40.657951" lon="-0.077616">
        <ele>1149.0</ele>
        <time>2016-04-05T08:36:59Z</time>
        <extensions>
          <gpxtpx:TrackPointExtension>
            <gpxtpx:hr>160</gpxtpx:hr>
          </gpxtpx:TrackPointExtension>
        </extensions>
      </trkpt>
      <trkpt lat="40.657884" lon="-0.077666">
        <ele>1147.5</ele>
        <time>2016-04-05T08:37:02Z</time>
        <extensions>
          <gpxtpx:TrackPointExtension>
            <gpxtpx:hr>157</gpxtpx:hr>
          </gpxtpx:TrackPointExtension>
        </extensions>
      </trkpt>
      <trkpt lat="40.657817" lon="-0.077716">
        <ele>1145.9</ele>
        <time>2016-04-05T08:37:05Z</time>
        <extensions>
          <gpxtpx:TrackPointExtension>
            <gpxtpx:hr>153</gpxtpx:hr>
          </gpxtpx:TrackPointExtension>
        </extensions>
      </trkpt>
      <trkpt lat="40.657734" lon="-0.077750">
        <ele>1142.8</ele>
        <time>2016-04-05T08:37:08Z</time>
        <extensions>
          <gpxtpx:TrackPointExtension>
            <gpxtpx:hr>150</gpxtpx:hr>
          </gpxtpx:TrackPointExtension>
        </extensions>
      </trkpt>
      <trkpt lat="40.657584" lon="-0.077799">
        <ele>1139.2</ele>
        <time>2016-04-05T08:37:14Z</time>
        <extensions>
          <gpxtpx:TrackPointExtension>
            <gpxtpx:hr>146</gpxtpx:hr>
          </gpxtpx:TrackPointExtension>
        </extensions>
      </trkpt>
      <trkpt lat="40.657567" lon="-0.077816">
        <ele>1138.9</ele>
        <time>2016-04-05T08:37:14Z</time>
        <extensions>
          <gpxtpx:TrackPointExtension>
            <gpxtpx:hr>146</gpxtpx:hr>
          </gpxtpx:TrackPointExtension>
        </extensions>
      </trkpt>
      <trkpt lat="40.657501" lon="-0.077883">
        <ele>1137.5</ele>
        <time>2016-04-05T08:37:18Z</time>
        <extensions>
          <gpxtpx:TrackPointExtension>
            <gpxtpx:hr>145</gpxtpx:hr>
          </gpxtpx:TrackPointExtension>
        </extensions>
      </trkpt>
      <trkpt lat="40.657418" lon="-0.077900">
        <ele>1135.7</ele>
        <time>2016-04-05T08:37:21Z</time>
        <extensions>
          <gpxtpx:TrackPointExtension>
            <gpxtpx:hr>143</gpxtpx:hr>
          </gpxtpx:TrackPointExtension>
        </extensions>
      </trkpt>
      <trkpt lat="40.657334" lon="-0.077900">
        <ele>1134.0</ele>
        <time>2016-04-05T08:37:24Z</time>
        <extensions>
          <gpxtpx:TrackPointExtension>
            <gpxtpx:hr>141</gpxtpx:hr>
          </gpxtpx:TrackPointExtension>
        </extensions>
      </trkpt>
      <trkpt lat="40.657251" lon="-0.077883">
        <ele>1132.5</ele>
        <time>2016-04-05T08:37:27Z</time>
        <extensions>
          <gpxtpx:TrackPointExtension>
            <gpxtpx:hr>136</gpxtpx:hr>
          </gpxtpx:TrackPointExtension>
        </extensions>
      </trkpt>
      <trkpt lat="40.657167" lon="-0.077866">
        <ele>1131.1</ele>
        <time>2016-04-05T08:37:30Z</time>
        <extensions>
          <gpxtpx:TrackPointExtension>
            <gpxtpx:hr>140</gpxtpx:hr>
          </gpxtpx:TrackPointExtension>
        </extensions>
      </trkpt>
      <trkpt lat="40.657084" lon="-0.077850">
        <ele>1129.7</ele>
        <time>2016-04-05T08:37:33Z</time>
        <extensions>
          <gpxtpx:TrackPointExtension>
            <gpxtpx:hr>142</gpxtpx:hr>
          </gpxtpx:TrackPointExtension>
        </extensions>
      </trkpt>
      <trkpt lat="40.656917" lon="-0.077799">
        <ele>1127.4</ele>
        <time>2016-04-05T08:37:39Z</time>
        <extensions>
          <gpxtpx:TrackPointExtension>
            <gpxtpx:hr>143</gpxtpx:hr>
          </gpxtpx:TrackPointExtension>
        </extensions>
      </trkpt>
      <trkpt lat="40.656917" lon="-0.077799">
        <ele>1127.4</ele>
        <time>2016-04-05T08:37:39Z</time>
        <extensions>
          <gpxtpx:TrackPointExtension>
            <gpxtpx:hr>143</gpxtpx:hr>
          </gpxtpx:TrackPointExtension>
        </extensions>
      </trkpt>
      <trkpt lat="40.656834" lon="-0.077783">
        <ele>1126.7</ele>
        <time>2016-04-05T08:37:42Z</time>
        <extensions>
          <gpxtpx:TrackPointExtension>
            <gpxtpx:hr>142</gpxtpx:hr>
          </gpxtpx:TrackPointExtension>
        </extensions>
      </trkpt>
      <trkpt lat="40.656750" lon="-0.077766">
        <ele>1125.8</ele>
        <time>2016-04-05T08:37:45Z</time>
        <extensions>
          <gpxtpx:TrackPointExtension>
            <gpxtpx:hr>141</gpxtpx:hr>
          </gpxtpx:TrackPointExtension>
        </extensions>
      </trkpt>
      <trkpt lat="40.656667" lon="-0.077799">
        <ele>1125.2</ele>
        <time>2016-04-05T08:37:48Z</time>
        <extensions>
          <gpxtpx:TrackPointExtension>
            <gpxtpx:hr>138</gpxtpx:hr>
          </gpxtpx:TrackPointExtension>
        </extensions>
      </trkpt>
      <trkpt lat="40.656584" lon="-0.077816">
        <ele>1124.1</ele>
        <time>2016-04-05T08:37:51Z</time>
        <extensions>
          <gpxtpx:TrackPointExtension>
            <gpxtpx:hr>138</gpxtpx:hr>
          </gpxtpx:TrackPointExtension>
        </extensions>
      </trkpt>
      <trkpt lat="40.656501" lon="-0.077783">
        <ele>1122.8</ele>
        <time>2016-04-05T08:37:55Z</time>
        <extensions>
          <gpxtpx:TrackPointExtension>
            <gpxtpx:hr>136</gpxtpx:hr>
          </gpxtpx:TrackPointExtension>
        </extensions>
      </trkpt>
      <trkpt lat="40.656417" lon="-0.077766">
        <ele>1121.3</ele>
        <time>2016-04-05T08:37:58Z</time>
        <extensions>
          <gpxtpx:TrackPointExtension>
            <gpxtpx:hr>135</gpxtpx:hr>
          </gpxtpx:TrackPointExtension>
        </extensions>
      </trkpt>
      <trkpt lat="40.656334" lon="-0.077767">
        <ele>1120.0</ele>
        <time>2016-04-05T08:38:01Z</time>
        <extensions>
          <gpxtpx:TrackPointExtension>
            <gpxtpx:hr>135</gpxtpx:hr>
          </gpxtpx:TrackPointExtension>
        </extensions>
      </trkpt>
      <trkpt lat="40.656184" lon="-0.077800">
        <ele>1119.0</ele>
        <time>2016-04-05T08:38:06Z</time>
        <extensions>
          <gpxtpx:TrackPointExtension>
            <gpxtpx:hr>133</gpxtpx:hr>
          </gpxtpx:TrackPointExtension>
        </extensions>
      </trkpt>
      <trkpt lat="40.656167" lon="-0.077800">
        <ele>1118.9</ele>
        <time>2016-04-05T08:38:07Z</time>
        <extensions>
          <gpxtpx:TrackPointExtension>
            <gpxtpx:hr>133</gpxtpx:hr>
          </gpxtpx:TrackPointExtension>
        </extensions>
      </trkpt>
      <trkpt lat="40.656084" lon="-0.077816">
        <ele>1118.3</ele>
        <time>2016-04-05T08:38:10Z</time>
        <extensions>
          <gpxtpx:TrackPointExtension>
            <gpxtpx:hr>131</gpxtpx:hr>
          </gpxtpx:TrackPointExtension>
        </extensions>
      </trkpt>
      <trkpt lat="40.656001" lon="-0.077833">
        <ele>1117.8</ele>
        <time>2016-04-05T08:38:13Z</time>
        <extensions>
          <gpxtpx:TrackPointExtension>
            <gpxtpx:hr>131</gpxtpx:hr>
          </gpxtpx:TrackPointExtension>
        </extensions>
      </trkpt>
      <trkpt lat="40.655917" lon="-0.077850">
        <ele>1117.2</ele>
        <time>2016-04-05T08:38:16Z</time>
        <extensions>
          <gpxtpx:TrackPointExtension>
            <gpxtpx:hr>131</gpxtpx:hr>
          </gpxtpx:TrackPointExtension>
        </extensions>
      </trkpt>
      <trkpt lat="40.655851" lon="-0.077866">
        <ele>1116.7</ele>
        <time>2016-04-05T08:38:18Z</time>
        <extensions>
          <gpxtpx:TrackPointExtension>
            <gpxtpx:hr>130</gpxtpx:hr>
          </gpxtpx:TrackPointExtension>
        </extensions>
      </trkpt>
      <trkpt lat="40.655767" lon="-0.077899">
        <ele>1116.1</ele>
        <time>2016-04-05T08:38:22Z</time>
        <extensions>
          <gpxtpx:TrackPointExtension>
            <gpxtpx:hr>130</gpxtpx:hr>
          </gpxtpx:TrackPointExtension>
        </extensions>
      </trkpt>
      <trkpt lat="40.655684" lon="-0.077916">
        <ele>1115.6</ele>
        <time>2016-04-05T08:38:25Z</time>
        <extensions>
          <gpxtpx:TrackPointExtension>
            <gpxtpx:hr>130</gpxtpx:hr>
          </gpxtpx:TrackPointExtension>
        </extensions>
      </trkpt>
      <trkpt lat="40.655601" lon="-0.077916">
        <ele>1114.9</ele>
        <time>2016-04-05T08:38:28Z</time>
        <extensions>
          <gpxtpx:TrackPointExtension>
            <gpxtpx:hr>133</gpxtpx:hr>
          </gpxtpx:TrackPointExtension>
        </extensions>
      </trkpt>
      <trkpt lat="40.655534" lon="-0.077916">
        <ele>1114.7</ele>
        <time>2016-04-05T08:38:30Z</time>
        <extensions>
          <gpxtpx:TrackPointExtension>
            <gpxtpx:hr>135</gpxtpx:hr>
          </gpxtpx:TrackPointExtension>
        </extensions>
      </trkpt>
      <trkpt lat="40.655451" lon="-0.077950">
        <ele>1115.0</ele>
        <time>2016-04-05T08:38:33Z</time>
        <extensions>
          <gpxtpx:TrackPointExtension>
            <gpxtpx:hr>137</gpxtpx:hr>
          </gpxtpx:TrackPointExtension>
        </extensions>
      </trkpt>
      <trkpt lat="40.655367" lon="-0.077966">
        <ele>1114.8</ele>
        <time>2016-04-05T08:38:36Z</time>
        <extensions>
          <gpxtpx:TrackPointExtension>
            <gpxtpx:hr>138</gpxtpx:hr>
          </gpxtpx:TrackPointExtension>
        </extensions>
      </trkpt>
      <trkpt lat="40.655284" lon="-0.077966">
        <ele>1114.4</ele>
        <time>2016-04-05T08:38:39Z</time>
        <extensions>
          <gpxtpx:TrackPointExtension>
            <gpxtpx:hr>140</gpxtpx:hr>
          </gpxtpx:TrackPointExtension>
        </extensions>
      </trkpt>
      <trkpt lat="40.655217" lon="-0.077950">
        <ele>1113.6</ele>
        <time>2016-04-05T08:38:42Z</time>
        <extensions>
          <gpxtpx:TrackPointExtension>
            <gpxtpx:hr>142</gpxtpx:hr>
          </gpxtpx:TrackPointExtension>
        </extensions>
      </trkpt>
      <trkpt lat="40.655134" lon="-0.077950">
        <ele>1112.4</ele>
        <time>2016-04-05T08:38:45Z</time>
        <extensions>
          <gpxtpx:TrackPointExtension>
            <gpxtpx:hr>144</gpxtpx:hr>
          </gpxtpx:TrackPointExtension>
        </extensions>
      </trkpt>
      <trkpt lat="40.654968" lon="-0.077916">
        <ele>1111.8</ele>
        <time>2016-04-05T08:38:51Z</time>
        <extensions>
          <gpxtpx:TrackPointExtension>
            <gpxtpx:hr>144</gpxtpx:hr>
          </gpxtpx:TrackPointExtension>
        </extensions>
      </trkpt>
      <trkpt lat="40.654968" lon="-0.077916">
        <ele>1111.8</ele>
        <time>2016-04-05T08:38:51Z</time>
        <extensions>
          <gpxtpx:TrackPointExtension>
            <gpxtpx:hr>144</gpxtpx:hr>
          </gpxtpx:TrackPointExtension>
        </extensions>
      </trkpt>
      <trkpt lat="40.654884" lon="-0.077899">
        <ele>1111.5</ele>
        <time>2016-04-05T08:38:54Z</time>
        <extensions>
          <gpxtpx:TrackPointExtension>
            <gpxtpx:hr>143</gpxtpx:hr>
          </gpxtpx:TrackPointExtension>
        </extensions>
      </trkpt>
      <trkpt lat="40.654801" lon="-0.077899">
        <ele>1110.6</ele>
        <time>2016-04-05T08:38:57Z</time>
        <extensions>
          <gpxtpx:TrackPointExtension>
            <gpxtpx:hr>146</gpxtpx:hr>
          </gpxtpx:TrackPointExtension>
        </extensions>
      </trkpt>
      <trkpt lat="40.654734" lon="-0.077883">
        <ele>1109.8</ele>
        <time>2016-04-05T08:39:00Z</time>
        <extensions>
          <gpxtpx:TrackPointExtension>
            <gpxtpx:hr>150</gpxtpx:hr>
          </gpxtpx:TrackPointExtension>
        </extensions>
      </trkpt>
      <trkpt lat="40.654651" lon="-0.077866">
        <ele>1108.9</ele>
        <time>2016-04-05T08:39:03Z</time>
        <extensions>
          <gpxtpx:TrackPointExtension>
            <gpxtpx:hr>150</gpxtpx:hr>
          </gpxtpx:TrackPointExtension>
        </extensions>
      </trkpt>
      <trkpt lat="40.654567" lon="-0.077883">
        <ele>1108.2</ele>
        <time>2016-04-05T08:39:06Z</time>
        <extensions>
          <gpxtpx:TrackPointExtension>
            <gpxtpx:hr>151</gpxtpx:hr>
          </gpxtpx:TrackPointExtension>
        </extensions>
      </trkpt>
      <trkpt lat="40.654484" lon="-0.077866">
        <ele>1107.1</ele>
        <time>2016-04-05T08:39:09Z</time>
        <extensions>
          <gpxtpx:TrackPointExtension>
            <gpxtpx:hr>154</gpxtpx:hr>
          </gpxtpx:TrackPointExtension>
        </extensions>
      </trkpt>
      <trkpt lat="40.654400" lon="-0.077883">
        <ele>1105.8</ele>
        <time>2016-04-05T08:39:12Z</time>
        <extensions>
          <gpxtpx:TrackPointExtension>
            <gpxtpx:hr>157</gpxtpx:hr>
          </gpxtpx:TrackPointExtension>
        </extensions>
      </trkpt>
      <trkpt lat="40.654251" lon="-0.077800">
        <ele>1101.8</ele>
        <time>2016-04-05T08:39:18Z</time>
        <extensions>
          <gpxtpx:TrackPointExtension>
            <gpxtpx:hr>162</gpxtpx:hr>
          </gpxtpx:TrackPointExtension>
        </extensions>
      </trkpt>
      <trkpt lat="40.654251" lon="-0.077800">
        <ele>1101.8</ele>
        <time>2016-04-05T08:39:18Z</time>
        <extensions>
          <gpxtpx:TrackPointExtension>
            <gpxtpx:hr>162</gpxtpx:hr>
          </gpxtpx:TrackPointExtension>
        </extensions>
      </trkpt>
      <trkpt lat="40.654184" lon="-0.077716">
        <ele>1099.0</ele>
        <time>2016-04-05T08:39:21Z</time>
        <extensions>
          <gpxtpx:TrackPointExtension>
            <gpxtpx:hr>159</gpxtpx:hr>
          </gpxtpx:TrackPointExtension>
        </extensions>
      </trkpt>
      <trkpt lat="40.654134" lon="-0.077616">
        <ele>1096.0</ele>
        <time>2016-04-05T08:39:24Z</time>
        <extensions>
          <gpxtpx:TrackPointExtension>
            <gpxtpx:hr>157</gpxtpx:hr>
          </gpxtpx:TrackPointExtension>
        </extensions>
      </trkpt>
      <trkpt lat="40.654084" lon="-0.077549">
        <ele>1093.1</ele>
        <time>2016-04-05T08:39:27Z</time>
        <extensions>
          <gpxtpx:TrackPointExtension>
            <gpxtpx:hr>152</gpxtpx:hr>
          </gpxtpx:TrackPointExtension>
        </extensions>
      </trkpt>
      <trkpt lat="40.654001" lon="-0.077500">
        <ele>1090.1</ele>
        <time>2016-04-05T08:39:30Z</time>
        <extensions>
          <gpxtpx:TrackPointExtension>
            <gpxtpx:hr>148</gpxtpx:hr>
          </gpxtpx:TrackPointExtension>
        </extensions>
      </trkpt>
      <trkpt lat="40.653884" lon="-0.077600">
        <ele>1088.1</ele>
        <time>2016-04-05T08:39:35Z</time>
        <extensions>
          <gpxtpx:TrackPointExtension>
            <gpxtpx:hr>151</gpxtpx:hr>
          </gpxtpx:TrackPointExtension>
        </extensions>
      </trkpt>
      <trkpt lat="40.653867" lon="-0.077616">
        <ele>1087.8</ele>
        <time>2016-04-05T08:39:36Z</time>
        <extensions>
          <gpxtpx:TrackPointExtension>
            <gpxtpx:hr>151</gpxtpx:hr>
          </gpxtpx:TrackPointExtension>
        </extensions>
      </trkpt>
      <trkpt lat="40.653817" lon="-0.077700">
        <ele>1087.2</ele>
        <time>2016-04-05T08:39:39Z</time>
        <extensions>
          <gpxtpx:TrackPointExtension>
            <gpxtpx:hr>155</gpxtpx:hr>
          </gpxtpx:TrackPointExtension>
        </extensions>
      </trkpt>
      <trkpt lat="40.653801" lon="-0.077800">
        <ele>1087.4</ele>
        <time>2016-04-05T08:39:42Z</time>
        <extensions>
          <gpxtpx:TrackPointExtension>
            <gpxtpx:hr>158</gpxtpx:hr>
          </gpxtpx:TrackPointExtension>
        </extensions>
      </trkpt>
      <trkpt lat="40.653734" lon="-0.077899">
        <ele>1085.5</ele>
        <time>2016-04-05T08:39:46Z</time>
        <extensions>
          <gpxtpx:TrackPointExtension>
            <gpxtpx:hr>154</gpxtpx:hr>
          </gpxtpx:TrackPointExtension>
        </extensions>
      </trkpt>
      <trkpt lat="40.653684" lon="-0.077833">
        <ele>1083.5</ele>
        <time>2016-04-05T08:39:48Z</time>
        <extensions>
          <gpxtpx:TrackPointExtension>
            <gpxtpx:hr>152</gpxtpx:hr>
          </gpxtpx:TrackPointExtension>
        </extensions>
      </trkpt>
      <trkpt lat="40.653584" lon="-0.077666">
        <ele>1078.6</ele>
        <time>2016-04-05T08:39:54Z</time>
        <extensions>
          <gpxtpx:TrackPointExtension>
            <gpxtpx:hr>150</gpxtpx:hr>
          </gpxtpx:TrackPointExtension>
        </extensions>
      </trkpt>
      <trkpt lat="40.653584" lon="-0.077649">
        <ele>1078.5</ele>
        <time>2016-04-05T08:39:55Z</time>
        <extensions>
          <gpxtpx:TrackPointExtension>
            <gpxtpx:hr>150</gpxtpx:hr>
          </gpxtpx:TrackPointExtension>
        </extensions>
      </trkpt>
      <trkpt lat="40.653534" lon="-0.077549">
        <ele>1074.8</ele>
        <time>2016-04-05T08:39:58Z</time>
        <extensions>
          <gpxtpx:TrackPointExtension>
            <gpxtpx:hr>148</gpxtpx:hr>
          </gpxtpx:TrackPointExtension>
        </extensions>
      </trkpt>
      <trkpt lat="40.653484" lon="-0.077649">
        <ele>1073.6</ele>
        <time>2016-04-05T08:40:01Z</time>
        <extensions>
          <gpxtpx:TrackPointExtension>
            <gpxtpx:hr>150</gpxtpx:hr>
          </gpxtpx:TrackPointExtension>
        </extensions>
      </trkpt>
      <trkpt lat="40.653484" lon="-0.077750">
        <ele>1074.9</ele>
        <time>2016-04-05T08:40:04Z</time>
        <extensions>
          <gpxtpx:TrackPointExtension>
            <gpxtpx:hr>150</gpxtpx:hr>
          </gpxtpx:TrackPointExtension>
        </extensions>
      </trkpt>
      <trkpt lat="40.653451" lon="-0.077866">
        <ele>1074.5</ele>
        <time>2016-04-05T08:40:07Z</time>
        <extensions>
          <gpxtpx:TrackPointExtension>
            <gpxtpx:hr>148</gpxtpx:hr>
          </gpxtpx:TrackPointExtension>
        </extensions>
      </trkpt>
      <trkpt lat="40.653417" lon="-0.077750">
        <ele>1071.7</ele>
        <time>2016-04-05T08:40:11Z</time>
        <extensions>
          <gpxtpx:TrackPointExtension>
            <gpxtpx:hr>146</gpxtpx:hr>
          </gpxtpx:TrackPointExtension>
        </extensions>
      </trkpt>
      <trkpt lat="40.653300" lon="-0.077649">
        <ele>1066.0</ele>
        <time>2016-04-05T08:40:16Z</time>
        <extensions>
          <gpxtpx:TrackPointExtension>
            <gpxtpx:hr>145</gpxtpx:hr>
          </gpxtpx:TrackPointExtension>
        </extensions>
      </trkpt>
      <trkpt lat="40.653300" lon="-0.077666">
        <ele>1066.2</ele>
        <time>2016-04-05T08:40:16Z</time>
        <extensions>
          <gpxtpx:TrackPointExtension>
            <gpxtpx:hr>145</gpxtpx:hr>
          </gpxtpx:TrackPointExtension>
        </extensions>
      </trkpt>
      <trkpt lat="40.653217" lon="-0.077716">
        <ele>1063.8</ele>
        <time>2016-04-05T08:40:20Z</time>
        <extensions>
          <gpxtpx:TrackPointExtension>
            <gpxtpx:hr>144</gpxtpx:hr>
          </gpxtpx:TrackPointExtension>
        </extensions>
      </trkpt>
      <trkpt lat="40.653184" lon="-0.077816">
        <ele>1064.0</ele>
        <time>2016-04-05T08:40:23Z</time>
        <extensions>
          <gpxtpx:TrackPointExtension>
            <gpxtpx:hr>149</gpxtpx:hr>
          </gpxtpx:TrackPointExtension>
        </extensions>
      </trkpt>
      <trkpt lat="40.653168" lon="-0.077933">
        <ele>1064.7</ele>
        <time>2016-04-05T08:40:26Z</time>
        <extensions>
          <gpxtpx:TrackPointExtension>
            <gpxtpx:hr>148</gpxtpx:hr>
          </gpxtpx:TrackPointExtension>
        </extensions>
      </trkpt>
      <trkpt lat="40.653101" lon="-0.077999">
        <ele>1062.1</ele>
        <time>2016-04-05T08:40:29Z</time>
        <extensions>
          <gpxtpx:TrackPointExtension>
            <gpxtpx:hr>143</gpxtpx:hr>
          </gpxtpx:TrackPointExtension>
        </extensions>
      </trkpt>
      <trkpt lat="40.653001" lon="-0.077850">
        <ele>1058.0</ele>
        <time>2016-04-05T08:40:35Z</time>
        <extensions>
          <gpxtpx:TrackPointExtension>
            <gpxtpx:hr>150</gpxtpx:hr>
          </gpxtpx:TrackPointExtension>
        </extensions>
      </trkpt>
      <trkpt lat="40.652984" lon="-0.077850">
        <ele>1057.6</ele>
        <time>2016-04-05T08:40:35Z</time>
        <extensions>
          <gpxtpx:TrackPointExtension>
            <gpxtpx:hr>150</gpxtpx:hr>
          </gpxtpx:TrackPointExtension>
        </extensions>
      </trkpt>
      <trkpt lat="40.652934" lon="-0.077750">
        <ele>1054.5</ele>
        <time>2016-04-05T08:40:38Z</time>
        <extensions>
          <gpxtpx:TrackPointExtension>
            <gpxtpx:hr>143</gpxtpx:hr>
          </gpxtpx:TrackPointExtension>
        </extensions>
      </trkpt>
      <trkpt lat="40.652885" lon="-0.077666">
        <ele>1052.2</ele>
        <time>2016-04-05T08:40:41Z</time>
        <extensions>
          <gpxtpx:TrackPointExtension>
            <gpxtpx:hr>132</gpxtpx:hr>
          </gpxtpx:TrackPointExtension>
        </extensions>
      </trkpt>
      <trkpt lat="40.652818" lon="-0.077583">
        <ele>1050.8</ele>
        <time>2016-04-05T08:40:45Z</time>
        <extensions>
          <gpxtpx:TrackPointExtension>
            <gpxtpx:hr>124</gpxtpx:hr>
          </gpxtpx:TrackPointExtension>
        </extensions>
      </trkpt>
      <trkpt lat="40.652767" lon="-0.077500">
        <ele>1049.7</ele>
        <time>2016-04-05T08:40:48Z</time>
        <extensions>
          <gpxtpx:TrackPointExtension>
            <gpxtpx:hr>121</gpxtpx:hr>
          </gpxtpx:TrackPointExtension>
        </extensions>
      </trkpt>
      <trkpt lat="40.652734" lon="-0.077399">
        <ele>1048.3</ele>
        <time>2016-04-05T08:40:51Z</time>
        <extensions>
          <gpxtpx:TrackPointExtension>
            <gpxtpx:hr>116</gpxtpx:hr>
          </gpxtpx:TrackPointExtension>
        </extensions>
      </trkpt>
      <trkpt lat="40.652667" lon="-0.077349">
        <ele>1047.8</ele>
        <time>2016-04-05T08:40:53Z</time>
        <extensions>
          <gpxtpx:TrackPointExtension>
            <gpxtpx:hr>113</gpxtpx:hr>
          </gpxtpx:TrackPointExtension>
        </extensions>
      </trkpt>
      <trkpt lat="40.652584" lon="-0.077383">
        <ele>1047.8</ele>
        <time>2016-04-05T08:40:57Z</time>
        <extensions>
          <gpxtpx:TrackPointExtension>
            <gpxtpx:hr>115</gpxtpx:hr>
          </gpxtpx:TrackPointExtension>
        </extensions>
      </trkpt>
      <trkpt lat="40.652518" lon="-0.077433">
        <ele>1047.8</ele>
        <time>2016-04-05T08:40:59Z</time>
        <extensions>
          <gpxtpx:TrackPointExtension>
            <gpxtpx:hr>113</gpxtpx:hr>
          </gpxtpx:TrackPointExtension>
        </extensions>
      </trkpt>
      <trkpt lat="40.652451" lon="-0.077483">
        <ele>1047.5</ele>
        <time>2016-04-05T08:41:02Z</time>
        <extensions>
          <gpxtpx:TrackPointExtension>
            <gpxtpx:hr>111</gpxtpx:hr>
          </gpxtpx:TrackPointExtension>
        </extensions>
      </trkpt>
      <trkpt lat="40.652384" lon="-0.077566">
        <ele>1047.1</ele>
        <time>2016-04-05T08:41:06Z</time>
        <extensions>
          <gpxtpx:TrackPointExtension>
            <gpxtpx:hr>108</gpxtpx:hr>
          </gpxtpx:TrackPointExtension>
        </extensions>
      </trkpt>
      <trkpt lat="40.652367" lon="-0.077616">
        <ele>1047.1</ele>
        <time>2016-04-05T08:41:07Z</time>
        <extensions>
          <gpxtpx:TrackPointExtension>
            <gpxtpx:hr>107</gpxtpx:hr>
          </gpxtpx:TrackPointExtension>
        </extensions>
      </trkpt>
      <trkpt lat="40.652334" lon="-0.077683">
        <ele>1046.9</ele>
        <time>2016-04-05T08:41:09Z</time>
        <extensions>
          <gpxtpx:TrackPointExtension>
            <gpxtpx:hr>106</gpxtpx:hr>
          </gpxtpx:TrackPointExtension>
        </extensions>
      </trkpt>
      <trkpt lat="40.652317" lon="-0.077750">
        <ele>1046.9</ele>
        <time>2016-04-05T08:41:11Z</time>
        <extensions>
          <gpxtpx:TrackPointExtension>
            <gpxtpx:hr>106</gpxtpx:hr>
          </gpxtpx:TrackPointExtension>
        </extensions>
      </trkpt>
      <trkpt lat="40.652284" lon="-0.077833">
        <ele>1047.0</ele>
        <time>2016-04-05T08:41:14Z</time>
        <extensions>
          <gpxtpx:TrackPointExtension>
            <gpxtpx:hr>106</gpxtpx:hr>
          </gpxtpx:TrackPointExtension>
        </extensions>
      </trkpt>
      <trkpt lat="40.652251" lon="-0.077833">
        <ele>1047.0</ele>
        <time>2016-04-05T08:41:15Z</time>
      </trkpt>
      <trkpt lat="40.652251" lon="-0.077833">
        <ele>1047.0</ele>
        <time>2016-04-05T08:41:15Z</time>
      </trkpt>
      <trkpt lat="40.652217" lon="-0.077716">
        <ele>1046.9</ele>
        <time>2016-04-05T08:41:18Z</time>
      </trkpt>
      <trkpt lat="40.652168" lon="-0.077649">
        <ele>1046.6</ele>
        <time>2016-04-05T08:41:21Z</time>
      </trkpt>
      <trkpt lat="40.652084" lon="-0.077649">
        <ele>1046.8</ele>
        <time>2016-04-05T08:41:24Z</time>
      </trkpt>
      <trkpt lat="40.652001" lon="-0.077683">
        <ele>1047.9</ele>
        <time>2016-04-05T08:41:27Z</time>
      </trkpt>
      <trkpt lat="40.651917" lon="-0.077766">
        <ele>1049.4</ele>
        <time>2016-04-05T08:41:31Z</time>
      </trkpt>
      <trkpt lat="40.651818" lon="-0.077866">
        <ele>1051.1</ele>
        <time>2016-04-05T08:41:36Z</time>
      </trkpt>
      <trkpt lat="40.651734" lon="-0.077983">
        <ele>1051.5</ele>
        <time>2016-04-05T08:41:40Z</time>
      </trkpt>
      <trkpt lat="40.651718" lon="-0.078066">
        <ele>1051.5</ele>
        <time>2016-04-05T08:41:42Z</time>
      </trkpt>
      <trkpt lat="40.651684" lon="-0.078166">
        <ele>1052.6</ele>
        <time>2016-04-05T08:41:45Z</time>
      </trkpt>
      <trkpt lat="40.651634" lon="-0.078283">
        <ele>1053.9</ele>
        <time>2016-04-05T08:41:49Z</time>
      </trkpt>
      <trkpt lat="40.651567" lon="-0.078400">
        <ele>1055.1</ele>
        <time>2016-04-05T08:41:53Z</time>
      </trkpt>
      <trkpt lat="40.651484" lon="-0.078483">
        <ele>1055.9</ele>
        <time>2016-04-05T08:41:57Z</time>
      </trkpt>
      <trkpt lat="40.651400" lon="-0.078533">
        <ele>1056.3</ele>
        <time>2016-04-05T08:42:00Z</time>
      </trkpt>
      <trkpt lat="40.651301" lon="-0.078566">
        <ele>1057.4</ele>
        <time>2016-04-05T08:42:04Z</time>
      </trkpt>
      <trkpt lat="40.651184" lon="-0.078583">
        <ele>1058.6</ele>
        <time>2016-04-05T08:42:08Z</time>
      </trkpt>
      <trkpt lat="40.651034" lon="-0.078549">
        <ele>1060.1</ele>
        <time>2016-04-05T08:42:14Z</time>
      </trkpt>
      <trkpt lat="40.650901" lon="-0.078483">
        <ele>1061.7</ele>
        <time>2016-04-05T08:42:19Z</time>
      </trkpt>
      <trkpt lat="40.650834" lon="-0.078500">
        <ele>1062.3</ele>
        <time>2016-04-05T08:42:22Z</time>
      </trkpt>
      <trkpt lat="40.650784" lon="-0.078516">
        <ele>1062.8</ele>
        <time>2016-04-05T08:42:23Z</time>
      </trkpt>
      <trkpt lat="40.650684" lon="-0.078566">
        <ele>1064.1</ele>
        <time>2016-04-05T08:42:27Z</time>
      </trkpt>
      <trkpt lat="40.650534" lon="-0.078683">
        <ele>1066.5</ele>
        <time>2016-04-05T08:42:34Z</time>
      </trkpt>
      <trkpt lat="40.650468" lon="-0.078766">
        <ele>1067.8</ele>
        <time>2016-04-05T08:42:37Z</time>
      </trkpt>
      <trkpt lat="40.650384" lon="-0.078816">
        <ele>1069.3</ele>
        <time>2016-04-05T08:42:40Z</time>
      </trkpt>
      <trkpt lat="40.650284" lon="-0.078850">
        <ele>1071.5</ele>
        <time>2016-04-05T08:42:44Z</time>
      </trkpt>
      <trkpt lat="40.650184" lon="-0.078866">
        <ele>1072.5</ele>
        <time>2016-04-05T08:42:48Z</time>
      </trkpt>
      <trkpt lat="40.650067" lon="-0.078866">
        <ele>1074.0</ele>
        <time>2016-04-05T08:42:52Z</time>
      </trkpt>
      <trkpt lat="40.649851" lon="-0.078866">
        <ele>1076.6</ele>
        <time>2016-04-05T08:43:00Z</time>
      </trkpt>
      <trkpt lat="40.649717" lon="-0.078850">
        <ele>1076.6</ele>
        <time>2016-04-05T08:43:05Z</time>
      </trkpt>
      <trkpt lat="40.649567" lon="-0.078833">
        <ele>1075.5</ele>
        <time>2016-04-05T08:43:10Z</time>
      </trkpt>
      <trkpt lat="40.649401" lon="-0.078733">
        <ele>1074.4</ele>
        <time>2016-04-05T08:43:17Z</time>
      </trkpt>
      <trkpt lat="40.649267" lon="-0.078566">
        <ele>1072.8</ele>
        <time>2016-04-05T08:43:24Z</time>
      </trkpt>
      <trkpt lat="40.649150" lon="-0.078333">
        <ele>1071.9</ele>
        <time>2016-04-05T08:43:31Z</time>
      </trkpt>
      <trkpt lat="40.649050" lon="-0.078083">
        <ele>1070.3</ele>
        <time>2016-04-05T08:43:39Z</time>
      </trkpt>
      <trkpt lat="40.649012" lon="-0.077980">
        <ele>1071.2</ele>
        <time>2016-04-05T08:43:42Z</time>
      </trkpt>
      <trkpt lat="40.649010" lon="-0.077973">
        <ele>1071.2</ele>
        <time>2016-04-05T08:43:42Z</time>
      </trkpt>
      <trkpt lat="40.649005" lon="-0.077969">
        <ele>1071.2</ele>
        <time>2016-04-05T08:43:43Z</time>
      </trkpt>
      <trkpt lat="40.648867" lon="-0.077762">
        <ele>1068.5</ele>
        <time>2016-04-05T08:43:50Z</time>
      </trkpt>
      <trkpt lat="40.648606" lon="-0.077467">
        <ele>1066.5</ele>
        <time>2016-04-05T08:44:03Z</time>
      </trkpt>
      <trkpt lat="40.648415" lon="-0.077100">
        <ele>1066.5</ele>
        <time>2016-04-05T08:44:15Z</time>
      </trkpt>
      <trkpt lat="40.647949" lon="-0.076049">
        <ele>1066.2</ele>
        <time>2016-04-05T08:44:49Z</time>
      </trkpt>
      <trkpt lat="40.647729" lon="-0.076211">
        <ele>1066.8</ele>
        <time>2016-04-05T08:44:58Z</time>
      </trkpt>
      <trkpt lat="40.647550" lon="-0.076396">
        <ele>1068.2</ele>
        <time>2016-04-05T08:45:06Z</time>
      </trkpt>
      <trkpt lat="40.647564" lon="-0.076514">
        <ele>1070.0</ele>
        <time>2016-04-05T08:45:09Z</time>
      </trkpt>
      <trkpt lat="40.647235" lon="-0.076859">
        <ele>1072.1</ele>
        <time>2016-04-05T08:45:25Z</time>
      </trkpt>
      <trkpt lat="40.647061" lon="-0.077068">
        <ele>1072.8</ele>
        <time>2016-04-05T08:45:33Z</time>
      </trkpt>
      <trkpt lat="40.646843" lon="-0.077289">
        <ele>1073.8</ele>
        <time>2016-04-05T08:45:43Z</time>
      </trkpt>
      <trkpt lat="40.646415" lon="-0.077706">
        <ele>1077.8</ele>
        <time>2016-04-05T08:46:03Z</time>
      </trkpt>
      <trkpt lat="40.646125" lon="-0.077964">
        <ele>1079.9</ele>
        <time>2016-04-05T08:46:15Z</time>
      </trkpt>
      <trkpt lat="40.645961" lon="-0.078236">
        <ele>1081.2</ele>
        <time>2016-04-05T08:46:25Z</time>
      </trkpt>
      <trkpt lat="40.645741" lon="-0.078677">
        <ele>1080.5</ele>
        <time>2016-04-05T08:46:40Z</time>
      </trkpt>
      <trkpt lat="40.645623" lon="-0.078801">
        <ele>1079.6</ele>
        <time>2016-04-05T08:46:45Z</time>
      </trkpt>
      <trkpt lat="40.645450" lon="-0.078977">
        <ele>1080.0</ele>
        <time>2016-04-05T08:46:53Z</time>
      </trkpt>
      <trkpt lat="40.645331" lon="-0.079222">
        <ele>1080.6</ele>
        <time>2016-04-05T08:47:01Z</time>
      </trkpt>
      <trkpt lat="40.645217" lon="-0.079314">
        <ele>1081.1</ele>
        <time>2016-04-05T08:47:06Z</time>
      </trkpt>
      <trkpt lat="40.645156" lon="-0.079370">
        <ele>1081.5</ele>
        <time>2016-04-05T08:47:09Z</time>
      </trkpt>
      <trkpt lat="40.645074" lon="-0.079415">
        <ele>1082.1</ele>
        <time>2016-04-05T08:47:12Z</time>
      </trkpt>
      <trkpt lat="40.645040" lon="-0.079446">
        <ele>1082.7</ele>
        <time>2016-04-05T08:47:13Z</time>
      </trkpt>
      <trkpt lat="40.645005" lon="-0.079459">
        <ele>1083.0</ele>
        <time>2016-04-05T08:47:15Z</time>
      </trkpt>
      <trkpt lat="40.645005" lon="-0.079459">
        <ele>1083.0</ele>
        <time>2016-04-05T08:47:15Z</time>
      </trkpt>
      <trkpt lat="40.645010" lon="-0.079493">
        <ele>1083.1</ele>
        <time>2016-04-05T08:47:16Z</time>
      </trkpt>
      <trkpt lat="40.645041" lon="-0.079586">
        <ele>1083.4</ele>
        <time>2016-04-05T08:47:18Z</time>
      </trkpt>
      <trkpt lat="40.645100" lon="-0.079700">
        <ele>1084.3</ele>
        <time>2016-04-05T08:47:22Z</time>
      </trkpt>
      <trkpt lat="40.645183" lon="-0.079900">
        <ele>1086.0</ele>
        <time>2016-04-05T08:47:29Z</time>
      </trkpt>
      <trkpt lat="40.645183" lon="-0.079900">
        <ele>1086.0</ele>
        <time>2016-04-05T08:47:29Z</time>
      </trkpt>
      <trkpt lat="40.645183" lon="-0.079983">
        <ele>1086.7</ele>
        <time>2016-04-05T08:47:31Z</time>
      </trkpt>
      <trkpt lat="40.645084" lon="-0.080017">
        <ele>1086.1</ele>
        <time>2016-04-05T08:47:35Z</time>
        <extensions>
          <gpxtpx:TrackPointExtension>
            <gpxtpx:hr>131</gpxtpx:hr>
          </gpxtpx:TrackPointExtension>
        </extensions>
      </trkpt>
      <trkpt lat="40.645084" lon="-0.080033">
        <ele>1086.2</ele>
        <time>2016-04-05T08:47:35Z</time>
        <extensions>
          <gpxtpx:TrackPointExtension>
            <gpxtpx:hr>131</gpxtpx:hr>
          </gpxtpx:TrackPointExtension>
        </extensions>
      </trkpt>
      <trkpt lat="40.644967" lon="-0.080183">
        <ele>1086.6</ele>
        <time>2016-04-05T08:47:41Z</time>
        <extensions>
          <gpxtpx:TrackPointExtension>
            <gpxtpx:hr>132</gpxtpx:hr>
          </gpxtpx:TrackPointExtension>
        </extensions>
      </trkpt>
      <trkpt lat="40.644917" lon="-0.080266">
        <ele>1087.1</ele>
        <time>2016-04-05T08:47:44Z</time>
        <extensions>
          <gpxtpx:TrackPointExtension>
            <gpxtpx:hr>131</gpxtpx:hr>
          </gpxtpx:TrackPointExtension>
        </extensions>
      </trkpt>
      <trkpt lat="40.644867" lon="-0.080350">
        <ele>1087.6</ele>
        <time>2016-04-05T08:47:47Z</time>
        <extensions>
          <gpxtpx:TrackPointExtension>
            <gpxtpx:hr>131</gpxtpx:hr>
          </gpxtpx:TrackPointExtension>
        </extensions>
      </trkpt>
      <trkpt lat="40.644817" lon="-0.080433">
        <ele>1089.0</ele>
        <time>2016-04-05T08:47:50Z</time>
        <extensions>
          <gpxtpx:TrackPointExtension>
            <gpxtpx:hr>128</gpxtpx:hr>
          </gpxtpx:TrackPointExtension>
        </extensions>
      </trkpt>
      <trkpt lat="40.644784" lon="-0.080550">
        <ele>1091.1</ele>
        <time>2016-04-05T08:47:53Z</time>
        <extensions>
          <gpxtpx:TrackPointExtension>
            <gpxtpx:hr>137</gpxtpx:hr>
          </gpxtpx:TrackPointExtension>
        </extensions>
      </trkpt>
      <trkpt lat="40.644800" lon="-0.080650">
        <ele>1092.5</ele>
        <time>2016-04-05T08:47:56Z</time>
        <extensions>
          <gpxtpx:TrackPointExtension>
            <gpxtpx:hr>147</gpxtpx:hr>
          </gpxtpx:TrackPointExtension>
        </extensions>
      </trkpt>
      <trkpt lat="40.644784" lon="-0.080766">
        <ele>1094.1</ele>
        <time>2016-04-05T08:47:59Z</time>
        <extensions>
          <gpxtpx:TrackPointExtension>
            <gpxtpx:hr>151</gpxtpx:hr>
          </gpxtpx:TrackPointExtension>
        </extensions>
      </trkpt>
      <trkpt lat="40.644733" lon="-0.080850">
        <ele>1096.5</ele>
        <time>2016-04-05T08:48:02Z</time>
        <extensions>
          <gpxtpx:TrackPointExtension>
            <gpxtpx:hr>153</gpxtpx:hr>
          </gpxtpx:TrackPointExtension>
        </extensions>
      </trkpt>
      <trkpt lat="40.644700" lon="-0.080950">
        <ele>1099.0</ele>
        <time>2016-04-05T08:48:05Z</time>
        <extensions>
          <gpxtpx:TrackPointExtension>
            <gpxtpx:hr>154</gpxtpx:hr>
          </gpxtpx:TrackPointExtension>
        </extensions>
      </trkpt>
      <trkpt lat="40.644700" lon="-0.080950">
        <ele>1099.0</ele>
        <time>2016-04-05T08:48:05Z</time>
        <extensions>
          <gpxtpx:TrackPointExtension>
            <gpxtpx:hr>153</gpxtpx:hr>
          </gpxtpx:TrackPointExtension>
        </extensions>
      </trkpt>
      <trkpt lat="40.644617" lon="-0.081150">
        <ele>1103.1</ele>
        <time>2016-04-05T08:48:12Z</time>
        <extensions>
          <gpxtpx:TrackPointExtension>
            <gpxtpx:hr>143</gpxtpx:hr>
          </gpxtpx:TrackPointExtension>
        </extensions>
      </trkpt>
      <trkpt lat="40.644583" lon="-0.081250">
        <ele>1104.7</ele>
        <time>2016-04-05T08:48:15Z</time>
        <extensions>
          <gpxtpx:TrackPointExtension>
            <gpxtpx:hr>129</gpxtpx:hr>
          </gpxtpx:TrackPointExtension>
        </extensions>
      </trkpt>
      <trkpt lat="40.644567" lon="-0.081350">
        <ele>1106.2</ele>
        <time>2016-04-05T08:48:17Z</time>
        <extensions>
          <gpxtpx:TrackPointExtension>
            <gpxtpx:hr>133</gpxtpx:hr>
          </gpxtpx:TrackPointExtension>
        </extensions>
      </trkpt>
      <trkpt lat="40.644567" lon="-0.081366">
        <ele>1106.5</ele>
        <time>2016-04-05T08:48:18Z</time>
        <extensions>
          <gpxtpx:TrackPointExtension>
            <gpxtpx:hr>133</gpxtpx:hr>
          </gpxtpx:TrackPointExtension>
        </extensions>
      </trkpt>
      <trkpt lat="40.644534" lon="-0.081567">
        <ele>1109.4</ele>
        <time>2016-04-05T08:48:24Z</time>
        <extensions>
          <gpxtpx:TrackPointExtension>
            <gpxtpx:hr>145</gpxtpx:hr>
          </gpxtpx:TrackPointExtension>
        </extensions>
      </trkpt>
      <trkpt lat="40.644517" lon="-0.081667">
        <ele>1110.8</ele>
        <time>2016-04-05T08:48:26Z</time>
        <extensions>
          <gpxtpx:TrackPointExtension>
            <gpxtpx:hr>150</gpxtpx:hr>
          </gpxtpx:TrackPointExtension>
        </extensions>
      </trkpt>
      <trkpt lat="40.644517" lon="-0.081783">
        <ele>1112.2</ele>
        <time>2016-04-05T08:48:30Z</time>
        <extensions>
          <gpxtpx:TrackPointExtension>
            <gpxtpx:hr>153</gpxtpx:hr>
          </gpxtpx:TrackPointExtension>
        </extensions>
      </trkpt>
      <trkpt lat="40.644500" lon="-0.081883">
        <ele>1113.5</ele>
        <time>2016-04-05T08:48:32Z</time>
        <extensions>
          <gpxtpx:TrackPointExtension>
            <gpxtpx:hr>155</gpxtpx:hr>
          </gpxtpx:TrackPointExtension>
        </extensions>
      </trkpt>
      <trkpt lat="40.644517" lon="-0.082000">
        <ele>1114.4</ele>
        <time>2016-04-05T08:48:36Z</time>
        <extensions>
          <gpxtpx:TrackPointExtension>
            <gpxtpx:hr>155</gpxtpx:hr>
          </gpxtpx:TrackPointExtension>
        </extensions>
      </trkpt>
      <trkpt lat="40.644517" lon="-0.082116">
        <ele>1115.5</ele>
        <time>2016-04-05T08:48:39Z</time>
        <extensions>
          <gpxtpx:TrackPointExtension>
            <gpxtpx:hr>154</gpxtpx:hr>
          </gpxtpx:TrackPointExtension>
        </extensions>
      </trkpt>
      <trkpt lat="40.644534" lon="-0.082217">
        <ele>1116.3</ele>
        <time>2016-04-05T08:48:42Z</time>
        <extensions>
          <gpxtpx:TrackPointExtension>
            <gpxtpx:hr>154</gpxtpx:hr>
          </gpxtpx:TrackPointExtension>
        </extensions>
      </trkpt>
      <trkpt lat="40.644534" lon="-0.082333">
        <ele>1117.3</ele>
        <time>2016-04-05T08:48:45Z</time>
        <extensions>
          <gpxtpx:TrackPointExtension>
            <gpxtpx:hr>152</gpxtpx:hr>
          </gpxtpx:TrackPointExtension>
        </extensions>
      </trkpt>
      <trkpt lat="40.644534" lon="-0.082350">
        <ele>1117.5</ele>
        <time>2016-04-05T08:48:45Z</time>
        <extensions>
          <gpxtpx:TrackPointExtension>
            <gpxtpx:hr>152</gpxtpx:hr>
          </gpxtpx:TrackPointExtension>
        </extensions>
      </trkpt>
      <trkpt lat="40.644550" lon="-0.082567">
        <ele>1119.7</ele>
        <time>2016-04-05T08:48:51Z</time>
        <extensions>
          <gpxtpx:TrackPointExtension>
            <gpxtpx:hr>152</gpxtpx:hr>
          </gpxtpx:TrackPointExtension>
        </extensions>
      </trkpt>
      <trkpt lat="40.644567" lon="-0.082666">
        <ele>1120.7</ele>
        <time>2016-04-05T08:48:54Z</time>
        <extensions>
          <gpxtpx:TrackPointExtension>
            <gpxtpx:hr>152</gpxtpx:hr>
          </gpxtpx:TrackPointExtension>
        </extensions>
      </trkpt>
      <trkpt lat="40.644583" lon="-0.082767">
        <ele>1121.5</ele>
        <time>2016-04-05T08:48:57Z</time>
        <extensions>
          <gpxtpx:TrackPointExtension>
            <gpxtpx:hr>152</gpxtpx:hr>
          </gpxtpx:TrackPointExtension>
        </extensions>
      </trkpt>
      <trkpt lat="40.644600" lon="-0.082866">
        <ele>1122.4</ele>
        <time>2016-04-05T08:49:00Z</time>
        <extensions>
          <gpxtpx:TrackPointExtension>
            <gpxtpx:hr>153</gpxtpx:hr>
          </gpxtpx:TrackPointExtension>
        </extensions>
      </trkpt>
      <trkpt lat="40.644617" lon="-0.082966">
        <ele>1123.3</ele>
        <time>2016-04-05T08:49:03Z</time>
        <extensions>
          <gpxtpx:TrackPointExtension>
            <gpxtpx:hr>153</gpxtpx:hr>
          </gpxtpx:TrackPointExtension>
        </extensions>
      </trkpt>
      <trkpt lat="40.644633" lon="-0.083083">
        <ele>1124.3</ele>
        <time>2016-04-05T08:49:06Z</time>
        <extensions>
          <gpxtpx:TrackPointExtension>
            <gpxtpx:hr>153</gpxtpx:hr>
          </gpxtpx:TrackPointExtension>
        </extensions>
      </trkpt>
      <trkpt lat="40.644650" lon="-0.083183">
        <ele>1125.2</ele>
        <time>2016-04-05T08:49:09Z</time>
        <extensions>
          <gpxtpx:TrackPointExtension>
            <gpxtpx:hr>153</gpxtpx:hr>
          </gpxtpx:TrackPointExtension>
        </extensions>
      </trkpt>
      <trkpt lat="40.644667" lon="-0.083283">
        <ele>1126.0</ele>
        <time>2016-04-05T08:49:12Z</time>
        <extensions>
          <gpxtpx:TrackPointExtension>
            <gpxtpx:hr>152</gpxtpx:hr>
          </gpxtpx:TrackPointExtension>
        </extensions>
      </trkpt>
      <trkpt lat="40.644683" lon="-0.083383">
        <ele>1126.7</ele>
        <time>2016-04-05T08:49:15Z</time>
        <extensions>
          <gpxtpx:TrackPointExtension>
            <gpxtpx:hr>151</gpxtpx:hr>
          </gpxtpx:TrackPointExtension>
        </extensions>
      </trkpt>
      <trkpt lat="40.644683" lon="-0.083416">
        <ele>1127.1</ele>
        <time>2016-04-05T08:49:15Z</time>
        <extensions>
          <gpxtpx:TrackPointExtension>
            <gpxtpx:hr>151</gpxtpx:hr>
          </gpxtpx:TrackPointExtension>
        </extensions>
      </trkpt>
      <trkpt lat="40.644733" lon="-0.083616">
        <ele>1128.4</ele>
        <time>2016-04-05T08:49:21Z</time>
        <extensions>
          <gpxtpx:TrackPointExtension>
            <gpxtpx:hr>151</gpxtpx:hr>
          </gpxtpx:TrackPointExtension>
        </extensions>
      </trkpt>
      <trkpt lat="40.644750" lon="-0.083716">
        <ele>1129.0</ele>
        <time>2016-04-05T08:49:24Z</time>
        <extensions>
          <gpxtpx:TrackPointExtension>
            <gpxtpx:hr>151</gpxtpx:hr>
          </gpxtpx:TrackPointExtension>
        </extensions>
      </trkpt>
      <trkpt lat="40.644784" lon="-0.083833">
        <ele>1129.6</ele>
        <time>2016-04-05T08:49:28Z</time>
        <extensions>
          <gpxtpx:TrackPointExtension>
            <gpxtpx:hr>150</gpxtpx:hr>
          </gpxtpx:TrackPointExtension>
        </extensions>
      </trkpt>
      <trkpt lat="40.644800" lon="-0.083933">
        <ele>1130.1</ele>
        <time>2016-04-05T08:49:30Z</time>
        <extensions>
          <gpxtpx:TrackPointExtension>
            <gpxtpx:hr>148</gpxtpx:hr>
          </gpxtpx:TrackPointExtension>
        </extensions>
      </trkpt>
      <trkpt lat="40.644833" lon="-0.084033">
        <ele>1130.7</ele>
        <time>2016-04-05T08:49:33Z</time>
        <extensions>
          <gpxtpx:TrackPointExtension>
            <gpxtpx:hr>148</gpxtpx:hr>
          </gpxtpx:TrackPointExtension>
        </extensions>
      </trkpt>
      <trkpt lat="40.644850" lon="-0.084133">
        <ele>1131.5</ele>
        <time>2016-04-05T08:49:36Z</time>
        <extensions>
          <gpxtpx:TrackPointExtension>
            <gpxtpx:hr>148</gpxtpx:hr>
          </gpxtpx:TrackPointExtension>
        </extensions>
      </trkpt>
      <trkpt lat="40.644884" lon="-0.084250">
        <ele>1132.3</ele>
        <time>2016-04-05T08:49:40Z</time>
        <extensions>
          <gpxtpx:TrackPointExtension>
            <gpxtpx:hr>147</gpxtpx:hr>
          </gpxtpx:TrackPointExtension>
        </extensions>
      </trkpt>
      <trkpt lat="40.644900" lon="-0.084350">
        <ele>1133.2</ele>
        <time>2016-04-05T08:49:42Z</time>
        <extensions>
          <gpxtpx:TrackPointExtension>
            <gpxtpx:hr>147</gpxtpx:hr>
          </gpxtpx:TrackPointExtension>
        </extensions>
      </trkpt>
      <trkpt lat="40.644933" lon="-0.084467">
        <ele>1134.2</ele>
        <time>2016-04-05T08:49:46Z</time>
        <extensions>
          <gpxtpx:TrackPointExtension>
            <gpxtpx:hr>147</gpxtpx:hr>
          </gpxtpx:TrackPointExtension>
        </extensions>
      </trkpt>
      <trkpt lat="40.644967" lon="-0.084567">
        <ele>1135.1</ele>
        <time>2016-04-05T08:49:49Z</time>
        <extensions>
          <gpxtpx:TrackPointExtension>
            <gpxtpx:hr>149</gpxtpx:hr>
          </gpxtpx:TrackPointExtension>
        </extensions>
      </trkpt>
      <trkpt lat="40.644967" lon="-0.084583">
        <ele>1135.2</ele>
        <time>2016-04-05T08:49:49Z</time>
        <extensions>
          <gpxtpx:TrackPointExtension>
            <gpxtpx:hr>149</gpxtpx:hr>
          </gpxtpx:TrackPointExtension>
        </extensions>
      </trkpt>
      <trkpt lat="40.645017" lon="-0.084766">
        <ele>1137.2</ele>
        <time>2016-04-05T08:49:55Z</time>
        <extensions>
          <gpxtpx:TrackPointExtension>
            <gpxtpx:hr>152</gpxtpx:hr>
          </gpxtpx:TrackPointExtension>
        </extensions>
      </trkpt>
      <trkpt lat="40.645033" lon="-0.084883">
        <ele>1138.7</ele>
        <time>2016-04-05T08:49:58Z</time>
        <extensions>
          <gpxtpx:TrackPointExtension>
            <gpxtpx:hr>153</gpxtpx:hr>
          </gpxtpx:TrackPointExtension>
        </extensions>
      </trkpt>
      <trkpt lat="40.645067" lon="-0.084966">
        <ele>1139.4</ele>
        <time>2016-04-05T08:50:01Z</time>
        <extensions>
          <gpxtpx:TrackPointExtension>
            <gpxtpx:hr>155</gpxtpx:hr>
          </gpxtpx:TrackPointExtension>
        </extensions>
      </trkpt>
      <trkpt lat="40.645100" lon="-0.085066">
        <ele>1140.8</ele>
        <time>2016-04-05T08:50:04Z</time>
        <extensions>
          <gpxtpx:TrackPointExtension>
            <gpxtpx:hr>156</gpxtpx:hr>
          </gpxtpx:TrackPointExtension>
        </extensions>
      </trkpt>
      <trkpt lat="40.645150" lon="-0.085167">
        <ele>1142.3</ele>
        <time>2016-04-05T08:50:07Z</time>
        <extensions>
          <gpxtpx:TrackPointExtension>
            <gpxtpx:hr>158</gpxtpx:hr>
          </gpxtpx:TrackPointExtension>
        </extensions>
      </trkpt>
      <trkpt lat="40.645183" lon="-0.085283">
        <ele>1143.9</ele>
        <time>2016-04-05T08:50:10Z</time>
        <extensions>
          <gpxtpx:TrackPointExtension>
            <gpxtpx:hr>161</gpxtpx:hr>
          </gpxtpx:TrackPointExtension>
        </extensions>
      </trkpt>
      <trkpt lat="40.645234" lon="-0.085367">
        <ele>1145.1</ele>
        <time>2016-04-05T08:50:13Z</time>
        <extensions>
          <gpxtpx:TrackPointExtension>
            <gpxtpx:hr>163</gpxtpx:hr>
          </gpxtpx:TrackPointExtension>
        </extensions>
      </trkpt>
      <trkpt lat="40.645250" lon="-0.085467">
        <ele>1146.4</ele>
        <time>2016-04-05T08:50:16Z</time>
        <extensions>
          <gpxtpx:TrackPointExtension>
            <gpxtpx:hr>163</gpxtpx:hr>
          </gpxtpx:TrackPointExtension>
        </extensions>
      </trkpt>
      <trkpt lat="40.645283" lon="-0.085567">
        <ele>1147.6</ele>
        <time>2016-04-05T08:50:19Z</time>
        <extensions>
          <gpxtpx:TrackPointExtension>
            <gpxtpx:hr>163</gpxtpx:hr>
          </gpxtpx:TrackPointExtension>
        </extensions>
      </trkpt>
      <trkpt lat="40.645283" lon="-0.085583">
        <ele>1147.8</ele>
        <time>2016-04-05T08:50:20Z</time>
        <extensions>
          <gpxtpx:TrackPointExtension>
            <gpxtpx:hr>163</gpxtpx:hr>
          </gpxtpx:TrackPointExtension>
        </extensions>
      </trkpt>
      <trkpt lat="40.645334" lon="-0.085800">
        <ele>1150.2</ele>
        <time>2016-04-05T08:50:26Z</time>
        <extensions>
          <gpxtpx:TrackPointExtension>
            <gpxtpx:hr>163</gpxtpx:hr>
          </gpxtpx:TrackPointExtension>
        </extensions>
      </trkpt>
      <trkpt lat="40.645367" lon="-0.085883">
        <ele>1150.9</ele>
        <time>2016-04-05T08:50:28Z</time>
        <extensions>
          <gpxtpx:TrackPointExtension>
            <gpxtpx:hr>163</gpxtpx:hr>
          </gpxtpx:TrackPointExtension>
        </extensions>
      </trkpt>
      <trkpt lat="40.645367" lon="-0.086000">
        <ele>1151.8</ele>
        <time>2016-04-05T08:50:32Z</time>
        <extensions>
          <gpxtpx:TrackPointExtension>
            <gpxtpx:hr>161</gpxtpx:hr>
          </gpxtpx:TrackPointExtension>
        </extensions>
      </trkpt>
      <trkpt lat="40.645367" lon="-0.086116">
        <ele>1152.6</ele>
        <time>2016-04-05T08:50:35Z</time>
        <extensions>
          <gpxtpx:TrackPointExtension>
            <gpxtpx:hr>160</gpxtpx:hr>
          </gpxtpx:TrackPointExtension>
        </extensions>
      </trkpt>
      <trkpt lat="40.645350" lon="-0.086216">
        <ele>1153.2</ele>
        <time>2016-04-05T08:50:38Z</time>
        <extensions>
          <gpxtpx:TrackPointExtension>
            <gpxtpx:hr>154</gpxtpx:hr>
          </gpxtpx:TrackPointExtension>
        </extensions>
      </trkpt>
      <trkpt lat="40.645334" lon="-0.086316">
        <ele>1153.1</ele>
        <time>2016-04-05T08:50:41Z</time>
        <extensions>
          <gpxtpx:TrackPointExtension>
            <gpxtpx:hr>152</gpxtpx:hr>
          </gpxtpx:TrackPointExtension>
        </extensions>
      </trkpt>
      <trkpt lat="40.645317" lon="-0.086416">
        <ele>1153.3</ele>
        <time>2016-04-05T08:50:43Z</time>
        <extensions>
          <gpxtpx:TrackPointExtension>
            <gpxtpx:hr>150</gpxtpx:hr>
          </gpxtpx:TrackPointExtension>
        </extensions>
      </trkpt>
      <trkpt lat="40.645317" lon="-0.086516">
        <ele>1153.5</ele>
        <time>2016-04-05T08:50:46Z</time>
        <extensions>
          <gpxtpx:TrackPointExtension>
            <gpxtpx:hr>149</gpxtpx:hr>
          </gpxtpx:TrackPointExtension>
        </extensions>
      </trkpt>
      <trkpt lat="40.645317" lon="-0.086533">
        <ele>1153.5</ele>
        <time>2016-04-05T08:50:47Z</time>
        <extensions>
          <gpxtpx:TrackPointExtension>
            <gpxtpx:hr>148</gpxtpx:hr>
          </gpxtpx:TrackPointExtension>
        </extensions>
      </trkpt>
      <trkpt lat="40.645334" lon="-0.086717">
        <ele>1154.2</ele>
        <time>2016-04-05T08:50:52Z</time>
        <extensions>
          <gpxtpx:TrackPointExtension>
            <gpxtpx:hr>146</gpxtpx:hr>
          </gpxtpx:TrackPointExtension>
        </extensions>
      </trkpt>
      <trkpt lat="40.645334" lon="-0.086833">
        <ele>1154.6</ele>
        <time>2016-04-05T08:50:55Z</time>
        <extensions>
          <gpxtpx:TrackPointExtension>
            <gpxtpx:hr>145</gpxtpx:hr>
          </gpxtpx:TrackPointExtension>
        </extensions>
      </trkpt>
      <trkpt lat="40.645350" lon="-0.086933">
        <ele>1155.2</ele>
        <time>2016-04-05T08:50:58Z</time>
        <extensions>
          <gpxtpx:TrackPointExtension>
            <gpxtpx:hr>145</gpxtpx:hr>
          </gpxtpx:TrackPointExtension>
        </extensions>
      </trkpt>
      <trkpt lat="40.645367" lon="-0.087033">
        <ele>1155.8</ele>
        <time>2016-04-05T08:51:01Z</time>
        <extensions>
          <gpxtpx:TrackPointExtension>
            <gpxtpx:hr>144</gpxtpx:hr>
          </gpxtpx:TrackPointExtension>
        </extensions>
      </trkpt>
      <trkpt lat="40.645383" lon="-0.087149">
        <ele>1156.8</ele>
        <time>2016-04-05T08:51:04Z</time>
        <extensions>
          <gpxtpx:TrackPointExtension>
            <gpxtpx:hr>146</gpxtpx:hr>
          </gpxtpx:TrackPointExtension>
        </extensions>
      </trkpt>
      <trkpt lat="40.645417" lon="-0.087250">
        <ele>1158.0</ele>
        <time>2016-04-05T08:51:07Z</time>
        <extensions>
          <gpxtpx:TrackPointExtension>
            <gpxtpx:hr>148</gpxtpx:hr>
          </gpxtpx:TrackPointExtension>
        </extensions>
      </trkpt>
      <trkpt lat="40.645450" lon="-0.087350">
        <ele>1159.2</ele>
        <time>2016-04-05T08:51:10Z</time>
        <extensions>
          <gpxtpx:TrackPointExtension>
            <gpxtpx:hr>150</gpxtpx:hr>
          </gpxtpx:TrackPointExtension>
        </extensions>
      </trkpt>
      <trkpt lat="40.645483" lon="-0.087450">
        <ele>1160.2</ele>
        <time>2016-04-05T08:51:13Z</time>
        <extensions>
          <gpxtpx:TrackPointExtension>
            <gpxtpx:hr>151</gpxtpx:hr>
          </gpxtpx:TrackPointExtension>
        </extensions>
      </trkpt>
      <trkpt lat="40.645483" lon="-0.087550">
        <ele>1160.4</ele>
        <time>2016-04-05T08:51:16Z</time>
        <extensions>
          <gpxtpx:TrackPointExtension>
            <gpxtpx:hr>152</gpxtpx:hr>
          </gpxtpx:TrackPointExtension>
        </extensions>
      </trkpt>
      <trkpt lat="40.645450" lon="-0.087666">
        <ele>1160.0</ele>
        <time>2016-04-05T08:51:19Z</time>
        <extensions>
          <gpxtpx:TrackPointExtension>
            <gpxtpx:hr>153</gpxtpx:hr>
          </gpxtpx:TrackPointExtension>
        </extensions>
      </trkpt>
      <trkpt lat="40.645434" lon="-0.087766">
        <ele>1159.8</ele>
        <time>2016-04-05T08:51:22Z</time>
        <extensions>
          <gpxtpx:TrackPointExtension>
            <gpxtpx:hr>155</gpxtpx:hr>
          </gpxtpx:TrackPointExtension>
        </extensions>
      </trkpt>
      <trkpt lat="40.645417" lon="-0.087883">
        <ele>1160.0</ele>
        <time>2016-04-05T08:51:25Z</time>
        <extensions>
          <gpxtpx:TrackPointExtension>
            <gpxtpx:hr>156</gpxtpx:hr>
          </gpxtpx:TrackPointExtension>
        </extensions>
      </trkpt>
      <trkpt lat="40.645417" lon="-0.087917">
        <ele>1160.1</ele>
        <time>2016-04-05T08:51:26Z</time>
        <extensions>
          <gpxtpx:TrackPointExtension>
            <gpxtpx:hr>155</gpxtpx:hr>
          </gpxtpx:TrackPointExtension>
        </extensions>
      </trkpt>
      <trkpt lat="40.645383" lon="-0.088083">
        <ele>1160.2</ele>
        <time>2016-04-05T08:51:31Z</time>
        <extensions>
          <gpxtpx:TrackPointExtension>
            <gpxtpx:hr>153</gpxtpx:hr>
          </gpxtpx:TrackPointExtension>
        </extensions>
      </trkpt>
      <trkpt lat="40.645383" lon="-0.088183">
        <ele>1160.9</ele>
        <time>2016-04-05T08:51:34Z</time>
        <extensions>
          <gpxtpx:TrackPointExtension>
            <gpxtpx:hr>153</gpxtpx:hr>
          </gpxtpx:TrackPointExtension>
        </extensions>
      </trkpt>
      <trkpt lat="40.645383" lon="-0.088283">
        <ele>1161.5</ele>
        <time>2016-04-05T08:51:36Z</time>
        <extensions>
          <gpxtpx:TrackPointExtension>
            <gpxtpx:hr>152</gpxtpx:hr>
          </gpxtpx:TrackPointExtension>
        </extensions>
      </trkpt>
      <trkpt lat="40.645383" lon="-0.088383">
        <ele>1162.2</ele>
        <time>2016-04-05T08:51:39Z</time>
      </trkpt>
      <trkpt lat="40.645383" lon="-0.088483">
        <ele>1162.5</ele>
        <time>2016-04-05T08:51:42Z</time>
        <extensions>
          <gpxtpx:TrackPointExtension>
            <gpxtpx:hr>153</gpxtpx:hr>
          </gpxtpx:TrackPointExtension>
        </extensions>
      </trkpt>
      <trkpt lat="40.645400" lon="-0.088583">
        <ele>1163.5</ele>
        <time>2016-04-05T08:51:45Z</time>
        <extensions>
          <gpxtpx:TrackPointExtension>
            <gpxtpx:hr>154</gpxtpx:hr>
          </gpxtpx:TrackPointExtension>
        </extensions>
      </trkpt>
      <trkpt lat="40.645417" lon="-0.088666">
        <ele>1163.8</ele>
        <time>2016-04-05T08:51:47Z</time>
        <extensions>
          <gpxtpx:TrackPointExtension>
            <gpxtpx:hr>156</gpxtpx:hr>
          </gpxtpx:TrackPointExtension>
        </extensions>
      </trkpt>
      <trkpt lat="40.645434" lon="-0.088783">
        <ele>1164.4</ele>
        <time>2016-04-05T08:51:50Z</time>
        <extensions>
          <gpxtpx:TrackPointExtension>
            <gpxtpx:hr>158</gpxtpx:hr>
          </gpxtpx:TrackPointExtension>
        </extensions>
      </trkpt>
      <trkpt lat="40.645450" lon="-0.088900">
        <ele>1165.4</ele>
        <time>2016-04-05T08:51:54Z</time>
        <extensions>
          <gpxtpx:TrackPointExtension>
            <gpxtpx:hr>158</gpxtpx:hr>
          </gpxtpx:TrackPointExtension>
        </extensions>
      </trkpt>
      <trkpt lat="40.645450" lon="-0.089000">
        <ele>1165.4</ele>
        <time>2016-04-05T08:51:56Z</time>
        <extensions>
          <gpxtpx:TrackPointExtension>
            <gpxtpx:hr>156</gpxtpx:hr>
          </gpxtpx:TrackPointExtension>
        </extensions>
      </trkpt>
      <trkpt lat="40.645383" lon="-0.089067">
        <ele>1164.6</ele>
        <time>2016-04-05T08:52:00Z</time>
        <extensions>
          <gpxtpx:TrackPointExtension>
            <gpxtpx:hr>117</gpxtpx:hr>
          </gpxtpx:TrackPointExtension>
        </extensions>
      </trkpt>
      <trkpt lat="40.645383" lon="-0.089083">
        <ele>1164.5</ele>
        <time>2016-04-05T08:52:00Z</time>
        <extensions>
          <gpxtpx:TrackPointExtension>
            <gpxtpx:hr>115</gpxtpx:hr>
          </gpxtpx:TrackPointExtension>
        </extensions>
      </trkpt>
      <trkpt lat="40.645334" lon="-0.089250">
        <ele>1162.9</ele>
        <time>2016-04-05T08:52:05Z</time>
        <extensions>
          <gpxtpx:TrackPointExtension>
            <gpxtpx:hr>121</gpxtpx:hr>
          </gpxtpx:TrackPointExtension>
        </extensions>
      </trkpt>
      <trkpt lat="40.645300" lon="-0.089283">
        <ele>1162.2</ele>
        <time>2016-04-05T08:52:06Z</time>
        <extensions>
          <gpxtpx:TrackPointExtension>
            <gpxtpx:hr>122</gpxtpx:hr>
          </gpxtpx:TrackPointExtension>
        </extensions>
      </trkpt>
      <trkpt lat="40.645267" lon="-0.089333">
        <ele>1161.0</ele>
        <time>2016-04-05T08:52:08Z</time>
        <extensions>
          <gpxtpx:TrackPointExtension>
            <gpxtpx:hr>123</gpxtpx:hr>
          </gpxtpx:TrackPointExtension>
        </extensions>
      </trkpt>
      <trkpt lat="40.645234" lon="-0.089400">
        <ele>1159.8</ele>
        <time>2016-04-05T08:52:10Z</time>
        <extensions>
          <gpxtpx:TrackPointExtension>
            <gpxtpx:hr>123</gpxtpx:hr>
          </gpxtpx:TrackPointExtension>
        </extensions>
      </trkpt>
      <trkpt lat="40.645200" lon="-0.089466">
        <ele>1158.8</ele>
        <time>2016-04-05T08:52:13Z</time>
        <extensions>
          <gpxtpx:TrackPointExtension>
            <gpxtpx:hr>124</gpxtpx:hr>
          </gpxtpx:TrackPointExtension>
        </extensions>
      </trkpt>
      <trkpt lat="40.645150" lon="-0.089533">
        <ele>1157.9</ele>
        <time>2016-04-05T08:52:15Z</time>
        <extensions>
          <gpxtpx:TrackPointExtension>
            <gpxtpx:hr>124</gpxtpx:hr>
          </gpxtpx:TrackPointExtension>
        </extensions>
      </trkpt>
      <trkpt lat="40.645117" lon="-0.089600">
        <ele>1156.8</ele>
        <time>2016-04-05T08:52:17Z</time>
        <extensions>
          <gpxtpx:TrackPointExtension>
            <gpxtpx:hr>124</gpxtpx:hr>
          </gpxtpx:TrackPointExtension>
        </extensions>
      </trkpt>
      <trkpt lat="40.645084" lon="-0.089666">
        <ele>1156.1</ele>
        <time>2016-04-05T08:52:20Z</time>
        <extensions>
          <gpxtpx:TrackPointExtension>
            <gpxtpx:hr>123</gpxtpx:hr>
          </gpxtpx:TrackPointExtension>
        </extensions>
      </trkpt>
      <trkpt lat="40.645067" lon="-0.089717">
        <ele>1155.5</ele>
        <time>2016-04-05T08:52:21Z</time>
      </trkpt>
      <trkpt lat="40.645050" lon="-0.089783">
        <ele>1154.7</ele>
        <time>2016-04-05T08:52:23Z</time>
        <extensions>
          <gpxtpx:TrackPointExtension>
            <gpxtpx:hr>124</gpxtpx:hr>
          </gpxtpx:TrackPointExtension>
        </extensions>
      </trkpt>
      <trkpt lat="40.645050" lon="-0.089866">
        <ele>1153.3</ele>
        <time>2016-04-05T08:52:25Z</time>
        <extensions>
          <gpxtpx:TrackPointExtension>
            <gpxtpx:hr>124</gpxtpx:hr>
          </gpxtpx:TrackPointExtension>
        </extensions>
      </trkpt>
      <trkpt lat="40.645033" lon="-0.089916">
        <ele>1152.9</ele>
        <time>2016-04-05T08:52:27Z</time>
        <extensions>
          <gpxtpx:TrackPointExtension>
            <gpxtpx:hr>124</gpxtpx:hr>
          </gpxtpx:TrackPointExtension>
        </extensions>
      </trkpt>
      <trkpt lat="40.645033" lon="-0.090033">
        <ele>1150.9</ele>
        <time>2016-04-05T08:52:30Z</time>
        <extensions>
          <gpxtpx:TrackPointExtension>
            <gpxtpx:hr>125</gpxtpx:hr>
          </gpxtpx:TrackPointExtension>
        </extensions>
      </trkpt>
      <trkpt lat="40.645033" lon="-0.090083">
        <ele>1150.3</ele>
        <time>2016-04-05T08:52:32Z</time>
        <extensions>
          <gpxtpx:TrackPointExtension>
            <gpxtpx:hr>126</gpxtpx:hr>
          </gpxtpx:TrackPointExtension>
        </extensions>
      </trkpt>
      <trkpt lat="40.645017" lon="-0.090200">
        <ele>1150.2</ele>
        <time>2016-04-05T08:52:35Z</time>
        <extensions>
          <gpxtpx:TrackPointExtension>
            <gpxtpx:hr>126</gpxtpx:hr>
          </gpxtpx:TrackPointExtension>
        </extensions>
      </trkpt>
      <trkpt lat="40.645017" lon="-0.090300">
        <ele>1149.5</ele>
        <time>2016-04-05T08:52:38Z</time>
        <extensions>
          <gpxtpx:TrackPointExtension>
            <gpxtpx:hr>127</gpxtpx:hr>
          </gpxtpx:TrackPointExtension>
        </extensions>
      </trkpt>
      <trkpt lat="40.645017" lon="-0.090417">
        <ele>1148.9</ele>
        <time>2016-04-05T08:52:41Z</time>
        <extensions>
          <gpxtpx:TrackPointExtension>
            <gpxtpx:hr>128</gpxtpx:hr>
          </gpxtpx:TrackPointExtension>
        </extensions>
      </trkpt>
      <trkpt lat="40.645033" lon="-0.090517">
        <ele>1148.2</ele>
        <time>2016-04-05T08:52:44Z</time>
        <extensions>
          <gpxtpx:TrackPointExtension>
            <gpxtpx:hr>130</gpxtpx:hr>
          </gpxtpx:TrackPointExtension>
        </extensions>
      </trkpt>
      <trkpt lat="40.645017" lon="-0.090617">
        <ele>1149.0</ele>
        <time>2016-04-05T08:52:46Z</time>
        <extensions>
          <gpxtpx:TrackPointExtension>
            <gpxtpx:hr>134</gpxtpx:hr>
          </gpxtpx:TrackPointExtension>
        </extensions>
      </trkpt>
      <trkpt lat="40.645017" lon="-0.090716">
        <ele>1149.9</ele>
        <time>2016-04-05T08:52:49Z</time>
        <extensions>
          <gpxtpx:TrackPointExtension>
            <gpxtpx:hr>138</gpxtpx:hr>
          </gpxtpx:TrackPointExtension>
        </extensions>
      </trkpt>
      <trkpt lat="40.645000" lon="-0.090817">
        <ele>1151.4</ele>
        <time>2016-04-05T08:52:52Z</time>
        <extensions>
          <gpxtpx:TrackPointExtension>
            <gpxtpx:hr>145</gpxtpx:hr>
          </gpxtpx:TrackPointExtension>
        </extensions>
      </trkpt>
      <trkpt lat="40.645017" lon="-0.090933">
        <ele>1151.1</ele>
        <time>2016-04-05T08:52:55Z</time>
        <extensions>
          <gpxtpx:TrackPointExtension>
            <gpxtpx:hr>153</gpxtpx:hr>
          </gpxtpx:TrackPointExtension>
        </extensions>
      </trkpt>
      <trkpt lat="40.645033" lon="-0.091033">
        <ele>1151.4</ele>
        <time>2016-04-05T08:52:58Z</time>
        <extensions>
          <gpxtpx:TrackPointExtension>
            <gpxtpx:hr>158</gpxtpx:hr>
          </gpxtpx:TrackPointExtension>
        </extensions>
      </trkpt>
      <trkpt lat="40.645017" lon="-0.091150">
        <ele>1152.3</ele>
        <time>2016-04-05T08:53:01Z</time>
        <extensions>
          <gpxtpx:TrackPointExtension>
            <gpxtpx:hr>162</gpxtpx:hr>
          </gpxtpx:TrackPointExtension>
        </extensions>
      </trkpt>
      <trkpt lat="40.645033" lon="-0.091266">
        <ele>1151.8</ele>
        <time>2016-04-05T08:53:05Z</time>
        <extensions>
          <gpxtpx:TrackPointExtension>
            <gpxtpx:hr>164</gpxtpx:hr>
          </gpxtpx:TrackPointExtension>
        </extensions>
      </trkpt>
      <trkpt lat="40.645033" lon="-0.091283">
        <ele>1151.7</ele>
        <time>2016-04-05T08:53:05Z</time>
        <extensions>
          <gpxtpx:TrackPointExtension>
            <gpxtpx:hr>164</gpxtpx:hr>
          </gpxtpx:TrackPointExtension>
        </extensions>
      </trkpt>
      <trkpt lat="40.645117" lon="-0.091450">
        <ele>1152.4</ele>
        <time>2016-04-05T08:53:11Z</time>
        <extensions>
          <gpxtpx:TrackPointExtension>
            <gpxtpx:hr>164</gpxtpx:hr>
          </gpxtpx:TrackPointExtension>
        </extensions>
      </trkpt>
      <trkpt lat="40.645150" lon="-0.091550">
        <ele>1152.2</ele>
        <time>2016-04-05T08:53:14Z</time>
      </trkpt>
      <trkpt lat="40.645167" lon="-0.091633">
        <ele>1152.0</ele>
        <time>2016-04-05T08:53:16Z</time>
        <extensions>
          <gpxtpx:TrackPointExtension>
            <gpxtpx:hr>162</gpxtpx:hr>
          </gpxtpx:TrackPointExtension>
        </extensions>
      </trkpt>
      <trkpt lat="40.645217" lon="-0.091717">
        <ele>1152.3</ele>
        <time>2016-04-05T08:53:19Z</time>
        <extensions>
          <gpxtpx:TrackPointExtension>
            <gpxtpx:hr>160</gpxtpx:hr>
          </gpxtpx:TrackPointExtension>
        </extensions>
      </trkpt>
      <trkpt lat="40.645234" lon="-0.091833">
        <ele>1152.6</ele>
        <time>2016-04-05T08:53:22Z</time>
        <extensions>
          <gpxtpx:TrackPointExtension>
            <gpxtpx:hr>159</gpxtpx:hr>
          </gpxtpx:TrackPointExtension>
        </extensions>
      </trkpt>
      <trkpt lat="40.645250" lon="-0.091950">
        <ele>1152.8</ele>
        <time>2016-04-05T08:53:26Z</time>
        <extensions>
          <gpxtpx:TrackPointExtension>
            <gpxtpx:hr>157</gpxtpx:hr>
          </gpxtpx:TrackPointExtension>
        </extensions>
      </trkpt>
      <trkpt lat="40.645300" lon="-0.092050">
        <ele>1153.5</ele>
        <time>2016-04-05T08:53:29Z</time>
      </trkpt>
      <trkpt lat="40.645334" lon="-0.092150">
        <ele>1153.9</ele>
        <time>2016-04-05T08:53:32Z</time>
        <extensions>
          <gpxtpx:TrackPointExtension>
            <gpxtpx:hr>154</gpxtpx:hr>
          </gpxtpx:TrackPointExtension>
        </extensions>
      </trkpt>
      <trkpt lat="40.645383" lon="-0.092250">
        <ele>1155.2</ele>
        <time>2016-04-05T08:53:35Z</time>
        <extensions>
          <gpxtpx:TrackPointExtension>
            <gpxtpx:hr>154</gpxtpx:hr>
          </gpxtpx:TrackPointExtension>
        </extensions>
      </trkpt>
      <trkpt lat="40.645400" lon="-0.092350">
        <ele>1156.1</ele>
        <time>2016-04-05T08:53:38Z</time>
        <extensions>
          <gpxtpx:TrackPointExtension>
            <gpxtpx:hr>156</gpxtpx:hr>
          </gpxtpx:TrackPointExtension>
        </extensions>
      </trkpt>
      <trkpt lat="40.645434" lon="-0.092450">
        <ele>1156.1</ele>
        <time>2016-04-05T08:53:41Z</time>
        <extensions>
          <gpxtpx:TrackPointExtension>
            <gpxtpx:hr>157</gpxtpx:hr>
          </gpxtpx:TrackPointExtension>
        </extensions>
      </trkpt>
      <trkpt lat="40.645450" lon="-0.092550">
        <ele>1156.4</ele>
        <time>2016-04-05T08:53:44Z</time>
        <extensions>
          <gpxtpx:TrackPointExtension>
            <gpxtpx:hr>158</gpxtpx:hr>
          </gpxtpx:TrackPointExtension>
        </extensions>
      </trkpt>
      <trkpt lat="40.645467" lon="-0.092583">
        <ele>1156.0</ele>
        <time>2016-04-05T08:53:45Z</time>
        <extensions>
          <gpxtpx:TrackPointExtension>
            <gpxtpx:hr>158</gpxtpx:hr>
          </gpxtpx:TrackPointExtension>
        </extensions>
      </trkpt>
      <trkpt lat="40.645483" lon="-0.092750">
        <ele>1155.5</ele>
        <time>2016-04-05T08:53:50Z</time>
        <extensions>
          <gpxtpx:TrackPointExtension>
            <gpxtpx:hr>158</gpxtpx:hr>
          </gpxtpx:TrackPointExtension>
        </extensions>
      </trkpt>
      <trkpt lat="40.645517" lon="-0.092850">
        <ele>1155.2</ele>
        <time>2016-04-05T08:53:53Z</time>
        <extensions>
          <gpxtpx:TrackPointExtension>
            <gpxtpx:hr>156</gpxtpx:hr>
          </gpxtpx:TrackPointExtension>
        </extensions>
      </trkpt>
      <trkpt lat="40.645550" lon="-0.092950">
        <ele>1155.7</ele>
        <time>2016-04-05T08:53:56Z</time>
        <extensions>
          <gpxtpx:TrackPointExtension>
            <gpxtpx:hr>155</gpxtpx:hr>
          </gpxtpx:TrackPointExtension>
        </extensions>
      </trkpt>
      <trkpt lat="40.645567" lon="-0.093050">
        <ele>1155.9</ele>
        <time>2016-04-05T08:53:58Z</time>
        <extensions>
          <gpxtpx:TrackPointExtension>
            <gpxtpx:hr>155</gpxtpx:hr>
          </gpxtpx:TrackPointExtension>
        </extensions>
      </trkpt>
      <trkpt lat="40.645584" lon="-0.093150">
        <ele>1156.3</ele>
        <time>2016-04-05T08:54:01Z</time>
        <extensions>
          <gpxtpx:TrackPointExtension>
            <gpxtpx:hr>153</gpxtpx:hr>
          </gpxtpx:TrackPointExtension>
        </extensions>
      </trkpt>
      <trkpt lat="40.645584" lon="-0.093233">
        <ele>1156.3</ele>
        <time>2016-04-05T08:54:04Z</time>
        <extensions>
          <gpxtpx:TrackPointExtension>
            <gpxtpx:hr>153</gpxtpx:hr>
          </gpxtpx:TrackPointExtension>
        </extensions>
      </trkpt>
      <trkpt lat="40.645584" lon="-0.093333">
        <ele>1155.9</ele>
        <time>2016-04-05T08:54:06Z</time>
        <extensions>
          <gpxtpx:TrackPointExtension>
            <gpxtpx:hr>152</gpxtpx:hr>
          </gpxtpx:TrackPointExtension>
        </extensions>
      </trkpt>
      <trkpt lat="40.645600" lon="-0.093450">
        <ele>1156.2</ele>
        <time>2016-04-05T08:54:10Z</time>
        <extensions>
          <gpxtpx:TrackPointExtension>
            <gpxtpx:hr>151</gpxtpx:hr>
          </gpxtpx:TrackPointExtension>
        </extensions>
      </trkpt>
      <trkpt lat="40.645634" lon="-0.093550">
        <ele>1156.8</ele>
        <time>2016-04-05T08:54:13Z</time>
        <extensions>
          <gpxtpx:TrackPointExtension>
            <gpxtpx:hr>151</gpxtpx:hr>
          </gpxtpx:TrackPointExtension>
        </extensions>
      </trkpt>
      <trkpt lat="40.645650" lon="-0.093666">
        <ele>1156.5</ele>
        <time>2016-04-05T08:54:16Z</time>
        <extensions>
          <gpxtpx:TrackPointExtension>
            <gpxtpx:hr>151</gpxtpx:hr>
          </gpxtpx:TrackPointExtension>
        </extensions>
      </trkpt>
      <trkpt lat="40.645650" lon="-0.093750">
        <ele>1156.4</ele>
        <time>2016-04-05T08:54:18Z</time>
        <extensions>
          <gpxtpx:TrackPointExtension>
            <gpxtpx:hr>149</gpxtpx:hr>
          </gpxtpx:TrackPointExtension>
        </extensions>
      </trkpt>
      <trkpt lat="40.645650" lon="-0.093850">
        <ele>1156.1</ele>
        <time>2016-04-05T08:54:21Z</time>
        <extensions>
          <gpxtpx:TrackPointExtension>
            <gpxtpx:hr>148</gpxtpx:hr>
          </gpxtpx:TrackPointExtension>
        </extensions>
      </trkpt>
      <trkpt lat="40.645634" lon="-0.093967">
        <ele>1155.6</ele>
        <time>2016-04-05T08:54:24Z</time>
        <extensions>
          <gpxtpx:TrackPointExtension>
            <gpxtpx:hr>147</gpxtpx:hr>
          </gpxtpx:TrackPointExtension>
        </extensions>
      </trkpt>
      <trkpt lat="40.645634" lon="-0.094067">
        <ele>1155.2</ele>
        <time>2016-04-05T08:54:27Z</time>
        <extensions>
          <gpxtpx:TrackPointExtension>
            <gpxtpx:hr>147</gpxtpx:hr>
          </gpxtpx:TrackPointExtension>
        </extensions>
      </trkpt>
      <trkpt lat="40.645617" lon="-0.094150">
        <ele>1155.6</ele>
        <time>2016-04-05T08:54:29Z</time>
        <extensions>
          <gpxtpx:TrackPointExtension>
            <gpxtpx:hr>147</gpxtpx:hr>
          </gpxtpx:TrackPointExtension>
        </extensions>
      </trkpt>
      <trkpt lat="40.645584" lon="-0.094250">
        <ele>1155.1</ele>
        <time>2016-04-05T08:54:32Z</time>
        <extensions>
          <gpxtpx:TrackPointExtension>
            <gpxtpx:hr>146</gpxtpx:hr>
          </gpxtpx:TrackPointExtension>
        </extensions>
      </trkpt>
      <trkpt lat="40.645550" lon="-0.094350">
        <ele>1155.0</ele>
        <time>2016-04-05T08:54:35Z</time>
        <extensions>
          <gpxtpx:TrackPointExtension>
            <gpxtpx:hr>145</gpxtpx:hr>
          </gpxtpx:TrackPointExtension>
        </extensions>
      </trkpt>
      <trkpt lat="40.645550" lon="-0.094450">
        <ele>1155.9</ele>
        <time>2016-04-05T08:54:38Z</time>
        <extensions>
          <gpxtpx:TrackPointExtension>
            <gpxtpx:hr>145</gpxtpx:hr>
          </gpxtpx:TrackPointExtension>
        </extensions>
      </trkpt>
      <trkpt lat="40.645567" lon="-0.094483">
        <ele>1155.9</ele>
        <time>2016-04-05T08:54:39Z</time>
        <extensions>
          <gpxtpx:TrackPointExtension>
            <gpxtpx:hr>145</gpxtpx:hr>
          </gpxtpx:TrackPointExtension>
        </extensions>
      </trkpt>
      <trkpt lat="40.645584" lon="-0.094667">
        <ele>1157.3</ele>
        <time>2016-04-05T08:54:44Z</time>
        <extensions>
          <gpxtpx:TrackPointExtension>
            <gpxtpx:hr>150</gpxtpx:hr>
          </gpxtpx:TrackPointExtension>
        </extensions>
      </trkpt>
      <trkpt lat="40.645600" lon="-0.094783">
        <ele>1158.0</ele>
        <time>2016-04-05T08:54:48Z</time>
        <extensions>
          <gpxtpx:TrackPointExtension>
            <gpxtpx:hr>152</gpxtpx:hr>
          </gpxtpx:TrackPointExtension>
        </extensions>
      </trkpt>
      <trkpt lat="40.645600" lon="-0.094867">
        <ele>1157.8</ele>
        <time>2016-04-05T08:54:50Z</time>
        <extensions>
          <gpxtpx:TrackPointExtension>
            <gpxtpx:hr>153</gpxtpx:hr>
          </gpxtpx:TrackPointExtension>
        </extensions>
      </trkpt>
      <trkpt lat="40.645600" lon="-0.094967">
        <ele>1157.3</ele>
        <time>2016-04-05T08:54:53Z</time>
        <extensions>
          <gpxtpx:TrackPointExtension>
            <gpxtpx:hr>152</gpxtpx:hr>
          </gpxtpx:TrackPointExtension>
        </extensions>
      </trkpt>
      <trkpt lat="40.645584" lon="-0.095067">
        <ele>1157.0</ele>
        <time>2016-04-05T08:54:56Z</time>
        <extensions>
          <gpxtpx:TrackPointExtension>
            <gpxtpx:hr>152</gpxtpx:hr>
          </gpxtpx:TrackPointExtension>
        </extensions>
      </trkpt>
      <trkpt lat="40.645567" lon="-0.095167">
        <ele>1156.4</ele>
        <time>2016-04-05T08:54:58Z</time>
        <extensions>
          <gpxtpx:TrackPointExtension>
            <gpxtpx:hr>152</gpxtpx:hr>
          </gpxtpx:TrackPointExtension>
        </extensions>
      </trkpt>
      <trkpt lat="40.645550" lon="-0.095250">
        <ele>1156.2</ele>
        <time>2016-04-05T08:55:01Z</time>
        <extensions>
          <gpxtpx:TrackPointExtension>
            <gpxtpx:hr>152</gpxtpx:hr>
          </gpxtpx:TrackPointExtension>
        </extensions>
      </trkpt>
      <trkpt lat="40.645550" lon="-0.095350">
        <ele>1155.8</ele>
        <time>2016-04-05T08:55:04Z</time>
        <extensions>
          <gpxtpx:TrackPointExtension>
            <gpxtpx:hr>151</gpxtpx:hr>
          </gpxtpx:TrackPointExtension>
        </extensions>
      </trkpt>
      <trkpt lat="40.645584" lon="-0.095450">
        <ele>1155.5</ele>
        <time>2016-04-05T08:55:07Z</time>
        <extensions>
          <gpxtpx:TrackPointExtension>
            <gpxtpx:hr>148</gpxtpx:hr>
          </gpxtpx:TrackPointExtension>
        </extensions>
      </trkpt>
      <trkpt lat="40.645567" lon="-0.095566">
        <ele>1155.7</ele>
        <time>2016-04-05T08:55:10Z</time>
        <extensions>
          <gpxtpx:TrackPointExtension>
            <gpxtpx:hr>142</gpxtpx:hr>
          </gpxtpx:TrackPointExtension>
        </extensions>
      </trkpt>
      <trkpt lat="40.645534" lon="-0.095667">
        <ele>1155.0</ele>
        <time>2016-04-05T08:55:13Z</time>
        <extensions>
          <gpxtpx:TrackPointExtension>
            <gpxtpx:hr>143</gpxtpx:hr>
          </gpxtpx:TrackPointExtension>
        </extensions>
      </trkpt>
      <trkpt lat="40.645572" lon="-0.095834">
        <ele>1155.2</ele>
        <time>2016-04-05T08:55:18Z</time>
      </trkpt>
      <trkpt lat="40.645498" lon="-0.095789">
        <ele>1154.5</ele>
        <time>2016-04-05T08:55:21Z</time>
      </trkpt>
      <trkpt lat="40.645445" lon="-0.095735">
        <ele>1154.5</ele>
        <time>2016-04-05T08:55:23Z</time>
      </trkpt>
      <trkpt lat="40.645383" lon="-0.095683">
        <ele>1154.1</ele>
        <time>2016-04-05T08:55:26Z</time>
        <extensions>
          <gpxtpx:TrackPointExtension>
            <gpxtpx:hr>127</gpxtpx:hr>
          </gpxtpx:TrackPointExtension>
        </extensions>
      </trkpt>
      <trkpt lat="40.645300" lon="-0.095583">
        <ele>1152.6</ele>
        <time>2016-04-05T08:55:30Z</time>
        <extensions>
          <gpxtpx:TrackPointExtension>
            <gpxtpx:hr>128</gpxtpx:hr>
          </gpxtpx:TrackPointExtension>
        </extensions>
      </trkpt>
      <trkpt lat="40.645234" lon="-0.095550">
        <ele>1150.9</ele>
        <time>2016-04-05T08:55:32Z</time>
        <extensions>
          <gpxtpx:TrackPointExtension>
            <gpxtpx:hr>128</gpxtpx:hr>
          </gpxtpx:TrackPointExtension>
        </extensions>
      </trkpt>
      <trkpt lat="40.645200" lon="-0.095483">
        <ele>1150.1</ele>
        <time>2016-04-05T08:55:35Z</time>
        <extensions>
          <gpxtpx:TrackPointExtension>
            <gpxtpx:hr>127</gpxtpx:hr>
          </gpxtpx:TrackPointExtension>
        </extensions>
      </trkpt>
      <trkpt lat="40.645183" lon="-0.095400">
        <ele>1149.7</ele>
        <time>2016-04-05T08:55:37Z</time>
        <extensions>
          <gpxtpx:TrackPointExtension>
            <gpxtpx:hr>127</gpxtpx:hr>
          </gpxtpx:TrackPointExtension>
        </extensions>
      </trkpt>
      <trkpt lat="40.645167" lon="-0.095317">
        <ele>1149.1</ele>
        <time>2016-04-05T08:55:39Z</time>
        <extensions>
          <gpxtpx:TrackPointExtension>
            <gpxtpx:hr>127</gpxtpx:hr>
          </gpxtpx:TrackPointExtension>
        </extensions>
      </trkpt>
      <trkpt lat="40.645150" lon="-0.095200">
        <ele>1148.0</ele>
        <time>2016-04-05T08:55:43Z</time>
        <extensions>
          <gpxtpx:TrackPointExtension>
            <gpxtpx:hr>126</gpxtpx:hr>
          </gpxtpx:TrackPointExtension>
        </extensions>
      </trkpt>
      <trkpt lat="40.645133" lon="-0.095133">
        <ele>1146.9</ele>
        <time>2016-04-05T08:55:45Z</time>
        <extensions>
          <gpxtpx:TrackPointExtension>
            <gpxtpx:hr>126</gpxtpx:hr>
          </gpxtpx:TrackPointExtension>
        </extensions>
      </trkpt>
      <trkpt lat="40.645100" lon="-0.095050">
        <ele>1145.2</ele>
        <time>2016-04-05T08:55:47Z</time>
      </trkpt>
      <trkpt lat="40.645049" lon="-0.095122">
        <ele>1143.0</ele>
        <time>2016-04-05T08:55:50Z</time>
        <extensions>
          <gpxtpx:TrackPointExtension>
            <gpxtpx:hr>133</gpxtpx:hr>
          </gpxtpx:TrackPointExtension>
        </extensions>
      </trkpt>
      <trkpt lat="40.644992" lon="-0.095127">
        <ele>1141.8</ele>
        <time>2016-04-05T08:55:52Z</time>
        <extensions>
          <gpxtpx:TrackPointExtension>
            <gpxtpx:hr>135</gpxtpx:hr>
          </gpxtpx:TrackPointExtension>
        </extensions>
      </trkpt>
      <trkpt lat="40.644884" lon="-0.095067">
        <ele>1140.1</ele>
        <time>2016-04-05T08:55:56Z</time>
        <extensions>
          <gpxtpx:TrackPointExtension>
            <gpxtpx:hr>135</gpxtpx:hr>
          </gpxtpx:TrackPointExtension>
        </extensions>
      </trkpt>
      <trkpt lat="40.644833" lon="-0.095033">
        <ele>1139.4</ele>
        <time>2016-04-05T08:55:58Z</time>
        <extensions>
          <gpxtpx:TrackPointExtension>
            <gpxtpx:hr>134</gpxtpx:hr>
          </gpxtpx:TrackPointExtension>
        </extensions>
      </trkpt>
      <trkpt lat="40.644800" lon="-0.095000">
        <ele>1138.8</ele>
        <time>2016-04-05T08:56:00Z</time>
        <extensions>
          <gpxtpx:TrackPointExtension>
            <gpxtpx:hr>134</gpxtpx:hr>
          </gpxtpx:TrackPointExtension>
        </extensions>
      </trkpt>
      <trkpt lat="40.644734" lon="-0.094959">
        <ele>1138.7</ele>
        <time>2016-04-05T08:56:02Z</time>
        <extensions>
          <gpxtpx:TrackPointExtension>
            <gpxtpx:hr>134</gpxtpx:hr>
          </gpxtpx:TrackPointExtension>
        </extensions>
      </trkpt>
      <trkpt lat="40.644692" lon="-0.094882">
        <ele>1137.7</ele>
        <time>2016-04-05T08:56:05Z</time>
        <extensions>
          <gpxtpx:TrackPointExtension>
            <gpxtpx:hr>134</gpxtpx:hr>
          </gpxtpx:TrackPointExtension>
        </extensions>
      </trkpt>
      <trkpt lat="40.644650" lon="-0.094867">
        <ele>1138.2</ele>
        <time>2016-04-05T08:56:07Z</time>
        <extensions>
          <gpxtpx:TrackPointExtension>
            <gpxtpx:hr>136</gpxtpx:hr>
          </gpxtpx:TrackPointExtension>
        </extensions>
      </trkpt>
      <trkpt lat="40.644567" lon="-0.094833">
        <ele>1138.1</ele>
        <time>2016-04-05T08:56:10Z</time>
        <extensions>
          <gpxtpx:TrackPointExtension>
            <gpxtpx:hr>138</gpxtpx:hr>
          </gpxtpx:TrackPointExtension>
        </extensions>
      </trkpt>
      <trkpt lat="40.644500" lon="-0.094816">
        <ele>1137.5</ele>
        <time>2016-04-05T08:56:12Z</time>
        <extensions>
          <gpxtpx:TrackPointExtension>
            <gpxtpx:hr>140</gpxtpx:hr>
          </gpxtpx:TrackPointExtension>
        </extensions>
      </trkpt>
      <trkpt lat="40.644417" lon="-0.094783">
        <ele>1135.0</ele>
        <time>2016-04-05T08:56:16Z</time>
        <extensions>
          <gpxtpx:TrackPointExtension>
            <gpxtpx:hr>141</gpxtpx:hr>
          </gpxtpx:TrackPointExtension>
        </extensions>
      </trkpt>
      <trkpt lat="40.644383" lon="-0.094667">
        <ele>1132.6</ele>
        <time>2016-04-05T08:56:19Z</time>
        <extensions>
          <gpxtpx:TrackPointExtension>
            <gpxtpx:hr>141</gpxtpx:hr>
          </gpxtpx:TrackPointExtension>
        </extensions>
      </trkpt>
      <trkpt lat="40.644334" lon="-0.094750">
        <ele>1130.5</ele>
        <time>2016-04-05T08:56:22Z</time>
        <extensions>
          <gpxtpx:TrackPointExtension>
            <gpxtpx:hr>139</gpxtpx:hr>
          </gpxtpx:TrackPointExtension>
        </extensions>
      </trkpt>
      <trkpt lat="40.644300" lon="-0.094783">
        <ele>1129.9</ele>
        <time>2016-04-05T08:56:23Z</time>
        <extensions>
          <gpxtpx:TrackPointExtension>
            <gpxtpx:hr>139</gpxtpx:hr>
          </gpxtpx:TrackPointExtension>
        </extensions>
      </trkpt>
      <trkpt lat="40.644193" lon="-0.094904">
        <ele>1130.0</ele>
        <time>2016-04-05T08:56:29Z</time>
        <extensions>
          <gpxtpx:TrackPointExtension>
            <gpxtpx:hr>141</gpxtpx:hr>
          </gpxtpx:TrackPointExtension>
        </extensions>
      </trkpt>
      <trkpt lat="40.644110" lon="-0.094937">
        <ele>1129.4</ele>
        <time>2016-04-05T08:56:32Z</time>
        <extensions>
          <gpxtpx:TrackPointExtension>
            <gpxtpx:hr>143</gpxtpx:hr>
          </gpxtpx:TrackPointExtension>
        </extensions>
      </trkpt>
      <trkpt lat="40.644060" lon="-0.094937">
        <ele>1128.5</ele>
        <time>2016-04-05T08:56:34Z</time>
        <extensions>
          <gpxtpx:TrackPointExtension>
            <gpxtpx:hr>143</gpxtpx:hr>
          </gpxtpx:TrackPointExtension>
        </extensions>
      </trkpt>
      <trkpt lat="40.644011" lon="-0.094954">
        <ele>1128.0</ele>
        <time>2016-04-05T08:56:35Z</time>
        <extensions>
          <gpxtpx:TrackPointExtension>
            <gpxtpx:hr>144</gpxtpx:hr>
          </gpxtpx:TrackPointExtension>
        </extensions>
      </trkpt>
      <trkpt lat="40.643961" lon="-0.094953">
        <ele>1127.4</ele>
        <time>2016-04-05T08:56:37Z</time>
        <extensions>
          <gpxtpx:TrackPointExtension>
            <gpxtpx:hr>145</gpxtpx:hr>
          </gpxtpx:TrackPointExtension>
        </extensions>
      </trkpt>
      <trkpt lat="40.643895" lon="-0.094938">
        <ele>1126.9</ele>
        <time>2016-04-05T08:56:40Z</time>
        <extensions>
          <gpxtpx:TrackPointExtension>
            <gpxtpx:hr>145</gpxtpx:hr>
          </gpxtpx:TrackPointExtension>
        </extensions>
      </trkpt>
      <trkpt lat="40.643842" lon="-0.094906">
        <ele>1126.1</ele>
        <time>2016-04-05T08:56:42Z</time>
        <extensions>
          <gpxtpx:TrackPointExtension>
            <gpxtpx:hr>145</gpxtpx:hr>
          </gpxtpx:TrackPointExtension>
        </extensions>
      </trkpt>
      <trkpt lat="40.643793" lon="-0.094871">
        <ele>1125.6</ele>
        <time>2016-04-05T08:56:44Z</time>
        <extensions>
          <gpxtpx:TrackPointExtension>
            <gpxtpx:hr>145</gpxtpx:hr>
          </gpxtpx:TrackPointExtension>
        </extensions>
      </trkpt>
      <trkpt lat="40.643800" lon="-0.094750">
        <ele>1123.3</ele>
        <time>2016-04-05T08:56:47Z</time>
        <extensions>
          <gpxtpx:TrackPointExtension>
            <gpxtpx:hr>145</gpxtpx:hr>
          </gpxtpx:TrackPointExtension>
        </extensions>
      </trkpt>
      <trkpt lat="40.643784" lon="-0.094683">
        <ele>1122.6</ele>
        <time>2016-04-05T08:56:49Z</time>
        <extensions>
          <gpxtpx:TrackPointExtension>
            <gpxtpx:hr>145</gpxtpx:hr>
          </gpxtpx:TrackPointExtension>
        </extensions>
      </trkpt>
      <trkpt lat="40.643767" lon="-0.094633">
        <ele>1122.0</ele>
        <time>2016-04-05T08:56:51Z</time>
        <extensions>
          <gpxtpx:TrackPointExtension>
            <gpxtpx:hr>145</gpxtpx:hr>
          </gpxtpx:TrackPointExtension>
        </extensions>
      </trkpt>
      <trkpt lat="40.643767" lon="-0.094566">
        <ele>1120.9</ele>
        <time>2016-04-05T08:56:52Z</time>
        <extensions>
          <gpxtpx:TrackPointExtension>
            <gpxtpx:hr>145</gpxtpx:hr>
          </gpxtpx:TrackPointExtension>
        </extensions>
      </trkpt>
      <trkpt lat="40.643750" lon="-0.094483">
        <ele>1119.9</ele>
        <time>2016-04-05T08:56:55Z</time>
        <extensions>
          <gpxtpx:TrackPointExtension>
            <gpxtpx:hr>145</gpxtpx:hr>
          </gpxtpx:TrackPointExtension>
        </extensions>
      </trkpt>
      <trkpt lat="40.643750" lon="-0.094417">
        <ele>1118.9</ele>
        <time>2016-04-05T08:56:57Z</time>
        <extensions>
          <gpxtpx:TrackPointExtension>
            <gpxtpx:hr>145</gpxtpx:hr>
          </gpxtpx:TrackPointExtension>
        </extensions>
      </trkpt>
      <trkpt lat="40.643734" lon="-0.094333">
        <ele>1118.0</ele>
        <time>2016-04-05T08:56:59Z</time>
        <extensions>
          <gpxtpx:TrackPointExtension>
            <gpxtpx:hr>145</gpxtpx:hr>
          </gpxtpx:TrackPointExtension>
        </extensions>
      </trkpt>
      <trkpt lat="40.643717" lon="-0.094266">
        <ele>1117.3</ele>
        <time>2016-04-05T08:57:01Z</time>
        <extensions>
          <gpxtpx:TrackPointExtension>
            <gpxtpx:hr>144</gpxtpx:hr>
          </gpxtpx:TrackPointExtension>
        </extensions>
      </trkpt>
      <trkpt lat="40.643717" lon="-0.094150">
        <ele>1115.8</ele>
        <time>2016-04-05T08:57:04Z</time>
        <extensions>
          <gpxtpx:TrackPointExtension>
            <gpxtpx:hr>144</gpxtpx:hr>
          </gpxtpx:TrackPointExtension>
        </extensions>
      </trkpt>
      <trkpt lat="40.643684" lon="-0.094067">
        <ele>1115.1</ele>
        <time>2016-04-05T08:57:07Z</time>
        <extensions>
          <gpxtpx:TrackPointExtension>
            <gpxtpx:hr>144</gpxtpx:hr>
          </gpxtpx:TrackPointExtension>
        </extensions>
      </trkpt>
      <trkpt lat="40.643650" lon="-0.093967">
        <ele>1114.1</ele>
        <time>2016-04-05T08:57:10Z</time>
        <extensions>
          <gpxtpx:TrackPointExtension>
            <gpxtpx:hr>144</gpxtpx:hr>
          </gpxtpx:TrackPointExtension>
        </extensions>
      </trkpt>
      <trkpt lat="40.643600" lon="-0.093883">
        <ele>1113.7</ele>
        <time>2016-04-05T08:57:13Z</time>
        <extensions>
          <gpxtpx:TrackPointExtension>
            <gpxtpx:hr>145</gpxtpx:hr>
          </gpxtpx:TrackPointExtension>
        </extensions>
      </trkpt>
      <trkpt lat="40.643567" lon="-0.093800">
        <ele>1111.7</ele>
        <time>2016-04-05T08:57:15Z</time>
        <extensions>
          <gpxtpx:TrackPointExtension>
            <gpxtpx:hr>146</gpxtpx:hr>
          </gpxtpx:TrackPointExtension>
        </extensions>
      </trkpt>
      <trkpt lat="40.643550" lon="-0.093683">
        <ele>1109.5</ele>
        <time>2016-04-05T08:57:19Z</time>
        <extensions>
          <gpxtpx:TrackPointExtension>
            <gpxtpx:hr>147</gpxtpx:hr>
          </gpxtpx:TrackPointExtension>
        </extensions>
      </trkpt>
      <trkpt lat="40.643500" lon="-0.093617">
        <ele>1108.6</ele>
        <time>2016-04-05T08:57:21Z</time>
        <extensions>
          <gpxtpx:TrackPointExtension>
            <gpxtpx:hr>146</gpxtpx:hr>
          </gpxtpx:TrackPointExtension>
        </extensions>
      </trkpt>
      <trkpt lat="40.643467" lon="-0.093533">
        <ele>1107.3</ele>
        <time>2016-04-05T08:57:24Z</time>
        <extensions>
          <gpxtpx:TrackPointExtension>
            <gpxtpx:hr>146</gpxtpx:hr>
          </gpxtpx:TrackPointExtension>
        </extensions>
      </trkpt>
      <trkpt lat="40.643383" lon="-0.093483">
        <ele>1105.0</ele>
        <time>2016-04-05T08:57:27Z</time>
        <extensions>
          <gpxtpx:TrackPointExtension>
            <gpxtpx:hr>145</gpxtpx:hr>
          </gpxtpx:TrackPointExtension>
        </extensions>
      </trkpt>
      <trkpt lat="40.643326" lon="-0.093483">
        <ele>1103.3</ele>
        <time>2016-04-05T08:57:29Z</time>
        <extensions>
          <gpxtpx:TrackPointExtension>
            <gpxtpx:hr>144</gpxtpx:hr>
          </gpxtpx:TrackPointExtension>
        </extensions>
      </trkpt>
      <trkpt lat="40.643265" lon="-0.093388">
        <ele>1099.6</ele>
        <time>2016-04-05T08:57:33Z</time>
        <extensions>
          <gpxtpx:TrackPointExtension>
            <gpxtpx:hr>144</gpxtpx:hr>
          </gpxtpx:TrackPointExtension>
        </extensions>
      </trkpt>
      <trkpt lat="40.643158" lon="-0.093408">
        <ele>1098.1</ele>
        <time>2016-04-05T08:57:37Z</time>
        <extensions>
          <gpxtpx:TrackPointExtension>
            <gpxtpx:hr>144</gpxtpx:hr>
          </gpxtpx:TrackPointExtension>
        </extensions>
      </trkpt>
      <trkpt lat="40.643114" lon="-0.093341">
        <ele>1095.8</ele>
        <time>2016-04-05T08:57:39Z</time>
        <extensions>
          <gpxtpx:TrackPointExtension>
            <gpxtpx:hr>143</gpxtpx:hr>
          </gpxtpx:TrackPointExtension>
        </extensions>
      </trkpt>
      <trkpt lat="40.643161" lon="-0.093214">
        <ele>1096.5</ele>
        <time>2016-04-05T08:57:43Z</time>
        <extensions>
          <gpxtpx:TrackPointExtension>
            <gpxtpx:hr>142</gpxtpx:hr>
          </gpxtpx:TrackPointExtension>
        </extensions>
      </trkpt>
      <trkpt lat="40.643126" lon="-0.093214">
        <ele>1095.0</ele>
        <time>2016-04-05T08:57:44Z</time>
        <extensions>
          <gpxtpx:TrackPointExtension>
            <gpxtpx:hr>147</gpxtpx:hr>
          </gpxtpx:TrackPointExtension>
        </extensions>
      </trkpt>
      <trkpt lat="40.643033" lon="-0.093333">
        <ele>1093.5</ele>
        <time>2016-04-05T08:57:49Z</time>
        <extensions>
          <gpxtpx:TrackPointExtension>
            <gpxtpx:hr>149</gpxtpx:hr>
          </gpxtpx:TrackPointExtension>
        </extensions>
      </trkpt>
      <trkpt lat="40.642900" lon="-0.093333">
        <ele>1093.2</ele>
        <time>2016-04-05T08:57:54Z</time>
        <extensions>
          <gpxtpx:TrackPointExtension>
            <gpxtpx:hr>147</gpxtpx:hr>
          </gpxtpx:TrackPointExtension>
        </extensions>
      </trkpt>
      <trkpt lat="40.642817" lon="-0.093283">
        <ele>1092.4</ele>
        <time>2016-04-05T08:57:57Z</time>
        <extensions>
          <gpxtpx:TrackPointExtension>
            <gpxtpx:hr>146</gpxtpx:hr>
          </gpxtpx:TrackPointExtension>
        </extensions>
      </trkpt>
      <trkpt lat="40.642750" lon="-0.093250">
        <ele>1091.4</ele>
        <time>2016-04-05T08:58:00Z</time>
        <extensions>
          <gpxtpx:TrackPointExtension>
            <gpxtpx:hr>145</gpxtpx:hr>
          </gpxtpx:TrackPointExtension>
        </extensions>
      </trkpt>
      <trkpt lat="40.642683" lon="-0.093216">
        <ele>1091.1</ele>
        <time>2016-04-05T08:58:02Z</time>
        <extensions>
          <gpxtpx:TrackPointExtension>
            <gpxtpx:hr>146</gpxtpx:hr>
          </gpxtpx:TrackPointExtension>
        </extensions>
      </trkpt>
      <trkpt lat="40.642617" lon="-0.093183">
        <ele>1090.2</ele>
        <time>2016-04-05T08:58:05Z</time>
      </trkpt>
      <trkpt lat="40.642567" lon="-0.093133">
        <ele>1090.2</ele>
        <time>2016-04-05T08:58:07Z</time>
        <extensions>
          <gpxtpx:TrackPointExtension>
            <gpxtpx:hr>148</gpxtpx:hr>
          </gpxtpx:TrackPointExtension>
        </extensions>
      </trkpt>
      <trkpt lat="40.642517" lon="-0.093083">
        <ele>1090.1</ele>
        <time>2016-04-05T08:58:09Z</time>
        <extensions>
          <gpxtpx:TrackPointExtension>
            <gpxtpx:hr>148</gpxtpx:hr>
          </gpxtpx:TrackPointExtension>
        </extensions>
      </trkpt>
      <trkpt lat="40.642450" lon="-0.093016">
        <ele>1089.6</ele>
        <time>2016-04-05T08:58:12Z</time>
        <extensions>
          <gpxtpx:TrackPointExtension>
            <gpxtpx:hr>148</gpxtpx:hr>
          </gpxtpx:TrackPointExtension>
        </extensions>
      </trkpt>
      <trkpt lat="40.642400" lon="-0.092983">
        <ele>1089.5</ele>
        <time>2016-04-05T08:58:14Z</time>
      </trkpt>
      <trkpt lat="40.642334" lon="-0.092967">
        <ele>1089.2</ele>
        <time>2016-04-05T08:58:17Z</time>
        <extensions>
          <gpxtpx:TrackPointExtension>
            <gpxtpx:hr>146</gpxtpx:hr>
          </gpxtpx:TrackPointExtension>
        </extensions>
      </trkpt>
      <trkpt lat="40.642267" lon="-0.092950">
        <ele>1089.1</ele>
        <time>2016-04-05T08:58:19Z</time>
        <extensions>
          <gpxtpx:TrackPointExtension>
            <gpxtpx:hr>145</gpxtpx:hr>
          </gpxtpx:TrackPointExtension>
        </extensions>
      </trkpt>
      <trkpt lat="40.642167" lon="-0.092950">
        <ele>1088.9</ele>
        <time>2016-04-05T08:58:23Z</time>
        <extensions>
          <gpxtpx:TrackPointExtension>
            <gpxtpx:hr>145</gpxtpx:hr>
          </gpxtpx:TrackPointExtension>
        </extensions>
      </trkpt>
      <trkpt lat="40.642032" lon="-0.092938">
        <ele>1088.2</ele>
        <time>2016-04-05T08:58:28Z</time>
        <extensions>
          <gpxtpx:TrackPointExtension>
            <gpxtpx:hr>143</gpxtpx:hr>
          </gpxtpx:TrackPointExtension>
        </extensions>
      </trkpt>
      <trkpt lat="40.642012" lon="-0.092945">
        <ele>1087.9</ele>
        <time>2016-04-05T08:58:29Z</time>
      </trkpt>
      <trkpt lat="40.641983" lon="-0.092949">
        <ele>1087.3</ele>
        <time>2016-04-05T08:58:30Z</time>
      </trkpt>
      <trkpt lat="40.641982" lon="-0.092937">
        <ele>1087.6</ele>
        <time>2016-04-05T08:58:30Z</time>
      </trkpt>
      <trkpt lat="40.641900" lon="-0.092767">
        <ele>1090.0</ele>
        <time>2016-04-05T08:58:36Z</time>
      </trkpt>
      <trkpt lat="40.641884" lon="-0.092750">
        <ele>1090.5</ele>
        <time>2016-04-05T08:58:36Z</time>
      </trkpt>
      <trkpt lat="40.641717" lon="-0.092811">
        <ele>1089.9</ele>
        <time>2016-04-05T08:58:43Z</time>
      </trkpt>
      <trkpt lat="40.641651" lon="-0.092845">
        <ele>1089.7</ele>
        <time>2016-04-05T08:58:45Z</time>
      </trkpt>
      <trkpt lat="40.641567" lon="-0.092878">
        <ele>1090.3</ele>
        <time>2016-04-05T08:58:48Z</time>
      </trkpt>
      <trkpt lat="40.641501" lon="-0.092911">
        <ele>1091.0</ele>
        <time>2016-04-05T08:58:51Z</time>
      </trkpt>
      <trkpt lat="40.641433" lon="-0.092961">
        <ele>1091.0</ele>
        <time>2016-04-05T08:58:54Z</time>
      </trkpt>
      <trkpt lat="40.641383" lon="-0.093010">
        <ele>1090.1</ele>
        <time>2016-04-05T08:58:56Z</time>
      </trkpt>
      <trkpt lat="40.641318" lon="-0.093063">
        <ele>1090.3</ele>
        <time>2016-04-05T08:58:59Z</time>
      </trkpt>
      <trkpt lat="40.641268" lon="-0.093128">
        <ele>1089.8</ele>
        <time>2016-04-05T08:59:02Z</time>
      </trkpt>
      <trkpt lat="40.641218" lon="-0.093178">
        <ele>1090.4</ele>
        <time>2016-04-05T08:59:04Z</time>
      </trkpt>
      <trkpt lat="40.641176" lon="-0.093222">
        <ele>1090.8</ele>
        <time>2016-04-05T08:59:06Z</time>
      </trkpt>
      <trkpt lat="40.641117" lon="-0.093266">
        <ele>1091.9</ele>
        <time>2016-04-05T08:59:08Z</time>
      </trkpt>
      <trkpt lat="40.641067" lon="-0.093333">
        <ele>1092.5</ele>
        <time>2016-04-05T08:59:11Z</time>
      </trkpt>
      <trkpt lat="40.641017" lon="-0.093400">
        <ele>1092.7</ele>
        <time>2016-04-05T08:59:13Z</time>
      </trkpt>
      <trkpt lat="40.640950" lon="-0.093466">
        <ele>1092.8</ele>
        <time>2016-04-05T08:59:16Z</time>
      </trkpt>
      <trkpt lat="40.640935" lon="-0.093533">
        <ele>1091.1</ele>
        <time>2016-04-05T08:59:18Z</time>
      </trkpt>
      <trkpt lat="40.640891" lon="-0.093602">
        <ele>1089.8</ele>
        <time>2016-04-05T08:59:21Z</time>
      </trkpt>
      <trkpt lat="40.640773" lon="-0.093596">
        <ele>1089.7</ele>
        <time>2016-04-05T08:59:25Z</time>
      </trkpt>
      <trkpt lat="40.640689" lon="-0.093621">
        <ele>1088.8</ele>
        <time>2016-04-05T08:59:28Z</time>
      </trkpt>
      <trkpt lat="40.640614" lon="-0.093635">
        <ele>1087.8</ele>
        <time>2016-04-05T08:59:31Z</time>
      </trkpt>
      <trkpt lat="40.640542" lon="-0.093649">
        <ele>1087.4</ele>
        <time>2016-04-05T08:59:34Z</time>
      </trkpt>
      <trkpt lat="40.640430" lon="-0.093654">
        <ele>1085.4</ele>
        <time>2016-04-05T08:59:38Z</time>
      </trkpt>
      <trkpt lat="40.640355" lon="-0.093646">
        <ele>1084.2</ele>
        <time>2016-04-05T08:59:41Z</time>
      </trkpt>
      <trkpt lat="40.640306" lon="-0.093627">
        <ele>1084.2</ele>
        <time>2016-04-05T08:59:42Z</time>
      </trkpt>
      <trkpt lat="40.640263" lon="-0.093632">
        <ele>1083.8</ele>
        <time>2016-04-05T08:59:44Z</time>
      </trkpt>
      <trkpt lat="40.640184" lon="-0.093666">
        <ele>1084.2</ele>
        <time>2016-04-05T08:59:47Z</time>
      </trkpt>
      <trkpt lat="40.640133" lon="-0.093700">
        <ele>1084.0</ele>
        <time>2016-04-05T08:59:49Z</time>
      </trkpt>
      <trkpt lat="40.640084" lon="-0.093733">
        <ele>1083.9</ele>
        <time>2016-04-05T08:59:51Z</time>
      </trkpt>
      <trkpt lat="40.640017" lon="-0.093783">
        <ele>1082.9</ele>
        <time>2016-04-05T08:59:54Z</time>
      </trkpt>
      <trkpt lat="40.639930" lon="-0.093900">
        <ele>1081.2</ele>
        <time>2016-04-05T08:59:58Z</time>
      </trkpt>
      <trkpt lat="40.639865" lon="-0.093966">
        <ele>1081.5</ele>
        <time>2016-04-05T09:00:01Z</time>
      </trkpt>
      <trkpt lat="40.639815" lon="-0.094014">
        <ele>1080.6</ele>
        <time>2016-04-05T09:00:04Z</time>
      </trkpt>
      <trkpt lat="40.639747" lon="-0.094066">
        <ele>1081.0</ele>
        <time>2016-04-05T09:00:06Z</time>
      </trkpt>
      <trkpt lat="40.639682" lon="-0.094114">
        <ele>1080.9</ele>
        <time>2016-04-05T09:00:09Z</time>
      </trkpt>
      <trkpt lat="40.639613" lon="-0.094166">
        <ele>1080.6</ele>
        <time>2016-04-05T09:00:12Z</time>
      </trkpt>
      <trkpt lat="40.639548" lon="-0.094215">
        <ele>1079.0</ele>
        <time>2016-04-05T09:00:15Z</time>
      </trkpt>
      <trkpt lat="40.639465" lon="-0.094233">
        <ele>1079.0</ele>
        <time>2016-04-05T09:00:18Z</time>
      </trkpt>
      <trkpt lat="40.639397" lon="-0.094281">
        <ele>1079.5</ele>
        <time>2016-04-05T09:00:21Z</time>
      </trkpt>
      <trkpt lat="40.639347" lon="-0.094332">
        <ele>1079.2</ele>
        <time>2016-04-05T09:00:23Z</time>
      </trkpt>
      <trkpt lat="40.639300" lon="-0.094317">
        <ele>1080.4</ele>
        <time>2016-04-05T09:00:25Z</time>
      </trkpt>
      <trkpt lat="40.639233" lon="-0.094366">
        <ele>1081.0</ele>
        <time>2016-04-05T09:00:28Z</time>
      </trkpt>
      <trkpt lat="40.639184" lon="-0.094433">
        <ele>1081.3</ele>
        <time>2016-04-05T09:00:30Z</time>
      </trkpt>
      <trkpt lat="40.639100" lon="-0.094466">
        <ele>1082.5</ele>
        <time>2016-04-05T09:00:33Z</time>
      </trkpt>
      <trkpt lat="40.639017" lon="-0.094533">
        <ele>1083.8</ele>
        <time>2016-04-05T09:00:37Z</time>
      </trkpt>
      <trkpt lat="40.638950" lon="-0.094617">
        <ele>1084.3</ele>
        <time>2016-04-05T09:00:40Z</time>
      </trkpt>
      <trkpt lat="40.638883" lon="-0.094667">
        <ele>1084.8</ele>
        <time>2016-04-05T09:00:43Z</time>
      </trkpt>
      <trkpt lat="40.638850" lon="-0.094667">
        <ele>1085.4</ele>
        <time>2016-04-05T09:00:44Z</time>
      </trkpt>
      <trkpt lat="40.638767" lon="-0.094783">
        <ele>1083.5</ele>
        <time>2016-04-05T09:00:49Z</time>
      </trkpt>
      <trkpt lat="40.638734" lon="-0.094850">
        <ele>1083.0</ele>
        <time>2016-04-05T09:00:51Z</time>
      </trkpt>
      <trkpt lat="40.638700" lon="-0.094933">
        <ele>1083.0</ele>
        <time>2016-04-05T09:00:53Z</time>
      </trkpt>
      <trkpt lat="40.638683" lon="-0.095016">
        <ele>1082.3</ele>
        <time>2016-04-05T09:00:56Z</time>
      </trkpt>
      <trkpt lat="40.638634" lon="-0.095083">
        <ele>1082.8</ele>
        <time>2016-04-05T09:00:58Z</time>
      </trkpt>
      <trkpt lat="40.638583" lon="-0.095150">
        <ele>1082.6</ele>
        <time>2016-04-05T09:01:01Z</time>
      </trkpt>
      <trkpt lat="40.638517" lon="-0.095183">
        <ele>1082.4</ele>
        <time>2016-04-05T09:01:04Z</time>
      </trkpt>
      <trkpt lat="40.638467" lon="-0.095217">
        <ele>1081.5</ele>
        <time>2016-04-05T09:01:06Z</time>
      </trkpt>
      <trkpt lat="40.638384" lon="-0.095266">
        <ele>1080.8</ele>
        <time>2016-04-05T09:01:09Z</time>
      </trkpt>
      <trkpt lat="40.638317" lon="-0.095300">
        <ele>1080.2</ele>
        <time>2016-04-05T09:01:11Z</time>
      </trkpt>
      <trkpt lat="40.638250" lon="-0.095317">
        <ele>1080.1</ele>
        <time>2016-04-05T09:01:14Z</time>
      </trkpt>
      <trkpt lat="40.638184" lon="-0.095333">
        <ele>1080.1</ele>
        <time>2016-04-05T09:01:16Z</time>
      </trkpt>
      <trkpt lat="40.638117" lon="-0.095366">
        <ele>1078.7</ele>
        <time>2016-04-05T09:01:19Z</time>
      </trkpt>
      <trkpt lat="40.638067" lon="-0.095400">
        <ele>1077.5</ele>
        <time>2016-04-05T09:01:21Z</time>
      </trkpt>
      <trkpt lat="40.637983" lon="-0.095417">
        <ele>1077.7</ele>
        <time>2016-04-05T09:01:24Z</time>
      </trkpt>
      <trkpt lat="40.637917" lon="-0.095450">
        <ele>1077.0</ele>
        <time>2016-04-05T09:01:27Z</time>
      </trkpt>
      <trkpt lat="40.637850" lon="-0.095483">
        <ele>1076.5</ele>
        <time>2016-04-05T09:01:29Z</time>
      </trkpt>
      <trkpt lat="40.637767" lon="-0.095517">
        <ele>1076.3</ele>
        <time>2016-04-05T09:01:32Z</time>
      </trkpt>
      <trkpt lat="40.637700" lon="-0.095550">
        <ele>1075.3</ele>
        <time>2016-04-05T09:01:35Z</time>
      </trkpt>
      <trkpt lat="40.637617" lon="-0.095616">
        <ele>1073.4</ele>
        <time>2016-04-05T09:01:39Z</time>
      </trkpt>
      <trkpt lat="40.637550" lon="-0.095683">
        <ele>1073.2</ele>
        <time>2016-04-05T09:01:42Z</time>
      </trkpt>
      <trkpt lat="40.637534" lon="-0.095700">
        <ele>1073.3</ele>
        <time>2016-04-05T09:01:42Z</time>
      </trkpt>
      <trkpt lat="40.637433" lon="-0.095816">
        <ele>1072.6</ele>
        <time>2016-04-05T09:01:47Z</time>
      </trkpt>
      <trkpt lat="40.637367" lon="-0.095883">
        <ele>1071.7</ele>
        <time>2016-04-05T09:01:50Z</time>
      </trkpt>
      <trkpt lat="40.637300" lon="-0.095900">
        <ele>1072.2</ele>
        <time>2016-04-05T09:01:53Z</time>
      </trkpt>
      <trkpt lat="40.637233" lon="-0.095933">
        <ele>1070.9</ele>
        <time>2016-04-05T09:01:55Z</time>
      </trkpt>
      <trkpt lat="40.637150" lon="-0.095950">
        <ele>1070.1</ele>
        <time>2016-04-05T09:01:58Z</time>
      </trkpt>
      <trkpt lat="40.637083" lon="-0.095950">
        <ele>1069.3</ele>
        <time>2016-04-05T09:02:01Z</time>
      </trkpt>
      <trkpt lat="40.637000" lon="-0.095933">
        <ele>1068.8</ele>
        <time>2016-04-05T09:02:04Z</time>
      </trkpt>
      <trkpt lat="40.636950" lon="-0.095900">
        <ele>1068.8</ele>
        <time>2016-04-05T09:02:06Z</time>
      </trkpt>
      <trkpt lat="40.636883" lon="-0.095883">
        <ele>1068.0</ele>
        <time>2016-04-05T09:02:08Z</time>
      </trkpt>
      <trkpt lat="40.636817" lon="-0.095833">
        <ele>1068.1</ele>
        <time>2016-04-05T09:02:11Z</time>
      </trkpt>
      <trkpt lat="40.636734" lon="-0.095816">
        <ele>1066.9</ele>
        <time>2016-04-05T09:02:14Z</time>
      </trkpt>
      <trkpt lat="40.636667" lon="-0.095783">
        <ele>1067.1</ele>
        <time>2016-04-05T09:02:17Z</time>
      </trkpt>
      <trkpt lat="40.636583" lon="-0.095783">
        <ele>1066.9</ele>
        <time>2016-04-05T09:02:20Z</time>
      </trkpt>
      <trkpt lat="40.636517" lon="-0.095816">
        <ele>1066.4</ele>
        <time>2016-04-05T09:02:23Z</time>
      </trkpt>
      <trkpt lat="40.636450" lon="-0.095867">
        <ele>1065.9</ele>
        <time>2016-04-05T09:02:25Z</time>
      </trkpt>
      <trkpt lat="40.636367" lon="-0.095883">
        <ele>1066.3</ele>
        <time>2016-04-05T09:02:28Z</time>
      </trkpt>
      <trkpt lat="40.636284" lon="-0.095867">
        <ele>1068.0</ele>
        <time>2016-04-05T09:02:31Z</time>
      </trkpt>
      <trkpt lat="40.636217" lon="-0.095916">
        <ele>1068.6</ele>
        <time>2016-04-05T09:02:34Z</time>
      </trkpt>
      <trkpt lat="40.636150" lon="-0.095983">
        <ele>1070.3</ele>
        <time>2016-04-05T09:02:37Z</time>
      </trkpt>
      <trkpt lat="40.636150" lon="-0.096000">
        <ele>1070.0</ele>
        <time>2016-04-05T09:02:38Z</time>
      </trkpt>
      <trkpt lat="40.636034" lon="-0.096133">
        <ele>1071.4</ele>
        <time>2016-04-05T09:02:43Z</time>
      </trkpt>
      <trkpt lat="40.635967" lon="-0.096200">
        <ele>1072.1</ele>
        <time>2016-04-05T09:02:46Z</time>
      </trkpt>
      <trkpt lat="40.635917" lon="-0.096266">
        <ele>1072.0</ele>
        <time>2016-04-05T09:02:49Z</time>
      </trkpt>
      <trkpt lat="40.635850" lon="-0.096317">
        <ele>1072.1</ele>
        <time>2016-04-05T09:02:52Z</time>
      </trkpt>
      <trkpt lat="40.635783" lon="-0.096366">
        <ele>1072.6</ele>
        <time>2016-04-05T09:02:55Z</time>
      </trkpt>
      <trkpt lat="40.635734" lon="-0.096466">
        <ele>1072.0</ele>
        <time>2016-04-05T09:02:58Z</time>
      </trkpt>
      <trkpt lat="40.635700" lon="-0.096567">
        <ele>1070.7</ele>
        <time>2016-04-05T09:03:01Z</time>
      </trkpt>
      <trkpt lat="40.635667" lon="-0.096616">
        <ele>1070.6</ele>
        <time>2016-04-05T09:03:03Z</time>
      </trkpt>
      <trkpt lat="40.635617" lon="-0.096700">
        <ele>1070.0</ele>
        <time>2016-04-05T09:03:06Z</time>
      </trkpt>
      <trkpt lat="40.635567" lon="-0.096783">
        <ele>1069.3</ele>
        <time>2016-04-05T09:03:09Z</time>
      </trkpt>
      <trkpt lat="40.635517" lon="-0.096883">
        <ele>1068.4</ele>
        <time>2016-04-05T09:03:12Z</time>
      </trkpt>
      <trkpt lat="40.635484" lon="-0.096950">
        <ele>1067.3</ele>
        <time>2016-04-05T09:03:14Z</time>
      </trkpt>
      <trkpt lat="40.635484" lon="-0.096967">
        <ele>1066.9</ele>
        <time>2016-04-05T09:03:15Z</time>
      </trkpt>
      <trkpt lat="40.635484" lon="-0.097133">
        <ele>1064.5</ele>
        <time>2016-04-05T09:03:19Z</time>
      </trkpt>
      <trkpt lat="40.635400" lon="-0.097150">
        <ele>1063.1</ele>
        <time>2016-04-05T09:03:22Z</time>
      </trkpt>
      <trkpt lat="40.635333" lon="-0.097100">
        <ele>1062.3</ele>
        <time>2016-04-05T09:03:25Z</time>
      </trkpt>
      <trkpt lat="40.635300" lon="-0.097050">
        <ele>1061.9</ele>
        <time>2016-04-05T09:03:27Z</time>
      </trkpt>
      <trkpt lat="40.635217" lon="-0.097017">
        <ele>1059.9</ele>
        <time>2016-04-05T09:03:30Z</time>
      </trkpt>
      <trkpt lat="40.635150" lon="-0.096967">
        <ele>1058.6</ele>
        <time>2016-04-05T09:03:33Z</time>
      </trkpt>
      <trkpt lat="40.635100" lon="-0.096933">
        <ele>1057.4</ele>
        <time>2016-04-05T09:03:35Z</time>
      </trkpt>
      <trkpt lat="40.635067" lon="-0.096900">
        <ele>1056.9</ele>
        <time>2016-04-05T09:03:36Z</time>
      </trkpt>
      <trkpt lat="40.635017" lon="-0.096883">
        <ele>1055.5</ele>
        <time>2016-04-05T09:03:38Z</time>
      </trkpt>
      <trkpt lat="40.634983" lon="-0.096850">
        <ele>1055.0</ele>
        <time>2016-04-05T09:03:40Z</time>
      </trkpt>
      <trkpt lat="40.634900" lon="-0.096800">
        <ele>1053.1</ele>
        <time>2016-04-05T09:03:43Z</time>
      </trkpt>
      <trkpt lat="40.634834" lon="-0.096750">
        <ele>1051.9</ele>
        <time>2016-04-05T09:03:46Z</time>
      </trkpt>
      <trkpt lat="40.634750" lon="-0.096700">
        <ele>1049.9</ele>
        <time>2016-04-05T09:03:49Z</time>
      </trkpt>
      <trkpt lat="40.634700" lon="-0.096683">
        <ele>1048.8</ele>
        <time>2016-04-05T09:03:51Z</time>
      </trkpt>
      <trkpt lat="40.634650" lon="-0.096650">
        <ele>1047.8</ele>
        <time>2016-04-05T09:03:53Z</time>
      </trkpt>
      <trkpt lat="40.634600" lon="-0.096633">
        <ele>1046.7</ele>
        <time>2016-04-05T09:03:55Z</time>
      </trkpt>
      <trkpt lat="40.634550" lon="-0.096616">
        <ele>1045.7</ele>
        <time>2016-04-05T09:03:57Z</time>
      </trkpt>
      <trkpt lat="40.634500" lon="-0.096600">
        <ele>1044.8</ele>
        <time>2016-04-05T09:03:59Z</time>
      </trkpt>
      <trkpt lat="40.634417" lon="-0.096567">
        <ele>1043.3</ele>
        <time>2016-04-05T09:04:02Z</time>
      </trkpt>
      <trkpt lat="40.634350" lon="-0.096567">
        <ele>1042.4</ele>
        <time>2016-04-05T09:04:04Z</time>
      </trkpt>
      <trkpt lat="40.634284" lon="-0.096567">
        <ele>1042.0</ele>
        <time>2016-04-05T09:04:07Z</time>
      </trkpt>
      <trkpt lat="40.634200" lon="-0.096533">
        <ele>1041.3</ele>
        <time>2016-04-05T09:04:10Z</time>
      </trkpt>
      <trkpt lat="40.634167" lon="-0.096533">
        <ele>1040.8</ele>
        <time>2016-04-05T09:04:11Z</time>
      </trkpt>
      <trkpt lat="40.634117" lon="-0.096533">
        <ele>1040.0</ele>
        <time>2016-04-05T09:04:13Z</time>
      </trkpt>
      <trkpt lat="40.634017" lon="-0.096533">
        <ele>1038.7</ele>
        <time>2016-04-05T09:04:17Z</time>
      </trkpt>
      <trkpt lat="40.633950" lon="-0.096567">
        <ele>1037.4</ele>
        <time>2016-04-05T09:04:19Z</time>
      </trkpt>
      <trkpt lat="40.633867" lon="-0.096567">
        <ele>1035.3</ele>
        <time>2016-04-05T09:04:22Z</time>
      </trkpt>
      <trkpt lat="40.633817" lon="-0.096500">
        <ele>1035.3</ele>
        <time>2016-04-05T09:04:25Z</time>
      </trkpt>
      <trkpt lat="40.633750" lon="-0.096433">
        <ele>1034.0</ele>
        <time>2016-04-05T09:04:28Z</time>
      </trkpt>
      <trkpt lat="40.633700" lon="-0.096350">
        <ele>1033.1</ele>
        <time>2016-04-05T09:04:31Z</time>
      </trkpt>
      <trkpt lat="40.633667" lon="-0.096283">
        <ele>1031.4</ele>
        <time>2016-04-05T09:04:33Z</time>
      </trkpt>
      <trkpt lat="40.633633" lon="-0.096200">
        <ele>1030.9</ele>
        <time>2016-04-05T09:04:36Z</time>
      </trkpt>
      <trkpt lat="40.633600" lon="-0.096116">
        <ele>1030.5</ele>
        <time>2016-04-05T09:04:38Z</time>
      </trkpt>
      <trkpt lat="40.633567" lon="-0.096050">
        <ele>1029.8</ele>
        <time>2016-04-05T09:04:40Z</time>
      </trkpt>
      <trkpt lat="40.633517" lon="-0.095983">
        <ele>1028.6</ele>
        <time>2016-04-05T09:04:43Z</time>
      </trkpt>
      <trkpt lat="40.633484" lon="-0.095916">
        <ele>1027.7</ele>
        <time>2016-04-05T09:04:45Z</time>
      </trkpt>
      <trkpt lat="40.633433" lon="-0.095816">
        <ele>1026.8</ele>
        <time>2016-04-05T09:04:49Z</time>
      </trkpt>
      <trkpt lat="40.633400" lon="-0.095767">
        <ele>1026.2</ele>
        <time>2016-04-05T09:04:50Z</time>
      </trkpt>
      <trkpt lat="40.633350" lon="-0.095700">
        <ele>1024.6</ele>
        <time>2016-04-05T09:04:53Z</time>
      </trkpt>
      <trkpt lat="40.633300" lon="-0.095633">
        <ele>1023.4</ele>
        <time>2016-04-05T09:04:56Z</time>
      </trkpt>
      <trkpt lat="40.633250" lon="-0.095566">
        <ele>1022.6</ele>
        <time>2016-04-05T09:04:58Z</time>
      </trkpt>
      <trkpt lat="40.633184" lon="-0.095483">
        <ele>1022.3</ele>
        <time>2016-04-05T09:05:02Z</time>
      </trkpt>
      <trkpt lat="40.633134" lon="-0.095433">
        <ele>1022.0</ele>
        <time>2016-04-05T09:05:04Z</time>
      </trkpt>
      <trkpt lat="40.633083" lon="-0.095366">
        <ele>1021.5</ele>
        <time>2016-04-05T09:05:06Z</time>
      </trkpt>
      <trkpt lat="40.633034" lon="-0.095317">
        <ele>1020.9</ele>
        <time>2016-04-05T09:05:09Z</time>
      </trkpt>
      <trkpt lat="40.632950" lon="-0.095266">
        <ele>1019.7</ele>
        <time>2016-04-05T09:05:12Z</time>
      </trkpt>
      <trkpt lat="40.632867" lon="-0.095233">
        <ele>1019.3</ele>
        <time>2016-04-05T09:05:15Z</time>
      </trkpt>
      <trkpt lat="40.632850" lon="-0.095217">
        <ele>1019.0</ele>
        <time>2016-04-05T09:05:16Z</time>
      </trkpt>
      <trkpt lat="40.632733" lon="-0.095183">
        <ele>1018.3</ele>
        <time>2016-04-05T09:05:20Z</time>
      </trkpt>
      <trkpt lat="40.632667" lon="-0.095183">
        <ele>1017.7</ele>
        <time>2016-04-05T09:05:23Z</time>
      </trkpt>
      <trkpt lat="40.632567" lon="-0.095200">
        <ele>1017.0</ele>
        <time>2016-04-05T09:05:26Z</time>
      </trkpt>
      <trkpt lat="40.632500" lon="-0.095217">
        <ele>1016.2</ele>
        <time>2016-04-05T09:05:29Z</time>
      </trkpt>
      <trkpt lat="40.632400" lon="-0.095217">
        <ele>1015.4</ele>
        <time>2016-04-05T09:05:32Z</time>
      </trkpt>
      <trkpt lat="40.632317" lon="-0.095233">
        <ele>1014.1</ele>
        <time>2016-04-05T09:05:36Z</time>
      </trkpt>
      <trkpt lat="40.632233" lon="-0.095217">
        <ele>1013.8</ele>
        <time>2016-04-05T09:05:39Z</time>
      </trkpt>
      <trkpt lat="40.632167" lon="-0.095167">
        <ele>1012.8</ele>
        <time>2016-04-05T09:05:41Z</time>
      </trkpt>
      <trkpt lat="40.632117" lon="-0.095116">
        <ele>1012.2</ele>
        <time>2016-04-05T09:05:44Z</time>
      </trkpt>
      <trkpt lat="40.632034" lon="-0.095083">
        <ele>1011.1</ele>
        <time>2016-04-05T09:05:47Z</time>
      </trkpt>
      <trkpt lat="40.631967" lon="-0.095033">
        <ele>1010.7</ele>
        <time>2016-04-05T09:05:50Z</time>
      </trkpt>
      <trkpt lat="40.631917" lon="-0.095000">
        <ele>1010.3</ele>
        <time>2016-04-05T09:05:52Z</time>
      </trkpt>
      <trkpt lat="40.631834" lon="-0.094950">
        <ele>1009.0</ele>
        <time>2016-04-05T09:05:55Z</time>
      </trkpt>
      <trkpt lat="40.631767" lon="-0.094916">
        <ele>1007.4</ele>
        <time>2016-04-05T09:05:58Z</time>
      </trkpt>
      <trkpt lat="40.631700" lon="-0.094867">
        <ele>1006.8</ele>
        <time>2016-04-05T09:06:00Z</time>
      </trkpt>
      <trkpt lat="40.631617" lon="-0.094816">
        <ele>1005.4</ele>
        <time>2016-04-05T09:06:04Z</time>
      </trkpt>
      <trkpt lat="40.631550" lon="-0.094783">
        <ele>1003.2</ele>
        <time>2016-04-05T09:06:06Z</time>
      </trkpt>
      <trkpt lat="40.631500" lon="-0.094716">
        <ele>1002.3</ele>
        <time>2016-04-05T09:06:09Z</time>
      </trkpt>
      <trkpt lat="40.631417" lon="-0.094667">
        <ele>1000.7</ele>
        <time>2016-04-05T09:06:12Z</time>
      </trkpt>
      <trkpt lat="40.631400" lon="-0.094667">
        <ele>999.9</ele>
        <time>2016-04-05T09:06:13Z</time>
      </trkpt>
      <trkpt lat="40.631284" lon="-0.094583">
        <ele>997.5</ele>
        <time>2016-04-05T09:06:18Z</time>
      </trkpt>
      <trkpt lat="40.631200" lon="-0.094550">
        <ele>994.9</ele>
        <time>2016-04-05T09:06:21Z</time>
      </trkpt>
      <trkpt lat="40.631134" lon="-0.094500">
        <ele>993.7</ele>
        <time>2016-04-05T09:06:24Z</time>
      </trkpt>
      <trkpt lat="40.631050" lon="-0.094466">
        <ele>991.8</ele>
        <time>2016-04-05T09:06:27Z</time>
      </trkpt>
      <trkpt lat="40.630972" lon="-0.094478">
        <ele>989.4</ele>
        <time>2016-04-05T09:06:30Z</time>
      </trkpt>
      <trkpt lat="40.630887" lon="-0.094527">
        <ele>987.8</ele>
        <time>2016-04-05T09:06:33Z</time>
      </trkpt>
      <trkpt lat="40.630821" lon="-0.094545">
        <ele>987.5</ele>
        <time>2016-04-05T09:06:36Z</time>
      </trkpt>
      <trkpt lat="40.630753" lon="-0.094628">
        <ele>986.0</ele>
        <time>2016-04-05T09:06:39Z</time>
      </trkpt>
      <trkpt lat="40.630721" lon="-0.094728">
        <ele>985.0</ele>
        <time>2016-04-05T09:06:42Z</time>
      </trkpt>
      <trkpt lat="40.630654" lon="-0.094727">
        <ele>982.8</ele>
        <time>2016-04-05T09:06:44Z</time>
      </trkpt>
      <trkpt lat="40.630570" lon="-0.094678">
        <ele>981.4</ele>
        <time>2016-04-05T09:06:48Z</time>
      </trkpt>
      <trkpt lat="40.630504" lon="-0.094628">
        <ele>979.4</ele>
        <time>2016-04-05T09:06:50Z</time>
      </trkpt>
      <trkpt lat="40.630436" lon="-0.094561">
        <ele>978.1</ele>
        <time>2016-04-05T09:06:54Z</time>
      </trkpt>
      <trkpt lat="40.630355" lon="-0.094530">
        <ele>976.4</ele>
        <time>2016-04-05T09:06:57Z</time>
      </trkpt>
      <trkpt lat="40.630355" lon="-0.094530">
        <ele>976.4</ele>
        <time>2016-04-05T09:06:57Z</time>
      </trkpt>
      <trkpt lat="40.630222" lon="-0.094462">
        <ele>974.5</ele>
        <time>2016-04-05T09:07:02Z</time>
      </trkpt>
    </trkseg>
  </trk>
</gpx>
